"Replicate","Term","Deviance_Value","Eta_Sq_Value","Amplitude_Value","RMS_Value"
1,"s(lastRippleHPC_z):DOWN_no",0.0226506283002195,0.000259256608947961,0.122516941906151,0.0443306568448486
2,"s(lastRippleHPC_z):DOWN_no",0.132758811225052,0.00144852189407405,0.372126546338829,0.293716368053102
3,"s(lastRippleHPC_z):DOWN_no",0.159338979391036,0.00153565701515828,0.522792900218396,0.138710683360523
4,"s(lastRippleHPC_z):DOWN_no",0.0425915792348821,0.000230352069373201,0.240951683339325,0.130819706447826
5,"s(lastRippleHPC_z):DOWN_no",0.105325391153778,0.00101711783749735,0.513231982082539,0.24006440980858
6,"s(lastRippleHPC_z):DOWN_no",0.109684115641105,0.00085378037814057,0.4562293811217,0.143774458100315
7,"s(lastRippleHPC_z):DOWN_no",0.0549919483889703,0.000464615005263195,0.286764645469615,0.0850692485652896
8,"s(lastRippleHPC_z):DOWN_no",0.0558483761819826,0.000270582462716412,0.276637238924698,0.0807422309713535
9,"s(lastRippleHPC_z):DOWN_no",0.066357793076234,0.000449366010557615,0.382650733601152,0.176327408291166
10,"s(lastRippleHPC_z):DOWN_no",0.058007657391034,0.00065783754748621,0.204660246625876,0.0602747851910009
11,"s(lastRippleHPC_z):DOWN_no",0.0565169792688511,0.0005352730023198,0.321133347357023,0.122632983663161
12,"s(lastRippleHPC_z):DOWN_no",0.065635209236623,0.000710232428949397,0.215361940158309,0.0636942481793099
13,"s(lastRippleHPC_z):DOWN_no",0.0501406241941229,0.000240664760031396,0.181494045292801,0.0548849772527659
14,"s(lastRippleHPC_z):DOWN_no",0.0154314796609878,0.000319296765493495,0.106089999128584,0.19623583344873
15,"s(lastRippleHPC_z):DOWN_no",0.0604622455438832,0.000367467144246189,0.312369704021436,0.0964559445311587
16,"s(lastRippleHPC_z):DOWN_no",0.00219457514755028,0.000169402806029927,0.0414228705497196,0.197167945058968
17,"s(lastRippleHPC_z):DOWN_no",0.0730969696354702,0.000600482325308064,0.371748938183234,0.138577787832992
18,"s(lastRippleHPC_z):DOWN_no",0.0551767061957111,0.000377656895178138,0.366721825907227,0.230913388442282
19,"s(lastRippleHPC_z):DOWN_no",0.0930405924007101,0.00103120540711458,0.253672552495218,0.0747039033749628
20,"s(lastRippleHPC_z):DOWN_no",0.0368546931539697,0.000308829474158344,0.174937675755199,0.0537437327422491
21,"s(lastRippleHPC_z):DOWN_no",0.119198728463966,0.00107698384085386,0.50541512113748,0.316613708710028
22,"s(lastRippleHPC_z):DOWN_no",0.0397051989853541,0.000505569626057748,0.169130275861308,0.122126136520616
23,"s(lastRippleHPC_z):DOWN_no",0.0163592405256683,0.00018769460620394,0.109564245329399,0.0322636763062644
24,"s(lastRippleHPC_z):DOWN_no",0.0818066264727637,0.000580608633298936,0.299187813507096,0.124332703669422
25,"s(lastRippleHPC_z):DOWN_no",0.14170278990297,0.00153734977644385,0.607726791404431,0.324034412920465
26,"s(lastRippleHPC_z):DOWN_no",0.058922856510863,0.000959552636626845,0.204469000541292,0.310042721724766
27,"s(lastRippleHPC_z):DOWN_no",0.117596258274256,0.00131118420633812,0.540892418098177,0.255522400401808
28,"s(lastRippleHPC_z):DOWN_no",0.146952383122729,0.00139909421767442,0.576126239698526,0.453056938070377
29,"s(lastRippleHPC_z):DOWN_no",0.0700433359481814,0.00102475098286231,0.317233224558687,0.413073581229916
30,"s(lastRippleHPC_z):DOWN_no",0.0721324767870613,0.000688125710355535,0.377536134260399,0.132971749293619
31,"s(lastRippleHPC_z):DOWN_no",0.0100002827742234,0.000117006954590146,0.0863676765410867,0.0254324955879313
32,"s(lastRippleHPC_z):DOWN_no",0.0678057741810942,0.000748279210722023,0.217249253284951,0.0639826474006119
33,"s(lastRippleHPC_z):DOWN_no",0.038271858747482,0.000417773499843754,0.161136663857059,0.0474522499486779
34,"s(lastRippleHPC_z):DOWN_no",0.137858313971632,0.00134709186040084,0.65040661738194,0.236443864349705
35,"s(lastRippleHPC_z):DOWN_no",0.0866057743739166,0.000666698028265343,0.354500814834116,0.214589863342539
36,"s(lastRippleHPC_z):DOWN_no",0.0556453290161532,0.000339179897709219,0.200641249672708,0.0597142329695653
37,"s(lastRippleHPC_z):DOWN_no",0.0806189951949374,0.000547146885584696,0.354090827341825,0.100996975706892
38,"s(lastRippleHPC_z):DOWN_no",0.0651706136386334,0.000453257298772028,0.352484802174783,0.250710222151577
39,"s(lastRippleHPC_z):DOWN_no",0.119497662407033,0.00113033806102056,0.582280154038736,0.171954104161347
40,"s(lastRippleHPC_z):DOWN_no",0.0522375490173204,0.000594083388972185,0.192084318255867,0.0565725161181615
41,"s(lastRippleHPC_z):DOWN_no",0.199660859568025,0.00195343418911689,0.53841625916963,0.165528470555217
42,"s(lastRippleHPC_z):DOWN_no",0.0214220435783155,0.000239352155700775,0.123492230597114,0.0363699400931174
43,"s(lastRippleHPC_z):DOWN_no",0.0620474602804624,0.000828382115577697,0.346560955119659,0.388879145963135
44,"s(lastRippleHPC_z):DOWN_no",0.0453072405392856,0.000884536549246984,0.181414548405794,0.357085501182453
45,"s(lastRippleHPC_z):DOWN_no",0.0810960586531646,0.00064684659973078,0.286441109142716,0.139105086467498
46,"s(lastRippleHPC_z):DOWN_no",0.036885984281847,0.000183532286295555,0.237311268185092,0.0610991461430942
47,"s(lastRippleHPC_z):DOWN_no",0.0992157093721868,0.00123650777315578,0.406554689523448,0.360800172587466
48,"s(lastRippleHPC_z):DOWN_no",0.0956139737171622,0.00114036781389244,0.494832451460125,0.196883347288013
49,"s(lastRippleHPC_z):DOWN_no",0.0113151802369043,0.000124514092067744,0.0880889182510969,0.0259472987744239
50,"s(lastRippleHPC_z):DOWN_no",0.042873828798724,0.000764159274281892,0.318562247754361,0.429894487038208
51,"s(lastRippleHPC_z):DOWN_no",0.0381433865774454,0.000528908085693925,0.165026289571585,0.191587810468992
52,"s(lastRippleHPC_z):DOWN_no",0.0840474553423274,0.00150662209004889,0.508910898870953,0.536182189125506
53,"s(lastRippleHPC_z):DOWN_no",0.0465494824171504,0.000415516368471547,0.186883817046293,0.0783714432397354
54,"s(lastRippleHPC_z):DOWN_no",0.0380772694318487,0.000347835737792828,0.145560242972543,0.0707426150674992
55,"s(lastRippleHPC_z):DOWN_no",0.0989732954257398,0.000883419985118603,0.353605572248367,0.116361760822704
56,"s(lastRippleHPC_z):DOWN_no",0.0590421300112158,0.000297364752575976,0.343785390459295,0.136893209370503
57,"s(lastRippleHPC_z):DOWN_no",0.0769263839711609,0.000520186196839118,0.382316367797381,0.16218593819272
58,"s(lastRippleHPC_z):DOWN_no",0.0744429230109063,0.000754575202102164,0.400064381467472,0.125471712754474
59,"s(lastRippleHPC_z):DOWN_no",0.118146655403436,0.0010324203298045,0.470504104899343,0.134354723617736
60,"s(lastRippleHPC_z):DOWN_no",0.108869060342608,0.00110295857491033,0.438357644575512,0.115872006096539
61,"s(lastRippleHPC_z):DOWN_no",0.088692053819619,0.00061340807096863,0.352740672520724,0.175422345168502
62,"s(lastRippleHPC_z):DOWN_no",0.0414765593036268,0.000201156817568608,0.284042545175383,0.0682825401974287
63,"s(lastRippleHPC_z):DOWN_no",0.143563866382804,0.00162462805075239,0.547982616342718,0.249868645733627
64,"s(lastRippleHPC_z):DOWN_no",0.129360966926445,0.00128468418009499,0.602653175770065,0.496330148778282
65,"s(lastRippleHPC_z):DOWN_no",0.0182150563848644,0.000217944332048303,0.111569294390133,0.0694974195933704
66,"s(lastRippleHPC_z):DOWN_no",0.0328337438456199,0.000368607282955013,0.154645052396115,0.0455422337281212
67,"s(lastRippleHPC_z):DOWN_no",0.0495951976481912,0.000285421537730708,0.292837141758416,0.12499210464547
68,"s(lastRippleHPC_z):DOWN_no",0.140926578425505,0.00145338045018728,0.527266208675912,0.145685083879603
69,"s(lastRippleHPC_z):DOWN_no",0.0462612203085193,0.000520323956389074,0.181864300898334,0.0535609539597505
70,"s(lastRippleHPC_z):DOWN_no",0.113320866478761,0.00120216466278988,0.513324289918027,0.130514113799917
71,"s(lastRippleHPC_z):DOWN_no",0.0726717670453922,0.000414392553681326,0.368473706744777,0.158844963461687
72,"s(lastRippleHPC_z):DOWN_no",0.0892968008629627,0.00111228868182889,0.253862816142,0.168040343817352
73,"s(lastRippleHPC_z):DOWN_no",0.0627769644912171,0.000436170511383148,0.317873921884878,0.207967529655886
74,"s(lastRippleHPC_z):DOWN_no",0.067754998087505,0.000541309585372638,0.372274369338341,0.216464550084152
75,"s(lastRippleHPC_z):DOWN_no",0.0585258985768498,0.000657078259895168,0.20189576498026,0.059468410407151
76,"s(lastRippleHPC_z):DOWN_no",0.0188946898323969,0.000236742307851401,0.11511422213159,0.0830984915079194
77,"s(lastRippleHPC_z):DOWN_no",0.076152249008608,0.000856875396689291,0.372783449289259,0.160169307398224
78,"s(lastRippleHPC_z):DOWN_no",0.0476010203799859,0.000547457503624742,0.187700990983107,0.0552795644364643
79,"s(lastRippleHPC_z):DOWN_no",0.0169995932306559,0.000185369053935871,0.109832438542368,0.0323455258545483
80,"s(lastRippleHPC_z):DOWN_no",0.115873126033289,0.000890413748340687,0.436088299673516,0.284573789381656
81,"s(lastRippleHPC_z):DOWN_no",0.0489634044961242,0.000545892285485501,0.184613767588528,0.0543739126334098
82,"s(lastRippleHPC_z):DOWN_no",0.0222332903053548,4.47224556036514e-05,0.18731417795757,0.0565553200992018
83,"s(lastRippleHPC_z):DOWN_no",0.0258225771991274,0.000282446407100491,0.13425837953833,0.0395409515151768
84,"s(lastRippleHPC_z):DOWN_no",0.048107827738022,0.000336573270503674,0.328743447408137,0.077262082603148
85,"s(lastRippleHPC_z):DOWN_no",0.0709736338489755,0.000784333433606732,0.224872320138795,0.0662268271810049
86,"s(lastRippleHPC_z):DOWN_no",0.0604683669414019,0.00107319507081726,0.247153228268813,0.48636469588594
87,"s(lastRippleHPC_z):DOWN_no",0.0569083263057362,0.000560280640564577,0.190192724875278,0.0627001558095491
88,"s(lastRippleHPC_z):DOWN_no",0.00776953122305635,0.000299332732194255,0.073467361277551,0.268792128315499
89,"s(lastRippleHPC_z):DOWN_no",0.0411981464055682,0.000462950589958148,0.17277593095181,0.0508835293704929
90,"s(lastRippleHPC_z):DOWN_no",0.0773429344350323,0.000884954652119565,0.233417858587977,0.0687411396382255
91,"s(lastRippleHPC_z):DOWN_no",0.100933640610849,0.000711766364899613,0.408623099108557,0.102992876251927
92,"s(lastRippleHPC_z):DOWN_no",0.062068188619115,0.00039905441015964,0.358845381735518,0.16088992872046
93,"s(lastRippleHPC_z):DOWN_no",0.127114773368346,0.0010401844152006,0.494898387852846,0.231227529768141
94,"s(lastRippleHPC_z):DOWN_no",0.0457502796750315,0.000496723912762495,0.221505273689501,0.186259559214865
95,"s(lastRippleHPC_z):DOWN_no",0.0694225844164453,0.00133503984348871,0.343731028225275,0.585238969105757
96,"s(lastRippleHPC_z):DOWN_no",0.0775404395219716,0.000645802703454695,0.247511399135563,0.156968971330324
97,"s(lastRippleHPC_z):DOWN_no",0.0960266566858827,0.000754241032971804,0.477934923877821,0.181113747452219
98,"s(lastRippleHPC_z):DOWN_no",0.108954903242507,0.00101360762077528,0.491307357740782,0.39917860980218
99,"s(lastRippleHPC_z):DOWN_no",0.0230382332558552,0.000163928060948792,0.131096492836597,0.0417760810977948
100,"s(lastRippleHPC_z):DOWN_no",0.137849535422864,0.00111395736061361,0.493811708574825,0.174499227915077
101,"s(lastRippleHPC_z):DOWN_no",0.0840092333063662,0.000758303253803369,0.297639857489337,0.0964547021231528
102,"s(lastRippleHPC_z):DOWN_no",0.0874987414900605,0.000535156625495093,0.399653453167073,0.164658387436098
103,"s(lastRippleHPC_z):DOWN_no",0.0268927950871145,6.91131889129111e-05,0.235683590013247,0.052960305661993
104,"s(lastRippleHPC_z):DOWN_no",0.0905454882155183,0.000811313993610053,0.323612197999056,0.0905878955227416
105,"s(lastRippleHPC_z):DOWN_no",0.0923538362624186,0.00125739657887111,0.256154573433935,0.294892668167656
106,"s(lastRippleHPC_z):DOWN_no",0.110512532395417,0.00110691170297455,0.506628725708108,0.362674239362875
107,"s(lastRippleHPC_z):DOWN_no",0.103766015053514,0.00120183191330455,0.353829703095466,0.352967039647152
108,"s(lastRippleHPC_z):DOWN_no",0.0905348703948405,0.000902934541365821,0.410731682527076,0.217834432857186
109,"s(lastRippleHPC_z):DOWN_no",0.0604330502203752,0.000681918532897178,0.207905050883206,0.0612295995919122
110,"s(lastRippleHPC_z):DOWN_no",0.0913335945343494,0.000977965592389268,0.483138964781325,0.275813239577875
111,"s(lastRippleHPC_z):DOWN_no",0.082203773525297,0.000668606726683827,0.454002003849981,0.315037743169054
112,"s(lastRippleHPC_z):DOWN_no",0.0424688902832422,0.000259371919067024,0.254132254071527,0.0681487565440889
113,"s(lastRippleHPC_z):DOWN_no",0.0902867723878433,0.000953113078796375,0.388737552620317,0.275544770376672
114,"s(lastRippleHPC_z):DOWN_no",0.0174584356254854,0.000248350915872387,0.109899208834837,0.126959578308593
115,"s(lastRippleHPC_z):DOWN_no",0.0146059782505024,0.000160080951856523,0.10099895144971,0.0297450498631588
116,"s(lastRippleHPC_z):DOWN_no",0.0676731754013602,0.000461776494441512,0.297984523997209,0.131749968123208
117,"s(lastRippleHPC_z):DOWN_no",0.159063716066161,0.00168201606467571,0.69075760438963,0.158359344616409
118,"s(lastRippleHPC_z):DOWN_no",0.0401925003711732,0.000698160010534815,0.165658923391141,0.287763606719701
119,"s(lastRippleHPC_z):DOWN_no",0.114252917649077,0.0015880912061267,0.486757739887135,0.395885751805246
120,"s(lastRippleHPC_z):DOWN_no",0.0705724390544198,0.000643747890851165,0.417905228770756,0.175072658787925
121,"s(lastRippleHPC_z):DOWN_no",0.0475240843568709,0.000820161644916655,0.178120567531278,0.41104119001253
122,"s(lastRippleHPC_z):DOWN_no",0.140831463634699,0.001576244338103,0.609027778700578,0.157374910378542
123,"s(lastRippleHPC_z):DOWN_no",0.0399496771423049,0.00044692776947506,0.163694965553625,0.048212831525846
124,"s(lastRippleHPC_z):DOWN_no",0.0634121914674193,0.000365069567667527,0.285108869400688,0.115997458550952
125,"s(lastRippleHPC_z):DOWN_no",0.0350442954362009,0.00029384482274842,0.18644953722331,0.058373139868309
126,"s(lastRippleHPC_z):DOWN_no",0.136387516764765,0.00129101114799083,0.411345923041891,0.191233241263323
127,"s(lastRippleHPC_z):DOWN_no",0.0524351604643289,0.000756644186738909,0.170263431651963,0.334692000518711
128,"s(lastRippleHPC_z):DOWN_no",0.0273438457074615,0.000301199417263549,0.139576814920416,0.0411065920814177
129,"s(lastRippleHPC_z):DOWN_no",0.107701480617079,0.00121378804066471,0.277028511902666,0.0815852092962992
130,"s(lastRippleHPC_z):DOWN_no",0.0792280888435712,0.000649909181311432,0.422983970716718,0.30442063260682
131,"s(lastRippleHPC_z):DOWN_no",0.0646411040124999,0.000448368390367099,0.332015620459439,0.0835680945908203
132,"s(lastRippleHPC_z):DOWN_no",0.0818165288856481,0.000804657455354106,0.451837988845481,0.111433564007218
133,"s(lastRippleHPC_z):DOWN_no",0.0830778489963055,0.000933925187140499,0.243311759366442,0.0755676778200632
134,"s(lastRippleHPC_z):DOWN_no",0.0270477772199627,0.000316855408188894,0.139992254049141,0.0412267595010391
135,"s(lastRippleHPC_z):DOWN_no",0.0683988850049388,0.000541243438909972,0.423452403559762,0.0989100749724059
136,"s(lastRippleHPC_z):DOWN_no",0.0288197598883073,0.00021974349421424,0.132784706153471,0.0469674282235122
137,"s(lastRippleHPC_z):DOWN_no",0.0556373463278312,0.000512481255075931,0.386155951850993,0.0963167955984718
138,"s(lastRippleHPC_z):DOWN_no",0.0485616241527769,0.000560844413522462,0.201283938048836,0.206133453187521
139,"s(lastRippleHPC_z):DOWN_no",0.103406838660517,0.000817479596325127,0.407714434912488,0.142925749877913
140,"s(lastRippleHPC_z):DOWN_no",0.0529341049444607,0.00057929576888653,0.351592185811037,0.208798593024552
141,"s(lastRippleHPC_z):DOWN_no",0.0276511657203748,0.000309135285550123,0.139597036518058,0.0411103805270834
142,"s(lastRippleHPC_z):DOWN_no",0.163522267178941,0.00178844643532446,0.593330928397936,0.152865791195759
143,"s(lastRippleHPC_z):DOWN_no",0.02664901731697,0.000506811784475384,0.140199013080798,0.250975791350616
144,"s(lastRippleHPC_z):DOWN_no",0.0459888455867166,0.000513028350921111,0.178611863920438,0.0526020172454623
145,"s(lastRippleHPC_z):DOWN_no",0.0695373793312228,0.000430288020634587,0.324010841064324,0.0853505945559722
146,"s(lastRippleHPC_z):DOWN_no",0.0911073694462061,0.000982467831303923,0.432130478097857,0.128307239047744
147,"s(lastRippleHPC_z):DOWN_no",0.0786974313407391,0.000879739143283252,0.236214826692901,0.0696482347065529
148,"s(lastRippleHPC_z):DOWN_no",0.0547252417468034,0.000410252564836068,0.36315632558498,0.23939720166725
149,"s(lastRippleHPC_z):DOWN_no",0.123339777582894,0.000991593812494293,0.497657866136503,0.213621479121824
150,"s(lastRippleHPC_z):DOWN_no",0.0896882135168315,0.00101450555557278,0.251502213796791,0.0740702884266215
151,"s(lastRippleHPC_z):DOWN_no",0.157090608869833,0.00172843518384147,0.560706666669785,0.201581084755616
152,"s(lastRippleHPC_z):DOWN_no",0.0378518198495641,0.000455506122837174,0.165032350868616,0.063681526256102
153,"s(lastRippleHPC_z):DOWN_no",0.045883127500165,0.000616710732435324,0.177013665889385,0.227308622336381
154,"s(lastRippleHPC_z):DOWN_no",0.0552022724860244,0.000332887937111121,0.29744156175215,0.0781711341951325
155,"s(lastRippleHPC_z):DOWN_no",0.0299728530413486,0.000102122939154316,0.254764338886437,0.0698487640716257
156,"s(lastRippleHPC_z):DOWN_no",0.0667244695536304,0.000561758195070818,0.457131540538799,0.148511830645831
157,"s(lastRippleHPC_z):DOWN_no",0.0510081182951527,0.000461674323248264,0.222602869445367,0.0779039104314186
158,"s(lastRippleHPC_z):DOWN_no",0.0712775432237613,0.000692748290122676,0.218344317292485,0.0836446289494137
159,"s(lastRippleHPC_z):DOWN_no",0.0325821883507409,0.000975317739027878,0.148800527314345,0.489937363646582
160,"s(lastRippleHPC_z):DOWN_no",0.177335804951538,0.00182776190638687,0.318351224279741,0.159262601451397
161,"s(lastRippleHPC_z):DOWN_no",0.0659778553078922,0.000630185842452739,0.382286501774927,0.124956705654784
162,"s(lastRippleHPC_z):DOWN_no",0.0909663178859468,0.000806564317441895,0.417859574261597,0.296848578539642
163,"s(lastRippleHPC_z):DOWN_no",0.0852345648493014,0.000780699823800041,0.282439068189642,0.0808510455023538
164,"s(lastRippleHPC_z):DOWN_no",0.0966162110020665,0.00112002626680301,0.498901697309263,0.310265092734612
165,"s(lastRippleHPC_z):DOWN_no",0.125646761055846,0.000790375198109082,0.418856875167203,0.111316009647471
166,"s(lastRippleHPC_z):DOWN_no",0.0835102115125448,0.00074755528046964,0.23798512945215,0.078267942002783
167,"s(lastRippleHPC_z):DOWN_no",0.0961547238494518,0.000876320409102331,0.315912805960668,0.107397895692114
168,"s(lastRippleHPC_z):DOWN_no",0.0530747866053609,0.000838170484338146,0.195187702862554,0.346331433166392
169,"s(lastRippleHPC_z):DOWN_no",0.100328327984634,0.000789109815352295,0.459231794005905,0.109253013399668
170,"s(lastRippleHPC_z):DOWN_no",0.103243774776779,0.000879983703805154,0.322453349547258,0.137905762886207
171,"s(lastRippleHPC_z):DOWN_no",0.108637157427346,0.00113360354998313,0.409710789547705,0.197929125021702
172,"s(lastRippleHPC_z):DOWN_no",0.0838130954419434,0.000845596443170004,0.401938729649996,0.149711824223937
173,"s(lastRippleHPC_z):DOWN_no",0.110997259774777,0.00101029187349167,0.303423507873231,0.0915048029456009
174,"s(lastRippleHPC_z):DOWN_no",0.0638360459939857,0.00114149610088339,0.210694057644817,0.413121304953997
175,"s(lastRippleHPC_z):DOWN_no",0.0349307141928517,0.000225204336752242,0.227987044961876,0.25880016939146
176,"s(lastRippleHPC_z):DOWN_no",0.0588481728934269,0.000647767251202315,0.201400849597905,0.0593133075433855
177,"s(lastRippleHPC_z):DOWN_no",0.12410304715425,0.00108404917638522,0.554380536861389,0.230692240592599
178,"s(lastRippleHPC_z):DOWN_no",0.150604257974045,0.00116049611380358,0.48277920068202,0.170327776315919
179,"s(lastRippleHPC_z):DOWN_no",0.027245234162562,0.000323332651989322,0.136966707981106,0.0757786617995579
180,"s(lastRippleHPC_z):DOWN_no",0.0672482790378179,0.000520770310759728,0.352177738346063,0.0939847097187695
181,"s(lastRippleHPC_z):DOWN_no",0.0821922256694307,0.000775762554028082,0.282167679435729,0.0918947411529508
182,"s(lastRippleHPC_z):DOWN_no",0.0150809159177676,0.000658051368617133,0.103383548637116,0.418656501443508
183,"s(lastRippleHPC_z):DOWN_no",0.0482796602186486,0.000375654755885081,0.306482906104865,0.108401169121584
184,"s(lastRippleHPC_z):DOWN_no",0.0362985361890633,0.000318617810090592,0.175664419981549,0.0698448948280508
185,"s(lastRippleHPC_z):DOWN_no",0.0595623828899114,0.000480985986551702,0.390153643546478,0.103813079634908
186,"s(lastRippleHPC_z):DOWN_no",0.0798207954883292,0.000590396254582198,0.392064372743833,0.16070899256644
187,"s(lastRippleHPC_z):DOWN_no",0.0512309185964046,0.000871896131459437,0.189830698576592,0.31601202471422
188,"s(lastRippleHPC_z):DOWN_no",0.0899593548790882,0.000516045061196276,0.387403123045051,0.0974404634727659
189,"s(lastRippleHPC_z):DOWN_no",0.0575254785690866,0.000915854998167945,0.202790765534482,0.308479143051488
190,"s(lastRippleHPC_z):DOWN_no",0.0303590153719515,0.000339532309600672,0.145055050022664,0.042719471944927
191,"s(lastRippleHPC_z):DOWN_no",0.0426589266506721,0.000305098346007956,0.173582318484188,0.051164464915899
192,"s(lastRippleHPC_z):DOWN_no",0.0499123281847673,0.000464628193021761,0.173948663570896,0.0724409829097357
193,"s(lastRippleHPC_z):DOWN_no",0.0804352499641983,0.000889973389706529,0.2335036178128,0.0780264599321935
194,"s(lastRippleHPC_z):DOWN_no",0.0642738623217571,0.000380525596970177,0.307665597840595,0.0815234441024779
195,"s(lastRippleHPC_z):DOWN_no",0.00681270742099827,0.00028298402090002,0.0726251568939627,0.247224502651222
196,"s(lastRippleHPC_z):DOWN_no",0.073717108945333,0.000838628827222826,0.227726352014776,0.0670780109520026
197,"s(lastRippleHPC_z):DOWN_no",0.0206779605304312,0.0002294701733865,0.119590242006749,0.0352193400557553
198,"s(lastRippleHPC_z):DOWN_no",0.0637610469329406,0.000873963350293557,0.227554373390803,0.350507228137731
199,"s(lastRippleHPC_z):DOWN_no",0.0140113289713533,0.000156707756658022,0.10163899804945,0.0299322557815448
200,"s(lastRippleHPC_z):DOWN_no",0.0482836482579536,0.00026882563088085,0.182201562295063,0.0526252653188539
201,"s(lastRippleHPC_z):DOWN_no",0.118523851965502,0.0013169002917373,0.541768923386079,0.137532318132263
202,"s(lastRippleHPC_z):DOWN_no",0.112797026625332,0.000957292471778818,0.400624386317207,0.320762202652665
203,"s(lastRippleHPC_z):DOWN_no",0.0661955305503721,0.00084777129045406,0.215652861845967,0.172494857103315
204,"s(lastRippleHPC_z):DOWN_no",0.0563002236814647,0.000459108053016133,0.351690167304379,0.284406346385603
205,"s(lastRippleHPC_z):DOWN_no",0.0536387801047571,0.000501159355795992,0.190721542194475,0.0571391937365896
206,"s(lastRippleHPC_z):DOWN_no",0.015791274486963,0.000123583442309417,0.116027585104128,0.117034917653525
207,"s(lastRippleHPC_z):DOWN_no",0.0354346955745122,0.000255281093635352,0.172952949611763,0.0939452936197251
208,"s(lastRippleHPC_z):DOWN_no",0.0923563629341402,0.00085079494926965,0.249933533936902,0.0829091471167757
209,"s(lastRippleHPC_z):DOWN_no",0.13462832786329,0.00190112089763642,0.307208545261193,0.355972020443735
210,"s(lastRippleHPC_z):DOWN_no",0.139416567451189,0.00108155967866257,0.487116412916077,0.158294638941211
211,"s(lastRippleHPC_z):DOWN_no",0.063843945212648,0.000410915143908131,0.258574065457822,0.127078612333719
212,"s(lastRippleHPC_z):DOWN_no",0.0434047639962447,0.000321624395857036,0.227305097123372,0.0694393412348831
213,"s(lastRippleHPC_z):DOWN_no",0.076945924899146,0.000705944661999815,0.2326185251549,0.075010243512256
214,"s(lastRippleHPC_z):DOWN_no",0.118631353070498,0.00110612714327828,0.481567588443237,0.125469604790764
215,"s(lastRippleHPC_z):DOWN_no",0.126825325769024,0.00119823276601193,0.533594020526631,0.255160962330005
216,"s(lastRippleHPC_z):DOWN_no",0.0120127928653488,0.000133917922288749,0.0913990427996662,0.0269143439689711
217,"s(lastRippleHPC_z):DOWN_no",0.0391982044504822,0.000248172899734141,0.253510868432796,0.152530076554764
218,"s(lastRippleHPC_z):DOWN_no",0.0866169879498884,0.000997610469818339,0.476739103365683,0.195033615444775
219,"s(lastRippleHPC_z):DOWN_no",0.0430981263292214,0.000384951518514212,0.181608035942092,0.0678850365670535
220,"s(lastRippleHPC_z):DOWN_no",0.1109309394681,0.0011734274049657,0.43822435037886,0.28571868900451
221,"s(lastRippleHPC_z):DOWN_no",0.110385254478276,0.00106996978431028,0.502972950246945,0.474954869758192
222,"s(lastRippleHPC_z):DOWN_no",0.00647183787509142,6.18401082300861e-05,0.0632433355939846,0.0186237204053083
223,"s(lastRippleHPC_z):DOWN_no",0.0671979968162777,0.000620968997932255,0.230289286269078,0.0666827064289869
224,"s(lastRippleHPC_z):DOWN_no",0.0569812014547697,0.000625110645075412,0.197159467929304,0.05806505300378
225,"s(lastRippleHPC_z):DOWN_no",0.0097749496534405,0.00031292841742047,0.0811816582783348,0.249286237420521
226,"s(lastRippleHPC_z):DOWN_no",0.0906852480584774,0.000744835827494827,0.510756407618358,0.113765237330861
227,"s(lastRippleHPC_z):DOWN_no",0.0988675206728438,0.000931269178234852,0.53018850989088,0.174788260918908
228,"s(lastRippleHPC_z):DOWN_no",0.0658206858565276,0.000992181420985071,0.346007068619959,0.431702381480317
229,"s(lastRippleHPC_z):DOWN_no",0.0326944156546372,0.000544854255763436,0.150168581034617,0.246258872142353
230,"s(lastRippleHPC_z):DOWN_no",0.0538344295640396,0.000733009891359148,0.330004987399213,0.369045467246043
231,"s(lastRippleHPC_z):DOWN_no",0.0712441235478067,0.000661696797887875,0.275291426506016,0.0786335781551223
232,"s(lastRippleHPC_z):DOWN_no",0.0933638220991835,0.000816456406851915,0.43285411953748,0.248765932731411
233,"s(lastRippleHPC_z):DOWN_no",0.0330916222733411,0.000182647974224652,0.220531433673452,0.0556178067410964
234,"s(lastRippleHPC_z):DOWN_no",0.158373637897938,0.00168714908323178,0.585871174271442,0.175890146656557
235,"s(lastRippleHPC_z):DOWN_no",0.0177745387520805,0.000455720527565721,0.111514611702887,0.314826750062089
236,"s(lastRippleHPC_z):DOWN_no",0.0732226561155986,0.000451189388220429,0.341233057044779,0.205591806150216
237,"s(lastRippleHPC_z):DOWN_no",0.0571200859187151,0.000639879534893915,0.196848851711538,0.0579738555292664
238,"s(lastRippleHPC_z):DOWN_no",0.0794981893770874,0.000670028318606887,0.377764393138358,0.103149060493867
239,"s(lastRippleHPC_z):DOWN_no",0.142059202432806,0.00145026175535007,0.528173233094026,0.145137126097267
240,"s(lastRippleHPC_z):DOWN_no",0.1338368640988,0.00117805625238143,0.519433196163572,0.142574038397089
241,"s(lastRippleHPC_z):DOWN_no",0.0956664032750858,0.00072342470122525,0.332790657520296,0.139161925216867
242,"s(lastRippleHPC_z):DOWN_no",0.0384111493423713,0.000422900105205605,0.161265595559913,0.047491861328721
243,"s(lastRippleHPC_z):DOWN_no",0.0877252998135063,0.000729042642250529,0.375139777035707,0.325761702785595
244,"s(lastRippleHPC_z):DOWN_no",0.003944290825455,0.000194923308183019,0.0526126139215553,0.217762431679304
245,"s(lastRippleHPC_z):DOWN_no",0.0602093220551172,0.000671883592208652,0.208896114549279,0.0615203291954876
246,"s(lastRippleHPC_z):DOWN_no",0.0508847194444666,0.000421265057812992,0.186220445711015,0.0589110053874841
247,"s(lastRippleHPC_z):DOWN_no",0.174537280998999,0.00174358435895323,0.630953479049381,0.404882771112602
248,"s(lastRippleHPC_z):DOWN_no",0.0409344560596079,0.000245880843873938,0.267655715483709,0.117779793490184
249,"s(lastRippleHPC_z):DOWN_no",0.0450983183515454,0.0010333595752928,0.18270829359736,0.444468423619077
250,"s(lastRippleHPC_z):DOWN_no",0.0716875553604268,0.000536808653552291,0.389270340334478,0.0988461663779687
251,"s(lastRippleHPC_z):DOWN_no",0.155629893008919,0.00133207851089594,0.464083134069999,0.120598854911159
252,"s(lastRippleHPC_z):DOWN_no",0.0782371632933092,0.000853216129157109,0.231212743174416,0.0680927186242101
253,"s(lastRippleHPC_z):DOWN_no",0.0642330748892448,0.000548425619225921,0.285146181172146,0.0827279419450411
254,"s(lastRippleHPC_z):DOWN_no",0.109414824716751,0.00102846532790467,0.529576081384244,0.125994051142886
255,"s(lastRippleHPC_z):DOWN_no",0.0358071546209704,0.000408330866410463,0.159148311649154,0.0468707130823709
256,"s(lastRippleHPC_z):DOWN_no",0.0467129809354443,0.000275530982926762,0.187702545645081,0.0543690628646485
257,"s(lastRippleHPC_z):DOWN_no",0.13333732970678,0.00104672336645558,0.426672939889534,0.209915352092255
258,"s(lastRippleHPC_z):DOWN_no",0.0445962053474425,0.000492764450083386,0.176888658344126,0.0520938289940475
259,"s(lastRippleHPC_z):DOWN_no",0.0543252283563902,0.000511723014071857,0.215809388714268,0.164538444713639
260,"s(lastRippleHPC_z):DOWN_no",0.058032406848568,0.000456848166088987,0.384668206822788,0.150719832565574
261,"s(lastRippleHPC_z):DOWN_no",0.0524364617650086,0.000784100903099385,0.192491051749562,0.272289264419451
262,"s(lastRippleHPC_z):DOWN_no",0.0615031037690272,0.00066886824228451,0.208298706102048,0.061345881039718
263,"s(lastRippleHPC_z):DOWN_no",0.0854186811681679,0.000816454763951581,0.436051115894369,0.245674356204312
264,"s(lastRippleHPC_z):DOWN_no",0.0243443636570042,0.000574504237211633,0.130802755792537,0.309679492102969
265,"s(lastRippleHPC_z):DOWN_no",0.0221593161675742,0.000244974825333641,0.122506742703497,0.0360829374131158
266,"s(lastRippleHPC_z):DOWN_no",0.177128833129682,0.00136579974551942,0.492370876134564,0.187215048381929
267,"s(lastRippleHPC_z):DOWN_no",0.0152560732212681,0.0001667900263916,0.112569437828712,0.134888811159516
268,"s(lastRippleHPC_z):DOWN_no",0.0409965713621006,0.000455219724049895,0.171089772441346,0.0503867256853375
269,"s(lastRippleHPC_z):DOWN_no",0.0243495338922965,0.000272723907365342,0.130819402096015,0.0385282145451896
270,"s(lastRippleHPC_z):DOWN_no",0.06500207042032,0.000714831130916044,0.212656544948794,0.0626302731506676
271,"s(lastRippleHPC_z):DOWN_no",0.0876067292708473,0.00084579133444117,0.246663722181652,0.0782705280641681
272,"s(lastRippleHPC_z):DOWN_no",0.113168581847722,0.00122980932387658,0.486215513567377,0.143605846697858
273,"s(lastRippleHPC_z):DOWN_no",0.0896297308285252,0.000987858544710603,0.246190183038542,0.072507051472462
274,"s(lastRippleHPC_z):DOWN_no",0.0587899522370403,0.00120307861997739,0.324542798753693,0.56712013249906
275,"s(lastRippleHPC_z):DOWN_no",0.022003534967272,0.000255325575226176,0.12359755841762,0.0710143692260771
276,"s(lastRippleHPC_z):DOWN_no",0.0627027033269716,0.000429698710251043,0.30395794104003,0.087411440538673
277,"s(lastRippleHPC_z):DOWN_no",0.032820981624317,0.000367695585810912,0.155500830728702,0.0457943133214878
278,"s(lastRippleHPC_z):DOWN_no",0.0712704089430325,0.000466993624058159,0.413667902623704,0.163749816044896
279,"s(lastRippleHPC_z):DOWN_no",0.0313407331468625,0.000778144180940728,0.148251619786276,0.382656920329226
280,"s(lastRippleHPC_z):DOWN_no",0.130040614476114,0.00140227743667467,0.437486190945865,0.23723508414253
281,"s(lastRippleHPC_z):DOWN_no",0.0423680033564313,0.000481838500978639,0.172795042276316,0.0508885519988614
282,"s(lastRippleHPC_z):DOWN_no",0.0445567500361843,0.000304135729740531,0.176805888355671,0.0526462988308433
283,"s(lastRippleHPC_z):DOWN_no",0.0464685085986076,0.000543323153604193,0.181896888433216,0.0938237878080157
284,"s(lastRippleHPC_z):DOWN_no",0.0382515487506137,0.00035323014927202,0.159768598094113,0.0758735144140507
285,"s(lastRippleHPC_z):DOWN_no",0.0474651652852796,0.000528414621818343,0.182880948649739,0.0538663843888116
286,"s(lastRippleHPC_z):DOWN_no",0.0842852992890499,0.000792932512659749,0.262923687569429,0.118295150975544
287,"s(lastRippleHPC_z):DOWN_no",0.0405626195411095,0.000474709960188582,0.201182492094063,0.21015766026175
288,"s(lastRippleHPC_z):DOWN_no",0.0624638476858212,0.000533417094263196,0.237733201487154,0.0763897217347643
289,"s(lastRippleHPC_z):DOWN_no",0.0536451393834572,0.000480721519324781,0.235200715246345,0.0821148459859553
290,"s(lastRippleHPC_z):DOWN_no",0.140231139040749,0.00141435698919039,0.508733408616261,0.315414024497229
291,"s(lastRippleHPC_z):DOWN_no",0.0597364146108426,0.000597382962214767,0.214366623156994,0.0643478398654432
292,"s(lastRippleHPC_z):DOWN_no",0.0931124676319577,0.00071736177546765,0.330139785634616,0.105465796299765
293,"s(lastRippleHPC_z):DOWN_no",0.0402238587882202,0.000267543764712001,0.284633262312924,0.0837289220053895
294,"s(lastRippleHPC_z):DOWN_no",0.0374292394664799,0.000396572923324877,0.158685268227493,0.0467321064878654
295,"s(lastRippleHPC_z):DOWN_no",0.0761782871837067,0.000667633921078851,0.320769958795882,0.0832483376947516
296,"s(lastRippleHPC_z):DOWN_no",0.104506745188651,0.000931603855270735,0.420113015918244,0.111893855021715
297,"s(lastRippleHPC_z):DOWN_no",0.0617987100315833,0.000509490234906878,0.303055632527772,0.34561554710502
298,"s(lastRippleHPC_z):DOWN_no",0.00275971253549834,3.05112186969255e-05,0.0411564374353023,0.0191762911665737
299,"s(lastRippleHPC_z):DOWN_no",0.0826912126391122,0.000609019402173371,0.280708422726411,0.151154034527338
300,"s(lastRippleHPC_z):DOWN_no",0.0452124536695617,0.000277233393426396,0.258407109246827,0.175008035013862
301,"s(lastRippleHPC_z):DOWN_no",0.0426177008723965,0.000391403352668549,0.183770385640609,0.0524990206536077
302,"s(lastRippleHPC_z):DOWN_no",0.0702141684069648,0.000567499258668892,0.377895679054358,0.350316164059746
303,"s(lastRippleHPC_z):DOWN_no",0.104562654347079,0.00100571464089449,0.4880496732668,0.2567763404733
304,"s(lastRippleHPC_z):DOWN_no",0.104551896119764,0.00124192620199678,0.459447023684339,0.293355675815247
305,"s(lastRippleHPC_z):DOWN_no",0.0577923797228053,0.000554672610140573,0.287617828787949,0.225959884998692
306,"s(lastRippleHPC_z):DOWN_no",0.107902430192416,0.000958711746153874,0.538833372743348,0.135144168686102
307,"s(lastRippleHPC_z):DOWN_no",0.0316437986724463,0.000233426294296507,0.154896269138344,0.0476115907924946
308,"s(lastRippleHPC_z):DOWN_no",0.0617921445797389,0.00149408540548409,0.207014842529859,0.559857291945091
309,"s(lastRippleHPC_z):DOWN_no",0.0570816553312117,0.000353072729312567,0.32753017282828,0.0891886376251026
310,"s(lastRippleHPC_z):DOWN_no",0.0920230589766007,0.000869509556750644,0.524123452751638,0.191764045208984
311,"s(lastRippleHPC_z):DOWN_no",0.0752921166428671,0.000685770252772871,0.241716425909911,0.0786479444936416
312,"s(lastRippleHPC_z):DOWN_no",0.022145916573951,0.000242323725501636,0.125519630281859,0.0369711538038872
313,"s(lastRippleHPC_z):DOWN_no",0.0374995291343172,0.000404804197055306,0.160287368906131,0.0472058255908851
314,"s(lastRippleHPC_z):DOWN_no",0.104818372491795,0.0010008948950711,0.529036781787349,0.278728075583035
315,"s(lastRippleHPC_z):DOWN_no",0.014336084821597,0.000166129691194379,0.10278616876343,0.0302679492821942
316,"s(lastRippleHPC_z):DOWN_no",0.11104469694412,0.00100550894509196,0.29488052066916,0.098763316912349
317,"s(lastRippleHPC_z):DOWN_no",0.0927896464691305,0.000771501533456311,0.407054022772443,0.217041122959494
318,"s(lastRippleHPC_z):DOWN_no",0.116292547869135,0.00121739175241985,0.53650187620798,0.133520351196358
319,"s(lastRippleHPC_z):DOWN_no",0.0971702739198808,0.00106002127972351,0.386253227607314,0.28788949849939
320,"s(lastRippleHPC_z):DOWN_no",0.0168496484154943,8.05978740511212e-05,0.114531011981705,0.0341347269214039
321,"s(lastRippleHPC_z):DOWN_no",0.0286381675483778,0.000336277728115954,0.146609793601025,0.0431718027639798
322,"s(lastRippleHPC_z):DOWN_no",0.0640797877238395,0.000587870476933968,0.245500973272089,0.0912801501904257
323,"s(lastRippleHPC_z):DOWN_no",0.137489101518963,0.00143030432842322,0.562169626743474,0.338091861444242
324,"s(lastRippleHPC_z):DOWN_no",0.0424597199047181,0.000476359469319958,0.172025031787624,0.0506624823040975
325,"s(lastRippleHPC_z):DOWN_no",0.0776902565382898,0.000560702330182488,0.393013042641433,0.162308754518822
326,"s(lastRippleHPC_z):DOWN_no",0.0837763926050599,0.000895323536564054,0.454571210339763,0.199654676667482
327,"s(lastRippleHPC_z):DOWN_no",0.0352364828901717,0.000209370405496517,0.27218233195716,0.0843403010017759
328,"s(lastRippleHPC_z):DOWN_no",0.113650921092265,0.00108361690854092,0.531218420587173,0.463361274784479
329,"s(lastRippleHPC_z):DOWN_no",0.075203799260958,0.000692487872284296,0.417519516938046,0.432485174757557
330,"s(lastRippleHPC_z):DOWN_no",0.0437964907851995,0.000118225368966307,0.173625194764639,0.0509945117714718
331,"s(lastRippleHPC_z):DOWN_no",0.0149937087487899,7.295268751332e-05,0.0975629709213579,0.029657909115613
332,"s(lastRippleHPC_z):DOWN_no",0.0927894036021826,0.000714154599499411,0.36629579204856,0.260289755109278
333,"s(lastRippleHPC_z):DOWN_no",0.0991892275200268,0.0010320586339237,0.538512719728973,0.126163047736926
334,"s(lastRippleHPC_z):DOWN_no",0.0738441709770825,0.000639910121559164,0.242990464912614,0.0729118432411236
335,"s(lastRippleHPC_z):DOWN_no",0.0386420023226659,0.00042786327762976,0.164285414168896,0.0483844326692248
336,"s(lastRippleHPC_z):DOWN_no",0.0101018313706458,0.000110571599161794,0.0836583273769766,0.024639281927747
337,"s(lastRippleHPC_z):DOWN_no",0.0193644229200665,0.000221147474886704,0.117229396395705,0.0345244681180425
338,"s(lastRippleHPC_z):DOWN_no",0.0565541789324158,0.000555404750943401,0.208907607470695,0.130402995087168
339,"s(lastRippleHPC_z):DOWN_no",0.132371339786115,0.00111865837148976,0.557264398166206,0.359088245630414
340,"s(lastRippleHPC_z):DOWN_no",0.0803838306294615,0.000759466659697902,0.260405574160012,0.094705596671094
341,"s(lastRippleHPC_z):DOWN_no",0.0821634949908052,0.000804593036723502,0.385154775675428,0.108167675406285
342,"s(lastRippleHPC_z):DOWN_no",0.0549130254684052,0.000540116077369188,0.187458007965563,0.0954953527560057
343,"s(lastRippleHPC_z):DOWN_no",0.0576774637591786,0.0010512926268271,0.222744464194701,0.512116479047411
344,"s(lastRippleHPC_z):DOWN_no",0.0683968419006558,0.000529947323159993,0.349434224667346,0.2789171306344
345,"s(lastRippleHPC_z):DOWN_no",0.0349319315034737,0.000387251212501665,0.156760227065749,0.0461659334724211
346,"s(lastRippleHPC_z):DOWN_no",0.0640239620826453,0.000508286154932744,0.330511939140514,0.253320398903431
347,"s(lastRippleHPC_z):DOWN_no",0.0812853748147635,0.000912019568129471,0.238620886511943,0.0702863340475119
348,"s(lastRippleHPC_z):DOWN_no",0.0693395490985722,0.000759367949841913,0.216400828571485,0.063732909181971
349,"s(lastRippleHPC_z):DOWN_no",0.116264268085358,0.000977685684814336,0.431267848190381,0.200938087721602
350,"s(lastRippleHPC_z):DOWN_no",0.0793003599327697,0.000696210072108723,0.387789797504443,0.313067069625342
351,"s(lastRippleHPC_z):DOWN_no",0.127927933862228,0.000876232966500907,0.489140344603924,0.207284562473777
352,"s(lastRippleHPC_z):DOWN_no",0.0875703550301274,0.00128653579841755,0.272040102842534,0.440622826937516
353,"s(lastRippleHPC_z):DOWN_no",0.0518987461621663,0.000760714647073402,0.229323709742585,0.368372199145448
354,"s(lastRippleHPC_z):DOWN_no",0.112721801819253,0.000885542907175899,0.351823954012184,0.146693222555671
355,"s(lastRippleHPC_z):DOWN_no",0.0317250706271857,0.000353211129187482,0.148320657046076,0.0436814672023094
356,"s(lastRippleHPC_z):DOWN_no",0.00380620392637532,4.60551474982431e-05,0.0514340206586847,0.0164383389107512
357,"s(lastRippleHPC_z):DOWN_no",0.0149095171257887,0.000164529330017387,0.101026421301595,0.0297619655476677
358,"s(lastRippleHPC_z):DOWN_no",0.0746611604580742,0.00071647544948738,0.377311476036263,0.170664457994984
359,"s(lastRippleHPC_z):DOWN_no",0.122324317441301,0.00137729074127801,0.42182475465792,0.241644586742115
360,"s(lastRippleHPC_z):DOWN_no",0.0920866715279747,0.000875486352828809,0.2655669513199,0.10200828330881
361,"s(lastRippleHPC_z):DOWN_no",0.0638071397209163,0.000548783687866175,0.227862142961355,0.16863334048662
362,"s(lastRippleHPC_z):DOWN_no",0.0225754139958614,0.000252164374841902,0.126143262263322,0.0371577701814024
363,"s(lastRippleHPC_z):DOWN_no",0.05778223511434,0.000819283140107439,0.191838120407061,0.311320358854549
364,"s(lastRippleHPC_z):DOWN_no",0.0786677596702727,0.000725194672205814,0.246311162608408,0.0746374776487911
365,"s(lastRippleHPC_z):DOWN_no",0.0123225185730238,0.000142010443992073,0.0945041102406305,0.0278299793309003
366,"s(lastRippleHPC_z):DOWN_no",0.0460965150601567,0.000486757914504464,0.21413492100094,0.177423713079886
367,"s(lastRippleHPC_z):DOWN_no",0.04157049544804,0.000242871604769555,0.247027247968635,0.240337976630065
368,"s(lastRippleHPC_z):DOWN_no",0.065316787867653,0.000737734192647078,0.215591126242102,0.0634914093605563
369,"s(lastRippleHPC_z):DOWN_no",0.0817309013581387,0.000835553613885197,0.424546244876138,0.111296810209782
370,"s(lastRippleHPC_z):DOWN_no",0.073425778593629,0.00064705762259899,0.255819049575421,0.0823408461578267
371,"s(lastRippleHPC_z):DOWN_no",0.0639403820119053,0.000537964363040459,0.332310978561591,0.0840310009600096
372,"s(lastRippleHPC_z):DOWN_no",0.0265273652030587,0.000287373462107116,0.13446727694873,0.03959801269969
373,"s(lastRippleHPC_z):DOWN_no",0.0830741552319374,0.000790476348072323,0.28944378459136,0.0946616988785428
374,"s(lastRippleHPC_z):DOWN_no",0.129377110034904,0.00129199645566083,0.55863279110115,0.232316083212258
375,"s(lastRippleHPC_z):DOWN_no",0.0791862434865092,0.000715358676211275,0.258783751905785,0.0984319646345431
376,"s(lastRippleHPC_z):DOWN_no",0.0763899150345271,0.000650525198108337,0.331363827451981,0.118161898527879
377,"s(lastRippleHPC_z):DOWN_no",0.0711923762265947,0.000878547928246565,0.428397488435893,0.192742779659417
378,"s(lastRippleHPC_z):DOWN_no",0.0703529025586587,0.00073057675262719,0.246971653110848,0.206457371029385
379,"s(lastRippleHPC_z):DOWN_no",0.0251987394052264,0.000159757410427667,0.163962110045209,0.0487007521017259
380,"s(lastRippleHPC_z):DOWN_no",0.0289404496249706,6.21743502920172e-05,0.162233295321999,0.07829827863134
381,"s(lastRippleHPC_z):DOWN_no",0.0226489604989677,0.000247243470570529,0.122846177489571,0.0361776998019437
382,"s(lastRippleHPC_z):DOWN_no",0.0475649242887499,0.000928373867744667,0.305626407744217,0.430989298768725
383,"s(lastRippleHPC_z):DOWN_no",0.0732977649316062,0.000591297989309636,0.379733702612875,0.208707162043053
384,"s(lastRippleHPC_z):DOWN_no",0.119612202876029,0.00112419146160164,0.603322406664152,0.281522001903585
385,"s(lastRippleHPC_z):DOWN_no",0.143240146758414,0.00140031799013996,0.606763782738071,0.368470441142782
386,"s(lastRippleHPC_z):DOWN_no",0.0103855644990283,0.000268779664589448,0.0849975347300943,0.20125541932352
387,"s(lastRippleHPC_z):DOWN_no",0.05480144171697,0.000739091380630857,0.220003051722372,0.299927664242723
388,"s(lastRippleHPC_z):DOWN_no",0.0615169162014713,0.000683528288208986,0.366143016857663,0.205045093699191
389,"s(lastRippleHPC_z):DOWN_no",0.0553238533583418,0.000613342432364263,0.197753674181588,0.0582452702506331
390,"s(lastRippleHPC_z):DOWN_no",0.059399555999109,0.000444158787423814,0.211203030371164,0.0636109146286342
391,"s(lastRippleHPC_z):DOWN_no",0.0554437975329964,0.000273743448577337,0.358871670281085,0.123938611864821
392,"s(lastRippleHPC_z):DOWN_no",0.109136085880802,0.000959353259331339,0.315722018787468,0.0920038469830384
393,"s(lastRippleHPC_z):DOWN_no",0.040606730439686,0.000462907906867483,0.169919038902839,0.0500433882814613
394,"s(lastRippleHPC_z):DOWN_no",0.0544066227549695,0.000435149850309606,0.358481418399152,0.176690792497278
395,"s(lastRippleHPC_z):DOWN_no",0.0627691166939517,0.000312692381589162,0.216598464505942,0.0628449962083736
396,"s(lastRippleHPC_z):DOWN_no",0.0720858233343087,0.000804174083323993,0.221356159592973,0.0652101839114351
397,"s(lastRippleHPC_z):DOWN_no",0.0602104873887583,0.000624623827083309,0.302391780463093,0.250851394683186
398,"s(lastRippleHPC_z):DOWN_no",0.0170964264331097,0.000192199029450424,0.109845100478008,0.0323593905763633
399,"s(lastRippleHPC_z):DOWN_no",0.0622604951738328,0.000542341702386048,0.307195517071675,0.0804459639061805
400,"s(lastRippleHPC_z):DOWN_no",0.0542052031611409,0.000598913547624852,0.192116273530814,0.0565796423367744
401,"s(lastRippleHPC_z):DOWN_no",0.0551199196590577,0.000432777832348457,0.22473370454119,0.0644801748630222
402,"s(lastRippleHPC_z):DOWN_no",0.118584552701037,0.00133202834483475,0.284819510259047,0.0838959754578953
403,"s(lastRippleHPC_z):DOWN_no",0.116678078775616,0.00108763663722915,0.541488408106413,0.222457649343563
404,"s(lastRippleHPC_z):DOWN_no",0.0595898325238267,0.000669628506171065,0.207860325011064,0.0612131858610297
405,"s(lastRippleHPC_z):DOWN_no",0.0755319335538989,0.000849003920151825,0.230258796332538,0.0678278642063379
406,"s(lastRippleHPC_z):DOWN_no",0.0189695928319829,0.000252394130860516,0.114538206165798,0.0918663915541303
407,"s(lastRippleHPC_z):DOWN_no",0.0132425433816934,0.00026855855926191,0.0994496108536598,0.175680277884513
408,"s(lastRippleHPC_z):DOWN_no",0.0904629225022671,0.00132368288425977,0.421974322550002,0.392773093464227
409,"s(lastRippleHPC_z):DOWN_no",0.0591592731155259,0.00111831991348816,0.231235234012828,0.509574897899449
410,"s(lastRippleHPC_z):DOWN_no",0.066785333859249,0.00073157407452082,0.213741127506365,0.0629563952515979
411,"s(lastRippleHPC_z):DOWN_no",0.0796645749869302,0.00087900805500708,0.234184203834153,0.0689663025916999
412,"s(lastRippleHPC_z):DOWN_no",0.0478234570804208,0.000550692024467464,0.185014251825287,0.0568289637084032
413,"s(lastRippleHPC_z):DOWN_no",0.061124173105398,0.000340226868238964,0.39817960910941,0.107730355342148
414,"s(lastRippleHPC_z):DOWN_no",0.123647501173986,0.00124716853881478,0.560278324586069,0.486645970390292
415,"s(lastRippleHPC_z):DOWN_no",0.120469693547314,0.00177864386939717,0.601510433469199,0.408886825508888
416,"s(lastRippleHPC_z):DOWN_no",0.0589717455345902,0.000453245779480333,0.373532167029025,0.133354774264549
417,"s(lastRippleHPC_z):DOWN_no",0.0828428805028611,0.000907255749495618,0.240152066241236,0.0708880844435479
418,"s(lastRippleHPC_z):DOWN_no",0.0313495112098661,0.000351949030761002,0.147289343074406,0.0433708346184167
419,"s(lastRippleHPC_z):DOWN_no",0.0975429963319492,0.000890075613772791,0.444372256125862,0.18278616701598
420,"s(lastRippleHPC_z):DOWN_no",0.0670176906522659,0.000513908989916812,0.224778089454553,0.0651965831744295
421,"s(lastRippleHPC_z):DOWN_no",0.0323742856725158,0.000360611830102669,0.152653269049114,0.0449581931263508
422,"s(lastRippleHPC_z):DOWN_no",0.108529507883015,0.00081887393428125,0.494211979612736,0.175316161693995
423,"s(lastRippleHPC_z):DOWN_no",0.0769369541026634,0.000672820923881699,0.387692096613667,0.124459734171545
424,"s(lastRippleHPC_z):DOWN_no",0.0469370209851423,0.000264725883509252,0.187598390839778,0.0543223862021407
425,"s(lastRippleHPC_z):DOWN_no",0.0312548917668103,0.000223955153380341,0.162043597887931,0.0832045071190981
426,"s(lastRippleHPC_z):DOWN_no",0.0507609005826328,0.000462384549921543,0.205337600693556,0.0663869349822335
427,"s(lastRippleHPC_z):DOWN_no",0.0937289730254278,0.000749577810067383,0.32642790609263,0.162709041721344
428,"s(lastRippleHPC_z):DOWN_no",0.0639632435399005,0.000595514862548394,0.225551275658389,0.0853103688260999
429,"s(lastRippleHPC_z):DOWN_no",0.0791523313839253,0.000665409989948814,0.322794806441736,0.235157112416456
430,"s(lastRippleHPC_z):DOWN_no",0.0332462785458656,0.000647900926354397,0.134070959230732,0.388304194420137
431,"s(lastRippleHPC_z):DOWN_no",0.182383755050115,0.00143663026177821,0.638099348364289,0.160116811943548
432,"s(lastRippleHPC_z):DOWN_no",0.0539507220492741,0.000596475202188108,0.192768512675387,0.0574910388871799
433,"s(lastRippleHPC_z):DOWN_no",0.113659499794286,0.000980531113433793,0.483155898277276,0.309613113398462
434,"s(lastRippleHPC_z):DOWN_no",0.114473141609679,0.000977441394847948,0.271211948943241,0.127358968076366
435,"s(lastRippleHPC_z):DOWN_no",0.0618273562924738,0.000711929945926682,0.278839536738981,0.267741266054342
436,"s(lastRippleHPC_z):DOWN_no",0.0109458132698812,0.000122167505084472,0.0881311074071388,0.0259558679568516
437,"s(lastRippleHPC_z):DOWN_no",0.0676851102396672,0.000862669234342837,0.20674693220349,0.314387554233958
438,"s(lastRippleHPC_z):DOWN_no",0.0734411339690126,0.000495299201916642,0.396426250343482,0.176600854117035
439,"s(lastRippleHPC_z):DOWN_no",0.0623992980256016,0.000480088179315674,0.36164368170101,0.195264177742433
440,"s(lastRippleHPC_z):DOWN_no",0.107443168188107,0.00136539057323848,0.41766268946117,0.301917260474239
441,"s(lastRippleHPC_z):DOWN_no",0.11750559750965,0.00117169369858275,0.525217960299261,0.442855695005462
442,"s(lastRippleHPC_z):DOWN_no",0.0502916666220585,0.000558508443795833,0.189242102071527,0.0557323960182587
443,"s(lastRippleHPC_z):DOWN_no",0.0977544408494833,0.000814678890136616,0.544447089487059,0.170815084498477
444,"s(lastRippleHPC_z):DOWN_no",0.0757180957575798,0.000677468836295216,0.306597177046221,0.153655401347391
445,"s(lastRippleHPC_z):DOWN_no",0.104866259696236,0.00107275743893049,0.510901141836855,0.125156344036888
446,"s(lastRippleHPC_z):DOWN_no",0.0434261602750201,0.000481989284717163,0.172831796662203,0.050900878864823
447,"s(lastRippleHPC_z):DOWN_no",0.0384439116033608,0.000495700791075886,0.16683059209193,0.11068334384491
448,"s(lastRippleHPC_z):DOWN_no",0.0412294126790194,0.000817514466837764,0.244327017343926,0.464631835784695
449,"s(lastRippleHPC_z):DOWN_no",0.118112371252645,0.00092529503439922,0.358032294111241,0.157858907670763
450,"s(lastRippleHPC_z):DOWN_no",0.0579068535923373,0.000648862564032764,0.198639423286417,0.0749754924300453
451,"s(lastRippleHPC_z):DOWN_no",0.125388705236361,0.00126863871831721,0.502350991680954,0.347389879599204
452,"s(lastRippleHPC_z):DOWN_no",0.0534197045196709,0.000580424780901331,0.192129898321805,0.0584288946407417
453,"s(lastRippleHPC_z):DOWN_no",0.0472506896140921,0.000419196455977538,0.192860075897591,0.0715510610989029
454,"s(lastRippleHPC_z):DOWN_no",0.0804616744154902,0.000666555319030613,0.439509738705902,0.102250564028887
455,"s(lastRippleHPC_z):DOWN_no",0.0835867429991488,0.000692729295969124,0.494092995111813,0.149704786352434
456,"s(lastRippleHPC_z):DOWN_no",0.116935266080894,0.000900926659749603,0.389057696070563,0.120165281370519
457,"s(lastRippleHPC_z):DOWN_no",0.115739789196006,0.0010418744734403,0.343980621180258,0.135413468729741
458,"s(lastRippleHPC_z):DOWN_no",0.0893978832638425,0.000995292551929479,0.249995769713588,0.073608362103574
459,"s(lastRippleHPC_z):DOWN_no",0.0834504908801392,0.000763141689697278,0.459385780099925,0.341242955598282
460,"s(lastRippleHPC_z):DOWN_no",0.052408603045123,0.000592403940868205,0.191451556434284,0.0563832231705501
461,"s(lastRippleHPC_z):DOWN_no",0.123284177166093,0.00115134769812545,0.594974962050607,0.211079413497692
462,"s(lastRippleHPC_z):DOWN_no",0.0935419614465225,0.000880839085774137,0.320368533551887,0.0927487075956065
463,"s(lastRippleHPC_z):DOWN_no",0.11829335071077,0.00124806852430641,0.54752397596245,0.465646465250244
464,"s(lastRippleHPC_z):DOWN_no",0.0385099874614845,0.000425347512777147,0.165452662188392,0.0493079426918466
465,"s(lastRippleHPC_z):DOWN_no",0.0880455159889717,0.000815397432576711,0.296599584088863,0.0891167043225442
466,"s(lastRippleHPC_z):DOWN_no",0.0400882424828737,0.000245870155145801,0.171169104939311,0.0501182427651181
467,"s(lastRippleHPC_z):DOWN_no",0.0719088723128074,0.000909697639377584,0.23581717726285,0.326022644128184
468,"s(lastRippleHPC_z):DOWN_no",0.0176704122749261,0.000127556255573353,0.106266291396685,0.0359399651962191
469,"s(lastRippleHPC_z):DOWN_no",0.0924980827074471,0.000851575095801533,0.454499181956595,0.174558064291535
470,"s(lastRippleHPC_z):DOWN_no",0.134345359985767,0.00129797632606387,0.534006400761349,0.142813146893381
471,"s(lastRippleHPC_z):DOWN_no",0.0847979458773516,0.00103098188250485,0.241597331480122,0.165787569267801
472,"s(lastRippleHPC_z):DOWN_no",0.0792175760907377,0.000722019966738411,0.270865063435743,0.0985732051776035
473,"s(lastRippleHPC_z):DOWN_no",0.0350148908820387,0.000396829854627507,0.156178585151667,0.0459997997508144
474,"s(lastRippleHPC_z):DOWN_no",0.0292493282454149,0.000318705684147881,0.143035249377178,0.0421247270213229
475,"s(lastRippleHPC_z):DOWN_no",0.0574841087515363,0.000535310902262268,0.233280791484933,0.0642611617214665
476,"s(lastRippleHPC_z):DOWN_no",0.0469965882530161,0.000520267100678066,0.28958229384403,0.197865836889993
477,"s(lastRippleHPC_z):DOWN_no",0.0371287224087276,0.000375195316606708,0.22413850862621,0.133821311960146
478,"s(lastRippleHPC_z):DOWN_no",0.0851923558789256,0.000781795266636959,0.345084124380203,0.211047791189605
479,"s(lastRippleHPC_z):DOWN_no",0.0153791992344257,0.000174959742462018,0.107500674190768,0.0316579570173698
480,"s(lastRippleHPC_z):DOWN_no",0.042257080233016,0.000323857684161013,0.172368980685946,0.0544251018807426
481,"s(lastRippleHPC_z):DOWN_no",0.0888693631786825,0.000573546121391971,0.437725328681063,0.132046806909298
482,"s(lastRippleHPC_z):DOWN_no",0.0319905008432109,0.000352652087982588,0.15165717878377,0.044663852711538
483,"s(lastRippleHPC_z):DOWN_no",0.152687931558599,0.0015123318618909,0.65610140860728,0.456112172447214
484,"s(lastRippleHPC_z):DOWN_no",0.113085320902625,0.000892784777167042,0.441166855394062,0.160903163972293
485,"s(lastRippleHPC_z):DOWN_no",0.0739256478328976,0.000873832727678253,0.230796088605175,0.152339570513686
486,"s(lastRippleHPC_z):DOWN_no",0.122773070144067,0.0012685311180777,0.561111795242256,0.251752227114581
487,"s(lastRippleHPC_z):DOWN_no",0.0521709845303473,0.0002881576963145,0.300940096732825,0.0809721268486647
488,"s(lastRippleHPC_z):DOWN_no",0.061773075744691,0.000355964751682178,0.384258698682546,0.090335691376332
489,"s(lastRippleHPC_z):DOWN_no",0.0369988525458869,0.000827902772014194,0.159971586176135,0.387301251631093
490,"s(lastRippleHPC_z):DOWN_no",0.114747383315255,0.000788968582267075,0.408799455337131,0.238144298691896
491,"s(lastRippleHPC_z):DOWN_no",0.0887265674633539,0.000877951984895388,0.355091185797167,0.148863343616019
492,"s(lastRippleHPC_z):DOWN_no",0.0885723323899299,0.000680798999419925,0.415066086034796,0.10744386404894
493,"s(lastRippleHPC_z):DOWN_no",0.0695504172748258,0.00074050632812598,0.408256171479583,0.278041108026779
494,"s(lastRippleHPC_z):DOWN_no",0.0200864754635504,0.000219462387927359,0.117460284787996,0.0470484119716184
495,"s(lastRippleHPC_z):DOWN_no",0.044601598630031,0.000491500199093275,0.178520666299067,0.0525962960220288
496,"s(lastRippleHPC_z):DOWN_no",0.159575707739236,0.00149979019399802,0.354893181026498,0.117901331368265
497,"s(lastRippleHPC_z):DOWN_no",0.0522622776438944,0.000297656402332224,0.379930763800791,0.13055820333742
498,"s(lastRippleHPC_z):DOWN_no",0.0281738629675701,0.000410114960365841,0.15582863905374,0.272303641162664
499,"s(lastRippleHPC_z):DOWN_no",0.065675270254653,0.000542406738524025,0.233527686182712,0.0745123918003347
500,"s(lastRippleHPC_z):DOWN_no",0.0812946968058714,0.000598316120694197,0.359242010664235,0.18659607259978
501,"s(lastRippleHPC_z):DOWN_no",0.051022176068237,0.000339536781971371,0.278846854689376,0.207557442882203
502,"s(lastRippleHPC_z):DOWN_no",0.151446102039278,0.00151092870071957,0.506141939416234,0.252034558324812
503,"s(lastRippleHPC_z):DOWN_no",0.088474948054726,0.000880061012062909,0.37730448678708,0.167317162725226
504,"s(lastRippleHPC_z):DOWN_no",0.114311368450309,0.0011015464757715,0.442443561195668,0.400007423584704
505,"s(lastRippleHPC_z):DOWN_no",0.0160291056764503,0.000182255645926737,0.106784853845765,0.0314516400128641
506,"s(lastRippleHPC_z):DOWN_no",0.0808301104084794,0.000560542351009694,0.368135455376863,0.106156851913931
507,"s(lastRippleHPC_z):DOWN_no",0.0624087883151816,0.000318962731374967,0.390019272606747,0.133672955625797
508,"s(lastRippleHPC_z):DOWN_no",0.0442501640828539,0.000505484378493312,0.31200490322508,0.273164153335311
509,"s(lastRippleHPC_z):DOWN_no",0.0589466644239049,0.000670259605024639,0.202469671512789,0.0596225299552122
510,"s(lastRippleHPC_z):DOWN_no",0.0262525222353194,0.000282094647823442,0.13357072615259,0.0393364578478772
511,"s(lastRippleHPC_z):DOWN_no",0.0331104862760121,0.000368273030236879,0.153383171478802,0.045172323831
512,"s(lastRippleHPC_z):DOWN_no",0.0518204973222112,0.000707550537327004,0.193480555623494,0.234375147448289
513,"s(lastRippleHPC_z):DOWN_no",0.189157551646824,0.00179746813785355,0.540092673441341,0.14611300697741
514,"s(lastRippleHPC_z):DOWN_no",0.0512924137452497,0.000237961610461361,0.18956426230187,0.0559797173162042
515,"s(lastRippleHPC_z):DOWN_no",0.0668424229750855,0.000616836029721354,0.245669737133256,0.0773521158369176
516,"s(lastRippleHPC_z):DOWN_no",0.0383709321633372,0.000430169681450009,0.164750002640931,0.0485164369481791
517,"s(lastRippleHPC_z):DOWN_no",0.0238823781096364,0.000262239506428039,0.128399134445687,0.0378131130351412
518,"s(lastRippleHPC_z):DOWN_no",0.0861905763891713,0.000936517676535541,0.241918425668231,0.0712545911021346
519,"s(lastRippleHPC_z):DOWN_no",0.0275176091197622,0.00030301144910902,0.139876844271543,0.0411939816399147
520,"s(lastRippleHPC_z):DOWN_no",0.0931213026643842,0.000987361288136892,0.476866382794111,0.261740015842282
521,"s(lastRippleHPC_z):DOWN_no",0.108058846003493,0.000905164181010589,0.589895638993777,0.17542900361709
522,"s(lastRippleHPC_z):DOWN_no",0.0222052392944132,0.000335898418354052,0.120974130451721,0.196490278555661
523,"s(lastRippleHPC_z):DOWN_no",0.0482161029419057,0.000718380150649986,0.193265964890674,0.36699402068894
524,"s(lastRippleHPC_z):DOWN_no",0.0831209405719129,0.000687862048446195,0.41924602604312,0.153640929305411
525,"s(lastRippleHPC_z):DOWN_no",0.0185431311669166,0.000114913927524782,0.109827340370946,0.0685137894545407
526,"s(lastRippleHPC_z):DOWN_no",0.0496633547929228,0.000311839785773441,0.326669761603387,0.0901547515206015
527,"s(lastRippleHPC_z):DOWN_no",0.115510723947187,0.000876442498778615,0.492853666376297,0.202510368869176
528,"s(lastRippleHPC_z):DOWN_no",0.0413146015582342,0.000321339529810069,0.316975189789273,0.104895101037385
529,"s(lastRippleHPC_z):DOWN_no",0.0469978089703034,0.000714744023140322,0.177045522691017,0.249853493097708
530,"s(lastRippleHPC_z):DOWN_no",0.0363186831278117,0.000411844795758526,0.162145692272513,0.0477531786970013
531,"s(lastRippleHPC_z):DOWN_no",0.0397170529926605,0.000343465465230112,0.177594947013383,0.0619958776379851
532,"s(lastRippleHPC_z):DOWN_no",0.0829199951936683,0.000934735077063989,0.239330338320663,0.0704982520622185
533,"s(lastRippleHPC_z):DOWN_no",0.0410032824709123,0.000324067767155671,0.235918331554408,0.322838396667548
534,"s(lastRippleHPC_z):DOWN_no",0.11440863781362,0.00098512862680002,0.491976187324603,0.210974522901803
535,"s(lastRippleHPC_z):DOWN_no",0.0780690020258632,0.000577314339656603,0.347025250063874,0.120199273462523
536,"s(lastRippleHPC_z):DOWN_no",0.0293412048273254,0.000130700581128969,0.239214444214494,0.0905417193635261
537,"s(lastRippleHPC_z):DOWN_no",0.0832639423521364,0.000758264728112224,0.493013377032714,0.223115815589992
538,"s(lastRippleHPC_z):DOWN_no",0.0489842325568368,0.00053526214825561,0.185562728112888,0.0546485489207706
539,"s(lastRippleHPC_z):DOWN_no",0.0815208606841633,0.000895402840903913,0.239939751752054,0.0706688540690674
540,"s(lastRippleHPC_z):DOWN_no",0.0688596097634306,0.000734947958420989,0.383682609243187,0.263185489856656
541,"s(lastRippleHPC_z):DOWN_no",0.0230321609114696,0.000259638907088644,0.127159092610583,0.0374491091645987
542,"s(lastRippleHPC_z):DOWN_no",0.0200130181968081,0.000226422978665953,0.119139755400615,0.0350888679576372
543,"s(lastRippleHPC_z):DOWN_no",0.0442425816038909,0.000440516039762473,0.176046315552748,0.0517762108379992
544,"s(lastRippleHPC_z):DOWN_no",0.0649858629223097,0.000459197741647714,0.251646102460568,0.136055844008287
545,"s(lastRippleHPC_z):DOWN_no",0.0248913397715942,0.000286920493949162,0.135086335719888,0.0397741608657744
546,"s(lastRippleHPC_z):DOWN_no",0.0520182142848782,0.000489788610817778,0.194815758083119,0.0852301949025535
547,"s(lastRippleHPC_z):DOWN_no",0.0449707750182657,0.000548007351639085,0.180090472603937,0.238594406521182
548,"s(lastRippleHPC_z):DOWN_no",0.134440657682731,0.00128607295998267,0.58390970163232,0.193142204866282
549,"s(lastRippleHPC_z):DOWN_no",0.110058815283566,0.000889305879877198,0.524947395896925,0.164190536643888
550,"s(lastRippleHPC_z):DOWN_no",0.0834570008797257,0.000561435355610613,0.384427328454351,0.0982378998440997
551,"s(lastRippleHPC_z):DOWN_no",0.12202076470307,0.00108929643019947,0.590109421183247,0.148390493499258
552,"s(lastRippleHPC_z):DOWN_no",0.0357612881044442,0.000224243066341924,0.232973559263355,0.171641429223985
553,"s(lastRippleHPC_z):DOWN_no",0.00163875640618905,1.70652598069717e-05,0.0327063132908049,0.0096313634253197
554,"s(lastRippleHPC_z):DOWN_no",0.0594652183541768,0.000427842924238922,0.324755443306998,0.102002517319667
555,"s(lastRippleHPC_z):DOWN_no",0.040656029779143,0.00049331846109549,0.16480761663099,0.120131912758051
556,"s(lastRippleHPC_z):DOWN_no",0.112411769629851,0.000812148357681374,0.535043010736004,0.167104133254608
557,"s(lastRippleHPC_z):DOWN_no",0.0601469149950997,0.000657470438680509,0.200334252052082,0.0590152297642883
558,"s(lastRippleHPC_z):DOWN_no",0.0894759430498446,0.00135854817624617,0.518387252315492,0.396671325695385
559,"s(lastRippleHPC_z):DOWN_no",0.0220775858839666,0.000300541183314732,0.123191155457274,0.121372445802914
560,"s(lastRippleHPC_z):DOWN_no",0.0320699589755513,0.000249781671506231,0.147183418833436,0.0469936454673627
561,"s(lastRippleHPC_z):DOWN_no",0.048625361159516,0.00030860862227388,0.313831032623526,0.0814156040700414
562,"s(lastRippleHPC_z):DOWN_no",0.0630283059705885,0.000568707724597771,0.253696273617507,0.0738886460052723
563,"s(lastRippleHPC_z):DOWN_no",0.0821451360263623,0.00125102113670629,0.419306977746062,0.388089647888524
564,"s(lastRippleHPC_z):DOWN_no",0.0430478784138266,0.000468979456262517,0.173178648582007,0.0510000085137842
565,"s(lastRippleHPC_z):DOWN_no",0.0577203527799295,0.000425040945519063,0.32200162958883,0.164694784632397
566,"s(lastRippleHPC_z):DOWN_no",0.0412921979949257,0.00051908552554721,0.319383270027375,0.323261615653884
567,"s(lastRippleHPC_z):DOWN_no",0.0466292786966331,0.000317053439329488,0.247998282846142,0.105851948856705
568,"s(lastRippleHPC_z):DOWN_no",0.0454974565796729,0.000412964786314916,0.209950465660229,0.104834916270749
569,"s(lastRippleHPC_z):DOWN_no",0.0795624743087409,0.000634027892576104,0.398555786718061,0.234543871988616
570,"s(lastRippleHPC_z):DOWN_no",0.0645721552101826,0.000566993654142711,0.210849528235687,0.0662922998048389
571,"s(lastRippleHPC_z):DOWN_no",0.0481022837774692,0.00114492129612495,0.182482009166324,0.492820620297652
572,"s(lastRippleHPC_z):DOWN_no",0.117153909451238,0.00088909449201676,0.411420959859813,0.113639470481237
573,"s(lastRippleHPC_z):DOWN_no",0.0475849560294552,0.000222604468929334,0.273369607013085,0.0835451082507267
574,"s(lastRippleHPC_z):DOWN_no",0.120890336484113,0.00121500760191902,0.296802963163817,0.0977518425005187
575,"s(lastRippleHPC_z):DOWN_no",0.0513875631330869,0.000620661021615759,0.192324894980815,0.10925880031359
576,"s(lastRippleHPC_z):DOWN_no",0.135335438774366,0.00148834964687222,0.303272081095731,0.089330596486407
577,"s(lastRippleHPC_z):DOWN_no",0.0863948238372245,0.000790822817462406,0.509835650500364,0.177108112270536
578,"s(lastRippleHPC_z):DOWN_no",0.0854907212829783,0.00063701133098565,0.356878513340054,0.0955445379424917
579,"s(lastRippleHPC_z):DOWN_no",0.0935917577567551,0.000259637019225739,0.249068470118778,0.0730151473519963
580,"s(lastRippleHPC_z):DOWN_no",0.103039547945858,0.00114595301842057,0.408956732045462,0.261715694172174
581,"s(lastRippleHPC_z):DOWN_no",0.0748789152107019,0.00102306037633845,0.3099572663174,0.416710853267435
582,"s(lastRippleHPC_z):DOWN_no",0.106844979650962,0.000791698980272933,0.487496029159322,0.122623992194365
583,"s(lastRippleHPC_z):DOWN_no",0.0143967534990725,0.000147633420160808,0.119646258654065,0.154873030097336
584,"s(lastRippleHPC_z):DOWN_no",0.0380162407260123,0.00043263929017891,0.164397962527436,0.0484121467612691
585,"s(lastRippleHPC_z):DOWN_no",0.0277912583371016,0.00031132851493758,0.142014733341479,0.0418422702614046
586,"s(lastRippleHPC_z):DOWN_no",0.0306019227839123,0.000326162562663553,0.145012016152373,0.0427071347803401
587,"s(lastRippleHPC_z):DOWN_no",0.118834663447974,0.000898017040376281,0.453490134119672,0.137330667365675
588,"s(lastRippleHPC_z):DOWN_no",0.119008210105353,0.000913874553339386,0.519433212567939,0.12552328465175
589,"s(lastRippleHPC_z):DOWN_no",0.0195745387672179,0.000225677854463946,0.116782640873158,0.0510697681611394
590,"s(lastRippleHPC_z):DOWN_no",0.0145078875139379,0.000167923899929321,0.101736930422664,0.029970009556992
591,"s(lastRippleHPC_z):DOWN_no",0.0647247400949453,0.000500910761765261,0.2993752614961,0.0869962378912256
592,"s(lastRippleHPC_z):DOWN_no",0.0358884721036894,0.000722225157151617,0.160861020534499,0.378474696247045
593,"s(lastRippleHPC_z):DOWN_no",0.0432475681225899,0.000226114018303767,0.292328059087716,0.169870219455152
594,"s(lastRippleHPC_z):DOWN_no",0.0368805199011621,0.00041229140389128,0.160226739655964,0.0471874194981093
595,"s(lastRippleHPC_z):DOWN_no",0.0788644353337968,0.001194458468223,0.363373671860467,0.423385572326328
596,"s(lastRippleHPC_z):DOWN_no",0.00565866568035744,0.000453272202337575,0.0612926962125587,0.387003809582925
597,"s(lastRippleHPC_z):DOWN_no",0.0260905833724614,0.000241615648299696,0.163625175254648,0.0667125817444188
598,"s(lastRippleHPC_z):DOWN_no",0.0779421134403062,0.000896446000721407,0.235903323478148,0.0804892256316441
599,"s(lastRippleHPC_z):DOWN_no",0.0829607225891511,0.000775979284202736,0.40715203857205,0.532857751581863
600,"s(lastRippleHPC_z):DOWN_no",0.0600260513190687,0.00121123130651584,0.203350195822577,0.457668924897308
601,"s(lastRippleHPC_z):DOWN_no",0.068184649684218,0.000603870729943073,0.357920985951337,0.206989285992299
602,"s(lastRippleHPC_z):DOWN_no",0.138837777641914,0.00138722512656501,0.5083810930035,0.240434474292808
603,"s(lastRippleHPC_z):DOWN_no",0.0697018309428348,0.00066939167624144,0.282520997879833,0.132179467617424
604,"s(lastRippleHPC_z):DOWN_no",0.137596374492531,0.00125100631431565,0.509877510219589,0.154079712532566
605,"s(lastRippleHPC_z):DOWN_no",0.0856715375141395,0.000522785823320803,0.35050569465287,0.187399537067127
606,"s(lastRippleHPC_z):DOWN_no",0.0764405306423104,0.000642831348209994,0.387531165416623,0.130585395970398
607,"s(lastRippleHPC_z):DOWN_no",0.100217613946223,0.000918201930144273,0.511514331819849,0.208915162271763
608,"s(lastRippleHPC_z):DOWN_no",0.0222091385482663,0.000252829932265727,0.126392289073943,0.0372647622273431
609,"s(lastRippleHPC_z):DOWN_no",0.0701234021950068,0.000512466414948229,0.241234720370571,0.0701290513901837
610,"s(lastRippleHPC_z):DOWN_no",0.051322822269956,0.000498148583081338,0.18542903489268,0.11751088639517
611,"s(lastRippleHPC_z):DOWN_no",0.10521100945477,0.00108615764148754,0.523714903611574,0.164516564075904
612,"s(lastRippleHPC_z):DOWN_no",0.0194294779182496,0.00021858084121649,0.119252098878225,0.0351174687502501
613,"s(lastRippleHPC_z):DOWN_no",0.127131619378149,0.00162030226151811,0.30560996478941,0.253727587462341
614,"s(lastRippleHPC_z):DOWN_no",0.0681055087401319,0.000741296273255021,0.214986183154599,0.0641503049052828
615,"s(lastRippleHPC_z):DOWN_no",0.065154072666239,0.000637746998648952,0.336649604971242,0.165269355640413
616,"s(lastRippleHPC_z):DOWN_no",0.0900897628252313,0.000601543632532015,0.49848270000576,0.113891663126503
617,"s(lastRippleHPC_z):DOWN_no",0.0966520437031821,0.000653120167791774,0.353141060851309,0.127994041023373
618,"s(lastRippleHPC_z):DOWN_no",0.104944035227691,0.0010696480077872,0.24753395303798,0.102765194943959
619,"s(lastRippleHPC_z):DOWN_no",0.105531143016025,0.00142048015810247,0.4560092833087,0.386472425109202
620,"s(lastRippleHPC_z):DOWN_no",0.0603073195634227,0.000725642458852563,0.204337288801821,0.145582451356973
621,"s(lastRippleHPC_z):DOWN_no",0.0600326463119938,0.000581812814797895,0.191167798102022,0.0839167464623029
622,"s(lastRippleHPC_z):DOWN_no",0.0830520825033432,0.000695754487202545,0.418353383920465,0.112501255341268
623,"s(lastRippleHPC_z):DOWN_no",0.0622459116255953,0.000473225966288506,0.295033007748848,0.0824532331770567
624,"s(lastRippleHPC_z):DOWN_no",0.0855495885383171,0.000916938964101638,0.396618796494712,0.220795206519711
625,"s(lastRippleHPC_z):DOWN_no",0.0988579648064611,0.000877640142786767,0.508875503626321,0.531394656601007
626,"s(lastRippleHPC_z):DOWN_no",0.0758520645235148,0.000591489031385643,0.47576662348455,0.187146351044903
627,"s(lastRippleHPC_z):DOWN_no",0.101687339063281,0.000809630149328169,0.416158205574887,0.148791745884358
628,"s(lastRippleHPC_z):DOWN_no",0.0866778955260266,0.000631401677948634,0.434918514978002,0.117723852248977
629,"s(lastRippleHPC_z):DOWN_no",0.102324151160881,0.000956321467527733,0.361943087804796,0.117196913283528
630,"s(lastRippleHPC_z):DOWN_no",0.131512366892423,0.00095488591593016,0.317822160005284,0.0915432707100081
631,"s(lastRippleHPC_z):DOWN_no",0.0734937814617957,0.00106495743227065,0.236366445621678,0.428910852106629
632,"s(lastRippleHPC_z):DOWN_no",0.134435421390164,0.00120739517231637,0.48395719437605,0.225239591918097
633,"s(lastRippleHPC_z):DOWN_no",0.0713435170917887,0.000584348831828769,0.451235715042152,0.207035792142146
634,"s(lastRippleHPC_z):DOWN_no",0.0674263075310186,0.000456434767209675,0.331126374768948,0.147619430037005
635,"s(lastRippleHPC_z):DOWN_no",0.155066152239716,0.00147914987311954,0.333362432281548,0.114666233027305
636,"s(lastRippleHPC_z):DOWN_no",0.0479896665142636,0.000592382668594974,0.184598385662392,0.124907624541487
637,"s(lastRippleHPC_z):DOWN_no",0.0592223495817699,0.000378150009945693,0.248772959490159,0.127891055873179
638,"s(lastRippleHPC_z):DOWN_no",0.0663203491919031,0.00075178610244657,0.217536618302918,0.0640653432084991
639,"s(lastRippleHPC_z):DOWN_no",0.0208452389171097,0.000439338537819157,0.124378331948018,0.213985221820151
640,"s(lastRippleHPC_z):DOWN_no",0.0717043095710608,0.000870168070885129,0.427430628187222,0.364380091127346
641,"s(lastRippleHPC_z):DOWN_no",0.103761305985666,0.000963959534486583,0.473725712871406,0.126699183423716
642,"s(lastRippleHPC_z):DOWN_no",0.0591991584638283,0.000415559569318037,0.204137050870841,0.0624177755394325
643,"s(lastRippleHPC_z):DOWN_no",0.0640431940585575,0.000602750717526924,0.239361948282391,0.0725600739772801
644,"s(lastRippleHPC_z):DOWN_no",0.0521778077521802,0.000378086568388872,0.198227524582664,0.0597140589170073
645,"s(lastRippleHPC_z):DOWN_no",0.0286431077707032,0.000242381237009134,0.143912913380515,0.0545069647272992
646,"s(lastRippleHPC_z):DOWN_no",0.0644430750174205,0.000444981277497578,0.339887663974584,0.106238861255128
647,"s(lastRippleHPC_z):DOWN_no",0.0922565929329906,0.00116663114613811,0.440960789653652,0.285660591956361
648,"s(lastRippleHPC_z):DOWN_no",0.0748473817174649,0.000673475946525958,0.426321573834916,0.103266305271226
649,"s(lastRippleHPC_z):DOWN_no",0.0897567362403908,0.000781824692662263,0.359360897798487,0.109366295278719
650,"s(lastRippleHPC_z):DOWN_no",0.0532754235785546,0.000454949562633327,0.331873707762093,0.315142702114731
651,"s(lastRippleHPC_z):DOWN_no",0.0671015226160456,0.000735680019188958,0.221649931584922,0.0651852213075992
652,"s(lastRippleHPC_z):DOWN_no",0.0592714656127225,0.000541860274463952,0.300821087196249,0.187152885237557
653,"s(lastRippleHPC_z):DOWN_no",0.0450463067165074,0.000371422600430585,0.290912387835634,0.0715827457271725
654,"s(lastRippleHPC_z):DOWN_no",0.0478836889468823,0.000530655129921132,0.184033905101997,0.0542000535546017
655,"s(lastRippleHPC_z):DOWN_no",0.0146817561981347,0.000207623524213598,0.0989239174920847,0.0911722588331388
656,"s(lastRippleHPC_z):DOWN_no",0.0377074187871269,0.00041719083928242,0.180039831203136,0.204866362243678
657,"s(lastRippleHPC_z):DOWN_no",0.252511448732477,0.00261428562149813,0.77609648167154,0.561002221539753
658,"s(lastRippleHPC_z):DOWN_no",0.0935569524759412,0.000770370297784824,0.472332116550433,0.227968961951866
659,"s(lastRippleHPC_z):DOWN_no",0.0298140394127628,0.000113940904966368,0.22835722358817,0.0583448995170753
660,"s(lastRippleHPC_z):DOWN_no",0.0793379722819143,0.000759959084107905,0.309781148127578,0.276822028041316
661,"s(lastRippleHPC_z):DOWN_no",0.0313737302420147,0.000829390991122101,0.197564427548685,0.515413035283851
662,"s(lastRippleHPC_z):DOWN_no",0.0826304052069595,0.000739833768549218,0.394771741740233,0.168537981519242
663,"s(lastRippleHPC_z):DOWN_no",0.0782267736164144,0.000884397567293109,0.239980296186458,0.0706798841216958
664,"s(lastRippleHPC_z):DOWN_no",0.0564469427644791,0.000645229043351725,0.331469679125671,0.296265622548293
665,"s(lastRippleHPC_z):DOWN_no",0.0922081926108262,0.00103437962085512,0.259345334142591,0.0763783184739738
666,"s(lastRippleHPC_z):DOWN_no",0.0805148319368651,0.00124661493220204,0.264875127779634,0.471482712823019
667,"s(lastRippleHPC_z):DOWN_no",0.12458030638415,0.000912393579384708,0.437733665616599,0.158239991077738
668,"s(lastRippleHPC_z):DOWN_no",0.0974791088326814,0.000862987231940761,0.553212831969584,0.130482413176808
669,"s(lastRippleHPC_z):DOWN_no",0.0621771899464392,0.000547056439081363,0.356486776763432,0.35245058038759
670,"s(lastRippleHPC_z):DOWN_no",0.0248121014951881,0.000270445390240485,0.131244788305423,0.0386239603019732
671,"s(lastRippleHPC_z):DOWN_no",0.0152222099718475,0.000169524091600772,0.102119515234176,0.0300773389059224
672,"s(lastRippleHPC_z):DOWN_no",0.047450108355882,0.000529636703938826,0.183120651194392,0.0539537378381649
673,"s(lastRippleHPC_z):DOWN_no",0.140195715755723,0.00138183618947704,0.483290680885004,0.131382265891762
674,"s(lastRippleHPC_z):DOWN_no",0.0681131327895717,0.00067284582702307,0.214282325826524,0.100595071892578
675,"s(lastRippleHPC_z):DOWN_no",0.125094826066872,0.00109812987703653,0.482840171565695,0.312657933040708
676,"s(lastRippleHPC_z):DOWN_no",0.172950070537819,0.00213256647992051,0.669291985646412,0.375169230766861
677,"s(lastRippleHPC_z):DOWN_no",0.0382050360721102,0.000425268585825683,0.162096751933541,0.0477508604333418
678,"s(lastRippleHPC_z):DOWN_no",0.104231244495539,0.000793995401555157,0.504925748641509,0.118613512461093
679,"s(lastRippleHPC_z):DOWN_no",0.0454085924483802,0.000256437852184259,0.179504330803433,0.0527861108839925
680,"s(lastRippleHPC_z):DOWN_no",0.0392719991676671,0.000384342472357847,0.168371529182835,0.0710928610754777
681,"s(lastRippleHPC_z):DOWN_no",0.0678291884145104,0.000607505688224178,0.241357999926397,0.072508454108706
682,"s(lastRippleHPC_z):DOWN_no",0.0619616269092749,0.000695841047711198,0.205833739159365,0.0606179705689551
683,"s(lastRippleHPC_z):DOWN_no",0.104002501799384,0.0010998265147433,0.265111996540495,0.0784423936352412
684,"s(lastRippleHPC_z):DOWN_no",0.0564770160304899,0.000389885878894817,0.24716237414156,0.16166560239891
685,"s(lastRippleHPC_z):DOWN_no",0.0395067632908113,0.000337922227049275,0.178440841180792,0.0588961752519564
686,"s(lastRippleHPC_z):DOWN_no",0.0777202637230481,0.000581330401243601,0.290504656726507,0.126705198221569
687,"s(lastRippleHPC_z):DOWN_no",0.129100929172534,0.00127349186136302,0.514009259226409,0.128472297970943
688,"s(lastRippleHPC_z):DOWN_no",0.130461099228006,0.00118000991301037,0.625941539300295,0.224046960161649
689,"s(lastRippleHPC_z):DOWN_no",0.0725322992126713,0.000488374256043314,0.345045609648294,0.204398339637461
690,"s(lastRippleHPC_z):DOWN_no",0.198217181832657,0.00207268695624365,0.673235720243906,0.278485467837367
691,"s(lastRippleHPC_z):DOWN_no",0.0485708776291425,0.000652604902408521,0.220170602330092,0.323476058075721
692,"s(lastRippleHPC_z):DOWN_no",0.0439508930871817,0.000477835462564702,0.170121799881345,0.0501025225773751
693,"s(lastRippleHPC_z):DOWN_no",0.0302483618282814,0.000248408098535209,0.16662171006813,0.0488767889953434
694,"s(lastRippleHPC_z):DOWN_no",0.0226593260633159,0.000458709679299742,0.126157568963254,0.229638816089513
695,"s(lastRippleHPC_z):DOWN_no",0.123902324190437,0.000962862521297295,0.415463725830718,0.151678649945286
696,"s(lastRippleHPC_z):DOWN_no",0.0736250077370517,0.000609741599116256,0.349225034516788,0.379941051446871
697,"s(lastRippleHPC_z):DOWN_no",0.0678015814887001,0.000465979890595814,0.333203415239487,0.0991560849537764
698,"s(lastRippleHPC_z):DOWN_no",0.0537460835154437,0.00029640757481918,0.313675392365958,0.141270454695473
699,"s(lastRippleHPC_z):DOWN_no",0.0694401244368414,0.00046468302070695,0.403323596749528,0.104160366991882
700,"s(lastRippleHPC_z):DOWN_no",0.113124951106784,0.00128307694713252,0.284771273553565,0.132565992533578
701,"s(lastRippleHPC_z):DOWN_no",0.0223843267190791,0.000259511152142879,0.120388524557665,0.169878118196616
702,"s(lastRippleHPC_z):DOWN_no",0.0818189895275623,0.00106722106827533,0.479678092855886,0.281461575433994
703,"s(lastRippleHPC_z):DOWN_no",0.0343749428307181,0.000396116705561512,0.153472600344439,0.060222202672779
704,"s(lastRippleHPC_z):DOWN_no",0.0223187374712435,0.000178487597079299,0.143646349868046,0.038096620075752
705,"s(lastRippleHPC_z):DOWN_no",0.0284441485857911,0.000314821196298472,0.14209229290455,0.0418468423337736
706,"s(lastRippleHPC_z):DOWN_no",0.0587974820328601,0.000345610229125678,0.284970678314824,0.0961144497831227
707,"s(lastRippleHPC_z):DOWN_no",0.118784435228621,0.000971594902021456,0.555949246933541,0.138974424894642
708,"s(lastRippleHPC_z):DOWN_no",0.12105467866316,0.00115568861642698,0.530802134100044,0.339149398681912
709,"s(lastRippleHPC_z):DOWN_no",0.0841190788517139,0.000697877813153897,0.390383097479817,0.127008812616493
710,"s(lastRippleHPC_z):DOWN_no",0.0817727255211071,0.000565972390178372,0.39331737037597,0.288077894611371
711,"s(lastRippleHPC_z):DOWN_no",0.0298123775586472,0.000452940613755992,0.129569917230093,0.270877721287773
712,"s(lastRippleHPC_z):DOWN_no",0.0667737240505666,0.000411599666170804,0.227346560259528,0.0693625713099358
713,"s(lastRippleHPC_z):DOWN_no",0.0434718087043446,0.000487773054539369,0.174017375073447,0.0512494487902497
714,"s(lastRippleHPC_z):DOWN_no",0.129588467415637,0.00106166649384372,0.517932393094513,0.186261672234296
715,"s(lastRippleHPC_z):DOWN_no",0.0775085931149366,0.000742785352728509,0.224284313972472,0.0776642130456259
716,"s(lastRippleHPC_z):DOWN_no",0.153275391049901,0.00139156444412631,0.506802026903629,0.403119248909258
717,"s(lastRippleHPC_z):DOWN_no",0.0663001499951026,0.000414498114338792,0.301956247843985,0.113421005179676
718,"s(lastRippleHPC_z):DOWN_no",0.0843296563760578,0.00110656474272423,0.241835670098817,0.210542477530375
719,"s(lastRippleHPC_z):DOWN_no",0.0775522876450978,0.000583109386103244,0.467415774051688,0.156258485825438
720,"s(lastRippleHPC_z):DOWN_no",0.0498936003701349,0.000541186488627938,0.189020964252599,0.0556850938710796
721,"s(lastRippleHPC_z):DOWN_no",0.0879627367919884,0.00100648234939498,0.443799193079624,0.232019771036773
722,"s(lastRippleHPC_z):DOWN_no",0.14926571537705,0.00150200405540696,0.608635374751502,0.146677972190548
723,"s(lastRippleHPC_z):DOWN_no",0.0524694999792672,0.000532994276842747,0.333459744668564,0.108022623161984
724,"s(lastRippleHPC_z):DOWN_no",0.0275601956778928,0.000305381804449579,0.139269687834128,0.0410104636444504
725,"s(lastRippleHPC_z):DOWN_no",0.0530379416675544,0.000591811771991754,0.19766515428084,0.0582122413125084
726,"s(lastRippleHPC_z):DOWN_no",0.072615044905989,0.000648477705033057,0.407485040557242,0.419026964402308
727,"s(lastRippleHPC_z):DOWN_no",0.0430982431730111,0.000484649574222969,0.171882174996287,0.0506200838284913
728,"s(lastRippleHPC_z):DOWN_no",0.13364731909199,0.00134844404572759,0.534265699674374,0.139925687405642
729,"s(lastRippleHPC_z):DOWN_no",0.0726446091840121,0.000798559954972525,0.221857946406148,0.0653394412823938
730,"s(lastRippleHPC_z):DOWN_no",0.0670794291598131,0.000756729842461048,0.218225382807381,0.0642681628955128
731,"s(lastRippleHPC_z):DOWN_no",0.0275532113412513,0.000307154692903227,0.140624058513666,0.0433721288790492
732,"s(lastRippleHPC_z):DOWN_no",0.0706378077225498,0.000830562038619261,0.223337142092261,0.0960663126859129
733,"s(lastRippleHPC_z):DOWN_no",0.026975533703947,0.00031261553055141,0.140497176001564,0.0413770091142228
734,"s(lastRippleHPC_z):DOWN_no",0.0461616870460126,0.000247831286050413,0.241107907740562,0.088367605918402
735,"s(lastRippleHPC_z):DOWN_no",0.0444612246427614,0.000484501493708756,0.172184413124038,0.0507089326994795
736,"s(lastRippleHPC_z):DOWN_no",0.103820471869971,0.00101517340208331,0.42466015441267,0.210670478244769
737,"s(lastRippleHPC_z):DOWN_no",0.0838180762175629,0.000572878401330166,0.446316316559438,0.118740865107107
738,"s(lastRippleHPC_z):DOWN_no",0.0641047614469095,0.000513034591831915,0.355904295578324,0.241982535693383
739,"s(lastRippleHPC_z):DOWN_no",0.059087838760874,0.000476077395482133,0.403218679602965,0.192384357894654
740,"s(lastRippleHPC_z):DOWN_no",0.0836907862070273,0.00095551250043741,0.495219331452782,0.299022939129122
741,"s(lastRippleHPC_z):DOWN_no",0.0446554800630494,0.000497472900800382,0.18090787630806,0.0532788815385371
742,"s(lastRippleHPC_z):DOWN_no",0.0730127109363377,0.000928673930864454,0.256725213495808,0.271002634972028
743,"s(lastRippleHPC_z):DOWN_no",0.0507525911589273,0.000447791732798981,0.288683056643235,0.109197926347193
744,"s(lastRippleHPC_z):DOWN_no",0.0532127235141342,0.000641963179716512,0.194750490469789,0.123098805120989
745,"s(lastRippleHPC_z):DOWN_no",0.0549660140137096,0.000484645396980003,0.310707536818481,0.440741948126524
746,"s(lastRippleHPC_z):DOWN_no",0.0530667772715567,0.000529034281005027,0.305716686387728,0.173855492989332
747,"s(lastRippleHPC_z):DOWN_no",0.116286515853719,0.00108046796477156,0.35789888973809,0.147770423026385
748,"s(lastRippleHPC_z):DOWN_no",0.127380227607603,0.00101714948581332,0.517529093770307,0.161380413443096
749,"s(lastRippleHPC_z):DOWN_no",0.113316131277404,0.000922261071996554,0.500820636421671,0.163600365812089
750,"s(lastRippleHPC_z):DOWN_no",0.0191353913698435,0.000211258925455323,0.115636128880093,0.0340594650998908
751,"s(lastRippleHPC_z):DOWN_no",0.0177238221296108,0.000197723057069511,0.110289245859354,0.0324849171267934
752,"s(lastRippleHPC_z):DOWN_no",0.064094583512956,0.000564662584343016,0.361041018695732,0.291606975048107
753,"s(lastRippleHPC_z):DOWN_no",0.0988338267461035,0.000922103578416912,0.524264918989958,0.259056483804242
754,"s(lastRippleHPC_z):DOWN_no",0.0404901289343069,0.000232162970886303,0.295709746014813,0.0788306398612676
755,"s(lastRippleHPC_z):DOWN_no",0.0761951181869431,0.000753133102721699,0.371511483156283,0.0991658520684676
756,"s(lastRippleHPC_z):DOWN_no",0.101093854844306,0.000897281961074377,0.383420545549911,0.266463231249859
757,"s(lastRippleHPC_z):DOWN_no",0.0329208700128802,0.000756502289921749,0.137034522939834,0.421222661399741
758,"s(lastRippleHPC_z):DOWN_no",0.0558355110100006,0.000382014655496623,0.326658095077056,0.170948814277337
759,"s(lastRippleHPC_z):DOWN_no",0.0502621753029935,0.000731736440606107,0.184405208823168,0.250518464511743
760,"s(lastRippleHPC_z):DOWN_no",0.0836078008428096,0.000943410494050552,0.404722423959923,0.313057866468751
761,"s(lastRippleHPC_z):DOWN_no",0.111708939635882,0.000832446697375707,0.466365079893413,0.164657153950296
762,"s(lastRippleHPC_z):DOWN_no",0.0900559886590475,0.000953213863987963,0.469008619028416,0.122580916716
763,"s(lastRippleHPC_z):DOWN_no",0.051604659953064,0.00061468456485683,0.217413041455335,0.213155801974447
764,"s(lastRippleHPC_z):DOWN_no",0.072572687345323,0.000672220093278864,0.436222867945211,0.150932380192241
765,"s(lastRippleHPC_z):DOWN_no",0.0926126889072485,0.00136786925941872,0.365819978078652,0.502948749741893
766,"s(lastRippleHPC_z):DOWN_no",0.125925452466936,0.00113403167455799,0.331103055290067,0.0965644681937893
767,"s(lastRippleHPC_z):DOWN_no",0.0756730065801552,0.000723730071339178,0.307970513191654,0.133345832542325
768,"s(lastRippleHPC_z):DOWN_no",0.0262900380112061,0.000385645011204879,0.138598665215266,0.155458302388264
769,"s(lastRippleHPC_z):DOWN_no",0.156655370658422,0.00168193507772411,0.553728627187337,0.154626803133555
770,"s(lastRippleHPC_z):DOWN_no",0.0353639280676123,8.62513856238541e-05,0.157936468910191,0.0462709919386332
771,"s(lastRippleHPC_z):DOWN_no",0.116705384045868,0.000882709566124895,0.494246319494319,0.124711368331446
772,"s(lastRippleHPC_z):DOWN_no",0.0326080346730979,0.000396220193428514,0.154274577530365,0.0580373833802196
773,"s(lastRippleHPC_z):DOWN_no",0.0867909248132239,0.00102339866682624,0.471424601397021,0.185046202138869
774,"s(lastRippleHPC_z):DOWN_no",0.144306672288637,0.00120253075155043,0.550518199203133,0.285964656402167
775,"s(lastRippleHPC_z):DOWN_no",0.0615036897042671,0.000326534136624294,0.279580859980996,0.158037568302811
776,"s(lastRippleHPC_z):DOWN_no",0.0861724254524372,0.000864108852124659,0.387255129066214,0.103997010485401
777,"s(lastRippleHPC_z):DOWN_no",0.0829198603992758,0.000827971560687867,0.451584538397416,0.22695502338942
778,"s(lastRippleHPC_z):DOWN_no",0.0203339403165472,0.000226227740370778,0.120534484189795,0.0354983034341015
779,"s(lastRippleHPC_z):DOWN_no",0.00769799801582316,0.000621208081578235,0.0667492454143834,0.48531614679428
780,"s(lastRippleHPC_z):DOWN_no",0.0943675674702931,0.000895367298965187,0.481935992228762,0.358155860059534
781,"s(lastRippleHPC_z):DOWN_no",0.0774015645418,0.000729298191273075,0.33988281819748,0.123885699830582
782,"s(lastRippleHPC_z):DOWN_no",0.0897748252124426,0.000608405034856085,0.380553084576508,0.144299275525734
783,"s(lastRippleHPC_z):DOWN_no",0.0213792981434118,0.000570511299217698,0.120153097669908,0.332115747401797
784,"s(lastRippleHPC_z):DOWN_no",0.0276972279009211,0.000546853761043196,0.17740579459553,0.355247562371245
785,"s(lastRippleHPC_z):DOWN_no",0.113347343914795,0.00119438424024405,0.532091341751777,0.14180705907044
786,"s(lastRippleHPC_z):DOWN_no",0.0257472921214852,0.000290136628575997,0.136094580269512,0.0400790725824309
787,"s(lastRippleHPC_z):DOWN_no",0.0379435210866106,0.000683876734820142,0.166536347222396,0.312543791483107
788,"s(lastRippleHPC_z):DOWN_no",0.0560341126823367,0.000408973095388398,0.328958064487704,0.195050494847101
789,"s(lastRippleHPC_z):DOWN_no",0.0303048027561896,0.000353532310782074,0.147362509662636,0.0434006494716303
790,"s(lastRippleHPC_z):DOWN_no",0.0673506400763966,0.000446768403435805,0.356171247759473,0.124052250928432
791,"s(lastRippleHPC_z):DOWN_no",0.107747048965585,0.00123992609278199,0.276682816442947,0.0826495002308051
792,"s(lastRippleHPC_z):DOWN_no",0.0970241749936935,0.000908849841829991,0.436577691239753,0.141262182160555
793,"s(lastRippleHPC_z):DOWN_no",0.0955311492182069,0.00128258696121029,0.482911563963501,0.358016375768289
794,"s(lastRippleHPC_z):DOWN_no",0.039235966205549,0.000669357304663216,0.166686493464645,0.243372745861113
795,"s(lastRippleHPC_z):DOWN_no",0.0632299029012664,0.000709537883514307,0.209089743962946,0.0732337599311612
796,"s(lastRippleHPC_z):DOWN_no",0.105236099457784,0.00124002666875792,0.269330209873549,0.12852634472576
797,"s(lastRippleHPC_z):DOWN_no",0.0443134578495439,0.000369368148529269,0.19626576518189,0.0566108294304291
798,"s(lastRippleHPC_z):DOWN_no",0.0634744719661313,0.000721980998361066,0.211727196645895,0.062355895857858
799,"s(lastRippleHPC_z):DOWN_no",0.0955912502684981,0.00129690125079673,0.260413653704134,0.280198355271842
800,"s(lastRippleHPC_z):DOWN_no",0.119038144006653,0.00116835539254257,0.515980926186859,0.544204612028861
801,"s(lastRippleHPC_z):DOWN_no",0.0908327203767865,0.00140145824973858,0.478245731450628,0.439094824582947
802,"s(lastRippleHPC_z):DOWN_no",0.107046913709766,0.00100117638826276,0.569221605465072,0.170476375432748
803,"s(lastRippleHPC_z):DOWN_no",0.0776109283027875,0.000597109247281484,0.288233539843999,0.130414684249365
804,"s(lastRippleHPC_z):DOWN_no",0.143415929679454,0.00196661008746923,0.563569258655879,0.386018356641526
805,"s(lastRippleHPC_z):DOWN_no",0.0452964932272995,0.000564093264314501,0.177571412672067,0.134561665700536
806,"s(lastRippleHPC_z):DOWN_no",0.0416623755523737,0.000356256828369758,0.243013423384534,0.060884798505542
807,"s(lastRippleHPC_z):DOWN_no",0.0661575218045165,0.000435527659813085,0.339251295086029,0.280115971135034
808,"s(lastRippleHPC_z):DOWN_no",0.0206315321401629,0.000833367693907947,0.118276810187941,0.493113867533788
809,"s(lastRippleHPC_z):DOWN_no",0.105835347633725,0.000969752500171037,0.205075963269665,0.0795042002153193
810,"s(lastRippleHPC_z):DOWN_no",0.0784454775907673,0.000612974965981233,0.431748234417487,0.159732313354161
811,"s(lastRippleHPC_z):DOWN_no",0.143841548380838,0.00182612438616638,0.539963668899302,0.363836708377826
812,"s(lastRippleHPC_z):DOWN_no",0.0466509938984476,0.000483783453112549,0.260825018016393,0.167859666650918
813,"s(lastRippleHPC_z):DOWN_no",0.207729268061843,0.00239582756207104,0.720444616422923,0.241044939898162
814,"s(lastRippleHPC_z):DOWN_no",0.0338745460287946,0.000167418234087095,0.260561824969223,0.065152260121615
815,"s(lastRippleHPC_z):DOWN_no",0.0278080583552516,0.000308718423819622,0.13829302364944,0.040726880953729
816,"s(lastRippleHPC_z):DOWN_no",0.095168927027812,0.00105590904384272,0.257531175021618,0.0758449651024865
817,"s(lastRippleHPC_z):DOWN_no",0.0254680777709737,0.00027998390933446,0.129252629678077,0.038610013560109
818,"s(lastRippleHPC_z):DOWN_no",0.0619903054910651,0.000454556768695318,0.311565723321093,0.139023489978951
819,"s(lastRippleHPC_z):DOWN_no",0.141917654697739,0.00114988157486273,0.525215247733072,0.336180989078586
820,"s(lastRippleHPC_z):DOWN_no",0.0720022194915355,0.00152073018377736,0.421997479269547,0.567862720822244
821,"s(lastRippleHPC_z):DOWN_no",0.152504632750622,0.00142825012892226,0.562068528497253,0.162725793025656
822,"s(lastRippleHPC_z):DOWN_no",0.0565150537031922,0.000357399498725001,0.204512109179394,0.0609566187828525
823,"s(lastRippleHPC_z):DOWN_no",0.156534232264988,0.00180401580189671,0.724418315353339,0.362438577579019
824,"s(lastRippleHPC_z):DOWN_no",0.0816983348105538,0.000740119977703006,0.3439676642822,0.114403577459666
825,"s(lastRippleHPC_z):DOWN_no",0.0783408644717323,0.000570770081568505,0.295574463575035,0.147287720974308
826,"s(lastRippleHPC_z):DOWN_no",0.0306461404171703,0.000430484980247513,0.14685106250005,0.122455699670486
827,"s(lastRippleHPC_z):DOWN_no",0.0403809410578511,0.000468581204327598,0.17294171427716,0.050933338358838
828,"s(lastRippleHPC_z):DOWN_no",0.110353181185204,0.00103540375885854,0.603075452076686,0.30014214026583
829,"s(lastRippleHPC_z):DOWN_no",0.113328207920953,0.00123482936574427,0.381680666688759,0.271820888315674
830,"s(lastRippleHPC_z):DOWN_no",0.0405059977075908,0.000441351441910128,0.170299054532261,0.050173333875094
831,"s(lastRippleHPC_z):DOWN_no",0.110972281412552,0.00104060855781975,0.447859112365531,0.11023324191096
832,"s(lastRippleHPC_z):DOWN_no",0.0854371170147239,0.000973956724808742,0.245451458502538,0.0722892997797085
833,"s(lastRippleHPC_z):DOWN_no",0.14781911607427,0.00147528178964009,0.591936708190895,0.273983070219657
834,"s(lastRippleHPC_z):DOWN_no",0.0858998586030761,0.000664603416757707,0.330388848029686,0.227688109490874
835,"s(lastRippleHPC_z):DOWN_no",0.0462396174777737,0.000385424406255339,0.173573921693554,0.0589013749379756
836,"s(lastRippleHPC_z):DOWN_no",0.0652661393408547,0.000735639645542806,0.212717340130524,0.062663638560488
837,"s(lastRippleHPC_z):DOWN_no",0.0723733705135761,0.000808468521509535,0.223664259241202,0.0658703659228759
838,"s(lastRippleHPC_z):DOWN_no",0.0775633900473256,0.000508244058758112,0.387996030630603,0.129652063258607
839,"s(lastRippleHPC_z):DOWN_no",0.0455579147194776,0.0002830721135526,0.24108538547822,0.0622957678586083
840,"s(lastRippleHPC_z):DOWN_no",0.106634493737339,0.000804566150382903,0.425782532712388,0.153639996830361
841,"s(lastRippleHPC_z):DOWN_no",0.0254811127528125,0.000827397039964222,0.133596254105929,0.460793142232983
842,"s(lastRippleHPC_z):DOWN_no",0.0782619789093193,0.000649862207317728,0.371042191088716,0.122458968639219
843,"s(lastRippleHPC_z):DOWN_no",0.166098311391584,0.00133800348020209,0.448012769608427,0.178544412787494
844,"s(lastRippleHPC_z):DOWN_no",0.0945331705351151,0.000851101423767895,0.46430714329521,0.218188806630245
845,"s(lastRippleHPC_z):DOWN_no",0.0296404449375771,0.000300995764121053,0.242039493641114,0.0638664315730343
846,"s(lastRippleHPC_z):DOWN_no",0.150003910595871,0.00144613688453011,0.494383325023565,0.245955354152873
847,"s(lastRippleHPC_z):DOWN_no",0.0617281973509893,0.000745801500207873,0.211024628531794,0.132211129378214
848,"s(lastRippleHPC_z):DOWN_no",0.0487363359043886,0.000382019777626773,0.341049271741852,0.172319290851286
849,"s(lastRippleHPC_z):DOWN_no",0.0652411661909671,0.000443431702961555,0.203359546517035,0.0630223216869162
850,"s(lastRippleHPC_z):DOWN_no",0.0778601616804622,0.000544385467264006,0.400611325378675,0.241264133253479
851,"s(lastRippleHPC_z):DOWN_no",0.0808507435366685,0.000571067808157642,0.366127244786442,0.199456665649774
852,"s(lastRippleHPC_z):DOWN_no",0.046647248999264,0.000515039944473184,0.180567942319732,0.0531760507986164
853,"s(lastRippleHPC_z):DOWN_no",0.0810687577272358,0.000608022521454066,0.394622108960308,0.0957520754563633
854,"s(lastRippleHPC_z):DOWN_no",0.15077839660421,0.00123678905668065,0.384507436599453,0.155872180438215
855,"s(lastRippleHPC_z):DOWN_no",0.0515457548167539,0.000638540010456504,0.293662214391573,0.311380692442608
856,"s(lastRippleHPC_z):DOWN_no",0.115922681994073,0.0013066572349817,0.379330624649752,0.32518749323278
857,"s(lastRippleHPC_z):DOWN_no",0.0477177762639656,0.000699621248383971,0.204129677085033,0.359868069729332
858,"s(lastRippleHPC_z):DOWN_no",0.0954746187354978,0.000893036493302667,0.30106568821888,0.106957032561657
859,"s(lastRippleHPC_z):DOWN_no",0.0628838802479308,0.00072429438320603,0.207727200443256,0.0849395881501438
860,"s(lastRippleHPC_z):DOWN_no",0.0739792957498473,0.000743800495541582,0.234692092795642,0.0754497600392185
861,"s(lastRippleHPC_z):DOWN_no",0.089735229617375,0.00134834464950594,0.429936585847608,0.404405773750222
862,"s(lastRippleHPC_z):DOWN_no",0.0471724973049774,0.000270807536249335,0.253153401057011,0.0726636929374409
863,"s(lastRippleHPC_z):DOWN_no",0.0648721415432583,0.000386775706597518,0.284239913797858,0.219424542018491
864,"s(lastRippleHPC_z):DOWN_no",0.0524300188869411,0.000481615161617189,0.191894691223264,0.0646492920835827
865,"s(lastRippleHPC_z):DOWN_no",0.0271886018747569,0.000201696514748197,0.130870302848135,0.0473916158428019
866,"s(lastRippleHPC_z):DOWN_no",0.103670962348527,0.000910541065201168,0.407413568179443,0.349307309032542
867,"s(lastRippleHPC_z):DOWN_no",0.0869321379838723,0.000617630216862677,0.303388401536355,0.0910067876626572
868,"s(lastRippleHPC_z):DOWN_no",0.0921008872124514,0.00126598611469914,0.258697467074073,0.232562713316264
869,"s(lastRippleHPC_z):DOWN_no",0.073059808180421,0.000566955104004912,0.347745606400617,0.174057249589511
870,"s(lastRippleHPC_z):DOWN_no",0.0930144166085078,0.00109460854337808,0.259202865297315,0.150399853986214
871,"s(lastRippleHPC_z):DOWN_no",0.107454241690288,0.000879098777959046,0.546788675770321,0.142225760856005
872,"s(lastRippleHPC_z):DOWN_no",0.0646070260745937,0.000591353741298349,0.24514387141912,0.0931452169342605
873,"s(lastRippleHPC_z):DOWN_no",0.131663743784491,0.00119933492970028,0.426382205957753,0.391103387162161
874,"s(lastRippleHPC_z):DOWN_no",0.0415800127307229,0.000468989455659982,0.172707607005726,0.0508637917759058
875,"s(lastRippleHPC_z):DOWN_no",0.107877421889885,0.000917203819878832,0.443302021691435,0.238828946035293
876,"s(lastRippleHPC_z):DOWN_no",0.0961987426776219,0.00155175609458468,0.394211582888731,0.596207728975929
877,"s(lastRippleHPC_z):DOWN_no",0.0693062008011438,0.000725065869008628,0.411806487376571,0.104391870729313
878,"s(lastRippleHPC_z):DOWN_no",0.0969568490979409,0.000861599656577509,0.392867466432923,0.234052606489868
879,"s(lastRippleHPC_z):DOWN_no",0.0819375627097596,0.000654915829542482,0.291433831351664,0.115467156243339
880,"s(lastRippleHPC_z):DOWN_no",0.0515372008493156,0.000572199650403399,0.188403811557247,0.0554967191292775
881,"s(lastRippleHPC_z):DOWN_no",0.0835257473377649,0.000729196216184124,0.414582727420664,0.148252526793122
882,"s(lastRippleHPC_z):DOWN_no",0.0586695425080386,0.000337567358241815,0.320357413086136,0.121406523328741
883,"s(lastRippleHPC_z):DOWN_no",0.0525203253964861,0.000216676061368952,0.186747433219696,0.055743562491852
884,"s(lastRippleHPC_z):DOWN_no",0.0642430816143786,0.000566739495764725,0.342889406457669,0.0842433085348227
885,"s(lastRippleHPC_z):DOWN_no",0.0733459583004716,0.00117053061926111,0.229530837858226,0.359115629834239
886,"s(lastRippleHPC_z):DOWN_no",0.0745092933085001,0.00057180153850226,0.427189531260633,0.213378961121714
887,"s(lastRippleHPC_z):DOWN_no",0.040836719241355,0.000457601910843479,0.171084899031915,0.0503860360724032
888,"s(lastRippleHPC_z):DOWN_no",0.0906002273206763,0.000777459103210563,0.543028646622041,0.120865014302343
889,"s(lastRippleHPC_z):DOWN_no",0.0518568390179865,0.000589433682706905,0.193839703397081,0.0570650956996069
890,"s(lastRippleHPC_z):DOWN_no",0.0272420338840043,0.00033293104918253,0.137329037079495,0.0661708799561312
891,"s(lastRippleHPC_z):DOWN_no",0.119504822942375,0.00128854198016889,0.400771960279232,0.250214005157596
892,"s(lastRippleHPC_z):DOWN_no",0.0295788526425973,0.00032664691386967,0.144589950156711,0.042576944556237
893,"s(lastRippleHPC_z):DOWN_no",0.0236827275588691,0.000262808488391506,0.128725706877069,0.037922080104354
894,"s(lastRippleHPC_z):DOWN_no",0.0746058029306269,0.000718273550086758,0.260416642205598,0.0987216059988372
895,"s(lastRippleHPC_z):DOWN_no",0.0892865330480515,0.000827905008138062,0.440656824323014,0.470256812663927
896,"s(lastRippleHPC_z):DOWN_no",0.114406579693107,0.00173931165126445,0.418189507657215,0.542399926563954
897,"s(lastRippleHPC_z):DOWN_no",0.0439057054493208,0.000927215215031338,0.176832698946479,0.374694183641566
898,"s(lastRippleHPC_z):DOWN_no",0.0241092742143767,0.00026195758776566,0.129230344963872,0.0380587193644551
899,"s(lastRippleHPC_z):DOWN_no",0.0945621888367487,0.000784535822351153,0.438422632955369,0.143221327254331
900,"s(lastRippleHPC_z):DOWN_no",0.0491618230312465,0.000292979599742346,0.337582632005898,0.105784568782033
901,"s(lastRippleHPC_z):DOWN_no",0.032711804249951,0.000707635886208853,0.150772112722851,0.329111464635756
902,"s(lastRippleHPC_z):DOWN_no",0.111227683525575,0.0010949738021543,0.438443696016906,0.123269382048952
903,"s(lastRippleHPC_z):DOWN_no",0.0550582776938349,0.00047090347640585,0.21060955924148,0.0655639054398801
904,"s(lastRippleHPC_z):DOWN_no",0.100584866483727,0.000929222573548276,0.477043843960961,0.409891613314199
905,"s(lastRippleHPC_z):DOWN_no",0.0319471507918543,0.000346917600122605,0.147473102842524,0.0434311534730441
906,"s(lastRippleHPC_z):DOWN_no",0.0367436515996022,0.000501146731439033,0.209153142174176,0.307107183069829
907,"s(lastRippleHPC_z):DOWN_no",0.0966806266901763,0.000724069421927639,0.312947735568197,0.155016770367865
908,"s(lastRippleHPC_z):DOWN_no",0.106765792547183,0.000860435434294067,0.366671995460937,0.114754565543941
909,"s(lastRippleHPC_z):DOWN_no",0.0965507690903831,0.000802059590078614,0.433436901424151,0.110749938140824
910,"s(lastRippleHPC_z):DOWN_no",0.093318393369227,0.00069896732504658,0.492888670595538,0.235199645552377
911,"s(lastRippleHPC_z):DOWN_no",0.0350115918964935,0.000383046080133363,0.156104333783167,0.045974253235572
912,"s(lastRippleHPC_z):DOWN_no",0.0600881816849341,0.000668207355158214,0.207894431977658,0.0612275327405023
913,"s(lastRippleHPC_z):DOWN_no",0.0392296738364468,0.000515567733262354,0.168311337655323,0.112350140398807
914,"s(lastRippleHPC_z):DOWN_no",0.0256851239123872,0.000323053758781309,0.134446276377385,0.104598413258401
915,"s(lastRippleHPC_z):DOWN_no",0.0475515575881786,0.00126499438588628,0.183485172075788,0.556991861675292
916,"s(lastRippleHPC_z):DOWN_no",0.035660941315081,0.000486242854723196,0.159480879510356,0.172908897838192
917,"s(lastRippleHPC_z):DOWN_no",0.0844923018753221,0.000559973536463747,0.484039118459287,0.112096212852936
918,"s(lastRippleHPC_z):DOWN_no",0.106869306948962,0.000925608712351662,0.535541916912655,0.290322353398789
919,"s(lastRippleHPC_z):DOWN_no",0.129909386533656,0.00128361296668511,0.503525374585055,0.588700268431648
920,"s(lastRippleHPC_z):DOWN_no",0.0622930050299448,0.000560011192023611,0.358677797309712,0.119364353381313
921,"s(lastRippleHPC_z):DOWN_no",0.0949934105837826,0.00106063273937905,0.448231781670936,0.17022288712664
922,"s(lastRippleHPC_z):DOWN_no",0.0878796648151745,0.000771995099441905,0.435829528788534,0.118564873498518
923,"s(lastRippleHPC_z):DOWN_no",0.0945244304252952,0.000828033233558539,0.490622081598433,0.155578740709724
924,"s(lastRippleHPC_z):DOWN_no",0.085443242165649,0.000764339913788021,0.440079806748955,0.104796157170223
925,"s(lastRippleHPC_z):DOWN_no",0.101088074621183,0.000681043261947065,0.420260786579038,0.105955278733266
926,"s(lastRippleHPC_z):DOWN_no",0.0230924011630265,0.000251057413898414,0.124526382275211,0.0377052538780424
927,"s(lastRippleHPC_z):DOWN_no",0.0311140516352761,0.000357456896529516,0.149831876925412,0.0441263034074696
928,"s(lastRippleHPC_z):DOWN_no",0.142719183446449,0.00145746663993053,0.534459510584053,0.178247374962376
929,"s(lastRippleHPC_z):DOWN_no",0.0476998977428345,0.000655178737006057,0.343038054332846,0.242523289866536
930,"s(lastRippleHPC_z):DOWN_no",0.0609147127978797,0.000557809358169201,0.207927568104318,0.0666893503239197
931,"s(lastRippleHPC_z):DOWN_no",0.121068489504493,0.00128734460900613,0.4939282338526,0.226969243612481
932,"s(lastRippleHPC_z):DOWN_no",0.107263367957932,0.00144696208496557,0.36848154776562,0.442343370390282
933,"s(lastRippleHPC_z):DOWN_no",0.0576235900005706,0.000644524068315172,0.203968304535603,0.0600790639619973
934,"s(lastRippleHPC_z):DOWN_no",0.0327535477764194,0.000281399496901267,0.122119168096865,0.0491560080281671
935,"s(lastRippleHPC_z):DOWN_no",0.119436449730118,0.000847417072738894,0.458216262267723,0.200388433542081
936,"s(lastRippleHPC_z):DOWN_no",0.0330543649520969,0.000292335243053807,0.17134445910761,0.140098415491411
937,"s(lastRippleHPC_z):DOWN_no",0.0847437469793206,0.000769769695593107,0.25918111506757,0.079077954615625
938,"s(lastRippleHPC_z):DOWN_no",0.0637171363829143,0.000462847571915755,0.366803559164844,0.146264726799631
939,"s(lastRippleHPC_z):DOWN_no",0.0379265220698226,0.000419829395574173,0.162519160768964,0.0478593340779963
940,"s(lastRippleHPC_z):DOWN_no",0.134287395994198,0.00134241800142203,0.462918329956766,0.195844935618905
941,"s(lastRippleHPC_z):DOWN_no",0.0911951837235065,0.000816222972047181,0.535069578265786,0.121669944579663
942,"s(lastRippleHPC_z):DOWN_no",0.0473082847660145,0.000350808004740415,0.235463523625913,0.15759405512667
943,"s(lastRippleHPC_z):DOWN_no",0.0272427156600195,0.000320446759226076,0.139248872117689,0.0688035868396107
944,"s(lastRippleHPC_z):DOWN_no",0.0572452777397583,0.000527943701739741,0.234621707543186,0.1002720373164
945,"s(lastRippleHPC_z):DOWN_no",0.0230010863716696,0.000256486124550772,0.129072128817631,0.038009651262179
946,"s(lastRippleHPC_z):DOWN_no",0.0173404472401923,0.000197375834747964,0.11140217195862,0.0328071515987001
947,"s(lastRippleHPC_z):DOWN_no",0.0389619201355256,0.000428011800011976,0.167864529934963,0.0494368940765209
948,"s(lastRippleHPC_z):DOWN_no",0.0636726795077323,0.000520786932697037,0.368828359697301,0.349410365581456
949,"s(lastRippleHPC_z):DOWN_no",0.0520653487097249,0.000358210384950268,0.335275061670655,0.174030310386884
950,"s(lastRippleHPC_z):DOWN_no",0.0894495620690208,0.00069777388381364,0.405074249334849,0.104832400466218
951,"s(lastRippleHPC_z):DOWN_no",0.0971178167023208,0.000774145360946082,0.28959481099597,0.135436849156033
952,"s(lastRippleHPC_z):DOWN_no",0.128996309652027,0.00169291828921071,0.604654383692064,0.428751910894515
953,"s(lastRippleHPC_z):DOWN_no",0.0534668132421725,0.000437593715157672,0.355632272409631,0.321676386461911
954,"s(lastRippleHPC_z):DOWN_no",0.0753905656459892,0.000844543246703959,0.226296571153593,0.0764503073184039
955,"s(lastRippleHPC_z):DOWN_no",0.0276256307953915,0.000213800164241628,0.219328381644966,0.101221712599304
956,"s(lastRippleHPC_z):DOWN_no",0.0841024825251964,0.00105597559485142,0.255424061851582,0.355284363121867
957,"s(lastRippleHPC_z):DOWN_no",0.0878221954617793,0.000683039471192314,0.490108406640601,0.194352739407485
958,"s(lastRippleHPC_z):DOWN_no",0.105868027556106,0.00104727323677121,0.280752443797217,0.0823861198509365
959,"s(lastRippleHPC_z):DOWN_no",0.103801075708882,0.00115158062362244,0.26748210853479,0.0787779951221681
960,"s(lastRippleHPC_z):DOWN_no",0.160203001558417,0.00161636136323358,0.527666798228363,0.372023714895978
961,"s(lastRippleHPC_z):DOWN_no",0.0589051738097517,0.000464003200564716,0.35087517787098,0.174089922363065
962,"s(lastRippleHPC_z):DOWN_no",0.0354734790074076,0.000397845080083063,0.157343195864887,0.0463370990958152
963,"s(lastRippleHPC_z):DOWN_no",0.107172309896342,0.00127037541872825,0.275226434114399,0.213741493597523
964,"s(lastRippleHPC_z):DOWN_no",0.144239862268755,0.00153743037152204,0.600530129200698,0.176037576571743
965,"s(lastRippleHPC_z):DOWN_no",0.0601010814371001,0.000658244105156677,0.204662667462452,0.0602695218086986
966,"s(lastRippleHPC_z):DOWN_no",0.159491771728577,0.00137733452552298,0.592030487426532,0.288054886669314
967,"s(lastRippleHPC_z):DOWN_no",0.122412532503891,0.00106172425015095,0.525241161777733,0.344309544288816
968,"s(lastRippleHPC_z):DOWN_no",0.102620765200859,0.00087307192999889,0.306523410941327,0.163100548821933
969,"s(lastRippleHPC_z):DOWN_no",0.131912806281985,0.00119525833038275,0.605091762490011,0.218137489022007
970,"s(lastRippleHPC_z):DOWN_no",0.091742382039941,0.000626525398119661,0.395301441839212,0.178427508769211
971,"s(lastRippleHPC_z):DOWN_no",0.0969944057566519,0.00103982846499468,0.469381199619686,0.118273760331423
972,"s(lastRippleHPC_z):DOWN_no",0.115944117891718,0.00126235907152303,0.282732666863208,0.0832731315581397
973,"s(lastRippleHPC_z):DOWN_no",0.0407594485448204,0.000441017078713814,0.165998516452699,0.0488843804291146
974,"s(lastRippleHPC_z):DOWN_no",0.0401522091954689,0.000450939515665129,0.166193587788988,0.0489447511739362
975,"s(lastRippleHPC_z):DOWN_no",0.112875289069711,0.00111651274427168,0.460765263628983,0.11891365285026
976,"s(lastRippleHPC_z):DOWN_no",0.0923570729369736,0.00102486104644112,0.529858902626094,0.244090055685619
977,"s(lastRippleHPC_z):DOWN_no",0.101462259742645,0.000961881648457574,0.28189684224542,0.113925049731215
978,"s(lastRippleHPC_z):DOWN_no",0.0548228160467765,0.000617985754563148,0.19632274182724,0.0578228368118284
979,"s(lastRippleHPC_z):DOWN_no",0.0745769422422384,0.0006976622331711,0.231370066311254,0.111724221235123
980,"s(lastRippleHPC_z):DOWN_no",0.103391600221912,0.00100621676836283,0.471046430662655,0.123380203878918
981,"s(lastRippleHPC_z):DOWN_no",0.0425265420301777,0.000317810725934656,0.282214520152154,0.0704624048024407
982,"s(lastRippleHPC_z):DOWN_no",0.0247852263134547,0.000270014677875325,0.131207069229603,0.0386436795405021
983,"s(lastRippleHPC_z):DOWN_no",0.0648787539227733,0.000575385543494257,0.192851678105984,0.065033980037495
984,"s(lastRippleHPC_z):DOWN_no",0.0379829514956604,0.000614809076250889,0.226838482285627,0.361253398121771
985,"s(lastRippleHPC_z):DOWN_no",0.0549722343786385,0.000579906920600616,0.245193918992249,0.162305853711432
986,"s(lastRippleHPC_z):DOWN_no",0.131842261944321,0.00131387932043885,0.518836252208486,0.381456829817965
987,"s(lastRippleHPC_z):DOWN_no",0.0925499972911812,0.00064516620764809,0.332307609517702,0.21582258684367
988,"s(lastRippleHPC_z):DOWN_no",0.0661837712615796,0.000594751202657349,0.26949948439342,0.090560737396618
989,"s(lastRippleHPC_z):DOWN_no",0.051134266204766,0.000433225989590434,0.271758048352526,0.067546571580416
990,"s(lastRippleHPC_z):DOWN_no",0.0552149676594649,0.000327392461019433,0.277049694742664,0.097489258039078
991,"s(lastRippleHPC_z):DOWN_no",0.0782960941098931,0.000494731969803147,0.341925009480073,0.210516426892921
992,"s(lastRippleHPC_z):DOWN_no",0.0825524203667989,0.000699503151180952,0.457008040722948,0.166595933713209
993,"s(lastRippleHPC_z):DOWN_no",0.0530373513589417,0.000482054564769814,0.196081225480858,0.104636313255786
994,"s(lastRippleHPC_z):DOWN_no",0.0383573872922334,0.000434321796263177,0.164220431480817,0.0483620977029496
995,"s(lastRippleHPC_z):DOWN_no",0.0908789430675228,0.000972372104521093,0.454673291865756,0.205784147572622
996,"s(lastRippleHPC_z):DOWN_no",0.0950625960251248,0.00106355642768123,0.260992405842659,0.0768636853296083
997,"s(lastRippleHPC_z):DOWN_no",0.130252062315762,0.000943746720250613,0.348696968650184,0.0968299758940097
998,"s(lastRippleHPC_z):DOWN_no",0.0771146955799118,0.000866607588919379,0.233285039716584,0.0687091447119191
999,"s(lastRippleHPC_z):DOWN_no",0.065389075164525,0.00052553815481005,0.456273668054563,0.157110911508762
1000,"s(lastRippleHPC_z):DOWN_no",0.170080932056424,0.00175732777282181,0.674135891155381,0.636187721413802
1,"s(lastRippleHPC_z):DOWN_yes",0.0639713890284952,0.000527386948982673,0.500471832031709,0.519382221821399
2,"s(lastRippleHPC_z):DOWN_yes",0.0208397663174011,0.000124126260264312,0.194596683552907,0.148916345250631
3,"s(lastRippleHPC_z):DOWN_yes",0.134683686824911,0.00133900188839751,0.756472879397643,0.880592731619156
4,"s(lastRippleHPC_z):DOWN_yes",0.0440305699578598,0.000266965321277493,0.195763976367639,0.106963605328022
5,"s(lastRippleHPC_z):DOWN_yes",0.0336980384049728,0.000252620757832271,0.270448052922356,0.15166844274417
6,"s(lastRippleHPC_z):DOWN_yes",0.0263181079276826,0.000291757624751227,0.174535864164929,0.0513873948005065
7,"s(lastRippleHPC_z):DOWN_yes",0.0776308891371684,0.000791529022290761,0.521730945744741,0.137721433677965
8,"s(lastRippleHPC_z):DOWN_yes",0.00320041277694472,3.32764914783724e-05,0.0590059317974972,0.0173766734502411
9,"s(lastRippleHPC_z):DOWN_yes",0.0654292664946787,0.000668525491438557,0.492116053306884,0.145808193515972
10,"s(lastRippleHPC_z):DOWN_yes",0.0554368112770689,0.000428101272833145,0.36951286386084,0.131677841346843
11,"s(lastRippleHPC_z):DOWN_yes",0.0453150269856337,0.000506539470723193,0.227892621603787,0.0680443290299735
12,"s(lastRippleHPC_z):DOWN_yes",0.00864804084030624,0.00011391919665311,0.0976754862795196,0.0907081004375247
13,"s(lastRippleHPC_z):DOWN_yes",0.0189004590951249,0.000199561379425855,0.144673358544398,0.042606580385319
14,"s(lastRippleHPC_z):DOWN_yes",0.0336557688045254,0.000176911876706835,0.162580690748787,0.155777988030045
15,"s(lastRippleHPC_z):DOWN_yes",0.0759307862492342,0.00069511788328928,0.49908735511003,0.395156858934841
16,"s(lastRippleHPC_z):DOWN_yes",0.0184133847419083,0.000204568987798487,0.146989326384187,0.0432939132694771
17,"s(lastRippleHPC_z):DOWN_yes",0.0156146109797284,0.000229198144874919,0.132737581696785,0.164615930419779
18,"s(lastRippleHPC_z):DOWN_yes",0.0257370716150529,0.000133300489344188,0.164720873904512,0.11850087456886
19,"s(lastRippleHPC_z):DOWN_yes",0.0365474236179733,0.000195020161239332,0.241461431028265,0.105968652891276
20,"s(lastRippleHPC_z):DOWN_yes",0.0618201510644525,0.000579771945052478,0.391236729430508,0.42350356567361
21,"s(lastRippleHPC_z):DOWN_yes",0.0202497342702994,8.17923765848967e-05,0.171969595386137,0.0981227794927456
22,"s(lastRippleHPC_z):DOWN_yes",0.0123277335891263,4.90966980074495e-05,0.0992680541796396,0.0621992907117605
23,"s(lastRippleHPC_z):DOWN_yes",0.014605455817474,0.000416350947733656,0.130476528807485,0.491701017836629
24,"s(lastRippleHPC_z):DOWN_yes",0.016119275888034,0.000170999508349181,0.135186221735201,0.0398128772867076
25,"s(lastRippleHPC_z):DOWN_yes",0.00655206920384366,1.88594631228174e-05,0.0604779202837139,0.039272036965961
26,"s(lastRippleHPC_z):DOWN_yes",0.0380452836981036,0.000290332062511832,0.294213842811206,0.173177484892652
27,"s(lastRippleHPC_z):DOWN_yes",0.0362550421697723,0.0003318089531007,0.243183940574142,0.131344029086498
28,"s(lastRippleHPC_z):DOWN_yes",0.0293865845883037,0.000326029735368553,0.183056256881009,0.0539201308619693
29,"s(lastRippleHPC_z):DOWN_yes",0.0493557715456561,0.000404540731177076,0.412739114142371,0.440686212323889
30,"s(lastRippleHPC_z):DOWN_yes",0.00386059671203931,5.32669088382956e-05,0.0659035517806174,0.0235996370206148
31,"s(lastRippleHPC_z):DOWN_yes",0.0429527362652671,0.000761862916869542,0.370763535714909,0.342471163433439
32,"s(lastRippleHPC_z):DOWN_yes",0.0328300792749374,0.000259219590192621,0.214492173588925,0.181390207177506
33,"s(lastRippleHPC_z):DOWN_yes",0.0203905185676749,7.4406081236013e-05,0.138033331347478,0.0771554486828004
34,"s(lastRippleHPC_z):DOWN_yes",0.0312559216747932,0.000281440126551791,0.189931830888737,0.0599831234712296
35,"s(lastRippleHPC_z):DOWN_yes",0.016167206962896,0.000176134015869269,0.134661812889416,0.0396829403951581
36,"s(lastRippleHPC_z):DOWN_yes",0.00593167247484239,6.33977732743444e-05,0.080408043948274,0.0236867579290352
37,"s(lastRippleHPC_z):DOWN_yes",0.11117374750409,0.00106480389497573,0.582166815485859,0.520323760585925
38,"s(lastRippleHPC_z):DOWN_yes",0.0281038083390115,0.000308505398024398,0.196921032552576,0.180519423075318
39,"s(lastRippleHPC_z):DOWN_yes",0.0277449066642674,0.000500300096893074,0.173388209982959,0.339307649020503
40,"s(lastRippleHPC_z):DOWN_yes",0.0290818437613414,0.000149675939050011,0.195152527537031,0.114539868376498
41,"s(lastRippleHPC_z):DOWN_yes",0.0330241717643229,0.00030416019413422,0.264900266407583,0.0748705203470641
42,"s(lastRippleHPC_z):DOWN_yes",0.0150209628869362,0.000164650419412716,0.130252999411279,0.038364201424343
43,"s(lastRippleHPC_z):DOWN_yes",0.0436963208632282,0.000396071986793415,0.234453892993649,0.0677782217532266
44,"s(lastRippleHPC_z):DOWN_yes",0.0871504682379918,0.000953220452823392,0.384848123281604,0.271178384192112
45,"s(lastRippleHPC_z):DOWN_yes",0.0146587749104476,4.73326006035174e-05,0.12171080964437,0.0388234047368602
46,"s(lastRippleHPC_z):DOWN_yes",0.000532716883791196,8.50735858460005e-06,0.0292995316126977,0.00862970541213923
47,"s(lastRippleHPC_z):DOWN_yes",0.0498701748097119,0.000446957574400909,0.397010605585418,0.502745936317268
48,"s(lastRippleHPC_z):DOWN_yes",0.0170759997971928,4.15117272352499e-05,0.12976637256893,0.0559640386704523
49,"s(lastRippleHPC_z):DOWN_yes",0.0679082229139052,0.000640937032162342,0.516913550885373,0.345713825078904
50,"s(lastRippleHPC_z):DOWN_yes",0.0654024087871949,0.000577347015294065,0.348725924885466,0.145311489738813
51,"s(lastRippleHPC_z):DOWN_yes",0.0684525794429174,0.000578992143984452,0.482637758779058,0.235004940789722
52,"s(lastRippleHPC_z):DOWN_yes",0.00127978253013339,1.67062479734053e-05,0.0426874805187147,0.0125715038343003
53,"s(lastRippleHPC_z):DOWN_yes",0.00409230538654448,4.84341940896744e-05,0.0718769087717025,0.0211669787260896
54,"s(lastRippleHPC_z):DOWN_yes",0.0370961655387241,0.000264994393372482,0.247078935256126,0.136694325208952
55,"s(lastRippleHPC_z):DOWN_yes",0.0203127290828622,0.000120038035726522,0.16912866737381,0.139171498668577
56,"s(lastRippleHPC_z):DOWN_yes",0.0239883515812913,0.000201552749843365,0.15256864047457,0.100200790912758
57,"s(lastRippleHPC_z):DOWN_yes",0.0337936687279008,0.000205751309877637,0.190774717992155,0.0956022735308703
58,"s(lastRippleHPC_z):DOWN_yes",0.0598679257012318,0.000517965768040136,0.252165454159638,0.121182929961677
59,"s(lastRippleHPC_z):DOWN_yes",0.0423128237771202,0.000354664337984009,0.335642981730921,0.327188644477903
60,"s(lastRippleHPC_z):DOWN_yes",0.0184021790218729,0.000205412062938104,0.146283089781807,0.0430821710483529
61,"s(lastRippleHPC_z):DOWN_yes",0.0207723490611933,0.000217784764464641,0.15541336190348,0.0457077387647524
62,"s(lastRippleHPC_z):DOWN_yes",0.0112288551123534,0.000130710681933903,0.113684644752656,0.0421746739315448
63,"s(lastRippleHPC_z):DOWN_yes",0.0052328428801296,5.99251767992692e-05,0.0798606255493798,0.0235180537936624
64,"s(lastRippleHPC_z):DOWN_yes",0.0174761477341185,0.000191388680105552,0.141363746598327,0.041643574618076
65,"s(lastRippleHPC_z):DOWN_yes",0.0121218046384222,5.75880397612265e-05,0.117979749244181,0.0447186347192537
66,"s(lastRippleHPC_z):DOWN_yes",0.0313856843856346,0.000246481487831462,0.209572719456636,0.134196825586244
67,"s(lastRippleHPC_z):DOWN_yes",0.0284002429506796,0.000142395233439607,0.214136411292514,0.0767549750711718
68,"s(lastRippleHPC_z):DOWN_yes",0.0489419182641484,0.000405355531941085,0.303442001541317,0.185218721888576
69,"s(lastRippleHPC_z):DOWN_yes",0.0191611672366143,0.000229852313645427,0.152444520527892,0.110255048508327
70,"s(lastRippleHPC_z):DOWN_yes",0.000531744649594046,6.07631434772093e-06,0.0244116994943474,0.00725740710436988
71,"s(lastRippleHPC_z):DOWN_yes",0.0304242274510713,0.000203111856838233,0.303043706272348,0.167468360363253
72,"s(lastRippleHPC_z):DOWN_yes",0.0266598002124674,0.000232362444140705,0.252889780173504,0.115147852586299
73,"s(lastRippleHPC_z):DOWN_yes",0.046769538166723,0.000458520408950108,0.23509553547388,0.0790409371694439
74,"s(lastRippleHPC_z):DOWN_yes",0.106088208487471,0.00142619809045143,0.415032161593794,0.662969634855039
75,"s(lastRippleHPC_z):DOWN_yes",0.0195717045783308,9.22258192939076e-05,0.156522465097866,0.0654028452060597
76,"s(lastRippleHPC_z):DOWN_yes",0.0767807236335312,0.000707880669308064,0.512346377004901,0.454143906898794
77,"s(lastRippleHPC_z):DOWN_yes",0.00393956313531696,4.06302646041997e-05,0.0660910223820756,0.0194637311308251
78,"s(lastRippleHPC_z):DOWN_yes",0.00461602372999081,2.7590892881759e-05,0.0622010156497726,0.0560944624694778
79,"s(lastRippleHPC_z):DOWN_yes",0.00536647151886704,7.80521495102595e-06,0.0700752047648709,0.0219689999021343
80,"s(lastRippleHPC_z):DOWN_yes",0.0348030408668922,0.000137180207822313,0.288697128339449,0.0683823571760431
81,"s(lastRippleHPC_z):DOWN_yes",0.00662875458122514,0.000532629214122259,0.088039170084882,0.562208184599036
82,"s(lastRippleHPC_z):DOWN_yes",0.00442994160772514,5.0542881848103e-05,0.0731089979040989,0.0215246481472874
83,"s(lastRippleHPC_z):DOWN_yes",0.036173373055373,0.000290051311840313,0.304840837877904,0.268067380220944
84,"s(lastRippleHPC_z):DOWN_yes",0.0323853537456991,0.00035971675140317,0.19224039996324,0.0566160713085139
85,"s(lastRippleHPC_z):DOWN_yes",0.0210618005276046,0.00014446071376662,0.160995251791939,0.0552071246753484
86,"s(lastRippleHPC_z):DOWN_yes",0.0204337257545522,8.94847647806301e-05,0.149624336889266,0.0996339640455784
87,"s(lastRippleHPC_z):DOWN_yes",0.0262289563959346,0.000135517511398928,0.181995828003854,0.0556005195067617
88,"s(lastRippleHPC_z):DOWN_yes",0.00023339509913356,2.02158893438707e-06,0.0146656568926519,0.00432007701620303
89,"s(lastRippleHPC_z):DOWN_yes",0.0496382427596345,0.000519253715475483,0.409966874655624,0.118786067231245
90,"s(lastRippleHPC_z):DOWN_yes",0.0065213849973631,7.3538351610975e-05,0.0904029755609644,0.0266235774409586
91,"s(lastRippleHPC_z):DOWN_yes",0.0185693994163216,0.000112569881257366,0.135957155252086,0.0591105468551774
92,"s(lastRippleHPC_z):DOWN_yes",0.013884920924724,0.000149534738257532,0.126266854560831,0.0371874481189927
93,"s(lastRippleHPC_z):DOWN_yes",0.0429167501146921,0.000338815948971705,0.305663048899059,0.215267550237115
94,"s(lastRippleHPC_z):DOWN_yes",0.00171409236007669,1.61691156847335e-05,0.0404252715245493,0.0119031044423886
95,"s(lastRippleHPC_z):DOWN_yes",0.0480668563950086,0.000357912766232829,0.262713378390065,0.155525006926794
96,"s(lastRippleHPC_z):DOWN_yes",0.0272206050278214,0.000299995561661049,0.336939924421805,0.337614844851086
97,"s(lastRippleHPC_z):DOWN_yes",0.0186316815492553,0.0002156619745594,0.145873781233547,0.0429604437894515
98,"s(lastRippleHPC_z):DOWN_yes",0.0628024620824821,0.000524557485715547,0.506290659000034,0.465118048536878
99,"s(lastRippleHPC_z):DOWN_yes",0.00858973197858859,2.1985663561393e-05,0.0697647464724723,0.0502469622603188
100,"s(lastRippleHPC_z):DOWN_yes",0.000712588772016076,1.23354145539938e-06,0.013013749241179,0.00523997657140871
101,"s(lastRippleHPC_z):DOWN_yes",0.0183700140751295,0.000149782109385452,0.182081279844552,0.152430436011813
102,"s(lastRippleHPC_z):DOWN_yes",0.0352192984206798,0.000169399417630321,0.188791698006955,0.110908489383656
103,"s(lastRippleHPC_z):DOWN_yes",0.0355098078599205,0.000406116160510986,0.199403308928542,0.322852824857217
104,"s(lastRippleHPC_z):DOWN_yes",0.0135992494552521,4.80432974373088e-05,0.113277140407372,0.0692060147690725
105,"s(lastRippleHPC_z):DOWN_yes",0.0210362632093748,0.000101733283646392,0.156567220938402,0.0857705167407544
106,"s(lastRippleHPC_z):DOWN_yes",0.00966277854453068,0.000101092287310435,0.104278268391168,0.0307115760885621
107,"s(lastRippleHPC_z):DOWN_yes",0.107100016295774,0.00106936933079368,0.569124883822835,0.485251021199376
108,"s(lastRippleHPC_z):DOWN_yes",0.0456151278486772,0.000415066870468203,0.210427503602181,0.0815876153786921
109,"s(lastRippleHPC_z):DOWN_yes",0.0112540403748707,0.000119161550248711,0.110824765338243,0.0326394677265244
110,"s(lastRippleHPC_z):DOWN_yes",0.0161109177933874,0.000115132796879709,0.13417090298442,0.0390294888674493
111,"s(lastRippleHPC_z):DOWN_yes",0.081394179598961,0.000751679541445843,0.553946003046577,0.536309941232415
112,"s(lastRippleHPC_z):DOWN_yes",0.0445772581585455,0.000376106865809256,0.388713336729817,0.402824854411895
113,"s(lastRippleHPC_z):DOWN_yes",0.0515009012432142,0.000440266297192454,0.387117149264693,0.261165281335571
114,"s(lastRippleHPC_z):DOWN_yes",0.0503327259571691,0.000440927721199731,0.301814448242059,0.0955315040963146
115,"s(lastRippleHPC_z):DOWN_yes",0.0145823681891724,4.95412549162936e-05,0.117810802186818,0.0831341699054054
116,"s(lastRippleHPC_z):DOWN_yes",0.0794385021242068,0.000753041813758364,0.467862855737252,0.356787000992142
117,"s(lastRippleHPC_z):DOWN_yes",0.0328339716245676,0.000364597099491334,0.19054385500877,0.056121036419423
118,"s(lastRippleHPC_z):DOWN_yes",0.0812565030367747,0.000775319291987391,0.572405165633302,0.705549351232557
119,"s(lastRippleHPC_z):DOWN_yes",0.0316634237846092,0.000390145178090661,0.351583005726956,0.310772045671531
120,"s(lastRippleHPC_z):DOWN_yes",0.0318202388757332,0.000192827291652708,0.21661713240201,0.129597546885638
121,"s(lastRippleHPC_z):DOWN_yes",0.0217032461256874,7.21611258773731e-05,0.187565432037583,0.0761569310232649
122,"s(lastRippleHPC_z):DOWN_yes",0.00106414560155166,1.28239454826488e-05,0.0352813467020704,0.0232470966787415
123,"s(lastRippleHPC_z):DOWN_yes",0.0106179530314794,2.82060548966597e-05,0.084903905462881,0.0603793144501134
124,"s(lastRippleHPC_z):DOWN_yes",0.0109069027318256,0.000118894964330148,0.110814429579651,0.0326417174451855
125,"s(lastRippleHPC_z):DOWN_yes",0.00128477593446519,1.41181725255194e-05,0.0389005817291878,0.0114557199483098
126,"s(lastRippleHPC_z):DOWN_yes",0.00512380685644231,8.61402210437595e-05,0.0768964148149575,0.106309763659462
127,"s(lastRippleHPC_z):DOWN_yes",0.01685929950008,6.38777328783474e-05,0.130104981813679,0.0904529225731115
128,"s(lastRippleHPC_z):DOWN_yes",0.0410850729590386,0.000254702478625234,0.222390732394105,0.0884384885361822
129,"s(lastRippleHPC_z):DOWN_yes",0.0472716629749552,0.000439104456941353,0.399546527112462,0.103519037720083
130,"s(lastRippleHPC_z):DOWN_yes",0.00126339966523048,1.52495556289865e-05,0.0397598020775598,0.0117093050980206
131,"s(lastRippleHPC_z):DOWN_yes",0.0126089508244664,0.000134322413576055,0.116299718754413,0.0547487603287846
132,"s(lastRippleHPC_z):DOWN_yes",0.00689671589591434,7.04402255590716e-05,0.0853989391717275,0.0251499670863751
133,"s(lastRippleHPC_z):DOWN_yes",0.0218340212092389,0.00011182653277266,0.166488981469285,0.0849372980913717
134,"s(lastRippleHPC_z):DOWN_yes",0.00278982515755821,9.05952316015079e-05,0.0494753892916621,0.210539266586363
135,"s(lastRippleHPC_z):DOWN_yes",0.00416093705062615,6.09908433034812e-05,0.075016138787081,0.0466639548272956
136,"s(lastRippleHPC_z):DOWN_yes",0.0370306056973764,0.000413707034184462,0.210388130628994,0.0619814754019719
137,"s(lastRippleHPC_z):DOWN_yes",0.00221128673240756,2.08289704991594e-05,0.047163720239208,0.0141530534592576
138,"s(lastRippleHPC_z):DOWN_yes",0.0397532954711082,0.00033846859649163,0.298301013170222,0.209084880585363
139,"s(lastRippleHPC_z):DOWN_yes",0.00890970413113834,9.98476728074814e-05,0.102056724569639,0.030053224428872
140,"s(lastRippleHPC_z):DOWN_yes",0.0258489615173652,0.00022079434426529,0.29813356992671,0.0693511443332034
141,"s(lastRippleHPC_z):DOWN_yes",0.0246584595983261,0.000272231632515531,0.173163783610293,0.0912789100588831
142,"s(lastRippleHPC_z):DOWN_yes",0.107696225340558,0.00106882369727959,0.530559616902375,0.167257527962913
143,"s(lastRippleHPC_z):DOWN_yes",0.00830198673708971,2.07370720720119e-05,0.0709613407601119,0.0440459413610575
144,"s(lastRippleHPC_z):DOWN_yes",0.00490409851580154,7.27619883974647e-05,0.0787694414368481,0.101046327153628
145,"s(lastRippleHPC_z):DOWN_yes",0.00713754941057765,8.26801061300807e-05,0.0906340053282571,0.0389406058121528
146,"s(lastRippleHPC_z):DOWN_yes",0.0792700859293021,0.000717420324942882,0.525470354148943,0.423052416661061
147,"s(lastRippleHPC_z):DOWN_yes",0.0749843853439955,0.000650860802576598,0.327008311221875,0.177796861122598
148,"s(lastRippleHPC_z):DOWN_yes",0.0106611967879644,0.000116921493154583,0.111739335815191,0.0332792609878361
149,"s(lastRippleHPC_z):DOWN_yes",0.0904210002166508,0.000830184619855403,0.625461599130363,0.553623838303871
150,"s(lastRippleHPC_z):DOWN_yes",0.0181014167622653,0.000211892572398424,0.148369414942738,0.0436944634879282
151,"s(lastRippleHPC_z):DOWN_yes",0.0508137751230286,0.00058257540665424,0.243193609378054,0.0716240226836505
152,"s(lastRippleHPC_z):DOWN_yes",0.0580680442193167,0.000448377665949827,0.234800246640492,0.0821726175580688
153,"s(lastRippleHPC_z):DOWN_yes",0.0207537430399025,0.000214194219876919,0.149761598734315,0.0441010646505486
154,"s(lastRippleHPC_z):DOWN_yes",0.018134249680811,0.000150193526815534,0.1252691798136,0.045353337885653
155,"s(lastRippleHPC_z):DOWN_yes",0.0460326884437414,0.000370251190707031,0.403088473493747,0.415692931372739
156,"s(lastRippleHPC_z):DOWN_yes",0.00199008464817219,2.29311791843974e-05,0.0491217363397254,0.0297553954492845
157,"s(lastRippleHPC_z):DOWN_yes",0.00355321227783278,0.000455138860971989,0.0682773030665499,0.406327939700894
158,"s(lastRippleHPC_z):DOWN_yes",0.00797357953761768,0.000121446077725836,0.108914184886348,0.0321143532090496
159,"s(lastRippleHPC_z):DOWN_yes",0.0571673817504976,0.000545901443979602,0.41222232156714,0.473512000777855
160,"s(lastRippleHPC_z):DOWN_yes",0.00802845745512748,8.90479755935579e-05,0.0970236597827414,0.029102155399677
161,"s(lastRippleHPC_z):DOWN_yes",0.0259669739630652,0.000305766727677739,0.174602046712766,0.051422679675379
162,"s(lastRippleHPC_z):DOWN_yes",0.00660125127405742,7.45949119150882e-05,0.0886166051797372,0.0260965110375298
163,"s(lastRippleHPC_z):DOWN_yes",0.0329536334709655,0.000295250733163308,0.231922311403703,0.126005942941776
164,"s(lastRippleHPC_z):DOWN_yes",0.00123168763571613,5.06215726969222e-05,0.0348032175518991,0.153150501904284
165,"s(lastRippleHPC_z):DOWN_yes",0.0561261749356596,0.000456890689915782,0.47728716018371,0.398848816279774
166,"s(lastRippleHPC_z):DOWN_yes",0.0428318826409715,0.000404266935042681,0.345189009516706,0.249729747890459
167,"s(lastRippleHPC_z):DOWN_yes",0.0526173792765228,0.000476607847385718,0.369466138028682,0.100480981891095
168,"s(lastRippleHPC_z):DOWN_yes",0.0244294754437941,0.000111431191819011,0.17934312156395,0.107568735499973
169,"s(lastRippleHPC_z):DOWN_yes",0.00985439355773643,0.00011192148498317,0.10609173745068,0.031260808790055
170,"s(lastRippleHPC_z):DOWN_yes",0.00329975141448102,3.78189987928828e-05,0.0639680795788066,0.0188369466157701
171,"s(lastRippleHPC_z):DOWN_yes",0.011742050307447,0.000144268671773455,0.118229176998372,0.133457617763554
172,"s(lastRippleHPC_z):DOWN_yes",0.0113316564288262,0.000169640759655817,0.114515503555573,0.148940296538735
173,"s(lastRippleHPC_z):DOWN_yes",0.0459316561286496,0.000325816668789416,0.35855920244473,0.103626873992804
174,"s(lastRippleHPC_z):DOWN_yes",0.0388085866403429,0.000310002439821706,0.281819406300434,0.212521456287893
175,"s(lastRippleHPC_z):DOWN_yes",0.00501727062133384,8.49897465056409e-06,0.0671202461521294,0.0211319048041167
176,"s(lastRippleHPC_z):DOWN_yes",0.00193841492835212,2.21190183154842e-05,0.0481095308735674,0.014166621112089
177,"s(lastRippleHPC_z):DOWN_yes",0.000832922721665241,9.21535740713085e-06,0.0306430565154355,0.00902376966246106
178,"s(lastRippleHPC_z):DOWN_yes",0.0251291842810613,0.000623611818084539,0.190321467983691,0.69348259017371
179,"s(lastRippleHPC_z):DOWN_yes",0.0126611624750961,4.15847236834212e-05,0.107086051188059,0.0634103743920133
180,"s(lastRippleHPC_z):DOWN_yes",6.21366831570214e-05,8.07166713817764e-07,0.00903408078767913,0.00265992729639096
181,"s(lastRippleHPC_z):DOWN_yes",0.00568432606004698,6.07840368699005e-05,0.0792903799147855,0.0233552102129919
182,"s(lastRippleHPC_z):DOWN_yes",0.00273251180231959,2.97293548081725e-05,0.0569911581316177,0.016788557396276
183,"s(lastRippleHPC_z):DOWN_yes",0.0151038744633638,0.000171121103068681,0.135413638153233,0.0398800358115182
184,"s(lastRippleHPC_z):DOWN_yes",0.0233724435582019,0.000350579757759518,0.165155891620509,0.190696674291529
185,"s(lastRippleHPC_z):DOWN_yes",0.0124550352120689,0.000130748447857776,0.116172815465605,0.0342162040906339
186,"s(lastRippleHPC_z):DOWN_yes",0.0559840985566336,0.00062520323591373,0.397503466572049,0.319088515328542
187,"s(lastRippleHPC_z):DOWN_yes",0.0154832406401262,4.17326727151235e-05,0.133628121990517,0.0741566528382135
188,"s(lastRippleHPC_z):DOWN_yes",0.00700848102257723,0.000101654290316526,0.0898172539232775,0.138700550095745
189,"s(lastRippleHPC_z):DOWN_yes",0.0186328396421196,0.00019975232539061,0.145169264771872,0.0427534338435401
190,"s(lastRippleHPC_z):DOWN_yes",0.0788946102512575,0.00107001229358219,0.468743692202099,0.314852415743363
191,"s(lastRippleHPC_z):DOWN_yes",0.0524915031621305,0.000391744112150428,0.370568668652598,0.160797510791402
192,"s(lastRippleHPC_z):DOWN_yes",0.0210097903178763,0.000130696365477961,0.143373868392677,0.0544497978349732
193,"s(lastRippleHPC_z):DOWN_yes",0.00600837448626734,6.98080999189265e-05,0.0852354093514124,0.0251002313097022
194,"s(lastRippleHPC_z):DOWN_yes",0.0471967745856468,0.000420151595693117,0.247644583085791,0.12860688463433
195,"s(lastRippleHPC_z):DOWN_yes",0.00168181577850568,1.8421411397885e-05,0.043555066817834,0.0128274620921347
196,"s(lastRippleHPC_z):DOWN_yes",0.0430210527269423,0.000348523610171094,0.294348918323507,0.208142724235797
197,"s(lastRippleHPC_z):DOWN_yes",0.0243050406534113,0.000201523258778565,0.152714431426858,0.0532779917580822
198,"s(lastRippleHPC_z):DOWN_yes",0.100408714103635,0.000867070124060721,0.587265615845804,0.250843087214792
199,"s(lastRippleHPC_z):DOWN_yes",0.0642757789763575,0.000658198888029035,0.489102261128574,0.140058681657606
200,"s(lastRippleHPC_z):DOWN_yes",0.041435500381434,0.000247382902112792,0.249070731583599,0.0976712846742053
201,"s(lastRippleHPC_z):DOWN_yes",0.0267798118155174,0.000273410113136363,0.184127613660557,0.0809289532344756
202,"s(lastRippleHPC_z):DOWN_yes",0.0873512133347472,0.000685789747851725,0.321673760167383,0.108200563973724
203,"s(lastRippleHPC_z):DOWN_yes",0.00771795958428356,8.35636695738073e-05,0.0930883105084843,0.027412435382634
204,"s(lastRippleHPC_z):DOWN_yes",0.0572636377263382,0.000519130014745193,0.459480149086558,0.417041599027527
205,"s(lastRippleHPC_z):DOWN_yes",0.00581211330073117,6.19321566688502e-05,0.0814334433993894,0.0239796094058521
206,"s(lastRippleHPC_z):DOWN_yes",0.00368131680638051,4.04760818429908e-05,0.0649206322807151,0.0191198450254511
207,"s(lastRippleHPC_z):DOWN_yes",0.0142173571268316,0.000189917922388805,0.126680757117465,0.0731255169144142
208,"s(lastRippleHPC_z):DOWN_yes",0.00148862551627538,1.5460285412147e-05,0.0399397032936054,0.0117503778020278
209,"s(lastRippleHPC_z):DOWN_yes",0.0154660461990499,8.67525145763456e-05,0.10510950735458,0.0461181340831141
210,"s(lastRippleHPC_z):DOWN_yes",0.00615582079286625,1.45360650896905e-05,0.0778980233631047,0.026386533149439
211,"s(lastRippleHPC_z):DOWN_yes",0.0189453739260781,6.06137536270246e-05,0.222437031280693,0.0999619660351305
212,"s(lastRippleHPC_z):DOWN_yes",0.0158862921619995,0.000556494715122516,0.166320563069481,0.48832943979077
213,"s(lastRippleHPC_z):DOWN_yes",0.0135664909666904,0.000156470772962529,0.127237276035373,0.0374768025867104
214,"s(lastRippleHPC_z):DOWN_yes",0.0213747541467413,0.000166584645149223,0.120479111025421,0.045864772247476
215,"s(lastRippleHPC_z):DOWN_yes",0.0384633917199277,0.000209342143332106,0.227433133130184,0.103323500747769
216,"s(lastRippleHPC_z):DOWN_yes",0.045614657139307,0.000398268071889283,0.390331911003324,0.357130051905764
217,"s(lastRippleHPC_z):DOWN_yes",0.0275433073174369,0.000178546240542314,0.22463004515094,0.151738958943198
218,"s(lastRippleHPC_z):DOWN_yes",0.0160804062111488,0.000173527173869411,0.136300727669932,0.0401415009617084
219,"s(lastRippleHPC_z):DOWN_yes",0.0670059621464887,0.000611041758652705,0.505290532668647,0.195512047478199
220,"s(lastRippleHPC_z):DOWN_yes",0.0418341696173812,0.000243404652112064,0.210859304808955,0.123887153343295
221,"s(lastRippleHPC_z):DOWN_yes",0.00664452822458195,0.000622263592764192,0.087430729806536,0.73923609149509
222,"s(lastRippleHPC_z):DOWN_yes",0.00566256617631389,5.14596446272807e-05,0.0734139530362911,0.0216229068833772
223,"s(lastRippleHPC_z):DOWN_yes",0.00437067448557649,1.64557565660848e-05,0.0524035963076665,0.0334636915556511
224,"s(lastRippleHPC_z):DOWN_yes",0.01491685498541,0.000188786688434514,0.109864768332076,0.229410228372171
225,"s(lastRippleHPC_z):DOWN_yes",0.0593628125899652,0.000528369169682634,0.330289972587023,0.184554217745201
226,"s(lastRippleHPC_z):DOWN_yes",0.0295680587535472,0.000226346126002048,0.206694467034066,0.159910940500444
227,"s(lastRippleHPC_z):DOWN_yes",0.0366949968582588,0.000280031894639182,0.306886131585314,0.299256205927917
228,"s(lastRippleHPC_z):DOWN_yes",0.0541957399080797,0.000472580233697066,0.344098078236995,0.130640283385686
229,"s(lastRippleHPC_z):DOWN_yes",0.0340994637443508,0.000152958966579856,0.180976077774472,0.0993568281833534
230,"s(lastRippleHPC_z):DOWN_yes",0.0179314972494495,5.68221550000441e-05,0.144214817142269,0.042387483453935
231,"s(lastRippleHPC_z):DOWN_yes",0.0158822990191059,0.000179241893543595,0.136560670019916,0.0402178842711329
232,"s(lastRippleHPC_z):DOWN_yes",0.00907027832831275,9.8119672466686e-05,0.100813053771286,0.029697993152523
233,"s(lastRippleHPC_z):DOWN_yes",0.00437874989387588,5.64834084681053e-06,0.0648224968239293,0.0201129108775701
234,"s(lastRippleHPC_z):DOWN_yes",0.0471177198530999,0.000389662378427134,0.305574692177664,0.197705802302296
235,"s(lastRippleHPC_z):DOWN_yes",0.0566748614894657,0.000486073686127464,0.412933228358037,0.333857458087487
236,"s(lastRippleHPC_z):DOWN_yes",8.78944223980938e-05,8.35009060547808e-07,0.00938923138612251,0.00276508316854468
237,"s(lastRippleHPC_z):DOWN_yes",0.0223311885334248,0.000248417271590223,0.158145831467671,0.0465749382214076
238,"s(lastRippleHPC_z):DOWN_yes",0.0342024627344042,0.000206557390051262,0.226208100385733,0.0847164994758553
239,"s(lastRippleHPC_z):DOWN_yes",0.0529089981615023,0.000356212534784231,0.441429464828943,0.208246584910276
240,"s(lastRippleHPC_z):DOWN_yes",0.00388735865421985,1.16453338089726e-05,0.042451704465393,0.0318678312563419
241,"s(lastRippleHPC_z):DOWN_yes",0.0429232800680595,0.000257691791642154,0.233614866726722,0.129317269482731
242,"s(lastRippleHPC_z):DOWN_yes",0.00462241665965912,5.74675016764385e-05,0.0779162650227883,0.0229459298137874
243,"s(lastRippleHPC_z):DOWN_yes",0.0530075480401706,0.000441758247998773,0.381745134806854,0.263268361482953
244,"s(lastRippleHPC_z):DOWN_yes",0.0308356717194567,0.000167534310375117,0.21244322818688,0.12109486759966
245,"s(lastRippleHPC_z):DOWN_yes",0.000512652811742953,5.57671244517431e-06,0.0243701232938811,0.00717539357951351
246,"s(lastRippleHPC_z):DOWN_yes",0.0125302254972084,4.93666276721987e-05,0.0930162700543964,0.0490052807225521
247,"s(lastRippleHPC_z):DOWN_yes",0.0105128680550237,0.000116786691805557,0.109325246315219,0.0321984630851821
248,"s(lastRippleHPC_z):DOWN_yes",0.00934256152288526,0.00021305996331561,0.102763236661775,0.0488433941212174
249,"s(lastRippleHPC_z):DOWN_yes",0.0276892918921021,0.000251012934995383,0.238754888645031,0.146930412261723
250,"s(lastRippleHPC_z):DOWN_yes",0.039454126342175,0.000437648617135961,0.209230086208713,0.061652897611432
251,"s(lastRippleHPC_z):DOWN_yes",0.0386814968180218,0.000318139669119742,0.310094555790818,0.297592866849366
252,"s(lastRippleHPC_z):DOWN_yes",0.0124629668271172,0.000136483501038663,0.118913673700609,0.0350215794155068
253,"s(lastRippleHPC_z):DOWN_yes",0.0363201982614445,0.000336004813236734,0.202064402786544,0.0717672467111503
254,"s(lastRippleHPC_z):DOWN_yes",0.0291109519346939,0.000224892290167306,0.247711654902106,0.0899002418213219
255,"s(lastRippleHPC_z):DOWN_yes",0.047667944600768,0.000403820246410225,0.35909317813789,0.495798977176152
256,"s(lastRippleHPC_z):DOWN_yes",0.0666057973136205,0.000451133921599199,0.425852821820594,0.308955573024574
257,"s(lastRippleHPC_z):DOWN_yes",0.00487829816998442,5.25235751920885e-05,0.07356963617073,0.0216701348436365
258,"s(lastRippleHPC_z):DOWN_yes",0.0479908736612202,0.000416968376546367,0.298494873009485,0.200137661455775
259,"s(lastRippleHPC_z):DOWN_yes",0.0629498719806598,0.000545809867472847,0.453432163431063,0.344795626966135
260,"s(lastRippleHPC_z):DOWN_yes",0.0445644981591737,0.000357249212670277,0.263145555239036,0.150087730786663
261,"s(lastRippleHPC_z):DOWN_yes",0.0267893177827219,0.000122135209018803,0.234733014063977,0.0953020145348583
262,"s(lastRippleHPC_z):DOWN_yes",0.00675042099740075,7.12389761953466e-05,0.0887786416919449,0.0261462467294155
263,"s(lastRippleHPC_z):DOWN_yes",0.130034886620527,0.00135679672968691,0.663049799114644,0.534493449468319
264,"s(lastRippleHPC_z):DOWN_yes",0.0630682056320477,0.00050748346285016,0.533858700457229,0.382743733279186
265,"s(lastRippleHPC_z):DOWN_yes",0.0631654643598818,0.000429136076811686,0.302118667512396,0.130236158077874
266,"s(lastRippleHPC_z):DOWN_yes",0.00475306037728451,5.66532616064278e-05,0.0767402277773238,0.0226017534245244
267,"s(lastRippleHPC_z):DOWN_yes",0.0220487711114359,0.000243000977646398,0.160219257082863,0.0471696101619281
268,"s(lastRippleHPC_z):DOWN_yes",0.00812134329118841,8.93963251014741e-05,0.0975617779921973,0.0287326704091129
269,"s(lastRippleHPC_z):DOWN_yes",0.0174861583150996,5.61917796533139e-05,0.135764145108771,0.0768556605661159
270,"s(lastRippleHPC_z):DOWN_yes",0.0181382521000479,7.90043635187812e-05,0.131394394512346,0.0465148415785783
271,"s(lastRippleHPC_z):DOWN_yes",0.0155890599368096,0.000720224618400666,0.131505387332786,0.854369919744086
272,"s(lastRippleHPC_z):DOWN_yes",0.01401378199985,0.000162479941266796,0.131050663797569,0.0385944089757515
273,"s(lastRippleHPC_z):DOWN_yes",0.0111371384810788,3.85002547724493e-05,0.0970595236639095,0.0640652149054856
274,"s(lastRippleHPC_z):DOWN_yes",0.00234478117814696,5.6271640596573e-05,0.0518743915540188,0.0248327148652049
275,"s(lastRippleHPC_z):DOWN_yes",0.0353885912275853,0.000253198449698305,0.17655310443309,0.0632521753727725
276,"s(lastRippleHPC_z):DOWN_yes",0.0133913488594342,0.000126747560647729,0.113845996545855,0.0758692493713978
277,"s(lastRippleHPC_z):DOWN_yes",0.00460699277792642,5.05915065467157e-05,0.0732253591936476,0.0215617620320933
278,"s(lastRippleHPC_z):DOWN_yes",0.0217761405575381,0.000228497627960304,0.214750007514319,0.145908817715498
279,"s(lastRippleHPC_z):DOWN_yes",0.0133389311574241,0.000145963778808461,0.121563792143694,0.0360820264400429
280,"s(lastRippleHPC_z):DOWN_yes",0.0869811920396373,0.000808339345349794,0.597866486001863,0.590982954689985
281,"s(lastRippleHPC_z):DOWN_yes",0.0173667312444437,3.56385632415945e-05,0.139069830878219,0.0411663479259833
282,"s(lastRippleHPC_z):DOWN_yes",0.06284385644895,0.000488317405656855,0.26386461336052,0.096458311983804
283,"s(lastRippleHPC_z):DOWN_yes",0.015871415057287,0.000178004174285349,0.139822090022735,0.0637594353550583
284,"s(lastRippleHPC_z):DOWN_yes",0.015643888743945,7.28606122823151e-05,0.108326295958425,0.0521282281052363
285,"s(lastRippleHPC_z):DOWN_yes",0.00287021986282099,3.30277841086456e-05,0.059300871909055,0.0174656387565
286,"s(lastRippleHPC_z):DOWN_yes",0.0309259304670775,7.91978818907706e-05,0.187644741102561,0.0557322652019628
287,"s(lastRippleHPC_z):DOWN_yes",0.0348707514691089,0.0002434222074663,0.265512696467536,0.139382997467799
288,"s(lastRippleHPC_z):DOWN_yes",0.0125524441063956,0.000269400600151578,0.122144902403723,0.237107762591897
289,"s(lastRippleHPC_z):DOWN_yes",0.0130870421575988,1.16596435760833e-05,0.119789519729613,0.035554890539933
290,"s(lastRippleHPC_z):DOWN_yes",0.00297839792948018,1.98834709265576e-06,0.0557231476656611,0.0166190947327457
291,"s(lastRippleHPC_z):DOWN_yes",0.0114666005133,0.00013063176471464,0.117434513811087,0.0345850677119395
292,"s(lastRippleHPC_z):DOWN_yes",0.0157049211836746,9.62317161580524e-05,0.112534137201364,0.0497890718006654
293,"s(lastRippleHPC_z):DOWN_yes",0.0106445910376323,2.08701662966825e-05,0.10400745774904,0.0325460849386119
294,"s(lastRippleHPC_z):DOWN_yes",0.0370388320016044,0.000324965646247848,0.182726336961324,0.0631011836842501
295,"s(lastRippleHPC_z):DOWN_yes",0.0882294730461197,0.000835529268554884,0.549325483012449,0.624544089358422
296,"s(lastRippleHPC_z):DOWN_yes",0.00042054707455641,4.24181430842238e-06,0.0209728794636249,0.00617629468321929
297,"s(lastRippleHPC_z):DOWN_yes",0.0189873582606115,0.000211917950710315,0.148621433802034,0.0437866569720606
298,"s(lastRippleHPC_z):DOWN_yes",0.012149205101375,0.000115954339760831,0.117699764232582,0.106129452214723
299,"s(lastRippleHPC_z):DOWN_yes",0.0393022350599388,0.000436890973918765,0.212315304887151,0.0625458763245295
300,"s(lastRippleHPC_z):DOWN_yes",0.00595981165038673,1.37063379703905e-05,0.0528646660958695,0.0384887958459956
301,"s(lastRippleHPC_z):DOWN_yes",0.0546129876777428,0.00041783037948245,0.441890887457133,0.254819280920447
302,"s(lastRippleHPC_z):DOWN_yes",0.0044273255942926,0.000430689133916632,0.0714071527671719,0.690684081006376
303,"s(lastRippleHPC_z):DOWN_yes",0.017806381029736,0.00020121407754172,0.146274766604603,0.0430796891693108
304,"s(lastRippleHPC_z):DOWN_yes",0.0173535237699571,0.000184002661999336,0.138070844501567,0.0406625663939759
305,"s(lastRippleHPC_z):DOWN_yes",0.0581602852277143,0.000493360149588337,0.295013742773088,0.174909054677886
306,"s(lastRippleHPC_z):DOWN_yes",0.0175034189343002,0.000322333338086582,0.140409978920001,0.318234375257757
307,"s(lastRippleHPC_z):DOWN_yes",0.0491414700463597,0.000470832087778392,0.432152588239158,0.114814722858661
308,"s(lastRippleHPC_z):DOWN_yes",0.00221950335948584,2.32428754861297e-05,0.0494270953571612,0.0145580562745684
309,"s(lastRippleHPC_z):DOWN_yes",0.0522674340470051,0.000308443263983364,0.335192128898565,0.177708841224177
310,"s(lastRippleHPC_z):DOWN_yes",0.0784309556211156,0.000724155352178799,0.463826346447493,0.11958887003786
311,"s(lastRippleHPC_z):DOWN_yes",0.00709773881050424,9.56730703270932e-05,0.088541117946971,0.104689936896551
312,"s(lastRippleHPC_z):DOWN_yes",0.00261048846602385,2.99301471913458e-05,0.0558478984859164,0.016449518732181
313,"s(lastRippleHPC_z):DOWN_yes",0.0315666667307113,0.000232496240555896,0.24701504484044,0.0840428832447132
314,"s(lastRippleHPC_z):DOWN_yes",0.00620639692187197,0.000137834689190374,0.0856341457594441,0.17352264501479
315,"s(lastRippleHPC_z):DOWN_yes",0.0220369025147562,0.00012900832090029,0.142586213220991,0.101471581757011
316,"s(lastRippleHPC_z):DOWN_yes",0.018588149419017,7.29826770605123e-05,0.148184333775201,0.0906330401971666
317,"s(lastRippleHPC_z):DOWN_yes",0.0366717209688225,0.000207738420568806,0.209008344186237,0.116257144088568
318,"s(lastRippleHPC_z):DOWN_yes",0.0466839954392615,0.000352839371611671,0.371273476238142,0.155341237029803
319,"s(lastRippleHPC_z):DOWN_yes",0.0135988964878333,7.45882350094924e-05,0.112981199994563,0.0438716541023127
320,"s(lastRippleHPC_z):DOWN_yes",0.000118359388189049,8.86700103919156e-07,0.00980139881638824,0.00287720730515797
321,"s(lastRippleHPC_z):DOWN_yes",0.0157278157437322,0.000305896709123031,0.136502240015066,0.28846563503529
322,"s(lastRippleHPC_z):DOWN_yes",0.00284931235924546,3.43795042884713e-05,0.0616006913083704,0.0181314754553747
323,"s(lastRippleHPC_z):DOWN_yes",0.0618786798901745,0.000649716307413331,0.467119037976073,0.379729385960526
324,"s(lastRippleHPC_z):DOWN_yes",0.00903734471167894,9.86817147298594e-05,0.101820741579251,0.0299866928720122
325,"s(lastRippleHPC_z):DOWN_yes",0.0135868421865659,2.20288345594619e-05,0.130637933623847,0.0384652119526308
326,"s(lastRippleHPC_z):DOWN_yes",0.0355400249624385,0.000392478659801606,0.202491476397466,0.0596349653542327
327,"s(lastRippleHPC_z):DOWN_yes",0.0057100474672751,6.65836236046868e-05,0.0834905377084834,0.0247931836014276
328,"s(lastRippleHPC_z):DOWN_yes",0.037170314014487,0.000408009891950155,0.204610464833228,0.0602522820802012
329,"s(lastRippleHPC_z):DOWN_yes",0.0867682080584284,0.00085674960087478,0.614519790792205,0.424892364517975
330,"s(lastRippleHPC_z):DOWN_yes",0.0577249587348163,0.000484085176989845,0.376063069934091,0.189049759813236
331,"s(lastRippleHPC_z):DOWN_yes",0.00352954406030648,6.45980530345422e-05,0.029785180429689,0.204961548893552
332,"s(lastRippleHPC_z):DOWN_yes",0.0171644360719885,0.000193476359978162,0.14013903677146,0.0412477321472001
333,"s(lastRippleHPC_z):DOWN_yes",0.01631746396788,0.000179977078089874,0.134821534750781,0.0397073616553733
334,"s(lastRippleHPC_z):DOWN_yes",0.0184898607559116,6.88281396252571e-05,0.153060228282777,0.0942405805100965
335,"s(lastRippleHPC_z):DOWN_yes",0.0332624181726153,0.000248900342092808,0.226505593346509,0.124253071075065
336,"s(lastRippleHPC_z):DOWN_yes",0.0221814656969439,0.000260442274277145,0.166532952701328,0.049048100785563
337,"s(lastRippleHPC_z):DOWN_yes",0.0307855503827472,0.000146284206047657,0.190951918870365,0.0593986870077001
338,"s(lastRippleHPC_z):DOWN_yes",0.0212158712958566,0.000230804909231571,0.157184525430493,0.0463029742805934
339,"s(lastRippleHPC_z):DOWN_yes",0.000397431839244788,5.52804385383653e-05,0.0217742418990947,0.17848233309594
340,"s(lastRippleHPC_z):DOWN_yes",0.0881833224765813,0.000739618154152514,0.604809233625012,0.58754487837806
341,"s(lastRippleHPC_z):DOWN_yes",0.00656873118203549,7.25372474864288e-05,0.0867786486302448,0.0255572216890412
342,"s(lastRippleHPC_z):DOWN_yes",0.0269962952947242,0.000297911428750635,0.17668027034363,0.0520335813930215
343,"s(lastRippleHPC_z):DOWN_yes",0.0109227218900578,0.000113875126925814,0.107221721281966,0.0315844818815231
344,"s(lastRippleHPC_z):DOWN_yes",0.0241839669401163,0.000260442774962911,0.164470173892223,0.0484359356128945
345,"s(lastRippleHPC_z):DOWN_yes",0.0092281952562967,2.14856554397626e-05,0.0798253567836818,0.052488545654587
346,"s(lastRippleHPC_z):DOWN_yes",0.0433397924725032,0.000486011316515301,0.224748722081279,0.0661937927524597
347,"s(lastRippleHPC_z):DOWN_yes",0.0704252195466495,0.000625256602345483,0.488886756557823,0.16487402791032
348,"s(lastRippleHPC_z):DOWN_yes",8.11379368599319e-05,3.07015286484496e-06,0.0080345011048882,0.0388547923031238
349,"s(lastRippleHPC_z):DOWN_yes",0.0122459332361178,0.000141833587076583,0.121037240209018,0.0356471527033561
350,"s(lastRippleHPC_z):DOWN_yes",0.000381969577739838,0.000568531577032807,0.0230128830505469,0.724780270833993
351,"s(lastRippleHPC_z):DOWN_yes",0.0522192807564039,0.000504648183247264,0.344793478762048,0.257865685145156
352,"s(lastRippleHPC_z):DOWN_yes",0.0608890170161072,0.00054435269479267,0.357790113304784,0.294093607621217
353,"s(lastRippleHPC_z):DOWN_yes",0.00875674318724329,6.07074593898512e-05,0.0847364226178787,0.0937676535013086
354,"s(lastRippleHPC_z):DOWN_yes",0.0567564297077752,0.000633123755808811,0.260373413311167,0.0766804138016988
355,"s(lastRippleHPC_z):DOWN_yes",0.0513275244812359,0.000465349259857119,0.428770711697981,0.402703140540571
356,"s(lastRippleHPC_z):DOWN_yes",0.00722438668339365,4.4709292155613e-05,0.0637076256971176,0.0460294403623309
357,"s(lastRippleHPC_z):DOWN_yes",0.0579502808151986,0.000534103933411511,0.427271542692088,0.400784194119157
358,"s(lastRippleHPC_z):DOWN_yes",0.0457802239238934,0.000330268878113385,0.378436672745041,0.369737480672593
359,"s(lastRippleHPC_z):DOWN_yes",0.0753396647956261,0.000762096323640509,0.517992870876637,0.146565925640439
360,"s(lastRippleHPC_z):DOWN_yes",0.0094458397132744,1.59492250706798e-05,0.0943321181309405,0.0287205547753326
361,"s(lastRippleHPC_z):DOWN_yes",0.0135399356917283,5.63508125807487e-05,0.127198861121653,0.0930668417638569
362,"s(lastRippleHPC_z):DOWN_yes",0.00455045615401062,4.73536506144262e-05,0.0700939436781368,0.0206482660187458
363,"s(lastRippleHPC_z):DOWN_yes",0.00892743612651614,9.77585943690383e-05,0.100952126434709,0.030354098441263
364,"s(lastRippleHPC_z):DOWN_yes",0.0572332294246891,0.00041149277370529,0.332098527942487,0.250485065255947
365,"s(lastRippleHPC_z):DOWN_yes",0.0217736970700848,0.000269263965995187,0.167128984179121,0.0492209551006658
366,"s(lastRippleHPC_z):DOWN_yes",0.0650977605867666,0.000598698132015327,0.427698379407103,0.35874378731965
367,"s(lastRippleHPC_z):DOWN_yes",0.0514693158695909,0.000490946549247448,0.363919042099717,0.126613013662594
368,"s(lastRippleHPC_z):DOWN_yes",0.0470124934043508,0.000356428594272454,0.350875067466727,0.198572862863051
369,"s(lastRippleHPC_z):DOWN_yes",0.000103209176181451,1.42064167398454e-05,0.0128096322960129,0.0572257446245412
370,"s(lastRippleHPC_z):DOWN_yes",0.045429684311932,0.000354799316336352,0.388277409082509,0.227825566880166
371,"s(lastRippleHPC_z):DOWN_yes",0.00931197010593543,0.000112392469397372,0.106346094692116,0.0470235448372489
372,"s(lastRippleHPC_z):DOWN_yes",0.0109765260123282,0.000126830646853337,0.115164845209501,0.0339164844951735
373,"s(lastRippleHPC_z):DOWN_yes",0.0448197024669472,0.000297531600247609,0.376724835512146,0.244210055941398
374,"s(lastRippleHPC_z):DOWN_yes",0.0204682775899663,0.000232506445236148,0.156733818806376,0.0461582594158792
375,"s(lastRippleHPC_z):DOWN_yes",2.04779551218337e-05,1.1693500704626e-07,0.0034996840369346,0.00103073656134646
376,"s(lastRippleHPC_z):DOWN_yes",0.0174948275954421,0.000208208371908717,0.146404890290887,0.0431195698439525
377,"s(lastRippleHPC_z):DOWN_yes",0.0207552255398298,0.000104586773877181,0.181816748350574,0.12224670845293
378,"s(lastRippleHPC_z):DOWN_yes",0.0605386554357228,0.000400673321873143,0.289355774965537,0.138516014460451
379,"s(lastRippleHPC_z):DOWN_yes",0.0172221534855357,0.000278201047855831,0.145746991044284,0.180526980426883
380,"s(lastRippleHPC_z):DOWN_yes",0.00170705777669333,0.000103978341689401,0.0442016850756567,0.169043063470329
381,"s(lastRippleHPC_z):DOWN_yes",0.00813474133794756,9.61792029285869e-05,0.100501630754446,0.029598596424651
382,"s(lastRippleHPC_z):DOWN_yes",0.0116142326863695,2.67100839391247e-05,0.107243896674688,0.0334746705805274
383,"s(lastRippleHPC_z):DOWN_yes",0.0221317398328313,0.000219697415699049,0.159332597154978,0.0570437712540319
384,"s(lastRippleHPC_z):DOWN_yes",0.0141644339784754,0.000156027330397348,0.128219278803522,0.0377598190041252
385,"s(lastRippleHPC_z):DOWN_yes",0.00884502645111773,9.32799833820484e-05,0.0970577201385762,0.0285833065158589
386,"s(lastRippleHPC_z):DOWN_yes",0.0559240901075739,0.000492484824117792,0.367190492246903,0.253776550671392
387,"s(lastRippleHPC_z):DOWN_yes",0.018930281447215,0.000223130735725666,0.151229231190576,0.0445389074572818
388,"s(lastRippleHPC_z):DOWN_yes",0.0229618940190921,0.000249798954890192,0.157248500287478,0.0463256681941703
389,"s(lastRippleHPC_z):DOWN_yes",0.00667615333904514,7.29213731598851e-05,0.0876239464975664,0.0258069225749471
390,"s(lastRippleHPC_z):DOWN_yes",0.0389929967756153,0.000408558135471875,0.2899311926636,0.206424552019458
391,"s(lastRippleHPC_z):DOWN_yes",0.0930040910105738,0.000900703423648349,0.578289209819705,0.161556091157689
392,"s(lastRippleHPC_z):DOWN_yes",0.00425318119861018,4.77934326726723e-05,0.0703565052706199,0.0207196222843756
393,"s(lastRippleHPC_z):DOWN_yes",0.0682403404561036,0.00062701433609772,0.394633393583703,0.230437821387334
394,"s(lastRippleHPC_z):DOWN_yes",0.0573669550047615,0.000512323878129757,0.424399734818623,0.541397378763436
395,"s(lastRippleHPC_z):DOWN_yes",0.0402489874414798,0.000366273707382657,0.238282545595401,0.0673063437505131
396,"s(lastRippleHPC_z):DOWN_yes",0.0267648617232652,0.000148232785421541,0.270119808677385,0.125567233077009
397,"s(lastRippleHPC_z):DOWN_yes",0.0403966472203781,0.000289735074327001,0.300012946053802,0.162251207486138
398,"s(lastRippleHPC_z):DOWN_yes",0.0163471619491791,0.000524532303748285,0.137704266296308,0.525194398915193
399,"s(lastRippleHPC_z):DOWN_yes",0.000747728200760633,8.50083561660191e-06,0.0302259479070196,0.00890146087334888
400,"s(lastRippleHPC_z):DOWN_yes",0.0362076437761534,0.000338618531702224,0.27234762583735,0.166437014805585
401,"s(lastRippleHPC_z):DOWN_yes",0.0265123464119945,0.000287304553925271,0.17213484698597,0.0506977940713344
402,"s(lastRippleHPC_z):DOWN_yes",0.0199766060610216,0.000247587804904836,0.15154434715766,0.047009112983417
403,"s(lastRippleHPC_z):DOWN_yes",0.00629524327132991,1.02247264227293e-05,0.0807106500771129,0.0247143506620128
404,"s(lastRippleHPC_z):DOWN_yes",0.00575209803362142,0.000214748281479319,0.0817306168762901,0.214396840468421
405,"s(lastRippleHPC_z):DOWN_yes",0.0272237871341154,0.000247189357084648,0.180563654108645,0.142730413577671
406,"s(lastRippleHPC_z):DOWN_yes",0.000894961275070827,1.01365434211544e-05,0.0328550128127697,0.00967589486470402
407,"s(lastRippleHPC_z):DOWN_yes",0.00660823821746348,2.60756197263406e-05,0.0653804740239972,0.037647607487782
408,"s(lastRippleHPC_z):DOWN_yes",0.00356957023946514,3.24510562246376e-06,0.0565658159138087,0.0172156342718971
409,"s(lastRippleHPC_z):DOWN_yes",0.00198086033138445,2.1606135124411e-05,0.0468317322549124,0.0137963526102252
410,"s(lastRippleHPC_z):DOWN_yes",0.020990099737503,0.000162717172306745,0.137136084497624,0.0431516316498396
411,"s(lastRippleHPC_z):DOWN_yes",0.0433036832797686,0.000362011626655823,0.346380693168288,0.119329766934679
412,"s(lastRippleHPC_z):DOWN_yes",0.0312845149148799,0.000189797904863153,0.266511214307027,0.0970761926912794
413,"s(lastRippleHPC_z):DOWN_yes",0.0431119582932187,0.00031335835809874,0.377741353199535,0.194368147202814
414,"s(lastRippleHPC_z):DOWN_yes",0.0472875124385261,0.000382272341928214,0.323347049750068,0.287559921418617
415,"s(lastRippleHPC_z):DOWN_yes",0.0304838134347598,0.000336459081632279,0.183176111881394,0.0540065840971428
416,"s(lastRippleHPC_z):DOWN_yes",0.0360968992523922,0.000171029328058718,0.208542159793655,0.103135924023815
417,"s(lastRippleHPC_z):DOWN_yes",0.123219850720373,0.00125377036253897,0.593976603405588,0.447764199204921
418,"s(lastRippleHPC_z):DOWN_yes",0.113228322332571,0.00122865953320617,0.604862482575434,0.166673422903473
419,"s(lastRippleHPC_z):DOWN_yes",0.0120591469438001,6.55292632611965e-05,0.0949739076715069,0.0481204936135617
420,"s(lastRippleHPC_z):DOWN_yes",0.0199503438495707,0.000219426262208132,0.148913104473586,0.0438561240788384
421,"s(lastRippleHPC_z):DOWN_yes",0.0930607082112438,0.000960549853313998,0.543717994850791,0.418763682907779
422,"s(lastRippleHPC_z):DOWN_yes",0.0196771114489547,0.000185578883949567,0.198284024891006,0.0676366862923499
423,"s(lastRippleHPC_z):DOWN_yes",0.0136880796428063,0.00015469429762802,0.127663638636842,0.037597757478472
424,"s(lastRippleHPC_z):DOWN_yes",0.0103104328626493,0.000115918775719102,0.109979414070864,0.0323886713838258
425,"s(lastRippleHPC_z):DOWN_yes",0.067106947336093,0.000628117611942079,0.451667044039128,0.441717152786405
426,"s(lastRippleHPC_z):DOWN_yes",0.0671138717665123,0.000570805708450087,0.486208146960355,0.473595817703674
427,"s(lastRippleHPC_z):DOWN_yes",0.0216865947728149,0.000762580432804199,0.16882886582491,0.880833712637656
428,"s(lastRippleHPC_z):DOWN_yes",0.0310259034863556,0.00020091462149357,0.172199403110252,0.0655778674535873
429,"s(lastRippleHPC_z):DOWN_yes",0.00678995769252388,7.25268505490079e-05,0.0868814626540762,0.02558517260097
430,"s(lastRippleHPC_z):DOWN_yes",0.00442250178060632,5.07163079088089e-05,0.072752887153558,0.02142429075009
431,"s(lastRippleHPC_z):DOWN_yes",0.0111282550969047,0.000127020624138343,0.115981096056852,0.0341565330595188
432,"s(lastRippleHPC_z):DOWN_yes",0.0527780292923108,0.000493362734616362,0.413986720965896,0.117457716453285
433,"s(lastRippleHPC_z):DOWN_yes",0.0479893948162289,0.000393227571292931,0.389891556674152,0.386785213683599
434,"s(lastRippleHPC_z):DOWN_yes",0.00982413166018681,0.000103831177459304,0.105204267360872,0.0309911389843663
435,"s(lastRippleHPC_z):DOWN_yes",0.0230061789945175,8.88317982563076e-05,0.15523719857031,0.0754639604374415
436,"s(lastRippleHPC_z):DOWN_yes",0.0328673447503469,0.000178239538060361,0.253550443447209,0.0801673423082295
437,"s(lastRippleHPC_z):DOWN_yes",0.0158785436770277,0.000176071183036779,0.134180527743508,0.0395172936163434
438,"s(lastRippleHPC_z):DOWN_yes",0.0580419232894656,0.000555632046413445,0.436172910174679,0.126923047229873
439,"s(lastRippleHPC_z):DOWN_yes",0.0288620338129686,0.000338341631813021,0.182778915830619,0.144862670921682
440,"s(lastRippleHPC_z):DOWN_yes",0.0454445740000224,0.000380055498818953,0.272649025380611,0.187312862095332
441,"s(lastRippleHPC_z):DOWN_yes",0.0104653455856756,3.66334904616704e-05,0.0976614058816617,0.0596696355607744
442,"s(lastRippleHPC_z):DOWN_yes",0.0382576495137297,0.000341193888689473,0.348492193548271,0.112830522753276
443,"s(lastRippleHPC_z):DOWN_yes",0.0324198578525472,0.000364297311842746,0.194238753859875,0.0572074110294894
444,"s(lastRippleHPC_z):DOWN_yes",0.0139205335466812,0.000160599234014266,0.130129463993045,0.0383232282177327
445,"s(lastRippleHPC_z):DOWN_yes",0.0371738583927428,0.00028623332606484,0.29447970500344,0.237952229117294
446,"s(lastRippleHPC_z):DOWN_yes",0.0126495867618281,0.00013663129838861,0.118078488602811,0.034775940697003
447,"s(lastRippleHPC_z):DOWN_yes",0.00929415291518865,1.90137077750726e-05,0.0839064157372319,0.0437865432051552
448,"s(lastRippleHPC_z):DOWN_yes",0.00878935194647568,9.11910322785748e-05,0.0981881348286009,0.0289283613671045
449,"s(lastRippleHPC_z):DOWN_yes",0.0274304087785602,0.000315499973553154,0.181517629725159,0.0534574667665703
450,"s(lastRippleHPC_z):DOWN_yes",0.00862535669358167,3.11270691793905e-05,0.0846559933966235,0.0369189527686363
451,"s(lastRippleHPC_z):DOWN_yes",0.0736760098243803,0.000616385810118201,0.53958153371756,0.479227327363222
452,"s(lastRippleHPC_z):DOWN_yes",0.0506106101187882,0.000412222233613934,0.368486081363089,0.114480331488225
453,"s(lastRippleHPC_z):DOWN_yes",0.0222725087235638,0.000118601113570308,0.191566735896174,0.13797505385112
454,"s(lastRippleHPC_z):DOWN_yes",0.0200201630789838,0.00021507792066777,0.147905684401326,0.0435651206025976
455,"s(lastRippleHPC_z):DOWN_yes",0.0285311724689592,0.000156014435993792,0.201989326145611,0.13010000604749
456,"s(lastRippleHPC_z):DOWN_yes",0.00780467351687975,9.18810762059615e-05,0.0977249476147298,0.0287846370683949
457,"s(lastRippleHPC_z):DOWN_yes",0.0528607455880454,0.000434703780095507,0.421883263979078,0.360416073885233
458,"s(lastRippleHPC_z):DOWN_yes",0.0011090833955798,1.26985084497606e-05,0.0366991670207535,0.0108067733722205
459,"s(lastRippleHPC_z):DOWN_yes",0.0345504620983785,0.000194773223100723,0.195550666004467,0.170022281035575
460,"s(lastRippleHPC_z):DOWN_yes",0.0132235664366451,0.000142213311469811,0.120463492387268,0.0354742055449084
461,"s(lastRippleHPC_z):DOWN_yes",0.0146294482413776,9.96860599463601e-05,0.119359822966528,0.0530770785659111
462,"s(lastRippleHPC_z):DOWN_yes",0.0722358532693814,0.000587088774241654,0.292271496015532,0.0972204398953293
463,"s(lastRippleHPC_z):DOWN_yes",0.0051303772181317,5.18396804606267e-05,0.0744950369543525,0.0219388120062018
464,"s(lastRippleHPC_z):DOWN_yes",0.0540055044210028,0.000350709420741106,0.409773514787975,0.16041983504308
465,"s(lastRippleHPC_z):DOWN_yes",0.0493832755931845,0.000541172450511501,0.238925348369138,0.0703661010790191
466,"s(lastRippleHPC_z):DOWN_yes",0.0143210085452772,0.000167321551562341,0.135535458895775,0.0399169718460381
467,"s(lastRippleHPC_z):DOWN_yes",0.0442853553354077,0.000359956923644334,0.335248067530542,0.20669993911615
468,"s(lastRippleHPC_z):DOWN_yes",0.0338632920107678,0.000285312195019439,0.278874810561558,0.249857820149905
469,"s(lastRippleHPC_z):DOWN_yes",0.00892023627300986,0.000100841968535388,0.103916982790007,0.0306037594421435
470,"s(lastRippleHPC_z):DOWN_yes",0.0132712203292495,0.00016138323254677,0.127782452369029,0.0376368530400337
471,"s(lastRippleHPC_z):DOWN_yes",0.0296117572921322,0.000406877109805471,0.285815954988108,0.326393667700148
472,"s(lastRippleHPC_z):DOWN_yes",0.000924568348089849,9.11327720383241e-06,0.0314849762532123,0.00926618466251981
473,"s(lastRippleHPC_z):DOWN_yes",0.0923500719823611,0.000591338659320473,0.336042134951688,0.122892858518535
474,"s(lastRippleHPC_z):DOWN_yes",0.0308568884101099,0.000308910069135768,0.232751295079158,0.14724231341487
475,"s(lastRippleHPC_z):DOWN_yes",0.0615994624620591,0.000536676445746388,0.422639957858114,0.341895336318388
476,"s(lastRippleHPC_z):DOWN_yes",0.0104486154508105,0.000117468190391874,0.111694931440387,0.0328936040568105
477,"s(lastRippleHPC_z):DOWN_yes",0.0172074818681907,0.000199515603722691,0.147784501120798,0.0435238353566307
478,"s(lastRippleHPC_z):DOWN_yes",0.0235408809196791,0.000264585434428733,0.166010146906382,0.0488928618094397
479,"s(lastRippleHPC_z):DOWN_yes",0.0476267488885913,0.000534251288767702,0.241552513403851,0.221766976453249
480,"s(lastRippleHPC_z):DOWN_yes",0.0103973577076832,0.000116143939974572,0.110396550615763,0.0325171240604419
481,"s(lastRippleHPC_z):DOWN_yes",0.00896738826696009,4.55929464076409e-05,0.0779211522339831,0.0439262457233436
482,"s(lastRippleHPC_z):DOWN_yes",0.111828480281064,0.00107067230711487,0.669806118675744,0.653082838862481
483,"s(lastRippleHPC_z):DOWN_yes",0.0433521130180061,0.00116700133855475,0.445506266835681,0.785541753593126
484,"s(lastRippleHPC_z):DOWN_yes",0.0568737844120957,0.000510620021613854,0.371357793103886,0.159025342637376
485,"s(lastRippleHPC_z):DOWN_yes",0.0146223885860906,0.000172468560123535,0.129464222867576,0.0400311898462189
486,"s(lastRippleHPC_z):DOWN_yes",0.00218299746449979,2.37695630291461e-05,0.0501356940486802,0.0147692974023183
487,"s(lastRippleHPC_z):DOWN_yes",0.0260979418660021,0.000137909243800929,0.203636939667619,0.124289512718595
488,"s(lastRippleHPC_z):DOWN_yes",0.0154161304134224,0.000178797145405892,0.139391997601985,0.0410517124274378
489,"s(lastRippleHPC_z):DOWN_yes",0.00130428027254581,1.67207290785331e-05,0.038822828295034,0.0274641746098741
490,"s(lastRippleHPC_z):DOWN_yes",0.0353086075033442,0.000395162341733497,0.207416347947588,0.0611040095254251
491,"s(lastRippleHPC_z):DOWN_yes",0.0449748345631598,0.000351005700039078,0.375652677940607,0.217492491963786
492,"s(lastRippleHPC_z):DOWN_yes",0.0563468156541358,0.000392581029908355,0.415244753423678,0.107807157632252
493,"s(lastRippleHPC_z):DOWN_yes",0.0804094893333573,0.000802704607407897,0.521932778859292,0.146510943682444
494,"s(lastRippleHPC_z):DOWN_yes",0.00222526809075951,2.33859392798802e-05,0.0500556892493124,0.014741193802822
495,"s(lastRippleHPC_z):DOWN_yes",0.0448487053173121,0.000291499765197319,0.283436246623043,0.119474474585633
496,"s(lastRippleHPC_z):DOWN_yes",0.0575830739962591,0.000494978539578547,0.30278908720784,0.209397658052042
497,"s(lastRippleHPC_z):DOWN_yes",0.0118719209166844,0.000136670106510289,0.116725257277189,0.0569768349184413
498,"s(lastRippleHPC_z):DOWN_yes",0.0142647883944722,0.000112692180247317,0.130754656725846,0.15282820882553
499,"s(lastRippleHPC_z):DOWN_yes",0.0104313396493119,0.00013644467624641,0.108173812712651,0.061635675806042
500,"s(lastRippleHPC_z):DOWN_yes",0.00814555450711474,2.9169225361883e-05,0.0803672350901692,0.0348034117850914
501,"s(lastRippleHPC_z):DOWN_yes",0.0254242055537919,8.24852618119039e-05,0.272639462478299,0.063470460635692
502,"s(lastRippleHPC_z):DOWN_yes",0.0107335743880164,2.89176782750105e-05,0.0942592739908952,0.0612427397662056
503,"s(lastRippleHPC_z):DOWN_yes",0.0810676704515849,0.00068258825722803,0.548428509205482,0.381248646214275
504,"s(lastRippleHPC_z):DOWN_yes",0.0158327165181298,0.000171977164582284,0.133198474340271,0.0392350971522524
505,"s(lastRippleHPC_z):DOWN_yes",0.00696106819758668,7.32906063640637e-05,0.0875219881689866,0.0257787016448738
506,"s(lastRippleHPC_z):DOWN_yes",0.00364302554935492,5.34336187039141e-05,0.0644838382965336,0.0382253323539403
507,"s(lastRippleHPC_z):DOWN_yes",0.030427896261525,0.000282026549252872,0.283330445784048,0.14983467976788
508,"s(lastRippleHPC_z):DOWN_yes",0.0336847426592328,0.000245982404809507,0.272267960419283,0.145168295475249
509,"s(lastRippleHPC_z):DOWN_yes",0.00450819743943498,4.9885264562351e-05,0.0714714374120854,0.02104512726842
510,"s(lastRippleHPC_z):DOWN_yes",0.109366846585846,0.000993443395428249,0.54922524610328,0.331271834486815
511,"s(lastRippleHPC_z):DOWN_yes",0.0635986175596308,0.000576294327630534,0.419507745767588,0.51192245882768
512,"s(lastRippleHPC_z):DOWN_yes",0.031253911682807,0.000341069106886343,0.191218528594596,0.0563159672468016
513,"s(lastRippleHPC_z):DOWN_yes",0.0547394474134588,0.000500666695735057,0.451878817737723,0.451799650862616
514,"s(lastRippleHPC_z):DOWN_yes",0.0132795926290683,4.4742005376165e-05,0.103561672238385,0.0703125433759026
515,"s(lastRippleHPC_z):DOWN_yes",0.0536033796162059,0.000341048565026698,0.277421018439355,0.131214407417366
516,"s(lastRippleHPC_z):DOWN_yes",0.00688485716515075,0.000226985464572492,0.0889402826646753,0.237264997256741
517,"s(lastRippleHPC_z):DOWN_yes",0.0180693188882071,0.000296295266089464,0.142485970192525,0.0454746802159532
518,"s(lastRippleHPC_z):DOWN_yes",0.0163765340729753,0.000181512963351728,0.13933856296016,0.0410409451422141
519,"s(lastRippleHPC_z):DOWN_yes",0.0307736898070914,0.000169751312356097,0.213596879296572,0.124130893994816
520,"s(lastRippleHPC_z):DOWN_yes",0.0268759182347349,0.000287671037876976,0.17267905467459,0.0508573646711851
521,"s(lastRippleHPC_z):DOWN_yes",0.0297252315858234,0.000187982407594736,0.176025650857503,0.0610468542537132
522,"s(lastRippleHPC_z):DOWN_yes",0.0543579708262527,0.000440391042449287,0.311890758216299,0.491130269093128
523,"s(lastRippleHPC_z):DOWN_yes",0.012947904021253,4.72918290974136e-05,0.105028246756973,0.0577273196173088
524,"s(lastRippleHPC_z):DOWN_yes",0.024068638216562,0.000454280249405719,0.211886289977572,0.376587976248844
525,"s(lastRippleHPC_z):DOWN_yes",0.0716632119945526,0.000678567156675219,0.494317062812379,0.118673670972685
526,"s(lastRippleHPC_z):DOWN_yes",0.0657742712344671,0.000633808418459678,0.298194505102824,0.138618855715602
527,"s(lastRippleHPC_z):DOWN_yes",0.010236758982197,0.000120200711930826,0.111926951364291,0.032963324759325
528,"s(lastRippleHPC_z):DOWN_yes",0.0109860341943282,0.000123121475834174,0.113421830990617,0.0333927278874342
529,"s(lastRippleHPC_z):DOWN_yes",0.0587857964853598,0.000587132177290212,0.429250859656624,0.111827048775351
530,"s(lastRippleHPC_z):DOWN_yes",0.0482960094546474,0.000463794427126735,0.40519081784314,0.116932813875609
531,"s(lastRippleHPC_z):DOWN_yes",0.00499251086629116,9.65447772345558e-06,0.0685132048253252,0.0231444416064702
532,"s(lastRippleHPC_z):DOWN_yes",0.00712765671982574,1.73044478114289e-05,0.06684181412282,0.0416313212269176
533,"s(lastRippleHPC_z):DOWN_yes",0.0326887013959496,0.000377612607610136,0.19579269079127,0.0990916558945456
534,"s(lastRippleHPC_z):DOWN_yes",0.00390751263880773,9.62625159928515e-05,0.0658164488349177,0.220074860102351
535,"s(lastRippleHPC_z):DOWN_yes",0.0117614091039844,0.000127505541853147,0.113987181090683,0.033566796118017
536,"s(lastRippleHPC_z):DOWN_yes",0.00993752053229002,0.00021348280422541,0.107272751610688,0.212340088930252
537,"s(lastRippleHPC_z):DOWN_yes",0.00528834260618005,6.00763474165615e-05,0.0807999772519128,0.0237942819531247
538,"s(lastRippleHPC_z):DOWN_yes",0.00821063528031019,9.11153190897692e-05,0.0987243656869562,0.0290744692632915
539,"s(lastRippleHPC_z):DOWN_yes",0.0253033368294275,0.000141869838676493,0.222241151580213,0.122970536966586
540,"s(lastRippleHPC_z):DOWN_yes",0.0716178563131482,0.000726960811043917,0.424977076884395,0.292343461197767
541,"s(lastRippleHPC_z):DOWN_yes",0.015288220846351,5.72809478664042e-05,0.129418087823404,0.0405963171876861
542,"s(lastRippleHPC_z):DOWN_yes",0.00710698507428908,7.85054251492864e-05,0.0905536113128059,0.0266691719232614
543,"s(lastRippleHPC_z):DOWN_yes",0.010801962524706,0.000113400573492486,0.1068346560094,0.0314704961988297
544,"s(lastRippleHPC_z):DOWN_yes",0.00476181104313333,5.89205650602273e-05,0.0781130975631203,0.0230053475832561
545,"s(lastRippleHPC_z):DOWN_yes",0.0406437181273844,0.000253391253106192,0.222695132545245,0.0889861363247115
546,"s(lastRippleHPC_z):DOWN_yes",0.0424626285687957,0.000340763554087982,0.333404079993072,0.350128471752046
547,"s(lastRippleHPC_z):DOWN_yes",0.0102284677794646,0.000119236892038305,0.114399534231196,0.0336913492577457
548,"s(lastRippleHPC_z):DOWN_yes",0.0114712099889456,0.000124961878383204,0.114529835945174,0.0337265517933996
549,"s(lastRippleHPC_z):DOWN_yes",0.0409368112019912,0.000410376798346011,0.30425656273698,0.216081286711451
550,"s(lastRippleHPC_z):DOWN_yes",0.00492080044520193,5.94138197648518e-05,0.0793817343216878,0.0233771273519755
551,"s(lastRippleHPC_z):DOWN_yes",0.000118590912292049,2.76342721711712e-05,0.0100027576040239,0.0703658917191693
552,"s(lastRippleHPC_z):DOWN_yes",0.0170146106139626,0.000260299031042814,0.142769541875645,0.334526018090322
553,"s(lastRippleHPC_z):DOWN_yes",0.0682394905640766,0.000652547878936778,0.422487938326426,0.344878554272187
554,"s(lastRippleHPC_z):DOWN_yes",0.0124754584265929,0.000132078811803438,0.118208308607347,0.0348132529689907
555,"s(lastRippleHPC_z):DOWN_yes",0.00720667079595749,8.28818763302785e-05,0.0937264881458479,0.0276033112852687
556,"s(lastRippleHPC_z):DOWN_yes",0.0354339030997224,0.000234973916605321,0.336933479718634,0.1148098094803
557,"s(lastRippleHPC_z):DOWN_yes",0.0057240871537747,6.25821539071732e-05,0.0797022532942827,0.0234739109584059
558,"s(lastRippleHPC_z):DOWN_yes",0.0227864037287873,0.00022698522054532,0.141488310097442,0.135861224192285
559,"s(lastRippleHPC_z):DOWN_yes",0.0571608735597611,0.00040132477143348,0.261186628759475,0.161436798277468
560,"s(lastRippleHPC_z):DOWN_yes",0.0237569762143615,0.000163726600651013,0.201704410524665,0.146007951693952
561,"s(lastRippleHPC_z):DOWN_yes",0.0126782256065088,0.000139417448364066,0.120985700871466,0.0356310104267355
562,"s(lastRippleHPC_z):DOWN_yes",0.0451981089901583,0.000396660100311349,0.328089397078611,0.151990539354543
563,"s(lastRippleHPC_z):DOWN_yes",0.0308400390009105,0.000339513378838057,0.187105214823896,0.0551132650135665
564,"s(lastRippleHPC_z):DOWN_yes",0.0124183518709522,0.000138915046808535,0.121501484227689,0.0357826838739005
565,"s(lastRippleHPC_z):DOWN_yes",0.062646248262757,0.00058923788467443,0.411618053220245,0.125619192406522
566,"s(lastRippleHPC_z):DOWN_yes",0.0355927298535654,0.000412302487268671,0.202811682007226,0.0836921099279001
567,"s(lastRippleHPC_z):DOWN_yes",0.0565920696763609,0.000421830813603117,0.454538583670791,0.271236049123358
568,"s(lastRippleHPC_z):DOWN_yes",0.0245151300872628,0.000273850759086085,0.165462186479187,0.0559953198811944
569,"s(lastRippleHPC_z):DOWN_yes",0.00055325612541246,6.06199404186046e-06,0.0248740174263506,0.00732139246050733
570,"s(lastRippleHPC_z):DOWN_yes",0.0751949009249078,0.000628040761070394,0.500397749678079,0.454823587755891
571,"s(lastRippleHPC_z):DOWN_yes",0.0756452132058971,0.000493808956602041,0.339821553865676,0.127750300255015
572,"s(lastRippleHPC_z):DOWN_yes",0.0147929856970812,6.90644872250628e-05,0.121774567425755,0.043656371741406
573,"s(lastRippleHPC_z):DOWN_yes",0.0369930590075516,0.000415030580421158,0.206003460660147,0.0606696009237956
574,"s(lastRippleHPC_z):DOWN_yes",0.0490401642947891,0.000399179469194688,0.404329481817655,0.294235382242919
575,"s(lastRippleHPC_z):DOWN_yes",0.010881869786699,0.000120960857194807,0.113515472301469,0.0334295868268486
576,"s(lastRippleHPC_z):DOWN_yes",0.0104262416340628,1.52730565202372e-05,0.102701224778235,0.0308924141342525
577,"s(lastRippleHPC_z):DOWN_yes",0.00272201905098512,3.44116014100404e-05,0.0528633995755052,0.0627109921840563
578,"s(lastRippleHPC_z):DOWN_yes",0.0451543450118255,0.000380634782418575,0.337930399449353,0.248524504273059
579,"s(lastRippleHPC_z):DOWN_yes",0.0130600912622008,0.000142932166241507,0.120592010833976,0.0355227044343787
580,"s(lastRippleHPC_z):DOWN_yes",0.00271694631279473,3.21396820946813e-05,0.0590654289035797,0.0173813216506605
581,"s(lastRippleHPC_z):DOWN_yes",0.0619613407045865,0.000498484436183222,0.555927270586417,0.281769488062679
582,"s(lastRippleHPC_z):DOWN_yes",0.00742530957676735,8.95396563091372e-05,0.0961563260785288,0.0339950984483584
583,"s(lastRippleHPC_z):DOWN_yes",0.0272740152992679,0.000272890685891076,0.164281042342362,0.0627779940973
584,"s(lastRippleHPC_z):DOWN_yes",0.0320405083428241,0.000240799741725612,0.194663774799091,0.0651891173557313
585,"s(lastRippleHPC_z):DOWN_yes",0.0183655789283907,0.000155936512394983,0.144592420418899,0.10678652771717
586,"s(lastRippleHPC_z):DOWN_yes",0.00695904656591217,8.46586921820452e-05,0.0922938257092133,0.0410670165595117
587,"s(lastRippleHPC_z):DOWN_yes",0.0513262058930639,0.000459323682262044,0.341917905996297,0.0972370088484446
588,"s(lastRippleHPC_z):DOWN_yes",0.0242235969124707,0.000277353564609494,0.170994725370404,0.0503580147564686
589,"s(lastRippleHPC_z):DOWN_yes",0.00761091442559803,8.3591165902282e-05,0.0941278808614069,0.0277213373115134
590,"s(lastRippleHPC_z):DOWN_yes",0.00697033284486714,7.89446633022332e-05,0.0905328212004474,0.0266706030806915
591,"s(lastRippleHPC_z):DOWN_yes",0.0627066820461355,0.000311678282531322,0.269344494558562,0.0812890718753747
592,"s(lastRippleHPC_z):DOWN_yes",0.00865071403291751,9.27628057488148e-05,0.0977684338291757,0.0287955510345091
593,"s(lastRippleHPC_z):DOWN_yes",0.0570853901438753,0.000487814524410724,0.433401773407129,0.358787781628051
594,"s(lastRippleHPC_z):DOWN_yes",0.0516838557276138,0.000844666776311574,0.438244989620653,0.409239833530255
595,"s(lastRippleHPC_z):DOWN_yes",0.0112752853236309,0.000164182676151289,0.113593997720827,0.100431505478882
596,"s(lastRippleHPC_z):DOWN_yes",0.0215558925921187,0.00031144468978881,0.155709081700014,0.0523538825618781
597,"s(lastRippleHPC_z):DOWN_yes",0.0402856564173355,0.000226370962013579,0.225147540164701,0.117129274263681
598,"s(lastRippleHPC_z):DOWN_yes",0.0221377264302607,0.000246603308330957,0.158577215962042,0.0467018427572815
599,"s(lastRippleHPC_z):DOWN_yes",0.000625083213044775,8.75820073295948e-06,0.0298438407756659,0.00879007400286684
600,"s(lastRippleHPC_z):DOWN_yes",0.00586185433838615,5.12028874336866e-05,0.0771720258803287,0.024734081697687
601,"s(lastRippleHPC_z):DOWN_yes",0.0725178848906509,0.000685556332772333,0.377646917354223,0.285714400275637
602,"s(lastRippleHPC_z):DOWN_yes",0.00762534500946721,7.90377724476442e-05,0.0907963174084221,0.0267396070034932
603,"s(lastRippleHPC_z):DOWN_yes",0.00392699622070403,4.48583339734425e-05,0.0694209689021612,0.0204445265858511
604,"s(lastRippleHPC_z):DOWN_yes",0.0355598209369798,0.000209266994377527,0.195596017589121,0.121324685380406
605,"s(lastRippleHPC_z):DOWN_yes",0.0407921643222835,0.000349018236857988,0.34563869393648,0.0904109884102886
606,"s(lastRippleHPC_z):DOWN_yes",0.047685216256685,0.000390991165686826,0.315154977653495,0.169262830887361
607,"s(lastRippleHPC_z):DOWN_yes",0.0663838911920838,0.000496532315907831,0.300407445259199,0.148499845930345
608,"s(lastRippleHPC_z):DOWN_yes",0.0426205606518835,0.000366022027291851,0.321974521853706,0.255736552169995
609,"s(lastRippleHPC_z):DOWN_yes",0.0200203244625783,0.000120774185921073,0.152828260263624,0.050454341467687
610,"s(lastRippleHPC_z):DOWN_yes",0.0963937364218381,0.000854724362440716,0.416137148597233,0.391906426340913
611,"s(lastRippleHPC_z):DOWN_yes",0.00644605089981098,7.09074801272733e-05,0.0850642792412815,0.0250370617237771
612,"s(lastRippleHPC_z):DOWN_yes",0.00838508493022871,9.72300852138036e-05,0.100324219387563,0.029535272770268
613,"s(lastRippleHPC_z):DOWN_yes",0.00371318796396558,4.43827906417924e-05,0.0681933693936699,0.0200838405829787
614,"s(lastRippleHPC_z):DOWN_yes",0.0389807288512269,0.000302096919821692,0.339719492976095,0.355245239112205
615,"s(lastRippleHPC_z):DOWN_yes",1.20102219547391e-06,1.64579099025232e-07,0.00400802307524034,0.00118131919099399
616,"s(lastRippleHPC_z):DOWN_yes",0.00243910151077742,2.64589662016255e-05,0.0526221041231728,0.0154981473778098
617,"s(lastRippleHPC_z):DOWN_yes",0.0595087649518202,0.000479706300858902,0.409010274228813,0.152240940999734
618,"s(lastRippleHPC_z):DOWN_yes",0.00210174410424457,0.000336809503520043,0.0511076737698021,0.364586646138839
619,"s(lastRippleHPC_z):DOWN_yes",0.00308870205694944,5.107417355846e-05,0.0659583908458162,0.037810272541668
620,"s(lastRippleHPC_z):DOWN_yes",0.0303745734526668,0.000329753457817362,0.202207591142605,0.186150155220696
621,"s(lastRippleHPC_z):DOWN_yes",0.0565482554954979,0.000543711956628499,0.398438480026951,0.282523337879631
622,"s(lastRippleHPC_z):DOWN_yes",0.00245506554591834,2.48805479823141e-05,0.0509442191853339,0.0150040911803857
623,"s(lastRippleHPC_z):DOWN_yes",0.0101127386607569,5.82366094968468e-06,0.108607655147903,0.0319021785725229
624,"s(lastRippleHPC_z):DOWN_yes",0.0540562120218127,0.00045914951078879,0.304816722639806,0.103553430735571
625,"s(lastRippleHPC_z):DOWN_yes",0.010313114483111,0.000123235241812621,0.11345909454236,0.0334320502530294
626,"s(lastRippleHPC_z):DOWN_yes",0.0320579233957137,0.000262471540556293,0.217117930899057,0.0855937487639127
627,"s(lastRippleHPC_z):DOWN_yes",0.00298827329061879,3.14987810684239e-05,0.0568453946771435,0.0167409768552665
628,"s(lastRippleHPC_z):DOWN_yes",0.0060112133964072,1.40415567033399e-05,0.0683852695758517,0.0271714774372577
629,"s(lastRippleHPC_z):DOWN_yes",0.0106234793891051,2.32953267938882e-05,0.106513972414488,0.0327333592309065
630,"s(lastRippleHPC_z):DOWN_yes",0.0254667079007049,0.000244347069907945,0.191825576452178,0.0752490388782259
631,"s(lastRippleHPC_z):DOWN_yes",0.00733029850775146,9.21074398714028e-05,0.0914937382322708,0.107640529622755
632,"s(lastRippleHPC_z):DOWN_yes",0.00882814723831338,0.000100468230567878,0.103284155491245,0.0304152530260768
633,"s(lastRippleHPC_z):DOWN_yes",0.0372892869179324,0.000291082499208955,0.25463971665277,0.166720898910851
634,"s(lastRippleHPC_z):DOWN_yes",0.0682788338858149,0.000531647461992392,0.3658152711263,0.150785618954483
635,"s(lastRippleHPC_z):DOWN_yes",0.00791971830076044,9.09855256711559e-05,0.0980640181621381,0.0288793863560824
636,"s(lastRippleHPC_z):DOWN_yes",0.00409481027173797,1.02815327349838e-05,0.0263515923658691,0.0215340783130698
637,"s(lastRippleHPC_z):DOWN_yes",0.0142281086851668,0.00021050672751175,0.082298418431381,0.241388109091058
638,"s(lastRippleHPC_z):DOWN_yes",0.0645996817595389,0.000571950349824874,0.481421448839795,0.401413968179112
639,"s(lastRippleHPC_z):DOWN_yes",0.00578928216932084,7.16746318139329e-05,0.0870871454790504,0.025648361232272
640,"s(lastRippleHPC_z):DOWN_yes",0.0163100225629549,0.000170099623153929,0.134940364354488,0.0397426800900663
641,"s(lastRippleHPC_z):DOWN_yes",0.00135693124677694,1.38059888777003e-05,0.0378156603598357,0.0111368103028991
642,"s(lastRippleHPC_z):DOWN_yes",0.0271321167352934,0.000185600807763703,0.0781960505060632,0.0353090982336873
643,"s(lastRippleHPC_z):DOWN_yes",0.0684976177436027,0.000650593855033232,0.388551347076934,0.278400586245632
644,"s(lastRippleHPC_z):DOWN_yes",0.0229802735606199,0.000237258238747501,0.13776067463834,0.154031792023786
645,"s(lastRippleHPC_z):DOWN_yes",0.0268796662037314,0.000337061643619447,0.176327431772587,0.333970371248348
646,"s(lastRippleHPC_z):DOWN_yes",0.0277595084232587,0.000160596122884967,0.264568100798073,0.15605487655657
647,"s(lastRippleHPC_z):DOWN_yes",0.026312969643719,0.000291584191173903,0.172577378245741,0.0515322968166154
648,"s(lastRippleHPC_z):DOWN_yes",0.00652213049366068,7.46941993533301e-05,0.0881978583481368,0.0259500486527076
649,"s(lastRippleHPC_z):DOWN_yes",0.00204790548366773,2.81534276432487e-05,0.0474940693451399,0.0403212220553654
650,"s(lastRippleHPC_z):DOWN_yes",0.000116264594561599,0.00126967793544499,0.0115030349538773,0.987223018872266
651,"s(lastRippleHPC_z):DOWN_yes",0.014427449303632,0.000127727385944823,0.116171599184525,0.0856190544077405
652,"s(lastRippleHPC_z):DOWN_yes",0.0065384069145189,6.28447212204341e-05,0.0822109669897008,0.0242095708954194
653,"s(lastRippleHPC_z):DOWN_yes",0.00398569845699903,9.07597072787932e-06,0.0424632673407235,0.0262855210136255
654,"s(lastRippleHPC_z):DOWN_yes",0.0742743580981298,0.000636986021920929,0.626930222774577,0.30877609661086
655,"s(lastRippleHPC_z):DOWN_yes",0.027323875549186,0.000152700830949967,0.215689155230141,0.141635229797702
656,"s(lastRippleHPC_z):DOWN_yes",-1.10213897883682e-05,1.34205855000513e-07,0.00373249393590177,0.00109478514313532
657,"s(lastRippleHPC_z):DOWN_yes",0.0170182240921033,0.000128961479845805,0.118900518288091,0.0544826369018896
658,"s(lastRippleHPC_z):DOWN_yes",0.0249447435267918,0.000318744928069791,0.183557314158643,0.257280815770887
659,"s(lastRippleHPC_z):DOWN_yes",0.011469246788268,0.000189651340285754,0.118312770866551,0.222632706107281
660,"s(lastRippleHPC_z):DOWN_yes",0.0544122116147658,0.000520079432369747,0.345048322787534,0.198249388795485
661,"s(lastRippleHPC_z):DOWN_yes",0.0308132182216081,0.000239198285854118,0.22029825379631,0.17036746479626
662,"s(lastRippleHPC_z):DOWN_yes",0.029913798662708,0.000227734986712636,0.189524203712143,0.209528532353013
663,"s(lastRippleHPC_z):DOWN_yes",0.0116728253082723,0.000199185383660053,0.114001143994652,0.179652006958289
664,"s(lastRippleHPC_z):DOWN_yes",0.0312679851296132,0.000343392118762499,0.191961192917483,0.0565368923204991
665,"s(lastRippleHPC_z):DOWN_yes",0.04671440453291,0.000430718887672387,0.347397547761254,0.208708095308958
666,"s(lastRippleHPC_z):DOWN_yes",0.091061001750413,0.00080459468280741,0.501766664163289,0.398986508879104
667,"s(lastRippleHPC_z):DOWN_yes",0.012456280336643,0.000135541745013669,0.11873795320592,0.0349683319519526
668,"s(lastRippleHPC_z):DOWN_yes",0.00542897297472678,6.16943736002105e-05,0.0829822021967157,0.0244349050335119
669,"s(lastRippleHPC_z):DOWN_yes",0.0194002669520188,8.54779999826887e-05,0.144806811381409,0.0841123405337343
670,"s(lastRippleHPC_z):DOWN_yes",0.0201657793286962,0.000419838589055874,0.148547350596437,0.427487956913085
671,"s(lastRippleHPC_z):DOWN_yes",0.000820396078124119,7.25346800384034e-06,0.0275876168234976,0.00812386209912817
672,"s(lastRippleHPC_z):DOWN_yes",0.069266831533298,0.000597034799617324,0.34904506705555,0.329660773227423
673,"s(lastRippleHPC_z):DOWN_yes",0.0433150327264737,0.000344755238414502,0.37611436427708,0.43631598956384
674,"s(lastRippleHPC_z):DOWN_yes",0.0163563308784891,7.41529709288449e-05,0.135199575094958,0.0448816485063839
675,"s(lastRippleHPC_z):DOWN_yes",0.00578174685373867,5.90240053375982e-05,0.079251600917647,0.0233420973554899
676,"s(lastRippleHPC_z):DOWN_yes",0.0463995550399829,0.000405317053226422,0.354136015467932,0.327591474409281
677,"s(lastRippleHPC_z):DOWN_yes",0.0136178830926657,0.000144723347842879,0.123354864541808,0.0363066026952439
678,"s(lastRippleHPC_z):DOWN_yes",0.0100207024587231,0.000115493320779357,0.107495013798592,0.0316588248314823
679,"s(lastRippleHPC_z):DOWN_yes",0.0476845027501902,0.000393966644541354,0.284882544387018,0.186387418738303
680,"s(lastRippleHPC_z):DOWN_yes",0.0361808073083765,0.000400524115645798,0.329451663701203,0.133827531460599
681,"s(lastRippleHPC_z):DOWN_yes",0.0680671076233885,0.000599498180017817,0.492849142293852,0.399000155675317
682,"s(lastRippleHPC_z):DOWN_yes",0.0199063198498841,0.000231874946229984,0.153267480991204,0.0451378739482976
683,"s(lastRippleHPC_z):DOWN_yes",0.0294285676800889,0.000125051564834432,0.216596709666091,0.0865069978424632
684,"s(lastRippleHPC_z):DOWN_yes",0.0113201143380994,0.000144566582918695,0.081068214521385,0.176548163758601
685,"s(lastRippleHPC_z):DOWN_yes",0.0325937318340301,0.000412212995282947,0.1985704685527,0.135466516550359
686,"s(lastRippleHPC_z):DOWN_yes",0.02385002481555,5.01711630456395e-05,0.164754505446531,0.0485300060298115
687,"s(lastRippleHPC_z):DOWN_yes",0.0487043906704212,0.000542934954088089,0.237678363359594,0.0699991053648185
688,"s(lastRippleHPC_z):DOWN_yes",0.0420970502270031,0.00025937429271706,0.345591728622361,0.273432245833271
689,"s(lastRippleHPC_z):DOWN_yes",0.0253709810705018,0.000287224715259071,0.171663502719242,0.0505600621707923
690,"s(lastRippleHPC_z):DOWN_yes",0.0239608791497545,0.000265696543494623,0.161793208804131,0.0476522129244728
691,"s(lastRippleHPC_z):DOWN_yes",0.0286229567202536,0.000165053954952805,0.270211992658856,0.127598960833103
692,"s(lastRippleHPC_z):DOWN_yes",0.026997702320136,0.000167238857199297,0.181361675006123,0.0800192553018476
693,"s(lastRippleHPC_z):DOWN_yes",0.0187885280840945,0.000364455059403644,0.142258764308514,0.273145170397698
694,"s(lastRippleHPC_z):DOWN_yes",0.0379146155607426,0.000434576391241669,0.215111456125825,0.0633553894210593
695,"s(lastRippleHPC_z):DOWN_yes",0.0392503874878383,0.000267682938454461,0.226496752124601,0.118002503301659
696,"s(lastRippleHPC_z):DOWN_yes",0.0091800601534846,2.43423561049067e-05,0.0921119125420629,0.0502975524650753
697,"s(lastRippleHPC_z):DOWN_yes",0.0098015559817366,0.000160312280556498,0.105723408083599,0.180563629126701
698,"s(lastRippleHPC_z):DOWN_yes",0.0119474720062822,0.000136426594515447,0.120613020295471,0.0355199172979493
699,"s(lastRippleHPC_z):DOWN_yes",0.0285874906364381,0.000255934795495028,0.195203828904237,0.059773746204707
700,"s(lastRippleHPC_z):DOWN_yes",0.0256705081368995,0.000274072715673209,0.169201917629072,0.0498383931175583
701,"s(lastRippleHPC_z):DOWN_yes",0.00653978066609007,7.48851138165488e-05,0.0880710574263841,0.0264031954525229
702,"s(lastRippleHPC_z):DOWN_yes",0.0401673180052313,0.000365465493407125,0.357362758968479,0.101356803854306
703,"s(lastRippleHPC_z):DOWN_yes",0.00435128175157118,4.27146379483544e-05,0.0667850179015258,0.0196704668392333
704,"s(lastRippleHPC_z):DOWN_yes",0.0289112523339004,0.000256862214161831,0.194153256347967,0.068974034454839
705,"s(lastRippleHPC_z):DOWN_yes",0.0121167557249233,0.000135187446079907,0.120059485029663,0.035357642665857
706,"s(lastRippleHPC_z):DOWN_yes",0.0063195989887852,7.18246593148538e-05,0.0847882862203322,0.0249704778656544
707,"s(lastRippleHPC_z):DOWN_yes",0.0106768570244675,0.000123102196800208,0.112917139500809,0.0562940249531462
708,"s(lastRippleHPC_z):DOWN_yes",0.041056177217154,0.000652431938278581,0.203798967001903,0.486033724083349
709,"s(lastRippleHPC_z):DOWN_yes",0.00167965049718433,1.82167820489161e-05,0.0432241609577052,0.0127250268586944
710,"s(lastRippleHPC_z):DOWN_yes",0.0518005278530644,0.000328439550513275,0.262606782221717,0.143063033227184
711,"s(lastRippleHPC_z):DOWN_yes",0.0134215454701057,2.571977011497e-05,0.118823374890721,0.035582211253493
712,"s(lastRippleHPC_z):DOWN_yes",0.0277537531836956,0.0001848809712001,0.255647292223609,0.199778966486744
713,"s(lastRippleHPC_z):DOWN_yes",0.0338949559023103,0.000259423728716255,0.259715990101976,0.290306389647751
714,"s(lastRippleHPC_z):DOWN_yes",0.0116146770123322,0.000133986835213688,0.117164592002331,0.0345035888782944
715,"s(lastRippleHPC_z):DOWN_yes",0.014008280538734,0.000149368759450705,0.126130402994058,0.0371457505828828
716,"s(lastRippleHPC_z):DOWN_yes",0.0272875286717174,0.00016432341690839,0.186406642506583,0.0720218557860025
717,"s(lastRippleHPC_z):DOWN_yes",0.0101387858955011,0.000109011223251478,0.107009558963349,0.0315163277545601
718,"s(lastRippleHPC_z):DOWN_yes",0.0138529602118211,2.87205545048023e-05,0.120309536301095,0.0366268688092806
719,"s(lastRippleHPC_z):DOWN_yes",0.023408107369578,0.000125516871991803,0.152736944190372,0.0520081669030229
720,"s(lastRippleHPC_z):DOWN_yes",0.00168395383464492,1.76442666646481e-05,0.0437607934476993,0.0128902831727549
721,"s(lastRippleHPC_z):DOWN_yes",0.00494167796210654,5.72184614527254e-05,0.0762504210755065,0.0324417312077017
722,"s(lastRippleHPC_z):DOWN_yes",0.0392295503192219,0.000378672253897213,0.359780764263018,0.11573074805418
723,"s(lastRippleHPC_z):DOWN_yes",0.00513665909045535,5.77620157337468e-05,0.0756372614105793,0.022281856344546
724,"s(lastRippleHPC_z):DOWN_yes",0.00358553486429969,4.79933925061062e-05,0.0726384213509443,0.0213910112399109
725,"s(lastRippleHPC_z):DOWN_yes",0.0243834838652628,0.000100218285438277,0.165068072840612,0.0513142602928679
726,"s(lastRippleHPC_z):DOWN_yes",0.0310087863629143,0.000121645456302154,0.174403570524649,0.0805178671786736
727,"s(lastRippleHPC_z):DOWN_yes",0.00762045945738876,2.04929912597992e-05,0.0521499216519897,0.0427612286036109
728,"s(lastRippleHPC_z):DOWN_yes",0.0728701804009848,0.000682112968106113,0.518519016380517,0.51670614895278
729,"s(lastRippleHPC_z):DOWN_yes",0.00652643872415837,7.39436605830165e-05,0.0876160180394735,0.0258036386937667
730,"s(lastRippleHPC_z):DOWN_yes",0.0268140055032013,0.000148222892720248,0.157459247612443,0.0662931441140762
731,"s(lastRippleHPC_z):DOWN_yes",0.0877429743614613,0.000808859642777538,0.392188126931476,0.263580623887918
732,"s(lastRippleHPC_z):DOWN_yes",0.0906695279858472,0.000847057922958756,0.488800244746948,0.415104911824336
733,"s(lastRippleHPC_z):DOWN_yes",0.0457993263112915,0.00040723391984205,0.381953374860034,0.199420381755221
734,"s(lastRippleHPC_z):DOWN_yes",0.0623709551102696,0.000575054413305858,0.342216792574001,0.195785476760773
735,"s(lastRippleHPC_z):DOWN_yes",0.0184270567383926,0.000200670527005023,0.142476671324322,0.0419530421779576
736,"s(lastRippleHPC_z):DOWN_yes",0.00424201032857141,4.74097596432375e-05,0.0701336911114265,0.0206538074357733
737,"s(lastRippleHPC_z):DOWN_yes",6.93435641121454e-05,5.98170414697318e-07,0.00808070143842247,0.00238107467775725
738,"s(lastRippleHPC_z):DOWN_yes",0.0609675349994028,0.000536035276411516,0.32581787828526,0.137851046419331
739,"s(lastRippleHPC_z):DOWN_yes",0.015188994511341,0.000180688219494157,0.139346192660558,0.0410313832788912
740,"s(lastRippleHPC_z):DOWN_yes",0.010520869500942,0.000112224199283482,0.110519170243058,0.0325487871316474
741,"s(lastRippleHPC_z):DOWN_yes",0.02720164967754,0.000145110469117542,0.184277504747248,0.0710038716767233
742,"s(lastRippleHPC_z):DOWN_yes",0.0270977739263252,0.000297616721647893,0.175746579967805,0.0517612609619678
743,"s(lastRippleHPC_z):DOWN_yes",0.0604218322527252,0.000572936554551359,0.421786093597412,0.335197818761149
744,"s(lastRippleHPC_z):DOWN_yes",0.0116084639670468,4.30865592489102e-05,0.0935947397833095,0.0569094352949288
745,"s(lastRippleHPC_z):DOWN_yes",0.0111173147073131,0.000838856090530621,0.0977541911443408,0.86176671305674
746,"s(lastRippleHPC_z):DOWN_yes",0.0394104132978192,0.000327669238263648,0.240251768111848,0.0726261578846436
747,"s(lastRippleHPC_z):DOWN_yes",0.024087056274638,0.000411062778920805,0.165443238475702,0.420401612058363
748,"s(lastRippleHPC_z):DOWN_yes",7.30141093541192e-06,1.69963585334624e-08,0.0013499749571453,0.00039326041056205
749,"s(lastRippleHPC_z):DOWN_yes",0.0737062298041682,0.000533524645999981,0.285305503009083,0.153936724455874
750,"s(lastRippleHPC_z):DOWN_yes",0.0476718589410048,0.000481501058157607,0.373043421789161,0.148139955864112
751,"s(lastRippleHPC_z):DOWN_yes",0.0195409236592496,0.000273403531465754,0.151816084634839,0.0932364102150505
752,"s(lastRippleHPC_z):DOWN_yes",0.0343336400314804,0.000290313896399696,0.21854582543906,0.0819140297126042
753,"s(lastRippleHPC_z):DOWN_yes",0.00603905412536498,6.85932148140881e-05,0.0846886891904476,0.0249385584001946
754,"s(lastRippleHPC_z):DOWN_yes",0.00259695826166073,0.000126027035363339,0.0576629828938286,0.236459085074508
755,"s(lastRippleHPC_z):DOWN_yes",0.0130380542124318,0.000149704180321576,0.125177100144905,0.0368717139761137
756,"s(lastRippleHPC_z):DOWN_yes",0.0133377995690864,0.000157266290934399,0.127775902854189,0.0376289112185853
757,"s(lastRippleHPC_z):DOWN_yes",0.0289431242257816,0.00018309325694522,0.265136647714093,0.201207799029188
758,"s(lastRippleHPC_z):DOWN_yes",0.0203766154484892,0.000224198827549468,0.151538193317179,0.0446245024464436
759,"s(lastRippleHPC_z):DOWN_yes",0.0390867537506505,0.000290193442784749,0.330338849344562,0.287190977660628
760,"s(lastRippleHPC_z):DOWN_yes",0.0633770178106108,0.000581306025705081,0.347187258998763,0.104317176453438
761,"s(lastRippleHPC_z):DOWN_yes",0.00433548864005751,4.96868169685762e-05,0.0725741929563746,0.0226624015834546
762,"s(lastRippleHPC_z):DOWN_yes",0.0119611914417508,8.60937084844406e-05,0.0978329197160526,0.0338259517212483
763,"s(lastRippleHPC_z):DOWN_yes",0.0472052318321925,0.000437499145391573,0.361617268939797,0.0955210309158619
764,"s(lastRippleHPC_z):DOWN_yes",0.0157436078565123,0.000114465433747668,0.109323525156317,0.044682388000372
765,"s(lastRippleHPC_z):DOWN_yes",0.059730441454418,0.000590981878950051,0.449142168381855,0.117164986242115
766,"s(lastRippleHPC_z):DOWN_yes",2.78851178343587e-05,5.42678082431802e-07,0.00751118955531211,0.00221258282805015
767,"s(lastRippleHPC_z):DOWN_yes",0.0172461888678228,5.69407274676466e-05,0.125632147060222,0.0630799715491499
768,"s(lastRippleHPC_z):DOWN_yes",0.0517675531144981,0.000400159806425807,0.381511733405148,0.208328786735045
769,"s(lastRippleHPC_z):DOWN_yes",0.00339208680852998,3.88762439914724e-05,0.0633742810758188,0.0186669960501703
770,"s(lastRippleHPC_z):DOWN_yes",0.00444499016352751,5.17572243507937e-05,0.0736525739947189,0.0216908292644073
771,"s(lastRippleHPC_z):DOWN_yes",0.0472467789945927,0.000350665633250529,0.483381504415025,0.205134828984672
772,"s(lastRippleHPC_z):DOWN_yes",0.0808129700648692,0.000779220060392098,0.571546127086644,0.513958907980749
773,"s(lastRippleHPC_z):DOWN_yes",0.00494341725690717,5.49003403667903e-05,0.07708653821261,0.0227047324786119
774,"s(lastRippleHPC_z):DOWN_yes",0.0750927891279378,0.000702487187168065,0.462578566551822,0.326816217100773
775,"s(lastRippleHPC_z):DOWN_yes",0.0227517721587596,0.00025738629450137,0.163598433546349,0.0481848906046262
776,"s(lastRippleHPC_z):DOWN_yes",0.015513049690405,0.000171265145669703,0.132048557340503,0.0388976514961877
777,"s(lastRippleHPC_z):DOWN_yes",0.0223917468329908,8.22112603027347e-05,0.151377300197236,0.0479836440481939
778,"s(lastRippleHPC_z):DOWN_yes",0.014083845128992,0.00016405614170028,0.131607845473065,0.0446162601435717
779,"s(lastRippleHPC_z):DOWN_yes",0.062165160837667,0.00055941857390377,0.415245633195811,0.356608517444652
780,"s(lastRippleHPC_z):DOWN_yes",0.0400875250265251,0.000236360743848893,0.388985153598283,0.155227670763434
781,"s(lastRippleHPC_z):DOWN_yes",0.0206204731927997,0.000160974721594576,0.147727943488951,0.0441491785511209
782,"s(lastRippleHPC_z):DOWN_yes",0.00303512138810902,3.22430781319034e-05,0.0588827537371811,0.0173405196369838
783,"s(lastRippleHPC_z):DOWN_yes",0.0137878603676125,0.000146997219525561,0.122191161295917,0.0359897719445075
784,"s(lastRippleHPC_z):DOWN_yes",0.0184689474380217,9.70139479489866e-05,0.14968823164294,0.117220034191215
785,"s(lastRippleHPC_z):DOWN_yes",0.0939457901006655,0.000912321698688898,0.648122958299138,0.63897623512859
786,"s(lastRippleHPC_z):DOWN_yes",0.0165449784357321,8.92743087345044e-05,0.125058849360492,0.113760191566106
787,"s(lastRippleHPC_z):DOWN_yes",0.00704162971176281,8.1286498221954e-05,0.091829426112319,0.0270447238347005
788,"s(lastRippleHPC_z):DOWN_yes",0.0191374614501907,0.000165527100150192,0.118694802326285,0.059257086576245
789,"s(lastRippleHPC_z):DOWN_yes",0.0141283856026906,0.000213254157112571,0.126211361783086,0.194295747209915
790,"s(lastRippleHPC_z):DOWN_yes",0.0208409316726552,0.000232217869163959,0.158448349842098,0.0466627927471785
791,"s(lastRippleHPC_z):DOWN_yes",0.0459739348652217,0.000308156996309797,0.336198118118929,0.0999129904968119
792,"s(lastRippleHPC_z):DOWN_yes",0.0347776393031527,0.000384740409538614,0.19993383894376,0.0588864663220388
793,"s(lastRippleHPC_z):DOWN_yes",0.00210045140182835,2.38278178631238e-05,0.0500296758015627,0.0147343910299942
794,"s(lastRippleHPC_z):DOWN_yes",0.0541442512928771,0.000314894243054149,0.234521483108437,0.1104021252376
795,"s(lastRippleHPC_z):DOWN_yes",0.0361842908269256,0.000427576602838348,0.202242819709513,0.063899887129152
796,"s(lastRippleHPC_z):DOWN_yes",0.0237829769802129,0.000123989215816896,0.172721303770866,0.0820678925218122
797,"s(lastRippleHPC_z):DOWN_yes",0.0341132976364698,0.000241138350052513,0.259175721455469,0.222169382884417
798,"s(lastRippleHPC_z):DOWN_yes",0.0315251104344938,0.000149293982516188,0.19492885570632,0.102645518527168
799,"s(lastRippleHPC_z):DOWN_yes",0.0365403516220777,0.00032200970635714,0.25754479724548,0.162389619723299
800,"s(lastRippleHPC_z):DOWN_yes",0.00869266737156416,2.73038017161406e-05,0.0749597022750942,0.0353091712671875
801,"s(lastRippleHPC_z):DOWN_yes",0.00921478684240995,9.70660006989879e-05,0.100457231743013,0.02958500670455
802,"s(lastRippleHPC_z):DOWN_yes",0.0385892988455616,0.000231261079556496,0.288384600914232,0.294611696531844
803,"s(lastRippleHPC_z):DOWN_yes",0.043416699235836,0.000674618119380287,0.386510490452159,0.347483797228042
804,"s(lastRippleHPC_z):DOWN_yes",0.0072037327018073,7.22400695650501e-05,0.0872819042938659,0.0257061566375036
805,"s(lastRippleHPC_z):DOWN_yes",0.000426275965757839,5.19274998921109e-06,0.0236359678136515,0.00695934244956791
806,"s(lastRippleHPC_z):DOWN_yes",0.00949046067309922,4.02912033430272e-05,0.0815884052236566,0.0413084778740312
807,"s(lastRippleHPC_z):DOWN_yes",0.0249929156055444,0.000142441212963555,0.155471868110843,0.0675870994097097
808,"s(lastRippleHPC_z):DOWN_yes",0.0109479846738054,0.000118380177790415,0.111048834857228,0.0327054797700388
809,"s(lastRippleHPC_z):DOWN_yes",0.00066311663197105,7.1747591167002e-06,0.0263403445836396,0.00775913434915021
810,"s(lastRippleHPC_z):DOWN_yes",0.0422470270546604,0.000369236945783685,0.243026278032169,0.0837142194390657
811,"s(lastRippleHPC_z):DOWN_yes",0.00883140900801571,9.68738357188592e-05,0.0988410760082412,0.0291082018761614
812,"s(lastRippleHPC_z):DOWN_yes",0.0371054930203307,0.000298797820441798,0.344159501203238,0.399782350051598
813,"s(lastRippleHPC_z):DOWN_yes",0.0172140169592279,0.000197179075451858,0.140576176484883,0.0414004059249521
814,"s(lastRippleHPC_z):DOWN_yes",0.0100207314988427,1.6408854280027e-05,0.101589816559558,0.0509478333095274
815,"s(lastRippleHPC_z):DOWN_yes",0.00588843128676686,0.000104540154430313,0.0559361423767743,0.143453102532842
816,"s(lastRippleHPC_z):DOWN_yes",0.00114999411186467,3.17318507324667e-06,0.0105615330794575,0.00707363385881526
817,"s(lastRippleHPC_z):DOWN_yes",0.0314976808823104,0.00017700551959158,0.210515720791468,0.104829455161165
818,"s(lastRippleHPC_z):DOWN_yes",0.0233738906218548,0.000127786711179887,0.148475495103229,0.0679025705410184
819,"s(lastRippleHPC_z):DOWN_yes",0.0721012035889377,0.000654003626180673,0.492399400867516,0.48123128524539
820,"s(lastRippleHPC_z):DOWN_yes",0.0832826791419912,0.000870137997518054,0.540956491918108,0.145179790419052
821,"s(lastRippleHPC_z):DOWN_yes",0.0193219483486509,0.000160341817254525,0.153941086658374,0.060890986484783
822,"s(lastRippleHPC_z):DOWN_yes",0.00726175221212522,0.000254008081290885,0.140291732293756,0.212796937581015
823,"s(lastRippleHPC_z):DOWN_yes",0.0179718481493918,0.000200199884510494,0.145681942485646,0.0429021101289172
824,"s(lastRippleHPC_z):DOWN_yes",0.00131656297961946,1.50488580154863e-05,0.0383870827019499,0.0121410502755905
825,"s(lastRippleHPC_z):DOWN_yes",0.0186245836422056,7.28754832826735e-05,0.151941387159156,0.0455837393842056
826,"s(lastRippleHPC_z):DOWN_yes",0.094936064853286,0.000906945596501422,0.567121977979875,0.412672585543199
827,"s(lastRippleHPC_z):DOWN_yes",0.0067586726046116,8.26284201640749e-05,0.0921643769256711,0.0271484089466135
828,"s(lastRippleHPC_z):DOWN_yes",0.0229090424842759,0.000119999052693533,0.141396695499896,0.0476252501308165
829,"s(lastRippleHPC_z):DOWN_yes",0.0683003282297623,0.000675035900859426,0.413707897612025,0.348120808436319
830,"s(lastRippleHPC_z):DOWN_yes",0.00702646959168263,7.44406756757043e-05,0.0884565650955479,0.0260599894955215
831,"s(lastRippleHPC_z):DOWN_yes",0.03180668360379,0.000235740044347079,0.306709920299047,0.307447492179554
832,"s(lastRippleHPC_z):DOWN_yes",0.0539471154229823,0.000447941490188491,0.458079997949745,0.490786730575214
833,"s(lastRippleHPC_z):DOWN_yes",0.00906219289389831,9.98607501016941e-05,0.101885599956465,0.0300181705310577
834,"s(lastRippleHPC_z):DOWN_yes",0.000999083874893003,1.06791062103985e-05,0.03349733069005,0.00986457848781789
835,"s(lastRippleHPC_z):DOWN_yes",0.054544785528952,0.000575517459916984,0.468105769596658,0.113282645527076
836,"s(lastRippleHPC_z):DOWN_yes",0.0369760894269149,0.000175755374287033,0.173727011800894,0.103816078534549
837,"s(lastRippleHPC_z):DOWN_yes",0.0121482118516276,8.7362401906764e-05,0.11300706666401,0.087662635625353
838,"s(lastRippleHPC_z):DOWN_yes",0.0417090797283652,0.000472447416638298,0.220609708620792,0.0649702826078727
839,"s(lastRippleHPC_z):DOWN_yes",0.0298832014131793,0.000152712772423525,0.185959513376587,0.0960336693870368
840,"s(lastRippleHPC_z):DOWN_yes",0.0162998144608615,0.000173177610239411,0.134581017839628,0.0396357338159642
841,"s(lastRippleHPC_z):DOWN_yes",0.0173661564829946,0.000198025152409824,0.141295385492317,0.0416170892988873
842,"s(lastRippleHPC_z):DOWN_yes",6.01689935066929e-05,9.28745617563995e-07,0.0099424322620596,0.00292717401944868
843,"s(lastRippleHPC_z):DOWN_yes",0.00802549125412177,8.58586147090374e-05,0.0950781243003227,0.0279981717088496
844,"s(lastRippleHPC_z):DOWN_yes",0.0600949551022616,0.000527224874511399,0.344428304323245,0.293277307581716
845,"s(lastRippleHPC_z):DOWN_yes",0.00641051721868102,6.65120269571065e-05,0.0840817050498424,0.0247608478984491
846,"s(lastRippleHPC_z):DOWN_yes",0.022392093003706,0.0003183057612831,0.15244097876233,0.202743937255622
847,"s(lastRippleHPC_z):DOWN_yes",0.0214649823611914,0.000249477504345464,0.1593877516059,0.0469463239011736
848,"s(lastRippleHPC_z):DOWN_yes",0.00802348459314395,8.28903111890668e-05,0.0942206942563036,0.0277504550082799
849,"s(lastRippleHPC_z):DOWN_yes",0.0644753770178852,0.000542152017167279,0.46569367784988,0.35282852793285
850,"s(lastRippleHPC_z):DOWN_yes",0.0371147300594821,0.000221010514449784,0.172688346872,0.0761967733035033
851,"s(lastRippleHPC_z):DOWN_yes",0.057214387308564,0.000564420534691076,0.469561369664068,0.159637043679089
852,"s(lastRippleHPC_z):DOWN_yes",0.0309518901818464,0.000347936393240713,0.191567940146387,0.0564185460848884
853,"s(lastRippleHPC_z):DOWN_yes",-5.83839335988046e-07,9.31982237384022e-09,0.00103162965044992,0.000298769259672187
854,"s(lastRippleHPC_z):DOWN_yes",0.00850044343382983,2.74025749810429e-05,0.0861923941184115,0.0336156611161196
855,"s(lastRippleHPC_z):DOWN_yes",0.0760848004385704,0.000559360503386104,0.361184839476642,0.131828148277179
856,"s(lastRippleHPC_z):DOWN_yes",0.0165429476026588,0.000182322003623272,0.140129407350107,0.0412724612220949
857,"s(lastRippleHPC_z):DOWN_yes",0.00494942310705149,5.85485845035028e-05,0.0778302365609795,0.0229206199269021
858,"s(lastRippleHPC_z):DOWN_yes",0.00397722683435475,4.501646225045e-05,0.0697643420662092,0.0205455148453137
859,"s(lastRippleHPC_z):DOWN_yes",0.0301502057608456,0.00022176618236776,0.22969015252753,0.180123652899731
860,"s(lastRippleHPC_z):DOWN_yes",0.0441834433247266,0.00028815726664515,0.252532784534473,0.141366834878407
861,"s(lastRippleHPC_z):DOWN_yes",0.0156278886901315,0.000172251669276053,0.134920792563718,0.039736833970794
862,"s(lastRippleHPC_z):DOWN_yes",0.0285199559275071,0.000732216526392,0.182978058462583,0.514267369094278
863,"s(lastRippleHPC_z):DOWN_yes",0.0558932585043532,0.000483098214058998,0.370223924713174,0.14981018921693
864,"s(lastRippleHPC_z):DOWN_yes",0.0247342513444959,0.000118050026996676,0.175422851000386,0.0675339145841304
865,"s(lastRippleHPC_z):DOWN_yes",0.015839309220496,0.00017296717845572,0.132991967880925,0.0399734371881291
866,"s(lastRippleHPC_z):DOWN_yes",0.0277249731567224,0.000134359198970714,0.223358705732275,0.0857578664658116
867,"s(lastRippleHPC_z):DOWN_yes",0.0561101359009157,0.000335320564248357,0.249620693116724,0.117864869111808
868,"s(lastRippleHPC_z):DOWN_yes",0.00584487015254709,6.33103080201215e-05,0.0826270963682385,0.0243343115161307
869,"s(lastRippleHPC_z):DOWN_yes",0.0193421077026557,0.000208830526235689,0.149664223849909,0.0440778499609223
870,"s(lastRippleHPC_z):DOWN_yes",0.00995045079335988,0.000122502509047861,0.109955544665826,0.0344900519199864
871,"s(lastRippleHPC_z):DOWN_yes",0.0527075246611677,0.000295592688572244,0.262962411301655,0.115553181761239
872,"s(lastRippleHPC_z):DOWN_yes",0.00394232402804739,4.37196630996348e-05,0.0671425932274306,0.0197727434414388
873,"s(lastRippleHPC_z):DOWN_yes",0.0130650201174749,0.000149070728055028,0.122162522914547,0.0359813400724532
874,"s(lastRippleHPC_z):DOWN_yes",0.0137108799917005,0.000157587367298466,0.129888512363808,0.0382493801888917
875,"s(lastRippleHPC_z):DOWN_yes",0.00427077606206261,6.14504038599465e-06,0.062419577769454,0.0205271549147304
876,"s(lastRippleHPC_z):DOWN_yes",0.0988196602184512,0.000949837388012731,0.543823185729484,0.279086283781296
877,"s(lastRippleHPC_z):DOWN_yes",0.0344395889340987,0.000286695096311224,0.32896320510759,0.0875828630370877
878,"s(lastRippleHPC_z):DOWN_yes",0.0746338034023086,0.000736169048147572,0.492342332773703,0.154718540331958
879,"s(lastRippleHPC_z):DOWN_yes",0.029758893323967,0.000184972508251933,0.278340786664022,0.148594616437845
880,"s(lastRippleHPC_z):DOWN_yes",0.0682189776527355,0.000615089269123367,0.492444770539621,0.398072661390743
881,"s(lastRippleHPC_z):DOWN_yes",0.00242166108156638,0.00014058482017626,0.0531684285736161,0.302569876060741
882,"s(lastRippleHPC_z):DOWN_yes",0.0715095701493365,0.000665459339863431,0.478145684757166,0.379242312952064
883,"s(lastRippleHPC_z):DOWN_yes",0.0527618549107487,0.000500390042175534,0.448570188108556,0.131101766538213
884,"s(lastRippleHPC_z):DOWN_yes",3.75991089072159e-05,3.91077739509091e-07,0.00631279350638277,0.00186629194593717
885,"s(lastRippleHPC_z):DOWN_yes",0.00270836480487979,2.91235146634698e-05,0.0561388061002765,0.0165319884798842
886,"s(lastRippleHPC_z):DOWN_yes",0.0276179164722983,0.000184584129601721,0.211605020141401,0.127042173624519
887,"s(lastRippleHPC_z):DOWN_yes",0.0248541301210263,0.000279462355827863,0.173384020742169,0.0539571618144181
888,"s(lastRippleHPC_z):DOWN_yes",0.0263398790923901,0.000195440957010585,0.201282573317716,0.0571345394524234
889,"s(lastRippleHPC_z):DOWN_yes",0.0610683828529552,0.000548308993761019,0.409900002466447,0.378351980505868
890,"s(lastRippleHPC_z):DOWN_yes",0.00283334444280747,3.3971647737273e-05,0.0589129258821566,0.0173494785038207
891,"s(lastRippleHPC_z):DOWN_yes",0.0707639888377454,0.000713470796245469,0.504307075331191,0.141695575168584
892,"s(lastRippleHPC_z):DOWN_yes",0.0785357727671094,0.000705594231951047,0.580063359983231,0.600886564222392
893,"s(lastRippleHPC_z):DOWN_yes",0.0475372773694058,0.000474552912093656,0.344417222365663,0.180566986241036
894,"s(lastRippleHPC_z):DOWN_yes",0.0372863002644852,0.000329802648971526,0.332974469630709,0.0902473849472005
895,"s(lastRippleHPC_z):DOWN_yes",0.0357742797228706,0.000325461168406914,0.345427038560472,0.0900157036095062
896,"s(lastRippleHPC_z):DOWN_yes",0.0108979869492138,3.50027265751802e-05,0.108873495954778,0.0336810168763595
897,"s(lastRippleHPC_z):DOWN_yes",0.0322802891459091,0.000174816211221853,0.205304387349971,0.116462439621518
898,"s(lastRippleHPC_z):DOWN_yes",0.0573669811081601,0.000565781482494409,0.478511781933378,0.130754014577661
899,"s(lastRippleHPC_z):DOWN_yes",0.0456421653584478,0.000391365912688489,0.303600261947483,0.2285035059935
900,"s(lastRippleHPC_z):DOWN_yes",0.0719835129673019,0.000626600302241887,0.356010930984311,0.228700699452762
901,"s(lastRippleHPC_z):DOWN_yes",0.0161773578444766,0.000179681287051331,0.132141651077647,0.0389197168578503
902,"s(lastRippleHPC_z):DOWN_yes",0.00451502439135965,2.64812306860152e-05,0.0667451769304945,0.0265988902270475
903,"s(lastRippleHPC_z):DOWN_yes",0.00841592068280939,3.21005467770079e-05,0.0893479015114686,0.0545576713387637
904,"s(lastRippleHPC_z):DOWN_yes",0.0757327653884037,0.000796348040399354,0.44210196949341,0.302558097904837
905,"s(lastRippleHPC_z):DOWN_yes",0.014788371551484,0.00015977042371986,0.131174949471844,0.0386324943521376
906,"s(lastRippleHPC_z):DOWN_yes",0.0176370748121126,0.000104195970849223,0.142644179207121,0.0512791741728244
907,"s(lastRippleHPC_z):DOWN_yes",0.0678568105690385,0.000598418836512028,0.559074086658161,0.495643816217432
908,"s(lastRippleHPC_z):DOWN_yes",0.0433471955888667,0.000350480083163812,0.349830150115085,0.114910350129857
909,"s(lastRippleHPC_z):DOWN_yes",0.0576390978092434,0.000533045181491188,0.311265097427121,0.106945167620766
910,"s(lastRippleHPC_z):DOWN_yes",0.022618681596418,0.000127960592091574,0.162182455458371,0.128912296623813
911,"s(lastRippleHPC_z):DOWN_yes",0.0740501397485467,0.000708713155926547,0.513888683035382,0.136783328207017
912,"s(lastRippleHPC_z):DOWN_yes",0.00332665438768309,3.85878742799377e-05,0.0626306003628306,0.0184454357391265
913,"s(lastRippleHPC_z):DOWN_yes",4.60357123710509e-05,2.46470866656032e-07,0.00513872404641562,0.00151439161181955
914,"s(lastRippleHPC_z):DOWN_yes",0.0117346585759019,0.000125302777109339,0.116578778213338,0.0343347913671702
915,"s(lastRippleHPC_z):DOWN_yes",0.0185622317567056,0.000309115867824643,0.136964743851629,0.355014491236803
916,"s(lastRippleHPC_z):DOWN_yes",0.0475726895291828,0.000444350757865652,0.332281341872461,0.21450181215793
917,"s(lastRippleHPC_z):DOWN_yes",0.0376814653651802,0.000390987928847125,0.349986667875683,0.195759420932508
918,"s(lastRippleHPC_z):DOWN_yes",0.0225959331871124,0.000368627627222116,0.161202209316785,0.211457902716927
919,"s(lastRippleHPC_z):DOWN_yes",0.000585183118570143,0.000700170957882773,0.0254086703083922,0.914880285649705
920,"s(lastRippleHPC_z):DOWN_yes",0.0303579414959696,0.000367485644369768,0.188380545952881,0.059776855067597
921,"s(lastRippleHPC_z):DOWN_yes",0.067289912547519,0.000589837417966564,0.495630272434622,0.298764379654527
922,"s(lastRippleHPC_z):DOWN_yes",0.0102934256333107,0.000117417500083084,0.111190121556121,0.0327117707726353
923,"s(lastRippleHPC_z):DOWN_yes",0.0246795995832798,0.000279296712492129,0.170303304432448,0.0501559064621623
924,"s(lastRippleHPC_z):DOWN_yes",0.0262528780004168,0.00015459468512798,0.13179175836079,0.0570532074546949
925,"s(lastRippleHPC_z):DOWN_yes",0.0933515432817273,0.000915979382724105,0.621609364155072,0.608447725686379
926,"s(lastRippleHPC_z):DOWN_yes",0.00582758816237927,6.23283130181054e-05,0.0810349268735193,0.0238607771856998
927,"s(lastRippleHPC_z):DOWN_yes",0.000809013865341157,2.52885113876325e-05,0.0323820938197736,0.0165398782784225
928,"s(lastRippleHPC_z):DOWN_yes",0.0496354252245848,0.000290828503186481,0.292726170696737,0.118817014960602
929,"s(lastRippleHPC_z):DOWN_yes",0.072402762487803,0.000630994546241287,0.389868278988391,0.254816680476405
930,"s(lastRippleHPC_z):DOWN_yes",0.00259605668184726,2.68379360332499e-05,0.0528863727218319,0.0155762133139244
931,"s(lastRippleHPC_z):DOWN_yes",0.0444409370956453,0.000409134343116575,0.334361919762777,0.0981032059698723
932,"s(lastRippleHPC_z):DOWN_yes",0.000414720160879511,3.50295439712752e-06,0.0191516071156825,0.00585121260500987
933,"s(lastRippleHPC_z):DOWN_yes",2.28723518347351e-05,2.36996823918075e-07,0.00496317448848915,0.00145798592639327
934,"s(lastRippleHPC_z):DOWN_yes",0.0512435344543967,0.00051447254232325,0.244167953943873,0.208310189235693
935,"s(lastRippleHPC_z):DOWN_yes",0.00827252637310849,6.14236501483273e-05,0.0794986552272297,0.0720821402286388
936,"s(lastRippleHPC_z):DOWN_yes",-0.0173719933041347,0.000101710001789655,0.101027769887473,0.0297519495203176
937,"s(lastRippleHPC_z):DOWN_yes",0.0204481440629021,0.000228554586230474,0.149693758744517,0.044617846677623
938,"s(lastRippleHPC_z):DOWN_yes",0.0141845275002215,0.000163848343618274,0.129859020967036,0.0382457314864942
939,"s(lastRippleHPC_z):DOWN_yes",0.0871764485331727,0.000775117262294037,0.578314804064578,0.552469313957593
940,"s(lastRippleHPC_z):DOWN_yes",0.0459071604254415,0.000530583937675056,0.226888540016849,0.0689409587216953
941,"s(lastRippleHPC_z):DOWN_yes",0.00329419533725073,3.30272523822623e-05,0.0590071301010461,0.0173780723157562
942,"s(lastRippleHPC_z):DOWN_yes",0.0112856063231543,5.59580331702116e-05,0.0982519316945259,0.0438493982308972
943,"s(lastRippleHPC_z):DOWN_yes",0.0507244996723557,0.000391672398612479,0.434899714442464,0.399640239488524
944,"s(lastRippleHPC_z):DOWN_yes",0.0247579517110932,0.000149090772077936,0.143971682915539,0.0578391067409638
945,"s(lastRippleHPC_z):DOWN_yes",0.0851697435183301,0.000780377293948198,0.569912697932229,0.685116193941484
946,"s(lastRippleHPC_z):DOWN_yes",0.00191146276870846,2.01386400845306e-05,0.0472885432502241,0.0140042915279702
947,"s(lastRippleHPC_z):DOWN_yes",0.0466561583447529,0.000351372488644453,0.251048162888759,0.151033553178607
948,"s(lastRippleHPC_z):DOWN_yes",0.0370790050503054,0.000315330231601929,0.255972097192491,0.204762462985882
949,"s(lastRippleHPC_z):DOWN_yes",0.0700987928086292,0.000599340245499796,0.307092707584914,0.19983458781246
950,"s(lastRippleHPC_z):DOWN_yes",0.0493893775726875,0.000307204893291887,0.251557145182232,0.124986272105989
951,"s(lastRippleHPC_z):DOWN_yes",0.0020498520165404,2.15982367964128e-05,0.0469771205408654,0.0138334514170819
952,"s(lastRippleHPC_z):DOWN_yes",0.0460015573760266,0.000396415820889696,0.27960719913682,0.0955926510717527
953,"s(lastRippleHPC_z):DOWN_yes",0.0360265452923176,0.000290087306502394,0.293733647674651,0.183290678477494
954,"s(lastRippleHPC_z):DOWN_yes",0.0232997193289339,0.00025717472078744,0.161714684185927,0.0476248141497565
955,"s(lastRippleHPC_z):DOWN_yes",0.00954914999982215,0.000108689107119273,0.104538342419612,0.0307863630339886
956,"s(lastRippleHPC_z):DOWN_yes",0.0520166911370321,0.000461191619504245,0.324058403896776,0.233181288452688
957,"s(lastRippleHPC_z):DOWN_yes",0.0663575155678586,0.000566546002735876,0.463241368209034,0.331140802493538
958,"s(lastRippleHPC_z):DOWN_yes",0.0274372001384062,0.000151792806451576,0.198920607696135,0.133355062639078
959,"s(lastRippleHPC_z):DOWN_yes",0.0920432279774364,0.000988457470719327,0.594854406324301,0.165791722577783
960,"s(lastRippleHPC_z):DOWN_yes",0.000275525156979484,4.12117813467636e-05,0.0169221839339993,0.0447286724865861
961,"s(lastRippleHPC_z):DOWN_yes",0.0382273258098049,0.000336367730685833,0.302564178448211,0.108694797738148
962,"s(lastRippleHPC_z):DOWN_yes",0.101733573455164,0.00101175170519998,0.673110049962244,0.827617658328597
963,"s(lastRippleHPC_z):DOWN_yes",0.0387586751122573,0.000475287299679689,0.212788567491712,0.134436370405805
964,"s(lastRippleHPC_z):DOWN_yes",0.0223983677304229,0.000271680901599947,0.164568086109175,0.0762330618411954
965,"s(lastRippleHPC_z):DOWN_yes",0.00473835332212325,5.13434102488225e-05,0.0726624130226114,0.0213993070750426
966,"s(lastRippleHPC_z):DOWN_yes",0.00429085565809828,4.55817744808241e-05,0.0695256591606634,0.0204766225847376
967,"s(lastRippleHPC_z):DOWN_yes",0.0367641244856163,0.00028023877006934,0.188794991156195,0.069272747263245
968,"s(lastRippleHPC_z):DOWN_yes",0.0284986185712466,0.000215444520923017,0.175196107163774,0.0853840696112817
969,"s(lastRippleHPC_z):DOWN_yes",0.00920851104771359,0.000100024068003403,0.102297759759345,0.0301279266352823
970,"s(lastRippleHPC_z):DOWN_yes",0.0416528029713295,0.000347575717531372,0.289850421241957,0.111275772042239
971,"s(lastRippleHPC_z):DOWN_yes",0.00745664910670207,8.55747459463477e-05,0.0947402299237179,0.0279063222639587
972,"s(lastRippleHPC_z):DOWN_yes",0.0678510993072354,0.000594783290317198,0.431249573572553,0.339918726493841
973,"s(lastRippleHPC_z):DOWN_yes",0.0096909799336089,0.000108229353497352,0.107922884431869,0.031781377740034
974,"s(lastRippleHPC_z):DOWN_yes",0.0412230801399023,0.000467587388261307,0.219093678693857,0.0685302931989505
975,"s(lastRippleHPC_z):DOWN_yes",0.0383397442268247,0.000315226591788672,0.318648258978772,0.0933198127750358
976,"s(lastRippleHPC_z):DOWN_yes",-0.00271172893137539,0.000121517156956544,0.113809223598092,0.0335175740915882
977,"s(lastRippleHPC_z):DOWN_yes",0.00779511912948472,8.55810301588613e-05,0.0953579383830211,0.0280958395137884
978,"s(lastRippleHPC_z):DOWN_yes",0.0453792264405557,0.000317913363418159,0.360455459432042,0.345404096025577
979,"s(lastRippleHPC_z):DOWN_yes",0.0546202174344312,0.000516616356787102,0.384072766318887,0.270383085691313
980,"s(lastRippleHPC_z):DOWN_yes",0.0266101713205931,0.000199600976429384,0.275443390230999,0.264157425329467
981,"s(lastRippleHPC_z):DOWN_yes",0.00382192900273992,4.27291386152045e-05,0.0673429905159939,0.019843513130321
982,"s(lastRippleHPC_z):DOWN_yes",0.00622171122132187,0.000169092048596883,0.082928453330975,0.228640603504371
983,"s(lastRippleHPC_z):DOWN_yes",0.0227948314548279,8.98122434631794e-05,0.205751019643517,0.0668991251115088
984,"s(lastRippleHPC_z):DOWN_yes",0.0290363202415556,0.000258452673916788,0.227840106402573,0.084238340113076
985,"s(lastRippleHPC_z):DOWN_yes",0.0837726538775456,0.000781495265419607,0.512572976108093,0.545928657278773
986,"s(lastRippleHPC_z):DOWN_yes",0.0665068349532678,0.000636348057802858,0.490478062557673,0.521264439395576
987,"s(lastRippleHPC_z):DOWN_yes",0.0540892554719079,0.000465523449928124,0.426582204365201,0.350174402825271
988,"s(lastRippleHPC_z):DOWN_yes",0.0304895928793201,0.000150283226431802,0.201457601422169,0.118534681689986
989,"s(lastRippleHPC_z):DOWN_yes",0.0093228947845958,0.000156127501468451,0.0994455728240338,0.0385694108343289
990,"s(lastRippleHPC_z):DOWN_yes",0.00758817289253599,8.76187771519795e-05,0.0952390057830574,0.0280402903407439
991,"s(lastRippleHPC_z):DOWN_yes",0.0259561224104381,0.000139640499225387,0.193964889107315,0.118039356124271
992,"s(lastRippleHPC_z):DOWN_yes",0.0132594638514583,0.000148195797320423,0.122772237938007,0.048457828174621
993,"s(lastRippleHPC_z):DOWN_yes",0.00851446642313824,9.67799203134734e-05,0.101743868829269,0.0299679663223858
994,"s(lastRippleHPC_z):DOWN_yes",0.00478586436895156,5.62053136046299e-05,0.0747897945814044,0.02744385618782
995,"s(lastRippleHPC_z):DOWN_yes",0.00135223495562542,1.79053026370787e-05,0.0423573006651203,0.0124735290969171
996,"s(lastRippleHPC_z):DOWN_yes",0.0452239236285354,0.000334513249165092,0.379629191630293,0.193863309007668
997,"s(lastRippleHPC_z):DOWN_yes",0.0291079033257837,0.000237527191993849,0.149812467585797,0.0914865844640985
998,"s(lastRippleHPC_z):DOWN_yes",0.0548252309207005,0.000521130948280653,0.38504292999127,0.126936640737025
999,"s(lastRippleHPC_z):DOWN_yes",0.0430133232156447,0.000335742976653767,0.286563488416511,0.171629490737781
1000,"s(lastRippleHPC_z):DOWN_yes",0.0247704069210553,0.000113683463500988,0.150998398412461,0.102449992977307
1,"s(lastRippleV1PRE_z):DOWN_no",6.70636349778243,0.0699241555445382,2.25796565646355,0.664991673137725
2,"s(lastRippleV1PRE_z):DOWN_no",7.6711142597785,0.0721100431376473,2.42552253854015,0.816515077748977
3,"s(lastRippleV1PRE_z):DOWN_no",6.69190882240362,0.0585215954337306,2.17608248012002,0.666046080727854
4,"s(lastRippleV1PRE_z):DOWN_no",6.29008810987229,0.0626129564326151,1.79091603118651,0.581272506667313
5,"s(lastRippleV1PRE_z):DOWN_no",6.87728117433254,0.069040442269045,1.89176958458033,0.624709432422853
6,"s(lastRippleV1PRE_z):DOWN_no",6.96781009321364,0.0688271682048355,1.89238626193738,0.812663939555197
7,"s(lastRippleV1PRE_z):DOWN_no",7.35509898897046,0.0674649822756492,2.04067344317894,0.643687099939972
8,"s(lastRippleV1PRE_z):DOWN_no",6.39843256323179,0.0666443119119007,2.1539541108962,0.634382232214799
9,"s(lastRippleV1PRE_z):DOWN_no",7.38547002576256,0.0770152589799756,2.35588007624066,0.693825335894314
10,"s(lastRippleV1PRE_z):DOWN_no",6.47472602556035,0.0637455709802757,1.5197452615421,0.60252796867514
11,"s(lastRippleV1PRE_z):DOWN_no",6.48045158798484,0.0569483728324363,2.05205227077502,0.626917148627382
12,"s(lastRippleV1PRE_z):DOWN_no",7.26134095625298,0.0753470294570129,2.28507520326453,0.673020177247266
13,"s(lastRippleV1PRE_z):DOWN_no",7.09332527886676,0.0737843707068227,2.298412499008,0.676902995993169
14,"s(lastRippleV1PRE_z):DOWN_no",6.54863234868405,0.0608625144575292,2.05764591309754,0.672435971739497
15,"s(lastRippleV1PRE_z):DOWN_no",6.9657798143878,0.0699516586290466,1.77282100035443,0.597472296013343
16,"s(lastRippleV1PRE_z):DOWN_no",6.67230007192025,0.0618290412110865,1.95897934579756,0.659295273912712
17,"s(lastRippleV1PRE_z):DOWN_no",6.69876479611055,0.0602903687190262,2.03992438636766,0.651094780818301
18,"s(lastRippleV1PRE_z):DOWN_no",6.58131958267199,0.0643205520077678,1.80210431421089,0.600036684957465
19,"s(lastRippleV1PRE_z):DOWN_no",7.18209959529479,0.0660402481583287,2.01934927578667,0.633754455788704
20,"s(lastRippleV1PRE_z):DOWN_no",6.62154247101802,0.0585615299646665,2.18059756827584,0.672698766163062
21,"s(lastRippleV1PRE_z):DOWN_no",6.26513976518471,0.0572147559243099,1.85300213720674,0.586552093634787
22,"s(lastRippleV1PRE_z):DOWN_no",7.37605712861548,0.067423943875697,2.11207236379593,0.676644094773893
23,"s(lastRippleV1PRE_z):DOWN_no",6.82120790182264,0.0641454196479021,1.9532094185473,0.655855110085693
24,"s(lastRippleV1PRE_z):DOWN_no",6.35470414344363,0.0640938388296952,1.79491786659191,0.577798870567343
25,"s(lastRippleV1PRE_z):DOWN_no",6.43248490879779,0.0624203296178217,1.87358148335771,0.722638722140383
26,"s(lastRippleV1PRE_z):DOWN_no",7.06455692036161,0.0679599040772866,2.04490242337992,0.736104089825439
27,"s(lastRippleV1PRE_z):DOWN_no",6.5507536849378,0.06355060494674,1.82051683021805,0.683079358012757
28,"s(lastRippleV1PRE_z):DOWN_no",7.03478465512411,0.0736153444153709,2.31232870788102,0.789839031499879
29,"s(lastRippleV1PRE_z):DOWN_no",7.01642548171518,0.0687919970057857,2.02973446289296,0.826020826040409
30,"s(lastRippleV1PRE_z):DOWN_no",7.49191517477145,0.0687210725426549,2.13574938657792,0.671215308606464
31,"s(lastRippleV1PRE_z):DOWN_no",7.645856951991,0.0742187251510916,2.03239755066587,0.792817116671085
32,"s(lastRippleV1PRE_z):DOWN_no",6.39945767738763,0.0615750722805691,1.87030943909464,0.595739469023051
33,"s(lastRippleV1PRE_z):DOWN_no",6.92988169023226,0.072947382300078,2.30070147748758,0.677577254329996
34,"s(lastRippleV1PRE_z):DOWN_no",6.69459006523024,0.0608295076048187,2.01076102534786,0.629913667183574
35,"s(lastRippleV1PRE_z):DOWN_no",6.64998162126145,0.065213326478779,1.77195935226823,0.600289152905367
36,"s(lastRippleV1PRE_z):DOWN_no",6.87274728076062,0.068765777256339,1.77195163896329,0.593456011060074
37,"s(lastRippleV1PRE_z):DOWN_no",6.58507268813354,0.0625113834789307,1.83305245935805,0.628849566023084
38,"s(lastRippleV1PRE_z):DOWN_no",6.9053578274538,0.0615118062977622,2.09700656661399,0.646996603052864
39,"s(lastRippleV1PRE_z):DOWN_no",6.14654993086514,0.0599854594695849,1.79231775830496,0.574412165654622
40,"s(lastRippleV1PRE_z):DOWN_no",6.93204703164835,0.070102115325597,1.78916453058814,0.596770671956946
41,"s(lastRippleV1PRE_z):DOWN_no",6.81556707109727,0.0633898149312978,2.02242759690213,0.645076471088378
42,"s(lastRippleV1PRE_z):DOWN_no",6.59425867742583,0.0604200981871229,1.99083336127213,0.640710109034574
43,"s(lastRippleV1PRE_z):DOWN_no",6.67069845442949,0.0647285204560578,2.0041087838428,0.789724132699764
44,"s(lastRippleV1PRE_z):DOWN_no",6.92367544420683,0.0673509423043614,2.02113767693731,0.770494121352786
45,"s(lastRippleV1PRE_z):DOWN_no",7.7503900338741,0.0769361278530597,2.17044287470099,0.676790792689752
46,"s(lastRippleV1PRE_z):DOWN_no",7.0428793618428,0.0612750327882176,2.30640602303655,0.683834849835122
47,"s(lastRippleV1PRE_z):DOWN_no",7.26952760248419,0.0716124467727994,1.8926969029207,0.746266497164886
48,"s(lastRippleV1PRE_z):DOWN_no",7.05016645688745,0.0651303659591372,2.12187445740188,0.682570730429742
49,"s(lastRippleV1PRE_z):DOWN_no",7.11662101156614,0.0742463204235734,2.29189880501006,0.675021011379752
50,"s(lastRippleV1PRE_z):DOWN_no",7.38889927911785,0.0730481939554029,2.0209916762404,0.823069682699796
51,"s(lastRippleV1PRE_z):DOWN_no",6.81354070461633,0.06623539006561,1.72153712411531,0.634946252278946
52,"s(lastRippleV1PRE_z):DOWN_no",7.60513444630199,0.0759215051184905,2.30283727309946,0.90583333233736
53,"s(lastRippleV1PRE_z):DOWN_no",6.37049921423127,0.0580431800312946,2.18248855167731,0.64526714541315
54,"s(lastRippleV1PRE_z):DOWN_no",6.21243399508956,0.0606699823797293,1.88843951890951,0.592355161355252
55,"s(lastRippleV1PRE_z):DOWN_no",7.108686543932,0.0624830209869825,2.23788286812625,0.680964705877693
56,"s(lastRippleV1PRE_z):DOWN_no",7.05800880117777,0.0686858178377925,1.93450606803654,0.616521410788033
57,"s(lastRippleV1PRE_z):DOWN_no",6.69331097914739,0.0653847879633817,2.07270739868964,0.637351241083715
58,"s(lastRippleV1PRE_z):DOWN_no",6.97432419387268,0.0640606260446984,1.97855911899927,0.622568609413471
59,"s(lastRippleV1PRE_z):DOWN_no",6.87767163674016,0.0637814505023208,1.99900862436722,0.656107286331761
60,"s(lastRippleV1PRE_z):DOWN_no",6.29803561199435,0.0548102312243448,2.04896779628172,0.624252561823865
61,"s(lastRippleV1PRE_z):DOWN_no",6.60179973018264,0.0624757105939533,1.9635400030778,0.614434841165295
62,"s(lastRippleV1PRE_z):DOWN_no",6.48477616928695,0.0594862699872106,2.10095259793146,0.63604059062723
63,"s(lastRippleV1PRE_z):DOWN_no",7.17893382280152,0.0694679456669242,1.94476907190614,0.703076554419603
64,"s(lastRippleV1PRE_z):DOWN_no",6.10680575845668,0.0606308464340945,1.86659262296681,0.683841025057193
65,"s(lastRippleV1PRE_z):DOWN_no",6.59768034145695,0.0580870140501452,2.05338851223021,0.634634148515526
66,"s(lastRippleV1PRE_z):DOWN_no",7.01183660968076,0.0680468802295802,1.89128949169779,0.664084163906904
67,"s(lastRippleV1PRE_z):DOWN_no",7.39841805823947,0.0713924587956772,2.13590858286542,0.658939125983043
68,"s(lastRippleV1PRE_z):DOWN_no",6.44347129076204,0.0676035735413089,2.18290605722701,0.64300558269379
69,"s(lastRippleV1PRE_z):DOWN_no",7.14511711038639,0.0729905371441842,1.97224398764231,0.638837411448112
70,"s(lastRippleV1PRE_z):DOWN_no",6.38530131144761,0.0566682577980998,2.00723098014691,0.619720872402933
71,"s(lastRippleV1PRE_z):DOWN_no",7.37696959705916,0.0701528246566116,2.02133037429797,0.642703245183151
72,"s(lastRippleV1PRE_z):DOWN_no",6.52432070094522,0.0593120031135747,2.04868904437629,0.651403962713892
73,"s(lastRippleV1PRE_z):DOWN_no",7.14998062153653,0.069904754753487,1.80202105887198,0.60652559307283
74,"s(lastRippleV1PRE_z):DOWN_no",7.85633586286867,0.0758226542946348,2.45702036357336,0.736759555156353
75,"s(lastRippleV1PRE_z):DOWN_no",6.7356801170938,0.0691200300232005,1.71683390921059,0.566416743509425
76,"s(lastRippleV1PRE_z):DOWN_no",7.71323303375435,0.0704757462663791,2.16114091936174,0.685233683362124
77,"s(lastRippleV1PRE_z):DOWN_no",7.1793613077609,0.0644765673435361,2.14720183605845,0.669553021053537
78,"s(lastRippleV1PRE_z):DOWN_no",7.11257078274865,0.0686024403454387,2.1108198886493,0.651855767015981
79,"s(lastRippleV1PRE_z):DOWN_no",7.25503487489943,0.0665672597559325,2.13147063068458,0.681586174916071
80,"s(lastRippleV1PRE_z):DOWN_no",6.82831565575435,0.0680237824854364,1.75854754606241,0.758160580339066
81,"s(lastRippleV1PRE_z):DOWN_no",6.9683330154624,0.0686146996442348,1.96234781603904,0.79557134216592
82,"s(lastRippleV1PRE_z):DOWN_no",7.07514368375067,0.0661490740741981,2.03062426410704,0.684923309550596
83,"s(lastRippleV1PRE_z):DOWN_no",6.93075375237181,0.0653481532998809,2.0482829148284,0.638182625001108
84,"s(lastRippleV1PRE_z):DOWN_no",6.54253338911819,0.0654531637389332,1.70087249052094,0.803615827308869
85,"s(lastRippleV1PRE_z):DOWN_no",6.79121745949018,0.068470409487433,1.86952688604481,0.607114495983382
86,"s(lastRippleV1PRE_z):DOWN_no",7.14331424153579,0.070975251996688,1.94704435000763,0.867714836633362
87,"s(lastRippleV1PRE_z):DOWN_no",5.98970892989367,0.0544367280420554,1.83810918453816,0.576874747943849
88,"s(lastRippleV1PRE_z):DOWN_no",6.29351111846941,0.06056737154391,1.86712724758021,0.66705942266343
89,"s(lastRippleV1PRE_z):DOWN_no",6.90257804924954,0.0650347684958007,1.9041273299475,0.620461566033584
90,"s(lastRippleV1PRE_z):DOWN_no",7.0892149605611,0.0700514817648114,2.01843696312771,0.795291472307617
91,"s(lastRippleV1PRE_z):DOWN_no",6.41066621979452,0.0635385220735765,1.8504046324142,0.786991159567254
92,"s(lastRippleV1PRE_z):DOWN_no",6.52915158895195,0.0654311234612957,1.96957511934724,0.623766135509944
93,"s(lastRippleV1PRE_z):DOWN_no",6.53347469796821,0.064497824939993,1.50161973079025,0.59557607058535
94,"s(lastRippleV1PRE_z):DOWN_no",7.2956887560056,0.0676718781986452,2.19497878700392,0.731170137072036
95,"s(lastRippleV1PRE_z):DOWN_no",6.41951251621156,0.0639762911324678,2.04250014955831,0.969826562320497
96,"s(lastRippleV1PRE_z):DOWN_no",6.80299591676583,0.0710653791319557,2.25248838152245,0.6687986771775
97,"s(lastRippleV1PRE_z):DOWN_no",6.92119941056874,0.0637719518543004,2.19658505463875,0.65960075753897
98,"s(lastRippleV1PRE_z):DOWN_no",6.46042324337002,0.0633416883606899,1.80183162075648,0.651391432845773
99,"s(lastRippleV1PRE_z):DOWN_no",7.25561959818067,0.0653289872250294,2.11284764236395,0.657400465615881
100,"s(lastRippleV1PRE_z):DOWN_no",6.91672781712703,0.0698389542995951,1.76352606225583,0.859426330368941
101,"s(lastRippleV1PRE_z):DOWN_no",7.23969093583163,0.0647438967149491,2.11486506357259,0.65019555039246
102,"s(lastRippleV1PRE_z):DOWN_no",7.02988628172368,0.069252321006183,2.08830398968775,0.64825979398696
103,"s(lastRippleV1PRE_z):DOWN_no",6.98447451303059,0.0626669445090527,2.13267838546782,0.656038999525777
104,"s(lastRippleV1PRE_z):DOWN_no",6.4915171852553,0.0613452845133204,2.08874100591807,0.636281238383676
105,"s(lastRippleV1PRE_z):DOWN_no",6.45347852442093,0.0635344940224873,1.62153513493548,0.64410800825618
106,"s(lastRippleV1PRE_z):DOWN_no",6.88564317470053,0.0647175580849938,2.13718644147779,0.692484946166453
107,"s(lastRippleV1PRE_z):DOWN_no",6.82224339850992,0.0670369868122383,1.89512043875761,0.763755103897182
108,"s(lastRippleV1PRE_z):DOWN_no",7.270724251275,0.0697822318072288,1.97783844429297,0.672497290885097
109,"s(lastRippleV1PRE_z):DOWN_no",6.79421805698647,0.0681049877960428,1.95028906343008,0.619041706282828
110,"s(lastRippleV1PRE_z):DOWN_no",6.57076259767288,0.0620391995644901,2.10107023666916,0.74202893395441
111,"s(lastRippleV1PRE_z):DOWN_no",6.45558105001688,0.0595779175132535,1.93906595521562,0.641973282322952
112,"s(lastRippleV1PRE_z):DOWN_no",7.57045824130062,0.0672751146605028,2.19563965349917,0.672278535491427
113,"s(lastRippleV1PRE_z):DOWN_no",6.60290868009738,0.0622759591384124,2.00299164461202,0.701440513524985
114,"s(lastRippleV1PRE_z):DOWN_no",7.29663740335551,0.0683374019592255,1.9572899894938,0.646649174335179
115,"s(lastRippleV1PRE_z):DOWN_no",6.76109268226291,0.0662837345384624,1.9953796226544,0.630102255670104
116,"s(lastRippleV1PRE_z):DOWN_no",6.67099583124801,0.0646228129741588,1.86416692110252,0.598361750029059
117,"s(lastRippleV1PRE_z):DOWN_no",6.82253275734599,0.0591819892527572,2.10928635104472,0.637494226627072
118,"s(lastRippleV1PRE_z):DOWN_no",7.13764649219392,0.0678805961701041,2.07377247649599,0.740745264216115
119,"s(lastRippleV1PRE_z):DOWN_no",7.22345300203697,0.0713229061761137,1.95473289769019,0.821771690369704
120,"s(lastRippleV1PRE_z):DOWN_no",6.88413905547501,0.0630586081622665,2.06364889723545,0.660688832542386
121,"s(lastRippleV1PRE_z):DOWN_no",6.68375815197045,0.065224915343046,1.93105642179593,0.804727285719957
122,"s(lastRippleV1PRE_z):DOWN_no",6.68780354336672,0.0589272046112454,2.13206942067098,0.658329278704673
123,"s(lastRippleV1PRE_z):DOWN_no",7.21630119845524,0.0647303945941819,2.1308708738344,0.666913975576683
124,"s(lastRippleV1PRE_z):DOWN_no",7.18147468633279,0.0641010722464889,2.16758594570674,0.675076676939894
125,"s(lastRippleV1PRE_z):DOWN_no",6.68012027894747,0.0621239502032685,2.05320002476099,0.630650149096028
126,"s(lastRippleV1PRE_z):DOWN_no",7.23021581847004,0.0675039770998948,2.11527128251052,0.660975864135203
127,"s(lastRippleV1PRE_z):DOWN_no",7.30669778980236,0.0718208673790346,1.87172613204005,0.719129108357612
128,"s(lastRippleV1PRE_z):DOWN_no",6.97224268514217,0.0581950800370167,2.2974914395509,0.678139099922558
129,"s(lastRippleV1PRE_z):DOWN_no",7.54078586270353,0.071573553592459,2.11521950638583,0.659651450928299
130,"s(lastRippleV1PRE_z):DOWN_no",7.07186330628066,0.0679844130690944,1.9149286329688,0.64823647122601
131,"s(lastRippleV1PRE_z):DOWN_no",6.49561769024603,0.0619892266630016,1.7513092781289,0.578316574830967
132,"s(lastRippleV1PRE_z):DOWN_no",6.22063953605464,0.055683057443585,1.94585943649996,0.607284059145709
133,"s(lastRippleV1PRE_z):DOWN_no",6.54511986017531,0.0545379279366986,2.23231957882818,0.665536972586191
134,"s(lastRippleV1PRE_z):DOWN_no",7.23274797394271,0.068895994165781,2.11937751180356,0.755020746920491
135,"s(lastRippleV1PRE_z):DOWN_no",7.00148012513732,0.0701759814078478,2.06166410632999,0.653359994986611
136,"s(lastRippleV1PRE_z):DOWN_no",7.26427210164605,0.070128965806751,1.92648239788086,0.620232706824964
137,"s(lastRippleV1PRE_z):DOWN_no",6.99791706076491,0.0729597108098806,2.29173416937562,0.674937180343454
138,"s(lastRippleV1PRE_z):DOWN_no",7.0269820216128,0.0643145937745658,2.21496034912153,0.721011899314393
139,"s(lastRippleV1PRE_z):DOWN_no",7.37873029101548,0.0710371831639839,1.99882378961546,0.63310514562823
140,"s(lastRippleV1PRE_z):DOWN_no",7.60090471910709,0.0711806220230113,2.16862807972701,0.705487011493671
141,"s(lastRippleV1PRE_z):DOWN_no",6.59616529052767,0.0588002305820504,2.06622964034277,0.640941893261926
142,"s(lastRippleV1PRE_z):DOWN_no",6.88196149950303,0.0639455835632785,1.96464427992408,0.62633628729225
143,"s(lastRippleV1PRE_z):DOWN_no",7.03807760699104,0.068273379177089,1.92820338140015,0.689202763746316
144,"s(lastRippleV1PRE_z):DOWN_no",7.19990588214785,0.0670898159799258,2.01133262934149,0.639276104575805
145,"s(lastRippleV1PRE_z):DOWN_no",7.38770069114151,0.0613861999335996,2.33203703820547,0.690922923821167
146,"s(lastRippleV1PRE_z):DOWN_no",6.99961190825196,0.0730853008071057,2.27101976659845,0.668883054061989
147,"s(lastRippleV1PRE_z):DOWN_no",6.55608674413508,0.0229080118606241,2.26666901703136,0.668209647959309
148,"s(lastRippleV1PRE_z):DOWN_no",6.94131739601141,0.0647646031175193,2.10703500969665,0.664277385235552
149,"s(lastRippleV1PRE_z):DOWN_no",6.93797281770162,0.0658220647883091,1.97910329238075,0.62981217164149
150,"s(lastRippleV1PRE_z):DOWN_no",7.09076971568494,0.0711190292754707,1.88717334084656,0.621156496306794
151,"s(lastRippleV1PRE_z):DOWN_no",6.72534689103121,0.0623120154453277,1.98665712030087,0.663441741105379
152,"s(lastRippleV1PRE_z):DOWN_no",7.46456826159264,0.0643301666387626,2.39846155973679,0.706041007951958
153,"s(lastRippleV1PRE_z):DOWN_no",6.72352136566802,0.0651151892825877,1.72102366011952,0.646733281406875
154,"s(lastRippleV1PRE_z):DOWN_no",7.65980964434266,0.0687005886351596,2.23676700773276,0.680241963932724
155,"s(lastRippleV1PRE_z):DOWN_no",7.02096365915041,0.0669649521215849,2.04500487299152,0.706360110363609
156,"s(lastRippleV1PRE_z):DOWN_no",6.92341779308924,0.0615973404933052,2.18273662450274,0.683931197762508
157,"s(lastRippleV1PRE_z):DOWN_no",7.63274491302132,0.0750253709149306,2.01119047371391,0.784154974189215
158,"s(lastRippleV1PRE_z):DOWN_no",7.17014242412456,0.0623109122980187,2.24733511411244,0.677224303923813
159,"s(lastRippleV1PRE_z):DOWN_no",6.7213492498785,0.0663068118986425,1.97164338298454,0.84540146153036
160,"s(lastRippleV1PRE_z):DOWN_no",6.88560230236519,0.0635545145878664,2.0615101339136,0.68161954675648
161,"s(lastRippleV1PRE_z):DOWN_no",6.56607560542348,0.0581050783640942,2.18940472681794,0.66839070721308
162,"s(lastRippleV1PRE_z):DOWN_no",6.54510082904595,0.0638603637547651,1.90724094113943,0.644065810142485
163,"s(lastRippleV1PRE_z):DOWN_no",6.22727743364376,0.0608110551061697,1.84504724427716,0.586924789649924
164,"s(lastRippleV1PRE_z):DOWN_no",6.90018420496336,0.067337200471066,1.84989842062578,0.703139595395895
165,"s(lastRippleV1PRE_z):DOWN_no",7.09629044624309,0.0654786573250604,2.16764731391792,0.655837036231289
166,"s(lastRippleV1PRE_z):DOWN_no",7.3250636393022,0.0759239837065006,2.341594328822,0.689658757001667
167,"s(lastRippleV1PRE_z):DOWN_no",7.66038105136787,0.0722885195370137,1.99919752850508,0.648661669882455
168,"s(lastRippleV1PRE_z):DOWN_no",5.82289953764303,0.0566008101667658,1.73821971536157,0.702126195022501
169,"s(lastRippleV1PRE_z):DOWN_no",7.77340954075416,0.0765235830696806,2.02393634334485,0.648327344759719
170,"s(lastRippleV1PRE_z):DOWN_no",6.26800670280284,0.0653195023830417,2.13856915344355,0.633741041479514
171,"s(lastRippleV1PRE_z):DOWN_no",6.70962900960092,0.0622464813382658,2.05897958494443,0.679764826952232
172,"s(lastRippleV1PRE_z):DOWN_no",6.00700217255802,0.0581516959036621,1.55045644860015,0.554451293589999
173,"s(lastRippleV1PRE_z):DOWN_no",6.84395386644295,0.0686472142000013,2.06277658485197,0.654266555879821
174,"s(lastRippleV1PRE_z):DOWN_no",6.69872081516222,0.0666705443521327,1.8906678256056,0.774482067577051
175,"s(lastRippleV1PRE_z):DOWN_no",6.55717611019074,0.0662525037868065,1.65819518880316,0.569714787925006
176,"s(lastRippleV1PRE_z):DOWN_no",6.28967016313452,0.0577064916158058,2.07077333628131,0.625625089408676
177,"s(lastRippleV1PRE_z):DOWN_no",7.37982678044168,0.0684302317231045,2.34564494944798,0.706758480613901
178,"s(lastRippleV1PRE_z):DOWN_no",6.85028276155914,0.0689592316794865,1.8598733865865,0.871094999039286
179,"s(lastRippleV1PRE_z):DOWN_no",7.50450761004194,0.0687922023714641,2.08214315707096,0.651006475218542
180,"s(lastRippleV1PRE_z):DOWN_no",7.68681818305267,0.066885702321749,2.42196535142035,0.712642171833834
181,"s(lastRippleV1PRE_z):DOWN_no",6.54866259547223,0.0653907526332144,1.84224556087106,0.595784930224258
182,"s(lastRippleV1PRE_z):DOWN_no",6.44567100850148,0.063179936292113,1.84116270020066,0.748445783225944
183,"s(lastRippleV1PRE_z):DOWN_no",6.89830790086592,0.0650912612883775,2.07355140935928,0.643556489463832
184,"s(lastRippleV1PRE_z):DOWN_no",7.31398521050608,0.0698182544780213,1.92513956004384,0.644765678022282
185,"s(lastRippleV1PRE_z):DOWN_no",6.34403499114559,0.0552248857481816,2.09309469928948,0.638775085879277
186,"s(lastRippleV1PRE_z):DOWN_no",7.4046544770478,0.068337244749502,2.26401053493134,0.68554607884164
187,"s(lastRippleV1PRE_z):DOWN_no",7.18492555676458,0.0688111796302822,2.12692941771615,0.755762167812671
188,"s(lastRippleV1PRE_z):DOWN_no",7.19932161485832,0.0661255547719127,2.1347957326002,0.682614020070544
189,"s(lastRippleV1PRE_z):DOWN_no",6.17485700308104,0.0596008578839475,1.76931554418263,0.678773125858339
190,"s(lastRippleV1PRE_z):DOWN_no",6.55863152808597,0.0631079296747584,2.07170424722884,0.773547848942282
191,"s(lastRippleV1PRE_z):DOWN_no",6.41667152904736,0.0624572001034912,1.74942481276594,0.572500820089037
192,"s(lastRippleV1PRE_z):DOWN_no",6.84530313566585,0.0652134724913886,1.7402838097231,0.593576667632844
193,"s(lastRippleV1PRE_z):DOWN_no",6.60652704533081,0.0584439939346161,2.02992933648869,0.627773242038213
194,"s(lastRippleV1PRE_z):DOWN_no",7.26225356540113,0.0706423940132066,2.05714672203051,0.740944479871089
195,"s(lastRippleV1PRE_z):DOWN_no",6.06205956609215,0.0573189825061948,1.94867471527357,0.673096789770215
196,"s(lastRippleV1PRE_z):DOWN_no",7.39250874119457,0.0704174938338015,2.01756607966252,0.631550269918857
197,"s(lastRippleV1PRE_z):DOWN_no",7.4175377168812,0.0646225662719914,2.34017699524655,0.693799657019244
198,"s(lastRippleV1PRE_z):DOWN_no",6.91806772674287,0.0676831476183552,1.91685874914606,0.759778210770647
199,"s(lastRippleV1PRE_z):DOWN_no",6.36478716875744,0.0666261498975596,2.20048821666283,0.648159045917425
200,"s(lastRippleV1PRE_z):DOWN_no",6.77275263423635,0.0650024167951907,2.04859165524496,0.630283897023143
201,"s(lastRippleV1PRE_z):DOWN_no",6.93296523806137,0.0599937780765205,2.21332217873225,0.67307957527676
202,"s(lastRippleV1PRE_z):DOWN_no",6.98895747224766,0.0680099408884644,1.72533610810831,0.639314988524585
203,"s(lastRippleV1PRE_z):DOWN_no",7.167326125739,0.0656229315890769,2.07455321140091,0.676383797150537
204,"s(lastRippleV1PRE_z):DOWN_no",7.05518124265421,0.0621591579245627,2.12231981973838,0.655650421160125
205,"s(lastRippleV1PRE_z):DOWN_no",7.24682467460153,0.0610475359077593,2.22580346895733,0.666474819925889
206,"s(lastRippleV1PRE_z):DOWN_no",6.29300770643746,0.057227731769538,1.98228410818964,0.620023302176352
207,"s(lastRippleV1PRE_z):DOWN_no",6.74222120971987,0.0561324828088134,2.23414724821268,0.662167859493781
208,"s(lastRippleV1PRE_z):DOWN_no",6.84968424739892,0.0665547386380819,2.06028022810628,0.715948761959379
209,"s(lastRippleV1PRE_z):DOWN_no",7.11639596289826,0.0688735198772378,2.12699590835511,0.75397998554313
210,"s(lastRippleV1PRE_z):DOWN_no",7.07351106752345,0.0688497251066026,1.86830421328469,0.610642613251345
211,"s(lastRippleV1PRE_z):DOWN_no",7.12414471484343,0.0647042326955128,2.26814702414586,0.672806967902975
212,"s(lastRippleV1PRE_z):DOWN_no",6.88657654784363,0.0676646156624681,2.04454763562858,0.870441055341108
213,"s(lastRippleV1PRE_z):DOWN_no",6.91167790684565,0.0625184230807201,2.22651731196841,0.662473032004601
214,"s(lastRippleV1PRE_z):DOWN_no",6.80932341186119,0.0563132402644353,2.22618053980525,0.661509472593826
215,"s(lastRippleV1PRE_z):DOWN_no",5.87491262273585,0.0562743681757006,1.79378185592697,0.578765832591543
216,"s(lastRippleV1PRE_z):DOWN_no",6.24517709963666,0.0597639242609694,1.87760345527663,0.592128665463648
217,"s(lastRippleV1PRE_z):DOWN_no",6.39166152688291,0.0540032308787628,2.16059848513653,0.652709481301054
218,"s(lastRippleV1PRE_z):DOWN_no",7.16766314081681,0.0687731180389141,1.84232432093964,0.643776442859708
219,"s(lastRippleV1PRE_z):DOWN_no",7.26110446475213,0.0758468648090699,2.32640900541392,0.685209726366816
220,"s(lastRippleV1PRE_z):DOWN_no",7.03103515155913,0.067309936231633,2.04322329516078,0.721471438142153
221,"s(lastRippleV1PRE_z):DOWN_no",7.46597938337347,0.0725345437491721,2.23734111981602,0.823909315299354
222,"s(lastRippleV1PRE_z):DOWN_no",6.06367958445343,0.0550220853603945,2.1036386090288,0.627629653396971
223,"s(lastRippleV1PRE_z):DOWN_no",7.62766473911378,0.0795990639749588,2.35192313643779,0.692707874540454
224,"s(lastRippleV1PRE_z):DOWN_no",6.4430408370436,0.0612525419945757,1.89517606274624,0.598887311755387
225,"s(lastRippleV1PRE_z):DOWN_no",6.78082635045729,0.0644675143322709,2.03856791263062,0.720853324662548
226,"s(lastRippleV1PRE_z):DOWN_no",6.30550381186385,0.0627295370677542,1.7010953767571,0.566573868568627
227,"s(lastRippleV1PRE_z):DOWN_no",6.61296761082722,0.0582027434264812,2.09900874156765,0.647771372360192
228,"s(lastRippleV1PRE_z):DOWN_no",7.0384252087041,0.0694062224821693,1.95439672537402,0.808468342797987
229,"s(lastRippleV1PRE_z):DOWN_no",7.07916091892149,0.0677448230626526,1.90059274133757,0.67984258132045
230,"s(lastRippleV1PRE_z):DOWN_no",6.45213575582551,0.0620845272429119,2.04434949028977,0.766521986193087
231,"s(lastRippleV1PRE_z):DOWN_no",6.73357749497929,0.0623023489698563,2.1578364984264,0.649402398815494
232,"s(lastRippleV1PRE_z):DOWN_no",6.72536716596173,0.0630781484359156,1.88467042045897,0.653204776475138
233,"s(lastRippleV1PRE_z):DOWN_no",7.39925284277439,0.0703844625712901,2.03214415460664,0.637856341044538
234,"s(lastRippleV1PRE_z):DOWN_no",6.33555381613679,0.0598444290832177,1.76297730377758,0.602517632061008
235,"s(lastRippleV1PRE_z):DOWN_no",6.838342412031,0.0663698347138135,1.93914344358984,0.721248215836982
236,"s(lastRippleV1PRE_z):DOWN_no",8.19344011221316,0.0821311243806125,2.17798738127527,0.686205786651659
237,"s(lastRippleV1PRE_z):DOWN_no",6.75648123633176,0.0616450686618499,1.97221797181555,0.625463897609631
238,"s(lastRippleV1PRE_z):DOWN_no",7.16447767663112,0.0625674361068904,2.27519476288898,0.68159856945375
239,"s(lastRippleV1PRE_z):DOWN_no",6.41503451889172,0.0560730907481154,2.09386712139771,0.633746456149561
240,"s(lastRippleV1PRE_z):DOWN_no",6.91490142735672,0.0640212507964735,1.9765215961823,0.621038532010622
241,"s(lastRippleV1PRE_z):DOWN_no",7.09488259894577,0.0705257724945491,1.95146867879966,0.854539158324642
242,"s(lastRippleV1PRE_z):DOWN_no",6.8887417667775,0.0723254190168411,2.24325526681728,0.660737990563026
243,"s(lastRippleV1PRE_z):DOWN_no",6.44929242460841,0.0590974548398057,2.04391982669948,0.669303443330404
244,"s(lastRippleV1PRE_z):DOWN_no",6.45872661588776,0.0612171924831653,1.96020186863744,0.647969886886732
245,"s(lastRippleV1PRE_z):DOWN_no",7.043955273597,0.0615080192060894,2.20785887698409,0.673579404003313
246,"s(lastRippleV1PRE_z):DOWN_no",6.51561479918823,0.0640969663909438,2.0929687213102,0.8404722253213
247,"s(lastRippleV1PRE_z):DOWN_no",6.79246515886678,0.0674283246902749,1.91446226901353,0.834979654036978
248,"s(lastRippleV1PRE_z):DOWN_no",6.98975414738278,0.0682483096483054,2.31067233363139,0.681138417187114
249,"s(lastRippleV1PRE_z):DOWN_no",6.55874457355298,0.0647117774016118,1.97611459925974,0.785330516701332
250,"s(lastRippleV1PRE_z):DOWN_no",6.45875249826009,0.0632579891691933,1.73343171802853,0.698963776201572
251,"s(lastRippleV1PRE_z):DOWN_no",7.0185835420643,0.0732293378137124,2.33099086923748,0.686704503697517
252,"s(lastRippleV1PRE_z):DOWN_no",6.18712737913072,0.0583960494959958,1.6818678332204,0.554822268106698
253,"s(lastRippleV1PRE_z):DOWN_no",6.80882558940057,0.0649369476041576,1.91248348309965,0.606985508729283
254,"s(lastRippleV1PRE_z):DOWN_no",6.71593553097485,0.0699450441624616,2.25918093817035,0.665543378660795
255,"s(lastRippleV1PRE_z):DOWN_no",7.12342270068221,0.0649950591506386,2.32869641438417,0.687255683794724
256,"s(lastRippleV1PRE_z):DOWN_no",7.56405086349819,0.073836251588081,2.23558385814314,0.682000833026059
257,"s(lastRippleV1PRE_z):DOWN_no",6.80418774111087,0.0626560048260277,2.07593866792078,0.684183798654032
258,"s(lastRippleV1PRE_z):DOWN_no",7.07702364097293,0.0672599341018272,2.01195025127711,0.631674473715133
259,"s(lastRippleV1PRE_z):DOWN_no",6.66619412287136,0.0630810333197153,1.81850066412494,0.608333968133495
260,"s(lastRippleV1PRE_z):DOWN_no",6.89925831938688,0.0592485739491767,2.23368019982842,0.66120452264522
261,"s(lastRippleV1PRE_z):DOWN_no",6.40234869940323,0.062245951003511,1.80189231746163,0.659385781144064
262,"s(lastRippleV1PRE_z):DOWN_no",6.73971715508651,0.0660798475656119,1.86296596664522,0.607149801331698
263,"s(lastRippleV1PRE_z):DOWN_no",6.42014000349871,0.062011356928931,1.72442536273055,0.590002351905209
264,"s(lastRippleV1PRE_z):DOWN_no",6.84647577010718,0.0653303076102312,2.01895889361406,0.741484246122422
265,"s(lastRippleV1PRE_z):DOWN_no",6.76877697257083,0.0658947288596155,1.87980807580595,0.605373458502097
266,"s(lastRippleV1PRE_z):DOWN_no",6.42614797441847,0.0640256338163982,1.62113588583919,0.549259926394886
267,"s(lastRippleV1PRE_z):DOWN_no",7.70364531913935,0.0706452067953168,2.20236928130551,0.713223577712353
268,"s(lastRippleV1PRE_z):DOWN_no",6.81916143051014,0.0602498935306522,2.1853466115822,0.659269927743464
269,"s(lastRippleV1PRE_z):DOWN_no",7.12039851106615,0.0649718485403647,2.20361387857304,0.664188064106106
270,"s(lastRippleV1PRE_z):DOWN_no",6.59307782792002,0.0611593798595756,1.9243972169335,0.607417557840002
271,"s(lastRippleV1PRE_z):DOWN_no",6.61298741526483,0.0652128924444497,1.94413054659186,0.804671720685864
272,"s(lastRippleV1PRE_z):DOWN_no",7.54787013805482,0.0681254464812466,2.2441241892349,0.705566148911742
273,"s(lastRippleV1PRE_z):DOWN_no",6.11517823618252,0.0615007187605999,1.69716808948829,0.568248097216569
274,"s(lastRippleV1PRE_z):DOWN_no",6.99497211011273,0.0699654253300536,1.93080433030212,0.912402782363805
275,"s(lastRippleV1PRE_z):DOWN_no",6.18539299145257,0.0612284198414529,1.35981174414833,0.513820068057267
276,"s(lastRippleV1PRE_z):DOWN_no",6.92311057848031,0.0645415261513415,2.02799047608937,0.626313012528095
277,"s(lastRippleV1PRE_z):DOWN_no",6.77818860542827,0.0652648533622689,1.90766277750057,0.60986391263052
278,"s(lastRippleV1PRE_z):DOWN_no",6.55433265510487,0.0685426271584177,2.2168797391991,0.652891565907131
279,"s(lastRippleV1PRE_z):DOWN_no",7.50498731485731,0.0727619543021672,2.08612262980243,0.818237610544272
280,"s(lastRippleV1PRE_z):DOWN_no",6.22214674920849,0.0593067248256453,1.81059183367192,0.649750260859125
281,"s(lastRippleV1PRE_z):DOWN_no",6.72470681594108,0.0670371051894681,1.81067491125166,0.823103232620884
282,"s(lastRippleV1PRE_z):DOWN_no",6.62724677190517,0.0636051602461296,2.04306051326756,0.758428059738284
283,"s(lastRippleV1PRE_z):DOWN_no",6.80089606746738,0.0643879208031631,1.81915576251232,0.598110142823807
284,"s(lastRippleV1PRE_z):DOWN_no",6.10190339550444,0.059756976079999,1.78505812950346,0.571801209817825
285,"s(lastRippleV1PRE_z):DOWN_no",7.37670367507528,0.0694221355176034,2.1060850556712,0.648457349598187
286,"s(lastRippleV1PRE_z):DOWN_no",7.09294765072957,0.0718377109229023,1.79192770884347,0.593749260532191
287,"s(lastRippleV1PRE_z):DOWN_no",6.44404178334702,0.0610489013032948,1.88009816013867,0.66082879458659
288,"s(lastRippleV1PRE_z):DOWN_no",6.70007783584738,0.0607629411324622,2.05925471098894,0.632479611671876
289,"s(lastRippleV1PRE_z):DOWN_no",6.87237461615022,0.0638412978184061,1.92939329048496,0.61808939582298
290,"s(lastRippleV1PRE_z):DOWN_no",6.89892255580942,0.0652385333510044,1.99474005845144,0.70073729629171
291,"s(lastRippleV1PRE_z):DOWN_no",6.67393840860893,0.0700142858408262,2.26513152447732,0.667104300876864
292,"s(lastRippleV1PRE_z):DOWN_no",6.94046125490342,0.0676851637782192,1.86447539176573,0.60178193742029
293,"s(lastRippleV1PRE_z):DOWN_no",7.11550796652488,0.0634987670464579,2.14901586805494,0.65756515137333
294,"s(lastRippleV1PRE_z):DOWN_no",7.04169614567306,0.06845786750977,2.29234647948116,0.675987070293444
295,"s(lastRippleV1PRE_z):DOWN_no",6.67004472091709,0.0554625558617842,2.25336610888959,0.669188596453501
296,"s(lastRippleV1PRE_z):DOWN_no",6.83980394278735,0.0575023191779217,2.21075746820732,0.664148692757654
297,"s(lastRippleV1PRE_z):DOWN_no",5.86636994061734,0.0590438418658991,1.56763001463084,0.822382066009321
298,"s(lastRippleV1PRE_z):DOWN_no",6.48880466864464,0.0544167686512036,2.1295433073646,0.638373172890272
299,"s(lastRippleV1PRE_z):DOWN_no",6.35030326229413,0.0642819963491085,1.68883851312265,0.555963902820256
300,"s(lastRippleV1PRE_z):DOWN_no",7.03387733359168,0.0663761945777579,1.98805773186506,0.677312235039749
301,"s(lastRippleV1PRE_z):DOWN_no",6.55188415626266,0.0563387266249496,2.09773024087535,0.629151946544143
302,"s(lastRippleV1PRE_z):DOWN_no",7.38522188413631,0.0676752727937597,2.18867104187907,0.696735286961508
303,"s(lastRippleV1PRE_z):DOWN_no",6.74989618851283,0.0648026816223945,1.82604080513319,0.670164358644769
304,"s(lastRippleV1PRE_z):DOWN_no",6.80420098044905,0.0657314412141736,1.87432606361654,0.712302892940742
305,"s(lastRippleV1PRE_z):DOWN_no",6.07332978421524,0.0590131145883101,1.61841549080448,0.623289244635309
306,"s(lastRippleV1PRE_z):DOWN_no",7.2162439485532,0.0703021243593309,1.9816354241496,0.709698146258409
307,"s(lastRippleV1PRE_z):DOWN_no",6.88971122962438,0.0627067438295242,2.2262215194392,0.66435711780648
308,"s(lastRippleV1PRE_z):DOWN_no",6.41141424778765,0.0646061113597885,1.65030981097386,0.814130411863568
309,"s(lastRippleV1PRE_z):DOWN_no",7.04838152803388,0.0662460518928212,1.99938493342891,0.674633699225213
310,"s(lastRippleV1PRE_z):DOWN_no",7.10059044124559,0.0679002275158667,1.84261481101009,0.619104344647703
311,"s(lastRippleV1PRE_z):DOWN_no",6.52174082459159,0.06603190041442,1.72733793440668,0.570992764360929
312,"s(lastRippleV1PRE_z):DOWN_no",5.91370064243717,0.0193532137466653,2.15274922578856,0.634311274261922
313,"s(lastRippleV1PRE_z):DOWN_no",6.58429037789457,0.062945340441847,1.85115589003969,0.596915664917016
314,"s(lastRippleV1PRE_z):DOWN_no",6.85684912024493,0.0648960592707896,1.99919352800617,0.660206168775164
315,"s(lastRippleV1PRE_z):DOWN_no",7.17375914402109,0.0695409464571527,2.2928807781302,0.812398138643806
316,"s(lastRippleV1PRE_z):DOWN_no",6.89023530790596,0.0609235196467683,2.09271477606072,0.639754264165052
317,"s(lastRippleV1PRE_z):DOWN_no",6.83322864281259,0.0628404545210193,2.17083162903788,0.669230946870258
318,"s(lastRippleV1PRE_z):DOWN_no",6.44614511575411,0.0570662090686781,2.02778517014933,0.62129001648946
319,"s(lastRippleV1PRE_z):DOWN_no",7.05004812633717,0.0684729742230202,1.95249597048774,0.718199338941263
320,"s(lastRippleV1PRE_z):DOWN_no",7.18327085132017,0.0662506426934081,2.25876264956507,0.674192873922803
321,"s(lastRippleV1PRE_z):DOWN_no",7.59270301666755,0.072774803312848,2.1399772258192,0.73165588092304
322,"s(lastRippleV1PRE_z):DOWN_no",7.27443811010179,0.0744052889602672,2.00108883873919,0.629295022654184
323,"s(lastRippleV1PRE_z):DOWN_no",6.46113206999031,0.0671801562639287,2.16714805145133,0.638249551489763
324,"s(lastRippleV1PRE_z):DOWN_no",7.20586290209295,0.066717961905529,2.05596090251897,0.656653475136995
325,"s(lastRippleV1PRE_z):DOWN_no",6.6014345620603,0.0639930457489752,1.92869687591855,0.614471073981362
326,"s(lastRippleV1PRE_z):DOWN_no",6.58552720632058,0.0618520727300741,1.97870781551281,0.652331084424519
327,"s(lastRippleV1PRE_z):DOWN_no",6.36877950998717,0.0593636547249284,1.93412718618611,0.600423555451671
328,"s(lastRippleV1PRE_z):DOWN_no",7.08218446114473,0.0671685638317996,2.00846587403055,0.726696465648784
329,"s(lastRippleV1PRE_z):DOWN_no",6.80057825532614,0.0669009415394411,1.86478457039388,0.805955461776568
330,"s(lastRippleV1PRE_z):DOWN_no",7.20913308196304,0.0707353323917743,2.06139411696609,0.639778416492874
331,"s(lastRippleV1PRE_z):DOWN_no",7.21717530961451,0.0668860169245597,1.96560440210233,0.628986251786136
332,"s(lastRippleV1PRE_z):DOWN_no",6.77349120178093,0.061600160735757,2.17356387581517,0.674397375860584
333,"s(lastRippleV1PRE_z):DOWN_no",6.80052492081933,0.061051117211392,2.05843914299383,0.634002810267699
334,"s(lastRippleV1PRE_z):DOWN_no",6.91200986073786,0.0650487978052787,2.06664000765333,0.684224276559714
335,"s(lastRippleV1PRE_z):DOWN_no",6.22107988362122,0.0601400958626051,1.93107875681405,0.60838163198216
336,"s(lastRippleV1PRE_z):DOWN_no",6.75474022334175,0.0706371388894341,2.23202629202317,0.657360282234374
337,"s(lastRippleV1PRE_z):DOWN_no",6.90995415036588,0.0691414791318952,1.78256150526017,0.594793302732266
338,"s(lastRippleV1PRE_z):DOWN_no",7.20770719194414,0.064650923853458,2.15652890674561,0.684858427427708
339,"s(lastRippleV1PRE_z):DOWN_no",7.17509530414787,0.0728477606124585,1.99030086936843,0.660829364859502
340,"s(lastRippleV1PRE_z):DOWN_no",6.59167142936768,0.0626438050150256,1.78191080816917,0.603612991986504
341,"s(lastRippleV1PRE_z):DOWN_no",6.88692353466167,0.0612801325955575,2.09310158639617,0.64411524389516
342,"s(lastRippleV1PRE_z):DOWN_no",6.93316641590889,0.0673458309937982,2.00152564786902,0.627631364946093
343,"s(lastRippleV1PRE_z):DOWN_no",6.73002881866672,0.0669191538249972,1.80959194661255,0.867081802355138
344,"s(lastRippleV1PRE_z):DOWN_no",6.71577574495358,0.0660459172702073,1.91669412766841,0.788467709257974
345,"s(lastRippleV1PRE_z):DOWN_no",7.15050121012716,0.0671924368883541,1.96459705253021,0.646056764302374
346,"s(lastRippleV1PRE_z):DOWN_no",7.44031189418707,0.0677296543067979,2.25635464489784,0.704783840766616
347,"s(lastRippleV1PRE_z):DOWN_no",6.76418177680658,0.0593054937813707,2.13523868186571,0.65400429094362
348,"s(lastRippleV1PRE_z):DOWN_no",6.30123081418385,0.0577375508324542,1.87092888902753,0.601250908618791
349,"s(lastRippleV1PRE_z):DOWN_no",7.27036027440907,0.0707318652775544,2.063693163196,0.65248723984003
350,"s(lastRippleV1PRE_z):DOWN_no",6.71822857670613,0.0659915222833183,1.91177096939314,0.84865391963462
351,"s(lastRippleV1PRE_z):DOWN_no",7.53267633868952,0.0787524663121388,2.39824183368916,0.706337615125354
352,"s(lastRippleV1PRE_z):DOWN_no",7.01492766040173,0.0687558312296971,2.05427585019777,0.810200761608121
353,"s(lastRippleV1PRE_z):DOWN_no",6.90992479904411,0.067675672205745,1.94157672789205,0.776609355327189
354,"s(lastRippleV1PRE_z):DOWN_no",6.57320325263924,0.065692048836733,1.78538452048759,0.585308588327709
355,"s(lastRippleV1PRE_z):DOWN_no",6.85912619528033,0.0602421562075345,2.1112911240192,0.64490976231052
356,"s(lastRippleV1PRE_z):DOWN_no",6.7591456589941,0.0703934596017085,2.26158098610539,0.66619254722296
357,"s(lastRippleV1PRE_z):DOWN_no",6.71561830400711,0.0622801483712423,2.07329956422217,0.632814789195893
358,"s(lastRippleV1PRE_z):DOWN_no",7.03114044591575,0.0652487166614314,2.02362264768036,0.675618806266124
359,"s(lastRippleV1PRE_z):DOWN_no",7.06349742030767,0.0675920261087446,1.96754173528701,0.703964712761623
360,"s(lastRippleV1PRE_z):DOWN_no",5.96085826488466,0.0540076149217401,1.8834592390758,0.594457973760592
361,"s(lastRippleV1PRE_z):DOWN_no",7.69504351922656,0.0738501802123902,2.22092798557124,0.684582351740224
362,"s(lastRippleV1PRE_z):DOWN_no",7.03531147065222,0.0617608103225032,2.17724045599933,0.665682960885098
363,"s(lastRippleV1PRE_z):DOWN_no",6.65502479896222,0.0632544860186469,2.22115288589216,0.762643966732148
364,"s(lastRippleV1PRE_z):DOWN_no",6.27074036180523,0.0579034725580393,1.8479862348567,0.590786688510831
365,"s(lastRippleV1PRE_z):DOWN_no",7.23985023592196,0.0663449121875007,2.29997339537333,0.681880207258537
366,"s(lastRippleV1PRE_z):DOWN_no",6.6839784577348,0.0629439297271865,2.00913305868377,0.650733899267639
367,"s(lastRippleV1PRE_z):DOWN_no",6.72646110593038,0.065484142297082,1.87833663139468,0.62050429910385
368,"s(lastRippleV1PRE_z):DOWN_no",6.68305209799966,0.0661011566587131,1.80592360322192,0.594042653133848
369,"s(lastRippleV1PRE_z):DOWN_no",6.28051486575741,0.060589730683086,1.66040927802405,0.56344372806051
370,"s(lastRippleV1PRE_z):DOWN_no",6.43008181009646,0.0559405864330313,2.12082615325001,0.644517967251421
371,"s(lastRippleV1PRE_z):DOWN_no",6.90148609004716,0.0631264916388631,2.00383331277207,0.626149431458973
372,"s(lastRippleV1PRE_z):DOWN_no",5.93554378509768,0.0540568080432636,1.89088789083973,0.589588812395115
373,"s(lastRippleV1PRE_z):DOWN_no",6.57274048030835,0.06202531996395,2.03758813137756,0.627071875201166
374,"s(lastRippleV1PRE_z):DOWN_no",6.55188251357914,0.0628219821485176,1.7458557885516,0.635855155820787
375,"s(lastRippleV1PRE_z):DOWN_no",6.72647632527027,0.061315322318122,2.16714321372128,0.648812810682641
376,"s(lastRippleV1PRE_z):DOWN_no",6.76472245476319,0.0660824627692339,1.77503511761662,0.715131098993512
377,"s(lastRippleV1PRE_z):DOWN_no",6.27349773763353,0.0577861531568109,2.02278915388383,0.658483697758697
378,"s(lastRippleV1PRE_z):DOWN_no",6.56129322468568,0.0642938055554952,1.60323980085335,0.62440228197547
379,"s(lastRippleV1PRE_z):DOWN_no",7.22389251516338,0.0707344107330435,1.96340772774674,0.630531218394916
380,"s(lastRippleV1PRE_z):DOWN_no",6.47295765757903,0.057923941993939,2.08382077481484,0.654595700284726
381,"s(lastRippleV1PRE_z):DOWN_no",7.01048342139643,0.0731329739759376,2.27380847799581,0.670128320861515
382,"s(lastRippleV1PRE_z):DOWN_no",6.88784247516931,0.0681440314784454,2.24887453727747,0.846006812552793
383,"s(lastRippleV1PRE_z):DOWN_no",6.86921905371661,0.0627408194643714,2.12491833551903,0.655923868490095
384,"s(lastRippleV1PRE_z):DOWN_no",6.76701238619645,0.0669422306671975,1.86674016803005,0.785317266233477
385,"s(lastRippleV1PRE_z):DOWN_no",5.79472505329025,0.0542243730564505,1.67808065624549,0.543192345046261
386,"s(lastRippleV1PRE_z):DOWN_no",6.60983992949112,0.0613040990996027,1.99650188378422,0.666982742879165
387,"s(lastRippleV1PRE_z):DOWN_no",7.01060337456513,0.0675661864383783,1.96890873486849,0.736195258581634
388,"s(lastRippleV1PRE_z):DOWN_no",6.85075506826638,0.0629021993560619,2.01207256894913,0.666463118315857
389,"s(lastRippleV1PRE_z):DOWN_no",6.82508309367921,0.062541642396848,2.1176720787292,0.643845222750687
390,"s(lastRippleV1PRE_z):DOWN_no",6.69211900616639,0.0624849042927588,1.97207260936414,0.686506298801472
391,"s(lastRippleV1PRE_z):DOWN_no",6.40496711756498,0.0642476760776838,1.68271555607724,0.564397009992852
392,"s(lastRippleV1PRE_z):DOWN_no",6.73155634305857,0.0622854413049883,1.93039894286349,0.609746789006924
393,"s(lastRippleV1PRE_z):DOWN_no",7.28907665680176,0.0692856914358922,2.08914464960753,0.717985554238857
394,"s(lastRippleV1PRE_z):DOWN_no",6.79842839654415,0.0629679163209799,2.10905284451719,0.642057343249262
395,"s(lastRippleV1PRE_z):DOWN_no",7.02111122729004,0.0673807654993423,1.92611301860797,0.614246739232129
396,"s(lastRippleV1PRE_z):DOWN_no",6.59590098176897,0.0653629621590324,1.79441827909621,0.801756362277092
397,"s(lastRippleV1PRE_z):DOWN_no",6.64606233090621,0.0654021432825413,1.68675808946228,0.660737784707114
398,"s(lastRippleV1PRE_z):DOWN_no",6.63256897746384,0.0637630607986432,1.91199558574628,0.7662608926871
399,"s(lastRippleV1PRE_z):DOWN_no",6.99487346056512,0.0639188047552573,2.0796841701497,0.654243915243647
400,"s(lastRippleV1PRE_z):DOWN_no",6.80660458253245,0.0568814997678096,2.20965017991859,0.661354942047101
401,"s(lastRippleV1PRE_z):DOWN_no",6.66655377161221,0.0640570592380955,1.66267260352301,0.565617776038615
402,"s(lastRippleV1PRE_z):DOWN_no",7.79118604088192,0.0801428278790628,1.9681393962987,0.634039826075854
403,"s(lastRippleV1PRE_z):DOWN_no",6.35973381895759,0.0595022796946367,2.03095208893919,0.632991151797384
404,"s(lastRippleV1PRE_z):DOWN_no",6.99101365592417,0.0661679109726238,2.02769142064828,0.681651670840699
405,"s(lastRippleV1PRE_z):DOWN_no",6.78306745306885,0.0663050753117883,1.79917498891834,0.73124568860292
406,"s(lastRippleV1PRE_z):DOWN_no",6.72538556991737,0.0608684231001852,2.0352216278593,0.638778703024187
407,"s(lastRippleV1PRE_z):DOWN_no",6.56978716547737,0.0614984959117595,1.98606016298521,0.655716395916226
408,"s(lastRippleV1PRE_z):DOWN_no",7.16219790910502,0.0699815807527692,2.02360261245355,0.787376089426597
409,"s(lastRippleV1PRE_z):DOWN_no",7.48608915926244,0.0747995231214375,1.96327709914831,0.890913340570254
410,"s(lastRippleV1PRE_z):DOWN_no",6.27239748888193,0.0561169574034888,1.93214439565791,0.597183307222588
411,"s(lastRippleV1PRE_z):DOWN_no",6.98442257977177,0.063956328881346,2.22070824582818,0.659373619810551
412,"s(lastRippleV1PRE_z):DOWN_no",7.06908456900638,0.0593572622234465,2.24620890465914,0.671584190559128
413,"s(lastRippleV1PRE_z):DOWN_no",7.45446507877854,0.0733413605792317,1.97614722572651,0.636767637504267
414,"s(lastRippleV1PRE_z):DOWN_no",6.48263094531311,0.0593438211201373,2.11691162018635,0.728262174796134
415,"s(lastRippleV1PRE_z):DOWN_no",6.7746478138156,0.0662884581726111,2.06318267838902,0.816203254036325
416,"s(lastRippleV1PRE_z):DOWN_no",6.94288424818805,0.0642332804799869,1.96666902780096,0.640469618048121
417,"s(lastRippleV1PRE_z):DOWN_no",7.17322982518752,0.0598656661757567,2.27501459490942,0.674721560283382
418,"s(lastRippleV1PRE_z):DOWN_no",7.42414568986439,0.0685908359391191,2.09610121113858,0.648380290556535
419,"s(lastRippleV1PRE_z):DOWN_no",6.853014115959,0.0689907582000471,2.17006391094705,0.663188659816094
420,"s(lastRippleV1PRE_z):DOWN_no",6.89930571117694,0.0654349497836491,1.82355372270678,0.612601175155115
421,"s(lastRippleV1PRE_z):DOWN_no",7.84821656695334,0.0713093588797809,2.40642984661938,0.709235753925029
422,"s(lastRippleV1PRE_z):DOWN_no",6.65006370832013,0.0633832962740458,2.06809655383537,0.637916461739249
423,"s(lastRippleV1PRE_z):DOWN_no",6.872836546902,0.0637957508846759,1.93903970233525,0.635082556508621
424,"s(lastRippleV1PRE_z):DOWN_no",7.05142234167422,0.0630657185098969,2.08513183338855,0.640730431530577
425,"s(lastRippleV1PRE_z):DOWN_no",6.66871305666252,0.0622083629660597,1.84385546049461,0.594305710315153
426,"s(lastRippleV1PRE_z):DOWN_no",7.18504902989795,0.0671240006996951,2.07249891084367,0.688812527484341
427,"s(lastRippleV1PRE_z):DOWN_no",6.48843321609232,0.0620163767955347,1.90102184996164,0.670057791768379
428,"s(lastRippleV1PRE_z):DOWN_no",6.76450239610141,0.0592892888655503,2.18556038902961,0.663066602218523
429,"s(lastRippleV1PRE_z):DOWN_no",7.1048191069492,0.0680747906889447,1.95995252512295,0.638109510051402
430,"s(lastRippleV1PRE_z):DOWN_no",6.00697120981515,0.0585553071468666,1.77982394247281,0.731032743101526
431,"s(lastRippleV1PRE_z):DOWN_no",7.48791675903714,0.0746827155915185,1.87430514461111,0.624335449403872
432,"s(lastRippleV1PRE_z):DOWN_no",6.79616286532626,0.0708548142407411,2.25130221495812,0.663042454199334
433,"s(lastRippleV1PRE_z):DOWN_no",6.36721324353622,0.0622398672935285,1.77349772981527,0.615625592654167
434,"s(lastRippleV1PRE_z):DOWN_no",6.80359522041106,0.0618512605011962,2.23213026762631,0.666000638853523
435,"s(lastRippleV1PRE_z):DOWN_no",6.81365258533246,0.0648389615316861,1.99098387672304,0.704749549325315
436,"s(lastRippleV1PRE_z):DOWN_no",7.33431705045363,0.0715553612669265,1.80055048022319,0.733123013488814
437,"s(lastRippleV1PRE_z):DOWN_no",6.27428429308532,0.0616063101718192,1.68407995215339,0.679184249333262
438,"s(lastRippleV1PRE_z):DOWN_no",7.51463036665275,0.0733167601759152,2.10294262561254,0.664248194496674
439,"s(lastRippleV1PRE_z):DOWN_no",7.00421766437947,0.0576264706303034,2.26119331127617,0.672237511161943
440,"s(lastRippleV1PRE_z):DOWN_no",7.20382361059881,0.0688139005718711,2.17418766818967,0.751543815376412
441,"s(lastRippleV1PRE_z):DOWN_no",7.02446334086465,0.0682492312745497,2.02453420096266,0.712456471220397
442,"s(lastRippleV1PRE_z):DOWN_no",7.21639515558714,0.0722568676680254,1.94686327069637,0.625989637336115
443,"s(lastRippleV1PRE_z):DOWN_no",6.79379200478176,0.0628660554686098,1.99175247616709,0.63893171422485
444,"s(lastRippleV1PRE_z):DOWN_no",5.98872108443951,0.0551728923074616,1.825909807144,0.586711446193658
445,"s(lastRippleV1PRE_z):DOWN_no",6.7413629265273,0.0595656440029144,2.08838485335748,0.636818730294908
446,"s(lastRippleV1PRE_z):DOWN_no",6.90484543931861,0.0653316845164714,1.82725749645597,0.595897039881782
447,"s(lastRippleV1PRE_z):DOWN_no",7.05915641749261,0.0642950979088024,2.08270485873239,0.646864906774016
448,"s(lastRippleV1PRE_z):DOWN_no",6.98718966399322,0.068897222614194,1.95831223042085,0.828622524908436
449,"s(lastRippleV1PRE_z):DOWN_no",6.94350738233679,0.0677154128816942,2.12714471940568,0.650701846053063
450,"s(lastRippleV1PRE_z):DOWN_no",7.18786642797721,0.0643098893427667,2.10024733602815,0.653056820892795
451,"s(lastRippleV1PRE_z):DOWN_no",6.51031239521679,0.0622624889496624,1.97470612386809,0.648784675866912
452,"s(lastRippleV1PRE_z):DOWN_no",6.88686691582846,0.0606001501449124,2.13799393410751,0.64702068206932
453,"s(lastRippleV1PRE_z):DOWN_no",6.38928984232315,0.0599228850154015,1.78691724103998,0.590458806269069
454,"s(lastRippleV1PRE_z):DOWN_no",7.91235513013729,0.0659059914330235,2.37979122748801,0.704881672694498
455,"s(lastRippleV1PRE_z):DOWN_no",6.43888445159881,0.062383280844872,1.79336522312457,0.584120418829711
456,"s(lastRippleV1PRE_z):DOWN_no",7.44982602204039,0.0743443700174512,1.96758185323674,0.860286397137596
457,"s(lastRippleV1PRE_z):DOWN_no",6.75626842652376,0.0635244630128795,1.85594882381255,0.600506511360362
458,"s(lastRippleV1PRE_z):DOWN_no",7.6533185101993,0.0776131036275557,1.95804657265843,0.641159420879299
459,"s(lastRippleV1PRE_z):DOWN_no",7.52928337642587,0.0704505739765478,2.2937009575789,0.787145792895687
460,"s(lastRippleV1PRE_z):DOWN_no",6.4534327349193,0.0618025712880784,1.83449530845732,0.584081265050592
461,"s(lastRippleV1PRE_z):DOWN_no",6.74438593042907,0.0636096242258182,1.88446467879162,0.633324651191066
462,"s(lastRippleV1PRE_z):DOWN_no",7.14105327468005,0.0747943961979528,2.29324446350849,0.675443225320887
463,"s(lastRippleV1PRE_z):DOWN_no",6.61015231714901,0.0640172030439752,2.04257937660449,0.697752544376358
464,"s(lastRippleV1PRE_z):DOWN_no",6.8910631889319,0.057478515230118,2.2620792950873,0.673036868736758
465,"s(lastRippleV1PRE_z):DOWN_no",6.95889205342287,0.0642617586767401,1.98956430591915,0.624859754287537
466,"s(lastRippleV1PRE_z):DOWN_no",7.08152046954746,0.0694292061625435,2.2859501064852,0.673393922612795
467,"s(lastRippleV1PRE_z):DOWN_no",6.48758597768876,0.0633031864085239,1.87339348181373,0.70735851447675
468,"s(lastRippleV1PRE_z):DOWN_no",7.45220633060926,0.070635275153766,1.96289563570034,0.678710008884861
469,"s(lastRippleV1PRE_z):DOWN_no",7.00416829580747,0.0643465739089782,2.06176687594571,0.676380965127694
470,"s(lastRippleV1PRE_z):DOWN_no",7.72686686440908,0.0685111217590049,2.2671094384474,0.690773299810364
471,"s(lastRippleV1PRE_z):DOWN_no",6.9116596257279,0.0641564241996576,2.00097508723994,0.652972545354479
472,"s(lastRippleV1PRE_z):DOWN_no",7.29677441577103,0.0757141871572661,2.35165839838192,0.692599512392953
473,"s(lastRippleV1PRE_z):DOWN_no",7.05794015800235,0.0736797705524211,2.26960690051122,0.668445849974053
474,"s(lastRippleV1PRE_z):DOWN_no",6.68734002504686,0.0629913214880074,1.9825644721366,0.619609231092909
475,"s(lastRippleV1PRE_z):DOWN_no",6.22407867074338,0.055641710417789,2.01928079597138,0.641655941025989
476,"s(lastRippleV1PRE_z):DOWN_no",6.56479430606121,0.0605206982353488,1.99053383485741,0.659541629081279
477,"s(lastRippleV1PRE_z):DOWN_no",6.78218809778828,0.0609638519777032,2.09016261885978,0.669198499184694
478,"s(lastRippleV1PRE_z):DOWN_no",6.41436175007274,0.0634180565245369,1.58088076354034,0.60107405151767
479,"s(lastRippleV1PRE_z):DOWN_no",6.39017935824854,0.062460893813653,1.66746646933807,0.645787677631662
480,"s(lastRippleV1PRE_z):DOWN_no",7.16597551153779,0.068786031984818,2.02570073392833,0.638229808733997
481,"s(lastRippleV1PRE_z):DOWN_no",6.95074295528597,0.0725355449670012,2.29422136180674,0.676428010993782
482,"s(lastRippleV1PRE_z):DOWN_no",7.13490183986496,0.0697792618191226,2.0053642057901,0.63548116128547
483,"s(lastRippleV1PRE_z):DOWN_no",6.25163662817689,0.0625062926885333,1.67230488256118,0.74437704912434
484,"s(lastRippleV1PRE_z):DOWN_no",6.27781439954368,0.0605214944973956,1.79660902980086,0.671258245995829
485,"s(lastRippleV1PRE_z):DOWN_no",6.98928460209272,0.0668719989087568,1.77769380657083,0.607745758425246
486,"s(lastRippleV1PRE_z):DOWN_no",6.20160022633642,0.0602702562482911,1.56424326476554,0.612722675539573
487,"s(lastRippleV1PRE_z):DOWN_no",6.54819102680945,0.064474553704119,1.73404048533635,0.572898722745846
488,"s(lastRippleV1PRE_z):DOWN_no",6.83838716111904,0.0668951273867478,1.81345201987332,0.597191692184037
489,"s(lastRippleV1PRE_z):DOWN_no",6.75692171604468,0.0659133555935155,2.060294007737,0.777184190313028
490,"s(lastRippleV1PRE_z):DOWN_no",6.41929808807753,0.0618353629252868,2.128701834284,0.788462926475552
491,"s(lastRippleV1PRE_z):DOWN_no",6.38148744203486,0.0609115685175136,1.75753846754808,0.58844242488523
492,"s(lastRippleV1PRE_z):DOWN_no",6.80731862193233,0.0598169890104696,2.12331212690364,0.649982398972558
493,"s(lastRippleV1PRE_z):DOWN_no",6.57876757926938,0.0639073254046878,1.75635525523542,0.671997609859406
494,"s(lastRippleV1PRE_z):DOWN_no",6.29047815608294,0.0579860683456584,1.82389294881739,0.578972817937038
495,"s(lastRippleV1PRE_z):DOWN_no",6.794545054266,0.0673037257706599,1.80304351529052,0.597625483769598
496,"s(lastRippleV1PRE_z):DOWN_no",7.39802276925927,0.0679753086637081,2.20158343370056,0.667351134207247
497,"s(lastRippleV1PRE_z):DOWN_no",7.52220859181819,0.0746751716093105,2.03067437558747,0.650304805723411
498,"s(lastRippleV1PRE_z):DOWN_no",6.53521623505537,0.0642134155508295,1.73533182514948,0.646909453690249
499,"s(lastRippleV1PRE_z):DOWN_no",7.40281400797433,0.0773567512889701,2.36005122611022,0.695136769859873
500,"s(lastRippleV1PRE_z):DOWN_no",6.46988296831381,0.0593927327795059,2.1034147982374,0.632390193405752
501,"s(lastRippleV1PRE_z):DOWN_no",6.61248859192179,0.058908151157265,2.11636947991013,0.667606786133316
502,"s(lastRippleV1PRE_z):DOWN_no",7.16420988755934,0.0698934408237266,1.80386292411121,0.620848107279709
503,"s(lastRippleV1PRE_z):DOWN_no",7.04636729008642,0.0671294763670749,2.02599382946608,0.722875660291331
504,"s(lastRippleV1PRE_z):DOWN_no",7.49019014467647,0.0720167086821156,1.85438495716057,0.648251755125576
505,"s(lastRippleV1PRE_z):DOWN_no",6.73504426356092,0.0660977292452824,1.86125956967384,0.756606017279395
506,"s(lastRippleV1PRE_z):DOWN_no",6.6903348415377,0.069826841502482,2.22630504107744,0.655901902744595
507,"s(lastRippleV1PRE_z):DOWN_no",7.24665898839795,0.0724586167830602,1.88971557899222,0.613419249512928
508,"s(lastRippleV1PRE_z):DOWN_no",7.4722611373175,0.0713198476225274,2.05393760404642,0.733285192059715
509,"s(lastRippleV1PRE_z):DOWN_no",7.36863133615104,0.0701332283748689,2.19501802079458,0.676651418643271
510,"s(lastRippleV1PRE_z):DOWN_no",6.66737351758776,0.06391195174219,1.80917202465944,0.642475838605481
511,"s(lastRippleV1PRE_z):DOWN_no",6.61368575672755,0.0620130070094928,1.90817582350285,0.634495003746056
512,"s(lastRippleV1PRE_z):DOWN_no",6.4227093203866,0.0632992516155902,1.55491773420073,0.61615962970072
513,"s(lastRippleV1PRE_z):DOWN_no",6.57893479790637,0.0622185220663143,1.84567074835224,0.603623014235756
514,"s(lastRippleV1PRE_z):DOWN_no",7.0250373932692,0.066314298847128,2.00782170387304,0.627348169015542
515,"s(lastRippleV1PRE_z):DOWN_no",7.34541019574088,0.0731773909128643,2.06151880979262,0.940236260924432
516,"s(lastRippleV1PRE_z):DOWN_no",7.46767189301513,0.070132750973508,2.15832315601352,0.742498778396969
517,"s(lastRippleV1PRE_z):DOWN_no",6.56497399470007,0.0682342098187263,2.2014277696289,0.648556257883188
518,"s(lastRippleV1PRE_z):DOWN_no",6.70725613104562,0.0631434416764808,2.00552097920714,0.625588786970987
519,"s(lastRippleV1PRE_z):DOWN_no",6.58814295214624,0.0619217877414689,1.99171061884232,0.621099608646998
520,"s(lastRippleV1PRE_z):DOWN_no",6.75796408050244,0.0645023400398211,2.04089607832085,0.70810338130958
521,"s(lastRippleV1PRE_z):DOWN_no",6.41060603313775,0.0600410534342095,1.93159318623853,0.603846953694983
522,"s(lastRippleV1PRE_z):DOWN_no",6.14078470124695,0.060135053666475,1.57633419219218,0.57829658495608
523,"s(lastRippleV1PRE_z):DOWN_no",6.37171892709034,0.062492088625344,1.78985206389715,0.740599749808541
524,"s(lastRippleV1PRE_z):DOWN_no",6.65450355240545,0.0630974383797874,2.15557630727574,0.766653735740019
525,"s(lastRippleV1PRE_z):DOWN_no",7.11634026147802,0.0680333658277195,2.22720864662047,0.668022739700394
526,"s(lastRippleV1PRE_z):DOWN_no",7.30295858520765,0.0635676395031438,2.22207412265585,0.669067355192178
527,"s(lastRippleV1PRE_z):DOWN_no",7.40845214942581,0.0727716576592278,1.93052615796759,0.632805536536795
528,"s(lastRippleV1PRE_z):DOWN_no",6.77044555632343,0.0599569970133264,2.09829845067586,0.649404038008155
529,"s(lastRippleV1PRE_z):DOWN_no",6.92859214155444,0.0662553251171306,1.93550563740878,0.706083609587274
530,"s(lastRippleV1PRE_z):DOWN_no",6.98735858308509,0.0651638168289267,2.21605608507873,0.670432542243875
531,"s(lastRippleV1PRE_z):DOWN_no",6.37824268830458,0.0589786456146643,2.03550468897577,0.62587516950598
532,"s(lastRippleV1PRE_z):DOWN_no",6.57665040800346,0.0604050983563295,2.12771383185623,0.640089959022123
533,"s(lastRippleV1PRE_z):DOWN_no",6.51093016033174,0.0637742408584575,1.74831845939322,0.623914601677707
534,"s(lastRippleV1PRE_z):DOWN_no",7.12627945676117,0.0670759868905203,1.96038515999295,0.661833409520153
535,"s(lastRippleV1PRE_z):DOWN_no",7.2557349857459,0.0705462422368327,1.88427364527967,0.694706947200759
536,"s(lastRippleV1PRE_z):DOWN_no",7.00771567360261,0.0714861109938635,1.68444538870453,0.564191339683525
537,"s(lastRippleV1PRE_z):DOWN_no",7.68665037829246,0.0696223352381564,2.35004833152185,0.71102502349617
538,"s(lastRippleV1PRE_z):DOWN_no",6.89999988008721,0.0679603691809528,1.78977445964537,0.597898710841086
539,"s(lastRippleV1PRE_z):DOWN_no",6.69454445502998,0.0659285177668172,1.76160763087122,0.588440533212397
540,"s(lastRippleV1PRE_z):DOWN_no",6.64222922047122,0.0640883571399933,1.95760907773886,0.679713982756587
541,"s(lastRippleV1PRE_z):DOWN_no",6.92396148051073,0.0678153605008332,1.82610090014857,0.595062830485532
542,"s(lastRippleV1PRE_z):DOWN_no",6.89166658020523,0.0693905947741012,1.85841039689632,0.608169097917191
543,"s(lastRippleV1PRE_z):DOWN_no",6.73301107121102,0.0626581852608465,2.04069147115315,0.623766427746808
544,"s(lastRippleV1PRE_z):DOWN_no",6.98544803863766,0.0695011681607387,1.9131183128371,0.618166915865221
545,"s(lastRippleV1PRE_z):DOWN_no",6.92548945654464,0.0618933910109465,2.2375890503887,0.704212033589458
546,"s(lastRippleV1PRE_z):DOWN_no",6.26514410989595,0.0574546350058727,1.8889060074763,0.609607406069481
547,"s(lastRippleV1PRE_z):DOWN_no",7.39374294657876,0.0705551528763815,2.02361031673921,0.690931858108036
548,"s(lastRippleV1PRE_z):DOWN_no",7.1908125749244,0.0727900660126232,1.967211432818,0.624331698375183
549,"s(lastRippleV1PRE_z):DOWN_no",6.86636865466347,0.0646644617792662,1.91081741636889,0.625627166543403
550,"s(lastRippleV1PRE_z):DOWN_no",6.58993763890653,0.0599148919197094,1.96349927132074,0.612924717276639
551,"s(lastRippleV1PRE_z):DOWN_no",6.58825379873261,0.0654758071139505,1.64761263746453,0.563351589650213
552,"s(lastRippleV1PRE_z):DOWN_no",7.0165742807226,0.0662274638078838,1.91485081649744,0.644211675868638
553,"s(lastRippleV1PRE_z):DOWN_no",7.29478037023167,0.0716611251394057,1.83220872910873,0.60490634642891
554,"s(lastRippleV1PRE_z):DOWN_no",7.36275937542564,0.0720243615887183,1.91257027740647,0.776901719661115
555,"s(lastRippleV1PRE_z):DOWN_no",6.63271032593066,0.0634935577307389,1.72743457831938,0.589172198991174
556,"s(lastRippleV1PRE_z):DOWN_no",7.45247009314243,0.0696110902712619,2.24485541346772,0.682884961956256
557,"s(lastRippleV1PRE_z):DOWN_no",7.18590012031639,0.054053139551031,2.27274305029962,0.67122471051163
558,"s(lastRippleV1PRE_z):DOWN_no",6.89874839919275,0.068427762793536,1.81393578718884,0.750905010708177
559,"s(lastRippleV1PRE_z):DOWN_no",6.29615105441096,0.0572646964268473,1.94147724145907,0.623324045380057
560,"s(lastRippleV1PRE_z):DOWN_no",6.52929887458965,0.0684512107568185,2.22210750828747,0.654474905022866
561,"s(lastRippleV1PRE_z):DOWN_no",7.48804294175953,0.0693819976383533,2.16944877031907,0.664271810556451
562,"s(lastRippleV1PRE_z):DOWN_no",7.0214065517905,0.0669889569461368,2.05069200715735,0.638389245991257
563,"s(lastRippleV1PRE_z):DOWN_no",7.32160022095837,0.0721295308132965,1.92922533957723,0.816723252653933
564,"s(lastRippleV1PRE_z):DOWN_no",6.15526937376911,0.0597202533178465,1.75361567116817,0.568268746776547
565,"s(lastRippleV1PRE_z):DOWN_no",6.13246482778695,0.0606683763921144,1.79530922760948,0.581949273859847
566,"s(lastRippleV1PRE_z):DOWN_no",6.62441823593657,0.0642983136589304,1.86216121308799,0.692641082996756
567,"s(lastRippleV1PRE_z):DOWN_no",6.88127138094752,0.0631272911429091,2.1108425683909,0.685894184225103
568,"s(lastRippleV1PRE_z):DOWN_no",7.41736919439859,0.0685754333174644,2.07643211830924,0.678017886459413
569,"s(lastRippleV1PRE_z):DOWN_no",6.78781852885849,0.064617642462399,1.90640430355793,0.622963012107638
570,"s(lastRippleV1PRE_z):DOWN_no",7.30813594895432,0.0624474713761089,2.27291135756146,0.682400489211874
571,"s(lastRippleV1PRE_z):DOWN_no",6.02207357463918,0.060527213815914,1.63735935472971,0.795642444510779
572,"s(lastRippleV1PRE_z):DOWN_no",7.00273276988442,0.0660857420937671,2.16897406225165,0.727371702978916
573,"s(lastRippleV1PRE_z):DOWN_no",6.70619687062258,0.0668601070947708,1.97716574929524,0.633934457663676
574,"s(lastRippleV1PRE_z):DOWN_no",7.38784570856325,0.0715230809419634,2.03497381595941,0.634036817154096
575,"s(lastRippleV1PRE_z):DOWN_no",6.16210757520092,0.0567338292109096,1.85641946949542,0.595475839911341
576,"s(lastRippleV1PRE_z):DOWN_no",6.99469868732099,0.0683543428224983,1.84272418365596,0.605466339411551
577,"s(lastRippleV1PRE_z):DOWN_no",6.79580135482138,0.0645396042263924,1.86366781260535,0.615477701645912
578,"s(lastRippleV1PRE_z):DOWN_no",6.50829107801103,0.0622343314878233,1.83117054431724,0.662681343694499
579,"s(lastRippleV1PRE_z):DOWN_no",6.78800029650592,0.0707208360355608,2.25044365662047,0.663258780897359
580,"s(lastRippleV1PRE_z):DOWN_no",6.55823291335051,0.0638961808708321,1.78806808772934,0.66729694888173
581,"s(lastRippleV1PRE_z):DOWN_no",7.10112924130964,0.0693159727600479,2.04752494535962,0.78730420953525
582,"s(lastRippleV1PRE_z):DOWN_no",6.85864757369029,0.061035452634662,2.08711046965495,0.650053964209808
583,"s(lastRippleV1PRE_z):DOWN_no",6.43331763036361,0.0599204891255975,1.96136722647832,0.644175354807921
584,"s(lastRippleV1PRE_z):DOWN_no",7.2222248527472,0.0684959093578462,2.11669766305758,0.651037436260104
585,"s(lastRippleV1PRE_z):DOWN_no",7.41229913998625,0.0575967360775012,2.35145380986051,0.694104252049732
586,"s(lastRippleV1PRE_z):DOWN_no",6.46948235797352,0.0675164638274801,2.22289658472843,0.6549588992924
587,"s(lastRippleV1PRE_z):DOWN_no",6.9479429394503,0.067167591771569,2.21240272018048,0.667772982841233
588,"s(lastRippleV1PRE_z):DOWN_no",6.93517780960788,0.0676912389309263,2.0383216896112,0.635433509981035
589,"s(lastRippleV1PRE_z):DOWN_no",7.84832438309113,0.0702544799620741,2.21861612419947,0.682911852503606
590,"s(lastRippleV1PRE_z):DOWN_no",7.15388374155702,0.0668317748240697,2.10612707980098,0.64741596388232
591,"s(lastRippleV1PRE_z):DOWN_no",6.81784854224024,0.0573649558566428,2.22262542277543,0.658400513846459
592,"s(lastRippleV1PRE_z):DOWN_no",7.34155445465635,0.0729340530312068,1.91193240594712,0.749708161291857
593,"s(lastRippleV1PRE_z):DOWN_no",7.81933804838999,0.0743183706487373,2.24399724330133,0.697831213526315
594,"s(lastRippleV1PRE_z):DOWN_no",6.90204347103968,0.0678680459460145,1.78487341027902,0.80371687256347
595,"s(lastRippleV1PRE_z):DOWN_no",7.19816134840116,0.0711021095640932,2.02396655308826,0.822054436490021
596,"s(lastRippleV1PRE_z):DOWN_no",7.05092161002771,0.0696957742005549,1.72316434834617,0.744104979985831
597,"s(lastRippleV1PRE_z):DOWN_no",7.09863984781639,0.0592850163833832,2.24878195137146,0.668930529644309
598,"s(lastRippleV1PRE_z):DOWN_no",6.99798378429545,0.0670281510390445,1.70388064723982,0.578258461119367
599,"s(lastRippleV1PRE_z):DOWN_no",6.71807135246016,0.0635289037516335,2.03287319206096,0.69977282352501
600,"s(lastRippleV1PRE_z):DOWN_no",6.14050450215991,0.060335512276572,1.80493612547769,0.799668175736606
601,"s(lastRippleV1PRE_z):DOWN_no",6.93299722301906,0.0663960393663227,1.9789218171009,0.627294651439591
602,"s(lastRippleV1PRE_z):DOWN_no",6.64457172183085,0.0650959301407283,1.74195891723447,0.639271760666055
603,"s(lastRippleV1PRE_z):DOWN_no",6.7061042488524,0.0610514068156826,2.03363992268709,0.648974745062415
604,"s(lastRippleV1PRE_z):DOWN_no",7.30778028806877,0.0761478499118877,2.33209990017407,0.686853467835363
605,"s(lastRippleV1PRE_z):DOWN_no",6.23386511172572,0.0611624831435622,1.68296703877405,0.562644666753289
606,"s(lastRippleV1PRE_z):DOWN_no",6.91209730767844,0.0646562799261338,1.90186013030283,0.622290021671826
607,"s(lastRippleV1PRE_z):DOWN_no",6.65767302639296,0.0626470338388649,1.96952835827235,0.620034219679414
608,"s(lastRippleV1PRE_z):DOWN_no",6.37000561578927,0.0670086339340955,2.20056487068352,0.648207613491807
609,"s(lastRippleV1PRE_z):DOWN_no",7.48504313607445,0.0739278902664245,2.05312533288291,0.650511793550018
610,"s(lastRippleV1PRE_z):DOWN_no",7.00004051425945,0.0664682964231018,1.83225923416288,0.608433983351686
611,"s(lastRippleV1PRE_z):DOWN_no",7.00966272936298,0.0646018512361538,2.02840591413105,0.65692246252775
612,"s(lastRippleV1PRE_z):DOWN_no",6.65818332060233,0.0697881459798367,2.22802018442883,0.656697198376981
613,"s(lastRippleV1PRE_z):DOWN_no",7.1893928936032,0.0693643179022663,1.89485035249069,0.69204670250675
614,"s(lastRippleV1PRE_z):DOWN_no",6.89655439159722,0.0581693426920366,2.27019115467132,0.672265220820741
615,"s(lastRippleV1PRE_z):DOWN_no",6.60475293699841,0.0623668777934222,1.86161817397239,0.612408935558274
616,"s(lastRippleV1PRE_z):DOWN_no",6.82022824171495,0.0690186335953553,2.04752418760886,0.65013472448387
617,"s(lastRippleV1PRE_z):DOWN_no",7.99877788413018,0.0801200503324725,2.08825091116816,0.943636003038167
618,"s(lastRippleV1PRE_z):DOWN_no",6.49220868483986,0.063457098236841,1.82341406564093,0.70621050843855
619,"s(lastRippleV1PRE_z):DOWN_no",6.63917244526017,0.0655995418212571,1.69399640001875,0.741600629113724
620,"s(lastRippleV1PRE_z):DOWN_no",6.26102544382151,0.0608272393876017,1.56585028863791,0.560904323488834
621,"s(lastRippleV1PRE_z):DOWN_no",6.89450294024876,0.0684419602248966,1.62138072731912,0.564706371030194
622,"s(lastRippleV1PRE_z):DOWN_no",6.97721520235054,0.0658351302183205,1.83882222091047,0.618843625115242
623,"s(lastRippleV1PRE_z):DOWN_no",7.4195018087729,0.067888231768478,2.36796895480955,0.696045789396258
624,"s(lastRippleV1PRE_z):DOWN_no",7.09731861261666,0.0662178685041726,2.12105599770034,0.701498110571378
625,"s(lastRippleV1PRE_z):DOWN_no",7.12565364798926,0.066644601171069,2.13458305237613,0.76590901208737
626,"s(lastRippleV1PRE_z):DOWN_no",6.69763841393703,0.0701055640489423,2.24834081409616,0.672342338072983
627,"s(lastRippleV1PRE_z):DOWN_no",7.24315121447365,0.0724370816138517,2.14016829401745,0.659805955977232
628,"s(lastRippleV1PRE_z):DOWN_no",6.46135644225966,0.0636283113087385,1.92793341845139,0.602973521656035
629,"s(lastRippleV1PRE_z):DOWN_no",6.99561198071319,0.0646016080668559,1.96027762233159,0.632667018524643
630,"s(lastRippleV1PRE_z):DOWN_no",6.94100534480945,0.0680491445818298,1.98459067721041,0.636156504501398
631,"s(lastRippleV1PRE_z):DOWN_no",6.8794443829776,0.0676907617929319,1.88734159122225,0.803371416996446
632,"s(lastRippleV1PRE_z):DOWN_no",6.49381497704026,0.0624577472976146,1.85424403668063,0.606332021257483
633,"s(lastRippleV1PRE_z):DOWN_no",6.92575808973097,0.0635826885835956,1.98293185719311,0.63820948759676
634,"s(lastRippleV1PRE_z):DOWN_no",6.87134908285524,0.0630890612357808,2.03494736461274,0.65974357490957
635,"s(lastRippleV1PRE_z):DOWN_no",6.97844993302112,0.0620129886617768,2.15180415768608,0.66634921311735
636,"s(lastRippleV1PRE_z):DOWN_no",7.33818553480174,0.0650285420575432,2.23294802112799,0.694821605784558
637,"s(lastRippleV1PRE_z):DOWN_no",6.34130445042898,0.0614160163791979,1.64920391446838,0.606438186597907
638,"s(lastRippleV1PRE_z):DOWN_no",6.57938201084466,0.06865867512196,2.21626122901765,0.652710617816028
639,"s(lastRippleV1PRE_z):DOWN_no",7.39615701731479,0.0679328993853243,2.27095486266536,0.729792574838097
640,"s(lastRippleV1PRE_z):DOWN_no",6.78250158947257,0.0663517407381836,1.83781766464721,0.723128909441056
641,"s(lastRippleV1PRE_z):DOWN_no",6.81314059244009,0.0596651454597404,2.13802787428133,0.657942729982892
642,"s(lastRippleV1PRE_z):DOWN_no",6.50750654039019,0.0632852462893522,1.78443213731858,0.587455687183814
643,"s(lastRippleV1PRE_z):DOWN_no",7.13528490461864,0.0656125878557853,2.16738447475817,0.656645051850261
644,"s(lastRippleV1PRE_z):DOWN_no",6.95817826589818,0.065427850341596,1.94777581983103,0.65638848170211
645,"s(lastRippleV1PRE_z):DOWN_no",6.58697417499063,0.0609901276761337,2.14077473445968,0.70379382428291
646,"s(lastRippleV1PRE_z):DOWN_no",6.87464973565072,0.0625769875265775,2.29350022104987,0.676932017255111
647,"s(lastRippleV1PRE_z):DOWN_no",6.34540022046012,0.061022242380345,1.83983157376481,0.689687364940434
648,"s(lastRippleV1PRE_z):DOWN_no",7.58221022081616,0.0792950618562159,2.38970930573169,0.703838474041514
649,"s(lastRippleV1PRE_z):DOWN_no",6.73774462126856,0.0614007523228792,2.0261997483298,0.64218410945562
650,"s(lastRippleV1PRE_z):DOWN_no",7.68749952730272,0.0774632012270385,2.23752297868792,1.0893720276202
651,"s(lastRippleV1PRE_z):DOWN_no",7.08530582576749,0.0714456571440691,2.15822050483538,0.674122111737401
652,"s(lastRippleV1PRE_z):DOWN_no",6.69986876445147,0.0622789646653679,1.99868185840433,0.66782667490333
653,"s(lastRippleV1PRE_z):DOWN_no",6.86341325942812,0.065984200760751,1.71078072288886,0.606255436818664
654,"s(lastRippleV1PRE_z):DOWN_no",6.67952303066978,0.0650863557709089,1.70767284954184,0.677148012940241
655,"s(lastRippleV1PRE_z):DOWN_no",6.80030342857475,0.0597508844527485,2.10611218090774,0.651162012930591
656,"s(lastRippleV1PRE_z):DOWN_no",6.36940676327301,0.059960791489107,1.85665685701496,0.649884682517554
657,"s(lastRippleV1PRE_z):DOWN_no",6.82562879387893,0.0650361903254251,1.95277106169079,0.770600222635949
658,"s(lastRippleV1PRE_z):DOWN_no",7.2054016288787,0.0682482593000169,1.90346570753743,0.634925497004557
659,"s(lastRippleV1PRE_z):DOWN_no",7.03810054897039,0.0690935781595635,1.96368900481264,0.780916277086326
660,"s(lastRippleV1PRE_z):DOWN_no",7.12862603417126,0.0705197113917581,2.04160071317689,0.670648586311346
661,"s(lastRippleV1PRE_z):DOWN_no",6.86481160902322,0.0686898967358765,1.82413215693675,0.859764773031847
662,"s(lastRippleV1PRE_z):DOWN_no",6.27357173628319,0.058689399273908,1.85183326382789,0.629276169218627
663,"s(lastRippleV1PRE_z):DOWN_no",6.63814457799392,0.063359954478465,1.80688649956999,0.628193982699837
664,"s(lastRippleV1PRE_z):DOWN_no",6.26151703409873,0.0604806551630531,1.7287996669049,0.672667376567778
665,"s(lastRippleV1PRE_z):DOWN_no",6.3299634240233,0.0619473914420128,1.85531442588853,0.597058358453988
666,"s(lastRippleV1PRE_z):DOWN_no",6.19643907786017,0.0614032369799682,1.87947872376896,0.810585700832554
667,"s(lastRippleV1PRE_z):DOWN_no",7.37107964601362,0.0642268549962198,2.30780241259431,0.687850624948223
668,"s(lastRippleV1PRE_z):DOWN_no",7.06017969992543,0.0737594902209829,2.33095688072977,0.68651475125055
669,"s(lastRippleV1PRE_z):DOWN_no",6.75007490023359,0.065720175426529,1.71984652675995,0.649533935885669
670,"s(lastRippleV1PRE_z):DOWN_no",6.16353386095586,0.0618778121174236,1.50689089979532,0.525984899103597
671,"s(lastRippleV1PRE_z):DOWN_no",6.41048532635753,0.0642766136816654,1.79094305183218,0.583360637859638
672,"s(lastRippleV1PRE_z):DOWN_no",6.37634430454711,0.0609643622385171,1.84692330335439,0.588827711491489
673,"s(lastRippleV1PRE_z):DOWN_no",6.02243349026087,0.0495063549998792,2.07902410528422,0.620800934331699
674,"s(lastRippleV1PRE_z):DOWN_no",6.90162917985245,0.06708256543663,1.93981421536764,0.617350045335236
675,"s(lastRippleV1PRE_z):DOWN_no",6.7935676618571,0.0659145033669746,1.84602323229473,0.682776127759183
676,"s(lastRippleV1PRE_z):DOWN_no",6.22791518918938,0.0615100179835542,1.64528196496411,0.714552518187357
677,"s(lastRippleV1PRE_z):DOWN_no",7.02980200999559,0.0640528979275585,2.19730226265784,0.657682898236807
678,"s(lastRippleV1PRE_z):DOWN_no",6.82799961699635,0.062598052390841,2.11366672492912,0.641934951876163
679,"s(lastRippleV1PRE_z):DOWN_no",6.90593019052696,0.0658865087144406,1.93779548026258,0.612559310422598
680,"s(lastRippleV1PRE_z):DOWN_no",7.2137102837168,0.063697579485129,2.24664268159418,0.675740757708116
681,"s(lastRippleV1PRE_z):DOWN_no",6.95626881402063,0.0641126073352829,2.12129929515052,0.645958465321144
682,"s(lastRippleV1PRE_z):DOWN_no",6.64352116848305,0.0607413602361196,2.15059371871506,0.642699391940553
683,"s(lastRippleV1PRE_z):DOWN_no",6.4371397883121,0.0543864720096442,2.19983671785328,0.651863119272675
684,"s(lastRippleV1PRE_z):DOWN_no",7.95169231939357,0.0729671134345525,2.16711557386514,0.681760309125535
685,"s(lastRippleV1PRE_z):DOWN_no",6.6294366333627,0.0607819700510859,2.09151626593806,0.630682876196104
686,"s(lastRippleV1PRE_z):DOWN_no",6.95271521196737,0.0663837475016113,1.96296748892034,0.616288750536704
687,"s(lastRippleV1PRE_z):DOWN_no",7.14591525074124,0.074772312112217,2.31575110082925,0.68201512442491
688,"s(lastRippleV1PRE_z):DOWN_no",6.75189304948487,0.0587493680728284,2.17370894331598,0.662595451660705
689,"s(lastRippleV1PRE_z):DOWN_no",6.65433029028482,0.0664149619390083,1.83896465964647,0.595777877495712
690,"s(lastRippleV1PRE_z):DOWN_no",6.92623955740273,0.0669953907356253,1.88396609328802,0.698777380121676
691,"s(lastRippleV1PRE_z):DOWN_no",6.69793309710187,0.0649903499168607,1.78532438610132,0.712521887979154
692,"s(lastRippleV1PRE_z):DOWN_no",7.28964473680255,0.0727331971362679,1.92751262718977,0.627233970069438
693,"s(lastRippleV1PRE_z):DOWN_no",6.86184145976192,0.0661104098549073,1.86756323921295,0.676417592469086
694,"s(lastRippleV1PRE_z):DOWN_no",7.28024157776374,0.0676145627261329,2.1986029024918,0.714746103814422
695,"s(lastRippleV1PRE_z):DOWN_no",7.31562625505865,0.064036305607978,2.27284345362395,0.691450709587119
696,"s(lastRippleV1PRE_z):DOWN_no",6.44181596816901,0.0635809474386384,1.58640016503204,0.694546074369009
697,"s(lastRippleV1PRE_z):DOWN_no",7.31346301198043,0.0682525163993759,2.09229307462708,0.671351476342624
698,"s(lastRippleV1PRE_z):DOWN_no",6.51537658227114,0.0593840285141095,2.14957741661452,0.640795012995547
699,"s(lastRippleV1PRE_z):DOWN_no",7.49849841782556,0.0660161477198794,2.18847477357464,0.66397561855578
700,"s(lastRippleV1PRE_z):DOWN_no",6.10844420126355,0.05771901897998,1.69529836234195,0.581620645328354
701,"s(lastRippleV1PRE_z):DOWN_no",7.01630150851011,0.0661360963494055,1.91033939308724,0.647436748298355
702,"s(lastRippleV1PRE_z):DOWN_no",7.57624080027994,0.07142912195165,2.36270372967365,0.780454536536035
703,"s(lastRippleV1PRE_z):DOWN_no",7.22112859279413,0.0604058011183881,2.23576071042102,0.671288760034233
704,"s(lastRippleV1PRE_z):DOWN_no",7.11398485051294,0.0633098767339569,2.09010667464989,0.642644617338216
705,"s(lastRippleV1PRE_z):DOWN_no",7.05164992479843,0.0640065122563819,2.28534989017532,0.678008998978731
706,"s(lastRippleV1PRE_z):DOWN_no",7.09123444151135,0.0590177519407471,2.23828912230943,0.669630748008108
707,"s(lastRippleV1PRE_z):DOWN_no",7.03519050524968,0.066987477551619,1.83029768338764,0.602145489562907
708,"s(lastRippleV1PRE_z):DOWN_no",6.75695820581812,0.0645116764972211,1.88146336277877,0.698816359844586
709,"s(lastRippleV1PRE_z):DOWN_no",7.57300106994881,0.0729516895889282,2.03173239045278,0.648023056111006
710,"s(lastRippleV1PRE_z):DOWN_no",7.62359225524108,0.0699764450344621,2.19596172083565,0.718468055711278
711,"s(lastRippleV1PRE_z):DOWN_no",5.96658426578234,0.0571930662872291,1.78960561467197,0.673486170334886
712,"s(lastRippleV1PRE_z):DOWN_no",7.35608776037882,0.0633336941960087,2.34080870237497,0.691337202176399
713,"s(lastRippleV1PRE_z):DOWN_no",7.06467390314506,0.0694570157015633,2.07709640720833,0.646839786923898
714,"s(lastRippleV1PRE_z):DOWN_no",6.93824258584091,0.0699532947390646,1.92292805985027,0.616381166757078
715,"s(lastRippleV1PRE_z):DOWN_no",6.39150591876416,0.0633650743155229,1.84897017832582,0.600999517777905
716,"s(lastRippleV1PRE_z):DOWN_no",7.01263904856121,0.067164943916738,2.0069315684596,0.679394215311538
717,"s(lastRippleV1PRE_z):DOWN_no",6.63238120436162,0.0654407249732341,1.75197898275871,0.582354298683543
718,"s(lastRippleV1PRE_z):DOWN_no",7.17415281326811,0.0657735982618901,2.22115165664948,0.718464957083602
719,"s(lastRippleV1PRE_z):DOWN_no",6.36259248176755,0.0636966131435519,1.90013745848624,0.605688932245886
720,"s(lastRippleV1PRE_z):DOWN_no",6.69353981920301,0.0656914398886457,1.80334499782577,0.598096984452178
721,"s(lastRippleV1PRE_z):DOWN_no",6.87779136282656,0.065084772168031,2.05111412287947,0.666826775328009
722,"s(lastRippleV1PRE_z):DOWN_no",6.8224832055286,0.0598679040638341,2.14706927207031,0.653983874339237
723,"s(lastRippleV1PRE_z):DOWN_no",7.60411363745092,0.0669525701057689,2.40174202632674,0.717181622379794
724,"s(lastRippleV1PRE_z):DOWN_no",7.14582154925677,0.0647086577324729,2.29694418086462,0.68089708449972
725,"s(lastRippleV1PRE_z):DOWN_no",6.867039992625,0.069986742853194,1.99000488947408,0.62838720627813
726,"s(lastRippleV1PRE_z):DOWN_no",6.99045339864261,0.0684952047306373,1.94584509174838,0.6922669040184
727,"s(lastRippleV1PRE_z):DOWN_no",7.67528194407096,0.0777021001836697,2.06505717647971,0.658900374288112
728,"s(lastRippleV1PRE_z):DOWN_no",6.8991354228715,0.0573550760032826,2.26847673319529,0.671446972888562
729,"s(lastRippleV1PRE_z):DOWN_no",6.96119412862934,0.0632164910031399,2.23600408389215,0.668115399508986
730,"s(lastRippleV1PRE_z):DOWN_no",6.42145464328293,0.0652098058464555,1.75838147658613,0.577028341832187
731,"s(lastRippleV1PRE_z):DOWN_no",6.57157951117471,0.0546270574004527,2.20728650333832,0.656323763696983
732,"s(lastRippleV1PRE_z):DOWN_no",6.71152895398937,0.0585956733459898,2.21625849063501,0.673059274664079
733,"s(lastRippleV1PRE_z):DOWN_no",6.9452295661879,0.0646738868485188,2.19776463666112,0.662571701727855
734,"s(lastRippleV1PRE_z):DOWN_no",6.82041328717369,0.0639939388668836,1.99634007500342,0.666248700497634
735,"s(lastRippleV1PRE_z):DOWN_no",7.26298381276919,0.066536436092937,2.31397910279559,0.681796931418081
736,"s(lastRippleV1PRE_z):DOWN_no",6.72813459471207,0.0649975420274526,1.76176077038209,0.629525598734565
737,"s(lastRippleV1PRE_z):DOWN_no",6.89514433854286,0.0675261162102257,2.05429680073055,0.637499199845047
738,"s(lastRippleV1PRE_z):DOWN_no",6.76599612997764,0.0688811873979663,1.5450534313888,0.542155358577866
739,"s(lastRippleV1PRE_z):DOWN_no",7.01020963323104,0.073380173983433,2.2940509815747,0.689609877388095
740,"s(lastRippleV1PRE_z):DOWN_no",6.51989203205102,0.0627354937137184,1.85310272154078,0.693009044449178
741,"s(lastRippleV1PRE_z):DOWN_no",7.01838876701304,0.0670776420361801,1.92735647599047,0.616501266271291
742,"s(lastRippleV1PRE_z):DOWN_no",6.85852275137516,0.0650004070517004,2.12735859843118,0.75422401810256
743,"s(lastRippleV1PRE_z):DOWN_no",7.26401157043813,0.0653839047392776,2.16868736079453,0.664166120546524
744,"s(lastRippleV1PRE_z):DOWN_no",6.28923544824336,0.0583271645617238,1.88649629052594,0.626493662295803
745,"s(lastRippleV1PRE_z):DOWN_no",6.67315678345484,0.0661735284889723,1.99731166484473,0.88860684132081
746,"s(lastRippleV1PRE_z):DOWN_no",6.72721399005382,0.062533950346392,2.08289596510092,0.671300058504655
747,"s(lastRippleV1PRE_z):DOWN_no",7.01234490073118,0.0732188116182862,2.31276424049807,0.681223000783387
748,"s(lastRippleV1PRE_z):DOWN_no",6.96378489233388,0.063831683561234,2.27801123618557,0.677886354089205
749,"s(lastRippleV1PRE_z):DOWN_no",7.2308567716238,0.0730379132208449,1.99841498440675,0.635660015437033
750,"s(lastRippleV1PRE_z):DOWN_no",6.60952152973961,0.0401683787444847,2.22215741807242,0.656049351639824
751,"s(lastRippleV1PRE_z):DOWN_no",7.00236100301123,0.0731671533286887,2.27511351976149,0.67020005023448
752,"s(lastRippleV1PRE_z):DOWN_no",7.34548888034105,0.0693702312863042,2.06962811432031,0.677440124238561
753,"s(lastRippleV1PRE_z):DOWN_no",6.77039037299296,0.0645725905981671,1.98122809198857,0.64260402931216
754,"s(lastRippleV1PRE_z):DOWN_no",7.48802769185613,0.0699742150454249,2.24105852548239,0.753097722194347
755,"s(lastRippleV1PRE_z):DOWN_no",6.76574652317336,0.0560668607874095,2.19727738501134,0.657639093715005
756,"s(lastRippleV1PRE_z):DOWN_no",7.16434881420299,0.0602004842442769,2.31827493150239,0.684677419258218
757,"s(lastRippleV1PRE_z):DOWN_no",6.65226846155151,0.0652321385146495,1.86751351924601,0.793982737404381
758,"s(lastRippleV1PRE_z):DOWN_no",7.38712513224776,0.07201403404919,2.15876752145905,0.667550002998935
759,"s(lastRippleV1PRE_z):DOWN_no",6.58858775991722,0.0635004362124841,1.74665604685645,0.647007563823692
760,"s(lastRippleV1PRE_z):DOWN_no",7.41530038837795,0.0737906406927408,1.70145315891693,0.689506353326717
761,"s(lastRippleV1PRE_z):DOWN_no",6.95439332819345,0.0593846103994072,2.20153178635042,0.66314592307008
762,"s(lastRippleV1PRE_z):DOWN_no",6.15507873885713,0.055527786354884,1.87863604814173,0.597738228226888
763,"s(lastRippleV1PRE_z):DOWN_no",7.11270892269838,0.0656635020828174,2.1833483139168,0.708285598563729
764,"s(lastRippleV1PRE_z):DOWN_no",7.36743977469441,0.0652354336919791,2.24175962832074,0.696847109781701
765,"s(lastRippleV1PRE_z):DOWN_no",7.14790157485416,0.0710992754392185,2.25877552549118,0.885077000969078
766,"s(lastRippleV1PRE_z):DOWN_no",6.95149261790938,0.0724481803780813,2.27965060103466,0.671484041570654
767,"s(lastRippleV1PRE_z):DOWN_no",7.00554134893091,0.0633401776856879,2.0893942554112,0.657143906782588
768,"s(lastRippleV1PRE_z):DOWN_no",6.41834850420767,0.0587041371921664,2.01683543089238,0.648520846592682
769,"s(lastRippleV1PRE_z):DOWN_no",7.33149095990293,0.0647995071697034,2.23588271860586,0.688664383968383
770,"s(lastRippleV1PRE_z):DOWN_no",7.04629517203984,0.0649082331986661,2.11038219956713,0.642437120465985
771,"s(lastRippleV1PRE_z):DOWN_no",6.83289626544868,0.0636960116078156,2.21624706498787,0.663987686156197
772,"s(lastRippleV1PRE_z):DOWN_no",6.936655005677,0.0601028657869261,2.15993674680928,0.653036495952432
773,"s(lastRippleV1PRE_z):DOWN_no",6.88820677681433,0.0638831285913979,2.06857921383607,0.677163805760004
774,"s(lastRippleV1PRE_z):DOWN_no",6.97714859740205,0.063783084907802,2.02121115020732,0.63990257824174
775,"s(lastRippleV1PRE_z):DOWN_no",6.92555818290877,0.0722000395687804,2.28559238982017,0.67315131168188
776,"s(lastRippleV1PRE_z):DOWN_no",6.52096859332486,0.0616233705232509,1.74583175229705,0.582401567298847
777,"s(lastRippleV1PRE_z):DOWN_no",6.6642427730019,0.060975380290323,2.19041220976181,0.724825455661383
778,"s(lastRippleV1PRE_z):DOWN_no",6.29741754524388,0.0654680982356921,2.19959786072723,0.647859453056667
779,"s(lastRippleV1PRE_z):DOWN_no",7.43832678965062,0.0742787382847913,1.94123168472002,0.824781945164938
780,"s(lastRippleV1PRE_z):DOWN_no",7.12778130190915,0.0654315827349866,2.18664289943058,0.706825908070984
781,"s(lastRippleV1PRE_z):DOWN_no",6.33713232276262,0.054763405554608,2.0797435694524,0.630434388214899
782,"s(lastRippleV1PRE_z):DOWN_no",6.86553416086836,0.0670140842871883,1.95639523504085,0.623546779253743
783,"s(lastRippleV1PRE_z):DOWN_no",7.21635425002873,0.0694941764610517,2.12743628325313,0.750207196166108
784,"s(lastRippleV1PRE_z):DOWN_no",7.35446580503216,0.0719119894689286,1.92669845952692,0.773871248763545
785,"s(lastRippleV1PRE_z):DOWN_no",6.80230972337608,0.0699728429972144,2.24638837136766,0.661649559551884
786,"s(lastRippleV1PRE_z):DOWN_no",7.03308597989929,0.0696853837653037,2.26497369742794,0.685492538789918
787,"s(lastRippleV1PRE_z):DOWN_no",7.03802523285152,0.068441052769135,1.8518770493742,0.708439543824801
788,"s(lastRippleV1PRE_z):DOWN_no",7.60654365822944,0.0756431347051942,1.98276303425822,0.647538230192705
789,"s(lastRippleV1PRE_z):DOWN_no",7.26483755064157,0.0665497316924031,2.20083160660178,0.673621935343163
790,"s(lastRippleV1PRE_z):DOWN_no",6.42541915238917,0.0631242444662418,1.8082229296201,0.585966147542717
791,"s(lastRippleV1PRE_z):DOWN_no",7.38367569266914,0.0768221908736046,2.34737782009683,0.691356367020455
792,"s(lastRippleV1PRE_z):DOWN_no",6.66459275992384,0.0605419367750789,2.01312472093855,0.640535397354868
793,"s(lastRippleV1PRE_z):DOWN_no",6.31037951796794,0.0612225073838925,1.87358511757631,0.707374879507018
794,"s(lastRippleV1PRE_z):DOWN_no",7.69529125966891,0.0716201150216726,2.48580302476647,0.783650136292723
795,"s(lastRippleV1PRE_z):DOWN_no",7.18986624393813,0.0605010604160166,2.25200903442434,0.675232766646901
796,"s(lastRippleV1PRE_z):DOWN_no",6.63501343696724,0.0595223976534403,2.090171438276,0.653358425327439
797,"s(lastRippleV1PRE_z):DOWN_no",6.57050639040829,0.0598159175525316,2.03180331059137,0.638463444545416
798,"s(lastRippleV1PRE_z):DOWN_no",7.32332125398886,0.0707595875838367,1.87720780297463,0.63431553842051
799,"s(lastRippleV1PRE_z):DOWN_no",6.58383410096843,0.0634545116821675,1.77923543939012,0.681411095553749
800,"s(lastRippleV1PRE_z):DOWN_no",6.87444080943535,0.0645375732086741,2.05892292317325,0.753305446766506
801,"s(lastRippleV1PRE_z):DOWN_no",7.25143252355721,0.0717656155363829,2.01182250936759,0.821008996698056
802,"s(lastRippleV1PRE_z):DOWN_no",6.32595048344812,0.0581763815127126,1.94060416675431,0.628413404560623
803,"s(lastRippleV1PRE_z):DOWN_no",6.62955649228907,0.0634632166066212,1.86585668789464,0.693786094193367
804,"s(lastRippleV1PRE_z):DOWN_no",7.45330544516243,0.0727547426372773,2.14824629471611,0.808907351400297
805,"s(lastRippleV1PRE_z):DOWN_no",6.42595700417888,0.0606505678619421,1.79182984439159,0.605208290753355
806,"s(lastRippleV1PRE_z):DOWN_no",6.52760680042377,0.0677139983089664,2.21008309245106,0.651071447724836
807,"s(lastRippleV1PRE_z):DOWN_no",7.16788916821992,0.0711599863418952,1.92759665218581,0.641046525308652
808,"s(lastRippleV1PRE_z):DOWN_no",6.74800744991759,0.0674712873517387,1.72835950890748,0.797690340537709
809,"s(lastRippleV1PRE_z):DOWN_no",6.58384971884014,0.0687960966153505,2.22499568669092,0.655322862849392
810,"s(lastRippleV1PRE_z):DOWN_no",6.67705117157225,0.0651368706906205,2.12617900935846,0.646729096964177
811,"s(lastRippleV1PRE_z):DOWN_no",6.15176346174289,0.0604980538759062,1.75942369525713,0.738938148627287
812,"s(lastRippleV1PRE_z):DOWN_no",6.39922685522185,0.0604778607205196,1.84997160530751,0.629891959972639
813,"s(lastRippleV1PRE_z):DOWN_no",7.36632914827531,0.0678298687235538,2.24785044074782,0.728551560072135
814,"s(lastRippleV1PRE_z):DOWN_no",7.22838527393089,0.0692124195316319,1.94736657163778,0.619228672525899
815,"s(lastRippleV1PRE_z):DOWN_no",7.00541218291471,0.0659701649694088,2.02878382877656,0.663860863811415
816,"s(lastRippleV1PRE_z):DOWN_no",6.22461988258756,0.0607180640147664,1.88885503233393,0.707251213253201
817,"s(lastRippleV1PRE_z):DOWN_no",7.69645627277748,0.0802867184353715,2.38561821300938,0.702610127212021
818,"s(lastRippleV1PRE_z):DOWN_no",6.5009576990836,0.0626825841512995,1.87310407388152,0.594445627639251
819,"s(lastRippleV1PRE_z):DOWN_no",7.11609623850983,0.0649206764346439,2.29141551962036,0.711198409082963
820,"s(lastRippleV1PRE_z):DOWN_no",6.10498606357454,0.0611844037059609,1.84784553679507,0.8995741404925
821,"s(lastRippleV1PRE_z):DOWN_no",6.20500893669527,0.0567660876618559,1.91878636153501,0.610513323671906
822,"s(lastRippleV1PRE_z):DOWN_no",6.69636708014913,0.0646146393965,1.69992356163062,0.639023699396193
823,"s(lastRippleV1PRE_z):DOWN_no",7.11600120315613,0.0696518990621452,1.91807414430917,0.727920815556133
824,"s(lastRippleV1PRE_z):DOWN_no",6.79055171701265,0.0620558967300815,1.96290415012144,0.633257359556204
825,"s(lastRippleV1PRE_z):DOWN_no",6.67839173440547,0.0658074392401723,1.98017437705621,0.626006078760928
826,"s(lastRippleV1PRE_z):DOWN_no",6.81174122323962,0.0608985690911553,2.32245130868389,0.702296551662728
827,"s(lastRippleV1PRE_z):DOWN_no",7.43629907140466,0.0672049710568061,2.19850735852765,0.684107137838559
828,"s(lastRippleV1PRE_z):DOWN_no",6.74401701562005,0.0634551936533311,2.04634547989414,0.716132147801586
829,"s(lastRippleV1PRE_z):DOWN_no",6.87259306196897,0.0659948920334879,1.87006624934721,0.690322795002058
830,"s(lastRippleV1PRE_z):DOWN_no",6.37484353864603,0.0534520744076821,2.1992935393002,0.651799043372675
831,"s(lastRippleV1PRE_z):DOWN_no",6.93702096528043,0.0581300826249976,2.25183274844166,0.66724769021993
832,"s(lastRippleV1PRE_z):DOWN_no",7.56433212628234,0.0740178862352106,2.22885835138081,0.677715181476749
833,"s(lastRippleV1PRE_z):DOWN_no",6.95335095893413,0.0673484910039549,1.9018099906522,0.714604207298869
834,"s(lastRippleV1PRE_z):DOWN_no",7.47678143403904,0.0710697278840025,2.07115579696241,0.703102289632315
835,"s(lastRippleV1PRE_z):DOWN_no",6.86555322501031,0.0282354900927671,2.27325358876434,0.669964763968007
836,"s(lastRippleV1PRE_z):DOWN_no",6.30655094465084,0.0628621844616121,1.70621228763992,0.564978949995591
837,"s(lastRippleV1PRE_z):DOWN_no",6.54912477429694,0.0638826121638753,1.71961203100962,0.568048957702103
838,"s(lastRippleV1PRE_z):DOWN_no",7.10330717155567,0.065352874397153,2.25926538027576,0.674443667323239
839,"s(lastRippleV1PRE_z):DOWN_no",7.44818544839188,0.0744123663459215,1.76805295553747,0.609034073988797
840,"s(lastRippleV1PRE_z):DOWN_no",6.90146306185475,0.0628392830926387,2.26928681883143,0.707873614500449
841,"s(lastRippleV1PRE_z):DOWN_no",6.94407833690022,0.0683306684307345,1.90189523295611,0.814384903853749
842,"s(lastRippleV1PRE_z):DOWN_no",6.73260760601053,0.013515210923743,2.28712353750557,0.673687609963722
843,"s(lastRippleV1PRE_z):DOWN_no",6.2720476221044,0.0514647496912062,2.13713013042285,0.634234145095224
844,"s(lastRippleV1PRE_z):DOWN_no",6.89186726235638,0.0675621733317044,1.90412925582854,0.624596699815321
845,"s(lastRippleV1PRE_z):DOWN_no",7.13256738910498,0.0746597497040749,2.2980867619369,0.676806668955577
846,"s(lastRippleV1PRE_z):DOWN_no",7.27147469795958,0.0609895619378562,2.28019843228775,0.676872567884349
847,"s(lastRippleV1PRE_z):DOWN_no",6.50411411269594,0.0607633437078356,1.851455598103,0.622313805432339
848,"s(lastRippleV1PRE_z):DOWN_no",6.47566580221482,0.0610262000606971,2.00184107596681,0.683631959579671
849,"s(lastRippleV1PRE_z):DOWN_no",6.73899614403486,0.0667055399678836,1.78863198591407,0.591999872231297
850,"s(lastRippleV1PRE_z):DOWN_no",6.26836059901181,0.0611219991049489,1.83270391180993,0.742278314311184
851,"s(lastRippleV1PRE_z):DOWN_no",6.60959522041997,0.0616916547795284,1.97796392987147,0.621574765764454
852,"s(lastRippleV1PRE_z):DOWN_no",6.42065091819844,0.0632533710563546,1.66422356813702,0.561975670694696
853,"s(lastRippleV1PRE_z):DOWN_no",6.58836087373645,0.0629546978639797,2.08701806370624,0.737514434133042
854,"s(lastRippleV1PRE_z):DOWN_no",6.55399544708682,0.0607254161420181,2.2235597958371,0.656473575984077
855,"s(lastRippleV1PRE_z):DOWN_no",6.41482916499854,0.0628662205478177,1.88391212543691,0.735125859689228
856,"s(lastRippleV1PRE_z):DOWN_no",6.92597720177897,0.0670946140703818,2.03408788971507,0.747594298890079
857,"s(lastRippleV1PRE_z):DOWN_no",6.23408702077173,0.0602660612404428,1.88497271747256,0.723602775856604
858,"s(lastRippleV1PRE_z):DOWN_no",6.96527143951721,0.0642431544166181,2.00779867518132,0.63953250702788
859,"s(lastRippleV1PRE_z):DOWN_no",7.1351297759768,0.0636858732419065,2.15980136213941,0.667184274746978
860,"s(lastRippleV1PRE_z):DOWN_no",7.03729017541699,0.0733066400553134,2.27145541197686,0.66898558446214
861,"s(lastRippleV1PRE_z):DOWN_no",7.02884107784888,0.0684676560280828,2.11220560224442,0.811190397849298
862,"s(lastRippleV1PRE_z):DOWN_no",7.07495783017836,0.0707156874958277,1.88703186721891,0.842970876763769
863,"s(lastRippleV1PRE_z):DOWN_no",7.00851685173621,0.0588762931226934,2.20953717794389,0.661555778109637
864,"s(lastRippleV1PRE_z):DOWN_no",6.79828313688092,0.0705817398354515,2.24807117010245,0.662243741714329
865,"s(lastRippleV1PRE_z):DOWN_no",6.61909970133903,0.0694205376231612,2.24908228530833,0.662376376621132
866,"s(lastRippleV1PRE_z):DOWN_no",7.68377365073231,0.0757031623054411,2.21132050532164,0.840466131335604
867,"s(lastRippleV1PRE_z):DOWN_no",6.27849779781723,0.0604648658016895,1.75968085884743,0.570742264762909
868,"s(lastRippleV1PRE_z):DOWN_no",7.11231796464516,0.0659286392917488,2.18452961968341,0.714815215504236
869,"s(lastRippleV1PRE_z):DOWN_no",6.47935733095035,0.0616120890494317,1.95760052445325,0.614273202271387
870,"s(lastRippleV1PRE_z):DOWN_no",7.41311772217721,0.0685234272258488,2.14213569607469,0.664249234152395
871,"s(lastRippleV1PRE_z):DOWN_no",6.2618056604787,0.059919327000015,1.84661589599538,0.584583206463737
872,"s(lastRippleV1PRE_z):DOWN_no",6.92000989151753,0.0651137103837341,2.12761381811363,0.646986771044155
873,"s(lastRippleV1PRE_z):DOWN_no",7.09418321974558,0.0713008986822597,1.75896706389074,0.660248430553593
874,"s(lastRippleV1PRE_z):DOWN_no",6.82704003084071,0.0685354402836012,1.97745159993495,0.63309614209094
875,"s(lastRippleV1PRE_z):DOWN_no",6.66720480265699,0.066013358315265,1.95521781500044,0.628822974902827
876,"s(lastRippleV1PRE_z):DOWN_no",7.22534831681001,0.0726463068639038,1.95998653854267,0.896950550364057
877,"s(lastRippleV1PRE_z):DOWN_no",6.60349414502037,0.0586350699070794,2.04195532321217,0.631190442695421
878,"s(lastRippleV1PRE_z):DOWN_no",7.13951526141541,0.0692150373236566,2.24957568206376,0.682144276211249
879,"s(lastRippleV1PRE_z):DOWN_no",6.9909468990995,0.0708752676546418,1.70658878834531,0.571685937245645
880,"s(lastRippleV1PRE_z):DOWN_no",6.53167359843557,0.0637896447835826,1.79416054916495,0.585232461295587
881,"s(lastRippleV1PRE_z):DOWN_no",6.71717876206402,0.0598699309305139,2.11903539839965,0.654246173505219
882,"s(lastRippleV1PRE_z):DOWN_no",6.55356314478297,0.0685902241054576,2.18400087621779,0.643207448172095
883,"s(lastRippleV1PRE_z):DOWN_no",6.931693689673,0.0634209910442809,2.15628626301314,0.651989425137602
884,"s(lastRippleV1PRE_z):DOWN_no",6.81252936453857,0.0562213748291944,2.26364636575996,0.67279487658846
885,"s(lastRippleV1PRE_z):DOWN_no",6.78926000818574,0.065743890955826,2.0208972121717,0.758154080243714
886,"s(lastRippleV1PRE_z):DOWN_no",6.70663471437605,0.0639337326567279,1.86946148459347,0.667213028904682
887,"s(lastRippleV1PRE_z):DOWN_no",6.5821941644635,0.0656466010824302,1.92772807202325,0.615281436604596
888,"s(lastRippleV1PRE_z):DOWN_no",6.80128815642413,0.0711706282487866,2.28054395612699,0.671844674155705
889,"s(lastRippleV1PRE_z):DOWN_no",6.96341817574072,0.0689351065642518,2.1991698812883,0.843524742916589
890,"s(lastRippleV1PRE_z):DOWN_no",6.8409201280723,0.0598945508991503,2.17127318915403,0.652630684496424
891,"s(lastRippleV1PRE_z):DOWN_no",7.17567891154304,0.0681541009851107,2.10919159976174,0.728735399188155
892,"s(lastRippleV1PRE_z):DOWN_no",5.80411405406784,0.0526956696699006,1.83957245567805,0.577833256383914
893,"s(lastRippleV1PRE_z):DOWN_no",7.22367227142451,0.067126431109776,1.98796139104456,0.666893365935482
894,"s(lastRippleV1PRE_z):DOWN_no",6.91960760284554,0.065994252235886,1.87960072172946,0.62884900641345
895,"s(lastRippleV1PRE_z):DOWN_no",6.55070147671149,0.0631362522497856,1.78650410913701,0.707337757233964
896,"s(lastRippleV1PRE_z):DOWN_no",6.68438935483503,0.0669360436091108,2.00806628919023,0.893987982949304
897,"s(lastRippleV1PRE_z):DOWN_no",6.93120871477556,0.0663062009415568,2.09637934677554,0.811736354567502
898,"s(lastRippleV1PRE_z):DOWN_no",6.30640298442191,0.0525992263996982,2.15254148880311,0.637234765618601
899,"s(lastRippleV1PRE_z):DOWN_no",7.04983695903157,0.0733157368507247,2.29241198547957,0.67515773340312
900,"s(lastRippleV1PRE_z):DOWN_no",7.08987021867344,0.0736422853213463,2.29349239068142,0.675490418631554
901,"s(lastRippleV1PRE_z):DOWN_no",7.73199370471297,0.0743566966877735,2.10376546568424,0.775753855755886
902,"s(lastRippleV1PRE_z):DOWN_no",6.65203333454247,0.0599941663371668,2.03872131148171,0.642426785122674
903,"s(lastRippleV1PRE_z):DOWN_no",6.12615423286903,0.0570163624997496,1.97208461508965,0.681457130850655
904,"s(lastRippleV1PRE_z):DOWN_no",6.9330771093878,0.0630330133287086,2.20308855734354,0.744112466536669
905,"s(lastRippleV1PRE_z):DOWN_no",7.27599636733787,0.0759457610970309,2.33320011422983,0.687469831934857
906,"s(lastRippleV1PRE_z):DOWN_no",6.49799382075717,0.0629992304445568,1.75518812651769,0.683908806548254
907,"s(lastRippleV1PRE_z):DOWN_no",6.78241419789345,0.0649203587115471,1.97295265214363,0.692170223655918
908,"s(lastRippleV1PRE_z):DOWN_no",6.70973507689065,0.0650428021412908,1.95173971345262,0.617580296893256
909,"s(lastRippleV1PRE_z):DOWN_no",6.40522789287559,0.0602852486452489,1.73431236392886,0.567010184994299
910,"s(lastRippleV1PRE_z):DOWN_no",6.64049865286017,0.0659073008316338,1.86313204142142,0.608592420682998
911,"s(lastRippleV1PRE_z):DOWN_no",7.46960847447947,0.0756471555338252,2.15062097643755,0.671672672814278
912,"s(lastRippleV1PRE_z):DOWN_no",6.62437206254567,0.0686860509885271,2.23229511081502,0.65746929789292
913,"s(lastRippleV1PRE_z):DOWN_no",6.67728423982772,0.0589806947949422,2.12389393614884,0.659203221398116
914,"s(lastRippleV1PRE_z):DOWN_no",6.27159309636136,0.0562100030822431,1.95729202109415,0.626512493672081
915,"s(lastRippleV1PRE_z):DOWN_no",7.25930539498713,0.0729254423529868,1.94146665751183,0.917822983966291
916,"s(lastRippleV1PRE_z):DOWN_no",6.6976053081385,0.0637295793465513,1.8912988139086,0.656987514013505
917,"s(lastRippleV1PRE_z):DOWN_no",6.17216659187926,0.0553934504468631,1.99161586230656,0.61627520846403
918,"s(lastRippleV1PRE_z):DOWN_no",6.51901377035798,0.0683117779355663,2.22105335941289,0.654140287444679
919,"s(lastRippleV1PRE_z):DOWN_no",6.52956644557683,0.0623299094513359,1.82267151804571,0.637709790965874
920,"s(lastRippleV1PRE_z):DOWN_no",6.21955972321818,0.0589336845514445,1.73651984725579,0.584278978161693
921,"s(lastRippleV1PRE_z):DOWN_no",6.79422831855725,0.0651614344741916,1.71450789392329,0.610583725333375
922,"s(lastRippleV1PRE_z):DOWN_no",7.02813518264892,0.0634625498816168,2.08241219499398,0.646999745050155
923,"s(lastRippleV1PRE_z):DOWN_no",6.50648391996029,0.0572671408942951,2.08729853894299,0.638723496982336
924,"s(lastRippleV1PRE_z):DOWN_no",6.8338975565389,0.0648839628120928,1.93979825426524,0.613490476791584
925,"s(lastRippleV1PRE_z):DOWN_no",6.80431002930975,0.0641172450763128,2.02773911885639,0.695788133601767
926,"s(lastRippleV1PRE_z):DOWN_no",6.90949792228838,0.0721570654290318,2.28899024696322,0.674130980478439
927,"s(lastRippleV1PRE_z):DOWN_no",7.29184245410712,0.068411417914385,2.08732914975818,0.643084851844361
928,"s(lastRippleV1PRE_z):DOWN_no",7.36261232137395,0.067091447109562,2.19542231481307,0.692178487566603
929,"s(lastRippleV1PRE_z):DOWN_no",7.38418038789371,0.0693713867572655,2.13131872020679,0.745609233223396
930,"s(lastRippleV1PRE_z):DOWN_no",6.55098176286677,0.059696787190519,1.93448458536826,0.609711246270249
931,"s(lastRippleV1PRE_z):DOWN_no",6.74247004427225,0.0651084761956607,1.75481006491397,0.639169688359798
932,"s(lastRippleV1PRE_z):DOWN_no",7.31282761499371,0.0725918728365964,1.97383160239816,0.835380515771287
933,"s(lastRippleV1PRE_z):DOWN_no",6.75567392023669,0.0597691853223993,2.07047954362931,0.633311683903583
934,"s(lastRippleV1PRE_z):DOWN_no",7.06745106813755,0.0632902743809389,2.05754699374077,0.63424702957857
935,"s(lastRippleV1PRE_z):DOWN_no",6.34213125922143,0.058541077251018,1.86418094277228,0.590341993687398
936,"s(lastRippleV1PRE_z):DOWN_no",6.57633793275875,0.0628847700227913,1.72862478496905,0.608722378727522
937,"s(lastRippleV1PRE_z):DOWN_no",6.98061796605881,0.0691118006377457,1.8866409377809,0.614036961828647
938,"s(lastRippleV1PRE_z):DOWN_no",6.81757894520573,0.0624303686862047,2.17748102622388,0.652952210587977
939,"s(lastRippleV1PRE_z):DOWN_no",7.05128935273993,0.0714342410872933,2.02596019501454,0.64920242960716
940,"s(lastRippleV1PRE_z):DOWN_no",6.9181530329835,0.0622102488706721,2.19916640987288,0.69560488000468
941,"s(lastRippleV1PRE_z):DOWN_no",6.97995125009746,0.0675242754047101,2.0541859181169,0.640575746076797
942,"s(lastRippleV1PRE_z):DOWN_no",7.91016479048835,0.0750368515458085,2.17028366569717,0.674102909771261
943,"s(lastRippleV1PRE_z):DOWN_no",6.55125589630145,0.0599016210128926,1.94467753179549,0.613156410574445
944,"s(lastRippleV1PRE_z):DOWN_no",7.33164412969614,0.0712670340251739,1.83156747726256,0.658176282779915
945,"s(lastRippleV1PRE_z):DOWN_no",7.10797364903479,0.0744716696872587,2.33470684504031,0.687758326629614
946,"s(lastRippleV1PRE_z):DOWN_no",6.5909119235039,0.0614625458755436,2.08734528478909,0.637147109806982
947,"s(lastRippleV1PRE_z):DOWN_no",6.6435051160675,0.0658448116906075,1.87847737031128,0.609069560777284
948,"s(lastRippleV1PRE_z):DOWN_no",7.18403757560877,0.0702088363774683,1.98824525313137,0.671526858940103
949,"s(lastRippleV1PRE_z):DOWN_no",6.60338456139518,0.0648318024493679,1.84455993722139,0.747117171830199
950,"s(lastRippleV1PRE_z):DOWN_no",7.36728671013443,0.0674898858073774,2.36271615197966,0.69707727562462
951,"s(lastRippleV1PRE_z):DOWN_no",6.8885298711562,0.0670477373360666,1.8328257648125,0.597741590136015
952,"s(lastRippleV1PRE_z):DOWN_no",6.74060589298287,0.0670791298336873,1.8354098573089,0.770735166515892
953,"s(lastRippleV1PRE_z):DOWN_no",7.27946406868785,0.0691117780414491,2.07003926989142,0.714417052335245
954,"s(lastRippleV1PRE_z):DOWN_no",6.91578374932242,0.0608015312259134,2.09632889693406,0.640863636264294
955,"s(lastRippleV1PRE_z):DOWN_no",6.11528832195558,0.055558790265388,1.91962898795688,0.60952388811087
956,"s(lastRippleV1PRE_z):DOWN_no",6.83750154988678,0.0670217054813308,1.96264167402012,0.75391882459569
957,"s(lastRippleV1PRE_z):DOWN_no",7.36085214824703,0.0723112570926994,1.97147159551142,0.789640149900191
958,"s(lastRippleV1PRE_z):DOWN_no",6.80581545056158,0.0609218412380795,2.02170486365755,0.628131990571166
959,"s(lastRippleV1PRE_z):DOWN_no",7.00044086946297,0.0685037908742487,1.79214452886291,0.609495686203493
960,"s(lastRippleV1PRE_z):DOWN_no",7.23493176228964,0.0683872343295345,2.08169374641872,0.687435106884318
961,"s(lastRippleV1PRE_z):DOWN_no",7.00728105560064,0.0686448100642207,1.87813461835862,0.613442004804888
962,"s(lastRippleV1PRE_z):DOWN_no",7.15972071883927,0.0691783698333744,1.94964875350231,0.71248884288816
963,"s(lastRippleV1PRE_z):DOWN_no",7.60163640797216,0.0715421437860468,2.03478768800251,0.683512341078936
964,"s(lastRippleV1PRE_z):DOWN_no",6.29131688404916,0.0583580274669798,1.89339782555184,0.614028058822955
965,"s(lastRippleV1PRE_z):DOWN_no",7.08057865826854,0.0685326063656718,1.99296038620094,0.634426702990612
966,"s(lastRippleV1PRE_z):DOWN_no",7.32706195821226,0.0627942946737585,2.30213647068037,0.680121455825807
967,"s(lastRippleV1PRE_z):DOWN_no",7.11954894612831,0.0700064805986964,2.07242076533775,0.810238662185383
968,"s(lastRippleV1PRE_z):DOWN_no",6.67314144836997,0.060658056650107,2.2102518280446,0.662903920328108
969,"s(lastRippleV1PRE_z):DOWN_no",6.67214899003126,0.0692408743295676,2.2203673583126,0.653918817119675
970,"s(lastRippleV1PRE_z):DOWN_no",7.60683185190754,0.0728538436241177,2.11662036971198,0.660712014151065
971,"s(lastRippleV1PRE_z):DOWN_no",7.41227104766562,0.0647350431215068,2.23944736651419,0.681494351469277
972,"s(lastRippleV1PRE_z):DOWN_no",5.67150257676409,0.0533922470503652,1.82820559559776,0.570118411300771
973,"s(lastRippleV1PRE_z):DOWN_no",6.22244826740278,0.0544139127813188,2.06853971403924,0.630858812948487
974,"s(lastRippleV1PRE_z):DOWN_no",6.89793201927773,0.0597880386977899,2.17749377939568,0.657927550860913
975,"s(lastRippleV1PRE_z):DOWN_no",5.96014695267722,0.0533064518606618,1.92914611794468,0.595986849968424
976,"s(lastRippleV1PRE_z):DOWN_no",6.66581566918201,0.0697249391879933,2.20834681796308,0.670282352237936
977,"s(lastRippleV1PRE_z):DOWN_no",6.27905684586767,0.057355352432801,1.88606307104864,0.615055984836751
978,"s(lastRippleV1PRE_z):DOWN_no",6.70288785288003,0.0663592997631954,1.96453590574063,0.627975736507926
979,"s(lastRippleV1PRE_z):DOWN_no",7.6391901782237,0.0796721410750869,2.3574850250681,0.695723359242577
980,"s(lastRippleV1PRE_z):DOWN_no",7.11026521184143,0.0597699685124002,2.28454006545425,0.67674782161492
981,"s(lastRippleV1PRE_z):DOWN_no",6.55435052135439,0.0601153976828499,1.88413882874776,0.595199173262077
982,"s(lastRippleV1PRE_z):DOWN_no",6.93675552025691,0.0659100795200527,1.93005835552056,0.662747456510079
983,"s(lastRippleV1PRE_z):DOWN_no",6.6094400649605,0.0601686329114257,1.95592362129197,0.61185437245122
984,"s(lastRippleV1PRE_z):DOWN_no",6.94536663052908,0.0679594528562728,1.9043699949461,0.720411491416076
985,"s(lastRippleV1PRE_z):DOWN_no",7.08751477331142,0.0645858610144026,2.12041186007777,0.677510152469248
986,"s(lastRippleV1PRE_z):DOWN_no",7.21825341521438,0.0704675158471011,1.91412404756632,0.709039758434164
987,"s(lastRippleV1PRE_z):DOWN_no",6.26198810059074,0.0586985067959059,1.77839189957135,0.59636992049712
988,"s(lastRippleV1PRE_z):DOWN_no",6.7542510929443,0.0658055886655958,2.0744791086421,0.776689507223399
989,"s(lastRippleV1PRE_z):DOWN_no",7.09685867698974,0.0597157586698198,2.26304927998028,0.669389457488582
990,"s(lastRippleV1PRE_z):DOWN_no",6.6815603833642,0.0663521039670581,2.00344320196073,0.62451782291697
991,"s(lastRippleV1PRE_z):DOWN_no",6.32566824369307,0.0584033221076928,2.04891180267114,0.634132477588336
992,"s(lastRippleV1PRE_z):DOWN_no",6.54710471077487,0.0632399679532456,1.837494573279,0.596294806417539
993,"s(lastRippleV1PRE_z):DOWN_no",6.89298725739412,0.0719097771297997,2.27623831992605,0.670491907921299
994,"s(lastRippleV1PRE_z):DOWN_no",7.31564014957006,0.0651236586156666,2.177242069184,0.673747643100873
995,"s(lastRippleV1PRE_z):DOWN_no",6.5281355290643,0.0625510342347157,1.72479548167808,0.597611864991353
996,"s(lastRippleV1PRE_z):DOWN_no",7.16277876128506,0.0679238621567786,2.14489879151961,0.661729144062614
997,"s(lastRippleV1PRE_z):DOWN_no",6.9480178984835,0.0584276228979124,2.20779007170483,0.653925855129751
998,"s(lastRippleV1PRE_z):DOWN_no",6.25906787329302,0.0621005338151437,1.70106141147038,0.5637847176832
999,"s(lastRippleV1PRE_z):DOWN_no",7.27717184821283,0.0727356422272727,2.03389829837172,0.949513765147055
1000,"s(lastRippleV1PRE_z):DOWN_no",7.08743213340609,0.0705303387062463,1.89074670053213,0.779514800291565
1,"s(lastRippleV1PRE_z):DOWN_yes",3.07243811381261,0.0306276375454869,2.52345395259772,0.75620312970772
2,"s(lastRippleV1PRE_z):DOWN_yes",2.54198743316124,0.022455802806662,2.05174349447608,0.587660657173309
3,"s(lastRippleV1PRE_z):DOWN_yes",3.06802194138384,0.03445063027535,2.14455921264333,0.998472882167779
4,"s(lastRippleV1PRE_z):DOWN_yes",3.22871306843079,0.0352578828106208,2.22652606222648,0.655818949552601
5,"s(lastRippleV1PRE_z):DOWN_yes",3.42516251105755,0.0350985674394902,2.59038321451168,0.726162409719797
6,"s(lastRippleV1PRE_z):DOWN_yes",3.15253114559,0.0306667232841695,2.3341635331913,0.85450746045547
7,"s(lastRippleV1PRE_z):DOWN_yes",3.28066985867889,0.0294856777077939,2.367725982891,0.682608898151218
8,"s(lastRippleV1PRE_z):DOWN_yes",2.72089585425798,0.0262162248447571,1.99965566261352,0.590309244695316
9,"s(lastRippleV1PRE_z):DOWN_yes",2.91982446177705,0.0271004351907846,2.32112892682288,0.656647776664084
10,"s(lastRippleV1PRE_z):DOWN_yes",3.15866437844237,0.0297641254196057,2.46311678579041,0.699578882156141
11,"s(lastRippleV1PRE_z):DOWN_yes",2.83913148628311,0.0239125655502953,2.13111800490366,0.620657242017224
12,"s(lastRippleV1PRE_z):DOWN_yes",2.57310808602923,0.0236789971693515,1.74899462448333,0.560714859466666
13,"s(lastRippleV1PRE_z):DOWN_yes",2.66580753319051,0.0224396946985457,2.04870101453514,0.599652406715041
14,"s(lastRippleV1PRE_z):DOWN_yes",2.89864025382851,0.0261664823258366,2.17371215779096,0.643845511865864
15,"s(lastRippleV1PRE_z):DOWN_yes",3.01155070104289,0.0328379808435328,2.12411863298207,0.625579906038155
16,"s(lastRippleV1PRE_z):DOWN_yes",3.00772182339325,0.0286724716238941,2.53424619812497,0.708909274733706
17,"s(lastRippleV1PRE_z):DOWN_yes",3.11258907877049,0.0291655206202776,2.37047442937423,0.69677984460372
18,"s(lastRippleV1PRE_z):DOWN_yes",2.84149817765332,0.0301892874812694,2.04215319465535,0.601592335303777
19,"s(lastRippleV1PRE_z):DOWN_yes",3.06440219330221,0.0300368076447105,2.57093832394407,0.712242962276648
20,"s(lastRippleV1PRE_z):DOWN_yes",3.10746100380544,0.0304460636603717,2.41168021368826,0.874385177915968
21,"s(lastRippleV1PRE_z):DOWN_yes",2.91551794259517,0.0282589864843357,2.25944788717989,0.777562976675778
22,"s(lastRippleV1PRE_z):DOWN_yes",2.89621874621406,0.0318482176804017,2.11608437814153,0.623469113189449
23,"s(lastRippleV1PRE_z):DOWN_yes",3.15707357278442,0.0311025269925935,2.51512870964215,0.753962517296034
24,"s(lastRippleV1PRE_z):DOWN_yes",2.78354386995097,0.0242895297514046,2.08153895136212,0.611822488510678
25,"s(lastRippleV1PRE_z):DOWN_yes",2.82254021582673,0.0306510519053938,2.04117483069136,0.601156204779424
26,"s(lastRippleV1PRE_z):DOWN_yes",3.16075811574857,0.0346299285350945,2.17652141398896,0.641079245353228
27,"s(lastRippleV1PRE_z):DOWN_yes",3.26133216693724,0.0293968099293841,2.34383456500975,0.689231761864745
28,"s(lastRippleV1PRE_z):DOWN_yes",2.98800718728339,0.0251674824811382,2.1035640036073,0.627109340340854
29,"s(lastRippleV1PRE_z):DOWN_yes",3.06296381229301,0.0282131140297416,2.2554098692183,0.646523850465571
30,"s(lastRippleV1PRE_z):DOWN_yes",2.84152022354119,0.0311578506721145,2.09943499737667,0.618297120759471
31,"s(lastRippleV1PRE_z):DOWN_yes",2.74384025974856,0.0301488501339284,2.04003312536317,0.600811525173667
32,"s(lastRippleV1PRE_z):DOWN_yes",3.3989735417919,0.0372367976942829,2.23138688028433,0.657170854573818
33,"s(lastRippleV1PRE_z):DOWN_yes",3.58878852926947,0.039135565467915,2.25183966172178,0.663685593158441
34,"s(lastRippleV1PRE_z):DOWN_yes",3.08953949297747,0.0276480202751375,2.28844980732332,0.663396850565981
35,"s(lastRippleV1PRE_z):DOWN_yes",2.93848179603963,0.0269621710393886,2.24461847635149,0.641918063153766
36,"s(lastRippleV1PRE_z):DOWN_yes",2.52459612354312,0.0238081948978526,2.01468828296362,0.587373172990716
37,"s(lastRippleV1PRE_z):DOWN_yes",3.2546683911348,0.031076013637665,2.1418759170338,0.893056793845781
38,"s(lastRippleV1PRE_z):DOWN_yes",3.09283664470265,0.0267801657354046,2.22344588840954,0.649352527213884
39,"s(lastRippleV1PRE_z):DOWN_yes",2.64119454810276,0.0256810799221721,2.17415104782185,0.713000531716568
40,"s(lastRippleV1PRE_z):DOWN_yes",3.17874091110276,0.0323722628396783,2.64970218108601,0.890117282154784
41,"s(lastRippleV1PRE_z):DOWN_yes",2.96256649335368,0.0270064479457298,2.35420016883531,0.665752583934584
42,"s(lastRippleV1PRE_z):DOWN_yes",2.8184173970878,0.0248038517479265,2.01551685605607,0.597735092336364
43,"s(lastRippleV1PRE_z):DOWN_yes",3.11146096350841,0.0287577484020785,2.24359700721465,0.653469504411586
44,"s(lastRippleV1PRE_z):DOWN_yes",3.33986450206221,0.0337594605573911,2.71742039148266,0.797113904597736
45,"s(lastRippleV1PRE_z):DOWN_yes",3.2994236204372,0.0336972645098349,2.67282575209644,0.734396961707786
46,"s(lastRippleV1PRE_z):DOWN_yes",3.0798677019503,0.0092414508317687,2.10388588554946,0.618896547241288
47,"s(lastRippleV1PRE_z):DOWN_yes",3.07602165269101,0.0309658868559856,2.16262535322177,0.756520624698623
48,"s(lastRippleV1PRE_z):DOWN_yes",2.94406616085736,0.0320141423774051,2.06469697241984,0.608201276480413
49,"s(lastRippleV1PRE_z):DOWN_yes",3.38178736718489,0.0318808361133209,2.56479221451232,0.731586068954114
50,"s(lastRippleV1PRE_z):DOWN_yes",3.14602962319896,0.0284397290221549,2.25069834306337,0.659492571398401
51,"s(lastRippleV1PRE_z):DOWN_yes",3.15864726221496,0.0343919415312272,2.1493129830845,0.633038861141528
52,"s(lastRippleV1PRE_z):DOWN_yes",3.27082698779154,0.0316543744699925,2.65403694087306,0.726008048946537
53,"s(lastRippleV1PRE_z):DOWN_yes",2.81544130017948,0.027085525220934,2.62906927288348,0.721606836601548
54,"s(lastRippleV1PRE_z):DOWN_yes",2.924439672171,0.0265610746833161,2.27046577293857,0.663315264097954
55,"s(lastRippleV1PRE_z):DOWN_yes",3.11220971709799,0.0307007734342866,2.55228987382461,0.727695708945655
56,"s(lastRippleV1PRE_z):DOWN_yes",3.09237587457324,0.0281289995635078,2.28335448092719,0.663186591447631
57,"s(lastRippleV1PRE_z):DOWN_yes",2.66018327762295,0.0230734688200678,2.13614065094452,0.616212585659612
58,"s(lastRippleV1PRE_z):DOWN_yes",3.02101661288836,0.0274084302363572,2.32054321205778,0.666276869654268
59,"s(lastRippleV1PRE_z):DOWN_yes",3.1555769635813,0.034836888182064,2.17471996460711,0.800892153779144
60,"s(lastRippleV1PRE_z):DOWN_yes",2.77360114226557,0.0244659924795044,1.94777151330806,0.592503943110143
61,"s(lastRippleV1PRE_z):DOWN_yes",2.43956278784503,0.0211096799870729,1.81377449804155,0.559397523219977
62,"s(lastRippleV1PRE_z):DOWN_yes",3.32922650027001,0.028836651347093,2.35535745547441,0.680467110066669
63,"s(lastRippleV1PRE_z):DOWN_yes",3.05486525268323,0.0277613420155718,2.28290600550039,0.655147313084831
64,"s(lastRippleV1PRE_z):DOWN_yes",3.39142284183102,0.0319972850042414,2.5384165821275,0.765941381432218
65,"s(lastRippleV1PRE_z):DOWN_yes",2.76288172875906,0.0301272992557615,2.01721658192615,0.594779599719695
66,"s(lastRippleV1PRE_z):DOWN_yes",3.16463767063516,0.03099690174506,2.51878462919146,0.769376994449106
67,"s(lastRippleV1PRE_z):DOWN_yes",2.86447659466855,0.0283465095705546,2.28322269441868,0.759018160221217
68,"s(lastRippleV1PRE_z):DOWN_yes",3.179916475314,0.0297167185953638,2.35466739235327,0.668734348786107
69,"s(lastRippleV1PRE_z):DOWN_yes",3.17136892069457,0.0302021335874788,2.63324452224607,0.729789076492901
70,"s(lastRippleV1PRE_z):DOWN_yes",2.93876261180351,0.0122393380396643,2.10955700551331,0.620794387888039
71,"s(lastRippleV1PRE_z):DOWN_yes",3.08270741906349,0.0281739526365545,2.32841570839603,0.667227943129053
72,"s(lastRippleV1PRE_z):DOWN_yes",3.18957096473909,0.0289030561400337,2.32875934984771,0.686665678797154
73,"s(lastRippleV1PRE_z):DOWN_yes",2.97510542414975,0.03180121085796,2.05847456094463,0.606165188792914
74,"s(lastRippleV1PRE_z):DOWN_yes",3.19401327543205,0.0323242244102917,2.10687359036719,0.957671380489684
75,"s(lastRippleV1PRE_z):DOWN_yes",3.19768096966177,0.030203603259751,2.56291060379332,0.715443878228119
76,"s(lastRippleV1PRE_z):DOWN_yes",3.31786817212468,0.0311762686790029,2.53210433721834,0.70645474808736
77,"s(lastRippleV1PRE_z):DOWN_yes",2.9886934436813,0.0257646414369738,2.13105561905812,0.629544766161235
78,"s(lastRippleV1PRE_z):DOWN_yes",3.00633356413172,0.0300861989043405,2.71243536957906,0.73154589617502
79,"s(lastRippleV1PRE_z):DOWN_yes",3.09273732942922,0.0338825254060905,2.19307001532588,0.646261707264295
80,"s(lastRippleV1PRE_z):DOWN_yes",3.21932214455289,0.0324576295597047,2.45093083082974,0.948268226729671
81,"s(lastRippleV1PRE_z):DOWN_yes",2.85902545906991,0.0266807851568405,2.23771233656768,0.644861960554276
82,"s(lastRippleV1PRE_z):DOWN_yes",2.83462476168677,0.0258224264076253,2.25864884333769,0.642414700431329
83,"s(lastRippleV1PRE_z):DOWN_yes",2.81712124255022,0.0307385421059357,2.06958267775851,0.609506357801296
84,"s(lastRippleV1PRE_z):DOWN_yes",2.99823008608196,0.0284953368202514,2.1447298190827,0.809762588068093
85,"s(lastRippleV1PRE_z):DOWN_yes",2.56898177533136,0.0284483211691452,2.03166923635825,0.598349878960809
86,"s(lastRippleV1PRE_z):DOWN_yes",2.6395555856059,0.0288107847689947,2.01254267344597,0.592728124551007
87,"s(lastRippleV1PRE_z):DOWN_yes",3.13992839086188,0.0284262161646339,2.31447513454949,0.678101840277291
88,"s(lastRippleV1PRE_z):DOWN_yes",3.14525044279563,0.0294814192519047,2.35779975098105,0.676485663674485
89,"s(lastRippleV1PRE_z):DOWN_yes",3.36792459124178,0.0313322058347368,2.40763317011601,0.689907784953361
90,"s(lastRippleV1PRE_z):DOWN_yes",3.47864566125392,0.0314626008928591,2.39693840170979,0.6952508193929
91,"s(lastRippleV1PRE_z):DOWN_yes",2.84100836232083,0.0242391149942284,2.05332420592901,0.60913346868131
92,"s(lastRippleV1PRE_z):DOWN_yes",2.82536295168932,0.0272739874820033,2.5840981767596,0.714916183060407
93,"s(lastRippleV1PRE_z):DOWN_yes",3.17013296430359,0.0301728405706152,2.26433777076273,0.869719290504553
94,"s(lastRippleV1PRE_z):DOWN_yes",3.08165768072861,0.0289087041670471,2.48244559705466,0.701574922661251
95,"s(lastRippleV1PRE_z):DOWN_yes",3.27291648364935,0.0298294033689117,2.32902455638151,0.669832247036496
96,"s(lastRippleV1PRE_z):DOWN_yes",2.92985733197006,0.0318247359330593,2.12273773540401,0.625246787513117
97,"s(lastRippleV1PRE_z):DOWN_yes",3.46584990581005,0.0294452394287665,2.25946822317169,0.662651533222027
98,"s(lastRippleV1PRE_z):DOWN_yes",2.68936200841609,0.0298344898045887,2.02098182291965,0.719416456300615
99,"s(lastRippleV1PRE_z):DOWN_yes",3.17370036455767,0.0319988145177417,2.77542765029949,0.764319410710794
100,"s(lastRippleV1PRE_z):DOWN_yes",3.07746661055599,0.0308931370134524,2.54332760747348,0.948050150750466
101,"s(lastRippleV1PRE_z):DOWN_yes",3.40622640805773,0.032393145263222,2.29916745166484,0.691304261529209
102,"s(lastRippleV1PRE_z):DOWN_yes",3.31023468261366,0.0361604207825219,2.26858433578207,0.670749493951783
103,"s(lastRippleV1PRE_z):DOWN_yes",3.45422266265072,0.033941998854343,2.62525202020449,0.755387205124817
104,"s(lastRippleV1PRE_z):DOWN_yes",2.90340871799677,0.031618676404314,2.12227972829824,0.62504865870319
105,"s(lastRippleV1PRE_z):DOWN_yes",3.0829272622675,0.0338995333362915,2.15201624105865,0.633793952638893
106,"s(lastRippleV1PRE_z):DOWN_yes",3.14083382822851,0.0308357079634592,2.74436249776505,0.742642731815299
107,"s(lastRippleV1PRE_z):DOWN_yes",3.00524697395849,0.0287739639129075,2.15718056673388,0.747882816743854
108,"s(lastRippleV1PRE_z):DOWN_yes",3.2534443733217,0.0222782285492754,2.1980082415944,0.647072366136045
109,"s(lastRippleV1PRE_z):DOWN_yes",3.20962096692088,0.0307501358509874,2.24708238593434,0.658578164570959
110,"s(lastRippleV1PRE_z):DOWN_yes",2.99233911295111,0.0252752671942523,2.10320528848516,0.621877534500528
111,"s(lastRippleV1PRE_z):DOWN_yes",3.05811235799921,0.031389309330852,2.32988881246695,1.09093622703982
112,"s(lastRippleV1PRE_z):DOWN_yes",3.15790521537755,0.030307433952288,2.32475486642225,0.778140152876372
113,"s(lastRippleV1PRE_z):DOWN_yes",2.89132822366452,0.0315057068783999,2.07216854224092,0.610339674438016
114,"s(lastRippleV1PRE_z):DOWN_yes",2.98343684129159,0.0175636928527745,2.13364831462837,0.628108425027367
115,"s(lastRippleV1PRE_z):DOWN_yes",3.24913218502463,0.0274821691367128,2.25482682366891,0.664285404804593
116,"s(lastRippleV1PRE_z):DOWN_yes",3.78194700233967,0.0375467136730361,2.95648699554306,0.810256137572364
117,"s(lastRippleV1PRE_z):DOWN_yes",2.92714920815372,0.0304010357116704,2.31851852771439,0.65718280066066
118,"s(lastRippleV1PRE_z):DOWN_yes",3.2078043749305,0.0315344352258495,2.64283381006892,0.754174695203308
119,"s(lastRippleV1PRE_z):DOWN_yes",2.86962506287245,0.0314908136605853,2.07191104685889,0.610214449390991
120,"s(lastRippleV1PRE_z):DOWN_yes",2.84804042515189,0.0263492794162783,2.19418690776755,0.631317712798304
121,"s(lastRippleV1PRE_z):DOWN_yes",3.0609049742654,0.0332986664706985,2.13645543222335,0.629202086096231
122,"s(lastRippleV1PRE_z):DOWN_yes",3.15024693019973,0.0304735490452366,2.63763946142266,0.71990768456788
123,"s(lastRippleV1PRE_z):DOWN_yes",2.88096553881978,0.0270345589505912,2.35626969145842,0.6709828865167
124,"s(lastRippleV1PRE_z):DOWN_yes",3.07828711867635,0.0334069594704585,2.15162566678063,0.633734440775234
125,"s(lastRippleV1PRE_z):DOWN_yes",3.1970390638228,0.0303185993720184,2.39977422750216,0.682920217197777
126,"s(lastRippleV1PRE_z):DOWN_yes",2.56085534006784,0.0235947579017703,2.23071721118357,0.639908615792174
127,"s(lastRippleV1PRE_z):DOWN_yes",3.08366937174851,0.0265013092256545,2.17990958252081,0.65386252969314
128,"s(lastRippleV1PRE_z):DOWN_yes",3.18616657204155,0.034968114886554,2.19657279753886,0.646986177046894
129,"s(lastRippleV1PRE_z):DOWN_yes",2.53730037596225,0.0238016172728209,2.20953798402696,0.616202213108499
130,"s(lastRippleV1PRE_z):DOWN_yes",3.09036040673032,0.0291259049649831,2.37285461574776,0.704146093535887
131,"s(lastRippleV1PRE_z):DOWN_yes",3.29102363083561,0.0313763070927501,2.59985410677537,0.721269792129802
132,"s(lastRippleV1PRE_z):DOWN_yes",3.00744707241227,0.0325034386613856,2.08697871469639,0.614709541644797
133,"s(lastRippleV1PRE_z):DOWN_yes",3.17140171940274,0.0304277052591134,2.42859233848336,0.692963660032111
134,"s(lastRippleV1PRE_z):DOWN_yes",3.16594721957997,0.0294673742177213,2.36080971998796,0.692780662468243
135,"s(lastRippleV1PRE_z):DOWN_yes",3.55084063194087,0.0324263299763337,2.4834777370426,0.710078462250065
136,"s(lastRippleV1PRE_z):DOWN_yes",3.20944142950686,0.0350839138347507,2.2152070824964,0.65241187666514
137,"s(lastRippleV1PRE_z):DOWN_yes",2.97329863897721,0.0259005577472345,2.15414431918284,0.62998851153835
138,"s(lastRippleV1PRE_z):DOWN_yes",2.65621315759387,0.0247544060158062,2.37058635569264,0.659222841271887
139,"s(lastRippleV1PRE_z):DOWN_yes",3.01046255049574,0.0330263754854947,2.12454305596965,0.625719853772507
140,"s(lastRippleV1PRE_z):DOWN_yes",3.19584811497706,0.0302240416827656,2.50961628069752,0.702275249116572
141,"s(lastRippleV1PRE_z):DOWN_yes",2.72072105888058,0.0297179575431728,2.04786211929381,0.603113786718777
142,"s(lastRippleV1PRE_z):DOWN_yes",3.31678845284071,0.0307571924073844,2.20607068740043,0.653838133746387
143,"s(lastRippleV1PRE_z):DOWN_yes",3.51736060482435,0.0348702325126313,2.7911759135264,0.776040527418271
144,"s(lastRippleV1PRE_z):DOWN_yes",3.46244173442192,0.0327126273328913,2.63572502713392,0.733996079980071
145,"s(lastRippleV1PRE_z):DOWN_yes",3.03313960475276,0.0281828734389168,2.36939885593193,0.671034962766236
146,"s(lastRippleV1PRE_z):DOWN_yes",3.00540328147503,0.033173813111747,2.09821529664889,0.706025783000443
147,"s(lastRippleV1PRE_z):DOWN_yes",3.13586066506853,0.0297194081542117,2.30118857272668,0.675734476073296
148,"s(lastRippleV1PRE_z):DOWN_yes",3.00587962156215,0.0329297264899889,2.13654222996094,0.629241112356377
149,"s(lastRippleV1PRE_z):DOWN_yes",2.69142185725442,0.023388861586858,2.02400534821875,0.600983383251293
150,"s(lastRippleV1PRE_z):DOWN_yes",2.61637445797402,0.0247000214210593,2.26213102867154,0.643451003587805
151,"s(lastRippleV1PRE_z):DOWN_yes",2.94186794016497,0.0267156833409406,2.32385089287724,0.664647523014927
152,"s(lastRippleV1PRE_z):DOWN_yes",3.08526878262791,0.0339854852126561,2.14075416066876,0.630938843178306
153,"s(lastRippleV1PRE_z):DOWN_yes",2.97083113948167,0.0323549242693552,2.12031619878724,0.624461150689059
154,"s(lastRippleV1PRE_z):DOWN_yes",3.08576385310204,0.026622994337243,2.2202213786753,0.647728644093537
155,"s(lastRippleV1PRE_z):DOWN_yes",3.39765546503002,0.0308986443578274,2.38685608241044,0.694233889892845
156,"s(lastRippleV1PRE_z):DOWN_yes",3.03922363694371,0.0259222298515281,2.27258935410043,0.663737570790926
157,"s(lastRippleV1PRE_z):DOWN_yes",2.9774072578165,0.0327159284696186,2.11542338993254,0.623012177084897
158,"s(lastRippleV1PRE_z):DOWN_yes",3.18054725952714,0.0302446328764454,2.26016875132784,0.661286446065725
159,"s(lastRippleV1PRE_z):DOWN_yes",2.96385824522887,0.0273813309643174,2.36124826847222,0.670093604796803
160,"s(lastRippleV1PRE_z):DOWN_yes",3.15927571719963,0.0268250746305628,2.16072845160673,0.634002042618679
161,"s(lastRippleV1PRE_z):DOWN_yes",3.24587441064618,0.0309689044841062,2.40165918042692,0.680645472259112
162,"s(lastRippleV1PRE_z):DOWN_yes",3.01570234807587,0.027876948517211,2.35277765198396,0.691639456251046
163,"s(lastRippleV1PRE_z):DOWN_yes",3.10758606627675,0.0286836976443661,2.30475395964838,0.671569406243748
164,"s(lastRippleV1PRE_z):DOWN_yes",3.57201016935112,0.0353397342721584,2.86117463462862,0.802877149087197
165,"s(lastRippleV1PRE_z):DOWN_yes",2.92847826493721,0.0322311193437993,2.08571047328136,0.691241872573063
166,"s(lastRippleV1PRE_z):DOWN_yes",3.21961220381955,0.0303974844695903,2.38669261196428,0.718922082068657
167,"s(lastRippleV1PRE_z):DOWN_yes",2.8497410325487,0.0266895564229225,2.04609166933177,0.606690762179241
168,"s(lastRippleV1PRE_z):DOWN_yes",3.00083750580212,0.0162666561036651,2.1631099692307,0.63547202790174
169,"s(lastRippleV1PRE_z):DOWN_yes",2.82369667960989,0.0310579759438624,2.04171834317411,0.601303463218922
170,"s(lastRippleV1PRE_z):DOWN_yes",2.98656152699253,0.0277922536880434,2.18275465791669,0.637335687302703
171,"s(lastRippleV1PRE_z):DOWN_yes",3.29158055247538,0.0309645571368181,2.46218188448322,0.702283280178765
172,"s(lastRippleV1PRE_z):DOWN_yes",3.11983669956857,0.0288438989323472,2.4891965175333,0.725512164228039
173,"s(lastRippleV1PRE_z):DOWN_yes",2.81109408781509,0.0271424881760546,2.38712282359395,0.667849684249674
174,"s(lastRippleV1PRE_z):DOWN_yes",3.1949233996347,0.035121175392881,2.1775397837734,0.641350761582053
175,"s(lastRippleV1PRE_z):DOWN_yes",3.11851509286055,0.0303281995948352,2.54826660503299,0.759597794755394
176,"s(lastRippleV1PRE_z):DOWN_yes",3.56797346930872,0.0387245272961476,2.29276062191756,0.675410424188951
177,"s(lastRippleV1PRE_z):DOWN_yes",2.74750610344502,0.0299113359007034,2.04673204703644,0.602781599032033
178,"s(lastRippleV1PRE_z):DOWN_yes",2.98514631923276,0.029041501931551,2.51921476334914,0.693725110632609
179,"s(lastRippleV1PRE_z):DOWN_yes",3.03548892395221,0.0269044679479072,2.23157774382697,0.652193599924056
180,"s(lastRippleV1PRE_z):DOWN_yes",2.63470088571415,0.025213641716535,2.31976833321299,0.667095276141079
181,"s(lastRippleV1PRE_z):DOWN_yes",3.23498309328819,0.0350670502525165,2.19758302533311,0.647201972879314
182,"s(lastRippleV1PRE_z):DOWN_yes",3.053195794098,0.0293406159015259,2.35688887665856,0.69889234720655
183,"s(lastRippleV1PRE_z):DOWN_yes",3.27403733673761,0.0299056735798274,2.45143724390823,0.691251649899149
184,"s(lastRippleV1PRE_z):DOWN_yes",2.8080056907472,0.0309490265867777,2.10360245482918,0.619557039263728
185,"s(lastRippleV1PRE_z):DOWN_yes",3.05426676019576,0.0260250365757891,2.21891424143117,0.648385717567056
186,"s(lastRippleV1PRE_z):DOWN_yes",3.18454093034275,0.031018740324745,2.62592947103686,0.783334664378171
187,"s(lastRippleV1PRE_z):DOWN_yes",3.11814227417753,0.0341843060649929,2.15597244963614,0.635017424593042
188,"s(lastRippleV1PRE_z):DOWN_yes",3.10697202633399,0.0285668594283757,2.40914008595411,0.683880494140087
189,"s(lastRippleV1PRE_z):DOWN_yes",2.898435243651,0.0312366969464565,2.08348417945219,0.613678102219701
190,"s(lastRippleV1PRE_z):DOWN_yes",2.93835870412945,0.031975156075011,2.10603422029466,0.620444788187149
191,"s(lastRippleV1PRE_z):DOWN_yes",2.61908208656273,0.0240436195314766,2.06973901486704,0.645035629382474
192,"s(lastRippleV1PRE_z):DOWN_yes",2.71206683914602,0.0266523211877608,2.2810472245482,0.657064157066362
193,"s(lastRippleV1PRE_z):DOWN_yes",2.75315101353621,0.0303771740804289,2.01757832485968,0.594279379206918
194,"s(lastRippleV1PRE_z):DOWN_yes",2.9180005568602,0.0319132610075105,2.10067760952096,0.618668897673258
195,"s(lastRippleV1PRE_z):DOWN_yes",3.21634852849236,0.0300888322200974,2.43937222047892,0.695997384761821
196,"s(lastRippleV1PRE_z):DOWN_yes",2.93390714616008,0.0323216478184104,2.07072479943257,0.628280974443711
197,"s(lastRippleV1PRE_z):DOWN_yes",2.83381456553559,0.0309787344357994,2.0929326367058,0.616396638877387
198,"s(lastRippleV1PRE_z):DOWN_yes",3.02485770511026,0.0254835535234576,2.13957619637352,0.64107763276353
199,"s(lastRippleV1PRE_z):DOWN_yes",3.17512683325725,0.0301736393105784,2.54258439449153,0.7167857104205
200,"s(lastRippleV1PRE_z):DOWN_yes",3.06392584858485,0.0261110408529713,2.16087583105565,0.632011914956939
201,"s(lastRippleV1PRE_z):DOWN_yes",2.78768235806498,0.0305177901672333,2.04203892778093,0.601661486714553
202,"s(lastRippleV1PRE_z):DOWN_yes",2.67596551673222,0.025818374740784,2.05982428866895,0.807159629096195
203,"s(lastRippleV1PRE_z):DOWN_yes",2.29608390729472,0.0217519072057522,1.89276694005725,0.557894826269344
204,"s(lastRippleV1PRE_z):DOWN_yes",2.6860664535963,0.0231286744767276,2.14607490345788,0.621129956946485
205,"s(lastRippleV1PRE_z):DOWN_yes",2.78936855660719,0.0242097827272504,2.11798739899374,0.620142043808854
206,"s(lastRippleV1PRE_z):DOWN_yes",3.03069749858992,0.0270814719150801,2.28168429295622,0.671697203382085
207,"s(lastRippleV1PRE_z):DOWN_yes",2.81017414445061,0.0305337487225678,2.06721028323648,0.609052854853122
208,"s(lastRippleV1PRE_z):DOWN_yes",3.1561495751416,0.0310069549282842,2.57014954945014,0.735990615263845
209,"s(lastRippleV1PRE_z):DOWN_yes",2.94963562653452,0.0323288190456199,2.13181962404894,0.628219561194189
210,"s(lastRippleV1PRE_z):DOWN_yes",3.14850953485626,0.0299341794252319,2.24515801588123,0.652991847470333
211,"s(lastRippleV1PRE_z):DOWN_yes",3.53334501977127,0.0354021598694475,2.46648973262946,0.845337811166891
212,"s(lastRippleV1PRE_z):DOWN_yes",2.57348430024975,0.0282597292991629,1.99039603488083,0.586217833549822
213,"s(lastRippleV1PRE_z):DOWN_yes",2.90058170446363,0.0286727710979927,2.35506900124115,0.661867028497807
214,"s(lastRippleV1PRE_z):DOWN_yes",3.0447509986629,0.0331127223670717,2.11665276298634,0.623377899219839
215,"s(lastRippleV1PRE_z):DOWN_yes",2.57908866999822,0.0243507243276696,1.97399667604335,0.601410271168772
216,"s(lastRippleV1PRE_z):DOWN_yes",2.86748411114409,0.0313467526125558,2.09567409160888,0.617262185654109
217,"s(lastRippleV1PRE_z):DOWN_yes",2.52919002598541,0.0191662628438038,1.98190268204559,0.583680783171026
218,"s(lastRippleV1PRE_z):DOWN_yes",2.77419540089077,0.0306222910258542,2.0095610928184,0.592036576581883
219,"s(lastRippleV1PRE_z):DOWN_yes",3.05112599020538,0.0329253494882689,2.15147116336878,0.6336708519482
220,"s(lastRippleV1PRE_z):DOWN_yes",3.16472359142775,0.0297641895354342,2.51127561207494,0.72809582337943
221,"s(lastRippleV1PRE_z):DOWN_yes",3.1258285578115,0.0285283747696917,2.41978409435252,0.701685736503959
222,"s(lastRippleV1PRE_z):DOWN_yes",2.98612697992128,0.0321175280308123,2.13015423687021,0.627419968755153
223,"s(lastRippleV1PRE_z):DOWN_yes",3.06154305567609,0.0282311299817012,2.39435082871311,0.679385129743506
224,"s(lastRippleV1PRE_z):DOWN_yes",3.41015280371985,0.033815657731425,2.69567182237192,0.791055262464411
225,"s(lastRippleV1PRE_z):DOWN_yes",3.05434414316672,0.0303397862064201,2.6314480330652,0.731364809149612
226,"s(lastRippleV1PRE_z):DOWN_yes",3.22422592086699,0.0351757202735984,2.15574885366934,0.644442066633938
227,"s(lastRippleV1PRE_z):DOWN_yes",3.17539585926906,0.0347255589609816,2.17696395589334,0.641171458906101
228,"s(lastRippleV1PRE_z):DOWN_yes",2.61653379422217,0.0218674892799878,2.01241559784879,0.5954538600225
229,"s(lastRippleV1PRE_z):DOWN_yes",2.84886248570671,0.0311064859324297,2.07857208856608,0.612167074482422
230,"s(lastRippleV1PRE_z):DOWN_yes",3.14472637398356,0.0299113692063035,2.33636892162487,0.664274629753143
231,"s(lastRippleV1PRE_z):DOWN_yes",2.95267710725366,0.0257051885313158,2.11508099103428,0.61951366563309
232,"s(lastRippleV1PRE_z):DOWN_yes",2.62610485003057,0.0287926790362265,2.02390895223104,0.708042544202513
233,"s(lastRippleV1PRE_z):DOWN_yes",2.92679726627874,0.0320660442151895,2.12950572770489,0.627146584704671
234,"s(lastRippleV1PRE_z):DOWN_yes",2.81552494713903,0.0271924003952139,2.44166283277685,0.694613307712762
235,"s(lastRippleV1PRE_z):DOWN_yes",3.22052151296043,0.0351359596076962,2.20888196086445,0.650609528173298
236,"s(lastRippleV1PRE_z):DOWN_yes",3.41912625567997,0.0344913810278255,2.84912139388142,0.775795736576211
237,"s(lastRippleV1PRE_z):DOWN_yes",3.11778178628903,0.0318391286433433,2.25693401561468,0.858310255237235
238,"s(lastRippleV1PRE_z):DOWN_yes",3.166202004325,0.0307684501865853,2.41321213935598,0.71224229239865
239,"s(lastRippleV1PRE_z):DOWN_yes",3.02152815808019,0.026470119179013,2.23221193741573,0.653695587641434
240,"s(lastRippleV1PRE_z):DOWN_yes",3.06511866291535,0.0284202666779901,2.38334373371571,0.692543867345403
241,"s(lastRippleV1PRE_z):DOWN_yes",2.85684272357934,0.0278287675293736,2.16795843065855,0.92676005422484
242,"s(lastRippleV1PRE_z):DOWN_yes",2.9611824457491,0.0281530723968251,2.28877222830758,0.649117336825157
243,"s(lastRippleV1PRE_z):DOWN_yes",2.68412311347829,0.0254580884121423,2.03469738463311,0.63698744273037
244,"s(lastRippleV1PRE_z):DOWN_yes",3.13621501897128,0.0302810265511881,2.35153720572433,0.664776378620975
245,"s(lastRippleV1PRE_z):DOWN_yes",3.05733389280354,0.0333431897991777,2.17546489986161,0.640775904984605
246,"s(lastRippleV1PRE_z):DOWN_yes",2.97680707797359,0.0322163561701075,2.11377274585171,0.622633579511653
247,"s(lastRippleV1PRE_z):DOWN_yes",2.61657804451961,0.0220832095255561,2.05193285492409,0.598751742301599
248,"s(lastRippleV1PRE_z):DOWN_yes",2.75233236473672,0.0298186657721162,2.04115454313907,0.601255155150593
249,"s(lastRippleV1PRE_z):DOWN_yes",2.83686623648013,0.0259644186879655,2.16680373488975,0.647488636569642
250,"s(lastRippleV1PRE_z):DOWN_yes",3.20400547626637,0.0347350711638655,2.13984033426975,0.630233809238933
251,"s(lastRippleV1PRE_z):DOWN_yes",2.88737013571354,0.0316847777768421,2.09595679854904,0.663695762837137
252,"s(lastRippleV1PRE_z):DOWN_yes",2.74681017832917,0.0267734892326167,2.05377175313999,0.604409119463613
253,"s(lastRippleV1PRE_z):DOWN_yes",2.94958442230252,0.0321983472202017,2.09809983241928,0.617916783015011
254,"s(lastRippleV1PRE_z):DOWN_yes",2.79653554924595,0.00964099316800066,2.04480584144594,0.601746151048768
255,"s(lastRippleV1PRE_z):DOWN_yes",3.23580057278106,0.0323756121500809,2.54298536261216,0.738465680801994
256,"s(lastRippleV1PRE_z):DOWN_yes",2.91033198734455,0.0277440492979355,2.08571439023794,0.659668489680708
257,"s(lastRippleV1PRE_z):DOWN_yes",3.02742855396069,0.0336102977499451,2.09465718120541,0.696600736162356
258,"s(lastRippleV1PRE_z):DOWN_yes",3.18062440705664,0.0321094559419527,2.2015642343244,0.660666677573909
259,"s(lastRippleV1PRE_z):DOWN_yes",3.00663574808708,0.026308017563913,2.20549394385026,0.644583478421366
260,"s(lastRippleV1PRE_z):DOWN_yes",2.77450126450975,0.0235635724714238,1.98886065325094,0.597049228167918
261,"s(lastRippleV1PRE_z):DOWN_yes",3.26223922524669,0.0279226636282986,2.32873531800754,0.674580489033048
262,"s(lastRippleV1PRE_z):DOWN_yes",2.40969196400121,0.0262060766264977,1.90121441177762,0.559929459066267
263,"s(lastRippleV1PRE_z):DOWN_yes",3.33562039127782,0.0325268174773876,2.46014223200405,0.847135235119852
264,"s(lastRippleV1PRE_z):DOWN_yes",3.14502588023759,0.034252717772151,2.15617606318877,0.635016454112563
265,"s(lastRippleV1PRE_z):DOWN_yes",3.34482679924442,0.0309435352857487,2.36892635823191,0.684310730878655
266,"s(lastRippleV1PRE_z):DOWN_yes",2.81816364256436,0.0259352906754577,2.28339437813043,0.64873689723935
267,"s(lastRippleV1PRE_z):DOWN_yes",2.84639033135167,0.0280627119008668,2.05677695121267,0.605511646168372
268,"s(lastRippleV1PRE_z):DOWN_yes",2.40927586781591,0.0208575120989118,2.07845662104552,0.597376549873657
269,"s(lastRippleV1PRE_z):DOWN_yes",2.97928306583482,0.0273314102647896,2.32669247593748,0.66203683748421
270,"s(lastRippleV1PRE_z):DOWN_yes",2.77760752982062,0.025750916903481,2.1783315844831,0.704394131467694
271,"s(lastRippleV1PRE_z):DOWN_yes",3.02496532890177,0.0304702255401991,2.52111866154102,0.825516757962428
272,"s(lastRippleV1PRE_z):DOWN_yes",3.13720276539467,0.0347351572485927,2.19015232752671,0.645037231786187
273,"s(lastRippleV1PRE_z):DOWN_yes",3.16456273166187,0.0299245034366358,2.27615812941788,0.668330847148212
274,"s(lastRippleV1PRE_z):DOWN_yes",2.91448079921667,0.0316971267300536,2.14566272138584,0.632053238253663
275,"s(lastRippleV1PRE_z):DOWN_yes",3.24274337791073,0.0349955315702959,2.20943205884647,0.650707498795773
276,"s(lastRippleV1PRE_z):DOWN_yes",2.80592411402082,0.0261120508471288,2.27227701966597,0.641738326908383
277,"s(lastRippleV1PRE_z):DOWN_yes",3.40343051761331,0.0334010694059851,2.83082858821262,0.765634765612786
278,"s(lastRippleV1PRE_z):DOWN_yes",3.0730769449775,0.0282480363560863,2.35143310296693,0.665378171925189
279,"s(lastRippleV1PRE_z):DOWN_yes",2.99724628092645,0.0327901837316963,2.11551288167586,0.623035221231463
280,"s(lastRippleV1PRE_z):DOWN_yes",2.8694937208312,0.0316415364663632,2.09372731521987,0.791048149263016
281,"s(lastRippleV1PRE_z):DOWN_yes",2.87706691957853,0.0261267322004921,2.15285310687938,0.623549691623124
282,"s(lastRippleV1PRE_z):DOWN_yes",3.0874394544942,0.0298911672168951,2.4698523777554,0.708107701877395
283,"s(lastRippleV1PRE_z):DOWN_yes",2.65185080829765,0.0249774917291096,2.27078693888087,0.638668255382157
284,"s(lastRippleV1PRE_z):DOWN_yes",2.95673372954346,0.0272717237020381,2.38124213126388,0.681159201920448
285,"s(lastRippleV1PRE_z):DOWN_yes",3.29218426275126,0.0324902850033462,2.70180358431972,0.753252349572166
286,"s(lastRippleV1PRE_z):DOWN_yes",3.05124352962699,0.0333926521268394,2.08956975644085,0.615393768602527
287,"s(lastRippleV1PRE_z):DOWN_yes",2.84541508954247,0.0277899117405604,2.46141192815854,0.681059699533523
288,"s(lastRippleV1PRE_z):DOWN_yes",3.33625609051655,0.0318588795801501,2.45151915320177,0.747529279465615
289,"s(lastRippleV1PRE_z):DOWN_yes",2.82718450663371,0.0313811843110297,2.07545554332679,0.622080206289506
290,"s(lastRippleV1PRE_z):DOWN_yes",2.78115420584547,0.0252494991397808,2.16634403112347,0.643049282946609
291,"s(lastRippleV1PRE_z):DOWN_yes",3.3245369404859,0.0360995434676167,2.18085628370054,0.642278602497359
292,"s(lastRippleV1PRE_z):DOWN_yes",2.76155984828179,0.0301189275490554,2.03995833670397,0.60107860739161
293,"s(lastRippleV1PRE_z):DOWN_yes",3.32510183572654,0.031257625199206,2.26277237902224,0.658292769464557
294,"s(lastRippleV1PRE_z):DOWN_yes",2.85437528499226,0.0312010980093558,2.07916349435774,0.612403042343766
295,"s(lastRippleV1PRE_z):DOWN_yes",3.25796547842188,0.0274533014564109,2.21314547296731,0.653949351347351
296,"s(lastRippleV1PRE_z):DOWN_yes",3.13284317865727,0.0317102030101871,2.74900833888026,0.737288662867658
297,"s(lastRippleV1PRE_z):DOWN_yes",3.06950616515,0.025757864101585,2.1469791197425,0.632459246794655
298,"s(lastRippleV1PRE_z):DOWN_yes",2.9533883372017,0.0278974198000819,2.44703926304235,0.688137731811787
299,"s(lastRippleV1PRE_z):DOWN_yes",2.98033692386641,0.0252845902100146,2.12245296945641,0.628027878867156
300,"s(lastRippleV1PRE_z):DOWN_yes",3.55025104425034,0.0325191698829596,2.57532265670138,0.734091324568132
301,"s(lastRippleV1PRE_z):DOWN_yes",2.94863644772067,0.0279059899044462,2.07238240997182,0.644524660513339
302,"s(lastRippleV1PRE_z):DOWN_yes",3.31616462274055,0.0342163408818339,3.03439815855055,0.836525595946297
303,"s(lastRippleV1PRE_z):DOWN_yes",3.2486934229992,0.0311799723388395,2.56692635196688,0.72747431764994
304,"s(lastRippleV1PRE_z):DOWN_yes",2.94875511815753,0.0278738106488388,2.41183577826488,0.677995697869323
305,"s(lastRippleV1PRE_z):DOWN_yes",3.59246151383867,0.038996103565617,2.28039732352818,0.681174515970093
306,"s(lastRippleV1PRE_z):DOWN_yes",2.92253843680373,0.0252597917290673,2.16637082616421,0.626432650388311
307,"s(lastRippleV1PRE_z):DOWN_yes",2.94864749333011,0.03218200816764,2.09296848969864,0.616592341501892
308,"s(lastRippleV1PRE_z):DOWN_yes",2.72073279833052,0.0228707823463467,2.06752854776199,0.610143572054385
309,"s(lastRippleV1PRE_z):DOWN_yes",3.33819922260076,0.0307710210717952,2.44813962319405,0.69566189888594
310,"s(lastRippleV1PRE_z):DOWN_yes",2.87639339781437,0.0264192123524215,2.30452840994966,0.647662077428194
311,"s(lastRippleV1PRE_z):DOWN_yes",3.41568962219077,0.033215405978308,2.71467173954873,0.759470851912714
312,"s(lastRippleV1PRE_z):DOWN_yes",3.05934782272007,0.0284956672651607,2.15713335197678,0.637472448883848
313,"s(lastRippleV1PRE_z):DOWN_yes",2.96003695369558,0.0322344320341526,2.1152400312511,0.622972040688655
314,"s(lastRippleV1PRE_z):DOWN_yes",3.21498773809992,0.0310495844249142,2.47001013329036,0.724959306500934
315,"s(lastRippleV1PRE_z):DOWN_yes",2.58615508968254,0.0221123023404105,2.00064070040147,0.590876279866511
316,"s(lastRippleV1PRE_z):DOWN_yes",3.07021137178258,0.0275949692244204,2.37058079642003,0.685845089061856
317,"s(lastRippleV1PRE_z):DOWN_yes",3.22240540019066,0.0310509218667325,2.60628042827405,0.728818288314728
318,"s(lastRippleV1PRE_z):DOWN_yes",2.83708296348496,0.0266567055339124,2.07241840334327,0.618937385549939
319,"s(lastRippleV1PRE_z):DOWN_yes",3.14536967839636,0.0285771855287402,2.13923490926846,0.634513754875907
320,"s(lastRippleV1PRE_z):DOWN_yes",2.90905922470542,0.0289113703986522,2.3832560787731,0.785807707800976
321,"s(lastRippleV1PRE_z):DOWN_yes",3.22083571243493,0.0304041850618051,2.50497561927155,0.704947190467905
322,"s(lastRippleV1PRE_z):DOWN_yes",3.00357109758943,0.029350472963498,2.43106908443001,0.685941991319797
323,"s(lastRippleV1PRE_z):DOWN_yes",2.73494781761752,0.0233418787178887,2.05618345391146,0.598876843936084
324,"s(lastRippleV1PRE_z):DOWN_yes",3.06021587196462,0.0332556339101701,2.13741796500874,0.629523471505317
325,"s(lastRippleV1PRE_z):DOWN_yes",3.20129206860382,0.0312059306848444,2.53225634828406,0.701433468437465
326,"s(lastRippleV1PRE_z):DOWN_yes",3.03913247906722,0.0330487336540617,2.09721239548247,0.617655080764877
327,"s(lastRippleV1PRE_z):DOWN_yes",2.83830060939625,0.0306533042987418,2.02576583448452,0.59660659320378
328,"s(lastRippleV1PRE_z):DOWN_yes",2.99851358192253,0.0329508476550898,2.12397505339276,0.625670105433426
329,"s(lastRippleV1PRE_z):DOWN_yes",2.84696491055886,0.023952396159742,2.11790584805021,0.6129582795974
330,"s(lastRippleV1PRE_z):DOWN_yes",2.92705269130064,0.0294224621985336,2.0826652503751,0.618174583960669
331,"s(lastRippleV1PRE_z):DOWN_yes",3.07449763007543,0.0298055054875896,2.53085365475914,0.712865132962687
332,"s(lastRippleV1PRE_z):DOWN_yes",3.05013970824542,0.0292507752536766,2.31558389499772,0.662436471292468
333,"s(lastRippleV1PRE_z):DOWN_yes",3.05073060415023,0.0280831307818271,2.20310199096324,0.641616316211635
334,"s(lastRippleV1PRE_z):DOWN_yes",3.3699011027954,0.0331713203361735,2.79038933006146,0.758059007665992
335,"s(lastRippleV1PRE_z):DOWN_yes",3.30165531002522,0.0285045151179797,2.37921276267983,0.687573259647077
336,"s(lastRippleV1PRE_z):DOWN_yes",3.03559076703626,0.0289071934756203,2.53578668650589,0.696209790509229
337,"s(lastRippleV1PRE_z):DOWN_yes",3.50366038473008,0.0336025452001808,2.72233275524383,0.752886110690403
338,"s(lastRippleV1PRE_z):DOWN_yes",2.8277555126526,0.0267037690766883,1.98772704095172,0.695673908290973
339,"s(lastRippleV1PRE_z):DOWN_yes",3.32865810492449,0.0331979794380809,2.81676448187,0.790519413491823
340,"s(lastRippleV1PRE_z):DOWN_yes",3.20164861097734,0.0316289470033098,2.65114681930974,0.730880327144327
341,"s(lastRippleV1PRE_z):DOWN_yes",2.92318112985252,0.027838022334353,2.26615377433774,0.651624670498035
342,"s(lastRippleV1PRE_z):DOWN_yes",3.07073721460551,0.0298547568572572,2.13582818902938,0.630377356929008
343,"s(lastRippleV1PRE_z):DOWN_yes",2.7462164058375,0.0298340122506937,1.99739085162384,0.588276639339203
344,"s(lastRippleV1PRE_z):DOWN_yes",2.73673432071603,0.0251977993795447,2.27193393808353,0.652979766117691
345,"s(lastRippleV1PRE_z):DOWN_yes",2.85925683452194,0.0284598777171802,2.4433122433789,0.705241225121269
346,"s(lastRippleV1PRE_z):DOWN_yes",3.09659506598313,0.0298921667721003,2.34453403509637,0.679526134921336
347,"s(lastRippleV1PRE_z):DOWN_yes",3.00487129194095,0.0282888745413559,2.38722303033384,0.679645065206852
348,"s(lastRippleV1PRE_z):DOWN_yes",2.87805463564119,0.0272148975022545,2.42842514046293,0.678324226708479
349,"s(lastRippleV1PRE_z):DOWN_yes",3.09739946221898,0.0304395641294418,2.36604284026438,0.708955729283093
350,"s(lastRippleV1PRE_z):DOWN_yes",3.16129997443463,0.02852588787298,2.34306905634395,0.674594069889592
351,"s(lastRippleV1PRE_z):DOWN_yes",2.87135807570472,0.0316169866380967,2.08406128766502,0.613802172076839
352,"s(lastRippleV1PRE_z):DOWN_yes",2.91903520921085,0.0278098167143122,2.11290757900255,0.664967999182879
353,"s(lastRippleV1PRE_z):DOWN_yes",3.18853120170465,0.0311033492790251,2.6894021133857,0.744167334512642
354,"s(lastRippleV1PRE_z):DOWN_yes",2.94646553689234,0.0320226830366108,2.10826524878987,0.620919901046051
355,"s(lastRippleV1PRE_z):DOWN_yes",2.87214617242156,0.0271782410859554,2.10468402836726,0.729323618882487
356,"s(lastRippleV1PRE_z):DOWN_yes",2.75814790342527,0.0232870727032138,2.06723893586149,0.607356271230404
357,"s(lastRippleV1PRE_z):DOWN_yes",2.72244783784773,0.025696227673508,2.34615541077561,0.651305816562694
358,"s(lastRippleV1PRE_z):DOWN_yes",2.96372590534713,0.0251923333955902,2.12328386795172,0.622691615777324
359,"s(lastRippleV1PRE_z):DOWN_yes",3.04746908240816,0.0334075361734154,2.12883672892945,0.627022326974913
360,"s(lastRippleV1PRE_z):DOWN_yes",2.99120061663744,0.0300857528120611,2.14517703421233,0.630599579566731
361,"s(lastRippleV1PRE_z):DOWN_yes",2.71947876135687,0.0300066708859834,2.03497213180773,0.599437705873798
362,"s(lastRippleV1PRE_z):DOWN_yes",2.92782193238995,0.0136870172722323,2.08370506813724,0.614853304393263
363,"s(lastRippleV1PRE_z):DOWN_yes",3.00817715863172,0.0286993082886665,2.4127541986797,0.672518300071343
364,"s(lastRippleV1PRE_z):DOWN_yes",3.28063669151349,0.0312372634210735,2.45365956288457,0.720982870568325
365,"s(lastRippleV1PRE_z):DOWN_yes",3.34243960380128,0.0314634068395411,2.51923266813088,0.722595935515981
366,"s(lastRippleV1PRE_z):DOWN_yes",2.74742416065127,0.0262338408103971,2.05379867941735,0.671246532487286
367,"s(lastRippleV1PRE_z):DOWN_yes",3.47089551942342,0.031970102264058,2.49380682945032,0.703933744310086
368,"s(lastRippleV1PRE_z):DOWN_yes",2.91883114637505,0.0318734101055088,2.09697175309537,0.617578923930458
369,"s(lastRippleV1PRE_z):DOWN_yes",3.44311269588655,0.0310487392897606,2.43792905798017,0.69910353611397
370,"s(lastRippleV1PRE_z):DOWN_yes",2.68718789537317,0.0239909815832565,2.15125909703597,0.622031970963963
371,"s(lastRippleV1PRE_z):DOWN_yes",2.89419044517685,0.0259648129876783,2.25706386401377,0.647916392158618
372,"s(lastRippleV1PRE_z):DOWN_yes",3.38050751008164,0.0300761862752723,2.26600415993582,0.661464854235231
373,"s(lastRippleV1PRE_z):DOWN_yes",3.21018125903119,0.0348998873271797,2.19574200282263,0.646667520713401
374,"s(lastRippleV1PRE_z):DOWN_yes",2.90483565936816,0.0279015557187344,2.39541847089613,0.669447477048631
375,"s(lastRippleV1PRE_z):DOWN_yes",3.0132248045767,0.0288820928933325,2.38768589394593,0.671383586340886
376,"s(lastRippleV1PRE_z):DOWN_yes",3.10993769749818,0.0280746029966986,2.3977506613074,0.680218073403871
377,"s(lastRippleV1PRE_z):DOWN_yes",2.79320880166013,0.0233920812821616,2.04237415032039,0.606210975423074
378,"s(lastRippleV1PRE_z):DOWN_yes",2.66979041966509,0.0263776790168245,2.40051776006918,0.661343295319572
379,"s(lastRippleV1PRE_z):DOWN_yes",3.03715585449788,0.0285654569639378,2.36016787601711,0.699245287323026
380,"s(lastRippleV1PRE_z):DOWN_yes",2.92600427955544,0.0316735279283045,2.12098897077328,0.624684852529798
381,"s(lastRippleV1PRE_z):DOWN_yes",2.91471591733264,0.0281652785404676,2.41723317485194,0.698444068785476
382,"s(lastRippleV1PRE_z):DOWN_yes",2.95064533225151,0.0275238032917362,2.23667457161818,0.64803606834704
383,"s(lastRippleV1PRE_z):DOWN_yes",2.49624482926199,0.0223845380687616,1.962516142235,0.584794768350862
384,"s(lastRippleV1PRE_z):DOWN_yes",3.19949922031442,0.0274258901424998,2.20680370867964,0.646646168288885
385,"s(lastRippleV1PRE_z):DOWN_yes",2.98352100297649,0.0131655620373589,2.11126288779018,0.621499990308555
386,"s(lastRippleV1PRE_z):DOWN_yes",3.08999353999126,0.0259158467200939,2.16778096043207,0.63852742871923
387,"s(lastRippleV1PRE_z):DOWN_yes",3.41979314564497,0.0375031620758047,2.25409682684131,0.663867184150447
388,"s(lastRippleV1PRE_z):DOWN_yes",2.72581268638531,0.0295924201248147,2.03852012245665,0.600460336702641
389,"s(lastRippleV1PRE_z):DOWN_yes",2.85659434167522,0.0265283571773855,2.15327552416443,0.648355465230456
390,"s(lastRippleV1PRE_z):DOWN_yes",3.04790579918392,0.0255992707085709,2.22547917427458,0.653738346427536
391,"s(lastRippleV1PRE_z):DOWN_yes",2.75084311656527,0.0299295661405078,2.02290244678359,0.595864773971923
392,"s(lastRippleV1PRE_z):DOWN_yes",3.43984531041543,0.033810858261965,2.65488883616127,0.734206218123645
393,"s(lastRippleV1PRE_z):DOWN_yes",3.05174950329387,0.0335536522908102,2.08201843762466,0.613172018135518
394,"s(lastRippleV1PRE_z):DOWN_yes",2.99559305458082,0.0276155774263087,2.29894452093469,0.658490688555056
395,"s(lastRippleV1PRE_z):DOWN_yes",3.08503311885681,0.0298440075749893,2.55983251098991,0.702633333275675
396,"s(lastRippleV1PRE_z):DOWN_yes",2.8594884707973,0.0265336709378073,2.23249253668505,0.639098368260358
397,"s(lastRippleV1PRE_z):DOWN_yes",3.59603208646058,0.0362347067212411,2.90493348782093,0.80318344610301
398,"s(lastRippleV1PRE_z):DOWN_yes",2.8415835960261,0.0271235678319392,2.22148709925323,0.64431541738655
399,"s(lastRippleV1PRE_z):DOWN_yes",3.26033218932332,0.0294901330131997,2.30980839550805,0.673292006286576
400,"s(lastRippleV1PRE_z):DOWN_yes",3.24631516679042,0.0297688930588227,2.35844412031818,0.69933269420655
401,"s(lastRippleV1PRE_z):DOWN_yes",2.93596555097249,0.0317952155173758,2.08521184801316,0.61415532940271
402,"s(lastRippleV1PRE_z):DOWN_yes",2.99272883882435,0.0329806445420998,2.07291935385032,0.610508392531252
403,"s(lastRippleV1PRE_z):DOWN_yes",2.9313477662801,0.0277665257874848,2.20359792949522,0.634024195575195
404,"s(lastRippleV1PRE_z):DOWN_yes",2.9911583340744,0.0326050906423002,2.15265194146419,0.634007244286284
405,"s(lastRippleV1PRE_z):DOWN_yes",2.59111047321691,0.024081792580853,2.06032899919273,0.657945706946674
406,"s(lastRippleV1PRE_z):DOWN_yes",3.41258429534062,0.0332965827351116,2.57335825583369,0.770444778236464
407,"s(lastRippleV1PRE_z):DOWN_yes",3.04661859741555,0.0295258070128842,2.4821623205721,0.709914296047287
408,"s(lastRippleV1PRE_z):DOWN_yes",2.81482262526322,0.0267714144506976,2.05714215257768,0.605568220612713
409,"s(lastRippleV1PRE_z):DOWN_yes",2.74694825574318,0.0301423446438188,2.06860829567157,0.609360136154568
410,"s(lastRippleV1PRE_z):DOWN_yes",3.1329895370895,0.0338561401719056,2.10432456729779,0.619857936980983
411,"s(lastRippleV1PRE_z):DOWN_yes",3.46548157528073,0.0322648376846713,2.48863550816736,0.710932382895661
412,"s(lastRippleV1PRE_z):DOWN_yes",3.2132733539769,0.0312363028420048,2.59467633471169,0.762541743945238
413,"s(lastRippleV1PRE_z):DOWN_yes",3.21899417551489,0.0326010087358008,2.75445697943064,0.75954193291831
414,"s(lastRippleV1PRE_z):DOWN_yes",2.86745373635727,0.0273981788342683,2.10818866569255,0.663364382004784
415,"s(lastRippleV1PRE_z):DOWN_yes",2.83303408601087,0.0308227741025434,2.04441208729314,0.602121158113246
416,"s(lastRippleV1PRE_z):DOWN_yes",2.82336337880639,0.0308541019361696,2.10588764055383,0.620203818826602
417,"s(lastRippleV1PRE_z):DOWN_yes",2.98023324257065,0.0327658253434517,2.11814486959231,0.623816221384699
418,"s(lastRippleV1PRE_z):DOWN_yes",3.26288207194328,0.0304059167403188,2.32840588882704,0.664977886300809
419,"s(lastRippleV1PRE_z):DOWN_yes",2.76461756743898,0.0301834646696607,2.03446175622299,0.599160864951239
420,"s(lastRippleV1PRE_z):DOWN_yes",2.8481930273897,0.0311963622623217,2.05347667436668,0.604785318026425
421,"s(lastRippleV1PRE_z):DOWN_yes",2.82211023676063,0.0271242436361185,2.19848115567367,0.720061144812898
422,"s(lastRippleV1PRE_z):DOWN_yes",3.29505166645218,0.003495700202272,2.21325671472666,0.651812000077717
423,"s(lastRippleV1PRE_z):DOWN_yes",2.62243562114526,0.0187322718265317,2.04314900265804,0.601281732882618
424,"s(lastRippleV1PRE_z):DOWN_yes",3.40550938354336,0.0323413809677063,2.43559080227829,0.69349139787517
425,"s(lastRippleV1PRE_z):DOWN_yes",3.08545303708433,0.0293372612166741,2.16354427805648,0.732955677620193
426,"s(lastRippleV1PRE_z):DOWN_yes",2.80113492858985,0.0271402996342175,2.1280211649135,0.900722216366053
427,"s(lastRippleV1PRE_z):DOWN_yes",3.07376175191599,0.0318533578970604,2.59221148877417,0.919723049517031
428,"s(lastRippleV1PRE_z):DOWN_yes",3.42371410759092,0.018025497676493,2.21453810820302,0.652382496480331
429,"s(lastRippleV1PRE_z):DOWN_yes",2.80971624574381,0.0263868783288715,2.36936850166465,0.659445121652203
430,"s(lastRippleV1PRE_z):DOWN_yes",2.89421471216094,0.0278186242544697,2.45955334877108,0.697522992889435
431,"s(lastRippleV1PRE_z):DOWN_yes",2.91421669477018,0.0319139644014436,2.14723088316927,0.632402349754267
432,"s(lastRippleV1PRE_z):DOWN_yes",2.93851276391028,0.0320844084881945,2.12254978052171,0.625120256655146
433,"s(lastRippleV1PRE_z):DOWN_yes",2.71987674711974,0.0226938370278252,2.08259877031219,0.615987986803208
434,"s(lastRippleV1PRE_z):DOWN_yes",3.21155508256781,0.0327968682720114,2.85456065181826,0.829135711636804
435,"s(lastRippleV1PRE_z):DOWN_yes",2.98167391219672,0.0260082529454481,2.27164665665365,0.656249347879203
436,"s(lastRippleV1PRE_z):DOWN_yes",2.52433851946269,0.0280386959907437,1.95467702247977,0.685682142560308
437,"s(lastRippleV1PRE_z):DOWN_yes",3.06167374132103,0.0332689059690708,2.11001343801658,0.621429958825755
438,"s(lastRippleV1PRE_z):DOWN_yes",2.53379427500385,0.0219599010926933,1.98689388151037,0.584605496944722
439,"s(lastRippleV1PRE_z):DOWN_yes",2.68880470273514,0.0292510614269676,2.00103648782856,0.58939402980917
440,"s(lastRippleV1PRE_z):DOWN_yes",2.80712862813711,0.0308326039332386,2.03073745566325,0.611623738383785
441,"s(lastRippleV1PRE_z):DOWN_yes",3.02160543324172,0.0286859461145317,2.29181858332422,0.662014699004389
442,"s(lastRippleV1PRE_z):DOWN_yes",3.15172250729107,0.0290968878418187,2.3594116567667,0.67696396317548
443,"s(lastRippleV1PRE_z):DOWN_yes",3.14851169209062,0.0339144208462684,2.18554211190416,0.643719268803901
444,"s(lastRippleV1PRE_z):DOWN_yes",3.01778195929809,0.0287389107327972,2.41481154608571,0.693465197656297
445,"s(lastRippleV1PRE_z):DOWN_yes",3.02013362090133,0.0214994789096729,2.14213332749354,0.629319676709485
446,"s(lastRippleV1PRE_z):DOWN_yes",3.00818043408609,0.0298188386994686,2.10830642654022,0.621138629493288
447,"s(lastRippleV1PRE_z):DOWN_yes",3.49890995411023,0.0330923163781811,2.23457148677488,0.6624131231032
448,"s(lastRippleV1PRE_z):DOWN_yes",3.04212593122379,0.0281158202282543,2.4198073012212,0.684926998413351
449,"s(lastRippleV1PRE_z):DOWN_yes",3.06097700734696,0.0307596030555368,2.47765016277294,0.687496129050373
450,"s(lastRippleV1PRE_z):DOWN_yes",2.78618293111251,0.0307267843944671,2.09587857100427,0.617394917367051
451,"s(lastRippleV1PRE_z):DOWN_yes",2.68493417489331,0.0227749689127555,2.00461393538759,0.590806145348202
452,"s(lastRippleV1PRE_z):DOWN_yes",3.05660985440912,0.0276656601670715,2.23005791730394,0.643315263338598
453,"s(lastRippleV1PRE_z):DOWN_yes",2.72755740919217,0.0258946153575567,2.11751730518173,0.630857582760501
454,"s(lastRippleV1PRE_z):DOWN_yes",2.87649517677094,0.0274305988532401,2.35435195411483,0.66990768429087
455,"s(lastRippleV1PRE_z):DOWN_yes",2.60437300859062,0.0284289582453845,1.9892718694873,0.585847700520595
456,"s(lastRippleV1PRE_z):DOWN_yes",2.90459664306875,0.0271437875080657,2.40334975211636,0.676187579361857
457,"s(lastRippleV1PRE_z):DOWN_yes",2.96532874527085,0.0170401741470094,2.13124722850634,0.627673227383895
458,"s(lastRippleV1PRE_z):DOWN_yes",3.15244419493298,0.0349730809296361,2.21465561696611,0.652280284262247
459,"s(lastRippleV1PRE_z):DOWN_yes",3.00207478326102,0.026065741687766,2.15607237145845,0.626773343654671
460,"s(lastRippleV1PRE_z):DOWN_yes",3.30990542975163,0.0361260380984036,2.20502162797404,0.649457411329271
461,"s(lastRippleV1PRE_z):DOWN_yes",3.23666456010887,0.0313610229010303,2.47702158617033,0.77672699176062
462,"s(lastRippleV1PRE_z):DOWN_yes",3.16958346447252,0.0346492805024153,2.17332365530004,0.640809265526422
463,"s(lastRippleV1PRE_z):DOWN_yes",2.63294563390581,0.0289410770102615,2.01342436890162,0.592993477958156
464,"s(lastRippleV1PRE_z):DOWN_yes",3.33554573480419,0.0315893158394626,2.25518555548822,0.67465232015889
465,"s(lastRippleV1PRE_z):DOWN_yes",3.02243828905901,0.0254155731911186,2.09109220583017,0.623447234017526
466,"s(lastRippleV1PRE_z):DOWN_yes",3.46883905785556,0.0321785442452824,2.48657561867374,0.711312212545516
467,"s(lastRippleV1PRE_z):DOWN_yes",3.02317028788213,0.028670033041187,2.18915625382285,0.661659676543644
468,"s(lastRippleV1PRE_z):DOWN_yes",3.00894006944782,0.0290836429496834,2.15332555456057,0.747997741172198
469,"s(lastRippleV1PRE_z):DOWN_yes",2.81418718231379,0.0275854529066944,2.29151161874684,0.722129704379332
470,"s(lastRippleV1PRE_z):DOWN_yes",3.14239282820232,0.0287606293144428,2.33795693951163,0.670855370076787
471,"s(lastRippleV1PRE_z):DOWN_yes",3.03441686001037,0.0300659904182886,2.49918527889115,0.799948781045669
472,"s(lastRippleV1PRE_z):DOWN_yes",2.80643194652239,0.0237941157693407,2.11984082630376,0.617106281176529
473,"s(lastRippleV1PRE_z):DOWN_yes",3.19908175523525,0.0273092065715293,2.20472203832232,0.647561964844435
474,"s(lastRippleV1PRE_z):DOWN_yes",3.14107530256733,0.0299957221973622,2.55467970764636,0.737943450412774
475,"s(lastRippleV1PRE_z):DOWN_yes",2.74815697507911,0.0301099886145827,2.01884299307657,0.708314906527995
476,"s(lastRippleV1PRE_z):DOWN_yes",2.76079571157196,0.0298020950250733,2.02872513378891,0.597812888580776
477,"s(lastRippleV1PRE_z):DOWN_yes",2.69201289640471,0.024320381676011,2.28004798120554,0.643878336801538
478,"s(lastRippleV1PRE_z):DOWN_yes",3.1137513576585,0.028645185823665,2.43347200780369,0.701281411091752
479,"s(lastRippleV1PRE_z):DOWN_yes",2.86363014016675,0.0232763439989461,2.08279506667693,0.610990514095155
480,"s(lastRippleV1PRE_z):DOWN_yes",2.79152437452151,0.0269116370171021,2.4691401113122,0.680702169137427
481,"s(lastRippleV1PRE_z):DOWN_yes",3.12901215174218,0.0301755415617756,2.40838897204486,0.704662672687774
482,"s(lastRippleV1PRE_z):DOWN_yes",2.75112696826267,0.0282092418728216,2.06271942872481,0.815514225312525
483,"s(lastRippleV1PRE_z):DOWN_yes",3.3066337662717,0.0359971501994718,2.27346974011079,0.669575354737661
484,"s(lastRippleV1PRE_z):DOWN_yes",2.86495485186073,0.025655209491099,2.2345636900862,0.650356093360341
485,"s(lastRippleV1PRE_z):DOWN_yes",2.52481078297097,0.0275153463925341,1.97670767002659,0.582315561269527
486,"s(lastRippleV1PRE_z):DOWN_yes",2.90007041312482,0.0313611581023452,2.02976869855513,0.597854308013479
487,"s(lastRippleV1PRE_z):DOWN_yes",2.78694980003263,0.0270826500414778,2.35232255748166,0.661043544481399
488,"s(lastRippleV1PRE_z):DOWN_yes",2.48326998603209,0.0274073419670708,2.00652600870844,0.590936478508779
489,"s(lastRippleV1PRE_z):DOWN_yes",3.07612244288551,0.0281583130603057,2.34946657774665,0.666889351065535
490,"s(lastRippleV1PRE_z):DOWN_yes",2.79322947388549,0.0250977635774998,2.02675489890135,0.62689457676436
491,"s(lastRippleV1PRE_z):DOWN_yes",3.26229196848645,0.0355274735620569,2.15557298790847,0.634831341582413
492,"s(lastRippleV1PRE_z):DOWN_yes",3.16351253913709,0.0346337375784071,2.15597123290058,0.635017365676399
493,"s(lastRippleV1PRE_z):DOWN_yes",2.9931523382331,0.0164961914319904,2.13128462349859,0.627100703942515
494,"s(lastRippleV1PRE_z):DOWN_yes",2.46838060245494,0.0266816472946135,1.97148858167194,0.580632808372369
495,"s(lastRippleV1PRE_z):DOWN_yes",3.02928886732834,0.0330319332718716,2.17552696312266,0.640781567900595
496,"s(lastRippleV1PRE_z):DOWN_yes",2.88611738321704,0.0267593624134352,2.35100572342381,0.660479564993809
497,"s(lastRippleV1PRE_z):DOWN_yes",3.13206485780996,0.0285825529502939,2.44519567411352,0.696556691370588
498,"s(lastRippleV1PRE_z):DOWN_yes",3.0949811895019,0.0302014776250821,2.63244494858824,0.736123903545461
499,"s(lastRippleV1PRE_z):DOWN_yes",3.28259893651106,0.028203864922002,2.2782355894386,0.667141658240168
500,"s(lastRippleV1PRE_z):DOWN_yes",3.02759535756173,0.0297263412697333,2.48561087659239,0.753751346539728
501,"s(lastRippleV1PRE_z):DOWN_yes",2.92800093369899,0.02848954075927,2.53990968097152,0.696212086080828
502,"s(lastRippleV1PRE_z):DOWN_yes",3.03372236196825,0.0289758747612423,2.3467140264593,0.724741875479034
503,"s(lastRippleV1PRE_z):DOWN_yes",2.69763324284729,0.0259788284872468,2.09267099452681,0.985327668322787
504,"s(lastRippleV1PRE_z):DOWN_yes",2.7768039633185,0.0308172105963686,2.07116128047594,0.774101806736475
505,"s(lastRippleV1PRE_z):DOWN_yes",3.10284252243423,0.0337820253386163,2.14143668631191,0.630675773635722
506,"s(lastRippleV1PRE_z):DOWN_yes",3.07491155527178,0.0268752882460952,2.21497574785158,0.649126124933013
507,"s(lastRippleV1PRE_z):DOWN_yes",2.67321634036262,0.0248260171558866,2.29352484650201,0.654918500330081
508,"s(lastRippleV1PRE_z):DOWN_yes",2.92334573016244,0.031929181676902,2.11867460794914,0.624028145878498
509,"s(lastRippleV1PRE_z):DOWN_yes",2.91956236720836,0.0283698532940441,2.47395926438835,0.723239976709996
510,"s(lastRippleV1PRE_z):DOWN_yes",2.83522012117972,0.0256771233779177,2.22484669212403,0.640669305284603
511,"s(lastRippleV1PRE_z):DOWN_yes",3.57123096587772,0.0353164019562984,2.78679895518567,0.77102915716602
512,"s(lastRippleV1PRE_z):DOWN_yes",2.93329317559536,0.0246091363064498,2.10250261816232,0.621910383969138
513,"s(lastRippleV1PRE_z):DOWN_yes",3.21790597672592,0.029565189320377,2.43482636142714,0.686987075171185
514,"s(lastRippleV1PRE_z):DOWN_yes",2.77354710260185,0.0263829830164357,2.4165719306585,0.668009239080317
515,"s(lastRippleV1PRE_z):DOWN_yes",2.67962344905808,0.0261181768605118,2.02469288910074,0.923860351325844
516,"s(lastRippleV1PRE_z):DOWN_yes",2.59188722550781,0.0219919230405369,1.97851948122163,0.584571414118008
517,"s(lastRippleV1PRE_z):DOWN_yes",2.83716371692891,0.0307690071394092,2.06861128636894,0.609421965757095
518,"s(lastRippleV1PRE_z):DOWN_yes",2.77129738446963,0.0301000967505819,2.04500031187305,0.602432235398051
519,"s(lastRippleV1PRE_z):DOWN_yes",3.04134296145888,0.0289940220152146,2.57913415856774,0.709019600329309
520,"s(lastRippleV1PRE_z):DOWN_yes",3.16972854566289,0.0346168491708809,2.17855109086451,0.641675889771639
521,"s(lastRippleV1PRE_z):DOWN_yes",3.29337400487179,0.0128841130066611,2.14614977165995,0.631536643971678
522,"s(lastRippleV1PRE_z):DOWN_yes",3.33670436193359,0.0307068375107034,2.45162947296954,0.696687047056117
523,"s(lastRippleV1PRE_z):DOWN_yes",2.92329525967717,0.027564696449694,2.42291303638541,0.698746360900377
524,"s(lastRippleV1PRE_z):DOWN_yes",3.11107896417484,0.0338566792543229,2.15237831132914,0.633940054273662
525,"s(lastRippleV1PRE_z):DOWN_yes",3.04608562187924,0.0333187753363668,2.11961669976489,0.624462295592211
526,"s(lastRippleV1PRE_z):DOWN_yes",3.14335749839212,0.0312268599719185,2.74661540997392,0.74866380542904
527,"s(lastRippleV1PRE_z):DOWN_yes",3.08829231824741,0.029844791838792,2.65161800068258,0.724996828641688
528,"s(lastRippleV1PRE_z):DOWN_yes",2.57202754405848,0.0248207555029104,1.95916648827769,0.575937976503192
529,"s(lastRippleV1PRE_z):DOWN_yes",3.16857656748573,0.0297426456645772,2.51152522757408,0.699454247366826
530,"s(lastRippleV1PRE_z):DOWN_yes",2.83194376964093,0.0239356454143039,2.14660971134815,0.626399869684569
531,"s(lastRippleV1PRE_z):DOWN_yes",2.76762878426553,0.0253570087170469,2.26210822581065,0.64174214759181
532,"s(lastRippleV1PRE_z):DOWN_yes",3.2192504254898,0.0304163928728029,2.26838039205901,0.661910840765054
533,"s(lastRippleV1PRE_z):DOWN_yes",3.45458389404571,0.0349421113721561,2.97319422022143,0.79169077858883
534,"s(lastRippleV1PRE_z):DOWN_yes",2.98268305704415,0.0277373737408815,2.31146126214272,0.671488416944354
535,"s(lastRippleV1PRE_z):DOWN_yes",3.12503926732817,0.0344557468177263,2.16792507470808,0.638654721487834
536,"s(lastRippleV1PRE_z):DOWN_yes",3.4053656325186,0.0319449176361287,2.4475737985611,0.733165724265419
537,"s(lastRippleV1PRE_z):DOWN_yes",2.68411859249061,0.0299561322837593,2.03561197875813,0.599555569080097
538,"s(lastRippleV1PRE_z):DOWN_yes",2.85379675228498,0.0261307893215642,2.31877668840795,0.651459861134533
539,"s(lastRippleV1PRE_z):DOWN_yes",2.75292213897799,0.0259889753045961,2.12288862320498,0.629390651831247
540,"s(lastRippleV1PRE_z):DOWN_yes",3.13452369271124,0.0221380288269103,2.14075012425032,0.632980860241501
541,"s(lastRippleV1PRE_z):DOWN_yes",3.03081916193646,0.0329551660415142,2.14851708714798,0.632759141622421
542,"s(lastRippleV1PRE_z):DOWN_yes",2.8900138464895,0.0271482485342,2.11234499205138,0.616288628008832
543,"s(lastRippleV1PRE_z):DOWN_yes",2.92653914963575,0.0274316309587704,2.13245398617346,0.618318943626334
544,"s(lastRippleV1PRE_z):DOWN_yes",2.9553739200055,0.0280127020701537,2.24695615883762,0.646176079930076
545,"s(lastRippleV1PRE_z):DOWN_yes",2.55176235936032,0.0223910625465854,2.09583660803124,0.601955652187987
546,"s(lastRippleV1PRE_z):DOWN_yes",3.45985136162812,0.0320028471062775,2.47726551354748,0.700874496147236
547,"s(lastRippleV1PRE_z):DOWN_yes",3.68689621920564,0.0343578328587399,2.67749900228166,0.750128584805518
548,"s(lastRippleV1PRE_z):DOWN_yes",3.126118902633,0.032186917508899,2.64220100539647,0.893938510667348
549,"s(lastRippleV1PRE_z):DOWN_yes",3.41980164003789,0.0293366665410675,2.33021555420949,0.677110003811929
550,"s(lastRippleV1PRE_z):DOWN_yes",2.4866464562638,0.0208653793485495,1.99166015149168,0.585441982598885
551,"s(lastRippleV1PRE_z):DOWN_yes",3.3157620214252,0.0301849573544866,2.25753336444018,0.663718932257193
552,"s(lastRippleV1PRE_z):DOWN_yes",3.31947421575105,0.0302280632509542,2.4439211881757,0.70281175768467
553,"s(lastRippleV1PRE_z):DOWN_yes",3.08075935735947,0.0312694935101315,2.61547050772507,0.809120048029437
554,"s(lastRippleV1PRE_z):DOWN_yes",2.50917258600662,0.0211529495880275,1.9218680578573,0.579376868370747
555,"s(lastRippleV1PRE_z):DOWN_yes",3.01343828008997,0.0284078803066147,2.34100386733151,0.674483889281833
556,"s(lastRippleV1PRE_z):DOWN_yes",3.01185633041368,0.0288285545870793,2.27696445216256,0.656441403496536
557,"s(lastRippleV1PRE_z):DOWN_yes",2.76270628360717,0.0261187728060621,2.17999026456879,0.626739241682732
558,"s(lastRippleV1PRE_z):DOWN_yes",3.27806947094538,0.0296817281129449,2.31695000997338,0.679552226441029
559,"s(lastRippleV1PRE_z):DOWN_yes",2.80967712732237,0.0305545039418894,2.05119850420337,0.604180478262558
560,"s(lastRippleV1PRE_z):DOWN_yes",3.34153547376817,0.0318352159116767,2.37448231552412,0.692165820045022
561,"s(lastRippleV1PRE_z):DOWN_yes",3.05779164719686,0.0263141055862504,2.19677696361887,0.648855547205298
562,"s(lastRippleV1PRE_z):DOWN_yes",3.0775443135881,0.0262933034302334,2.0939177192307,0.630890922809777
563,"s(lastRippleV1PRE_z):DOWN_yes",3.01170607700294,0.0329303388371751,2.15049222213436,0.633355407305534
564,"s(lastRippleV1PRE_z):DOWN_yes",3.12277208303533,0.0337979985955434,2.2299938501532,0.656818413195544
565,"s(lastRippleV1PRE_z):DOWN_yes",3.08901373011821,0.0332756661861555,2.16624901155488,0.638022658839216
566,"s(lastRippleV1PRE_z):DOWN_yes",2.72081023876413,0.0228048997908492,2.0099558682832,0.603683602958141
567,"s(lastRippleV1PRE_z):DOWN_yes",2.84033821033597,0.0278807015722887,2.04897268594344,0.756214013887696
568,"s(lastRippleV1PRE_z):DOWN_yes",3.03697922317464,0.026115440618928,2.14428299505615,0.631451027954191
569,"s(lastRippleV1PRE_z):DOWN_yes",2.84405385513338,0.0255759726185876,2.13907693667381,0.627338417407441
570,"s(lastRippleV1PRE_z):DOWN_yes",3.37060746836346,0.0374033526094938,2.20821552327621,0.766034734172863
571,"s(lastRippleV1PRE_z):DOWN_yes",3.03236348207146,0.0329337761563403,2.0967120452321,0.619731068060602
572,"s(lastRippleV1PRE_z):DOWN_yes",2.73938495429386,0.026139913005971,1.97586893518473,0.690914408205618
573,"s(lastRippleV1PRE_z):DOWN_yes",3.08674483440836,0.0294288985748058,2.21924437010479,0.651278109445084
574,"s(lastRippleV1PRE_z):DOWN_yes",3.18752207299346,0.0292241682060606,2.32990964022825,0.658393630680906
575,"s(lastRippleV1PRE_z):DOWN_yes",2.98288719130611,0.0294618186628909,1.98219354929959,0.688843661557482
576,"s(lastRippleV1PRE_z):DOWN_yes",3.04995037748629,0.0333482933156849,2.13457689552357,0.628666026598438
577,"s(lastRippleV1PRE_z):DOWN_yes",2.75640670330789,0.025970862852294,2.34455607411149,0.653606514625173
578,"s(lastRippleV1PRE_z):DOWN_yes",3.17146133678732,0.0309029721315095,2.47204868892844,0.841810398546798
579,"s(lastRippleV1PRE_z):DOWN_yes",2.81708302735724,0.0286659664883708,2.07763225395097,0.611919184001046
580,"s(lastRippleV1PRE_z):DOWN_yes",3.34878442563337,0.0306009808917013,2.49084796594554,0.702703090356658
581,"s(lastRippleV1PRE_z):DOWN_yes",2.97146743377466,0.0314492470536525,2.14685660342302,0.632307098870057
582,"s(lastRippleV1PRE_z):DOWN_yes",3.05491131580995,0.0266338598280998,2.20076083409324,0.639679056662021
583,"s(lastRippleV1PRE_z):DOWN_yes",2.98010487337639,0.0322104468343734,2.12779061599442,0.62665505198422
584,"s(lastRippleV1PRE_z):DOWN_yes",2.82481297324535,0.0270320845367562,2.36946035787645,0.674296950922845
585,"s(lastRippleV1PRE_z):DOWN_yes",3.29354630609037,0.0309341210749166,2.49626467405393,0.711514472645027
586,"s(lastRippleV1PRE_z):DOWN_yes",3.07501252412495,0.0273258782127587,2.2904815294478,0.66091108460025
587,"s(lastRippleV1PRE_z):DOWN_yes",3.55664790854593,0.0344573227564525,2.69674398522249,0.744642330770481
588,"s(lastRippleV1PRE_z):DOWN_yes",2.67817855984821,0.0292650727636443,1.99027323108414,0.586166550691803
589,"s(lastRippleV1PRE_z):DOWN_yes",2.6268143682922,0.0288649462716805,2.03684294537956,0.599949997846602
590,"s(lastRippleV1PRE_z):DOWN_yes",2.97491116703156,0.0291893284406627,2.54083139857764,0.701438962963764
591,"s(lastRippleV1PRE_z):DOWN_yes",3.31259139220042,0.0324102947718342,2.68672730101293,0.744656727370168
592,"s(lastRippleV1PRE_z):DOWN_yes",3.34838380997994,0.0365798601641177,2.23206033504156,0.657352672426579
593,"s(lastRippleV1PRE_z):DOWN_yes",2.81896566549096,0.0151093125242891,2.1042373636906,0.619778892820168
594,"s(lastRippleV1PRE_z):DOWN_yes",2.88805389351856,0.0244115637041498,2.12771858501885,0.619962507943988
595,"s(lastRippleV1PRE_z):DOWN_yes",2.63762079798965,0.0237489117783005,1.99995348719008,0.607280013055197
596,"s(lastRippleV1PRE_z):DOWN_yes",2.70543403744751,0.0295228484175043,2.03083170884504,0.598350599513733
597,"s(lastRippleV1PRE_z):DOWN_yes",2.79535183629027,0.0272746915463999,2.39366958270315,0.754471610079212
598,"s(lastRippleV1PRE_z):DOWN_yes",2.68371820269972,0.0227827837040811,2.10587256323622,0.615734436517859
599,"s(lastRippleV1PRE_z):DOWN_yes",3.098395237724,0.0336173078582594,2.10317513964962,0.619559180579618
600,"s(lastRippleV1PRE_z):DOWN_yes",2.86421119626241,0.0313228985922582,2.05363395822061,0.604869962357257
601,"s(lastRippleV1PRE_z):DOWN_yes",2.72961197419901,0.0242940994277189,2.17727045899541,0.622778672347474
602,"s(lastRippleV1PRE_z):DOWN_yes",2.86015059839858,0.0311927151737449,2.10134767804236,0.618861306176948
603,"s(lastRippleV1PRE_z):DOWN_yes",3.16453160466027,0.0297334444091677,2.26249394017317,0.675286973842645
604,"s(lastRippleV1PRE_z):DOWN_yes",2.88232638486819,0.0267213984638097,2.29874712483709,0.654443899340573
605,"s(lastRippleV1PRE_z):DOWN_yes",3.03319519884354,0.0273788856293675,2.33742306176952,0.663731017970953
606,"s(lastRippleV1PRE_z):DOWN_yes",2.98447224663279,0.0327620640915651,2.06927900218037,0.609419203432432
607,"s(lastRippleV1PRE_z):DOWN_yes",3.06480190710882,0.00196360579007991,2.14233650734249,0.630822839477901
608,"s(lastRippleV1PRE_z):DOWN_yes",3.20447146884774,0.0270051443307138,2.25082963693351,0.668300339041228
609,"s(lastRippleV1PRE_z):DOWN_yes",2.81790468079946,0.0308765665213722,2.03075402297017,0.59812441447726
610,"s(lastRippleV1PRE_z):DOWN_yes",2.91837802956967,0.0265328765969827,2.06785944429334,0.611958280493267
611,"s(lastRippleV1PRE_z):DOWN_yes",2.87006389407684,0.0314665936558263,2.09901980725905,0.618174950482427
612,"s(lastRippleV1PRE_z):DOWN_yes",3.39985497375713,0.032121233655075,2.48175705397123,0.699236314698961
613,"s(lastRippleV1PRE_z):DOWN_yes",3.06046681719829,0.0334192135140695,2.16519010680917,0.637734117361838
614,"s(lastRippleV1PRE_z):DOWN_yes",2.88518745193081,0.0314920522924142,2.09107512734619,0.616021780808631
615,"s(lastRippleV1PRE_z):DOWN_yes",2.97063418086649,0.0330820915101303,2.14863358454278,0.632823698786183
616,"s(lastRippleV1PRE_z):DOWN_yes",3.22588083231595,0.0351274668369645,2.20259770464119,0.648684349238933
617,"s(lastRippleV1PRE_z):DOWN_yes",2.97246456303523,0.0280990773041872,2.38651524302678,0.672317941356994
618,"s(lastRippleV1PRE_z):DOWN_yes",3.17689957496583,0.0344416981138688,2.16829704079095,0.638661338180381
619,"s(lastRippleV1PRE_z):DOWN_yes",2.77441722572101,0.0247750016477645,2.07667308182756,0.609538192984759
620,"s(lastRippleV1PRE_z):DOWN_yes",3.45119479476672,0.0317592846312372,2.42959093206305,0.725881153858487
621,"s(lastRippleV1PRE_z):DOWN_yes",3.04997294559425,0.0300354389279679,2.11449068118115,0.651539091988039
622,"s(lastRippleV1PRE_z):DOWN_yes",2.99633983850525,0.0325075050198597,2.13317798650872,0.628413927148483
623,"s(lastRippleV1PRE_z):DOWN_yes",3.01859005181883,0.0290071325625359,2.30276506904807,0.661603724646683
624,"s(lastRippleV1PRE_z):DOWN_yes",2.86996596406305,0.0239407066504194,2.05792460583631,0.605759501971677
625,"s(lastRippleV1PRE_z):DOWN_yes",3.04377769574868,0.0262063852663214,2.18367372541618,0.636704929591375
626,"s(lastRippleV1PRE_z):DOWN_yes",3.36218464345371,0.0290255533888413,2.23028239216932,0.6545434222216
627,"s(lastRippleV1PRE_z):DOWN_yes",3.08780400589142,0.0343424945470925,2.19371816296582,0.646356258794554
628,"s(lastRippleV1PRE_z):DOWN_yes",3.04147832708459,0.0320157524390461,2.9566361005731,0.77397760584958
629,"s(lastRippleV1PRE_z):DOWN_yes",2.97365042126263,0.0327584047818893,2.12946129582557,0.627273027737322
630,"s(lastRippleV1PRE_z):DOWN_yes",2.93580728206669,0.0318646146533506,2.15870673023771,0.635731928897067
631,"s(lastRippleV1PRE_z):DOWN_yes",3.13455044943573,0.0295688483167663,2.46960406736663,0.712615200877196
632,"s(lastRippleV1PRE_z):DOWN_yes",3.33624844233803,0.031220518307531,2.55864508862403,0.71683239153384
633,"s(lastRippleV1PRE_z):DOWN_yes",3.24825972575528,0.0355748715187517,2.20740860980204,0.650096086386177
634,"s(lastRippleV1PRE_z):DOWN_yes",2.71328885580687,0.0274850249923285,2.04606833003391,0.692090339419129
635,"s(lastRippleV1PRE_z):DOWN_yes",2.8192439275682,0.0315621428883917,2.11580947840028,0.623145110469598
636,"s(lastRippleV1PRE_z):DOWN_yes",2.79137953627888,0.0307576568106891,2.0842951606858,0.614097095324301
637,"s(lastRippleV1PRE_z):DOWN_yes",2.60682333856147,0.022217946663866,2.00464410209363,0.588825199251662
638,"s(lastRippleV1PRE_z):DOWN_yes",2.81611716981213,0.0309850960662865,2.05550718131436,0.688669960923933
639,"s(lastRippleV1PRE_z):DOWN_yes",3.30558162012393,0.0332696308961667,2.86987576271561,0.854030376229546
640,"s(lastRippleV1PRE_z):DOWN_yes",2.87143434693946,0.0316433186266205,2.10634961919463,0.620416006644479
641,"s(lastRippleV1PRE_z):DOWN_yes",2.56744153446383,0.00183785617706492,1.94669350987579,0.57336900138689
642,"s(lastRippleV1PRE_z):DOWN_yes",3.02054966850736,0.0327609493081711,2.14886858526738,0.632856864288588
643,"s(lastRippleV1PRE_z):DOWN_yes",2.77842522174848,0.0242759378781151,2.20305046386266,0.633640123370201
644,"s(lastRippleV1PRE_z):DOWN_yes",2.84693158225181,0.0245530739884574,2.137014162516,0.616992143207843
645,"s(lastRippleV1PRE_z):DOWN_yes",3.3330701533856,0.0314941842401925,2.61147140040572,0.725492790489081
646,"s(lastRippleV1PRE_z):DOWN_yes",2.95834363239867,0.0323701316690909,2.10974294371861,0.632071476240382
647,"s(lastRippleV1PRE_z):DOWN_yes",3.05394708574828,0.0330462881496008,2.14816444617306,0.632653716839931
648,"s(lastRippleV1PRE_z):DOWN_yes",2.96206010758442,0.0254248359533276,2.08096953389697,0.621786559585984
649,"s(lastRippleV1PRE_z):DOWN_yes",3.54831084195252,0.0322111131218247,2.37599345052662,0.692566834646207
650,"s(lastRippleV1PRE_z):DOWN_yes",2.9639058947406,0.0325723471605076,2.12702931817416,0.626425690509212
651,"s(lastRippleV1PRE_z):DOWN_yes",3.20128252237848,0.0302352228465316,2.4221777592166,0.691167297388664
652,"s(lastRippleV1PRE_z):DOWN_yes",2.92810978024578,0.0284096516637807,2.64523180959936,0.761805095889241
653,"s(lastRippleV1PRE_z):DOWN_yes",2.87558402137817,0.0257654930499829,2.12430361357743,0.619036562533743
654,"s(lastRippleV1PRE_z):DOWN_yes",2.70041090877405,0.0264214949454522,2.31838663711445,0.841550274057106
655,"s(lastRippleV1PRE_z):DOWN_yes",2.79688456725764,0.010805966814622,2.03771088118975,0.599996889340661
656,"s(lastRippleV1PRE_z):DOWN_yes",3.11338521740003,0.0311322652048605,2.31020472748266,0.76086561537712
657,"s(lastRippleV1PRE_z):DOWN_yes",2.92454111906093,0.0251808476337751,2.11903346021062,0.617972595319629
658,"s(lastRippleV1PRE_z):DOWN_yes",2.99774615612775,0.0272863439540445,2.15539708645211,0.631782598212815
659,"s(lastRippleV1PRE_z):DOWN_yes",3.14116015317012,0.029375520132127,2.34830073043078,0.723233095272383
660,"s(lastRippleV1PRE_z):DOWN_yes",2.56147861388273,0.0280269804786032,2.0063266348841,0.590906618886004
661,"s(lastRippleV1PRE_z):DOWN_yes",3.10606841167108,0.0341262297153921,2.11932344803619,0.624155964920841
662,"s(lastRippleV1PRE_z):DOWN_yes",3.36790874568544,0.0305840703960119,2.41590874725081,0.687034260412134
663,"s(lastRippleV1PRE_z):DOWN_yes",2.879033617837,0.0245110848771691,2.10035348476581,0.619329326772356
664,"s(lastRippleV1PRE_z):DOWN_yes",3.02152696033328,0.028509602750145,2.37690968559859,0.670015446683145
665,"s(lastRippleV1PRE_z):DOWN_yes",3.26539063912159,0.0297835999711967,2.4561505543701,0.692909820623824
666,"s(lastRippleV1PRE_z):DOWN_yes",2.92014771040612,0.0279930015027766,2.14626825311801,0.721185696314891
667,"s(lastRippleV1PRE_z):DOWN_yes",2.88627103150771,0.0263480222764965,2.16560777299803,0.632335570495682
668,"s(lastRippleV1PRE_z):DOWN_yes",2.94975440387051,0.0249119914226967,2.17128926675395,0.648406049512127
669,"s(lastRippleV1PRE_z):DOWN_yes",3.15554249765123,0.0287632547543994,2.37511438936995,0.671235989581438
670,"s(lastRippleV1PRE_z):DOWN_yes",2.85100434006597,0.028253008715473,1.93583717576003,0.763219514255654
671,"s(lastRippleV1PRE_z):DOWN_yes",2.74612654927172,0.0083255921695873,2.00627519244468,0.590640677371819
672,"s(lastRippleV1PRE_z):DOWN_yes",2.97098138805881,0.0271218341243164,2.0993348612525,0.615147791180115
673,"s(lastRippleV1PRE_z):DOWN_yes",2.94608676489029,0.0323379075764756,2.07277884510295,0.723026899841183
674,"s(lastRippleV1PRE_z):DOWN_yes",2.79656994999398,0.0253380685966053,2.30865810435866,0.655876852170874
675,"s(lastRippleV1PRE_z):DOWN_yes",3.31496088545348,0.0349125461864353,2.24476324644011,0.831030743208821
676,"s(lastRippleV1PRE_z):DOWN_yes",2.98407592219189,0.0327345102073232,2.1306954065771,0.681898693238414
677,"s(lastRippleV1PRE_z):DOWN_yes",2.8514781139178,0.027165409842168,2.35224033724684,0.6760536794594
678,"s(lastRippleV1PRE_z):DOWN_yes",3.05304376346722,0.026059684861213,2.16687516363926,0.632916267010116
679,"s(lastRippleV1PRE_z):DOWN_yes",2.92039081325373,0.0264716571126679,2.29672164727153,0.668919849352734
680,"s(lastRippleV1PRE_z):DOWN_yes",3.57869896788848,0.0336868443821464,2.57581303801753,0.747562962078919
681,"s(lastRippleV1PRE_z):DOWN_yes",2.78516124870509,0.0263909245011308,2.01396238861618,0.604241820570141
682,"s(lastRippleV1PRE_z):DOWN_yes",3.55323840080963,0.0332852945663575,2.54518931716765,0.709257975113049
683,"s(lastRippleV1PRE_z):DOWN_yes",3.46100651720092,0.0335261172379541,2.56584380255601,0.724863871249479
684,"s(lastRippleV1PRE_z):DOWN_yes",2.90161420255446,0.024702670560691,2.13600233668967,0.625307930896551
685,"s(lastRippleV1PRE_z):DOWN_yes",3.2299884499732,0.029670834990323,2.4288073241237,0.702847980020798
686,"s(lastRippleV1PRE_z):DOWN_yes",2.86317921534981,0.0239405228040479,2.07513758306589,0.613111212265646
687,"s(lastRippleV1PRE_z):DOWN_yes",2.79198449945376,0.0270601732615299,2.39302923849369,0.672447203802126
688,"s(lastRippleV1PRE_z):DOWN_yes",2.8731259838156,0.0316965389514657,2.12123427319466,0.789057324243704
689,"s(lastRippleV1PRE_z):DOWN_yes",2.75858093533788,0.0298585118414882,2.01470793509784,0.593356263136298
690,"s(lastRippleV1PRE_z):DOWN_yes",2.93393670152011,0.0295281580533977,2.33364034025365,0.776640606404398
691,"s(lastRippleV1PRE_z):DOWN_yes",3.33155366960061,0.0314016026061567,2.61400402361922,0.730617462757391
692,"s(lastRippleV1PRE_z):DOWN_yes",2.86768708918061,0.0318470174373742,2.09885674813866,0.618871347086361
693,"s(lastRippleV1PRE_z):DOWN_yes",2.73523176626541,0.0232526557648018,2.08999100163128,0.610135474866341
694,"s(lastRippleV1PRE_z):DOWN_yes",2.9693906573599,0.027042818502539,2.27183304205238,0.65325875628697
695,"s(lastRippleV1PRE_z):DOWN_yes",2.72571610689703,0.0230422700938907,2.06342817243516,0.608845264699429
696,"s(lastRippleV1PRE_z):DOWN_yes",2.58142272055625,0.0251878549688049,2.06196282411693,0.663697426111995
697,"s(lastRippleV1PRE_z):DOWN_yes",3.12041022314442,0.0282100396948455,2.32566950812131,0.671796646757674
698,"s(lastRippleV1PRE_z):DOWN_yes",3.59696124351347,0.0389834174833168,2.3146042631901,0.681665844089345
699,"s(lastRippleV1PRE_z):DOWN_yes",2.84607763383237,0.0263995601203953,2.27442690931665,0.653116507044274
700,"s(lastRippleV1PRE_z):DOWN_yes",2.89487326663462,0.0266773753553436,2.28172445095282,0.646700285185492
701,"s(lastRippleV1PRE_z):DOWN_yes",3.16569915766889,0.0270925722067073,2.20571256563318,0.639710150647667
702,"s(lastRippleV1PRE_z):DOWN_yes",3.07499017230493,0.0272331058373751,2.29560067332789,0.660379480601752
703,"s(lastRippleV1PRE_z):DOWN_yes",3.12244804738403,0.0304540280474326,2.48639411018781,0.692087674708651
704,"s(lastRippleV1PRE_z):DOWN_yes",2.75021947419993,0.0225835807365277,2.0291726400312,0.594519636548489
705,"s(lastRippleV1PRE_z):DOWN_yes",2.6425000284974,0.0287949704912153,1.99516636787343,0.587582373543001
706,"s(lastRippleV1PRE_z):DOWN_yes",3.17935320417258,0.0346354064360897,2.12514595737079,0.625973983567423
707,"s(lastRippleV1PRE_z):DOWN_yes",3.07650615332183,0.0306836950606785,2.59134348963244,0.717250103109161
708,"s(lastRippleV1PRE_z):DOWN_yes",2.70545995656116,0.0237915617295402,1.98751158212946,0.586893340108264
709,"s(lastRippleV1PRE_z):DOWN_yes",3.30595854198422,0.0361458820983023,2.23090840668616,0.657057751244945
710,"s(lastRippleV1PRE_z):DOWN_yes",3.09916323672894,0.0300189183572578,2.27486369993925,0.836851341926292
711,"s(lastRippleV1PRE_z):DOWN_yes",3.21487808872789,0.0345131039646344,2.18289316345127,0.642950243696834
712,"s(lastRippleV1PRE_z):DOWN_yes",3.41042831215153,0.0330398565812881,2.45012655592273,0.716726805994429
713,"s(lastRippleV1PRE_z):DOWN_yes",2.75235649462546,0.0255484149818581,1.99914174047974,0.595907735463204
714,"s(lastRippleV1PRE_z):DOWN_yes",3.23193003366456,0.0319964538027181,2.60203009907841,0.717648838290212
715,"s(lastRippleV1PRE_z):DOWN_yes",2.83863751757742,0.0255614638404251,2.0118855008372,0.611803295006939
716,"s(lastRippleV1PRE_z):DOWN_yes",2.88159828143982,0.0316048610347569,2.0899768673652,0.615571643422527
717,"s(lastRippleV1PRE_z):DOWN_yes",2.9309025089702,0.0318446094470001,2.10095207773773,0.618853885532463
718,"s(lastRippleV1PRE_z):DOWN_yes",3.07124315329633,0.0305854451254597,2.65724542080576,0.724741016776396
719,"s(lastRippleV1PRE_z):DOWN_yes",3.14314585652073,0.030469379675763,2.44514902810127,0.684162941517822
720,"s(lastRippleV1PRE_z):DOWN_yes",2.74066977622982,0.0266903435415291,2.09599504360052,0.613624851163401
721,"s(lastRippleV1PRE_z):DOWN_yes",3.06433066939845,0.0281008465029035,2.33934804582512,0.670430753931763
722,"s(lastRippleV1PRE_z):DOWN_yes",3.03367613731455,0.00263428075008923,2.14139268282876,0.630496239540266
723,"s(lastRippleV1PRE_z):DOWN_yes",3.17819143603136,0.0348688136496859,2.16457193801228,0.637508734469075
724,"s(lastRippleV1PRE_z):DOWN_yes",2.81761639559401,0.0264304409540192,2.31499102891781,0.666957408600935
725,"s(lastRippleV1PRE_z):DOWN_yes",3.28197631202147,0.0323387129350873,2.57609979576653,0.785516075516546
726,"s(lastRippleV1PRE_z):DOWN_yes",2.47528982671863,0.0232923010493288,1.95439354055218,0.574847077559784
727,"s(lastRippleV1PRE_z):DOWN_yes",2.90023078605731,0.0276863271281934,2.41236079412711,0.691273101562563
728,"s(lastRippleV1PRE_z):DOWN_yes",2.88065212834818,0.0272146093571835,2.358985688148,0.658849771877433
729,"s(lastRippleV1PRE_z):DOWN_yes",2.96527658935835,0.0288560093489381,2.40435596031874,0.678537302939075
730,"s(lastRippleV1PRE_z):DOWN_yes",2.93459707368778,0.028043221970898,2.33256815606728,0.659334975199831
731,"s(lastRippleV1PRE_z):DOWN_yes",2.97557583609388,0.0291964044831119,2.54139138482401,0.745555540204454
732,"s(lastRippleV1PRE_z):DOWN_yes",3.35117434841227,0.0305394066940752,2.29064011621128,0.665692114468827
733,"s(lastRippleV1PRE_z):DOWN_yes",3.38510100396507,0.0336223492028947,2.60478339945697,0.740710943445434
734,"s(lastRippleV1PRE_z):DOWN_yes",3.02248359195381,0.0288863149896728,2.25654464277204,0.765211601235205
735,"s(lastRippleV1PRE_z):DOWN_yes",2.82552536787537,0.0309251699700988,2.06120066247781,0.607039364081259
736,"s(lastRippleV1PRE_z):DOWN_yes",3.04325994366304,0.00368854252154778,2.14965636002064,0.632954874787413
737,"s(lastRippleV1PRE_z):DOWN_yes",2.60849447087393,0.0237655342514931,2.14632075561575,0.612556765467764
738,"s(lastRippleV1PRE_z):DOWN_yes",2.92036994989314,0.0264360075508912,2.10678502531864,0.619497288482023
739,"s(lastRippleV1PRE_z):DOWN_yes",2.94022424218351,0.0263021590260595,2.21865487455632,0.638116099870691
740,"s(lastRippleV1PRE_z):DOWN_yes",2.88805385369276,0.0317313686199298,2.12887285758267,0.626973946457756
741,"s(lastRippleV1PRE_z):DOWN_yes",2.91659758746905,0.0266634672770313,2.02811226348335,0.605709685996111
742,"s(lastRippleV1PRE_z):DOWN_yes",3.09380313646411,0.0337327129864604,2.10720027919003,0.620587229772717
743,"s(lastRippleV1PRE_z):DOWN_yes",3.20920455208738,0.0304499023177376,2.25034234633179,0.709530519737617
744,"s(lastRippleV1PRE_z):DOWN_yes",3.40437482744856,0.0323598154040253,2.39625957226786,0.691192756517792
745,"s(lastRippleV1PRE_z):DOWN_yes",2.7983475423561,0.0233544605639376,2.07799015895307,0.61428313938348
746,"s(lastRippleV1PRE_z):DOWN_yes",3.37498781221241,0.0368426790487923,2.24954143712026,0.662592608920322
747,"s(lastRippleV1PRE_z):DOWN_yes",3.16843362556675,0.0314203126955482,2.55837554809391,0.798680489607023
748,"s(lastRippleV1PRE_z):DOWN_yes",3.66314229784223,0.0376912979512591,2.69071926664305,0.743191121811547
749,"s(lastRippleV1PRE_z):DOWN_yes",3.28774456344749,0.0314328535774225,2.51501975836482,0.726627551503774
750,"s(lastRippleV1PRE_z):DOWN_yes",3.44371396427685,0.0293018545382963,2.24704584193264,0.665872470292503
751,"s(lastRippleV1PRE_z):DOWN_yes",2.9854137603233,0.0253888879735065,2.16342340707623,0.641466923123641
752,"s(lastRippleV1PRE_z):DOWN_yes",3.00385817380412,0.0272390617164745,2.16568278994655,0.634382347852204
753,"s(lastRippleV1PRE_z):DOWN_yes",2.90430449087903,0.0316019359728083,2.12702008442692,0.626427059452315
754,"s(lastRippleV1PRE_z):DOWN_yes",3.07317283879901,0.0268306263802117,2.25953512757922,0.65416278071899
755,"s(lastRippleV1PRE_z):DOWN_yes",2.5471191515138,0.0277054182771952,1.97978093172736,0.583069538987295
756,"s(lastRippleV1PRE_z):DOWN_yes",3.0019035488194,0.0299286175405161,2.53479257133289,0.728415174850572
757,"s(lastRippleV1PRE_z):DOWN_yes",3.35848549976538,0.0304310688497918,2.44368346583261,0.693935693841134
758,"s(lastRippleV1PRE_z):DOWN_yes",2.99213196035732,0.0043632094166056,2.16869686242527,0.638803251682067
759,"s(lastRippleV1PRE_z):DOWN_yes",2.53532762936627,0.0240345585862982,1.99198272915122,0.63737186847543
760,"s(lastRippleV1PRE_z):DOWN_yes",2.99872473510321,0.0256257017378636,2.14241320867652,0.630584414728785
761,"s(lastRippleV1PRE_z):DOWN_yes",2.89230292529788,0.0273001211178823,2.45322921787153,0.694910186068732
762,"s(lastRippleV1PRE_z):DOWN_yes",2.76075246901417,0.0230599622825734,2.04911354255009,0.598329371620595
763,"s(lastRippleV1PRE_z):DOWN_yes",3.28575810833217,0.0301673980957714,2.26676858740453,0.654485399569083
764,"s(lastRippleV1PRE_z):DOWN_yes",2.81538891346577,0.0241195073330013,2.19370715483743,0.636141639431758
765,"s(lastRippleV1PRE_z):DOWN_yes",3.00360253976622,0.0273446606594082,2.2433086013881,0.646965406017771
766,"s(lastRippleV1PRE_z):DOWN_yes",2.86986674187084,0.0310319218120055,2.07714926558968,0.611824015105957
767,"s(lastRippleV1PRE_z):DOWN_yes",2.64171578263053,0.0223620466228483,2.04906616591732,0.605560275605881
768,"s(lastRippleV1PRE_z):DOWN_yes",3.14683414583224,0.0305660855060549,2.44653021214712,0.710117836729071
769,"s(lastRippleV1PRE_z):DOWN_yes",2.64381711340265,0.0226770757266924,2.10776211361354,0.616945438046978
770,"s(lastRippleV1PRE_z):DOWN_yes",2.79282120014333,0.0263226307745037,2.33337080351471,0.686828139204973
771,"s(lastRippleV1PRE_z):DOWN_yes",3.14718004343656,0.028499327060507,2.35353348762478,0.674026872109053
772,"s(lastRippleV1PRE_z):DOWN_yes",2.9305966620584,0.026760041483344,2.27687771487726,0.644755666579279
773,"s(lastRippleV1PRE_z):DOWN_yes",2.87219081150848,0.031373511703656,2.12397592558426,0.625533715132037
774,"s(lastRippleV1PRE_z):DOWN_yes",3.00816728228252,0.0328698910824148,2.17445498263934,0.640390094892512
775,"s(lastRippleV1PRE_z):DOWN_yes",2.74650684791668,0.0259102087907014,2.2121511271515,0.711977139432891
776,"s(lastRippleV1PRE_z):DOWN_yes",3.11364118286731,0.0269682868394195,2.2368629219151,0.659796746058613
777,"s(lastRippleV1PRE_z):DOWN_yes",3.09561360197539,0.0336967164977124,2.19461221692524,0.646590623521124
778,"s(lastRippleV1PRE_z):DOWN_yes",2.89323821823629,0.0270523513412539,2.4335176263546,0.67959871852662
779,"s(lastRippleV1PRE_z):DOWN_yes",3.16468627815982,0.0295233830518533,2.41285037920024,0.687137024213771
780,"s(lastRippleV1PRE_z):DOWN_yes",2.93795517646146,0.0321428734185033,2.11070719444205,0.621777101832105
781,"s(lastRippleV1PRE_z):DOWN_yes",2.6822550131412,0.0290180331918308,2.03854825632675,0.600365977892158
782,"s(lastRippleV1PRE_z):DOWN_yes",2.95537018187215,0.0271000499642544,2.20872472549568,0.663159648036387
783,"s(lastRippleV1PRE_z):DOWN_yes",2.92999207514542,0.0319273538344398,2.09879758787591,0.618142248648324
784,"s(lastRippleV1PRE_z):DOWN_yes",2.89049296488597,0.0247861723355469,2.16820286864166,0.632684101760304
785,"s(lastRippleV1PRE_z):DOWN_yes",2.91057789047171,0.0322620222209678,2.03827103382811,0.807492445608607
786,"s(lastRippleV1PRE_z):DOWN_yes",2.86667197664069,0.0279212117452965,2.35588727581825,0.662798845887637
787,"s(lastRippleV1PRE_z):DOWN_yes",2.9668784316347,0.0323441579365306,2.08292935142825,0.61345422105808
788,"s(lastRippleV1PRE_z):DOWN_yes",3.09843851358172,0.02869468400531,2.31072924793011,0.665845989670437
789,"s(lastRippleV1PRE_z):DOWN_yes",3.22249359988837,0.031053937985894,2.40046701297523,0.67997708433609
790,"s(lastRippleV1PRE_z):DOWN_yes",3.3534798852903,0.0314556663317994,2.62623478845529,0.734106299608172
791,"s(lastRippleV1PRE_z):DOWN_yes",2.82309208414817,0.0311274823549168,2.07106440673017,0.609955912130856
792,"s(lastRippleV1PRE_z):DOWN_yes",2.97884069333086,0.0298691804537062,2.13832807821857,0.62889032314991
793,"s(lastRippleV1PRE_z):DOWN_yes",3.18708323366981,0.0330520727161106,2.42524874436625,0.701985247607974
794,"s(lastRippleV1PRE_z):DOWN_yes",3.03472035250777,0.0332987539300618,2.12066307929377,0.624591776130215
795,"s(lastRippleV1PRE_z):DOWN_yes",2.84081550474321,0.0312319871057419,2.09890905579738,0.618233102840747
796,"s(lastRippleV1PRE_z):DOWN_yes",2.97489768195345,0.0323150970137428,2.07269321436483,0.610437663134657
797,"s(lastRippleV1PRE_z):DOWN_yes",2.80603681724518,0.0169669429435293,2.09552520875409,0.617102695552305
798,"s(lastRippleV1PRE_z):DOWN_yes",3.39523466187662,0.0324448295595055,2.64267497789875,0.752524906927329
799,"s(lastRippleV1PRE_z):DOWN_yes",2.94305564305267,0.026869382451953,2.26819129000383,0.648314433650131
800,"s(lastRippleV1PRE_z):DOWN_yes",3.02965956637974,0.0119151728718977,2.14063062301444,0.629553156376281
801,"s(lastRippleV1PRE_z):DOWN_yes",2.8765625115516,0.0315020436413984,2.10250109514987,0.619262938373911
802,"s(lastRippleV1PRE_z):DOWN_yes",3.28366300955042,0.0357348323249542,2.23559277848065,0.658429316882541
803,"s(lastRippleV1PRE_z):DOWN_yes",2.68288844686547,0.0292449969941232,1.99742982036803,0.588266760421021
804,"s(lastRippleV1PRE_z):DOWN_yes",2.87914998379952,0.0145207324065468,2.06452106872479,0.606757505381342
805,"s(lastRippleV1PRE_z):DOWN_yes",3.0043609928489,0.0324997147338098,2.12550743761305,0.626029039929304
806,"s(lastRippleV1PRE_z):DOWN_yes",2.93405512314575,0.0147284774977806,2.14725050983211,0.631002189943364
807,"s(lastRippleV1PRE_z):DOWN_yes",2.76733604428726,0.0239673223339941,2.02385814614752,0.597523475610933
808,"s(lastRippleV1PRE_z):DOWN_yes",3.17474147812167,0.0307401378526347,2.59632528258439,0.722848345190962
809,"s(lastRippleV1PRE_z):DOWN_yes",3.22001735974162,0.0308678718284219,2.37379375844183,0.736692743410046
810,"s(lastRippleV1PRE_z):DOWN_yes",2.76519951218051,0.0301468691805044,2.01338128098747,0.593084875723698
811,"s(lastRippleV1PRE_z):DOWN_yes",3.2125018656133,0.0347752917033774,2.19681297828252,0.647208518848266
812,"s(lastRippleV1PRE_z):DOWN_yes",3.39300624303863,0.0321143643929824,2.36752131853088,0.772440191450638
813,"s(lastRippleV1PRE_z):DOWN_yes",3.17249464226702,0.0301390468282135,2.56990014030026,0.711264086476264
814,"s(lastRippleV1PRE_z):DOWN_yes",2.61925379888635,0.0250791062390688,2.25204667351809,0.662732792264341
815,"s(lastRippleV1PRE_z):DOWN_yes",2.86890178146857,0.0314306460565819,2.07708254633532,0.61175756296037
816,"s(lastRippleV1PRE_z):DOWN_yes",3.24904990516699,0.0329189454779508,2.71226032366502,0.833969141445297
817,"s(lastRippleV1PRE_z):DOWN_yes",2.92666426354737,0.0299553259571148,2.62513238791825,0.832158898964154
818,"s(lastRippleV1PRE_z):DOWN_yes",3.69410948574691,0.0338386233869481,2.62599646760234,0.745035809984232
819,"s(lastRippleV1PRE_z):DOWN_yes",2.42009264267946,0.0260162217204091,1.90686962358739,0.561601049058973
820,"s(lastRippleV1PRE_z):DOWN_yes",3.2369313411516,0.0291519663708831,2.31020286044313,0.665388707157735
821,"s(lastRippleV1PRE_z):DOWN_yes",2.80953379059266,0.0236731860285796,2.1343341615688,0.626386473801618
822,"s(lastRippleV1PRE_z):DOWN_yes",2.7120806059772,0.0230196770855825,2.07160945212904,0.608020694613836
823,"s(lastRippleV1PRE_z):DOWN_yes",3.34522846908779,0.0316203141988933,2.52423746007419,0.722505296861485
824,"s(lastRippleV1PRE_z):DOWN_yes",2.92203387920714,0.0315861147156147,2.09225549068518,0.616176728874533
825,"s(lastRippleV1PRE_z):DOWN_yes",3.21641725468852,0.0301219651103914,2.55753556227388,0.718041571667797
826,"s(lastRippleV1PRE_z):DOWN_yes",3.0112144336289,0.0293230984604233,2.3706662263736,0.786343415428628
827,"s(lastRippleV1PRE_z):DOWN_yes",3.19554708768326,0.0309430654127157,2.48006228906387,0.742309673089229
828,"s(lastRippleV1PRE_z):DOWN_yes",3.01030207632436,0.0287193171151954,2.23866587766328,0.831279976134594
829,"s(lastRippleV1PRE_z):DOWN_yes",2.79503604755549,0.0266444700542698,2.10109592727137,0.668712032835484
830,"s(lastRippleV1PRE_z):DOWN_yes",3.13369606869727,0.0298406143542423,2.2546089877909,0.660555737700919
831,"s(lastRippleV1PRE_z):DOWN_yes",3.30853797181351,0.036299748180556,2.23873268141313,0.705144189323582
832,"s(lastRippleV1PRE_z):DOWN_yes",3.18627796950618,0.0355936909143509,2.20787586902701,0.781707689130801
833,"s(lastRippleV1PRE_z):DOWN_yes",3.13789383809669,0.0344994635089957,2.21731345687828,0.813241478744596
834,"s(lastRippleV1PRE_z):DOWN_yes",3.05669563635653,0.0281154701421676,2.36106011202969,0.673150416874058
835,"s(lastRippleV1PRE_z):DOWN_yes",3.30372482277764,0.0298422759422228,2.34914246531215,0.673692752560729
836,"s(lastRippleV1PRE_z):DOWN_yes",3.54732323193508,0.0384689349703413,2.29686104190773,0.676529183757695
837,"s(lastRippleV1PRE_z):DOWN_yes",2.95783114592815,0.0282842072414936,2.39716022938993,0.676255266887467
838,"s(lastRippleV1PRE_z):DOWN_yes",3.17415162372811,0.029925862465723,2.23855367002317,0.650386434424539
839,"s(lastRippleV1PRE_z):DOWN_yes",3.08172660995192,0.0290393862574443,2.25397374261228,0.651926903797679
840,"s(lastRippleV1PRE_z):DOWN_yes",2.98092153406142,0.0323806955093575,2.10936558213181,0.621239020440001
841,"s(lastRippleV1PRE_z):DOWN_yes",2.89139197678707,0.0193235435072138,2.07117954101549,0.609491286518455
842,"s(lastRippleV1PRE_z):DOWN_yes",3.27165879395858,0.0302538551896047,2.31968535651635,0.693539936684065
843,"s(lastRippleV1PRE_z):DOWN_yes",2.77120868406584,0.0305050136623712,2.07027024995422,0.618281753327623
844,"s(lastRippleV1PRE_z):DOWN_yes",2.84884796193255,0.0281665126864164,2.39098337218228,0.706022072811026
845,"s(lastRippleV1PRE_z):DOWN_yes",3.20965682101365,0.0271757958876927,2.24436006025177,0.656494142832887
846,"s(lastRippleV1PRE_z):DOWN_yes",3.04965168633197,0.0334130986609523,2.14827980066724,0.632811952012741
847,"s(lastRippleV1PRE_z):DOWN_yes",2.97713779519639,0.0274343611584997,2.39762676317112,0.67859675551118
848,"s(lastRippleV1PRE_z):DOWN_yes",2.95558715611536,0.0251199198350764,2.10730852080831,0.621608647846485
849,"s(lastRippleV1PRE_z):DOWN_yes",2.9746248339796,0.0283356797943686,2.16038287325246,0.703173584740813
850,"s(lastRippleV1PRE_z):DOWN_yes",2.86354689675578,0.0315623339230433,2.05828246192707,0.856284243242051
851,"s(lastRippleV1PRE_z):DOWN_yes",2.95191246426682,0.0267639242764634,2.22704899043238,0.651650985865817
852,"s(lastRippleV1PRE_z):DOWN_yes",2.86452351838786,0.0254856112692756,2.23386404755958,0.642357868179468
853,"s(lastRippleV1PRE_z):DOWN_yes",3.11187839688436,0.0301890622619735,2.45431309936954,0.739544911477413
854,"s(lastRippleV1PRE_z):DOWN_yes",2.93705282581119,0.0049109710904573,2.09655762255787,0.617332706484494
855,"s(lastRippleV1PRE_z):DOWN_yes",3.32728592808773,0.0364114509797702,2.18655381550528,0.644235662006573
856,"s(lastRippleV1PRE_z):DOWN_yes",3.12546439119305,0.0302074098523309,2.29724649309493,0.71267619675164
857,"s(lastRippleV1PRE_z):DOWN_yes",3.03254341649292,0.0289330270877328,2.38522120366788,0.701133213475571
858,"s(lastRippleV1PRE_z):DOWN_yes",3.22663570847786,0.0352166835433502,2.19096364258909,0.645324307436928
859,"s(lastRippleV1PRE_z):DOWN_yes",3.54408127085943,0.034762798344988,2.67283902303084,0.76094720287963
860,"s(lastRippleV1PRE_z):DOWN_yes",2.80506302803489,0.0266182941661106,2.07970618387434,0.6268333507108
861,"s(lastRippleV1PRE_z):DOWN_yes",3.002261502524,0.0277449725888906,2.3778209763174,0.669128050080588
862,"s(lastRippleV1PRE_z):DOWN_yes",2.95477270121146,0.0253463250786329,2.21623423548185,0.643484766519421
863,"s(lastRippleV1PRE_z):DOWN_yes",2.86499654761386,0.0249457671837555,2.07525378441828,0.610716336638814
864,"s(lastRippleV1PRE_z):DOWN_yes",2.80248093058936,0.0181304235584288,2.012542335261,0.593407354549208
865,"s(lastRippleV1PRE_z):DOWN_yes",3.29502900988573,0.0357529670352629,2.20473433197617,0.649311732421493
866,"s(lastRippleV1PRE_z):DOWN_yes",2.61226188278998,0.0238988907354598,2.07234639812909,0.607902466891943
867,"s(lastRippleV1PRE_z):DOWN_yes",2.97050858510953,0.0278940834407051,2.191262245736,0.644478864168146
868,"s(lastRippleV1PRE_z):DOWN_yes",2.81114505371778,0.0238013619716037,2.21164561811519,0.646596937406208
869,"s(lastRippleV1PRE_z):DOWN_yes",2.73595631712688,0.0297183250594788,2.04672148699304,0.602782773797453
870,"s(lastRippleV1PRE_z):DOWN_yes",2.86018066176468,0.0313389084578252,2.06953862104585,0.609568951227982
871,"s(lastRippleV1PRE_z):DOWN_yes",2.8853368618693,0.0245886285905889,2.02544638168292,0.601493135784435
872,"s(lastRippleV1PRE_z):DOWN_yes",2.97590980239152,0.0273351648232697,2.30138092436125,0.661094152189272
873,"s(lastRippleV1PRE_z):DOWN_yes",2.98730626634471,0.0284990947432301,2.33732243389156,0.663216964345624
874,"s(lastRippleV1PRE_z):DOWN_yes",2.77216348436015,0.0307382842736056,2.07209919869518,0.610246408096515
875,"s(lastRippleV1PRE_z):DOWN_yes",3.04391315054826,0.030016510791451,2.55889558573542,0.707391362912094
876,"s(lastRippleV1PRE_z):DOWN_yes",2.73158916574112,0.03009975195051,2.00100626500863,0.589388687766697
877,"s(lastRippleV1PRE_z):DOWN_yes",3.07787077376313,0.028182942219731,2.24248644064931,0.65520140290928
878,"s(lastRippleV1PRE_z):DOWN_yes",3.03219494689197,0.0257781449984266,2.14774297122392,0.630778277748909
879,"s(lastRippleV1PRE_z):DOWN_yes",2.87498607844727,0.0286182329808692,2.49620288251453,0.694338833239847
880,"s(lastRippleV1PRE_z):DOWN_yes",2.87282576076107,0.0316047751850695,2.05969471022303,0.682051140961462
881,"s(lastRippleV1PRE_z):DOWN_yes",3.38997793931705,0.0318509127059446,2.51657275502029,0.717376871872864
882,"s(lastRippleV1PRE_z):DOWN_yes",3.05844796514726,0.0333205744830986,2.1742203805208,0.640325795905443
883,"s(lastRippleV1PRE_z):DOWN_yes",2.98656545763192,0.0325198063363519,2.05673500866789,0.605720735633087
884,"s(lastRippleV1PRE_z):DOWN_yes",2.93826368806826,0.0324319284556746,2.08904767231444,0.615311243660336
885,"s(lastRippleV1PRE_z):DOWN_yes",3.1326172484467,0.0306528977960435,2.71139572059118,0.816311166990351
886,"s(lastRippleV1PRE_z):DOWN_yes",2.89313300702803,0.0283060283437337,2.42284843221529,0.777303380263466
887,"s(lastRippleV1PRE_z):DOWN_yes",2.83837782998588,0.0253157070495205,2.27163013021362,0.647401769659078
888,"s(lastRippleV1PRE_z):DOWN_yes",3.233518164412,0.0308887736312892,2.56982482443266,0.717523498672963
889,"s(lastRippleV1PRE_z):DOWN_yes",3.1530229883465,0.030793956839735,2.39873369212571,1.03889256251071
890,"s(lastRippleV1PRE_z):DOWN_yes",3.16388789147566,0.0301114133145086,2.32340457215693,0.661353963927454
891,"s(lastRippleV1PRE_z):DOWN_yes",3.29742201164468,0.0361015451070384,2.14302092334458,0.631137396210165
892,"s(lastRippleV1PRE_z):DOWN_yes",2.64221413110108,0.0288280358351895,1.96726643746372,0.729834333779049
893,"s(lastRippleV1PRE_z):DOWN_yes",2.94856107507017,0.025440308218405,2.24034042125884,0.648068839781991
894,"s(lastRippleV1PRE_z):DOWN_yes",3.79808132187213,0.0370194600815148,2.78324536321846,0.784293392932192
895,"s(lastRippleV1PRE_z):DOWN_yes",2.60766826879589,0.0242163768202847,2.265128451289,0.63464631451199
896,"s(lastRippleV1PRE_z):DOWN_yes",2.70839219344799,0.0250655245890908,2.30069739266605,0.644834313402228
897,"s(lastRippleV1PRE_z):DOWN_yes",2.79375948220252,0.0261722588362769,2.37727906393531,0.688844326867085
898,"s(lastRippleV1PRE_z):DOWN_yes",3.36207925610303,0.0311127245388119,2.50592407780009,0.703798415247032
899,"s(lastRippleV1PRE_z):DOWN_yes",2.61121843497878,0.0287625683179664,2.06127693202646,0.628529478374943
900,"s(lastRippleV1PRE_z):DOWN_yes",2.82552161545961,0.027213368737265,1.86804835855076,0.621204328607275
901,"s(lastRippleV1PRE_z):DOWN_yes",3.27870597216759,0.0317825354447104,2.33612500105419,0.668688240450069
902,"s(lastRippleV1PRE_z):DOWN_yes",2.69712917819737,0.0257368021506231,2.44344063087408,0.667258849431239
903,"s(lastRippleV1PRE_z):DOWN_yes",3.25412407494311,0.0307888885334793,2.40816925785141,0.736889937023109
904,"s(lastRippleV1PRE_z):DOWN_yes",2.71713603293475,0.0266108729607663,2.31716945326109,0.685437380478596
905,"s(lastRippleV1PRE_z):DOWN_yes",3.00308159265506,0.0276503090853499,2.33597618459815,0.672829794576869
906,"s(lastRippleV1PRE_z):DOWN_yes",2.6591066804303,0.0249784475983638,2.22269027970521,0.628135692079451
907,"s(lastRippleV1PRE_z):DOWN_yes",3.03246390784714,0.0335066322557857,2.06862754408311,0.959629130903829
908,"s(lastRippleV1PRE_z):DOWN_yes",2.74765366958726,0.0231556338871738,2.08297203868884,0.612801884843039
909,"s(lastRippleV1PRE_z):DOWN_yes",2.62965878152324,0.0236062555287424,2.07609083924835,0.604045840607978
910,"s(lastRippleV1PRE_z):DOWN_yes",3.17726886799432,0.0319604384406528,2.65542034522149,0.772849223722087
911,"s(lastRippleV1PRE_z):DOWN_yes",2.86299875029407,0.0229502928488379,2.11971688938933,0.621834944926017
912,"s(lastRippleV1PRE_z):DOWN_yes",2.61376667172722,0.0243889634628529,1.96723053211175,0.581227205924427
913,"s(lastRippleV1PRE_z):DOWN_yes",3.05458170918312,0.029236143477951,2.51756824580973,0.693846511767463
914,"s(lastRippleV1PRE_z):DOWN_yes",2.60067176109608,0.0278116142137168,1.99666641099962,0.588195050752984
915,"s(lastRippleV1PRE_z):DOWN_yes",3.11509247124235,0.0307294228222321,2.4350410741232,0.783361721206471
916,"s(lastRippleV1PRE_z):DOWN_yes",3.15215703898056,0.0306709907547049,2.68028970806961,0.755356194419534
917,"s(lastRippleV1PRE_z):DOWN_yes",2.99554254360562,0.0288400465136682,2.42160934322547,0.698195761524224
918,"s(lastRippleV1PRE_z):DOWN_yes",3.24947947542127,0.0115348471755779,2.22801505941834,0.656313951782935
919,"s(lastRippleV1PRE_z):DOWN_yes",2.795225789843,0.026717581102127,2.38347437860675,0.678810694287693
920,"s(lastRippleV1PRE_z):DOWN_yes",2.73933519541014,0.0296367035465722,2.00198086093106,0.589620360099806
921,"s(lastRippleV1PRE_z):DOWN_yes",2.66876194538222,0.029083846406416,2.0202738595543,0.5950831079684
922,"s(lastRippleV1PRE_z):DOWN_yes",3.30973640173233,0.0311441666298916,2.40944981765013,0.709490661390454
923,"s(lastRippleV1PRE_z):DOWN_yes",2.94669700834525,0.0275936530315361,2.15589104477559,0.636717299677581
924,"s(lastRippleV1PRE_z):DOWN_yes",2.62213637867602,0.0247154380643009,2.09861412042723,0.610393447130603
925,"s(lastRippleV1PRE_z):DOWN_yes",3.46738887664086,0.0383533451323238,2.24804688285118,0.962821124924927
926,"s(lastRippleV1PRE_z):DOWN_yes",2.65462455975547,0.0293232487006301,2.00635900153644,0.590891532476078
927,"s(lastRippleV1PRE_z):DOWN_yes",3.11499380863927,0.033996086359293,2.19007207439643,0.645030837130704
928,"s(lastRippleV1PRE_z):DOWN_yes",2.78136645852783,0.0243713878363297,2.0200636350161,0.59503810329383
929,"s(lastRippleV1PRE_z):DOWN_yes",2.46817997950489,0.021185612507987,1.98749676488903,0.582667710117825
930,"s(lastRippleV1PRE_z):DOWN_yes",3.01265236867471,0.0327099972253795,2.09829135719478,0.6180216306229
931,"s(lastRippleV1PRE_z):DOWN_yes",2.8012319675788,0.0305469473604748,2.05758313747275,0.605968176516481
932,"s(lastRippleV1PRE_z):DOWN_yes",3.08910083431026,0.0307824277407942,2.58531226495248,0.713398298740652
933,"s(lastRippleV1PRE_z):DOWN_yes",2.83692434617944,0.0314239109633152,2.08393915591883,0.614067551123032
934,"s(lastRippleV1PRE_z):DOWN_yes",3.22869560212015,0.0312166746526092,2.65686086277063,0.764332850909645
935,"s(lastRippleV1PRE_z):DOWN_yes",3.25877563252818,0.0353805533270789,2.20311657303976,0.648937535586374
936,"s(lastRippleV1PRE_z):DOWN_yes",3.12172683969358,0.0336758122547991,2.168761082403,0.638830909378587
937,"s(lastRippleV1PRE_z):DOWN_yes",2.94127900469451,0.0322379482788705,2.05981847950901,0.606642442774805
938,"s(lastRippleV1PRE_z):DOWN_yes",3.16867318201507,0.0345071490015598,2.15702315770338,0.635263406717556
939,"s(lastRippleV1PRE_z):DOWN_yes",3.00145948951483,0.0327809720515794,2.13111608307398,0.627705719828887
940,"s(lastRippleV1PRE_z):DOWN_yes",3.10990827339045,0.0342007918093096,2.16523405756987,0.638070308623006
941,"s(lastRippleV1PRE_z):DOWN_yes",3.2157054592831,0.0315398752365495,2.49985777770779,0.814151500240352
942,"s(lastRippleV1PRE_z):DOWN_yes",3.18092992660801,0.0308332023262635,2.54675772551482,0.707647848010027
943,"s(lastRippleV1PRE_z):DOWN_yes",3.10219546866749,0.0309381124333795,2.5579360917918,0.797270869856692
944,"s(lastRippleV1PRE_z):DOWN_yes",3.06664487899626,0.0337206346686398,2.16673926694643,0.638135082992757
945,"s(lastRippleV1PRE_z):DOWN_yes",3.26818171291517,0.0296085225573826,2.23392998392919,0.659769889804247
946,"s(lastRippleV1PRE_z):DOWN_yes",3.25747385216568,0.0324635113718032,2.57569123710031,0.794381158585732
947,"s(lastRippleV1PRE_z):DOWN_yes",3.20666073425546,0.0293782685646221,2.38776497152514,0.681008842589182
948,"s(lastRippleV1PRE_z):DOWN_yes",3.40761267117675,0.0340893837993611,2.7913057628344,0.822470912806548
949,"s(lastRippleV1PRE_z):DOWN_yes",2.85929775282924,0.0279044104771848,2.42158605245429,0.733261741089753
950,"s(lastRippleV1PRE_z):DOWN_yes",2.60744049570102,0.0287421159971467,2.02092903665881,0.595310710199624
951,"s(lastRippleV1PRE_z):DOWN_yes",2.92270491941654,0.0178022533720549,2.07098674481556,0.610885084629964
952,"s(lastRippleV1PRE_z):DOWN_yes",3.04802006355613,0.0278905502429799,2.34210514347416,0.659533297966592
953,"s(lastRippleV1PRE_z):DOWN_yes",2.76286461428929,0.0302036655193981,2.09126563310626,0.616010567211776
954,"s(lastRippleV1PRE_z):DOWN_yes",2.85149340693433,0.0311315102338916,2.10843365086632,0.621055002163831
955,"s(lastRippleV1PRE_z):DOWN_yes",3.1135950496939,0.0287736757628608,2.34163911045728,0.661294175084939
956,"s(lastRippleV1PRE_z):DOWN_yes",2.80662677538569,0.0252628899022792,2.19476643032594,0.63880126110738
957,"s(lastRippleV1PRE_z):DOWN_yes",3.03487673432538,0.0291944950734604,2.55906585554936,0.714939008568385
958,"s(lastRippleV1PRE_z):DOWN_yes",2.41335705231024,0.0227158550439059,1.9261495035932,0.574982003108129
959,"s(lastRippleV1PRE_z):DOWN_yes",3.21455989539378,0.024986836016764,2.19747585424789,0.645613399794598
960,"s(lastRippleV1PRE_z):DOWN_yes",2.73665714134385,0.023126903592316,2.05780148082097,0.606038112257414
961,"s(lastRippleV1PRE_z):DOWN_yes",2.71741065282249,0.0234215079617924,2.05658858596267,0.605350398608289
962,"s(lastRippleV1PRE_z):DOWN_yes",3.20639383019281,0.028884618342936,2.28450673941841,0.657471318341874
963,"s(lastRippleV1PRE_z):DOWN_yes",2.7536566463099,0.0261921863580605,2.38618997152868,0.679632750408205
964,"s(lastRippleV1PRE_z):DOWN_yes",2.9725004030851,0.0268843386156852,2.31075045372836,0.659026858932725
965,"s(lastRippleV1PRE_z):DOWN_yes",3.12027948887502,0.0339950129246176,2.18235287808576,0.642722834304733
966,"s(lastRippleV1PRE_z):DOWN_yes",3.25180795964899,0.0314435041377034,2.39293356487789,0.71919972737679
967,"s(lastRippleV1PRE_z):DOWN_yes",3.21853160956274,0.0310513604994668,2.29869558491721,1.00094912705545
968,"s(lastRippleV1PRE_z):DOWN_yes",3.27098372472005,0.0321379844830928,2.75090664600209,0.765476727879848
969,"s(lastRippleV1PRE_z):DOWN_yes",2.46841926482398,0.0272066025690919,1.94713766658227,0.584915700449312
970,"s(lastRippleV1PRE_z):DOWN_yes",3.01778101062171,0.028854358741368,2.43050735251607,0.694488301924827
971,"s(lastRippleV1PRE_z):DOWN_yes",2.72454459831838,0.0253711996556843,2.16053337512818,0.621510676192538
972,"s(lastRippleV1PRE_z):DOWN_yes",2.94964753734519,0.0287069954731912,2.39634810707447,0.738845781393097
973,"s(lastRippleV1PRE_z):DOWN_yes",3.01690485168734,0.0294206628919315,2.44747315105078,0.685247834688045
974,"s(lastRippleV1PRE_z):DOWN_yes",2.95435696268274,0.0321750527423915,2.12238248821292,0.625103179691899
975,"s(lastRippleV1PRE_z):DOWN_yes",3.422996181521,0.0370421522096701,2.25372207830866,0.663797931910063
976,"s(lastRippleV1PRE_z):DOWN_yes",2.81836937575829,0.0273944510738134,2.28288889105965,0.642643897325041
977,"s(lastRippleV1PRE_z):DOWN_yes",2.94311063017189,0.0263004011589713,2.01137813749925,0.599067481746119
978,"s(lastRippleV1PRE_z):DOWN_yes",3.09973301908062,0.0116865418322973,2.1913756956731,0.645210821416627
979,"s(lastRippleV1PRE_z):DOWN_yes",3.09820338089069,0.0311651976471403,2.21424998492293,0.800215756167244
980,"s(lastRippleV1PRE_z):DOWN_yes",3.23501952913583,0.0310913617215749,2.39471592596423,0.719190650167507
981,"s(lastRippleV1PRE_z):DOWN_yes",2.86674069978798,0.0294076406644518,2.36687427857476,0.925490425170544
982,"s(lastRippleV1PRE_z):DOWN_yes",3.16470530486236,0.0278916664488217,2.32832558001346,0.6665864359251
983,"s(lastRippleV1PRE_z):DOWN_yes",2.72105312825198,0.0263064564543012,2.51153921026202,0.681861011754216
984,"s(lastRippleV1PRE_z):DOWN_yes",2.88557654595309,0.0250495628248572,2.07129790392663,0.609505472384762
985,"s(lastRippleV1PRE_z):DOWN_yes",3.06584745412348,0.033562010944183,2.14830078258482,0.632725446954944
986,"s(lastRippleV1PRE_z):DOWN_yes",2.95784906278205,0.0288780196828087,2.47931996348915,0.71048274460605
987,"s(lastRippleV1PRE_z):DOWN_yes",2.94081847918479,0.026439972047004,2.30661581971884,0.655183526520853
988,"s(lastRippleV1PRE_z):DOWN_yes",2.94776704930246,0.0248371141032663,2.18410688896231,0.644041631301707
989,"s(lastRippleV1PRE_z):DOWN_yes",2.99662909901526,0.0327262321396833,2.05485940964015,0.605188769763098
990,"s(lastRippleV1PRE_z):DOWN_yes",3.33892677096984,0.0290538961855798,2.32919673838908,0.674002555690963
991,"s(lastRippleV1PRE_z):DOWN_yes",3.0099695193324,0.0278874772090965,2.21654896932411,0.651761078688652
992,"s(lastRippleV1PRE_z):DOWN_yes",2.90144603079929,0.0264482876969269,2.29686205884308,0.652108498611419
993,"s(lastRippleV1PRE_z):DOWN_yes",2.9576650779234,0.0324809804680884,2.15964072730739,0.63681889165878
994,"s(lastRippleV1PRE_z):DOWN_yes",2.62886848364424,0.0220524694295803,2.01646464608512,0.598006839011067
995,"s(lastRippleV1PRE_z):DOWN_yes",2.98333274408322,0.0291530745449411,2.62057071227653,0.716819328393233
996,"s(lastRippleV1PRE_z):DOWN_yes",2.97076851143595,0.0280287945617731,2.49260995669958,0.691718961677805
997,"s(lastRippleV1PRE_z):DOWN_yes",3.05917656056413,0.0264499608923812,2.14220625442724,0.628374976524344
998,"s(lastRippleV1PRE_z):DOWN_yes",3.15583031724359,0.0305694473405134,2.51823460543055,0.706850177610956
999,"s(lastRippleV1PRE_z):DOWN_yes",2.82426559011353,0.024319027181755,2.11376454715513,0.615192014848905
1000,"s(lastRippleV1PRE_z):DOWN_yes",2.76212704589168,0.0259069376610707,2.1613874415198,0.640566731555011
