"Term","edf","Ref.df","F","p_value","Deviance_Median","Deviance_CI_Lower","Deviance_CI_Upper","Eta_Sq_Median","Eta_Sq_CI_Lower","Eta_Sq_CI_Upper","Amplitude_Median","Amplitude_CI_Lower","Amplitude_CI_Upper","RMS_Median","RMS_CI_Lower","RMS_CI_Upper"
"s(RipplePower_Z)",1.63653148466115,2.02037178821309,5.91865998070698,0.00266335579924531,0.0320140578197551,0.00569614044978445,0.0770097610503793,0.000293094048697011,6.39821708155142e-05,0.000713094569540337,0.0317121952245682,0.0142589265788047,0.0551443026179853,0.00922765822563387,0.00407089171017922,0.0157521952719628
"s(SpindlePower_Match_Z)",1.00052439680298,1.00104804154925,4.84213742710619,0.0277384728646956,0.0179220040165364,0.000418851010640672,0.0552760779318587,0.000158719894036756,7.56907608679336e-06,0.000477640152399673,0.0268392742256928,0.00674529062891015,0.0502812116771953,0.00825450578450393,0.00198667119982344,0.0143977450940085
"s(SpindlePower_NonMatch_Z)",1.47343603448841,1.80251802823776,0.888718663073645,0.499688602354145,0.00961651789568713,7.01752368298808e-06,0.0397168507212252,6.87211881874007e-05,4.67528100533653e-07,0.000310026877406262,0.0179400957876624,0.0014676027317614,0.0454043223257861,0.00517023800425144,0.000431466925102551,0.0113386926037019
"ti(SOPhase_Match,SOPhase_NonMatch)",9.13277119988624,36,0.661174966435417,0.000414187183013892,0.161178262665909,0.0698887580926463,0.294604567449625,0.00048511264366952,0.000109701983576852,0.00140243988160242,0.0803879452684789,0.0395262058271474,0.132779331328994,0.0157825838168775,0.00843962231505752,0.0235997426097651
"s(SOPhase_Match)",2.64865629515584,6,3.85002021779049,2.68147148330122e-06,0.0619542284445606,0.0172469366509024,0.126633690224095,0.000318768764355704,8.04792132939567e-05,0.000772662847942337,0.0376474047035325,0.0208480048257499,0.0550004128496016,0.0129399385187971,0.00721691681163414,0.0183890265298206
"s(SOPhase_NonMatch)",3.82778190802258,6,4.3898666091915,4.26568895917079e-06,0.0990506471157134,0.0373265623922981,0.180576806882054,0.000567937283141431,0.000135913883459973,0.00123147235736025,0.0440175118478017,0.022786422433409,0.0634882258207799,0.0132294218841236,0.00721392361283115,0.0185854038891184
"s(AnimalID)",0.516552763956529,1,2.6810656586882,0.150319480457419,NA,NA,NA,NA,NA,NA,NA,NA,NA,NA,NA,NA
"s(SessionID)",9.01198031324633,21,0.817682162848058,0.0130142662294883,NA,NA,NA,NA,NA,NA,NA,NA,NA,NA,NA,NA
