"Replicate","Term","Deviance_Value","Eta_Sq_Value","Amplitude_Value","RMS_Value"
1,"Q1",0.031225615886644,0.000235319420651857,0.239971366916079,0.12418041068335
2,"Q1",0.0362073054979763,0.000285871115680552,0.335510062515574,0.104294191462301
3,"Q1",0.129347309722233,0.00111200684680184,0.974948099705336,0.310173971264172
4,"Q1",0.0521350272454271,0.000421207630510432,0.462343161834911,0.152055465721746
5,"Q1",0.0412816623489949,0.000329923795812245,0.393556332856251,0.137448746603524
6,"Q1",0.0209811872696353,0.000203013551071897,0.188324100345534,0.467538989710826
7,"Q1",0.0516663733731022,0.00048948278504664,0.371132605490504,0.155723757460645
8,"Q1",0.0249726014314735,0.000155545074711387,0.211360307239494,0.0883405527389286
9,"Q1",-1.79621345175462e-06,7.80755419057842e-05,0.00392798494327348,0.0328019935071261
10,"Q1",0.0433584613866458,0.000354728622058875,0.32404848122129,0.106681090537028
11,"Q1",0.0245268234401887,0.000250071808318774,0.211074964931203,0.0762240047552539
12,"Q1",0.0151431136027576,7.74764022870082e-05,0.153626311939894,0.0736959017438404
13,"Q1",0.0356286833558777,0.000222200521925448,0.393569442454808,0.119500932103981
14,"Q1",0.0530169758529038,0.000393931462362066,0.311538346282348,0.114845630611675
15,"Q1",0.0923053226992394,0.000744294008022996,0.815704479923688,0.230743789145069
16,"Q1",0.00928665883574276,0.00013049698624142,0.146961670487275,0.047677318214324
17,"Q1",-4.95199513217415e-06,9.70443354402606e-05,0.00188605295285232,0.0494087227380429
18,"Q1",0.0352808379073348,0.000269723315988544,0.225948432705033,0.167825100341132
19,"Q1",0.0567564790958102,0.00061869229293645,0.554643878339913,0.182087268179019
20,"Q1",0.0517635787690427,0.000379647391068182,0.491565158827092,0.142424698561472
21,"Q1",0.0663713508607415,0.000511784776882843,0.571466214384537,0.180417275716828
22,"Q1",0.0238111917099317,0.000238643139416482,0.208738644538035,0.107816922168525
23,"Q1",0.0306836125479357,0.000223923496506802,0.303037071604716,0.0966906431170466
24,"Q1",0.014064718820114,9.75773077097202e-05,0.151716993891634,0.081434209750754
25,"Q1",0.0509832220998163,0.000353394592467359,0.323678634185809,0.277079281512365
26,"Q1",0.0487208429835864,0.000382487201407756,0.427290187580484,0.148509884461717
27,"Q1",0.0546355909894345,0.000496687322197512,0.402273013138736,0.11581697706097
28,"Q1",0.0273732957992756,0.000366745400956069,0.254203398875989,0.0808483205699201
29,"Q1",0.00898084145241818,8.62239725703186e-05,0.0821257015823715,0.0273769758945849
30,"Q1",0.100967321683944,0.000886586291394641,0.939667620439063,0.283808165213556
31,"Q1",0.0226541615469529,0.000148381321598559,0.208989612171823,0.129757304729155
32,"Q1",0.0369708822443844,0.000278550359830387,0.248298925960943,0.11429265740708
33,"Q1",0.0550386251273345,0.000471013684158741,0.401720510985889,0.157755017544715
34,"Q1",0.0311034966941417,0.000271095719210079,0.254400840762885,0.105955259793858
35,"Q1",0.0234913528872518,0.000170112708847038,0.222976983130765,0.0957262291320199
36,"Q1",0.00691685802807562,4.70594926520316e-05,0.0660737765525976,0.0195293311423089
37,"Q1",0.00171823867213483,6.39215580834055e-05,0.0612541512436911,0.153827238896279
38,"Q1",0.0339084154025624,0.0002543554021474,0.225020584166511,0.0846927111568903
39,"Q1",0.0145883486878162,0.000144279797131415,0.174219587973273,0.0530255594001084
40,"Q1",0.0293416097024011,0.000241737452858845,0.219100664560328,0.104269012289698
41,"Q1",0.0530569651985839,0.000391706140998777,0.475822391540164,0.348509112037427
42,"Q1",0.00752098707794602,0.000188412968781823,0.130769742327628,0.0542497820948923
43,"Q1",0.0428126863961928,0.000331574470436939,0.296522000925756,0.0897857330652734
44,"Q1",0.0445579860480088,0.000352189995141456,0.316628791229887,0.114417853754625
45,"Q1",0.0425695762861125,0.000324838843262243,0.262657113271731,0.098914297609631
46,"Q1",0.0213649768506521,0.00013243089682855,0.169522705394621,0.0810039978812925
47,"Q1",0.0420474074984689,0.000277455069156228,0.283113193795221,0.109661784966834
48,"Q1",0.0102107489937762,0.000171340878770821,0.121822813994412,0.0748794204792925
49,"Q1",0.037682830874628,0.000348086219103931,0.373476300238979,0.146623971124531
50,"Q1",0.0752034272394209,0.0006355858403455,0.493463361884217,0.18431192049134
51,"Q1",0.0210483966399533,0.000179114951367442,0.198100966635209,0.0790347000334334
52,"Q1",0.0213414589605829,0.000184694355731125,0.231551792957025,0.0893198359518951
53,"Q1",0.000604152783560963,1.1112102844634e-05,0.0378234994148422,0.0142956623388291
54,"Q1",0.0547827443142452,0.000461895823380046,0.385508801609275,0.117644961863548
55,"Q1",0.0600107513317578,0.000517261437811094,0.57625270681778,0.202074380587961
56,"Q1",0.0524496270288957,0.000410821393516729,0.45461161099019,0.159284139174817
57,"Q1",0.024790969120275,0.000180939187155963,0.233432953338461,0.0897302340178464
58,"Q1",0.0684975108673456,0.000590188346570714,0.492765465487748,0.297273383562686
59,"Q1",0.00648447345470693,9.07738022066825e-05,0.074844933103277,0.0557373997453654
60,"Q1",0.01476248241873,9.501500790651e-05,0.137557587048589,0.0604446713152292
61,"Q1",0.0568782336495506,0.000376646723403548,0.569357377210993,0.163091925463755
62,"Q1",0.0142781838061286,9.47011515100519e-05,0.142627713578745,0.0618058793821558
63,"Q1",0.0297690085937319,0.000235867035947084,0.258114604439447,0.166844692778921
64,"Q1",0.0721074039523124,0.000564295361867708,0.449023289870222,0.166784840611486
65,"Q1",0.00387818732555445,1.4144041284448e-05,0.0633064040374248,0.0681254051545609
66,"Q1",0.0825861460635515,0.000782974554145314,0.480521167073842,0.199622860758989
67,"Q1",0.0596329750331517,0.000506902700800449,0.424916893856374,0.164601202834543
68,"Q1",0.0133977314878688,0.000108550923786686,0.155439882475791,0.05860826580047
69,"Q1",0.00220960043156992,3.64856759471832e-05,0.0669463562202382,0.025011930448639
70,"Q1",0.0377917602847564,0.000331521578289418,0.260690992267654,0.132914452894287
71,"Q1",0.139829565122293,0.00116032955012656,0.942603167318245,0.293454767050148
72,"Q1",0.0324389322835543,0.000214563122272608,0.294529798745698,0.0961997827483907
73,"Q1",0.0225430182047646,0.000184195237773527,0.177005807742583,0.0756953039359111
74,"Q1",0.0498294052217076,0.000398255474698941,0.295403845877558,0.343088622259621
75,"Q1",0.0557545198921439,0.000425267425882271,0.558828100304366,0.177638179791311
76,"Q1",0.0673951274718547,0.000672559637322956,0.606307280586227,0.214280321792988
77,"Q1",0.0114940644243458,7.96120035924988e-05,0.11541233919773,0.0517903699357552
78,"Q1",0.00329505496439886,2.20185110162891e-05,0.0604845419915176,0.0243264255053821
79,"Q1",0.0277381618541686,0.000303459279967836,0.213046752579608,0.11875875447136
80,"Q1",0.0243033779939541,0.000190424191868235,0.221192769703062,0.0767273357075916
81,"Q1",0.0202118002201424,0.00013991255202163,0.261325795090726,0.0803998808647567
82,"Q1",0.000380414788454075,1.73322569537199e-05,0.0290155525222683,0.0176196867052521
83,"Q1",0.0359387415346166,0.000252103754757619,0.363395686715648,0.126895121993413
84,"Q1",0.0208949917149059,0.000168487886013478,0.216298671434137,0.0828539514990846
85,"Q1",0.0273511254639711,0.000188688768825611,0.216816024953861,0.0823183221188985
86,"Q1",0.0326084300112175,0.000224478793734442,0.226969971918667,0.0832213312063338
87,"Q1",0.0163320057620364,0.000144470179879522,0.174721000497718,0.279607906628892
88,"Q1",0.0126968530644902,5.66574889358546e-05,0.126402694845154,0.0530898002050345
89,"Q1",0.0336491348430599,0.000225454296414273,0.282546359789666,0.112540110839807
90,"Q1",0.000897552796637058,7.71998744300068e-06,0.0162274909356759,0.0137233268889947
91,"Q1",0.000835223824575237,1.3224121510643e-05,0.0413262725844552,0.0158940945486925
92,"Q1",0.0188144649174333,0.000172793610489371,0.136752244261713,0.0837792379299288
93,"Q1",0.0537781872288789,0.000469043541617782,0.413778959384974,0.172157417565573
94,"Q1",0.00163986361241442,1.73243941761055e-05,0.0603561454754283,0.0188833338879627
95,"Q1",0.0795704727887294,0.000647818463710398,0.69105189863241,0.193883031417351
96,"Q1",0.0261737119761865,0.000271247014261581,0.27097083192526,0.12017687960482
97,"Q1",0.0233704909668742,0.00016299390108497,0.185602549357018,0.0629300627436056
98,"Q1",0.0751723953780985,0.000583104881918988,0.782251108552271,0.224067551058653
99,"Q1",0.0383142165811208,0.000346367621070748,0.326535356082719,0.126073621690305
100,"Q1",0.0150582952412179,0.000117340448532061,0.118858762232591,0.0467533033997841
101,"Q1",0.0440116091806733,0.000290984099076008,0.338472678538705,0.156762535229557
102,"Q1",0.0558375005739755,0.000564774060402064,0.336231002164709,0.140444995695569
103,"Q1",0.0543114845199355,0.000458546634227506,0.327703392949722,0.0981862300672013
104,"Q1",0.0501731748633283,0.000385775262805056,0.439226104934178,0.150107774488607
105,"Q1",0.01368700803555,7.83807312141048e-05,0.144646245465959,0.0415971745009189
106,"Q1",0.0291048164402969,0.000202467976624906,0.239672480718806,0.087277465204994
107,"Q1",0.0568982793503601,0.000421635062666145,0.524431668966728,0.180954909067814
108,"Q1",0.0855693781087599,0.00065688444257623,0.598836978521042,0.398912008495269
109,"Q1",0.0493478850220921,0.000356995950339345,0.411295417720896,0.14671297848367
110,"Q1",0.0702673700962944,0.000523873136806033,0.66132823334929,0.198086325377877
111,"Q1",0.0791789977106259,0.000627731849142548,0.61183900124922,0.185728502667303
112,"Q1",0.0204592563502555,0.00015705221896376,0.179062590243608,0.0838309187408387
113,"Q1",0.0286789020778677,0.000211006509777518,0.265080756498575,0.0960857770323694
114,"Q1",0.00208983249243744,1.0444902373242e-05,0.0410419951683241,0.0208857540886997
115,"Q1",0.036833047952932,0.000262787850796374,0.281099130508409,0.102865518093036
116,"Q1",0.0480728780640209,0.000420677964211095,0.364079635244587,0.343223036196116
117,"Q1",0.0414722282369926,0.000319771743077062,0.319770174072568,0.127674813890669
118,"Q1",0.0182592980221425,0.000100635388674115,0.162617418538644,0.073756984319885
119,"Q1",0.0197861707260554,0.000123920742211171,0.158266945249911,0.0790493025153359
120,"Q1",0.0464152974382781,0.000349749446806432,0.320465194510862,0.123817649324974
121,"Q1",0.032835057806416,0.000284090385627997,0.181079613900539,0.0755904093699954
122,"Q1",0.00813782637339067,4.43172141043613e-05,0.11447065282518,0.0391528633514646
123,"Q1",0.0378991693182815,0.000345707131241436,0.365282377842616,0.149709740337662
124,"Q1",0.0589821974248075,0.000523714781152106,0.474572922476302,0.16715625263182
125,"Q1",0.00513009868767966,9.08188676495705e-05,0.111573669971797,0.0428288351919797
126,"Q1",0.0596810050743883,0.000533788430363494,0.455632556469954,0.196542947533619
127,"Q1",0.0251497318070246,0.000214474156602118,0.19347296019341,0.232556693317138
128,"Q1",0.0416444865141088,0.000337275916872785,0.352575371829163,0.123896277961729
129,"Q1",0.0306565239795127,0.000230608647587323,0.31039517107714,0.106687236426767
130,"Q1",7.30577691143708e-05,5.35058975490066e-06,0.0101402220203798,0.0876228328250782
131,"Q1",0.000569158793094715,4.25086019439794e-05,0.0340047860464693,0.147361891742041
132,"Q1",0.00152839222679191,0.000140055075105989,0.0255255982522027,0.0550435283342295
133,"Q1",0.00744344427132404,7.0385016679342e-05,0.0946820261228337,0.0518729002016238
134,"Q1",0.00358817824414892,4.06646065757777e-05,0.0931914353522296,0.0275018070066503
135,"Q1",0.0162310769658482,0.000184096596262109,0.158922446622433,0.0765861952497839
136,"Q1",0.0257232532644291,0.000203239348836477,0.223871614301128,0.0847753148227397
137,"Q1",0.0158249924399172,0.000128489910329365,0.144767379046873,0.0724619306407858
138,"Q1",0.0667837628108963,0.000541619916002391,0.53890161091168,0.155869735968982
139,"Q1",0.0329408953638293,0.000162391977415362,0.333088857142312,0.127875037192921
140,"Q1",0.00873935503268086,0.000197424801344259,0.0925574537124632,0.0772157505370973
141,"Q1",0.0294321885021471,0.000219541751165818,0.256354448145424,0.191480881525073
142,"Q1",0.081245719115504,0.000644592772763812,0.717534748238631,0.209821880146856
143,"Q1",0.0210402742475146,0.000144827787116139,0.1701551804621,0.0562749332955779
144,"Q1",0.030926031855687,0.000301561786509171,0.244838404680527,0.120906316681106
145,"Q1",0.00483064233953989,3.13627320008535e-05,0.055592352337577,0.0522642843708751
146,"Q1",0.064878932770208,0.000501368828178498,0.5772949095176,0.172260673326681
147,"Q1",0.0891880566232768,0.000767609483514202,0.482726052851799,0.190591316570341
148,"Q1",0.000100316548961032,3.03627637968236e-05,0.0159724347482523,0.021248326090945
149,"Q1",0.0828821994982398,0.000659167253741097,0.604821440622751,0.193829993013175
150,"Q1",0.0255627222934152,0.000227181467252882,0.23097556731607,0.0637250180654859
151,"Q1",0.0524816326409532,0.000430199861468661,0.371478272050038,0.129828503712258
152,"Q1",0.0370533971833318,0.000242465330056597,0.323907161701536,0.112328883606334
153,"Q1",0.0035303661232593,2.15457143135205e-05,0.0470050525078247,0.0471909096488604
154,"Q1",0.0201180824000673,0.000126247641749561,0.214767096152592,0.0968130323612716
155,"Q1",0.0134166998688201,6.67096909902051e-05,0.134009494614195,0.0459900344307166
156,"Q1",0.0084917257106536,8.51613027372473e-05,0.0976368812784824,0.0277056639747685
157,"Q1",0.0218063693996005,0.000181856829439021,0.210725415296731,0.067575011074915
158,"Q1",0.0440674374071968,0.000363607990852735,0.340597721423251,0.126386205243475
159,"Q1",0.0976175553485188,0.000801103117151665,0.967514156044718,0.417333606335
160,"Q1",0.0012889428798939,1.97240624164244e-05,0.0591044408044974,0.0186808527266408
161,"Q1",0.0243935381304379,0.000203175780852523,0.204890398668061,0.0680110898166835
162,"Q1",0.0184956086601211,0.000220024805522091,0.189015137412321,0.0923129270661753
163,"Q1",0.0803342994367728,0.000669646365769512,0.804046007613265,0.249817688348463
164,"Q1",0.0481443973125568,0.00039435585389829,0.476221738119018,0.166657027460517
165,"Q1",0.024786287417216,0.000268111492640233,0.173353650032135,0.0707912050345206
166,"Q1",0.0685648896918281,0.000653859708542717,0.555736984190052,0.202320604967747
167,"Q1",0.0450102641501626,0.000289940571638413,0.411452463508261,0.191477253128972
168,"Q1",0.00565539066591292,2.64206956871225e-05,0.0769670026769584,0.0271550714491216
169,"Q1",0.00572835500115154,7.51308608983717e-05,0.0527521992633902,0.0469234086384236
170,"Q1",0.00020607446639076,7.60317942753987e-06,0.0228927929025132,0.0201562959582261
171,"Q1",0.0231516684283388,0.000164040579858517,0.258053924258718,0.0873385707347386
172,"Q1",0.00934914666925657,7.49040612244922e-05,0.102143174613304,0.0471382631594404
173,"Q1",0.0156297363131674,0.000116088829722806,0.159703263062474,0.0504725718222036
174,"Q1",0.0181410531740394,0.000114483573613742,0.147637003968059,0.0724039610032446
175,"Q1",0.0163768273995206,0.000125754575160017,0.148868704833802,0.0720283277474413
176,"Q1",0.0122809202734899,9.65202993788239e-05,0.105195268520462,0.0618399815269195
177,"Q1",0.00715045011238757,0.00014098248056262,0.0841185937038397,0.0663120695507603
178,"Q1",0.0123847706833295,0.000107440788095942,0.128181184942292,0.0887161173455369
179,"Q1",0.00263204688421581,5.64744984424449e-05,0.0340216135939472,0.035655543185448
180,"Q1",1.14350422517617e-05,2.0150231245884e-06,0.0069684448204068,0.0057545774957404
181,"Q1",0.00562688114527177,6.91691998737756e-05,0.112121768770254,0.0354224679704623
182,"Q1",0.016407646127492,5.22602436039699e-05,0.146754399549807,0.0871092145565691
183,"Q1",0.0115510433681063,0.00012996558120697,0.170927313429772,0.0503286614237779
184,"Q1",0.0144756079347594,0.000208106273730753,0.18535195638154,0.0603238229839677
185,"Q1",0.00158215505976322,1.85242263967924e-05,0.0580049713891008,0.0890164377880918
186,"Q1",0.0140493636827479,0.00011956556513846,0.151501402305001,0.194054986253039
187,"Q1",0.0143476691956685,0.000118784071244467,0.131788096550968,0.067614276575747
188,"Q1",0.011654684542691,7.46290175207547e-05,0.13339826785324,0.038190399137512
189,"Q1",0.0019858838760527,4.0490040254412e-05,0.0627731088183201,0.0272705137206642
190,"Q1",0.0531246999501516,0.000461786164107034,0.477662909440671,0.199599907599862
191,"Q1",0.030046473527344,0.000246507115763024,0.264442722949977,0.0916892841717042
192,"Q1",0.0394851010912483,0.000337321667342884,0.262816007792066,0.131602925403857
193,"Q1",0.0851200689631124,0.000694643682923022,0.803051491960772,0.235274168543834
194,"Q1",0.066553721789619,0.000533102861960386,0.463751413643961,0.265896702917908
195,"Q1",0.00848194508292011,9.61333068621039e-05,0.136926419399799,0.0404199474542534
196,"Q1",0.0252899905413777,0.000482944764309709,0.245112486426321,0.12392164922145
197,"Q1",0.0276803343467495,0.000272860951032291,0.203220468329267,0.104396512227828
198,"Q1",0.018621720816304,0.000127195002578531,0.191638663963813,0.0587635615673581
199,"Q1",0.0917943663124507,0.000778273994767223,0.846819836916053,0.262120888871874
200,"Q1",0.0230386565195264,0.000171560730377337,0.229164222250596,0.0853496962103041
201,"Q1",0.0335051944541807,0.00036072668648992,0.260140756225915,0.129899841233713
202,"Q1",0.0438459379434466,0.000340324219643796,0.227732763189283,0.0794766667576877
203,"Q1",0.0684054356485362,0.00051698643907136,0.536425390646673,0.19005532645957
204,"Q1",0.0646756085124842,0.000477719972583211,0.612997798877054,0.215365817287579
205,"Q1",0.0173479673885755,0.000103977357529444,0.205942110635629,0.069624503505415
206,"Q1",0.0771434310055668,0.000598924880878934,0.681850933785343,0.202350738627313
207,"Q1",0.0332880649778229,0.00027761705362421,0.270832156530805,0.113675220198541
208,"Q1",0.000134611037097443,1.78727462288469e-05,0.0242723115558152,0.0182462159828677
209,"Q1",0.0558356154980082,0.00043094454992571,0.430505008010786,0.140986713829025
210,"Q1",0.0288763729587558,0.0003093867065722,0.290637120391192,0.128272249123025
211,"Q1",0.0666536117393584,0.000181148594863236,0.24575555490137,0.0720308040385739
212,"Q1",0.0117985524076047,9.14287591595136e-05,0.123154202817301,0.179116716127912
213,"Q1",0.0336204356762408,0.00021184706163919,0.301201413347511,0.0995176729066287
214,"Q1",2.75266525608941e-05,5.16679683439399e-06,0.0128183635442732,0.109021483549243
215,"Q1",0.0359474514430289,0.000262972789629866,0.273294354873085,0.0858449045226886
216,"Q1",0.0552597490796032,0.00046087767176679,0.495384513753398,0.181684565000118
217,"Q1",0.0325716706335424,0.000274302870255504,0.277431824734441,0.10754348043426
218,"Q1",0.0257632971133344,0.000187189360723561,0.283450954032945,0.13235077303749
219,"Q1",0.0592187749732727,0.000631658803048387,0.51556394453878,0.20797254691971
220,"Q1",0.0771050442967987,0.000725220354523738,0.462116691879874,0.201816360537511
221,"Q1",0.0336596088053458,0.000245231918063049,0.324805036541357,0.114630596502009
222,"Q1",0.0577934412415821,0.000337873676938434,0.546680914932839,0.586011045334366
223,"Q1",0.00192639140507467,5.1762980307048e-05,0.0299838345416694,0.0488953471486076
224,"Q1",0.034369803867385,0.000299658655457198,0.243085226586479,0.123795891347565
225,"Q1",0.00880827728347278,6.08489570082808e-05,0.0775592485398163,0.0406626401376737
226,"Q1",0.047647903043698,0.000367445360542883,0.36729858165746,0.12917769079255
227,"Q1",0.00232105448830922,2.48639295315934e-06,0.0581874431030436,0.0196264139777395
228,"Q1",0.0752565990510945,0.000598583192738938,0.604996858688899,0.195791820346993
229,"Q1",0.0384449875854074,0.000340661188779484,0.241225623512619,0.122116535047173
230,"Q1",0.0217606359097839,0.00014629264019674,0.222569632169215,0.0683968952714121
231,"Q1",0.00415850907264215,5.19834717861855e-05,0.0975175079615603,0.0305124149250886
232,"Q1",0.0425939747923714,0.000317973333582832,0.283059294513691,0.112794928753352
233,"Q1",0.0220863329051646,0.000150475028469077,0.241900734978638,0.0810621150922114
234,"Q1",0.077643583547129,0.000587265655326198,0.606596762755962,0.160888229226666
235,"Q1",0.0507763759746638,0.000453096485389042,0.450167912543194,0.160017721562454
236,"Q1",0.0285754169390859,0.000183953162718092,0.254532078459808,0.100311733654913
237,"Q1",0.0500635817918997,0.000404868391375504,0.374440540407356,0.119951956507629
238,"Q1",0.0420938262015262,0.000333852027188628,0.327240815625966,0.120074975484332
239,"Q1",0.0341403032436052,0.000269058331242159,0.299317743385294,0.102623164275413
240,"Q1",0.0228083146844806,0.000147211676752135,0.191368758012363,0.084551945318886
241,"Q1",0.0276003571509822,0.000179135888523403,0.272037234198177,0.0970242236605215
242,"Q1",0.0064674403217726,3.32494456298055e-05,0.0635632203174444,0.0310531265091747
243,"Q1",0.0303968779527786,0.000203534199862365,0.31426915529721,0.108079876919277
244,"Q1",0.0180017910703132,0.000163219043526933,0.149402020728474,0.0834344996843409
245,"Q1",0.0307439359179895,0.000296559452511397,0.29618994568895,0.13106372435748
246,"Q1",5.69887978763006e-05,3.22941118308847e-06,0.0133469452219489,0.00821300572390211
247,"Q1",0.00852444772150207,8.39707532870543e-05,0.0796653274528726,0.0536759614575987
248,"Q1",0.0139788469983984,0.000173307277113104,0.124233123397093,0.0774643983390616
249,"Q1",0.0289464715373526,0.0002055684028557,0.247200735019244,0.110025564487532
250,"Q1",0.0307367538389229,0.00025326867282677,0.230543814300308,0.0915674468247352
251,"Q1",0.0362113470006911,0.00029136320788606,0.313200165983382,0.209351428263197
252,"Q1",0.0621543939051001,0.000380980566073409,0.561837144938575,0.160741244268367
253,"Q1",0.0278625223792464,0.000240722862851292,0.230884100143415,0.0975777780115628
254,"Q1",0.0353287725074676,0.000349164768281711,0.247999400454765,0.136625798687177
255,"Q1",0.0186948973394934,0.000111543820909818,0.186835384811761,0.0824058694594713
256,"Q1",0.0299951878553149,0.00027468508202,0.30077478274655,0.121405482159581
257,"Q1",0.00683282097096871,5.86533101149785e-05,0.0860324158632873,0.141848340620946
258,"Q1",0.0177708638314442,0.000148401227302488,0.186060900324459,0.0680966605198094
259,"Q1",0.0137432821690133,0.000228102547365198,0.13060933663514,0.0897169199013119
260,"Q1",0.0201355665231588,0.000213168292493411,0.186556321987754,0.10649483228035
261,"Q1",0.0567416945949013,0.000382249301063628,0.482774506473045,0.297646637666507
262,"Q1",0.00803398873354588,5.82712144801206e-05,0.0868803774183152,0.0309188540337724
263,"Q1",0.042937972702914,0.000346125077628448,0.360335986406904,0.127123795439361
264,"Q1",0.0574606716995198,0.000391237092486171,0.508511590050197,0.418390262292889
265,"Q1",0.0208685666969473,0.000205271288462178,0.202851032552835,0.0904781068251383
266,"Q1",0.040996197144203,0.000259990457532432,0.396513589059213,0.120000570780926
267,"Q1",0.0289750692157114,0.000266054009163192,0.345509538734007,0.0904829492780974
268,"Q1",0.00278278056157788,0.000267189528158079,0.0789573317321605,0.0590258472760396
269,"Q1",0.0439411630332138,0.000379905371149279,0.307885567447874,0.142738180790879
270,"Q1",0.0213757022232119,0.000160449395079661,0.187339453154183,0.377572271641465
271,"Q1",0.00230466448111422,2.61898995497434e-05,0.0722421714874775,0.0220335592519968
272,"Q1",0.00745566787989382,5.3963851755131e-05,0.0905643019150794,0.0431527676542689
273,"Q1",0.0285705685280782,0.000198169872894646,0.25839938668314,0.104505556651158
274,"Q1",0.00579722834254959,0.000136398717904596,0.117484451668115,0.0495132169813155
275,"Q1",0.0241859147397765,0.000169885803032548,0.173961377151705,0.117931200798063
276,"Q1",0.0373197137955916,0.000256733764582335,0.379883757418824,0.13106403866794
277,"Q1",0.00210572265816289,2.63718609387696e-05,0.0691228669763268,0.0215578750126941
278,"Q1",0.0383963295692133,0.00036484325249519,0.307037210390653,0.124339364538581
279,"Q1",0.0262777163950094,0.000232971458429251,0.224313007789685,0.0653597238993108
280,"Q1",0.0516365129869367,0.000404500618344477,0.419226065621579,0.156325719425002
281,"Q1",0.0667862212241808,0.000559962654967385,0.391647601858332,0.127163654871088
282,"Q1",0.048443021649792,0.000294817868754652,0.373556032803697,0.372862092809401
283,"Q1",0.0653537131510031,0.000662622856017361,0.49152264466627,0.185445577291456
284,"Q1",0.014027562739507,9.48339746371008e-05,0.142600409623452,0.0543674417258341
285,"Q1",0.00929590003113212,8.65961062039696e-05,0.109379566634194,0.0559228790806964
286,"Q1",0.00708507976210093,4.96093762015545e-05,0.119359784747765,0.0353788507441819
287,"Q1",0.0188352306116233,0.000208796713743269,0.169152506005,0.0959789322807988
288,"Q1",0.023087927477393,0.000225546789871087,0.215683615343428,0.10172101073842
289,"Q1",0.0489562569754103,0.000399561642401714,0.34646050365481,0.138249292139411
290,"Q1",0.0260556377582599,0.000236295875294816,0.226716791150236,0.106141126138378
291,"Q1",0.0190703440797577,0.00015654662515805,0.135961360077284,0.0794526236811889
292,"Q1",0.00799024987721175,3.9103219743142e-05,0.0728633632596909,0.0358329535243039
293,"Q1",0.0108715916406332,0.000103799687691844,0.108944177037458,0.0679798752413522
294,"Q1",0.00133502316183431,6.48109407422577e-05,0.052127779157698,0.0342434358515482
295,"Q1",0.135369968137377,0.00116840288747697,0.969183507682646,0.315410257539233
296,"Q1",0.00869528371778827,5.4580935620552e-05,0.112907384230388,0.0479067607402788
297,"Q1",0.00998973316067264,5.24963314491073e-05,0.103848681317524,0.0281359812533536
298,"Q1",0.00458325688491179,0.000101683992655923,0.104416624759323,0.0424597108439488
299,"Q1",0.0694398908309886,0.00049969091785601,0.648130093976412,0.173603378763088
300,"Q1",0.0311445987136381,0.000215436313504439,0.285386014373511,0.0940477696102772
301,"Q1",0.00405126391818911,5.61570238478505e-05,0.0983193998298223,0.131544210992013
302,"Q1",0.00227866909376928,0.000108399770663461,0.0635382305931456,0.0428144256894456
303,"Q1",0.0147840801955841,9.43554304972232e-05,0.170010666820225,0.114189320875844
304,"Q1",0.0172523826747177,0.000118157396271141,0.16718029159905,0.0510201360655382
305,"Q1",0.0185414245275108,0.000133691342977122,0.180804460071747,0.0608966543999685
306,"Q1",0.0141357280050052,8.65916865449144e-05,0.165310140385909,0.0742061547621023
307,"Q1",0.072914912982025,0.000574321198051727,0.53061739973887,0.292476345583956
308,"Q1",0.0522947283017867,0.000396379148871371,0.400201068568125,0.142923928058883
309,"Q1",0.0022400049279625,3.35473579568543e-05,0.0179924716028754,0.0176720215805458
310,"Q1",0.0146780997027598,0.000108814105231733,0.146330862692205,0.065892338355837
311,"Q1",0.0327535887828976,0.000253455852038236,0.311181625779546,0.11596429600167
312,"Q1",0.00385046820641932,1.53304739102524e-05,0.0373255602945046,0.0144650967472704
313,"Q1",0.0366136860094102,0.000290380704302582,0.22238042923505,0.105488434489998
314,"Q1",0.0453942486943113,0.000372111874089426,0.306653162529914,0.127369454559247
315,"Q1",0.0266008828104631,0.000201977613754531,0.224218530269371,0.0901234301155153
316,"Q1",0.0808809002516924,0.000658198060366619,0.582661022982475,0.194978933754815
317,"Q1",0.0584663129404017,0.000462727015238764,0.39521916850288,0.119734104712278
318,"Q1",0.0350259454964057,0.000278717126469553,0.341675309799748,0.118348438202006
319,"Q1",0.00502058142197725,2.13146797571375e-05,0.0682002798895192,0.0365928419022254
320,"Q1",0.00463698442072413,1.66623130468743e-05,0.0583071457585975,0.0225707766316988
321,"Q1",0.0321461670969185,0.000619165225561626,0.257821284630491,0.120983926220508
322,"Q1",7.01704680334814e-05,2.85673500955039e-06,0.0102387633156919,0.00726882473145186
323,"Q1",0.0226008623347962,0.000271659181860653,0.187237749181088,0.106702838033855
324,"Q1",0.00373684076764214,4.73508391523507e-05,0.0946400303405265,0.059111466120009
325,"Q1",0.066423727573456,0.000547567703382643,0.56619203179781,0.188730283972558
326,"Q1",0.0203048994292576,0.000158781113380231,0.194408135208144,0.0760616660519971
327,"Q1",0.000103237163056491,9.48580176951875e-06,0.0102998737994105,0.0802609815128674
328,"Q1",0.00526014257856744,2.91567079588283e-05,0.0590492398266765,0.0327985767703541
329,"Q1",0.029992765709542,0.00023358296307365,0.284056990529111,0.0984163016758177
330,"Q1",0.0188147307202513,1.12792245772409e-05,0.209388887407257,0.0617545701646985
331,"Q1",0.00114260995407989,5.61330217339813e-06,0.0326622692821652,0.0200415181719954
332,"Q1",0.00749156230467207,8.65996726021373e-05,0.101030558907575,0.053187943657821
333,"Q1",0.000564699606036001,1.14308839473136e-05,0.0389799522875245,0.057850056162712
334,"Q1",0.06493011180868,0.000536944397637871,0.657002708704073,0.217264833583299
335,"Q1",0.0575371707237693,0.000404736942492657,0.542078720118245,0.140970265428124
336,"Q1",0.0256732558068009,0.000138341555339335,0.305220440711501,0.208103849814331
337,"Q1",0.027707987608764,0.000197037151871685,0.254386807796233,0.0811924465635031
338,"Q1",0.00991063325364827,5.92496993232289e-05,0.12500064787932,0.0444366428821778
339,"Q1",0.0245540214067805,0.000132794903610032,0.181577930250254,0.190627056524345
340,"Q1",0.0592577831241901,0.000457169069288764,0.594797890428557,0.160919477131666
341,"Q1",0.00741264139337439,8.94820959721673e-05,0.0891536434255294,0.0506343505259242
342,"Q1",0.0370492196046932,0.000260748854952079,0.295754267409704,0.114181731333153
343,"Q1",0.0145593600295513,9.54870859559625e-05,0.135427833427984,0.0439184716960203
344,"Q1",0.0115308640305969,8.75979879484081e-05,0.119136156647656,0.0828595611336732
345,"Q1",0.0344541185036285,0.000303407819354835,0.296597425245591,0.126259815811483
346,"Q1",0.0257818960082563,0.000184329140785815,0.199138449008406,0.0765075970838686
347,"Q1",0.0189403790826077,0.000223438096795777,0.205921472302152,0.0976213534870545
348,"Q1",0.0741861000042476,0.000581357008348051,0.657114473810565,0.200044876488292
349,"Q1",0.0299899358830782,0.000202830885207731,0.25179227941512,0.0996805722197547
350,"Q1",0.0430343463257117,0.00035948727626333,0.283973087126895,0.0944242155549119
351,"Q1",0.0202301726288869,0.000171399737221188,0.191299519978872,0.0982918126436895
352,"Q1",0.0461544180988422,0.000348171768704722,0.335225730922535,0.11090288971266
353,"Q1",0.026999737023484,0.000218037633559043,0.223824264518103,0.0986552560234362
354,"Q1",0.0263336401434238,0.000207911532746736,0.275606546465633,0.0836669374628462
355,"Q1",0.0258264735461342,0.000153291339239825,0.20518779884357,0.209679485404009
356,"Q1",0.000694687149225715,6.34837184441439e-05,0.00706362747423098,0.0379420746338201
357,"Q1",0.0207454888969636,0.000169779965442726,0.17148292524502,0.0651239751886349
358,"Q1",0.0497152360007345,0.000430995915460038,0.456039117703629,0.163400535643258
359,"Q1",0.140648363717418,0.00126275235939353,0.995493860318785,0.317754207801319
360,"Q1",0.0107622812645509,0.000127216522452925,0.122405235911237,0.0668050998892354
361,"Q1",0.00377467525148312,6.11851482520944e-05,0.0875712241399687,0.0310859621632604
362,"Q1",0.0127218212876699,0.000117463506412655,0.133954163349998,0.0624177515529685
363,"Q1",0.0360699690813142,0.000243764552846761,0.346641192387565,0.105019214904819
364,"Q1",0.00477958469393513,2.42603251277142e-05,0.0774650290712059,0.0677301810904895
365,"Q1",0.00721951669066812,0.000154788306605011,0.0859984150682051,0.0633468475840178
366,"Q1",0.0201934420686811,0.000171600617704306,0.156485434604593,0.0917536738181513
367,"Q1",0.0132398138982222,0.000156447277716782,0.126065465713053,0.0653023504373509
368,"Q1",-0.0146547546348863,0.000154340888406559,0.205589296918291,0.0563295372516887
369,"Q1",0.000235670901419738,3.62960992337832e-05,0.0212675186554053,0.02532360729383
370,"Q1",0.0401857040753715,0.000379777234802881,0.371373392361725,0.160884971364492
371,"Q1",0.0336322642431846,0.000257771683066233,0.221729385968142,0.0637094196214955
372,"Q1",0.131714673913764,0.00117271317923678,1.03834606202738,0.330856856502584
373,"Q1",0.0366570038826808,0.000477958214688164,0.326996775794565,0.146733803100744
374,"Q1",0.00198220655183867,9.59606899972522e-05,0.0740749591999656,0.0381261982090163
375,"Q1",0.0498821017370243,0.000370290948315591,0.312162854683055,0.127527352124353
376,"Q1",0.0287812569953214,0.000216274484248515,0.231516014459088,0.0730912883423772
377,"Q1",0.0364548251491481,0.000261328990438431,0.352692135656441,0.105305343990977
378,"Q1",0.0811928484677384,0.000681909245906288,0.595359121321705,0.20226487383021
379,"Q1",0.0193000363890121,0.000148525633824244,0.176407325374371,0.091195482612201
380,"Q1",0.0302927377046309,0.000247310630856421,0.267921008943534,0.112168887214787
381,"Q1",0.00572203383786452,3.83235259358116e-05,0.0677316223830189,0.0326483694222213
382,"Q1",0.0286549206061597,0.000201498958868079,0.235597777400711,0.0817640914182477
383,"Q1",0.0541612922923402,0.000505073262563606,0.407622089813622,0.16718582697538
384,"Q1",0.00752347217141747,9.83088347232119e-05,0.113316813486138,0.284038523886226
385,"Q1",0.00152048138651395,1.7183121058103e-06,0.0237673030655009,0.00808411216874021
386,"Q1",0.0728670299861882,0.00055846385659891,0.477415465834951,0.198159463496626
387,"Q1",0.0267921070824393,0.000200540596449991,0.255456028454272,0.0890967291403664
388,"Q1",0.0244960033885153,0.000181448664146627,0.222711735339775,0.194334038993303
389,"Q1",0.0200104036992883,0.000139306089730733,0.190881305666988,0.26621949441729
390,"Q1",0.0258108031978992,0.000167816778722241,0.31563858679517,0.0776479558825263
391,"Q1",0.100390942428717,0.000808436218376308,0.731444097416607,0.208598508644448
392,"Q1",0.00224815411529811,7.5779549399762e-05,0.0753121584792605,0.0356199319583096
393,"Q1",0.0210305021989274,0.000138688679400554,0.19670988692186,0.155545807374645
394,"Q1",0.00656919403018286,6.75976280212353e-05,0.0984890981603697,0.0364859259473499
395,"Q1",0.0383049495570358,0.000270646929199337,0.247064403166722,0.182169255402613
396,"Q1",0.0486237133170331,0.000376094024563399,0.362708224908988,0.122399207396353
397,"Q1",0.0379412538537096,0.000372002698726014,0.358064044690213,0.162963234140455
398,"Q1",0.0155838404836999,0.000104232943788477,0.16517033184378,0.0555877956068254
399,"Q1",0.0325150055025194,0.000204889313329497,0.247767128429348,0.0908453416320654
400,"Q1",0.0149700224277893,8.74511273523559e-05,0.144570055029795,0.0518330941413017
401,"Q1",0.00872388646579836,7.65330890077508e-05,0.0908896389779833,0.0443411880989607
402,"Q1",0.00414910166264271,0.000124707892086257,0.0961229617291342,0.0447619762189805
403,"Q1",0.0493724671967932,0.000370360809647489,0.460953450767699,0.152049411238679
404,"Q1",0.0060547924560499,4.41142933413334e-05,0.0606811911117027,0.040312941580809
405,"Q1",0.0554437208965108,0.000410343066599261,0.41632001071089,0.130175810643829
406,"Q1",0.0411985922768618,0.000388996754320755,0.361406536876196,0.138935066216504
407,"Q1",0.00266486227355855,0.000124888587577806,0.0324856413440554,0.0522837916630638
408,"Q1",0.0425087241897639,0.000342773047858942,0.281951737505608,0.113185511444094
409,"Q1",0.0321215536267534,0.000247261815847827,0.287424961430822,0.112449301387364
410,"Q1",0.0695892472724164,0.000498409415113281,0.529540650081386,0.471369090118196
411,"Q1",0.0497836023188736,0.000371367324081136,0.439399741141774,0.151448590297639
412,"Q1",0.0264001344500215,0.000194840218895542,0.274512959956912,0.0824741796489218
413,"Q1",0.00115110887850989,0.000129062926257106,0.0547904720830591,0.0406328869542124
414,"Q1",0.104110247980357,0.00086308592090703,0.749263374016608,0.211607249771418
415,"Q1",0.0212673044014338,0.000131161028154965,0.170619710904252,0.0750592143759852
416,"Q1",0.027172673941303,0.000254923628282618,0.223906028270768,0.0643539296153958
417,"Q1",0.0786285093947203,0.000640509995722387,0.534022641293239,0.179732891186827
418,"Q1",0.0112024437419507,8.75388554429227e-05,0.131186273328393,0.0469126075444616
419,"Q1",0.0394076363239648,0.000352944767826787,0.279093411845823,0.124903182343276
420,"Q1",0.00309722940990476,3.55244449649971e-05,0.0857840006909822,0.0253761994009879
421,"Q1",0.0515363316148694,0.000417483464227383,0.324497341526666,0.148999310900223
422,"Q1",0.0109948532186408,9.18535703511662e-05,0.103631063475116,0.0517033918767356
423,"Q1",0.00799458829565225,4.66464472730115e-05,0.0806905449444228,0.065143623167801
424,"Q1",0.054329709174997,0.000388733122137568,0.535317180669989,0.146778878372386
425,"Q1",0.0424095367645592,0.000343544267395742,0.340572343105263,0.141973943145005
426,"Q1",0.0926537287540405,0.000717183885304601,0.821897009190956,0.319949529122733
427,"Q1",0.0100915601342564,8.34396513216319e-05,0.106518946569114,0.0590466704670035
428,"Q1",0.0131903617198965,6.652336324426e-05,0.133584828722992,0.0512461698058181
429,"Q1",0.00939189797293594,2.17959640617958e-05,0.132697913373897,0.0424465925637056
430,"Q1",0.0126596017094869,9.45963307663682e-05,0.119501588637034,0.0532647503249232
431,"Q1",0.0054443051259554,8.13153500433399e-05,0.112826687696718,0.037566076520334
432,"Q1",0.0200722355503977,0.000209043915938254,0.191867749539407,0.0817465067175283
433,"Q1",0.0527239811490219,0.000404100738945413,0.437037969459745,0.150134996074492
434,"Q1",0.00574258059707589,4.81165587842641e-05,0.08705999746622,0.0416746983473449
435,"Q1",0.0358299836206459,0.00028528686690109,0.283635513577451,0.11086161014121
436,"Q1",0.0378981555170608,0.000297844141115545,0.376887335653605,0.134662347008664
437,"Q1",0.000902819877438787,9.5161465956309e-06,0.0165352955571047,0.0200186186785397
438,"Q1",0.0670882681646727,0.000566679844813762,0.440598616985989,0.167396373639101
439,"Q1",0.0307730149780152,0.00039723311178358,0.214681621054772,0.128000564998456
440,"Q1",0.0261383813029976,0.000171991887164376,0.208605030195295,0.0801808077203044
441,"Q1",0.0253446924462963,0.000189777617485298,0.242499469647667,0.0884124176005569
442,"Q1",0.0188971832908802,0.000167456790263627,0.142839169842112,0.0846393346289992
443,"Q1",0.00553509333269986,7.58055751581493e-05,0.115109582101146,0.154767208678704
444,"Q1",0.0287649907820384,0.000280609982372002,0.205898714611465,0.110752895881444
445,"Q1",0.0484594846577089,0.000349715715784451,0.386105561864971,0.142173898925911
446,"Q1",0.0174575452593366,0.000124823564931388,0.150654672085734,0.149879904924351
447,"Q1",0.0402152955199053,0.000374300943691575,0.339544340472195,0.133446640992321
448,"Q1",0.0144550482876529,9.50221791934105e-05,0.177609822333194,0.0524158605672357
449,"Q1",0.0121601228789725,3.40659108421937e-05,0.127982576234833,0.0634322779479208
450,"Q1",0.0376252629074276,0.000320744306528603,0.317047516494247,0.138669043036861
451,"Q1",0.00225213536223734,9.95509370147751e-05,0.069575410788357,0.0397441298683397
452,"Q1",0.0606737140268283,0.000437991319851526,0.536782074539215,0.151003362510124
453,"Q1",0.0130913084620676,9.25159300983718e-05,0.126361916595459,0.0587815623764431
454,"Q1",0.0549377415265901,0.000418265014896079,0.489777524602631,0.151423780944362
455,"Q1",0.0222100065088675,0.000140515816349132,0.206883769386716,0.0882401640301256
456,"Q1",0.0266039925214248,0.00024687240676797,0.243032674758364,0.108916944575929
457,"Q1",0.0336203332985683,0.000270007717797849,0.275979349153009,0.125176014807033
458,"Q1",0.0397195367017993,0.00029811159180885,0.408715798518453,0.130232372694676
459,"Q1",0.0339998401922639,0.000229012452704986,0.261576242853453,0.0926639245446062
460,"Q1",0.0283618411341795,0.000109155236555033,0.217648844406758,0.257194908671471
461,"Q1",0.0527408913756151,0.000392927444458353,0.389425038470367,0.144202518980712
462,"Q1",0.0905321670424701,0.000751208668951834,0.651072163096486,0.232798807584372
463,"Q1",0.0118389978558842,5.92985611116036e-05,0.109986165921797,0.0371095728560087
464,"Q1",0.0191665095368911,0.000274168253405009,0.208161102498282,0.070667153370021
465,"Q1",0.0493124405224172,0.000386424683182728,0.246015506074807,0.093783131202146
466,"Q1",0.0145866287231566,0.000154129912575422,0.116039819110626,0.0872228032195914
467,"Q1",0.0032758317891286,4.3940439799108e-05,0.0854046625828161,0.0279912088392185
468,"Q1",0.070621167850236,0.000538475030134405,0.64211357334008,0.200285721592353
469,"Q1",0.0219564296726382,0.000240680012920977,0.19579661591922,0.105866773210934
470,"Q1",0.014300957959632,8.23213349691403e-05,0.132425128107008,0.0527554914691457
471,"Q1",0.000137624161462568,0.000486395036763743,0.0173363426069178,0.0606475724778701
472,"Q1",0.109222069674981,0.000896094333700989,0.639717041826556,0.19652530766228
473,"Q1",0.0276795100230416,0.000271585606278087,0.237564397654488,0.0953758940342936
474,"Q1",0.00189559917079407,6.42341138102755e-05,0.0432966706085739,0.0337962511146768
475,"Q1",0.0268704644428812,0.000225412386738847,0.242667708399209,0.112189088237301
476,"Q1",9.41078512521898e-05,5.75430205576644e-05,0.0161948051482973,0.0342977182592715
477,"Q1",0.0287613089669154,0.000201110899260207,0.303726277005252,0.102708763565733
478,"Q1",0.0295344679698495,0.000296444640038719,0.292392626179111,0.134576885475367
479,"Q1",0.0470655172808137,0.000407629285515965,0.349744778418979,0.148856175319479
480,"Q1",0.0267643732923073,0.000263371238799774,0.247772345145906,0.116221525290139
481,"Q1",0.0293759302288343,0.000169914437819661,0.234294197092789,0.0828249463980267
482,"Q1",0.0165090242241774,0.000214460140250929,0.170640399270003,0.0892013178466119
483,"Q1",0.0360159685544286,0.000225656656546465,0.360554560463918,0.111782348121561
484,"Q1",0.0531914207632127,0.000493357760752967,0.40634494188748,0.184516767659885
485,"Q1",0.00262710277070433,7.91365117029113e-05,0.0784383613324864,0.0356199472956274
486,"Q1",0.0257679327945439,0.00022417965915853,0.229526974036955,0.0909655291938039
487,"Q1",0.035253875670918,0.000282652668102184,0.296785038613118,0.11174490547832
488,"Q1",0.0447871703975871,0.000301220651102392,0.486284533189482,0.148684705866647
489,"Q1",-0.000952320115278127,6.45311151272764e-05,0.00794759052482641,0.0279920069248532
490,"Q1",0.0579273191436993,0.000489329066055672,0.446970638466904,0.125079046226864
491,"Q1",0.02075124314403,0.000129921245952314,0.214876825938079,0.0846609690523727
492,"Q1",0.0507074182055263,0.000413501534604846,0.468107076071566,0.166811330192868
493,"Q1",0.0364825158349991,0.000282982331912997,0.299167027268585,0.105101716111754
494,"Q1",0.0480671632269303,0.000361896152340612,0.477766472780945,0.190954600458022
495,"Q1",0.00587506433511464,4.65885041823583e-05,0.062199814845441,0.0377716926050453
496,"Q1",0.0413625703146199,0.000338924440299601,0.356787331057374,0.138064340720883
497,"Q1",0.0109295977854025,7.71079092150256e-05,0.142982055949251,0.0456814369139559
498,"Q1",0.0320813978291348,0.000246005979562488,0.311243993766785,0.119173874601801
499,"Q1",0.00530089197110506,0.000150929409109294,0.101843381569227,0.0539173683236174
500,"Q1",0.00191360319421463,2.39101537249085e-05,0.0710907874367251,0.021047142689188
501,"Q1",0.000661766268299502,3.57889971120277e-05,0.0382967916584818,0.404748947748572
502,"Q1",0.0296750846422125,0.000275238550077469,0.247260164937036,0.113543958605147
503,"Q1",0.0136563047493858,0.000168321987458591,0.175604703740201,0.203087349573379
504,"Q1",0.0205811007614134,0.000192817008357925,0.211560655226872,0.0847757405237327
505,"Q1",0.0129676218116437,0.000110978448935247,0.141041009236976,0.0647651826868578
506,"Q1",0.0307577730609641,0.000242538903175804,0.250971098774786,0.0929412903686898
507,"Q1",0.0255837934494778,0.000342808346423984,0.224836256129034,0.128069300689954
508,"Q1",0.0117728652124764,0.000104593324017717,0.114127417381521,0.0897354288647973
509,"Q1",0.0124001167622438,9.83812791560029e-05,0.135161920709307,0.0454809895586173
510,"Q1",0.0733060563768646,0.000633187877750517,0.408383899047017,0.148335591984749
511,"Q1",0.0379101929064714,0.000308499641086515,0.299929024118395,0.339777986091357
512,"Q1",0.0382748472534136,0.000253990231492555,0.257640742824575,0.0920238409895789
513,"Q1",0.053144425382694,0.000411243782281858,0.513828990642525,0.172553710434302
514,"Q1",0.0160757468928949,0.000233901694267361,0.138887927979177,0.0938202851265825
515,"Q1",0.0502211326006456,0.000410174123918958,0.392468518435001,0.122145919418539
516,"Q1",0.0207254676245459,0.000133519340092662,0.182152192782657,0.0890040433917406
517,"Q1",1.54674040135916e-05,0.000154754063450516,0.00684615491583278,0.053835868063007
518,"Q1",0.0371405379812639,0.000310045442730076,0.435122617425289,0.145840178357102
519,"Q1",0.0277639285532256,0.000180726589168259,0.222664003788093,0.139978833783792
520,"Q1",0.032164425997804,0.000250060838961939,0.324080278674171,0.112771667692186
521,"Q1",0.0583279478645107,0.00050876976692172,0.34613885753002,0.193126978702603
522,"Q1",0.0279260719643037,0.000216306918928902,0.198766609599277,0.0958402420711194
523,"Q1",0.0468938839549473,0.000371940784135211,0.391279455131255,0.134310430378071
524,"Q1",0.0275683672303604,0.000208338144205919,0.253039164696942,0.100031543740581
525,"Q1",0.0524491228180217,0.000391304423137845,0.455744752107485,0.226697564751933
526,"Q1",0.00673145483566806,1.31140761052034e-05,0.106795033559635,0.0350052139802369
527,"Q1",0.0251613737590777,0.00022202002511187,0.211759687705871,0.0871575836202323
528,"Q1",0.026084359618844,0.00016461634574947,0.151477396645554,0.240694046060531
529,"Q1",0.0916980710675155,0.00146911535897175,0.656118896557357,0.253120001108352
530,"Q1",0.0112085658326802,8.49157479862863e-05,0.104067386555434,0.0295590297807373
531,"Q1",0.0397998520139318,0.000295164089976327,0.364163299341342,0.110124912329361
532,"Q1",0.0598945935169581,0.000494114559354697,0.328110140896222,0.145186946415924
533,"Q1",0.0108459519001638,0.000162306523828304,0.159261249186632,0.0541322527868649
534,"Q1",0.00733193207083715,4.07214332563677e-05,0.0702434548857993,0.0347670682177914
535,"Q1",0.0346085552384068,0.000260542972807815,0.271602723420291,0.0878419679288519
536,"Q1",0.00269934109070569,5.37955823631695e-05,0.0413941370022114,0.040564869368652
537,"Q1",0.0339889334751415,0.000239201004021937,0.278866011467827,0.107773315053449
538,"Q1",0.00331441360710727,7.01343757410248e-05,0.0866348061766907,0.0338868088560645
539,"Q1",0.0244946310567347,0.000193564224996355,0.18830634098784,0.0760018281469616
540,"Q1",0.00846362589538074,0.000101244062391799,0.0832437482811913,0.0528688027618076
541,"Q1",0.00505761047078401,6.78041125539581e-05,0.110965644631794,0.10130852319826
542,"Q1",0.0209538212368798,0.000142486728953897,0.204343847579619,0.0709389130764537
543,"Q1",0.0436167282771525,0.000370668144553177,0.339209903477744,0.143854620101381
544,"Q1",7.22055082036377e-06,1.1760174349152e-05,0.00490036844269108,0.0905709113140406
545,"Q1",0.0260844392519051,0.000169057204867658,0.223186139386626,0.0653050793464247
546,"Q1",0.0510739885589899,0.000366453713338536,0.411769366740427,0.141121653686607
547,"Q1",-1.51639484968769e-07,4.26139398260764e-06,0.000213827449026309,0.00845005319350329
548,"Q1",0.0277784427895327,0.000223987454125191,0.302015225554534,0.0857305140728668
549,"Q1",0.0174610852855928,0.000142645613628503,0.19648033300423,0.0616296600916389
550,"Q1",0.0130676907094411,0.000127967103004851,0.140998369273178,0.0661876774442172
551,"Q1",0.0243679372328902,0.000173875701488028,0.20245849237784,0.0706765056441681
552,"Q1",0.041657135775834,0.000408100284288573,0.365447471781767,0.139529947996923
553,"Q1",0.0873756865447657,0.000778044853097032,0.566328002293278,0.215845363134005
554,"Q1",0.00760672988475086,3.83990961538722e-05,0.0731841000332327,0.0298293057665961
555,"Q1",0.0553594600770655,0.000443658937111108,0.540636209678562,0.1867998413975
556,"Q1",0.00529822373619737,2.7043243946387e-05,0.0862063260933297,0.0325784488821191
557,"Q1",0.0389578821992433,0.000354318274871852,0.332051490369463,0.137550522425332
558,"Q1",0.0276004352660841,0.000166662431236862,0.195269602757195,0.0612007468813513
559,"Q1",0.0155923630293433,8.81218205699313e-05,0.155161166630844,0.0670764835620721
560,"Q1",0.0334229228436094,0.000338967607054026,0.237040275171391,0.122945036954653
561,"Q1",0.0395546522366903,0.000325783866249242,0.22433730736108,0.174733233587095
562,"Q1",0.00113403360179909,1.68540782415091e-05,0.0519260122384413,0.018010798926978
563,"Q1",0.00288574924235085,1.969828809094e-05,0.0483474495463475,0.0146514806181554
564,"Q1",0.00605533513245504,5.65765661219383e-05,0.0577113387867496,0.0429372166383561
565,"Q1",0.00611340508690361,0.000644975176604096,0.0901196502299548,0.0820448399754295
566,"Q1",0.0189109853480556,0.000243518351778609,0.208079770469613,0.0661995225600193
567,"Q1",0.021268824381389,0.00024771478718875,0.23010411519496,0.106368392829887
568,"Q1",0.0656777174044816,0.000589222641815667,0.381902565725526,0.118975343413872
569,"Q1",0.000990670075273314,2.11508095611265e-05,0.0493915207922918,0.0841637129554053
570,"Q1",0.117150417781652,0.000987987367705115,0.902276999275792,0.270381350133882
571,"Q1",0.0418155750900961,0.000311155481127816,0.390305099014203,0.121092631175279
572,"Q1",0.0163582847379029,0.000127562299509326,0.171916515670868,0.0669257041351936
573,"Q1",0.0848805250846798,0.000666063799959761,0.864597158634855,0.244048983753056
574,"Q1",0.0763496533805945,0.000390503352885501,0.490181660940343,0.149725964730622
575,"Q1",0.00210888370265216,6.074664821798e-05,0.0688116408910203,0.0312515933023615
576,"Q1",0.0631704187533835,0.000523703489214494,0.509012510111989,0.170997360623689
577,"Q1",0.00898717953488593,5.47399023807965e-05,0.0804806396915,0.161401388588899
578,"Q1",0.0357044573433623,0.000249614620549999,0.252323933229409,0.0860059362887246
579,"Q1",0.0221805864624578,0.000267312686467619,0.226883949703634,0.069763625817259
580,"Q1",0.00755110237966328,0.000148882890313252,0.131659128748152,0.0504076716210882
581,"Q1",0.0360468418477549,0.000249368179078036,0.452609836474331,0.132256340500111
582,"Q1",0.0231414323598873,0.000171503114054083,0.218364470418717,0.0963845320526214
583,"Q1",0.0428094587644523,0.000317268183432347,0.355091177239882,0.121324497383482
584,"Q1",0.0268318420048388,0.000222834005068554,0.245612119671118,0.096355837278021
585,"Q1",0.0364227003580027,0.000396804918570363,0.340719410510849,0.137658302345336
586,"Q1",0.000261795225052097,6.49616355489861e-05,0.0254450198926064,0.038253833841529
587,"Q1",0.0430151025741718,0.000336532128700308,0.385695255697262,0.155921017925655
588,"Q1",0.0346405629830464,0.000284871887147621,0.294315193652294,0.107202888553583
589,"Q1",3.36410165502343e-07,0.000120501283885901,0.006600531970355,0.0489202395590059
590,"Q1",0.0165759143891773,0.000130081119037608,0.166586553257645,0.0848547432256865
591,"Q1",0.0328745737114886,0.000237526705610064,0.270211735576301,0.0857415536101521
592,"Q1",0.00220381842340522,5.47507554582436e-05,0.026482130554974,0.0393732944157405
593,"Q1",0.0340320300664825,0.000343057050083836,0.275813650421193,0.136883182115132
594,"Q1",0.0328367360655779,0.000231545448563761,0.348595135433,0.103042665034129
595,"Q1",0.0127208803462509,8.66894654877293e-05,0.12094156950253,0.0689210730072165
596,"Q1",0.00101217533840092,5.23289323670266e-06,0.0313663014353256,0.0117576064512151
597,"Q1",0.0511255673272775,0.000462599370545451,0.296342275068139,0.121613804075997
598,"Q1",0.00702301327252997,3.41208099712352e-05,0.104405823252285,0.0334750390015488
599,"Q1",0.0310786307269169,0.00027020942183901,0.230458774748599,0.121058318295575
600,"Q1",0.0136916962300226,0.00018058279101406,0.149949914232168,0.0797676658249503
601,"Q1",0.0366978824655604,0.000293917956340841,0.296958170458703,0.116780661884934
602,"Q1",0.0131274490917601,0.000106827652856896,0.138974665511039,0.0418327648810937
603,"Q1",0.000863866229964927,0.000103888533491401,0.0460160399388253,0.0458328902121749
604,"Q1",0.0296863338820277,0.000304371635819372,0.209261881154314,0.119078057171943
605,"Q1",0.016630254203017,9.22469140665287e-05,0.159053280847115,0.146163977603005
606,"Q1",0.0388141692121522,0.000294714409580295,0.339848951498295,0.113763873390371
607,"Q1",0.017792488050393,0.000253702988240341,0.188839304786033,0.0990825846693919
608,"Q1",0.0641039867831239,0.00058536467720703,0.441422720947647,0.181439595575689
609,"Q1",0.000694171789826115,0.000108950859182019,0.0361284605738908,0.0460225329026326
610,"Q1",0.0461963647000552,0.000322775216674894,0.414640778013664,0.120592745750413
611,"Q1",0.0657102199353279,0.000552497000725854,0.535862905898476,0.180149832674765
612,"Q1",0.036232030001754,0.000289823767708693,0.339476584961346,0.114929659926436
613,"Q1",0.0064500322586909,3.90367838853562e-05,0.0724523182026501,0.0339810798665083
614,"Q1",0.0166578830990627,0.000191255364627376,0.185936858080142,0.0977483066812223
615,"Q1",0.051434061155831,0.000385235516112486,0.453606435390602,0.14418796871313
616,"Q1",0.0820865677989087,0.000637252475277176,0.681565019614417,0.198937189228595
617,"Q1",0.0435811209343964,0.000324268974200087,0.419684859873721,0.133330766417676
618,"Q1",0.00044598056340206,8.760056207874e-05,0.0310238228520157,0.0411826749859818
619,"Q1",0.0453285286900638,0.000385901197800605,0.449853467099056,0.161849508257027
620,"Q1",0.0561143097254835,0.000500841251516291,0.483211305575456,0.17704483465264
621,"Q1",0.0347250109150696,0.000364191956770791,0.266754638777002,0.13199613502089
622,"Q1",0.0448693116224774,0.000325221320947198,0.362312854052636,0.134019626752215
623,"Q1",0.0096935373030469,0.000104193010318141,0.0945142122173695,0.0533537485404217
624,"Q1",0.0227284383477286,0.000204573438949554,0.16708860698744,0.0843894231348621
625,"Q1",7.90749991086415e-05,6.80061698813631e-06,0.00503023906461692,0.0107001786839065
626,"Q1",0.0458266465794814,0.000359620954905043,0.273104977331184,0.167353582643346
627,"Q1",0.0373107361121043,0.000286072151049398,0.312061132788363,0.121486828964236
628,"Q1",0.0112362021947003,0.000252066678298428,0.15769123296887,0.0615927833785846
629,"Q1",0.065315777040972,0.000466122120831409,0.591152631119127,0.189976983449134
630,"Q1",0.0284226515283574,0.00019391182574911,0.23270869604852,0.0817722718847677
631,"Q1",0.00190721135193783,3.19374683355321e-05,0.0640086097819609,0.0240885062355868
632,"Q1",0.00872478988256908,6.42823360184431e-05,0.111101544330258,0.0466713144158471
633,"Q1",0.0219354905424414,0.000166091786742672,0.191119183949096,0.0658266882047492
634,"Q1",0.0477298247978748,0.00037970795350596,0.262746020418438,0.103932351069359
635,"Q1",0.0787944559596827,0.000645519473498724,0.750189774633475,0.313854375107341
636,"Q1",0.00722389797895318,0.000105104471672279,0.0879835756899721,0.0464570920347626
637,"Q1",0.0406928242019653,0.000355041225409444,0.281689218711625,0.129845307618421
638,"Q1",0.0702324397161043,0.000615097378076653,0.666505105722898,0.59431176955728
639,"Q1",0.00176796344394958,2.27087351097122e-05,0.071635454752856,0.0210975305115504
640,"Q1",0.0112952390907211,0.000135654617621957,0.16077225734236,0.0496412995503879
641,"Q1",0.0497401947680185,1.82150178149073e-05,0.0557124978003681,0.0188128562374932
642,"Q1",0.00083461748662117,1.27003584758968e-05,0.0485619485436768,0.0245469483241222
643,"Q1",0.0656200157218194,0.000622301923349663,0.510722707188518,0.193399523960412
644,"Q1",0.0336109581255268,0.000274986881885841,0.247343702579115,0.119045231991269
645,"Q1",0.0394964211889945,0.000313693318903345,0.305998779485463,0.102034606358146
646,"Q1",8.02701545765672e-05,1.99113335947104e-06,0.0127826982682679,0.00577916346840766
647,"Q1",0.0475394553509272,0.000294564883365488,0.462232558809382,0.141206120185112
648,"Q1",0.0229623758907067,0.000212456024499612,0.181613258379847,0.0979943271416884
649,"Q1",0.0537875898829583,0.000413147633446673,0.400795100027094,0.137323297113996
650,"Q1",0.00685049823151651,6.69862318367771e-05,0.112814864244007,0.0375880983941026
651,"Q1",0.0560507138257655,0.000410494563033494,0.551731046612589,0.162842977675344
652,"Q1",0.00509575723443589,3.16126525761443e-05,0.0525912785872526,0.0372891261194365
653,"Q1",0.000260987353028597,4.66697815286257e-06,0.0220355347440588,0.00905897693017073
654,"Q1",0.0424503887765884,0.000309482161244581,0.391050021011315,0.119677230646896
655,"Q1",0.0358134578167544,0.000306427052272574,0.285314472228903,0.117283755967369
656,"Q1",0.0444080418474826,0.000309318908659573,0.443370468816254,0.145844634511
657,"Q1",0.0313399892172317,0.000203641700820201,0.249735864537408,0.0879096579457981
658,"Q1",0.0367948851110835,0.00028087153967233,0.295901298399524,0.107054994383663
659,"Q1",0.0263125213182711,0.00019102140580348,0.247205252009501,0.0693906977502688
660,"Q1",0.0508285987784998,0.00039812833729693,0.398564412602628,0.15265563420149
661,"Q1",0.0471145370461059,0.000351992365305199,0.388909822928445,0.126015160822525
662,"Q1",0.0223298286135147,0.000134456769307964,0.16249011913265,0.143549612395829
663,"Q1",0.00896134233344448,6.50430995083813e-05,0.106392314954563,0.0425545109076437
664,"Q1",0.0244887756636984,0.000162995805291489,0.245003945903547,0.079484099157223
665,"Q1",0.0856004435678077,0.000702406316045026,0.699129197174352,0.223798689039854
666,"Q1",0.0388415952953558,0.000274505524354529,0.285904654950293,0.0869497861638717
667,"Q1",0.0342420804748098,0.000264802861846746,0.298712116181367,0.110460193734807
668,"Q1",0.00089968611025526,1.80244000648378e-05,0.0509863877013914,0.103142956829622
669,"Q1",0.0315702217927232,0.000240872499255908,0.197231565761782,0.0655012107496963
670,"Q1",0.0181962569140808,0.000208402634110369,0.155123344519531,0.0963842853703259
671,"Q1",0.000380958255115971,1.57439656363797e-05,0.0337051085212032,0.0176187198215046
672,"Q1",0.034919468730628,0.000237048612765592,0.260208223457151,0.108732169381867
673,"Q1",0.0294780238896042,0.00022167265333099,0.287757838925373,0.0979641816514738
674,"Q1",0.0689482404304407,0.000567271294382632,0.547847170051195,0.159084031091409
675,"Q1",0.00693044599527681,0.000124834375822024,0.125537128354772,0.0466313832465494
676,"Q1",0.0960211483144757,0.000780432275121121,0.69704654261526,0.235524912174613
677,"Q1",0.0315411083569082,0.000300303460910059,0.307774235511457,0.126551598453103
678,"Q1",0.00749823936569349,9.73541852752529e-05,0.0719268167309634,0.0542349546180469
679,"Q1",0.00557452259904956,6.15881954278171e-05,0.112184694607212,0.0332710221312842
680,"Q1",0.0734940784884532,0.000641512584936323,0.536382910544466,0.68681647424238
681,"Q1",0.121867719041633,0.00105962432740577,0.777604151962753,0.243992098425842
682,"Q1",0.000106507698379943,9.92648716078753e-07,0.0136337577989391,0.00512600092765216
683,"Q1",0.00884765129745624,5.33718887250484e-05,0.128642369686856,0.0387816462310155
684,"Q1",0.0391764193565471,0.000287807298148592,0.292164993403829,0.117782953444761
685,"Q1",0.0135161621001689,0.000111488684807597,0.137870258437572,0.0681627466581475
686,"Q1",0.0600720320191392,0.000479576281537148,0.463691843052603,0.151090359454939
687,"Q1",0.0486228504794717,0.000432807947531464,0.288694004043247,0.0934825545323855
688,"Q1",0.0410446228846801,0.000311237184176198,0.419755947632508,0.131149136314418
689,"Q1",0.0171206951626832,0.000175277708675678,0.157270620224049,0.0709447397029768
690,"Q1",0.00870556959410607,4.43823502351521e-05,0.10007337828823,0.0357175425414357
691,"Q1",0.0425494355911074,0.000324793173004964,0.41543090572804,0.123128082228872
692,"Q1",0.00438092436131754,0.000221007671149135,0.104542739109538,0.0652783733401205
693,"Q1",0.00233959898689839,4.82890741508603e-05,0.0729254942977676,0.0288952659917309
694,"Q1",0.00270742373520427,3.13041355502939e-05,0.0794028254680332,0.0254406624664469
695,"Q1",0.0144096171535359,0.000105452649610641,0.149954018127405,0.063484058935818
696,"Q1",0.0446626267693961,0.000335925636329419,0.435775915903581,0.115747839478927
697,"Q1",0.00587414437835498,6.45839983253631e-05,0.116096490650589,0.034190993478437
698,"Q1",0.036792522988355,0.000237201874202452,0.32705652046846,0.269119332568047
699,"Q1",0.0174689818236384,0.000153855635356397,0.163868876188335,0.141950103575797
700,"Q1",0.000497848399515277,5.78310893095447e-06,0.0318153253007754,0.0103284545694854
701,"Q1",0.0207581988068988,0.000147546562426893,0.225086730094923,0.0847989830041983
702,"Q1",0.0255492987141483,0.000169906547619817,0.231190186769167,0.0896547784063442
703,"Q1",0.00333509709678559,7.02042996972762e-05,0.0378861013588435,0.0411301294508207
704,"Q1",0.0035166388498844,2.41817264501417e-05,0.049307826691197,0.0220067998818914
705,"Q1",0.0355381008459634,0.000316999151795627,0.330750877513141,0.137368133571576
706,"Q1",0.0161929828024778,0.000153861993256095,0.160992072729027,0.0792651619029331
707,"Q1",0.0277525309336966,0.000200063173478794,0.203282216250168,0.0729934883381396
708,"Q1",0.0369320000028495,0.000276201044003057,0.233772712927729,0.102094467907395
709,"Q1",0.00273764007482491,5.54794832463102e-05,0.0787934605747619,0.136149118609912
710,"Q1",0.101483724075498,0.000716793322878511,0.80265364035397,0.661284318079452
711,"Q1",0.0620165577489935,0.00049624667695337,0.412977310614238,0.139770463904346
712,"Q1",0.0140255211641414,0.000144409847573794,0.118920709323507,0.0624395715951937
713,"Q1",0.0255294822341998,0.00017712321470256,0.161483904626051,0.0575320436424733
714,"Q1",0.014289855720838,0.000160033835853813,0.185051815446095,0.0550754860251374
715,"Q1",0.0207808491173243,0.000136730668403131,0.215123712386025,0.0595809569016085
716,"Q1",0.0454036159749034,0.000393081883191965,0.268625538695071,0.0932197704790376
717,"Q1",0.00206204948473498,6.02767940734074e-05,0.0351775371009411,0.0369204304789552
718,"Q1",0.0137468091953945,6.27785943739408e-05,0.116936283592779,0.0840589036061755
719,"Q1",0.0074106143160293,4.65060249532644e-05,0.0936351230668675,0.0358824454146861
720,"Q1",0.0376070640968571,0.000281857068668682,0.341821600904376,0.113931973750158
721,"Q1",0.00725980299561613,0.000101582640153455,0.087296732752885,0.0518021582752273
722,"Q1",0.0272739796764387,0.00019913626830545,0.189363269927049,0.0603006741722023
723,"Q1",0.000789101417648652,2.03405247480424e-05,0.0394936584078625,0.0170844934368463
724,"Q1",0.0216960641614374,0.000235286980990804,0.175870639535092,0.102496461955819
725,"Q1",0.0537128047382573,0.000349567641655803,0.380778229999028,0.119375870946073
726,"Q1",0.044004219762682,0.0003493786042747,0.297646970367309,0.199299440565031
727,"Q1",0.0212975155806525,0.000156961915804798,0.175083611504545,0.0737150809731122
728,"Q1",0.0950237934814115,0.00076260397024739,0.699486772619586,0.293662567592015
729,"Q1",0.00783779221548642,6.26554611014086e-05,0.103820125010195,0.0468001536438831
730,"Q1",0.0353365492170248,0.000257654272869256,0.251984340753398,0.159885040484542
731,"Q1",0.0861872817065912,0.000702795349635478,0.664238575649734,0.202436122599235
732,"Q1",0.0101747241480687,0.00011869483133715,0.158278569063893,0.046620034521505
733,"Q1",0.020579824356064,0.000147042989326872,0.175995268221206,0.237938478212781
734,"Q1",0.0268751086944246,0.000218620461186526,0.184115614146653,0.0951284239026041
735,"Q1",0.00453102422154039,5.89908548088072e-05,0.101344524383023,0.0328588363986302
736,"Q1",0.0311833873373182,0.000202714758037687,0.252778502635761,0.0979778245046192
737,"Q1",0.00632166191836347,2.7999340329231e-05,0.0873640578473179,0.0280727907574185
738,"Q1",0.00896381607556229,7.40469781705043e-05,0.0796388274533143,0.0465016594278418
739,"Q1",0.0058833388000803,7.72528769230297e-05,0.119981073900141,0.129675233735059
740,"Q1",0.0191768764239537,0.000154955966550722,0.201398706910849,0.09381109177161
741,"Q1",0.048988245980631,0.000426494999294643,0.40708746980115,0.15272581556253
742,"Q1",0.0295531833117124,0.000223226262526203,0.263334340694428,0.0886206864359815
743,"Q1",0.0213873745802182,0.00019894313204321,0.215828598639277,0.0974481675880289
744,"Q1",0.0200953387531193,0.00013550308590241,0.143293619896883,0.0557329451570309
745,"Q1",0.0109274011108447,6.71886200838537e-05,0.111336121236726,0.0603249268794669
746,"Q1",0.0451604229794498,0.000292062667452761,0.314347612726337,0.255216871628034
747,"Q1",0.0115984228679569,0.000143885184267013,0.111419132770787,0.0713245398670331
748,"Q1",0.00987782657577796,6.81612752889506e-05,0.0871522572701179,0.0439906396887794
749,"Q1",0.0236681945972528,0.000173228000357564,0.19081327344825,0.0672796942214384
750,"Q1",0.0505992469877405,0.000444916373239988,0.324587386601452,0.142742980317614
751,"Q1",0.011473081680073,8.3418748266327e-05,0.131700779506805,0.0607331279660381
752,"Q1",0.0678359697890407,0.000585537796079584,0.449052641762569,0.128664326831755
753,"Q1",0.00189072047071726,0.000144770373529424,0.0668254691000258,0.0424394766403389
754,"Q1",0.0079779478899642,0.000121241583445837,0.0777828282398656,0.0611641657175523
755,"Q1",0.0212194806106716,0.000142663263545514,0.180261465791079,0.051899736366675
756,"Q1",0.0154276500131765,9.38177611202094e-05,0.149925173259663,0.0454420982014847
757,"Q1",0.0308656138607066,0.000229166422985219,0.322315054705291,0.0970564944356612
758,"Q1",0.0194278074878138,0.000136705643846364,0.194711640770672,0.0571058314270265
759,"Q1",0.0222203821672249,0.00014955675307847,0.22862981868093,0.084524057480828
760,"Q1",0.000361357775739535,0.000414322966831864,0.0347604061386089,0.0585095117940174
761,"Q1",6.77555827213183e-05,8.3176737544478e-05,0.0142128122141277,0.0377722349491122
762,"Q1",0.00924064123278612,0.000118331422742617,0.0871630550663509,0.0705153426203792
763,"Q1",0.0336075665375724,0.000250499567752256,0.277468601743593,0.141934090770793
764,"Q1",0.0260661315798938,0.000184715504434281,0.206382302726939,0.0631479054477754
765,"Q1",0.0309375347445222,0.000258085569692585,0.278090208085611,0.0834119427442097
766,"Q1",0.000456237899541634,2.83777359261787e-05,0.0301102386217659,0.0221948519121644
767,"Q1",0.0247434304077618,0.00019691457153794,0.197603370097314,0.0820785470681209
768,"Q1",0.0310500279136576,0.000228463998490353,0.271331879132411,0.0881070645538847
769,"Q1",0.00213810440650875,3.00317783356548e-05,0.0727597138147306,0.0229218389719766
770,"Q1",0.0232893053543073,0.000168389179224251,0.227636413511634,0.0649349092551711
771,"Q1",0.0218035770876792,0.000136969159461834,0.23091741733594,0.0755282336008169
772,"Q1",0.000125183883774582,8.06955253194601e-06,0.0183336662328252,0.00981432066448615
773,"Q1",0.0136981183595051,0.000100420850907135,0.133660102503799,0.0525840104167248
774,"Q1",0.033951183384243,0.000271187462089443,0.296993107728993,0.114208961873419
775,"Q1",0.018808812542483,0.000186903267418043,0.198265805085481,0.0886220644322695
776,"Q1",0.0151229173406335,0.000148603107317315,0.153122141329646,0.0718487299332838
777,"Q1",0.00584792794490774,2.11656331130618e-05,0.0551196693968817,0.0313755250819932
778,"Q1",0.0509043352823344,0.000291778992511296,0.312341312049072,0.334591013981545
779,"Q1",0.0937468684834428,0.000797941670824903,0.720243708754302,0.236380551204658
780,"Q1",0.0411304216999753,0.000286644312763425,0.446599437791446,0.115376234043971
781,"Q1",0.0416344675440179,0.000363007122632531,0.325485581568328,0.127345473838802
782,"Q1",0.0123946518682381,0.000122716226788862,0.109337984853445,0.0349224313729121
783,"Q1",0.055061836785594,0.000535319985354987,0.368671777112281,0.164216231686768
784,"Q1",0.0572928585577195,0.000471310259257283,0.323540015213754,0.12762535625962
785,"Q1",0.056984043298943,0.000410948292336233,0.477366041838202,0.152698487162943
786,"Q1",0.03995172211682,0.000311067822995663,0.314995759947643,0.133910421172051
787,"Q1",7.23267810336381e-05,4.00312705998298e-05,0.0133266243350777,0.0486578030203661
788,"Q1",0.0355051967002797,0.00027017532346452,0.237933574177776,0.0940759769285135
789,"Q1",0.0493213722894108,0.000400250405280288,0.52397510393019,0.171724654494748
790,"Q1",0.00719044670965729,0.000126960122273162,0.127855759877964,0.0482963022544653
791,"Q1",0.0547656230323526,0.000428228644579073,0.469664151396274,0.123777692491629
792,"Q1",0.0133089438058729,0.000108476947603934,0.168766523542461,0.0561037079903838
793,"Q1",0.044842694493525,0.000383810605724447,0.374233481530095,0.148552829528613
794,"Q1",0.0220916331925238,0.000188861305812507,0.159037305163648,0.0782867414766833
795,"Q1",0.0321577086878104,0.000247822518175471,0.239111866885129,0.0961680249582616
796,"Q1",0.0204155972060587,0.000894971866940936,0.213895652852221,0.123850089047919
797,"Q1",0.0628871808320319,0.000399738052414921,0.518203087276782,0.173659426440528
798,"Q1",0.0310199947802019,0.00022182821143676,0.261872471166046,0.0965964671853777
799,"Q1",0.0397397526509184,0.000284870467275584,0.245477545799785,0.106064152198847
800,"Q1",0.0212281796852842,0.000161044174024331,0.169725025796139,0.0811194584597703
801,"Q1",0.000320098505239841,6.4453294994575e-05,0.03254492430507,0.0333962740873324
802,"Q1",0.0108213241695392,5.93446447728218e-05,0.120570248437861,0.279405966233829
803,"Q1",0.0216661802692837,0.000145886352323232,0.162800424900519,0.070765129130007
804,"Q1",0.0286489295844667,0.000233729908545221,0.2298299415998,0.0712533045101375
805,"Q1",0.0162762071797218,0.000160636706586436,0.172270640282272,0.0788908143530556
806,"Q1",0.0726787384253011,0.000598986421646692,0.528911210408334,0.1463750149321
807,"Q1",0.0354832827285012,0.000273375766843263,0.319459257621167,0.107861459725938
808,"Q1",0.00245383080924455,5.69338109150963e-05,0.0748059806536404,0.032618023210607
809,"Q1",0.0600214029457362,0.000461317396118578,0.450062612312959,0.148593401854017
810,"Q1",0.0294595197449894,0.000296646852428065,0.242527237537563,0.107552890534163
811,"Q1",0.0127753835609195,9.31374027513806e-05,0.134042851031529,0.110369290852794
812,"Q1",0.0320112503008243,0.000254143736962747,0.250773682636419,0.102434974055051
813,"Q1",0.0108215934841773,0.000100918115209158,0.114699165827725,0.0546982715073912
814,"Q1",0.0542744302208931,0.000391735388661222,0.630749059453808,0.190945123921575
815,"Q1",0.00567359006131518,5.79199900657147e-05,0.0611278995864688,0.0747144499436502
816,"Q1",0.00222882569185145,6.65277982019006e-05,0.0548157292219324,0.0399603396009414
817,"Q1",0.0136940629891793,0.000136098104922102,0.125886124050848,0.586126721041919
818,"Q1",0.00579790661296542,1.33392547497643e-05,0.0731194432266567,0.0447201077123955
819,"Q1",0.00812759259360796,6.79254453542547e-05,0.0983366883828937,0.0489143404615119
820,"Q1",0.0671247830829813,0.00054687879650432,0.535309530846749,0.315738688623612
821,"Q1",0.0444896906877563,0.000357816431349845,0.336675436188814,0.123725586858193
822,"Q1",0.00012939247993593,1.22917144430774e-06,0.0163387213327878,0.00490729506980812
823,"Q1",0.0225648975053137,0.000165690138330688,0.235788546941642,0.0756916080031673
824,"Q1",0.00210261206077966,2.95876183113035e-05,0.074218409500402,0.0339272201795845
825,"Q1",0.0287512437218655,0.000198722621168079,0.29507853702331,0.0943023513902619
826,"Q1",0.0346475333941463,0.000267510381676805,0.317485819193835,0.190667185186247
827,"Q1",0.0894567733851979,0.000824206964266757,0.733786530014398,0.235522889245112
828,"Q1",0.0298924012979338,0.000188394321885109,0.271463160835564,0.0784264962912801
829,"Q1",0.0647040611899481,0.000545451210670379,0.416595901523573,0.150092130823118
830,"Q1",0.0516147696046225,0.000410137402125571,0.389498186990096,0.134994224279634
831,"Q1",0.0319428411333931,0.000241459451248341,0.33349239011998,0.153287992530225
832,"Q1",0.0270921153440309,0.000226513163256429,0.232698768920961,0.139289104435559
833,"Q1",0.00255621411479723,6.72744873778726e-05,0.0763312227068193,0.0353549451555811
834,"Q1",0.0288230849742419,0.000200051003359366,0.232825344103418,0.151219325945695
835,"Q1",0.0440043283628935,0.000389933275623713,0.386375107279574,0.145829073386636
836,"Q1",0.0946713893021247,0.000413819035464681,0.27012215066587,0.134579633200984
837,"Q1",0.0488312286278685,0.000435289706877617,0.321761617769133,0.154924401561111
838,"Q1",0.0512719176534961,0.00044102739856884,0.445683733560799,0.131157396736775
839,"Q1",0.05213520695985,0.000415299292189574,0.395851916147282,0.14626042985201
840,"Q1",0.00158389711196527,9.40475467906109e-05,0.0582634233744475,0.030934695992394
841,"Q1",0.035616173280637,0.00029375662201628,0.262627624059292,0.101719013380021
842,"Q1",0.024086210684283,0.000193982961773421,0.212808093857303,0.0658566305605714
843,"Q1",0.00280755598654636,3.50527500498205e-05,0.0788403391701955,0.0252059759477822
844,"Q1",0.0475037808953598,0.000432890779396288,0.4085928569745,0.159045422330235
845,"Q1",0.00113256980596432,0.000278075212165739,0.0186740129614829,0.0718082394956952
846,"Q1",0.0049873334208268,2.54284148054304e-05,0.0514166826638201,0.025179435428585
847,"Q1",0.0447626395399698,0.000337469183703742,0.370349716188543,0.125380334746334
848,"Q1",3.46460734252929e-05,7.4569889030658e-06,0.0116970891243382,0.0113159761737076
849,"Q1",0.0478972192258773,0.00034909823530978,0.455790152372263,0.196673204527586
850,"Q1",0.0396745310853461,0.000281527950974308,0.269666203901958,0.119695396736555
851,"Q1",0.0462462147670841,0.00037404063380329,0.401257050962526,0.119591912220024
852,"Q1",0.0275154059610383,0.000205258856205144,0.216502735430686,0.0725311710615061
853,"Q1",0.0110256936691311,0.00019000911419421,0.100092621931229,0.0898098661770863
854,"Q1",0.00402685151723858,1.63856886432993e-05,0.0555577025159011,0.029258003825029
855,"Q1",0.0477007419377404,0.00038362363412842,0.42509814803674,0.148545086999666
856,"Q1",0.000546907623760973,6.8201761425602e-05,0.0338771669530002,0.0335460980114203
857,"Q1",0.000418718876915136,7.09930629584815e-05,0.0284638910914286,0.0381221326507104
858,"Q1",0.0172461714529337,0.000147031897835253,0.158541034205541,0.0767269097307643
859,"Q1",0.010126348864107,6.69601875141223e-05,0.102158641460541,0.0337277814134153
860,"Q1",0.0206206482347131,0.000130787296565665,0.18373975022625,0.0692154148039284
861,"Q1",0.086123930950718,0.000675463756968898,0.68894212958884,0.26651423760157
862,"Q1",0.016109994506504,0.00019371212854387,0.194971131818399,0.0585731134819495
863,"Q1",0.046093397421842,0.000410770172167535,0.334118252222524,0.138799210646925
864,"Q1",0.0486543413703124,0.000474125478882072,0.426537799896783,0.156807963792516
865,"Q1",-6.86874676780747e-06,2.75803436411562e-05,0.0054973907292394,0.0226980559112964
866,"Q1",0.0537922464810165,0.000447751555832494,0.433993354592364,0.151563519493303
867,"Q1",0.0488786638052563,0.000454846577651367,0.322381691637499,0.138100876524472
868,"Q1",0.000946849208450118,0.000193067292871793,0.0427513390886263,0.0490009315145751
869,"Q1",0.0070936160852284,4.40177299117949e-05,0.100669316444363,0.0356598846711624
870,"Q1",0.0402075456484567,0.000268007197931868,0.355317871772982,0.135927559954254
871,"Q1",0.0663501165513232,0.000496307135228468,0.648188309161079,0.201901377760015
872,"Q1",0.0011351202161336,4.17380705934895e-05,0.0473375217108861,0.0283190397616556
873,"Q1",0.0282612750858409,0.000228336328271537,0.237025672026415,0.139864751623413
874,"Q1",0.00754562296562256,4.76737184141166e-05,0.0779521968007358,0.0643152203965361
875,"Q1",0.0408872905166415,0.000265531845970163,0.309915535493925,0.21844642702457
876,"Q1",0.0655833273041893,0.000474659117584962,0.570877625236761,0.175554502254983
877,"Q1",0.032243175853619,0.000235318070873752,0.291916923235966,0.0819002728760527
878,"Q1",0.0174656576117744,0.000145902876558916,0.16331731876706,0.0722047902144888
879,"Q1",0.0325079989452259,0.000264197265601113,0.279683915595711,0.113597060789822
880,"Q1",0.0550061616352444,0.000427744597612935,0.388912286126679,0.218903425130347
881,"Q1",0.0390383005439254,0.00029757528079671,0.306962807184412,0.137929038112282
882,"Q1",0.0279587465183795,0.000195404241505759,0.290326447735902,0.111219710973855
883,"Q1",0.047723308021034,0.000390026301462915,0.481530395323209,0.167210425191181
884,"Q1",0.0163509010519292,0.000100754795343338,0.168670769121116,0.072287225961382
885,"Q1",0.02387582039864,0.000225107852020638,0.251738648038701,0.107189648580119
886,"Q1",0.0406934843424231,0.000357026554258212,0.240084714965613,0.121185173742886
887,"Q1",0.00775552364994248,5.52940053313619e-05,0.095110869947981,0.0291049785007887
888,"Q1",0.00724207387885301,6.75042877298207e-05,0.0824781439729067,0.0526523620984887
889,"Q1",0.0427717587866514,0.000360824242655912,0.349704513672597,0.146581787398065
890,"Q1",0.0345686518686961,0.000289985158587313,0.285579220021658,0.141219855166056
891,"Q1",0.0336160076422711,0.000225783415830235,0.345938242175586,0.105820104861533
892,"Q1",0.0383200175454199,0.000284452418338791,0.397887579593364,0.138287428209659
893,"Q1",0.0407739932878339,0.000334107619783247,0.354500024590062,0.114530436880718
894,"Q1",0.0634048466748816,0.000457855570938685,0.641966966525774,0.187506178689548
895,"Q1",0.00502862379721591,5.17969548331295e-05,0.0698595915577183,0.0418407703924559
896,"Q1",0.0286011650372835,0.000209653535305391,0.253559202360052,0.089742602964963
897,"Q1",0.00329650243227775,2.79292134036207e-05,0.0590104714943314,0.0286841525052724
898,"Q1",0.0724699744629405,0.000551058985270662,0.594492338098648,0.23442340700346
899,"Q1",0.036250959724569,0.000346852305035544,0.300784031256558,0.13686959642288
900,"Q1",0.0621858665516655,0.000528945622265528,0.367278258965912,0.282506241664239
901,"Q1",0.046121868368024,0.000370290398800748,0.361464577662211,0.108864341786459
902,"Q1",0.00503893075523898,2.82340012211333e-05,0.0548907463071632,0.0176741672861097
903,"Q1",0.00102315138896358,3.93482825880943e-05,0.050363664156128,0.0275396122358997
904,"Q1",0.100364212466921,0.000804136019579832,0.599434667001459,0.428575393024511
905,"Q1",0.0276816037175429,0.000278995522075808,0.237916819476266,0.0983733090561849
906,"Q1",0.0272373177223884,0.000217417757054719,0.243822452932862,0.0867961516383917
907,"Q1",0.0440830789012381,0.000631803992687462,0.681854523354644,0.185801901987537
908,"Q1",0.0426014250864224,0.000318005361174107,0.396962723344301,0.128171752828832
909,"Q1",0.0594656905780333,0.000481487757590095,0.451327832648008,0.125700074904335
910,"Q1",0.0360647471649074,0.000282189393758307,0.28465598285212,0.118414887495007
911,"Q1",0.00411008172602223,2.69973267634999e-05,0.0508115396374603,0.0154242405177485
912,"Q1",0.0115703899598607,0.000142737289981494,0.169053797952712,0.0506958707423727
913,"Q1",0.0159106205991222,0.000113590654702571,0.16424965627732,0.0705653473477723
914,"Q1",0.025155009580482,0.000198766266888747,0.219849810817373,0.106119130839618
915,"Q1",0.0498428145973513,0.00040384388842267,0.325133936217608,0.13570819536076
916,"Q1",0.0807466115568847,0.000616892735812389,0.620503052388013,0.208409572972445
917,"Q1",0.0193183829190371,0.000163083322291108,0.189482465429637,0.0534104910646044
918,"Q1",0.0532524449348983,0.000402891808481495,0.360116643883864,0.115549290545043
919,"Q1",0.00856232121936173,6.36987935829967e-05,0.10086269570735,0.0938419921603562
920,"Q1",0.0549206420112149,0.000462800371189762,0.420751269609022,0.155549219651548
921,"Q1",0.0313517140411683,0.000311816893924082,0.30086422776478,0.124181422328068
922,"Q1",0.0204422137936149,0.000277110934663876,0.19568776684576,0.0913087081951018
923,"Q1",0.00290137771333576,2.78277183086108e-05,0.060055758372568,0.0435338751455573
924,"Q1",0.0300951972613674,0.00026010733706166,0.209727169541808,0.107109229709879
925,"Q1",0.0415684697248935,0.000306516295274836,0.391890918786176,0.122172002869565
926,"Q1",0.0409763610067966,0.000390538403910679,0.405964602596961,0.149148546610638
927,"Q1",0.000639582595265864,4.84532707700859e-05,0.0417604539463913,0.026017230067911
928,"Q1",0.0251292603675939,0.000171944468486961,0.25400077034377,0.0900665077941795
929,"Q1",0.0925966392850164,0.000774179482821443,0.546992095007643,0.18993371878753
930,"Q1",0.0249395450850827,0.00021912856914818,0.236361589370647,0.099998025462495
931,"Q1",0.0456335611264436,0.000352834337633919,0.389563520224666,0.112097565195599
932,"Q1",0.00457226052708748,2.07838131968319e-05,0.0542962842652397,0.0234087751237702
933,"Q1",0.0226882098549961,0.000250149838036532,0.179414070720351,0.0967377149530819
934,"Q1",0.0613380232256677,0.000603430487283535,0.411462437280764,0.165701681645118
935,"Q1",0.0152103055333512,0.00011760528530657,0.133466108312802,0.0770521551299678
936,"Q1",0.00126193076829217,1.98381963123352e-05,0.0542849669085705,0.0185984899219407
937,"Q1",0.038114904956565,0.0002905278807075,0.360151372633432,0.116181615048289
938,"Q1",0.0181941621068304,0.000178132241707582,0.169027959105011,0.0841883095252278
939,"Q1",0.0424238265738985,0.000263452024027532,0.381805200424245,0.100524905949584
940,"Q1",0.0660772858339076,0.000616367036120034,0.446701892513418,0.166100964551234
941,"Q1",0.0272166720996427,0.000171813036306846,0.241822491452108,0.106227968399618
942,"Q1",0.00637023013225679,3.9840716305087e-05,0.077175795819352,0.111317764908517
943,"Q1",0.0154339714132909,0.00017450985647321,0.151632077602922,0.0739986937707243
944,"Q1",0.0320982412682884,0.000251709166456314,0.238801782949436,0.0944982261778604
945,"Q1",0.0140743282172249,0.000121389887120751,0.152037304039751,0.0624383285566643
946,"Q1",0.00646987085726636,3.64882122918638e-05,0.0802520653314561,0.0297095111733788
947,"Q1",0.0258010016824954,0.000243134401799856,0.234771279384368,0.101519666431266
948,"Q1",0.0122104477136826,0.000107859007670958,0.119306718697402,0.223719183950084
949,"Q1",0.0434011500862628,0.000392003032611621,0.303341311185662,0.131805039444669
950,"Q1",0.0435962534447292,0.000383790670901338,0.394488735678359,0.147268640256605
951,"Q1",0.00282585000420887,4.68934706193006e-05,0.0822298092566226,0.0972668333136448
952,"Q1",0.025086259264679,0.000275772080832219,0.21836045854536,0.0930524468772576
953,"Q1",0.0584029343620127,0.000476614998282298,0.562645650101203,0.211461747805259
954,"Q1",0.0264694807086574,0.000262599886394898,0.226462709099759,0.10043646886879
955,"Q1",0.0266230094610584,0.000207744387347859,0.228296993790371,0.0839048868364498
956,"Q1",0.0343698119023195,0.000261336783732203,0.244758214314436,0.0735532767750476
957,"Q1",0.0341866767094299,0.000265844167112264,0.317115302980313,0.163593851980188
958,"Q1",0.0827501570634528,0.000631246856639096,0.533994320857056,0.375410512434285
959,"Q1",0.0329627212544192,0.000252285650474145,0.281251359835,0.0999558197832007
960,"Q1",0.0404818370980742,0.000409104448896338,0.352692856967716,0.14689154714127
961,"Q1",0.0597086509554803,0.000462129354227908,0.459849168136106,0.174710799315782
962,"Q1",0.0805060737998158,0.000740098281000542,0.825332622142353,0.264594516078836
963,"Q1",0.00286491609453599,0.000152165141554064,0.0733465627749588,0.0590379871081072
964,"Q1",0.00433759630493569,7.49257409348154e-05,0.0928101041728602,0.0412533025570567
965,"Q1",0.00353546971152063,3.59609020856098e-05,0.0475298246356789,0.033295476042338
966,"Q1",0.00628867849564863,7.13398876622148e-05,0.121434921850595,0.0403970126574633
967,"Q1",0.0310906989126369,0.000203473183382618,0.236098419673496,0.0648827592350923
968,"Q1",0.0391584137334924,0.000318495809937637,0.277161720787474,0.115580609700558
969,"Q1",0.000289964831107881,6.84582657627807e-06,0.024169675269156,0.0109265218350162
970,"Q1",0.129170132524038,0.00106892566596091,0.873546541850183,0.304944560482886
971,"Q1",0.028435020851413,0.000225114249382789,0.232351482642538,0.0759110840361028
972,"Q1",0.0289652840995593,0.000197223699666866,0.271542813466544,0.083440382543903
973,"Q1",0.00578217080230559,8.67762373123899e-05,0.118990847478864,0.0408272796520064
974,"Q1",0.0233176348817299,0.000287173626278567,0.237928195130622,0.072108305709861
975,"Q1",0.0771331768435921,0.000590691230313439,0.691353035517683,0.222424746230884
976,"Q1",0.0092469739890042,9.60080732916602e-05,0.0990952953199097,0.0629219518953488
977,"Q1",0.00835567902720058,3.42905158661763e-05,0.0789685325189933,0.0301443788652854
978,"Q1",0.0449447294887229,0.000381498135671441,0.461410192843734,0.367252332084113
979,"Q1",0.0090251257008287,8.32320589578515e-05,0.109476435091091,0.0650817091382644
980,"Q1",0.011006348990195,7.64223710280329e-05,0.109661306164886,0.0624039322326181
981,"Q1",0.0265879380041323,0.000195212995108648,0.202871402321389,0.104301460013704
982,"Q1",0.0114828507996716,7.25231758282987e-05,0.128272485117207,0.0491253356867236
983,"Q1",0.0107482802727468,0.000133556035203091,0.128068763844967,0.0636581144951146
984,"Q1",0.000551815123550625,7.17508201863258e-05,0.039288469449897,0.0383175769869743
985,"Q1",0.0728872103079521,0.000607470079931534,0.51983732020497,0.175400207157475
986,"Q1",0.0828522490955699,0.00068739615046543,0.545425296639065,0.207089678582664
987,"Q1",0.0729417564197909,0.00057501908567965,0.526478956173002,0.172766920358698
988,"Q1",0.0324183106519129,0.00024466223306085,0.231266266885031,0.106342663980204
989,"Q1",0.0640394547663519,0.000468583829897232,0.485439856320106,0.160082501213208
990,"Q1",0.00085611970708932,6.34232340006048e-05,0.029418251681936,0.0310745305090916
991,"Q1",0.018678079865234,0.000190726263182659,0.179435304415927,0.0908596764903485
992,"Q1",0.0132944380094813,8.81952717250972e-05,0.143569985912144,0.0474973639965423
993,"Q1",0.0272998558432871,0.000250565782279141,0.239621632354158,0.108885675900058
994,"Q1",0.0174936895915625,0.000136213373657949,0.170799103440487,0.0613965403767132
995,"Q1",0.0153083424796705,0.000224775676038077,0.156839337492457,0.081100445389075
996,"Q1",0.0212225074814416,0.000143110208672634,0.207223155369007,0.072409415749268
997,"Q1",0.0575368319587195,0.000472958292793571,0.318036263778601,0.143952990215637
998,"Q1",0.0925056149977799,0.000774024132391703,0.646368814857907,0.220344289107424
999,"Q1",0.0261538736787266,0.000151066773679749,0.225230166123502,0.0742912570589336
1000,"Q1",0.0163921481613496,0.000111039063895958,0.155063540221641,0.043760383469724
1,"Q2",0.0621797768763166,0.000450984981542916,0.605878281633293,0.148042644155799
2,"Q2",0.0293333715580832,0.000174714316657721,0.291923549579844,0.100119677644724
3,"Q2",0.0941572218349833,0.0007530977915451,0.699118913396764,0.171012872796828
4,"Q2",0.0345233516514156,0.000420762318257862,0.261318987859648,0.0829234802753042
5,"Q2",0.0446071774991328,0.000352542418964919,0.414703562389378,0.11144569719913
6,"Q2",0.108597496938531,0.000813477421957634,0.587741885756661,0.420102289752242
7,"Q2",0.0874654203755494,0.000701644859083828,0.623461979305564,0.158520515241854
8,"Q2",0.0484518594901022,0.000315419955601788,0.269537349103922,0.105806205642561
9,"Q2",0.0502314625022073,0.000394124131995033,0.42512018932672,0.117675757805767
10,"Q2",0.0884262269796725,0.000651230260769487,0.493723393424699,0.124876903548683
11,"Q2",0.0470206619704889,0.000403253644459744,0.32930222921455,0.0947352729240404
12,"Q2",0.000154471629896236,6.25293332749777e-06,0.015851952089249,0.022328757934182
13,"Q2",0.0362914674054657,0.000456079196153387,0.27303681554386,0.0871659546380259
14,"Q2",0.0220590646190821,0.000245793841264748,0.218647496320279,0.06645353767165
15,"Q2",0.0403078203550233,0.000284002615797631,0.443941429169256,0.115722720953536
16,"Q2",0.0210421507615575,0.000225811191790432,0.204730452269452,0.0645320501024353
17,"Q2",0.0756460410295894,0.00051156961368521,0.512693508260534,0.146265179958792
18,"Q2",0.0421153581387088,0.000210261371025403,0.347995142190553,0.09581172221008
19,"Q2",0.015003313174816,1.33267659662169e-05,0.163801750177814,0.0483058819511849
20,"Q2",0.104245508685581,0.000783590758939751,0.49648176402288,0.176945122522848
21,"Q2",0.0976319423190315,0.000848214287062318,0.413165555880496,0.129130113444666
22,"Q2",0.00154973504578315,7.89256474826643e-05,0.0526501073969214,0.0381880153074002
23,"Q2",0.0370387698775296,0.000270752899812458,0.261102796216622,0.099639260597969
24,"Q2",0.0423388470839292,0.000249477275397538,0.331583346553596,0.095455963276427
25,"Q2",0.018821131871368,2.92569804389254e-05,0.183334606203454,0.137196314961855
26,"Q2",0.0438820527789971,0.000236238176006158,0.395909834071444,0.115069407305941
27,"Q2",0.0146692104022517,0.000161364273212886,0.171661142596338,0.0752913645895004
28,"Q2",0.0334409527143027,0.000140189486849523,0.2638344816757,0.0861848403430702
29,"Q2",0.112395113651502,0.00084851516854309,0.673007464723938,0.194105145031238
30,"Q2",0.0609604759195079,0.000440253962558725,0.307848860768732,0.0988372151098424
31,"Q2",0.0616414427559295,0.000467503192019757,0.458678286211966,0.119951204080224
32,"Q2",0.0172538859880689,0.00018419627411689,0.180457396529784,0.0773187925708345
33,"Q2",0.0075589252585484,0.000165565928500496,0.127109149965508,0.0519745247959344
34,"Q2",0.0284467861114983,0.000316527910282655,0.24306073547153,0.0756328105054481
35,"Q2",0.0275092269201735,0.000292386334548749,0.226696835984471,0.0708080938007171
36,"Q2",0.0954040259472269,0.000688522230685075,0.399868631718678,0.1422463356528
37,"Q2",0.0824866698658866,0.000632720067204022,0.549724397133197,0.164993622114424
38,"Q2",0.0199350205354936,0.000135943892108947,0.20217000169944,0.212670912767413
39,"Q2",0.0554766177881874,0.000305616753419687,0.321189770383147,0.0956747516465844
40,"Q2",0.0219366643778898,0.000244760957930532,0.21273715180949,0.0790869936252047
41,"Q2",0.0446734959311748,0.000349304056301815,0.36827577001974,0.183042170092353
42,"Q2",0.0103029734901501,0.000116756112381529,0.143607722041082,0.0453356649120452
43,"Q2",0.0948117291573141,0.000639495554772335,0.494959733094931,0.106403071004899
44,"Q2",0.129139399894564,0.00102477851255291,0.692137629157899,0.187307141277404
45,"Q2",0.0505850852473682,0.000341997860680193,0.422986348527652,0.117845881322541
46,"Q2",0.0373469072034833,0.000176881538127311,0.288019441466381,0.0947086559847932
47,"Q2",0.114568065674504,0.00095723972834932,0.623709477736811,0.169591910408386
48,"Q2",0.0908017807961823,0.000721176161871348,0.679195296602641,0.166853231018178
49,"Q2",0.07310453917842,0.000506516762001908,0.560070049920433,0.136981087561748
50,"Q2",0.0303533991453744,0.000332315208487192,0.24897272676573,0.0823147422254959
51,"Q2",0.0548033560720746,0.000434343348960086,0.577545014277126,0.1322250049225
52,"Q2",0.0534771600478035,0.000390692276270371,0.322766230214907,0.119390036826137
53,"Q2",0.0147683187336991,0.000260353048126719,0.172794519629653,0.0636659050500301
54,"Q2",0.00611198043992189,6.61340904159368e-05,0.1103988853193,0.082060524736987
55,"Q2",0.00566854345546197,5.89589640782506e-05,0.106453223497202,0.0320835866192856
56,"Q2",0.0234735945899143,0.000253897125364802,0.214132797528263,0.0747821964707687
57,"Q2",0.161524332607303,0.00130317419254662,0.546178027563903,0.144259160871831
58,"Q2",0.0297833016048745,0.000317524891779833,0.235452478459918,0.385195188430007
59,"Q2",0.0655618923304218,0.00050348883576727,0.511737343767708,0.131145591027592
60,"Q2",0.156049748227252,0.00130875031676294,0.551905626555307,0.182411941100394
61,"Q2",0.0563837600445414,0.000419352809857088,0.371220181298683,0.123570530909543
62,"Q2",0.136618547895511,0.00105866617375455,0.667486393067014,0.19149560601372
63,"Q2",0.0253423640262778,0.000165586686460005,0.169243956686659,0.0552236183688644
64,"Q2",0.0572619040267366,0.000505736898817955,0.317974511647682,0.313020937798949
65,"Q2",0.0487126166794845,0.000332332078194138,0.427819551997318,0.1074458591688
66,"Q2",0.00728593630725882,8.19415911163527e-05,0.119435731686941,0.0358723251840675
67,"Q2",0.0627917522141406,0.000442355975237251,0.551129732236335,0.14605423961487
68,"Q2",0.0335363619080074,0.000369862207242585,0.255497016459235,0.0780282303489628
69,"Q2",0.0438078924476581,0.000385172694832335,0.299951398577127,0.117045491996754
70,"Q2",0.0591143433849641,0.000504360110296513,0.40529139521826,0.14202689774993
71,"Q2",0.0202897992485092,0.000117080414565637,0.171472849019091,0.0946513705495384
72,"Q2",0.0294068441787267,0.00010563300889836,0.320793472059647,0.127039577414822
73,"Q2",0.0587718251855982,0.00056095457411164,0.363331597666418,0.118335289399627
74,"Q2",0.116940132719421,0.000964693220351507,0.587170286416203,0.247931360205164
75,"Q2",0.0788335221026895,0.000562431456675277,0.557340425689465,0.154727618054477
76,"Q2",0.083224476013406,0.000592397413252389,0.482477603382797,0.137891163962875
77,"Q2",0.058844793566923,0.000425660177900842,0.353727626575272,0.118809258093787
78,"Q2",0.0551837974414706,0.000315404777510643,0.416220408627487,0.108661943527499
79,"Q2",0.0122786763623139,0.000133066976342208,0.159898983760303,0.047771529979076
80,"Q2",0.106350627822316,0.000796133406751571,0.266903178299772,0.113204631884899
81,"Q2",0.0108713226416537,0.00016601710009303,0.146108526686678,0.0537974931533172
82,"Q2",0.0505514073630824,0.000335735667737938,0.233724613538259,0.101928319876337
83,"Q2",0.0734103832820399,0.000584591842813283,0.574868075502074,0.145994678321935
84,"Q2",0.0788176737773689,0.000593394188628087,0.364982909490425,0.14706459885896
85,"Q2",0.0164908533749752,0.000347877693975937,0.188905295228702,0.0805466151410673
86,"Q2",0.0978393248089713,0.000752714730065797,0.444250429696279,0.134964345931462
87,"Q2",0.0851580728855019,0.000584219239976411,0.374273830716127,0.215430745039057
88,"Q2",0.035365184933541,0.000223555507462836,0.35353598706156,0.114490897688954
89,"Q2",0.0915430919494344,0.000636613718164523,0.583740346101179,0.150071383962848
90,"Q2",0.0391747456325877,0.000326035560151326,0.312955025451847,0.0975779868843799
91,"Q2",0.03014532925914,0.000333424155277485,0.241018791068207,0.0729219849965915
92,"Q2",0.0495958310515476,0.000549321142164328,0.320836669523073,0.0984593508953499
93,"Q2",0.134636454535366,0.00110147970852411,0.395639422046792,0.135556628903813
94,"Q2",0.0625963283109261,0.00036891332565625,0.388575212548964,0.130730213152484
95,"Q2",0.0137770656625449,0.000149179270841807,0.164219748326811,0.067944073237489
96,"Q2",0.00697382428695725,7.5828801409409e-05,0.115147625238312,0.0339346480411428
97,"Q2",0.090980181710453,0.000770264187680158,0.594573287562349,0.206139807741361
98,"Q2",0.0312063000492966,0.000148701034489799,0.300589299639991,0.0993520080224926
99,"Q2",0.0012922003163105,1.43027212033995e-05,0.0506143145726194,0.0385488993661705
100,"Q2",0.0308511754293033,0.00033903448009403,0.25111986102774,0.110779585969509
101,"Q2",0.00616599534127893,6.4158326752019e-05,0.108478542450238,0.0395389932927068
102,"Q2",0.0333939822662437,0.000191015827257441,0.371436859305303,0.0996913599327451
103,"Q2",0.0292309225544241,0.000321999005898641,0.243061575334102,0.116729676640263
104,"Q2",0.00929733137690292,9.50543398927764e-05,0.13329275969379,0.0614209867820445
105,"Q2",0.00898544745701813,0.000100996787455763,0.135117734904323,0.0521419830264427
106,"Q2",0.0907361250692134,0.000581879713559007,0.267474327886078,0.139021792530123
107,"Q2",0.0384422062878595,0.000223980346368954,0.304109003306655,0.087350015752483
108,"Q2",0.0072501952317694,7.50399639615575e-05,0.118535223225562,0.195095493069383
109,"Q2",0.0201169830668118,0.000222461531306962,0.200930388772516,0.065696640022188
110,"Q2",0.0310903840490333,0.000637188962692565,0.247173254094116,0.106459164811447
111,"Q2",0.112387297940447,0.000866690505055128,0.696799033902781,0.204903590569332
112,"Q2",0.0686058503459073,0.000417855980035042,0.337168894722608,0.0943468464376542
113,"Q2",0.0608922666255935,0.000430637871579895,0.542451092637737,0.138723773964818
114,"Q2",0.0460420120657599,0.000266366548370364,0.318627072092727,0.0916409404281462
115,"Q2",0.016128180035393,0.000176490365370608,0.183081973245463,0.0831006222510531
116,"Q2",0.0891652954073017,0.00072615656464257,0.627786351000321,0.279285311254175
117,"Q2",0.101613273296786,0.000790116905877273,0.401493150610969,0.117589670706922
118,"Q2",0.0172571362372231,0.000178692098430089,0.18470123946962,0.0591315824104868
119,"Q2",0.130617508788522,0.00103003063354915,0.532019028613979,0.113566272922765
120,"Q2",0.130806632361388,0.00124724116867404,0.305765931465264,0.158171298827932
121,"Q2",0.116569425111324,0.000836050031972612,0.362189402796037,0.110038708904171
122,"Q2",0.068944061837227,0.000471626260570791,0.588129758725749,0.166729496081082
123,"Q2",0.00842381114250301,9.06640353773629e-05,0.105295952105143,0.0383875616597992
124,"Q2",0.0411300660373364,0.000207681108237464,0.267423520146527,0.0912806007536128
125,"Q2",0.0435018241743386,0.000237437562067318,0.31850081556301,0.102917137771588
126,"Q2",0.0827284081282968,0.000581230904895389,0.536732799207013,0.1590757848618
127,"Q2",0.0634915743060702,0.000441950288125271,0.452905564236506,0.151866949508029
128,"Q2",0.0351440563386092,0.000419115935998962,0.26390310380559,0.0810985781691814
129,"Q2",0.0288370286619166,0.000346397457322674,0.2493613016806,0.0836677835716904
130,"Q2",0.0438293292583012,0.000314638978067329,0.418247405534582,0.179847517356695
131,"Q2",0.0369469038983414,0.000188181930960745,0.316790610421675,0.102860054503448
132,"Q2",0.0326097624430464,0.000163986848267807,0.276111389838567,0.0802047392001491
133,"Q2",0.146790023088816,0.00126759349941539,1.37800541523828,0.283251123905036
134,"Q2",0.0508085287122917,0.00035752618103961,0.333816086133397,0.143085288731325
135,"Q2",0.0542215070996512,0.00029708423623241,0.420770809317025,0.117237308406235
136,"Q2",0.109822657405937,0.000917673853046817,0.347956723148611,0.117942238206207
137,"Q2",0.0184956825448896,0.000178008887666082,0.15260986066094,0.0711079278442808
138,"Q2",0.0904352303026936,0.000634873758025436,0.437428664570851,0.114185825774277
139,"Q2",0.0591877766750599,0.000413874054209523,0.55586940174962,0.135645066078629
140,"Q2",0.0766505679802751,0.000638629006776911,0.621112123159125,0.156840415077729
141,"Q2",0.010186236170993,0.000115014737259901,0.145916366017936,0.289906240705664
142,"Q2",0.0866577379525761,0.000656706255739314,0.649892872060454,0.174067274281298
143,"Q2",0.000384856853051119,3.42824068328267e-06,0.0254671125377033,0.0402099512094568
144,"Q2",0.0454373691565788,0.000410162747403847,0.305466145992807,0.101321812947659
145,"Q2",0.0408033314699114,0.000439070941384533,0.284431208847077,0.0922215678936705
146,"Q2",0.0214361833578725,0.000318648251625041,0.21030990668502,0.0716614767021657
147,"Q2",0.0312751672624589,0.00033237976120678,0.253795614773203,0.0750060580651178
148,"Q2",0.0504504051132546,0.000478573843885007,0.398462835424905,0.107484962696135
149,"Q2",0.0388282646414098,0.000615457898023606,0.282467994055179,0.104028681069378
150,"Q2",0.0877549670958881,0.000822301735878008,0.571581796137334,0.157903779309727
151,"Q2",0.0525690059302999,0.000593286774917555,0.32696891469683,0.101228477068275
152,"Q2",0.0385495101977416,0.000326664765874322,0.263045006505445,0.0853934509119113
153,"Q2",0.0707552965001579,0.000560719286768409,0.499120971095059,0.134989212770826
154,"Q2",0.0156483115890644,0.000173318849430988,0.178670407948003,0.0668104571005672
155,"Q2",0.0850219948573621,0.000609575564087335,0.557408257771702,0.139343579803982
156,"Q2",0.0537541057947273,0.000442826197601493,0.363456072907754,0.123486503624533
157,"Q2",0.0310687184581795,0.000140711817771875,0.246800412493665,0.117826432469827
158,"Q2",0.0220420436286428,0.000246503023357676,0.204606041670182,0.0628500935429136
159,"Q2",0.0038907490148592,0.000128685135931165,0.0831116311017911,0.511720851291073
160,"Q2",0.049805316659274,0.000312373320677656,0.408679998495067,0.122335038350117
161,"Q2",0.0732691669169583,0.000591585754939799,0.428148113835675,0.139220609531093
162,"Q2",0.0259024070548648,0.000293361779129029,0.236360164691877,0.0701864023714282
163,"Q2",0.0675872784404152,0.000595131020094601,0.484716682478368,0.132787351603653
164,"Q2",0.0140360707791629,0.000186787145391004,0.165528327048751,0.053730394958653
165,"Q2",0.0486030694766129,0.000341224978818017,0.424762744525842,0.111923164990894
166,"Q2",0.0142072259997725,0.000156283689189255,0.173790763804555,0.0515616981544623
167,"Q2",0.0568400236103539,0.000399997114565943,0.469388583644616,0.123129782878166
168,"Q2",0.0272488570132037,0.000299364214945059,0.236391018990064,0.0765757071398245
169,"Q2",0.00882641091597414,0.00012722491307018,0.1097398562601,0.0529552887083962
170,"Q2",0.0663965328990788,0.000433324281498517,0.495096432283363,0.148579513716424
171,"Q2",0.0871723941021827,0.00065240625566428,0.269454216609425,0.109798697006285
172,"Q2",0.066396695502851,0.000587548077749584,0.412843283441138,0.135716607983505
173,"Q2",0.0999509922078339,0.000737849990902636,0.58260772705341,0.17477316647962
174,"Q2",0.0483231738135697,0.000339417884692813,0.445890138372524,0.125053285429773
175,"Q2",0.00898885936337557,0.000173942065850925,0.135533944999646,0.0544870639741215
176,"Q2",0.029278362238264,0.000135169495579112,0.33984833893346,0.0834536747087921
177,"Q2",0.0790546816894135,0.000311799856408754,0.353351587669378,0.0975578294649282
178,"Q2",0.0432601547127778,0.000226967747863603,0.297981282075238,0.0869351021543072
179,"Q2",0.0131655596871152,0.000137621239837778,0.159772616365767,0.0602812623662063
180,"Q2",0.0133250643712355,6.25716734556365e-05,0.124634508142096,0.0763018819816145
181,"Q2",0.00554343622045472,6.14150807753693e-05,0.103581035916718,0.0595677649329739
182,"Q2",0.0647782765033469,0.000432353992680525,0.193449537479794,0.0623934400139978
183,"Q2",0.00865608636670423,9.71656115587647e-05,0.135739434340555,0.0642381257351941
184,"Q2",0.0231115796026096,0.000255287650423429,0.214029378020064,0.0637354917295526
185,"Q2",0.0443590383490662,0.000484811956719881,0.293361820003725,0.0933596567873308
186,"Q2",0.0599594127851919,0.000455796428121185,0.49448878890725,0.184468796376023
187,"Q2",0.0454140916241954,0.000321277777898198,0.265269018585799,0.0905267098866266
188,"Q2",0.0839872436916433,0.000612652344953432,0.386712340497718,0.173314598965154
189,"Q2",0.0639363637108072,0.000373983007506199,0.358885372691257,0.11410716123926
190,"Q2",0.0514774310592614,0.000561369490464257,0.312871521012467,0.0957653728903978
191,"Q2",0.0952146563201026,0.000768990207313165,0.591330136716201,0.158308555111068
192,"Q2",0.0390133870447702,0.000296682270659551,0.27465958928529,0.0848629199906391
193,"Q2",0.0489204044074345,0.000277775881462227,0.322109101671173,0.112013786509116
194,"Q2",0.0133722399700904,0.000149221490373192,0.167637663595406,0.0862973457859831
195,"Q2",0.0363933674947496,0.000188297992449551,0.144461593312331,0.0915437465637674
196,"Q2",0.00971583431534384,0.000129252324300269,0.141578618948421,0.0438737849530638
197,"Q2",0.102866226220126,0.000829759481148061,0.754541957516437,0.175992501931982
198,"Q2",0.0735939478465486,0.000641597702842684,0.606376749678002,0.157969706307722
199,"Q2",0.165249959107342,0.00139238709747799,0.915430043773568,0.233535384052571
200,"Q2",0.0224809158645822,0.000234800865536313,0.206168213599263,0.0626971934998402
201,"Q2",0.0207750119847709,0.000232671341885736,0.205337638408714,0.0620120906636581
202,"Q2",0.130746632029737,0.00118917171481305,0.653479773322855,0.180635439373031
203,"Q2",0.0622457202005577,0.000371050098325222,0.29743918588479,0.100997581881916
204,"Q2",0.0572236491079661,0.000410971043423892,0.56183987693797,0.126321666761324
205,"Q2",0.0512794159539336,0.00028751508186833,0.445189555212902,0.16076646982859
206,"Q2",0.0116930835204752,0.00017653752851352,0.151201576553618,0.0559400458655423
207,"Q2",0.0765705090507574,0.000466403989078852,0.230416163166814,0.102934878661622
208,"Q2",0.0839587617037285,0.000631066125740568,0.257043307519739,0.0832982855163513
209,"Q2",0.0176411136130081,0.000208624286307329,0.196149227271278,0.0783383805494677
210,"Q2",0.00872060883026116,9.46996088647529e-05,0.136272137936773,0.0424196129636695
211,"Q2",0.0542250599487062,5.49865542587955e-05,0.137662234268284,0.0562336852027516
212,"Q2",0.0857869025750038,0.000646594270999801,0.574953820425395,0.159884518250948
213,"Q2",0.127037715429731,0.00106230810680389,0.307687007341129,0.142882494780515
214,"Q2",0.127995381905517,0.00102993436760567,0.437986672155853,0.147751371357976
215,"Q2",0.0469180725041163,0.000315205649037365,0.456200127552785,0.123862716280714
216,"Q2",0.0598784481962777,0.000371452654110597,0.460867398366816,0.119700443526738
217,"Q2",0.0253639501434506,0.000102701792613334,0.241542336406826,0.0706921147690413
218,"Q2",0.0233272422416491,0.000187614890502278,0.175471059909916,0.0767292172525553
219,"Q2",0.130561731986541,0.00104859112816652,0.69040646162623,0.190248472592635
220,"Q2",0.0988254424015391,0.000752840800835054,0.622781687822348,0.168459650682897
221,"Q2",0.0576179261862659,0.000513066021963431,0.379285842084119,0.118446419207877
222,"Q2",0.0411793756569203,0.000329250852921339,0.210334339242271,0.4193526678461
223,"Q2",0.014764125865991,6.64257281823632e-05,0.175295154042224,0.0517286269770487
224,"Q2",0.0085229394100228,9.05062625767633e-05,0.129369599211375,0.0393497608838346
225,"Q2",0.0625502714986474,0.000446110954835072,0.519072430124295,0.130999780959433
226,"Q2",0.019753936910675,6.71929145744125e-05,0.221838132153577,0.0626514594687512
227,"Q2",0.0455547932980043,0.000131800698897234,0.313401252067395,0.0962608654187911
228,"Q2",0.0720797818352938,0.000495362833758825,0.585706572106366,0.158437908756548
229,"Q2",0.0567485525423379,0.000646662935536429,0.331517412448667,0.107229312413793
230,"Q2",0.0514629565855955,0.000511018321276736,0.316830044339499,0.141839986901256
231,"Q2",0.133419589942337,0.00103299159077823,0.665979691878098,0.19265933320754
232,"Q2",0.0594690823633481,0.000322474602758896,0.196706896371992,0.0838973320085034
233,"Q2",0.0135224072732196,0.0001528412473593,0.167023256565344,0.0754420203584256
234,"Q2",0.132722024267602,0.00101963030512589,0.400290383658625,0.189720989859792
235,"Q2",0.0673537649538201,0.000525649317489404,0.345594661723598,0.0922736684764513
236,"Q2",0.00226422795482861,2.41147365040151e-05,0.0656306401403184,0.0555235177536481
237,"Q2",0.116838198167814,0.000960150024125009,0.778891624615775,0.20824020636705
238,"Q2",0.0187425082254737,0.000214816848537471,0.196415459848005,0.0691626727030033
239,"Q2",0.082403645991814,0.000617285418626417,0.672674635198173,0.168713713180783
240,"Q2",0.0354203135894391,0.000211855456583138,0.421364689342764,0.107990617384657
241,"Q2",0.0369749910139294,0.000416717613827439,0.285094196121276,0.0876167131601747
242,"Q2",0.166481539859925,0.00140148417906318,0.396036732199973,0.134106602890264
243,"Q2",0.029525963303664,0.000324820296420252,0.243397457545659,0.0840430949830671
244,"Q2",0.0238467073514759,0.000146951535826089,0.282407926861083,0.0692216191865237
245,"Q2",0.0776940086191118,0.000521930093174333,0.402987754371104,0.14834205707503
246,"Q2",0.0114920061702897,0.000127486052903398,0.151070559691603,0.0633948697744349
247,"Q2",0.0306354869847159,0.000329623733573195,0.249571892246888,0.08380278230724
248,"Q2",0.0130051067746955,0.000107145537857562,0.148089971688281,0.0680200300402987
249,"Q2",0.0328104183857754,0.000140667272475485,0.295578543577426,0.0945963361058359
250,"Q2",0.0244819550371957,0.000336933272695899,0.216516737142987,0.0720602270374679
251,"Q2",0.0158447452851398,0.000172040341884998,0.176177114599076,0.111136006493094
252,"Q2",0.0305321757990917,0.00034074495134699,0.247309991470885,0.107484819221493
253,"Q2",0.0607642977305982,0.000369556624924252,0.365656276319667,0.101420389413243
254,"Q2",0.00126346321791715,1.42176472493733e-05,0.0525850424037322,0.0166083646847558
255,"Q2",0.00590133932594306,8.29594879565471e-05,0.110134969226105,0.0367083916351493
256,"Q2",0.0652625570127299,0.000414352491042798,0.364065787579548,0.106982798480906
257,"Q2",0.0176184374468935,0.000188642457139176,0.184067307280475,0.214775038348659
258,"Q2",0.0829476942790723,0.000638408095134201,0.580071260472185,0.132783055260768
259,"Q2",0.0794417970993475,0.000578997326673186,0.555755146673942,0.156828977157045
260,"Q2",0.0964662777334802,0.000746632487043482,0.637182149415618,0.167105765833018
261,"Q2",0.0359024726761454,0.000235832601833579,0.330177938619724,0.148639561980504
262,"Q2",0.0313255809348174,0.000390226571688219,0.24042630516895,0.108908230256568
263,"Q2",0.0748668298790278,0.000689302238928459,0.60868704646572,0.153712785690791
264,"Q2",0.0895353977223685,0.00075466196743815,0.717450929544067,0.270200307183492
265,"Q2",0.102485001241913,0.000763807826103293,0.435825319114648,0.137067408082716
266,"Q2",0.0649417608915535,0.000486147778269501,0.45895708710679,0.128757442895833
267,"Q2",0.095778274707369,0.000714419323943319,0.46907441156453,0.192032624375965
268,"Q2",0.103666153345836,0.000815726898871262,0.323313636625366,0.122498325517657
269,"Q2",0.0263704237806817,0.000369939116641699,0.233216597857711,0.0784227635713194
270,"Q2",0.0274877634992858,0.000303816807057731,0.234102075938305,0.26966232277927
271,"Q2",0.0423454775790439,0.000366509862346814,0.451141997884835,0.111807325823779
272,"Q2",0.127131371927833,0.00106431157310616,0.773251955286155,0.201763681821628
273,"Q2",0.0679459234315001,0.000556539864518207,0.541421829041883,0.143427161571884
274,"Q2",0.0627987323343202,0.00057097000481374,0.385266876680542,0.120389907290656
275,"Q2",0.041237850933431,0.000447484147246211,0.286955823718872,0.0849061292009545
276,"Q2",0.0440816982131249,0.000486143522229442,0.307406816180749,0.09401118642907
277,"Q2",0.0376134704079032,0.000208412165028592,0.338379834112766,0.0881958159079499
278,"Q2",0.0442555321478633,0.000364022274481359,0.371951863465522,0.0989399999154344
279,"Q2",0.0417709840135352,0.000509599779678062,0.282578753784134,0.114831291546521
280,"Q2",0.0815122161238566,0.000660055198530357,0.591787849595726,0.151283933286696
281,"Q2",0.0427013878501494,0.000236099460796907,0.315038703301622,0.103300825032387
282,"Q2",0.0678625133219022,0.000556829902824199,0.427195210534122,0.26052817356806
283,"Q2",0.0415526692325194,0.000319815507429925,0.280951215186899,0.0903453650491325
284,"Q2",0.00818035835116682,8.7142046004723e-05,0.124745247310785,0.0558224671501088
285,"Q2",0.0505054407009311,0.000301262735560199,0.377752451853181,0.115666709969536
286,"Q2",0.0400671979147198,0.000490147522946506,0.315923313256971,0.117938744841383
287,"Q2",0.0740091901133777,0.000516712106365004,0.586300331773296,0.153821337191067
288,"Q2",0.0557122877959983,0.000370805404509224,0.449481874867742,0.127892682991708
289,"Q2",0.0175183891340147,0.000197248519933618,0.197023191502341,0.0587848175358833
290,"Q2",0.0582237211686412,0.000358481241603064,0.398911855490538,0.107641448865981
291,"Q2",0.120294548710465,0.000980717323141611,0.543021568727274,0.184595613580203
292,"Q2",0.0148827071818438,0.000173262287160287,0.173623600688168,0.0635992076937644
293,"Q2",0.0143870292739035,0.000152653168422661,0.167312406131217,0.050715924584661
294,"Q2",0.032963956681737,0.000363055582561302,0.252582463275085,0.0814145630727755
295,"Q2",0.0435628906615761,0.000347644532835959,0.370781426530028,0.102929656206463
296,"Q2",0.0818344897994816,0.000619600625934146,0.285104662717402,0.097561552191136
297,"Q2",0.0637093189820508,0.00072969190300399,0.397515763612777,0.179420334900392
298,"Q2",0.0874720597320593,0.000651343678518251,0.475830596297063,0.132039697577835
299,"Q2",0.101326444550846,0.000781759442053426,0.367553497935662,0.137066986634016
300,"Q2",0.0332682831700488,0.000295778450887038,0.326077215008842,0.112192609892609
301,"Q2",0.0890055000769436,0.000626650653771898,0.622020837784552,0.166106887324684
302,"Q2",0.0444539642801338,0.000349420137787701,0.310730326334488,0.100387923478871
303,"Q2",0.0983251076602318,0.000696638448322767,0.419203276512765,0.130019048244308
304,"Q2",0.0492940849371113,0.000734486093255371,0.313674595829887,0.110628782493671
305,"Q2",0.0404024668405167,0.000442227223678004,0.28325331485815,0.0933566718896926
306,"Q2",0.0481911030504545,0.000169517055632673,0.190298865184872,0.070601605087289
307,"Q2",0.050791397651496,0.000397447616607127,0.40071695601978,0.146415865896681
308,"Q2",0.0234966838168749,0.000174070282728398,0.179112812378212,0.0766871408189531
309,"Q2",0.087236059293744,0.000663695947549658,0.472236495285291,0.123325413101491
310,"Q2",0.0859495710245497,0.00063686767150023,0.476407033081546,0.130117255173299
311,"Q2",0.0149628141197908,0.000123926043312427,0.182291726935844,0.0655679884614206
312,"Q2",0.0666547142266367,0.000467749391766532,0.405694996024923,0.176563376093641
313,"Q2",0.0276732080360702,0.000128138556169207,0.337926988653692,0.0894756606522175
314,"Q2",0.0475745652933757,0.000281151133380391,0.471179026125227,0.101880853753627
315,"Q2",0.0149722928774008,0.000225282282977486,0.17742814909858,0.0623511826659453
316,"Q2",0.0302315045905797,0.000123425055260358,0.315929988760024,0.109361600992926
317,"Q2",0.020334531014063,0.000245458953357868,0.201407272386187,0.105029155850649
318,"Q2",0.0886700494518067,0.000683633767023021,0.528694196089608,0.143416059119773
319,"Q2",0.0064780337167516,8.63838025880568e-05,0.114925909338208,0.0527030761326897
320,"Q2",0.0654725964328531,0.000471069079233856,0.490804787510356,0.125741294550169
321,"Q2",0.0230708252872365,0.000183508356697274,0.239782683079549,0.0721623539347144
322,"Q2",0.0421157257120068,0.000281066758589734,0.421856106952442,0.107011167889167
323,"Q2",0.109943919512933,0.000945063916491436,0.633866689345278,0.169264214402221
324,"Q2",0.0396161636383923,0.000187065734050421,0.301345698402997,0.102461362598516
325,"Q2",0.0250062976856906,0.00019174712798776,0.230179537151661,0.0681712176238624
326,"Q2",0.0366501737893419,0.000448822019297495,0.272692089808063,0.0856443811877593
327,"Q2",0.0247322052139367,0.000107846464406497,0.212273762253238,0.165165044298202
328,"Q2",0.128727732518527,0.00110855559919841,0.487188820681746,0.137940923108317
329,"Q2",0.115814098648494,0.000868909730976701,1.0526792380031,0.224604746437032
330,"Q2",0.0346492451520106,0.000502369679089168,0.353581959694262,0.098939330534115
331,"Q2",0.0115081443718754,4.59064671918835e-05,0.112592577606471,0.0474776118188974
332,"Q2",0.0337947161960308,0.000370432515689192,0.255228359245946,0.0758581328163528
333,"Q2",0.0388058316760791,0.000285120844874399,0.357300866334033,0.095519184015584
334,"Q2",0.022066682506269,0.000146141682940811,0.22032554181404,0.0681005565741193
335,"Q2",0.0484532952784544,0.000288207206929991,0.479743484730352,0.160353460161929
336,"Q2",0.023440141422391,0.000265727195082185,0.219971500132541,0.135004719460118
337,"Q2",0.0322611067198562,0.000166976116741261,0.24207593342126,0.0951105198468342
338,"Q2",0.0153176446485883,9.92282032570769e-05,0.112975270242544,0.0480494386115421
339,"Q2",0.0860530220255971,0.000656680982563022,0.626373493520771,0.16075600845362
340,"Q2",0.128335290723271,0.000890114950691158,0.964765828027459,0.215938133577934
341,"Q2",0.0272368919131996,0.000398532386634452,0.234267600773059,0.0795506843518214
342,"Q2",0.0643708292282685,0.000684154763652485,0.34445376023136,0.124960183171611
343,"Q2",0.0545971118241138,0.000552845114933328,0.485633106580458,0.143728652349207
344,"Q2",0.0250552690163914,0.000163402065749448,0.219897664627006,0.0662754217974451
345,"Q2",0.0372121812414505,0.00026799328620481,0.403313814673121,0.093626373125318
346,"Q2",0.0591334859391388,0.000631002237103444,0.356280291842672,0.121506067413939
347,"Q2",0.100645564027333,0.000743204137629543,0.64964215803737,0.175162721730293
348,"Q2",0.0367799050441189,0.000179702470380331,0.293292515709506,0.11596117733726
349,"Q2",0.0471339109243907,0.000257974128307099,0.351084242566878,0.121965152944036
350,"Q2",0.051423461657464,0.000309889977707948,0.32761689378472,0.147740517488049
351,"Q2",0.0785482030251217,0.000633425788239249,0.761107531317017,0.166848242023802
352,"Q2",0.0886023688668871,0.000739276473767697,0.655312329440664,0.175955801978987
353,"Q2",0.00512096056343481,9.29623289529079e-06,0.100169320548834,0.0434324321940041
354,"Q2",0.058961882973108,0.000535564789935129,0.308590281221061,0.101178615908007
355,"Q2",0.0777225973691316,0.000655319422498904,0.634150297543427,0.17752656712217
356,"Q2",0.00558886581959506,6.19522627775711e-05,0.104831278042664,0.0435595159487847
357,"Q2",0.111571984569649,0.000831365328757295,0.686227587970598,0.145406431937269
358,"Q2",0.0361825473643496,0.000202111132987082,0.248265392918579,0.0981933192201966
359,"Q2",0.0717896215974481,0.000460349967494918,0.366347851012859,0.144945713678802
360,"Q2",0.0366330715510106,0.000433997583364676,0.270481430761084,0.0827220677578018
361,"Q2",0.0380544160179532,0.000220194900249946,0.284426384094196,0.0824569523403153
362,"Q2",0.024195715924785,0.000177724635690291,0.218795039860277,0.0734227789069447
363,"Q2",0.0442550387992906,0.000289255341979259,0.396368198682648,0.10960201210407
364,"Q2",0.0531162890216237,0.000321619978617891,0.33686806208844,0.128834958228087
365,"Q2",0.0717512440129511,0.000605457828738295,0.533414415023411,0.1382488159989
366,"Q2",0.0536517703978951,0.000398138534792749,0.477490770808909,0.11679623105467
367,"Q2",0.0679635484189571,0.000482858297493578,0.54800529281484,0.136392025501977
368,"Q2",0.0520430369314067,0.000507449379205531,0.332365032742896,0.111627645003426
369,"Q2",0.069159539158294,0.000451183019140096,0.345486470910519,0.102174608404405
370,"Q2",0.111061092584386,0.000849132388693957,0.610707601140938,0.176609236272835
371,"Q2",0.0659702418059123,0.000407327199563717,0.374910116917345,0.181248114095968
372,"Q2",0.0464798842580709,0.000227079452068637,0.2445195074225,0.0869840971317896
373,"Q2",0.0993040692456191,0.000802984539096908,0.785012683628388,0.186195174499293
374,"Q2",0.0573929009568062,0.000340783305729375,0.435451233263227,0.125630257474264
375,"Q2",0.0306879456250098,0.000299329006089748,0.250550256602073,0.0976695131613602
376,"Q2",0.0265554848060283,0.00026415641488623,0.220833729996107,0.0970620070030354
377,"Q2",0.0407175080069493,0.000348639453434936,0.367803081600328,0.119048657093587
378,"Q2",0.0406813245126063,0.000339107456150042,0.291065293119145,0.0851440495180694
379,"Q2",0.124084338450068,0.00106280761559365,0.777336863535621,0.210124838269988
380,"Q2",0.00853329949506332,3.58448011405475e-05,0.127612302554009,0.0543195111858529
381,"Q2",0.0235204136534488,0.0004264656095011,0.221372807476028,0.0880611573176909
382,"Q2",0.0393141554846856,0.000280715903559454,0.324396058193471,0.137436412148406
383,"Q2",0.0247682947981982,0.000274534231485935,0.220541586799978,0.0691347550725475
384,"Q2",0.0843099923635009,0.000731566579120763,0.529040455947189,0.253005784059908
385,"Q2",0.0904111615353482,0.000607876382302503,0.43375021724942,0.134301969009964
386,"Q2",0.0485634531966745,0.000250429875407609,0.407956767417308,0.104098866490043
387,"Q2",0.0439462302771574,0.000365481109229705,0.260100187462514,0.1065856819381
388,"Q2",0.0135830988951149,0.000156065579648252,0.162403602317366,0.107008712875175
389,"Q2",0.0490229177717207,0.000339028816657866,0.399078010384951,0.157886363704302
390,"Q2",0.0651991119089903,0.000435700176255535,0.514204788315114,0.165887794038075
391,"Q2",0.030542653307732,0.000341939617675126,0.249315987310378,0.0912557004483652
392,"Q2",0.029073891425254,0.000142163445880126,0.203366793454038,0.0741228279974598
393,"Q2",0.0747731955627309,0.00049714042961124,0.479548638559309,0.13258811794193
394,"Q2",0.0603188310956586,0.00065682545985077,0.3504177117082,0.105625963223752
395,"Q2",0.0816089309795558,0.000616447166843632,0.620690373424029,0.156636509019471
396,"Q2",0.0841508774661701,0.000776019884902161,0.515462217101844,0.150739008348936
397,"Q2",0.0361590351706553,0.000293412341717882,0.304586850755614,0.0842847277579241
398,"Q2",0.0480584972839093,0.000528930608513265,0.309124831479654,0.108432079028551
399,"Q2",0.0332855321282697,0.000157887501574976,0.307088056613744,0.113492131484357
400,"Q2",0.0482901440627579,0.000428255902951102,0.393604694474857,0.115729755099993
401,"Q2",0.0372385565784263,0.000405076939654791,0.275819238295901,0.0820702390062992
402,"Q2",0.0836026816765365,0.000552711068699826,0.395164549347815,0.145854062762524
403,"Q2",0.0181089572090158,4.04054458353631e-05,0.251566833617377,0.0662611189817872
404,"Q2",0.0422640702028758,0.000291139093289882,0.29187986024963,0.101621567719648
405,"Q2",0.0519313312461733,0.000308180038339919,0.207735972550311,0.0664877623876056
406,"Q2",0.00843314114497495,5.16959584845517e-05,0.0610538119784131,0.0412731439318516
407,"Q2",0.00917620629930482,0.000134730941350815,0.137772852722732,0.0457392481829566
408,"Q2",0.0943913767780877,0.000741199922614117,0.565054303274523,0.155037057968662
409,"Q2",0.0407524485890693,0.000348834975903457,0.292776979130768,0.101375362127877
410,"Q2",0.0377049884497023,0.00047799490382161,0.26661949977903,0.318079685226311
411,"Q2",0.0257888244350521,0.000278928142413558,0.22744538558377,0.0750971155494755
412,"Q2",0.0517392913804393,0.000611762084708594,0.445945495986302,0.136892508732226
413,"Q2",0.0801796493928304,0.000659461655891947,0.603035036696368,0.148293516468959
414,"Q2",0.0477065266718597,0.000406425286517617,0.500199606878243,0.126691229125742
415,"Q2",0.0650306790604347,0.000419741714278185,0.433107289371105,0.129408035791996
416,"Q2",0.0733349366238603,0.000517601840284801,0.583966502239862,0.16602595628566
417,"Q2",0.0799949574410324,0.000608121363787436,0.617552464418606,0.155268953879689
418,"Q2",0.0949099152016508,0.000794664970533551,0.685491304438729,0.17222532126551
419,"Q2",0.0371449131615105,0.000265622580037746,0.340080234982084,0.0904064808904745
420,"Q2",0.0832088948755167,0.000560408577392759,0.508109597128816,0.142432182967039
421,"Q2",0.0358306323611011,0.000404920022584638,0.275083100449953,0.0850856822823422
422,"Q2",0.126277150468502,0.00102848304880696,0.823768507705483,0.201127442515034
423,"Q2",0.0697817495630737,0.000477899914662712,0.280352688020151,0.09862289188518
424,"Q2",0.050766264166807,0.000282717229638492,0.378045145324168,0.123465962868309
425,"Q2",0.104672726531662,0.000856884070008765,0.638660167255515,0.165947425544682
426,"Q2",0.0654383228895039,0.000460109175993778,0.332387613548875,0.146203709566714
427,"Q2",0.0333548871495513,0.000365659258602257,0.260633514924165,0.087638898400447
428,"Q2",0.0372739407508362,0.000253227414074064,0.310202634894064,0.113288812963321
429,"Q2",0.0862813592974305,0.000602087713400245,0.55474570143133,0.149217463665809
430,"Q2",0.0626838580820213,0.000390653774530475,0.408490759237533,0.109479398534759
431,"Q2",0.0209866013920603,0.000154263357754253,0.223547475875713,0.0724406391855782
432,"Q2",0.055905065795967,0.000337602206313462,0.416361579208518,0.133555778669282
433,"Q2",0.127276692603232,0.00104216738082568,0.34185207790072,0.122506526553394
434,"Q2",0.0317971225794071,0.000209127779156097,0.283284430758893,0.0866751576666294
435,"Q2",0.0267101383172044,0.000298154025288888,0.237575917150314,0.0749889307573886
436,"Q2",0.081182194141892,0.000602621326149788,0.539626253735733,0.158021696471408
437,"Q2",0.0455178753917274,0.000275904746562325,0.35895611220016,0.103104119473364
438,"Q2",0.0476358908644894,0.000300991878168977,0.462340924575414,0.127815834623874
439,"Q2",0.0353210749617876,0.000176755620479351,0.335353332695772,0.0985031227028644
440,"Q2",0.0769463947740903,0.000522681288290532,0.49935127896829,0.120603117850063
441,"Q2",0.0347950923311497,0.000271390534462673,0.286597227063308,0.0792422598828464
442,"Q2",0.0202514850421434,0.000282504203773597,0.201906197154588,0.0699808674262606
443,"Q2",0.0226702950227029,0.000248033512434345,0.217487178950766,0.171371316158527
444,"Q2",0.0998635357050013,0.000746570017666381,0.588997731461611,0.156924981845873
445,"Q2",0.0545173039227507,0.00038694717197306,0.448032357882695,0.127420837361049
446,"Q2",0.063374125491082,0.000403193991923144,0.364129179517502,0.103061500139594
447,"Q2",0.00325770841352302,3.32638478334624e-05,0.0798944491018798,0.0373770768827847
448,"Q2",0.00123126019926367,0.000133546351165481,0.0503182034254885,0.0506576263573583
449,"Q2",0.0497393230606029,0.00056158717887476,0.319672786664862,0.0975359425223536
450,"Q2",0.0366495899315815,0.000255789811477849,0.274016173489386,0.0852873957089881
451,"Q2",0.0630421552119778,0.000607405928533346,0.480193649731335,0.137026822731238
452,"Q2",0.0161252041450464,0.000103636825418416,0.12613183422818,0.0720694131876724
453,"Q2",0.00573442585431039,6.3853029456938e-05,0.112573919912421,0.0568978546122205
454,"Q2",0.0147129835953503,0.000158341558541336,0.168297956485612,0.0643488810595156
455,"Q2",0.0467455514551922,0.000387815792244508,0.420511756586684,0.17343335022522
456,"Q2",0.0429869751253822,0.000468380533421617,0.291072639575435,0.0900199977187547
457,"Q2",0.0838039757128293,0.000689272758424212,0.564373386662282,0.161047417536615
458,"Q2",0.0161189972330966,0.000103930335338296,0.18084344551278,0.0805585242494455
459,"Q2",0.0607445493473175,0.000369786938699192,0.394155233059124,0.0985223815529221
460,"Q2",0.107143367299564,0.000862861330573335,0.469919550853486,0.173751747253505
461,"Q2",0.0578559312970768,0.000335884087689448,0.327685686120955,0.13230721514294
462,"Q2",0.0645686697810692,0.000592925944675241,0.341784506691578,0.108041027022134
463,"Q2",0.0132081547743326,0.000145243594133096,0.164841392708382,0.0543203095729007
464,"Q2",0.0688265562702135,0.000563101932898901,0.63964262484395,0.155889179763239
465,"Q2",0.0666173369270968,0.000491462356675703,0.446512249454275,0.139466910838126
466,"Q2",0.0410547868673188,0.000225859140513004,0.364924154319222,0.102529006629081
467,"Q2",0.0991842480423006,0.000612241240388313,0.545549577481969,0.137383925087509
468,"Q2",0.0375466975534575,0.000233701052027376,0.283168478652988,0.0944030465721677
469,"Q2",0.0554998077088662,0.000353707695331185,0.445172599845086,0.123733543485199
470,"Q2",0.0497542780868407,0.000283536366624432,0.33271845209698,0.113961721816726
471,"Q2",0.0210840116214346,0.00022243910438011,0.197967833670141,0.0583052057428255
472,"Q2",0.0385854429850525,0.000327527261568119,0.302474885838406,0.118451809259942
473,"Q2",0.0759330700714926,0.00084634820610201,0.39104472589134,0.115658886008767
474,"Q2",0.0623437887995273,0.000505543895976166,0.544484511664521,0.137274389985764
475,"Q2",0.11844572685863,0.00103606855090125,0.693451055459358,0.19292527673105
476,"Q2",0.00859129012769344,0.000132865254568551,0.130354623878441,0.0480013126753331
477,"Q2",0.0262538516475246,0.000105473715998864,0.275632167971946,0.0863255317896402
478,"Q2",0.0682281956504607,0.000619144533259272,0.393952561823072,0.116239737574593
479,"Q2",0.0453176710463747,0.000558427555964672,0.302658776350559,0.0955877572040607
480,"Q2",0.109136142580375,0.000870403712440143,0.40634857333374,0.13581821731124
481,"Q2",0.0148161660394965,0.000157503000446279,0.171158543430211,0.0544444572520574
482,"Q2",0.0799488923319007,0.000662935562424183,0.464758658823341,0.134854347190575
483,"Q2",0.0285633691809952,0.000105972675031838,0.300914821270613,0.186026499620964
484,"Q2",0.0475167823644416,0.000527368466522284,0.295347491990629,0.0948610199956798
485,"Q2",0.0636001102062114,0.000448975509872344,0.394747650090865,0.119751662627546
486,"Q2",0.00997209244028952,4.76829405410697e-05,0.0841321486842303,0.0310621216643359
487,"Q2",0.017455985611706,0.000230136056929433,0.185687103788434,0.0599255030842688
488,"Q2",0.0574732634095394,0.00033288008227841,0.345152505919643,0.128977849521619
489,"Q2",0.0199113965537432,0.000218105000753585,0.200104815501122,0.0591726786446635
490,"Q2",0.083772563322464,0.00058642746845923,0.429521640443621,0.180520944347603
491,"Q2",0.0603201763745478,0.000469145073565081,0.496697870652766,0.13625486572637
492,"Q2",0.0346294579997561,0.000195146818201471,0.38328060731094,0.0924295844274565
493,"Q2",0.0722127253078408,0.000541832611655585,0.650242353064416,0.160728996848762
494,"Q2",0.0285682106851191,0.000119144947526222,0.201578550613008,0.334101195738286
495,"Q2",0.077073356023341,0.000525415167300941,0.407184962150551,0.123912342099892
496,"Q2",0.0313943972009643,0.000349423211319665,0.263415898835762,0.0784395308259528
497,"Q2",0.0053063803804978,5.90306885894032e-05,0.102565221001388,0.0590115950421492
498,"Q2",0.00194515693077157,6.72973383100945e-05,0.0621499917695858,0.0306074331850579
499,"Q2",0.0315027233934266,0.000222044518175959,0.278812417309921,0.081678723965606
500,"Q2",0.0409558018352101,0.000779757188415527,0.293278600550785,0.114368514781239
501,"Q2",0.118246818072954,0.000867005392566314,0.562237906622769,0.343956290381306
502,"Q2",0.00637066873928482,6.71828028105377e-05,0.108253012677175,0.0431990819399628
503,"Q2",0.0773970125813275,0.00053524273509903,0.551943926426824,0.194921753139247
504,"Q2",0.0507799500414521,0.00032216276927259,0.239810342151699,0.0898719637691121
505,"Q2",0.0123638994967035,0.000111784080111375,0.10936093377563,0.0547674700719964
506,"Q2",0.0286073540118075,0.000324584133023525,0.241381474812543,0.0727390082417985
507,"Q2",0.0478638814872276,0.000280331882406566,0.427045386522856,0.106941370226058
508,"Q2",0.0600783968120862,0.000432984501638492,0.594421248713519,0.138457789186475
509,"Q2",0.0325899976547586,0.000259856187900868,0.270589276791633,0.103703008325952
510,"Q2",0.0773625151385886,0.000616442336527065,0.615981310931556,0.166985662212166
511,"Q2",0.0482489149561793,0.000615527129015099,0.320101425281545,0.472042950018032
512,"Q2",0.0472043104366691,0.000272811989404804,0.35190553478712,0.112045249748857
513,"Q2",0.0376645026351241,0.00019243773695776,0.362597891323057,0.0914483572939496
514,"Q2",0.00866721792371372,8.87924213163026e-05,0.116252573469856,0.0348218465881505
515,"Q2",0.0679613944607222,0.000877072856066678,0.431946076413818,0.148063698468448
516,"Q2",0.0212641274779841,3.6874062312056e-05,0.207124354124022,0.0756246343468709
517,"Q2",0.05644973754403,0.000504590323699086,0.331509680348689,0.100421226845382
518,"Q2",0.0137838794873328,0.000185391747071168,0.170607424505837,0.0546672446935356
519,"Q2",0.0647843728602275,0.000460033060394219,0.593192747607963,0.1518890512966
520,"Q2",0.033357707681688,0.000374281795434684,0.255448223727661,0.0773461429174037
521,"Q2",0.0294688153207581,0.000149020496520608,0.27859641323314,0.086309729851125
522,"Q2",0.00579216267598959,8.76117261416772e-06,0.106457248045381,0.0370960923660149
523,"Q2",0.0219984139901843,0.000258149176688565,0.189433854688532,0.0881227755336273
524,"Q2",0.0843122807312522,0.00069711448791424,0.597180639526501,0.170124385501628
525,"Q2",0.0487237781316807,0.000355857694337275,0.38251989289918,0.1106568403343
526,"Q2",0.113378201823636,0.00104415804382819,0.598232513902047,0.167873048869588
527,"Q2",0.00820592160392408,9.36486552719968e-05,0.131734151426936,0.0517305190281076
528,"Q2",0.0781187524428724,0.000577201563247761,0.536138896482664,0.169099619446441
529,"Q2",0.0261217286422237,0.000279055696108222,0.234900320522026,0.0698461803673274
530,"Q2",0.066717623302651,0.000420830659634116,0.198919995768166,0.106241229559516
531,"Q2",0.0653521561711141,0.000415680218599452,0.258444751198238,0.106091246487221
532,"Q2",0.0658127682802085,0.000519997101252018,0.512040236008235,0.147899761312647
533,"Q2",0.0940007222865855,0.000776499499467216,0.628589296598989,0.164170533110535
534,"Q2",0.0191702092949644,0.000208118291469719,0.197283495988483,0.0760454425774921
535,"Q2",0.0438731089009234,0.000374518466820635,0.331603470447704,0.123678446751184
536,"Q2",0.044064122523011,0.00050417871493462,0.302231635260378,0.0935131397164605
537,"Q2",0.0507703930163093,0.000418281198566197,0.440032655057504,0.134641765015113
538,"Q2",0.0130484474884724,0.000139570795300279,0.16121590692801,0.0632799458148312
539,"Q2",0.0913312882482966,0.000632339032182992,0.543040954136201,0.152517767291045
540,"Q2",0.0573258842326521,0.000354810012864415,0.47223651179005,0.112666865634557
541,"Q2",0.0187502597535936,0.000210811328316157,0.199396172383892,0.0767643934764427
542,"Q2",0.0362727029009928,0.000504025244045917,0.271508365042921,0.0889943594235674
543,"Q2",0.0765025984814418,0.000544088168823993,0.589310937520682,0.157458892259656
544,"Q2",0.0248325566162322,0.000299846110091057,0.218235125491387,0.162819366160071
545,"Q2",0.0386066968017236,0.000447513810448377,0.296099975063045,0.107123995222325
546,"Q2",0.0575684549413324,0.000548356145670776,0.419631599702305,0.117246698774741
547,"Q2",0.0833540704022901,0.000597851361144125,0.450709432973898,0.127005466988964
548,"Q2",0.0981531679226144,0.00100859092511806,0.625071374313346,0.210581220436146
549,"Q2",0.00967083827592674,9.95058565457598e-05,0.13378393710744,0.0469513535267262
550,"Q2",0.0269587779398517,0.000113520154611137,0.273619566672809,0.099681271452203
551,"Q2",0.0840307807443601,0.00075961157126531,0.398153580061058,0.109572818806805
552,"Q2",0.00934624987890764,0.000106416418918149,0.143709577167898,0.0423423985729659
553,"Q2",0.0325379330197322,0.000185310430767295,0.30691200933564,0.0826182456758475
554,"Q2",0.0242227894645755,0.000159186726702146,0.209826066977743,0.104112645396845
555,"Q2",0.0533578525333258,0.000386568483224613,0.304318899117509,0.120337008290051
556,"Q2",0.0504976702506568,0.000279599054527985,0.354104457809911,0.108239763507159
557,"Q2",0.0745024765920039,0.000484875157374799,0.430682982522432,0.154522345188401
558,"Q2",0.0149663587999154,0.000104073230902545,0.177479712408487,0.0687524489170121
559,"Q2",0.0384187823403774,0.000402747647870681,0.277538170144538,0.0873085659980452
560,"Q2",0.0572350897956664,0.000468605647602302,0.505054078784874,0.12993253998496
561,"Q2",0.0356257286343578,0.000398665424366322,0.267107429044764,0.0944571835581566
562,"Q2",0.0263485885360133,0.000127815319169574,0.235982214464306,0.0734690316106679
563,"Q2",0.109051993743282,0.000820434951566953,0.480744371493943,0.168189924070365
564,"Q2",0.0436683749344748,0.000261435444983645,0.280430105331901,0.091362524719629
565,"Q2",0.0364453559447586,0.000396335552317962,0.26428964212911,0.0778517717007328
566,"Q2",0.0305651693556097,0.000123472779398942,0.302868005444806,0.108605337726651
567,"Q2",0.091120089474142,0.000653806613782999,0.56654179793889,0.146198803508187
568,"Q2",0.0216534502556396,0.000169631744824001,0.190088307975292,0.108046319446855
569,"Q2",0.0442555872367638,0.000313040891084268,0.411856066777273,0.102188658452875
570,"Q2",0.0458392607684139,0.00042953586501555,0.408866162354227,0.121738423696941
571,"Q2",0.0779604222155079,0.000536921722179617,0.637435225357494,0.17218070621578
572,"Q2",0.0306707949916376,0.000451338415613872,0.247651675141587,0.0845784884940757
573,"Q2",0.0601434121562825,0.000802485149897586,0.344652088731355,0.113368240108752
574,"Q2",0.0591348277347272,0.000371047832771155,0.348679956132821,0.128898629222722
575,"Q2",0.0696021653472059,0.000446609887862532,0.40044095613985,0.108483379831688
576,"Q2",0.014208544895066,0.000247637604820901,0.162361514015953,0.0609687377000818
577,"Q2",0.0509821917221718,0.000396230703928849,0.34481096949101,0.10795485098208
578,"Q2",0.0302259262784403,0.000209531181341458,0.304857829163332,0.201489854284781
579,"Q2",0.054995819075959,0.000372940214581823,0.247742369079543,0.0858274842628592
580,"Q2",0.0700076668628267,0.000457643381465767,0.444673888427424,0.143222024352688
581,"Q2",0.0854384957145822,0.000576152600462778,0.529435837448976,0.140059165260978
582,"Q2",0.041939292418208,0.000241404945269469,0.328916867195118,0.0970963557400712
583,"Q2",0.0485288510353463,0.000526414145607248,0.312293755281919,0.0985481826218644
584,"Q2",0.0077617004818773,8.22276427230283e-05,0.12301763676029,0.0480886516600915
585,"Q2",0.0119104607382781,0.000273394150291695,0.158872860511557,0.0638087254321967
586,"Q2",0.0480434637011431,0.000367467123216407,0.351158780691983,0.115461601797899
587,"Q2",0.045357315433538,0.000277298347135237,0.419823799732601,0.107784859069743
588,"Q2",0.0643970620131444,0.000499945057089226,0.435531628227391,0.12219633668312
589,"Q2",0.00806772431307401,0.000103389490558125,0.131115108479638,0.0417049358721987
590,"Q2",0.0181045974290761,0.00023457700027565,0.186451970054317,0.0620191938337391
591,"Q2",0.0625698435850488,0.000747735111067623,0.357304303680546,0.110507392147622
592,"Q2",0.0253688702398591,0.000214450854789929,0.187277278386932,0.0821275510826335
593,"Q2",0.0396044169019838,0.000246431489207518,0.325021224397081,0.0813234485970961
594,"Q2",0.0291358111935001,0.000374757637165202,0.248311626317609,0.0804615617853922
595,"Q2",0.0561698679314091,0.000354291484549658,0.36800439235085,0.198621941681393
596,"Q2",0.045405119343199,0.000403165565631376,0.296199041663715,0.121000004372401
597,"Q2",0.033972951983305,0.000352780055602876,0.357805993809162,0.100622204646564
598,"Q2",0.0230271604492938,0.000259778583288626,0.219630441409807,0.0940206275443261
599,"Q2",0.00186070983570552,1.8539286808592e-05,0.0585610897297129,0.0270021700429443
600,"Q2",0.0107755724866365,0.000168881871188677,0.145124055219684,0.051934444850593
601,"Q2",0.0434495478663255,0.000314923739869985,0.370526529860306,0.101123458890021
602,"Q2",0.0442923663101951,0.000280902985895225,0.359188003674781,0.127021778964616
603,"Q2",0.0223528988080499,0.000279472216508901,0.212124436774411,0.0688427193329382
604,"Q2",0.0565585723988598,0.0004686155529113,0.393928368040554,0.115713035644379
605,"Q2",0.0603694034050299,0.000305335664485368,0.251009974544321,0.260796051156502
606,"Q2",0.072715358498419,0.000592649410618714,0.451268460253203,0.127837832010692
607,"Q2",0.0600070885166311,0.000675111265007396,0.351145564952759,0.105015714887421
608,"Q2",0.0936233684752814,0.000713741195331949,0.750748020074206,0.169033403432649
609,"Q2",0.0320556910319816,0.000364439547204671,0.258073925818543,0.0784175634039478
610,"Q2",0.0493754327750686,0.000534966009735529,0.310086551143975,0.110861280765905
611,"Q2",0.0208376709014964,0.000145494370822838,0.170021622783304,0.0688859590535005
612,"Q2",0.074375018453134,0.000608498285915165,0.232701544010119,0.0969118124510856
613,"Q2",0.0576685458912003,0.000401762232967813,0.442234434435686,0.141833592494325
614,"Q2",0.000536585173557924,4.77077518411334e-06,0.029345080547026,0.00865809309162879
615,"Q2",0.0573983504163067,0.000436920994660407,0.281334602607507,0.0798906216958068
616,"Q2",0.00352863786260471,8.39714096787831e-05,0.0832325529463598,0.0432623749248738
617,"Q2",0.0402744915019486,0.000384330906559343,0.350840341079516,0.106277605561824
618,"Q2",0.0327411885905224,0.00024961909238126,0.318759051289547,0.0919267752952103
619,"Q2",0.0118193511770155,7.71232171197487e-05,0.141748605380671,0.0511449559231226
620,"Q2",0.0779851223697374,0.000644040559338679,0.506034870995182,0.129910735544106
621,"Q2",0.0838446866133431,0.000666400804148435,0.684566124176611,0.170601366458777
622,"Q2",0.0259644792298062,0.000286974125077309,0.236232674920023,0.085623707966209
623,"Q2",0.0298557064860514,0.000224002923186583,0.31575451804293,0.0892474639383609
624,"Q2",0.0764067500962824,0.000573741319322237,0.708689525919267,0.163317300007808
625,"Q2",0.0444723044361535,0.000495455070901767,0.30481731868635,0.0979521417225481
626,"Q2",0.0668385745485693,0.000509577953478585,0.627582707578935,0.147090838317208
627,"Q2",0.00711031224798653,8.18017161062198e-05,0.122867386751742,0.0436361206411963
628,"Q2",0.0421336144374518,0.00028283330626078,0.351585214368181,0.0884332683489895
629,"Q2",0.0240236897800337,0.000260468135565853,0.216912021473804,0.0785709548282578
630,"Q2",0.0170059612542897,0.000283676121911487,0.188360918498925,0.0694236921507056
631,"Q2",0.0420242247764033,0.000576907456339565,0.297470650411622,0.099342343615034
632,"Q2",0.0509447539108656,0.000284875100912496,0.337914174138093,0.122828745706129
633,"Q2",0.0742359461375184,0.000479125421957014,0.378229167644678,0.116769255731182
634,"Q2",0.0592044992552463,0.000545920043248988,0.44568635942941,0.133809426882137
635,"Q2",0.0596887898223049,0.000374285128774779,0.327248605507229,0.135978662863511
636,"Q2",0.0238115728571007,0.000140605791370457,0.293064495910847,0.0749207990576365
637,"Q2",0.0909956206804381,0.000741788419465205,0.267918682103016,0.0834896259204446
638,"Q2",0.0917177078669269,0.000673292405765991,0.590599678266101,0.387399031627337
639,"Q2",0.0368039155038957,0.000412831795115889,0.274831006339858,0.0921473306941902
640,"Q2",0.055662784754908,0.000298289894312671,0.433580694447836,0.113169838400973
641,"Q2",0.0699416739591747,0.000164391556333606,0.188492284789563,0.0903680338981507
642,"Q2",0.0401529553177173,0.000264572026135503,0.242728321080752,0.0972214670642002
643,"Q2",0.0262583313299221,0.000328563483012425,0.237456609365116,0.0733597664054014
644,"Q2",0.0436741428702501,0.000464864196512748,0.287188155111309,0.0931785760541225
645,"Q2",0.0647374159060909,0.000425070994395393,0.447985668813696,0.129188395051595
646,"Q2",0.009920505700455,0.000144053187967718,0.1423358599943,0.0488097761532392
647,"Q2",0.0410390757354637,0.000298605612642494,0.280958223756937,0.099698071124126
648,"Q2",0.0613696031608182,0.000473145461603551,0.394121377868298,0.128476746953169
649,"Q2",0.0322137870739674,0.000167425346729737,0.285155023235331,0.110460464473723
650,"Q2",0.00232072035998243,0.000230041875795022,0.0205333527220147,0.070743734185506
651,"Q2",0.0221662169868413,0.000249182751946177,0.211665760987681,0.0652383145040091
652,"Q2",0.0659728427230881,0.000452365317882545,0.348492509225591,0.106845639992164
653,"Q2",0.0662624737258035,0.000464118395045012,0.549662586919964,0.134227661099933
654,"Q2",0.0397165431857136,0.000356725832502036,0.438639425523203,0.108399318032072
655,"Q2",0.0829096744716793,0.000572988567272233,0.412438691105819,0.122455780424054
656,"Q2",0.034092416734957,0.000278790531310341,0.305064815802251,0.0886067683966062
657,"Q2",0.0671064267246866,0.000488284208997614,0.474781460395399,0.125444783961316
658,"Q2",0.0696186018070666,0.000424441807777692,0.370731109634109,0.163852932735444
659,"Q2",0.0457373604370606,0.000253398385751219,0.350086425880198,0.143056683307822
660,"Q2",0.0726198309093729,0.000553946466448012,0.234852789948211,0.0900034741177088
661,"Q2",0.00183312090270604,1.94072938475282e-05,0.0591786608491983,0.0591839879751711
662,"Q2",0.00122968136714086,1.26220607126083e-05,0.0481769022445917,0.038729096027071
663,"Q2",0.0456415752828025,0.000264745447376268,0.362859863792442,0.120997106306321
664,"Q2",0.0500067394596879,0.000459066654045615,0.267073416660839,0.112198059215862
665,"Q2",0.0434785769196147,0.000252724772877932,0.438089884506954,0.113147990223444
666,"Q2",0.0896266489937521,0.000606628145556404,0.504094485934182,0.138587179412105
667,"Q2",0.0248403621227151,0.000180396522370949,0.194086703439824,0.0810665684068651
668,"Q2",0.0452720273999656,0.00021276517083814,0.337223166273808,0.109135813767818
669,"Q2",0.102929930183091,0.000674303322745467,0.538218173191097,0.129457459444134
670,"Q2",0.01435942659284,0.000196139208591743,0.176160677289733,0.0586183727564214
671,"Q2",0.0713016536120001,0.00049306437015243,0.338561592412933,0.11682816392783
672,"Q2",0.0453530634535273,0.00049344467331924,0.300172791084238,0.100682063911131
673,"Q2",0.0166642946194795,0.00017999449279572,0.181494006933455,0.083087193663393
674,"Q2",0.0112784658265177,0.00014501591706754,0.154636225232815,0.0889662364421543
675,"Q2",0.0665885614870518,0.000522463935293871,0.402318696913677,0.136723084502696
676,"Q2",0.026022015067138,9.19181156595571e-05,0.300689790046522,0.0761264167480727
677,"Q2",0.0459400348707586,0.000400193009410969,0.315381077150752,0.0984886125087042
678,"Q2",0.0334723921025244,0.00029498051681387,0.22766108308637,0.0886052443865207
679,"Q2",0.00874595347384854,9.36987508228714e-05,0.130121731331892,0.0522270549113095
680,"Q2",0.101898358449599,0.000736938359728584,0.343426903681459,0.491646068020888
681,"Q2",0.0410679072982809,0.000274037325076905,0.428853709676807,0.114467087571597
682,"Q2",0.0757947151593346,0.000512248072210445,0.471796410196352,0.162424783571392
683,"Q2",0.0654575472184611,0.000510828430842186,0.437979572446472,0.123350426938939
684,"Q2",0.0254489074834918,0.000101782654559856,0.258237212700572,0.0870205134425168
685,"Q2",0.0237585065319195,0.000262818252043363,0.225092983607618,0.0686245229272924
686,"Q2",0.0173426116603945,0.00011128418705258,0.145077989989393,0.0699002527173134
687,"Q2",0.0100589361775221,4.51876797499235e-05,0.11442537512316,0.0654082648613807
688,"Q2",0.0686581809392681,0.000490074156607616,0.481786669247383,0.13755254404369
689,"Q2",0.0830418036028817,0.000642255876207978,0.486163141718894,0.151741520788273
690,"Q2",0.10987356586393,0.000859678690998003,0.681212457566138,0.187642766975773
691,"Q2",0.111619458550324,0.000874489712722766,0.730039309003274,0.197789869338277
692,"Q2",0.0260376237613311,0.000192646902083245,0.216225275956426,0.0672940571474165
693,"Q2",0.0853592830832639,0.000586221289415281,0.482025525279433,0.140752898983159
694,"Q2",0.0680017879133565,0.000645323608114918,0.487847961379638,0.134100039657802
695,"Q2",0.0475735912382209,0.000369480714671876,0.401811333776717,0.113556163669174
696,"Q2",0.0479069881401966,0.000255217191504891,0.402783709713087,0.152724589010139
697,"Q2",0.0185040182589642,0.000935573735063395,0.196136528666415,0.0937882025367306
698,"Q2",0.0266642448867476,0.000282358105276278,0.230053249767408,0.140200727627453
699,"Q2",0.0813183751912199,0.00066046026241858,0.534228760670882,0.151854551640873
700,"Q2",0.146032391588275,0.00118131683980237,0.523798215303285,0.183062026930646
701,"Q2",0.0513486815051518,0.000462846407519121,0.400581177277575,0.130338905857638
702,"Q2",0.0558164155061185,0.000443421975830543,0.403499910649143,0.11126593939808
703,"Q2",0.104191617517776,0.00076945340773557,0.784375731627279,0.159442426800278
704,"Q2",0.0327176469113279,0.000201547071191024,0.343743829901555,0.0890862571873011
705,"Q2",0.0192283626242808,0.000122101237872965,0.187515786879882,0.0697681247916399
706,"Q2",0.0885042105495923,0.000727460778334086,0.307210201644003,0.106885172517577
707,"Q2",0.0908638085872919,0.000664316350100108,0.677438652127733,0.215253564377185
708,"Q2",0.0103565072495506,0.000115291116621337,0.145283162135032,0.049663958084515
709,"Q2",0.0436990425159394,0.000267867768307212,0.340165132755699,0.0964806916218389
710,"Q2",0.0265933779938052,0.000299625145285856,0.233701822119758,0.440508253241238
711,"Q2",0.081881020393638,0.000674775389770912,0.55062362396337,0.155281940153865
712,"Q2",0.100859092097551,0.000761839446722353,0.395981646782219,0.100103083234807
713,"Q2",0.0164386735031243,0.000409957061554685,0.180980196039018,0.0824632289709908
714,"Q2",0.0764820333385394,0.000687091423049364,0.615281228188711,0.165222777692448
715,"Q2",0.0338651296859975,0.00036988954774049,0.261234279373028,0.124705180028023
716,"Q2",0.0295377581577156,0.000137125283505258,0.294492039664666,0.0846003714340734
717,"Q2",0.0414625360019674,0.000400077623949747,0.280092332492108,0.087933095917196
718,"Q2",0.0662797527503987,0.000397334640083888,0.38317923289592,0.182099670894073
719,"Q2",0.031447635827929,0.000340757958408217,0.24536621351765,0.080552344749358
720,"Q2",0.00107494339036229,1.1878011434165e-05,0.0478724132965848,0.0479958758492658
721,"Q2",0.0913417081687058,0.000768321310898386,0.422604703731959,0.146020953750129
722,"Q2",0.002961521951935,4.10280340587604e-05,0.079001822406679,0.117775878566167
723,"Q2",0.0232708050072965,0.000386724261965061,0.210591649224007,0.0738385615182482
724,"Q2",0.0424503660003346,0.000243128411774036,0.382378998049509,0.109593425784087
725,"Q2",0.0163716308061339,0.000192353886219913,0.182899452428769,0.0884678281862653
726,"Q2",0.0435650430282113,0.000482254241760734,0.303342440686499,0.122700438746935
727,"Q2",0.0303901090463992,0.000166235491171594,0.263665302857434,0.0708458320914183
728,"Q2",0.0881784105092258,0.000677307554307596,0.298353283356806,0.117825941969472
729,"Q2",0.025123609164206,0.00019773500828241,0.208376610330651,0.0898071705979441
730,"Q2",0.130911890560688,0.00105595080549157,0.374037728456787,0.119470996817451
731,"Q2",0.0397595814227003,0.000342234124315242,0.282737281928966,0.0950321290729288
732,"Q2",0.0979894602616298,0.00113983191953199,0.450206983435341,0.136312900602755
733,"Q2",0.135795209433757,0.00114671675314613,0.979072974053889,0.269543029831228
734,"Q2",0.102450095645837,0.000793748295674828,0.66665518712904,0.174087581771239
735,"Q2",0.021727676968716,0.000243543551447468,0.207015436618516,0.0629015686002821
736,"Q2",0.0306031569987404,0.000111044959289941,0.228912040432918,0.102823066985358
737,"Q2",0.0211098312039315,0.00027227133399363,0.226823907334284,0.0995501723779538
738,"Q2",0.0876724751012734,0.00075439721021345,0.61555587613807,0.15363122517131
739,"Q2",0.0271016105897122,0.000192251145188391,0.246850826812178,0.0983968731229406
740,"Q2",0.0300657846092971,0.000185775856998037,0.287596571054154,0.0798958755011438
741,"Q2",0.00623054441730275,6.96212486016308e-05,0.11356356779092,0.0426840653688624
742,"Q2",0.0490557251358616,0.000360020486819403,0.418624227359733,0.108402049180263
743,"Q2",0.0528575874053878,0.000385298975449845,0.471854135352963,0.117640706256795
744,"Q2",0.0383076335863883,0.000238556193810532,0.335905082993685,0.0916484035062662
745,"Q2",0.0192812296560323,0.000222184243839709,0.189933942816936,0.143269240168825
746,"Q2",0.132193298883468,0.0010939703072129,0.713385899347489,0.213359928126641
747,"Q2",0.0844323295347955,0.000706986126467625,0.643177911198613,0.156912815122449
748,"Q2",0.0207720817104953,0.000179071893502454,0.201930307222767,0.0689213997849779
749,"Q2",0.0854909469704985,0.00102032925141955,0.418618087920297,0.127144441502664
750,"Q2",0.0386642625524427,0.000263413221898694,0.403672392072093,0.0986803103606037
751,"Q2",0.0450367717484443,0.000399150324664186,0.300841802763833,0.106278829520022
752,"Q2",0.00424013219804209,7.64120179772814e-05,0.0906175245241259,0.184832596536012
753,"Q2",0.0358787500297453,0.000421158150586081,0.27428117233316,0.0817275990794198
754,"Q2",0.0746042505923405,0.000544801448645087,0.462113812149202,0.103865018446113
755,"Q2",0.0643559178781175,0.000508539785573976,0.414878854315269,0.171826528950146
756,"Q2",0.0558569520174892,0.000356218465346852,0.428984231597272,0.142849845226223
757,"Q2",0.0207062797490973,0.000122534811962384,0.198910579165903,0.0750555299902303
758,"Q2",0.0838720740286085,0.000615878236701432,0.459112188335993,0.172888064973557
759,"Q2",0.00143776137060492,4.88621066647072e-05,0.0564375638413858,0.0282307293198851
760,"Q2",0.10694799859208,0.00120703592314917,0.469986699762573,0.13851947931724
761,"Q2",0.0946020661115963,0.000743089211235965,0.40697420450168,0.133891368773383
762,"Q2",0.0675643115860307,0.000579258050401714,0.48908008632336,0.148556764046603
763,"Q2",0.0462803202068631,0.000273577888442226,0.339364483305643,0.0958657729904165
764,"Q2",0.017928572244152,0.000103799198931379,0.157346893580939,0.113029158308865
765,"Q2",0.0772840224867952,0.000566059734361218,0.728890756568837,0.185703741343189
766,"Q2",0.0404103216433604,0.000199359118760751,0.28031511635371,0.104539854594484
767,"Q2",0.0877809792725266,0.00073745176845502,0.618554861077773,0.256012595566696
768,"Q2",0.141016678181158,0.0013097797470506,0.647435565726301,0.175532221240597
769,"Q2",0.0280719443355189,0.000125548453771121,0.256092002436127,0.102641991546681
770,"Q2",0.0105427061911456,0.000133856442777246,0.141914772569446,0.13515192221339
771,"Q2",0.0823559538063012,0.000880538774290468,0.677182487586303,0.170851620521626
772,"Q2",0.0492290846987977,0.000365213742835995,0.328151277864696,0.0960908838380063
773,"Q2",0.00537191299821949,5.61441217954269e-05,0.105392661353314,0.0457852480075579
774,"Q2",0.100642596334511,0.000838180402533341,0.538138209122513,0.150171641490085
775,"Q2",0.0520994103981618,0.000275083387262788,0.317285722076874,0.118377232876626
776,"Q2",0.0693797964098728,0.000578088435439078,0.44114182363666,0.137061139883314
777,"Q2",0.0200410363233079,0.0002181293020754,0.200401166775309,0.0642176733791244
778,"Q2",0.0179381762908122,0.000217220014661643,0.191115903127087,0.195243372948243
779,"Q2",0.0736638025001035,0.000370302954670748,0.392994775301504,0.115299679541066
780,"Q2",0.0555629821223302,0.000348696745059306,0.378164171027648,0.124338676096477
781,"Q2",0.0508909113077713,0.000464528469641825,0.320283781350029,0.110840639934045
782,"Q2",0.0446835656168076,0.000296406762222892,0.31074922106406,0.164350690528088
783,"Q2",0.0189264424068654,0.000103546109476723,0.199562863613683,0.0584563853867368
784,"Q2",0.0582241136349761,0.000418934084869927,0.484110968084427,0.126341834477996
785,"Q2",0.0693931786153019,0.000490887132109392,0.322241082391557,0.0943386268798304
786,"Q2",0.0397574221987274,0.000291143680543946,0.394095807790402,0.0995817853435604
787,"Q2",0.0102591741867037,4.75350647420026e-05,0.126351961611662,0.0394901823823817
788,"Q2",0.000141538459983437,0.000219512478051701,0.0175241007419453,0.0622995684919882
789,"Q2",0.0260722457561045,0.000207314475717347,0.181052198238654,0.0666062562114533
790,"Q2",0.073926588213828,0.000719199558148195,0.51499887260213,0.162706499074806
791,"Q2",0.0855051016378052,0.000617589197794282,0.44109888911698,0.208195611592903
792,"Q2",0.0414321315394961,0.000322225552838389,0.264448530019045,0.105875535736432
793,"Q2",0.0811038308197194,0.000542420012489948,0.503918445704022,0.179460766271114
794,"Q2",0.111873710660689,0.000838264261909325,0.57691863718358,0.157146334526292
795,"Q2",0.0438340949441436,0.000339709694605392,0.344135266570795,0.0978172218102347
796,"Q2",0.0411088722437647,0.000782571201069782,0.288590182717444,0.0977285001486603
797,"Q2",0.0138368872735928,6.93804600102059e-05,0.160404178612095,0.0693410314758024
798,"Q2",0.0292667292738606,0.000336847030207746,0.248295279934714,0.0899884992035674
799,"Q2",0.0446104726987446,0.000210244661613495,0.450601675701818,0.128428866132346
800,"Q2",0.0200178582944499,0.000216467596535518,0.203663382316497,0.0626650525516372
801,"Q2",0.113548619296935,0.000916677840035549,0.85765394505472,0.228059998151422
802,"Q2",0.0721380637704581,0.000534636791135351,0.507257894442012,0.221813742807206
803,"Q2",0.0699828382718852,0.000443482429149346,0.389744640115446,0.120359961112387
804,"Q2",0.0908253924234295,0.000652282613732519,0.295618764834355,0.147510462537724
805,"Q2",0.0689134294241889,0.000398752632587721,0.338539151330596,0.078302257869339
806,"Q2",0.0170591460077922,0.000104698514010924,0.185329784753223,0.143568992193953
807,"Q2",0.0848336689184848,0.000601512349953299,0.463790452958261,0.183103083213618
808,"Q2",0.0442544778244134,0.000274803899837956,0.41975841673595,0.107528634165509
809,"Q2",0.0677381125161016,0.000547260513266755,0.276297684641654,0.131048952407496
810,"Q2",0.124412129091343,0.00108357550367633,0.733538476043539,0.169558347938131
811,"Q2",0.106654221374574,0.000678473947241034,0.977296544562318,0.244202669403177
812,"Q2",0.0617460313463223,0.000468445813461474,0.443954867706456,0.110559989069729
813,"Q2",0.0696326166145962,0.00042482608855173,0.508516993447895,0.151341784937816
814,"Q2",0.0613254397124621,0.000510457206663709,0.443760335401819,0.150240280387186
815,"Q2",0.0127251616790502,7.4884073310179e-05,0.153935494994531,0.0516090797144674
816,"Q2",0.0699203529769736,0.000617458978057098,0.600426608219112,0.161707211684962
817,"Q2",0.110485274966994,0.000882790987409249,0.667596232214264,0.577830012543661
818,"Q2",0.0372960079269227,0.000152344769018505,0.270672180932857,0.083388895365484
819,"Q2",0.0693881167830241,0.000543633499123578,0.43703286421259,0.122935262878999
820,"Q2",0.0819641176998402,0.000618743296803733,0.641862192747208,0.20075054663924
821,"Q2",0.0158076312919224,7.43540740904613e-05,0.175288289121744,0.0549883763599276
822,"Q2",0.0115534474958654,0.000127124843087835,0.153482155315912,0.0734481142176541
823,"Q2",0.0436878891580434,0.000337875283931007,0.265143582564263,0.107873350601101
824,"Q2",0.0579596027610947,0.00044461928483462,0.39189229892596,0.125539031367005
825,"Q2",0.0622840578355586,0.000579457024216777,0.625078225933,0.176333767221666
826,"Q2",0.106582704166243,0.000827579676617262,0.671732779597806,0.186303162463717
827,"Q2",0.0231279293445006,0.000149715685599876,0.21178218410069,0.0630432932492199
828,"Q2",0.0185982250194758,0.000242966658780742,0.15868237706271,0.0764959880407555
829,"Q2",0.023779305869974,0.00045862144376623,0.21932691936449,0.0903706327863433
830,"Q2",0.0462150930988834,0.000270171382028205,0.321753116349985,0.11886767638262
831,"Q2",0.0148220050528387,7.44676586669514e-05,0.160842494352435,0.0473595470376144
832,"Q2",0.0344328763129109,0.000210969672472459,0.328626434672545,0.0856260509933489
833,"Q2",0.0388199278703318,0.00022483354243891,0.276638115474737,0.114295302526581
834,"Q2",0.0902612499218822,0.000685785556129473,0.329393496390223,0.099259339906558
835,"Q2",0.0685377612999538,0.000573396236342438,0.506547879399181,0.132212475472221
836,"Q2",0.0434132043117241,0.000301649276385764,0.269613748895603,0.0860895432326902
837,"Q2",0.0560652509243678,0.000404111655834417,0.303595348095658,0.095332432512655
838,"Q2",0.0500440224217851,0.00068348096552324,0.314740545126955,0.115552772743631
839,"Q2",0.074006202559799,0.000541424778307482,0.466682687668067,0.144691397927993
840,"Q2",0.0271317500247594,0.000298268198551429,0.23554167164806,0.0724895289379821
841,"Q2",0.00139961623949603,8.38158448096665e-05,0.0502357374135877,0.0366894777850034
842,"Q2",0.0330105094784283,0.000273049513976978,0.263170456337396,0.107689658465014
843,"Q2",0.00935070934161431,0.000218350477390344,0.137674781708784,0.0605177037545424
844,"Q2",0.0992107486251008,0.000706933836745144,0.677478453368867,0.168858987437575
845,"Q2",0.0101946285373966,1.65701290332213e-05,0.143482786339583,0.0418362006251445
846,"Q2",0.0701408276667639,0.000483958905290137,0.481926563911732,0.129017720572809
847,"Q2",0.0456798420881892,0.000393858387033996,0.316637298171942,0.104098627752197
848,"Q2",0.00848298687619575,8.89281947932615e-05,0.13058158034195,0.0557831416421854
849,"Q2",0.0418625538413515,0.000372147859610984,0.437516462144599,0.302177714602949
850,"Q2",0.0185865291567122,0.000198685178324895,0.18942307733896,0.0607862498946846
851,"Q2",0.0333564365045191,0.000284694563344261,0.221290740659602,0.10833485105502
852,"Q2",0.0587352117579236,0.00046003239439302,0.355330328973978,0.120587459873359
853,"Q2",0.0265945329947712,0.000184626647645037,0.18257125117175,0.0806458176216995
854,"Q2",0.0344105829384649,0.000384961016755263,0.269406434260994,0.0804496609821681
855,"Q2",0.0390990609382342,0.000339619660017401,0.284823607847467,0.0953863901348863
856,"Q2",0.08665501035426,0.000625891673800528,0.627650992004198,0.15497830157543
857,"Q2",0.0433439174390031,0.000261317195044088,0.410328190004942,0.111131554850162
858,"Q2",0.0362684758750209,0.000315766426674797,0.280282332362674,0.110116941202848
859,"Q2",0.0423508722664305,0.000429728624674536,0.394200448698021,0.104266165805658
860,"Q2",0.0292640433268527,0.000498855546839226,0.251343444963666,0.0920979709051792
861,"Q2",0.101840196335592,0.000778066514570019,0.318928315989894,0.10909146669984
862,"Q2",0.0530580018630253,0.000347389963651527,0.394051694958993,0.112538275604235
863,"Q2",0.0588692977355656,0.00040912807854226,0.542033458697528,0.128701452924295
864,"Q2",0.0567453650839767,0.000300158443822754,0.308412254797468,0.0952290464840598
865,"Q2",0.0260521621996048,0.000286972880942396,0.227474515324406,0.0687014177053962
866,"Q2",0.0575629104439326,0.000341206769646572,0.328440032301396,0.109705853484981
867,"Q2",0.0262880062558892,0.000270569494257308,0.219240431638071,0.0647913040675161
868,"Q2",0.17644041403245,0.00151574562554069,0.39387395359141,0.151407430417318
869,"Q2",0.0506431560762763,0.000407442987373726,0.345994308209663,0.120969005969402
870,"Q2",0.0131449136696595,0.000149220613496308,0.168736056236137,0.0619957871742959
871,"Q2",0.0759303026661726,0.000797522973860695,0.486623728804287,0.136464929444015
872,"Q2",0.0525075985261108,0.000306349927318423,0.46223827914213,0.129901572289677
873,"Q2",0.109240703373249,0.000655479712130777,0.50564977945605,0.304450778440656
874,"Q2",0.038289517750453,0.000300649408310119,0.309738382400361,0.0882270540326253
875,"Q2",0.0419986466726581,0.000273786850296385,0.403012462863751,0.116045210806055
876,"Q2",0.0225971798489546,0.000252252852157837,0.215821152289733,0.0705806792729705
877,"Q2",0.0816159581430451,0.000578737017604326,0.658659540475781,0.225160670433558
878,"Q2",0.0701056946429475,0.000522589555101588,0.491978772963051,0.132016248185945
879,"Q2",0.0989506007498626,0.000776027298507524,0.344272915855771,0.127986586796911
880,"Q2",0.0266329128384868,0.00020435530764636,0.211778225560983,0.0922698582691759
881,"Q2",0.0499649053854796,0.000375827761212958,0.332702346960721,0.0996749702591499
882,"Q2",0.108011037728213,0.000860520800217183,0.312237443963512,0.117862019919817
883,"Q2",0.0323389872634756,0.000399775107940026,0.265022069059596,0.0826074274757858
884,"Q2",0.0698163111423487,0.000507681391012518,0.659907628689268,0.17102966989245
885,"Q2",0.0345610145407917,0.000257616574672821,0.230381721734184,0.0845551150192205
886,"Q2",0.0417047492493605,0.000463665980901845,0.293193681628397,0.0870059407997724
887,"Q2",0.0634911035171424,0.000425399337438808,0.526373218098465,0.152719389098102
888,"Q2",0.0841352454835533,0.000625292905514289,0.583385973811332,0.157572288958395
889,"Q2",0.043682237607042,0.000141908322370508,0.305319628964273,0.0916242010863037
890,"Q2",0.0473739090267955,0.000318589547198263,0.27787223876458,0.0935310487789336
891,"Q2",0.0296036528520904,0.000455449287623533,0.289030492750855,0.101452444519083
892,"Q2",0.039260581753771,0.000296903528461859,0.276090180076459,0.0867942234219697
893,"Q2",0.0273773362905771,0.000225787794796152,0.227414167456412,0.0984873207561251
894,"Q2",0.0341134518036981,0.000133477417948298,0.323834796371881,0.0852925410224317
895,"Q2",0.0632486674399786,0.000462578039051534,0.48060963362841,0.151641174528306
896,"Q2",0.0674214099511836,0.000554859048554091,0.494775864580719,0.13383169598785
897,"Q2",0.0216861881212616,0.00050000995781407,0.204054369298922,0.0936207849801854
898,"Q2",0.0464003315099326,0.000315326974575562,0.292188003365533,0.0815447609758486
899,"Q2",0.0445507606538644,0.000254322800910568,0.374381718663731,0.0994339326897399
900,"Q2",0.0702187024007621,0.000563992037821474,0.567373482638832,0.226951030738719
901,"Q2",0.0844653070855994,0.0011996601055427,0.407907528049339,0.140336664101094
902,"Q2",0.0648660527725688,0.000525876247423072,0.362632080432169,0.113421546678288
903,"Q2",0.0552378575418579,0.00039808264879453,0.485072625438909,0.12143986758186
904,"Q2",0.0298658411590633,0.000262386804389054,0.312777061373786,0.235010074942932
905,"Q2",0.0311232373805677,0.00019858042050927,0.249363549874636,0.0766495966585565
906,"Q2",0.0211936673312412,0.00023488259273856,0.208430836293829,0.0760454029498532
907,"Q2",0.0337209423695644,0.000288980091975255,0.25008551811163,0.113569903129086
908,"Q2",0.0519392239684358,0.000316364741219635,0.332401543635263,0.12294110492806
909,"Q2",0.0592390565343361,0.000474077221066649,0.513460891709639,0.20701528583862
910,"Q2",0.0235705894716247,0.000182208005163603,0.199555788871094,0.0779878479108398
911,"Q2",0.0699823935104877,0.000493194975592851,0.523478840487618,0.148990244977294
912,"Q2",0.0224574049049124,0.000168712261187225,0.17842775835291,0.0681118619596815
913,"Q2",0.0365799322481291,0.000239825731068594,0.250340955913719,0.126932562674373
914,"Q2",0.0613503850794039,0.00028808098874737,0.215855614005981,0.0880795760113038
915,"Q2",0.0395383703825978,0.000262019271328916,0.427202499834763,0.111848631583377
916,"Q2",0.0911405494980499,0.000645361588000565,0.478349941669208,0.142629639457236
917,"Q2",0.101258199141562,0.000761398941706148,0.680130917503493,0.176330995796613
918,"Q2",0.0858647596810833,0.000698589881497602,0.569536277591827,0.177299149560079
919,"Q2",0.0142468756687819,0.000152842800148747,0.169214532821168,0.0499110172114132
920,"Q2",0.0540915383212628,0.000329786292604814,0.306439774272155,0.104235719343401
921,"Q2",0.096709436601282,0.000817632694800402,0.601719372569715,0.161903947141021
922,"Q2",0.0276601847797409,0.000339525417331611,0.238709735006597,0.0739627533759894
923,"Q2",0.0524124145243867,0.000355276138220338,0.316299385933599,0.0970310652917026
924,"Q2",0.146922736261661,0.00116635832656547,0.395736336250578,0.134963160466564
925,"Q2",0.0832211585003293,0.000802477831124912,0.6633858710609,0.160137624617571
926,"Q2",0.012846356106138,7.84347634682117e-05,0.135981017309928,0.0590346166767256
927,"Q2",0.0206216614533528,0.000158893601733378,0.172129137986913,0.0740454525543866
928,"Q2",0.0924905150351574,0.000727549471099464,0.64984813090837,0.172923699198325
929,"Q2",0.0371014350278074,0.000265825815621962,0.275048980349505,0.110493449015079
930,"Q2",0.0130858589403591,0.000212170971271625,0.160505378863608,0.0575757161025797
931,"Q2",0.068324450499766,0.000477126652990544,0.538667182688307,0.142306745295818
932,"Q2",0.00974769744141568,0.000102753103037007,0.134755805958047,0.053072134097348
933,"Q2",0.0091427442086669,0.000103867657726108,0.14056238460146,0.0420133612594649
934,"Q2",0.028534879774794,0.000335251576256025,0.238084822192249,0.071541400949674
935,"Q2",0.0650584073690652,0.000445352875192414,0.487997838806054,0.136034978558996
936,"Q2",0.0782347826450227,0.000496318635561994,0.407398534032913,0.137673931803033
937,"Q2",0.0533399958310952,0.000318520607762815,0.344406650674599,0.13606236494981
938,"Q2",0.0472920026627364,0.000308921139937661,0.382925927100273,0.101019301932338
939,"Q2",0.0375999824610815,0.000420620943530823,0.341140838851057,0.11774853287458
940,"Q2",0.0747140583102013,0.000618104195967263,0.265215739951734,0.112677052102532
941,"Q2",0.00159258148807595,1.62123190989018e-05,0.0561163639094619,0.0199396336927605
942,"Q2",0.0456505929907998,0.00031179249641482,0.476038745130574,0.116658032326345
943,"Q2",0.0312056939940302,0.000180247443860751,0.380476193092841,0.0829862059097774
944,"Q2",0.0410785505867999,0.000231263580240121,0.40984705923879,0.11535366948035
945,"Q2",0.0753425258517417,0.0005658237137876,0.508416582060023,0.12201868838282
946,"Q2",0.0384803993636744,0.000341691959852678,0.351314315011555,0.107573326332874
947,"Q2",0.000860131004277065,9.57732994980237e-06,0.0420113395370421,0.0123859913665986
948,"Q2",0.0730631245799103,0.000509207748221355,0.544051038656194,0.315698310795641
949,"Q2",0.0883338071388451,0.000683246551442305,0.290632283157792,0.0982390444420539
950,"Q2",0.0678724381164955,0.000753308719677464,0.387064150238139,0.114008505137018
951,"Q2",0.0421382520090674,0.000308993359580038,0.255419776463621,0.190937575799419
952,"Q2",0.0609438211040256,0.000259290107027985,0.216641739599866,0.0678915614209467
953,"Q2",0.0156882534583929,0.000159524452486471,0.173665446263523,0.0529761344507524
954,"Q2",0.0950162892543851,0.00070839707105794,0.602713909413056,0.159007051176048
955,"Q2",0.0317374575379397,0.000230474232486173,0.24471879980609,0.101219683809028
956,"Q2",0.0445246538793196,0.000315299881225767,0.363090925305592,0.103974230382104
957,"Q2",0.0564924326672678,0.000405129016303164,0.433031057425594,0.115634497887346
958,"Q2",0.0196925134782848,4.47118041498635e-05,0.212846834514574,0.186457767416031
959,"Q2",0.0772484229725077,0.000542094386733634,0.617256459004524,0.145938331155323
960,"Q2",0.0352924316829046,0.00032505620215107,0.282776527581172,0.111308203789112
961,"Q2",0.0326920963285442,0.000231879645787816,0.36199934958063,0.08493934251667
962,"Q2",0.094656584210469,0.000786996085669319,0.638380902290664,0.162859770446575
963,"Q2",0.0545318826405463,0.00062122703089185,0.336038325489299,0.0990323895165559
964,"Q2",0.109415279581098,0.000880059141395174,0.319619685853368,0.0967434783533974
965,"Q2",0.0729975994597716,0.000525204993394026,0.325553962665884,0.12992507744949
966,"Q2",0.00103178779065338,1.06328628733471e-05,0.0444600042415613,0.0213593079519583
967,"Q2",0.058855248360981,0.00037773814125257,0.438238717242255,0.186370423224684
968,"Q2",0.0347743343455331,0.000182267416349991,0.335273415458604,0.0953783827352618
969,"Q2",0.0529424361680473,0.000422710502806539,0.471087691233747,0.133484937648357
970,"Q2",0.0117907721040744,0.0001246466626775,0.150415205820404,0.0461565481516184
971,"Q2",0.0417382126334509,0.000192905669105047,0.311584172281111,0.12688825245665
972,"Q2",0.109204942961835,0.000845917170160246,0.633144562990421,0.173689202888626
973,"Q2",0.0354267983664371,0.000297208535382942,0.305191996155319,0.089006609712747
974,"Q2",0.0668919461395223,0.000496259373991266,0.48885624448928,0.131424484961572
975,"Q2",0.00715764984692768,8.19057340869912e-05,0.11725221754662,0.0462481564111913
976,"Q2",0.0677496097143067,0.000587818611178324,0.355416565918687,0.112395869522124
977,"Q2",0.0350808837578089,0.00019809634897483,0.257685245760932,0.124980679525597
978,"Q2",0.0592923076019183,0.000360754698358753,0.433100717896811,0.541424752827633
979,"Q2",0.0618517270339822,0.000444860697274482,0.473309012384149,0.124057743570712
980,"Q2",0.0589154452395952,0.000453672272867388,0.464493909580746,0.12250008156745
981,"Q2",0.018413766358675,0.000200126209892584,0.192127839717593,0.0569666702201941
982,"Q2",0.00346704349084348,0.000209815539047365,0.0819389218030742,0.0568968996744216
983,"Q2",0.0289843499958682,0.000317319771058649,0.2443070865539,0.0773145819631797
984,"Q2",0.0573228977220808,0.000391212381611388,0.443380749475408,0.127862567952318
985,"Q2",0.0207300520470586,0.000227279693534902,0.209053800586523,0.0708919478531258
986,"Q2",0.0947204115060956,0.000636221954913551,0.545650820397409,0.13852306649271
987,"Q2",0.106492458145675,0.000766685722036246,0.409658366118933,0.137426470381661
988,"Q2",0.0906207624531419,0.000650092372373941,0.554707977870766,0.155216777527231
989,"Q2",0.0440991760121925,0.00027360646017749,0.321133794406221,0.0811577457547585
990,"Q2",0.102521021941172,0.000760765850538767,0.503854618234077,0.168048962921078
991,"Q2",0.0310583046810198,0.00019845396653207,0.361900719220056,0.0889996945042005
992,"Q2",0.0841573326345699,0.000493096798105433,0.488253522413185,0.109231154915837
993,"Q2",0.0196738613161731,0.000138765204993839,0.190503943205663,0.0555094069369866
994,"Q2",0.0295925102925061,0.000271020150244529,0.203296404812033,0.0928463988375467
995,"Q2",0.0233613864327005,0.000132204222172749,0.184147201843582,0.0513131716693072
996,"Q2",0.0568557500937565,0.000348449245406082,0.429070748491748,0.130803209379059
997,"Q2",0.0183242754879895,0.000202749840277755,0.19384794817795,0.0683891500137091
998,"Q2",0.0354592818841617,0.000216973962171283,0.336390982958408,0.0915225328170201
999,"Q2",0.0796394975178174,0.000546813342109081,0.537484126554978,0.183261928612185
1000,"Q2",0.0371030116862201,0.000420239096541414,0.274404186439264,0.123805350038538
1,"Q3",0.0368280320400203,0.000279703620516185,0.239493289759836,0.083999928091988
2,"Q3",0.0367677166606182,0.00032786010203698,0.255441659125304,0.119703768527895
3,"Q3",0.0553125048651779,0.000385873261033331,0.37305830029518,0.137818568575331
4,"Q3",0.00234794224866519,0.000276592622362718,0.0692562763890256,0.0760857799514331
5,"Q3",0.0143950277269891,0.00020259684044608,0.171209224737414,0.0572887424493464
6,"Q3",0.0573334476881495,0.000359178077282397,0.486925069435892,0.354034466092409
7,"Q3",0.00864984687626169,3.97296017596184e-05,0.0931698626926567,0.039441764399515
8,"Q3",0.013622217489587,7.57018942519475e-05,0.12204890276094,0.088442914586104
9,"Q3",0.0414714137586518,0.0001961431011685,0.409583119595041,0.121103716767728
10,"Q3",0.00465468395183422,5.11253654893604e-05,0.0997616056431903,0.0808815966577682
11,"Q3",0.0245915341973948,0.000199772572550065,0.196863448137647,0.076512059136642
12,"Q3",0.0868708451470326,0.00062199330173944,0.44172868845515,0.163747382760418
13,"Q3",0.016455682673417,4.17402183560155e-05,0.167653302987278,0.0694070891043734
14,"Q3",0.0133271900728573,0.000227635604785023,0.168520017471797,0.062539982236317
15,"Q3",0.0102798778689159,4.16852256273108e-05,0.100552207419606,0.0757768871459967
16,"Q3",0.0158099925388555,0.000120454264790591,0.150976856212511,0.0648772675336241
17,"Q3",0.0153528860939467,9.62596657523957e-05,0.156741072056131,0.0690655702198598
18,"Q3",0.0279954457883775,9.64986906436712e-05,0.312012239474638,0.0823563793270277
19,"Q3",0.0802351802563077,0.000713216598769503,0.414703468076053,0.122348935195629
20,"Q3",0.00496947042692142,5.70192841664982e-05,0.101508276275539,0.054637145253864
21,"Q3",0.0288535299011912,0.000316715959360097,0.239689625257847,0.102418487261101
22,"Q3",0.0277605442483466,0.000311524922788523,0.239174049594926,0.0732374084865284
23,"Q3",0.0138348610915546,8.31046556753199e-05,0.135438339507098,0.0770820328639741
24,"Q3",0.0637502226815396,0.000458655861292754,0.26331517142049,0.109411688689258
25,"Q3",0.0400955152972493,0.00028497981080554,0.461661756111659,0.127184174813642
26,"Q3",0.0128405651023868,0.000208036989029112,0.159240259822779,0.0583570927552639
27,"Q3",0.0378829236433571,0.000198877568646665,0.370632738088068,0.164187118182154
28,"Q3",0.088430264170233,0.000718683885553741,0.68081598540128,0.209863344841242
29,"Q3",0.0657960783691554,0.00040352439281078,0.553292262575157,0.206324697443468
30,"Q3",0.019207645944137,0.000160818764035449,0.173143468103494,0.05884977075858
31,"Q3",0.0208835898413859,0.000157754066390579,0.19160372179203,0.0542140533431863
32,"Q3",0.0499268165022109,0.00043533241830797,0.284903473472282,0.110188155079613
33,"Q3",0.00731202819511445,3.27746015305795e-05,0.0828055329819718,0.0459511854010713
34,"Q3",0.0441570482752383,0.00028615015399826,0.493846171145341,0.12812513613196
35,"Q3",0.0336959883896508,0.000262402553423122,0.386583917158089,0.110592538267723
36,"Q3",0.0364751591795649,0.000582255600505506,0.260933062195731,0.131310462133444
37,"Q3",0.00943606030145716,0.000111192350813997,0.137858550289802,0.0703858148812842
38,"Q3",0.00923516857235462,0.00012127857096726,0.136195020139494,0.211450225597172
39,"Q3",0.00286106655302909,2.88081790223108e-05,0.071543569185772,0.0379840028083015
40,"Q3",0.00800166139983283,0.000264326723078418,0.12787517591223,0.070702231077445
41,"Q3",0.0989418470301366,0.000857951536345504,0.50965031279394,0.195710749546623
42,"Q3",0.0884692485660423,0.000695839992499068,0.889912879644982,0.222259223806913
43,"Q3",0.023361301476486,0.000494608922016207,0.218912546139434,0.0920315382825285
44,"Q3",0.00382834158103229,4.28642299750225e-05,0.0906530323220144,0.07573288850888
45,"Q3",0.0323216992887847,0.000607843986955428,0.266621721450263,0.101352302669951
46,"Q3",0.00500546111606326,5.67588163576889e-05,0.0980989596443097,0.0608149850767842
47,"Q3",0.0285590812475487,0.000322408389839951,0.243550665848805,0.110775779113115
48,"Q3",0.00292520662527274,3.45001572383758e-05,0.0791275189959412,0.0395079630305784
49,"Q3",0.0164460658207535,5.26148451067277e-05,0.145108244021121,0.0482109735997632
50,"Q3",0.00686325661360243,0.000151174436573154,0.121418803097616,0.0540150638368505
51,"Q3",0.00802926047748009,9.10887197098695e-05,0.130413328639622,0.0618199137909751
52,"Q3",0.00930769291659317,0.000216011388272291,0.145345256477238,0.0603748260284934
53,"Q3",0.0458411325760579,0.000341512394470472,0.299434312124838,0.117794628341911
54,"Q3",0.020793465067765,0.000226369620966601,0.207993853627316,0.106336295265048
55,"Q3",0.0390774001873009,0.00043857320365207,0.285405622118874,0.0874524021750522
56,"Q3",0.0628084989628768,0.000597939179759797,0.448240228691734,0.165717320988855
57,"Q3",0.00409645384121227,0.000153866937319436,0.0516857471663623,0.0654318686263633
58,"Q3",0.00693919169988355,3.19976443926519e-05,0.08763649044884,0.413444927374945
59,"Q3",0.0352129974893938,0.000459136205064757,0.262350437276312,0.0842808086696288
60,"Q3",0.0305975386013735,0.000412676530750081,0.247647564078616,0.0787078090464685
61,"Q3",0.0418111694536236,0.000252895413491146,0.327760749571737,0.152093514583829
62,"Q3",0.0054390660821344,8.56400541060684e-06,0.0679591186572938,0.0579485213785945
63,"Q3",0.0663236193759058,0.000500257788922629,0.491929565005933,0.13579469656289
64,"Q3",0.0605011946575278,0.000416258448566897,0.607929837384702,0.333297235774039
65,"Q3",0.0205849092629062,0.000230237626969909,0.206601739646248,0.0635838441905645
66,"Q3",0.0528740890689079,0.00055403546165778,0.310155416622116,0.104863570038394
67,"Q3",0.0149751595258376,9.59868804961199e-05,0.13723222627067,0.0523711717015851
68,"Q3",0.0366801127423617,0.000167289957444569,0.327906461137063,0.105717957488249
69,"Q3",0.0409458256013959,0.000603365512621711,0.294912749444334,0.0974458565389272
70,"Q3",0.0153450937386985,0.000167093651779169,0.174632185217326,0.0600588659863341
71,"Q3",0.01980782507027,0.000110722571147525,0.186301265566545,0.0873357709146223
72,"Q3",0.01533028716179,1.82987560175228e-05,0.177036599840318,0.0753660322952189
73,"Q3",0.00410150674809806,0.000253458910180442,0.089324972655723,0.0653482738373345
74,"Q3",0.0236320028267158,0.000270201032857981,0.219237900618056,0.205215545401318
75,"Q3",0.00195360275002621,0.00015965248605647,0.0608806474288637,0.0488003875777838
76,"Q3",0.0047155815447617,5.21040825525347e-05,0.0999076649807857,0.0442586029183828
77,"Q3",0.00801175263946519,9.17198313776882e-05,0.129177907279253,0.0495326307418432
78,"Q3",0.0411616026194572,0.000458856185704544,0.295904012483493,0.0898968389552402
79,"Q3",0.00467685492422198,4.76665296962313e-05,0.0956435970772307,0.0345652235533305
80,"Q3",0.0181493256792891,0.000100791116274299,0.192130680904965,0.0785431871964039
81,"Q3",0.0176190976960822,0.000192752311784734,0.186538365182835,0.0730453829141177
82,"Q3",0.00347151353340003,0.000116220324100136,0.0594972403344627,0.0495045295321518
83,"Q3",0.0502545938560939,0.000547308331798754,0.330990330564232,0.13252030930804
84,"Q3",0.00393761358893308,4.71350327433176e-05,0.092036946650096,0.0644718630802235
85,"Q3",0.0566708001226939,0.000511340454162627,0.302419405936104,0.131530329162842
86,"Q3",0.0070887265748798,8.08692817474118e-05,0.122654651068964,0.086619167326919
87,"Q3",0.0399864507526022,0.000441042827488942,0.287848324344619,0.21702112867579
88,"Q3",0.00182163543417957,3.15568876755291e-06,0.0250569082811186,0.0649372898863823
89,"Q3",0.0119281261056017,0.000134924739497497,0.159604380704088,0.0810678165713543
90,"Q3",0.0208288428387409,0.000309230778289845,0.203575682761846,0.0703627904478146
91,"Q3",0.0488722861273008,0.000604418280667179,0.319736160194738,0.0999798629081497
92,"Q3",0.00524476039055877,5.76819118097834e-05,0.104853167722887,0.0407017920323179
93,"Q3",0.0890276616248187,0.000509937939332565,0.438150519849431,0.127371325281688
94,"Q3",0.032670761469296,0.000255100885658983,0.278896409917051,0.125357210685024
95,"Q3",0.0137952877449798,0.00015467357076216,0.166571366403915,0.0872624933478995
96,"Q3",0.0742704478924932,0.000596513559903182,0.347913034396444,0.120065256318732
97,"Q3",0.0283371571780613,0.000350228382970181,0.237862031639559,0.163547737347619
98,"Q3",0.0406664514730348,0.000478531243705453,0.26699144464717,0.126113903323964
99,"Q3",0.0124645382194384,0.000194698230802634,0.161704313517268,0.0577319938636753
100,"Q3",0.0721690676485363,0.000597006504488201,0.452810580000338,0.156862052298445
101,"Q3",0.0892890356176714,0.000602321298272381,0.849026940484413,0.214378763326522
102,"Q3",0.063651525449643,0.000775738820976482,0.367241144615649,0.111599874715092
103,"Q3",0.00838162122458996,6.36628323621699e-05,0.0613993535065657,0.0678037137312828
104,"Q3",0.0354790405763552,0.0005101824446958,0.278859152096936,0.0909527882008301
105,"Q3",0.0142949007431419,0.000160372297259593,0.169792599480014,0.0687701448987249
106,"Q3",0.0207176336346127,0.000123445931119381,0.185611287605266,0.1270966768781
107,"Q3",0.0378957728425533,0.000332875870257297,0.255062910064991,0.119009112183429
108,"Q3",0.0691359071310167,0.000453436158216973,0.644931064405773,0.212638286435977
109,"Q3",0.0480382077117003,0.000517179498524149,0.340563444754989,0.152539837433586
110,"Q3",0.012118807051376,0.00042755021615022,0.154671442369123,0.0881676200736956
111,"Q3",0.0203981617319808,0.000225489787086122,0.190450100101001,0.0910436214310774
112,"Q3",0.024311344701939,6.63371554542696e-05,0.23849790640195,0.107820829274008
113,"Q3",0.0131171617284114,7.43784415483032e-05,0.152749474864094,0.0695063929732455
114,"Q3",0.0474412803270408,0.000437903961039841,0.298759489828862,0.107490654188088
115,"Q3",0.0113530822763579,0.000304616823459854,0.152579204114048,0.0736356339719945
116,"Q3",0.060313387097958,0.000563768825833318,0.296846780218401,0.175701965019476
117,"Q3",0.0957279263754405,0.000655308457479315,0.838082160865606,0.204548051933466
118,"Q3",0.0286166889952124,0.000308948549381474,0.214243775581572,0.0957004968764936
119,"Q3",0.0736621900770018,0.00048801367998219,0.50111343754864,0.171279111134895
120,"Q3",0.000423506994895462,4.85178987044818e-06,0.03012226438897,0.0567535672722614
121,"Q3",0.00467939562306086,0.000323226313188288,0.0988446428202661,0.0754635464389732
122,"Q3",0.0308128867237372,0.000155129142873328,0.406061349902289,0.142849006231897
123,"Q3",0.0177402815717986,0.000203451430150844,0.186656219140751,0.0554906647232205
124,"Q3",0.00751974010426437,2.51334649485561e-05,0.109658835400217,0.061915994140932
125,"Q3",0.0216643276206057,0.000147464671217761,0.132626752859306,0.0668837148969506
126,"Q3",0.0527824730445889,0.000435300509760394,0.319081699368693,0.110687684184612
127,"Q3",0.00992339384638186,0.000120710352999525,0.144084772582843,0.115036009732577
128,"Q3",0.00766169370880654,0.000250105175336386,0.128829850062617,0.0656100349548587
129,"Q3",0.0217181578471521,0.000240268741919035,0.210264976883982,0.0969575692404069
130,"Q3",0.0851132948219515,0.000594960396130718,0.684882053927801,0.268023123427143
131,"Q3",0.00318960770896304,1.96482278803881e-06,0.0761326392246994,0.0912661584913231
132,"Q3",0.0107786158827459,2.55087529794012e-05,0.136799549567989,0.0575024706940151
133,"Q3",0.029381650383737,0.00033553961268039,0.251076498906249,0.0837522651061146
134,"Q3",0.0185839359179596,0.000344398721539597,0.178124150754276,0.109715579846639
135,"Q3",0.0176440160988012,0.000199402654641211,0.196585319872564,0.0729417546905043
136,"Q3",-0.000132418287130065,1.03573487525828e-07,0.00415302854391744,0.063584373311237
137,"Q3",0.0478568853594172,0.000390550328052601,0.296515017052894,0.118267466560519
138,"Q3",0.0441109923349057,0.000338193972333914,0.278218690244603,0.147022232764851
139,"Q3",0.0311039795344357,0.000351212599053319,0.264607183683032,0.0822492122750831
140,"Q3",0.00365440868293732,4.06196400681873e-05,0.087690946022455,0.0352836814275707
141,"Q3",0.01386802475872,8.67504462179067e-05,0.103782510377024,0.321167805222708
142,"Q3",0.0197151550238956,0.000223380634964067,0.207245448025604,0.114078807657492
143,"Q3",0.0101109848693213,1.44285538788893e-05,0.144525681714859,0.0761714892363013
144,"Q3",0.00614262772150198,0.000298945880408945,0.111903991966397,0.0658834425869528
145,"Q3",0.0213550119017416,0.000141730188036325,0.200722268803716,0.0656460633478141
146,"Q3",0.0600061072401736,0.000391498068751469,0.534738264187372,0.176941821544853
147,"Q3",0.0126516487926747,0.000144062302086981,0.159420796006549,0.0483885761250676
148,"Q3",0.0189505741381133,0.000208234326752585,0.192348811211156,0.074144051919379
149,"Q3",0.0492398085204382,0.000271109133505566,0.438626091474296,0.176832725489959
150,"Q3",0.00267128282986207,0.000481645644183698,0.0590336792209783,0.0964982339728267
151,"Q3",0.0556928956602096,0.000209284104821182,0.34039447557997,0.101009160088842
152,"Q3",0.0463759178680565,0.000518688010578918,0.306636172096955,0.0978891197229734
153,"Q3",0.0544965142471359,0.000483635178814774,0.312575327913604,0.104667178339391
154,"Q3",0.0514976598723216,0.000377598675073294,0.33104679024844,0.154517540348424
155,"Q3",0.0216577377506173,0.00025204152893336,0.207720228968605,0.0905885398105656
156,"Q3",0.00326966199996193,3.59527044403595e-05,0.084032496500987,0.0653095224038788
157,"Q3",0.0223519628011726,0.000120378406721425,0.21068848766668,0.108306326947644
158,"Q3",0.0117254466461532,0.000139416094672063,0.152426390801217,0.0631222769780964
159,"Q3",0.0104300155491597,0.000121507049423956,0.145051837128608,0.536697803550397
160,"Q3",0.0915611565267174,0.000718012254933686,0.38227122715243,0.166484131296227
161,"Q3",0.0122724294315635,4.31105233384585e-05,0.0952515632194847,0.0877624189223394
162,"Q3",0.0590201850492704,0.000409351865411121,0.34536427140398,0.0941508625497651
163,"Q3",0.020456999323379,0.000224494964324157,0.203998297964632,0.0777486762265336
164,"Q3",0.0361273112838596,0.000405232853530153,0.276948413879703,0.0861634650684611
165,"Q3",0.0389284866166832,0.000440891996881882,0.288037803830361,0.0960207563135211
166,"Q3",0.03218555897808,0.000151664698734643,0.231632940660034,0.0688623849044731
167,"Q3",0.114964508457286,0.000926895540827082,0.576150888952987,0.181373096376688
168,"Q3",0.0367182551554972,0.000334141867842665,0.264628671302101,0.104734406381201
169,"Q3",0.0654978863189246,0.000657513398629872,0.57594602677669,0.140640371727106
170,"Q3",0.0207117303880828,0.000226446584189728,0.207397095584584,0.0745372543216955
171,"Q3",0.0425684980833996,0.000616918755616455,0.328324550796399,0.146022237035657
172,"Q3",0.0356882359526942,0.000312048123454978,0.432282162693503,0.116600507965616
173,"Q3",0.0715601496617211,0.000729851612422062,0.382712750379443,0.152016418614853
174,"Q3",0.0379093096359409,0.000237506307519003,0.422168085106618,0.0998059760301352
175,"Q3",0.00853095003555993,3.16651489358592e-05,0.0950622179749088,0.0587167339212411
176,"Q3",0.00641377802129206,7.12311180360422e-05,0.112790754255999,0.0585139356111406
177,"Q3",0.0786145098170987,0.000651457160005448,0.668159221241496,0.137115403293864
178,"Q3",0.12199620379493,0.000980141160817087,0.644465127541689,0.203644060283256
179,"Q3",0.0275803789829308,0.000314235123838661,0.234288490602694,0.0689994863645202
180,"Q3",0.00494133962058108,5.78992697790727e-05,0.101175791350984,0.0422307473213554
181,"Q3",0.0596222844770473,0.000793213981688128,0.307210915526795,0.131652749202416
182,"Q3",0.0063737289344612,6.57113206035312e-05,0.109951797608129,0.0406047406204945
183,"Q3",0.00373037947501764,4.52878793883993e-05,0.090529956500517,0.056494573492342
184,"Q3",0.0397309699409938,0.00027492674707495,0.239891956551068,0.117504295246394
185,"Q3",0.0416259228079987,0.00030550873973304,0.371802403197257,0.0983284359995645
186,"Q3",0.0920189417635964,0.000729122814003376,0.887308411212604,0.215478777931601
187,"Q3",0.015131974076521,0.000187135490620115,0.184092174514222,0.0583151568851459
188,"Q3",0.0941945527761465,0.000701981884645641,0.766051288006788,0.239887262517595
189,"Q3",0.0173469747874524,9.98962042587624e-05,0.169448972558754,0.0812955741650518
190,"Q3",0.00982501134092928,4.184182157719e-05,0.0917875817286975,0.0379065527180782
191,"Q3",0.00492211066106307,5.25078164262571e-05,0.0975659642952447,0.0701239157348125
192,"Q3",0.00994581797684368,0.000175568461902373,0.138079973733292,0.0531291324439663
193,"Q3",0.00547379458969033,0.000138577400350674,0.102564367148099,0.0497981488441253
194,"Q3",0.0310496799177802,0.000142257519569147,0.223653672085122,0.0704914946899871
195,"Q3",0.0146360007304622,0.000173108607115682,0.148936200657714,0.0579398308487728
196,"Q3",0.0148325025472378,0.000206499641257623,0.174614904793137,0.0544116328754579
197,"Q3",0.0151462593381062,0.000172394287221061,0.104805262804176,0.073320671195346
198,"Q3",0.0140433785313352,0.000156248884053945,0.171756154541041,0.079239926364428
199,"Q3",3.76421737566801e-05,9.40699845530732e-05,0.0106026364895398,0.0406557100431682
200,"Q3",0.00995218673374865,0.000116521492183173,0.147985312762194,0.0627988059533387
201,"Q3",0.044561195758785,0.000304276461851351,0.5170565906592,0.130412855685427
202,"Q3",0.00756002939138511,0.00014512499162029,0.0975659348165401,0.0658762215919166
203,"Q3",0.0137371550657051,0.000154782666574516,0.169339783726166,0.053901092860452
204,"Q3",0.0404884237194914,0.000348071219650691,0.273292278096672,0.0993123570450875
205,"Q3",0.0464708628143047,0.000549428980826161,0.261689039606654,0.11416063196576
206,"Q3",0.0145944422033146,4.17697541675033e-05,0.122246823605017,0.0757713401888729
207,"Q3",0.0131141838414592,5.76050703206407e-05,0.155544959138981,0.0567632158297874
208,"Q3",0.0633478582967228,0.000596135311784577,0.340915232010144,0.161928631992165
209,"Q3",0.0277459918521448,0.000187263094255525,0.180025530733594,0.0868430432799809
210,"Q3",0.0748720120507436,0.000453321619107257,0.679026924469589,0.183300210580438
211,"Q3",0.0660136444234158,0.00012918619424949,0.234764690537246,0.117598800155615
212,"Q3",0.04005175866474,0.000370420590308248,0.266625385221667,0.0992316268302677
213,"Q3",0.0237110902286375,0.000263123757926987,0.223231123031668,0.102771133419303
214,"Q3",0.0257384599112402,0.000201858893990532,0.235882097896831,0.069499805949609
215,"Q3",0.105336700879464,0.00102484858987009,0.615095792242886,0.216627849136822
216,"Q3",0.024141106771518,0.000180659267145343,0.191224561083478,0.074724571491194
217,"Q3",0.00338213883875582,3.70923984988218e-05,0.0821056092039709,0.0706268658322601
218,"Q3",0.119164307413376,0.000907518931945564,0.831616291615837,0.203822990943201
219,"Q3",0.0361012495676718,0.000237127745041699,0.327083268419687,0.087901344748482
220,"Q3",0.0581981351372871,0.000363759914913884,0.527273116123015,0.131762828619904
221,"Q3",0.0446069042062724,0.000324177989685464,0.284314407728902,0.120396126158061
222,"Q3",0.000283648954923166,6.21484420826228e-05,0.0182551426685279,0.414212943427813
223,"Q3",0.0439504529736237,0.000341764529714082,0.29496200162566,0.0898092973078827
224,"Q3",0.0499882518644412,0.000424559224239228,0.235331563767798,0.100693037526259
225,"Q3",0.0121272046548082,0.000129894682201334,0.151658731269406,0.0577599783125748
226,"Q3",0.0336016276221152,0.000175740738153622,0.374231306837555,0.0898861609343727
227,"Q3",0.0569041037149294,0.000558795905698636,0.625545303743336,0.174856961058021
228,"Q3",0.0427103564413365,0.000355361912234431,0.331245405971418,0.1146703715142
229,"Q3",0.0369487718045924,0.000462193893155426,0.279604403389825,0.0886836831119208
230,"Q3",0.000614732792959316,5.73183758955989e-06,0.0314988686389798,0.0663467623535901
231,"Q3",0.0153468139059108,9.13192675292276e-05,0.141530476352664,0.085282910244895
232,"Q3",0.0499663779813009,0.000247242616002369,0.499156739046427,0.147304668571581
233,"Q3",0.000351307260697098,0.000325015353450899,0.0277426700331561,0.0767021828566887
234,"Q3",0.116825502054404,0.000966468684390813,0.39133271086384,0.199932117148603
235,"Q3",0.0159261588917783,0.000104689435954302,0.133229426616917,0.0642528673791321
236,"Q3",0.0460765702190393,0.000338524988421741,0.30952691000783,0.136437438788597
237,"Q3",0.0239520252021475,0.000187055442100365,0.19313669047752,0.120689919381919
238,"Q3",0.0613652991608067,0.00056836168608939,0.346028072905176,0.130230682063089
239,"Q3",0.0593407804418185,0.000470173226863796,0.270059452320498,0.130841135040974
240,"Q3",0.0466690902921183,0.000221355920660688,0.308173889614797,0.0980340548880635
241,"Q3",0.0684053000086813,0.000684513547426282,0.325494731395709,0.160436131374634
242,"Q3",0.0102247199490257,0.000115049859508312,0.14459483547385,0.0558942039622319
243,"Q3",0.0221474438949851,0.000232612905893887,0.191730715343881,0.0966442722199073
244,"Q3",0.0180735705252282,0.000104348032858324,0.206664639980135,0.0741987533789589
245,"Q3",0.00843085379435671,9.29748353981327e-05,0.133469133247946,0.0500842301853188
246,"Q3",0.100376012432354,0.0008875154634737,0.467977499532255,0.165876925603443
247,"Q3",0.109817484429115,0.000947395965430395,1.01522073582734,0.269684283162991
248,"Q3",0.000558123108593378,0.000148325832187702,0.0316352848484045,0.0498139476627589
249,"Q3",0.0430282265523498,0.000315274481302038,0.370689702059658,0.114819129244312
250,"Q3",0.00559737231000668,9.50049961422863e-05,0.108800227027273,0.0388206562779806
251,"Q3",0.0745454471936426,0.000820938593421795,0.395132735496577,0.134422561332259
252,"Q3",0.0474105248423573,0.000311460373942355,0.320957079015631,0.165251454058965
253,"Q3",0.00205568991221128,2.42988103319035e-05,0.0664350220200636,0.0279453833887538
254,"Q3",0.0118672638883677,0.000130831120735542,0.156006106885676,0.054100632733155
255,"Q3",0.0133013245281806,7.69832030911838e-05,0.15931937884164,0.0661810758459552
256,"Q3",0.0564041714939663,0.000321223222613524,0.332157037186167,0.123580589634658
257,"Q3",0.0713024114088263,0.000643542303051946,0.391108713985961,0.282281166449328
258,"Q3",0.0370606076209938,0.000401921660534314,0.268151025506589,0.0867266989589135
259,"Q3",0.00202399545415766,2.32388194040769e-05,0.0650676803916897,0.0464078726713722
260,"Q3",0.0106012267219757,0.000118541301706092,0.147914079433775,0.0492948309763894
261,"Q3",0.0289616603304736,0.000328193357545912,0.245409902512912,0.160874312360367
262,"Q3",0.0486576126655898,0.000550156427572879,0.321356999359339,0.117997894942851
263,"Q3",0.0883781237377281,0.000625963979013761,0.778547422674244,0.183593608427878
264,"Q3",0.00253951908279504,3.0637501422571e-05,0.0742615662451412,0.258189384314121
265,"Q3",0.0708857030295889,0.000414313097308999,0.71536767631128,0.164033659018459
266,"Q3",0.168468162330925,0.00134654308218911,0.906724495504489,0.261581570181499
267,"Q3",0.0215333133623368,0.000160285490997003,0.190891972301027,0.112053718862696
268,"Q3",0.01080269050256,5.70051092716274e-06,0.145488813302582,0.0427350559508035
269,"Q3",0.0317271622061668,0.000101329087926001,0.25140522865275,0.0857340325792772
270,"Q3",0.022038543408069,0.000241479602387562,0.206678479036027,0.260456767651418
271,"Q3",0.021132885530184,0.000239407871370542,0.210647408464428,0.0843950606827499
272,"Q3",0.0861426918739685,0.000673834577210275,0.412568238987687,0.167986029162626
273,"Q3",0.0133282510885273,0.000303731297253673,0.159874681588261,0.0701355234179842
274,"Q3",0.00992354338401569,6.44649742843404e-05,0.102645935156331,0.0469448422138129
275,"Q3",0.027868826459164,0.000314372774791341,0.23579375075742,0.0750223177190871
276,"Q3",0.00865342960008775,2.14267771856691e-05,0.130205049641067,0.038320518232702
277,"Q3",0.00771433373209796,8.37678684724983e-05,0.125543577309056,0.0838150790690092
278,"Q3",3.0909361178999e-05,5.80675809088116e-08,0.00337805347546631,0.0286557953064659
279,"Q3",0.0332961199547537,0.00036379142007513,0.260055580827739,0.0974626929796698
280,"Q3",0.0157733378202281,0.000212170422051522,0.177729362113712,0.0590771620063193
281,"Q3",0.0179138518359121,0.000544152087194869,0.189827510080363,0.0893880625801315
282,"Q3",0.0196837440910258,0.000273656374591093,0.201740183750012,0.24787652260648
283,"Q3",0.0673999581756846,0.000610590997610565,0.374086383297001,0.111366978920655
284,"Q3",0.0552268914559306,0.000383408867198125,0.409185563435914,0.165874109662782
285,"Q3",0.0197139951335075,0.000386029839546702,0.168767272624889,0.102373742428074
286,"Q3",0.0697256551467209,0.000396651352585019,0.484245617914034,0.171008396364582
287,"Q3",0.0342136766876582,0.000147046223324387,0.138283281099599,0.0879700495922366
288,"Q3",0.0387738059255405,0.000463186532057436,0.273884411212676,0.0839193872680053
289,"Q3",0.0127626104386227,0.00020739158648356,0.158531998219654,0.0575279971122811
290,"Q3",0.0481088478036202,0.000356751386940874,0.410950042659323,0.103286725906387
291,"Q3",0.0288569641844401,0.000315670412763475,0.245446950128914,0.0813408060748445
292,"Q3",0.0298241868548175,0.000252465327040485,0.230274004423677,0.099410395429246
293,"Q3",0.00667129228954622,7.45977938953902e-05,0.118095074834404,0.0587301833095433
294,"Q3",0.0196274052575518,0.000222555529110933,0.144759590355508,0.0918658270539824
295,"Q3",0.0368303880730672,0.000584410217128182,0.278804251075057,0.0975111709758704
296,"Q3",0.0563053857605169,0.000374293182877752,0.475540135410434,0.147281447323243
297,"Q3",0.0164735538708598,0.00029970870242424,0.120087329420403,0.0573081479445217
298,"Q3",0.00430592248892481,4.99241326444681e-05,0.095802630519299,0.0342594160394042
299,"Q3",0.0081337378164914,2.85310699600685e-05,0.0846691362581646,0.0705715417664959
300,"Q3",0.0249221368248076,0.000363327727224747,0.215488774234868,0.111683808799138
301,"Q3",0.00714182785647566,7.77771802109908e-05,0.11991714803702,0.0763360751016012
302,"Q3",0.0870507315591329,0.000669635607548327,0.443327678789885,0.162119745094953
303,"Q3",0.0535756931708669,0.000488455662529836,0.288963342262244,0.0957504964815998
304,"Q3",0.0418492249336406,0.000538336801928534,0.342838455784104,0.139830197644107
305,"Q3",0.0193545430533426,0.000114908754251993,0.188644010717082,0.0960142492892035
306,"Q3",0.0850866616525625,0.000419321047575886,0.645970936466883,0.161346502329861
307,"Q3",0.0822346016972357,0.000484666821876752,0.841152818721395,0.184282806210564
308,"Q3",0.0504886228518586,0.00038166418324952,0.326610130030798,0.135564082680556
309,"Q3",9.4596036355199e-06,4.27724819946781e-08,0.00271752978394254,0.0401787342828658
310,"Q3",0.103080480253421,0.00066336225230844,1.05726888631219,0.221795040894711
311,"Q3",0.0302752951719452,0.000351336921685331,0.208689575508107,0.0904653403790608
312,"Q3",0.0248282593680091,9.76741326883976e-05,0.205970518520064,0.12008191068066
313,"Q3",0.0209523533235245,7.81121735712486e-05,0.119489965162211,0.0682352065083559
314,"Q3",0.137958830068461,0.00117563140134504,1.18143275299535,0.286593298991331
315,"Q3",0.0256169613734745,0.000295422441101371,0.23166321101991,0.0869275926065411
316,"Q3",0.0224365794859178,0.000183096844002058,0.195075744659652,0.0968717040287902
317,"Q3",0.0349992975961673,0.000189210647098412,0.306310935713685,0.123081813465741
318,"Q3",0.0400030305725494,0.000383590740477613,0.278796529734274,0.100369118160773
319,"Q3",0.125858880069744,0.00105805264655832,0.830133630778137,0.241718695625091
320,"Q3",0.00800613948905493,2.17413796180469e-05,0.0765427590461044,0.0680879432503024
321,"Q3",0.00996767315035108,0.00013848817884015,0.147691981450188,0.0455690609989246
322,"Q3",0.0324746786825933,0.00016574090169409,0.227141561839258,0.145361902008402
323,"Q3",0.107952576489922,0.000817019110819749,0.657280424770612,0.217953200369379
324,"Q3",0.0224899166720753,0.000160766734012891,0.188858346860344,0.0866607610660576
325,"Q3",0.0340483087141408,0.000138533916951615,0.260891048024444,0.080167872372391
326,"Q3",0.0311451292003397,0.000282946079097183,0.325161515684095,0.107326384347912
327,"Q3",0.0576669696795982,0.000430123519952938,0.55961213502951,0.15531470417648
328,"Q3",0.00709069958149833,7.77478227324734e-05,0.119117123756526,0.0621308676105888
329,"Q3",0.0149801787407071,7.8563929349225e-05,0.14610946081374,0.0993554147757772
330,"Q3",0.0245519047103393,0.000265932901163841,0.213142329223267,0.113298027352704
331,"Q3",0.0133186493766697,6.69883801494093e-05,0.097058589097257,0.0516136595480438
332,"Q3",0.0503379274771589,0.000406483558349812,0.305000271573025,0.109480645887976
333,"Q3",0.00458733863209204,5.16095919667836e-05,0.0997191679414976,0.0390165187642086
334,"Q3",0.00611617495652439,2.89143738645412e-05,0.0887307550784944,0.0600389378701291
335,"Q3",0.0227753608280246,0.000246623855267535,0.211856408203132,0.183748732428899
336,"Q3",0.00465738279381611,6.87700408053222e-05,0.0968804899373614,0.128345734465256
337,"Q3",0.00217610902822685,2.63653245700937e-05,0.0694196788125083,0.0368342507737104
338,"Q3",0.0445483408595013,0.000367121727444665,0.377659989093024,0.104068053979214
339,"Q3",0.0275252855848453,0.000323671284154461,0.243273497100953,0.0999478911619668
340,"Q3",0.00788866130105603,0.00010153982044215,0.12462260947119,0.077387432344233
341,"Q3",0.00576999042059079,6.03637194454793e-05,0.106234884875578,0.0440044650620274
342,"Q3",0.0637906336337437,0.00050391825375499,0.303883204171494,0.129885365933912
343,"Q3",0.0333960966965119,0.000523790813364819,0.261743074175633,0.101196261825762
344,"Q3",0.0190041579262878,0.00021267585407988,0.197225728402577,0.0589243351706352
345,"Q3",0.0162065522666381,0.00017399007667754,0.184795485260447,0.0561293075854744
346,"Q3",0.0393883665780006,0.000313899225607425,0.318909094743196,0.113689237358874
347,"Q3",0.0248534907774829,0.000277685294012543,0.229936257385337,0.0691735235940069
348,"Q3",0.0264523211320942,0.000290276974128733,0.228295747972883,0.0827932041698963
349,"Q3",0.0366261018259806,0.000370357071290467,0.293051716529077,0.132910100963288
350,"Q3",0.0159876552553762,4.44841874579563e-05,0.20328144443325,0.091026637045417
351,"Q3",0.0777195776236308,0.000639559929304109,0.547825423418796,0.181644047026292
352,"Q3",0.0286190526838404,0.000318906269788676,0.239635929774482,0.0933519086913273
353,"Q3",0.00168608370276679,3.90435572927543e-06,0.0513395655749716,0.073099313172028
354,"Q3",0.0450094583401075,0.000251974784753195,0.319852328077058,0.126979518160327
355,"Q3",0.111353229983642,0.000842958344241629,0.776364111800569,0.187499756452339
356,"Q3",0.0238899037726608,0.000141207967657585,0.208000589555793,0.0998604105405718
357,"Q3",0.00420459294686282,0.00018956955209346,0.0896220853410952,0.0631402724725213
358,"Q3",0.01722125665958,6.98400831012084e-05,0.221515118219203,0.0755132904123613
359,"Q3",0.0169770780925589,0.00031896225512322,0.188031426749767,0.0756260474429577
360,"Q3",0.0645564214829371,0.000425057698851877,0.403554711129153,0.127678182910092
361,"Q3",0.0211449237933685,0.000160543673178898,0.174552062413329,0.0632804513560936
362,"Q3",0.00650743473372906,6.98703320089538e-05,0.114646216230731,0.057286537374822
363,"Q3",0.00851534108637786,0.00022044182779175,0.105229521589019,0.0781315854853153
364,"Q3",0.098421436409776,0.00072565755180719,0.499677238611306,0.241827862338664
365,"Q3",-1.68785920706682e-06,7.68869963369795e-08,0.00365676136533503,0.00109642279356756
366,"Q3",0.07236925925889,0.000423019133391849,0.827607816082152,0.166746309562815
367,"Q3",0.00874735648609537,0.000180026751359875,0.101583976983975,0.0679743754084985
368,"Q3",0.026742679320602,0.000301518311023371,0.232225888430506,0.095205520625996
369,"Q3",0.0374628941797397,0.000415981848628302,0.277921490326008,0.0879613250554602
370,"Q3",0.0360527647221041,0.000308887805946184,0.278098014369302,0.107688444471265
371,"Q3",0.00513125131334036,7.53813409053504e-05,0.105214209661763,0.133719480969064
372,"Q3",0.0496068620879626,0.00031234077092771,0.477873582086524,0.121982662242357
373,"Q3",0.0598754947446558,0.000509547368331322,0.349413585996152,0.12630562349273
374,"Q3",0.1038924467176,0.000728858860665541,0.918714131716143,0.218268307796445
375,"Q3",0.0937609545539573,0.00106332726633151,0.447794311746426,0.199934115785526
376,"Q3",0.00536116711878343,0.000244987172894781,0.106292551331672,0.0658358650118668
377,"Q3",0.00894867142096167,0.000475891927668494,0.141514976050311,0.0970740551470625
378,"Q3",0.0502841721994045,0.000406438324716984,0.329607040847003,0.11429456386232
379,"Q3",0.0234985377771046,0.000169854239423091,0.175777083258519,0.0524805794042677
380,"Q3",0.0152276105069173,0.000145691571559125,0.139809956204505,0.0736860826154632
381,"Q3",0.04374080643273,0.00047633890805176,0.296917709702763,0.10222434965647
382,"Q3",0.129861381650798,0.00130658381506013,1.34584647011947,0.288013845230187
383,"Q3",0.00970479082823417,5.38892343452813e-05,0.107969039024772,0.0555385761391976
384,"Q3",0.0365743421702547,0.000295571415288225,0.263271223856888,0.18875587895739
385,"Q3",0.0117333124550587,0.000130202194496682,0.15788402455869,0.0634044695081048
386,"Q3",0.00266661952989367,3.0387025231274e-05,0.0744620749127958,0.0264394326004063
387,"Q3",0.037315857462934,0.000549269351445096,0.259485202166601,0.132517654572533
388,"Q3",0.0236028170239209,0.000179365090555695,0.201671250385498,0.0889142308421215
389,"Q3",0.00754809004220824,8.1964152231215e-05,0.120396316283606,0.160764870984612
390,"Q3",0.0249406392029634,0.000507480895585368,0.232821288368137,0.0944148687393165
391,"Q3",0.00184523655752322,2.28050986634435e-05,0.0633792601431542,0.0587733781430015
392,"Q3",0.0396835135851301,0.000287222096120914,0.268559098566614,0.0846856434908567
393,"Q3",0.0514813908165124,0.000444733562424567,0.354819731618703,0.101743554674034
394,"Q3",0.000116434361792983,6.60137658047237e-07,0.0110323498439909,0.0441131344549067
395,"Q3",0.0405959923274022,0.00044959184834729,0.284973829761031,0.101548956184261
396,"Q3",0.0154375745739195,0.000176104475768781,0.177160535108211,0.0906990845933483
397,"Q3",0.0180793120353258,0.00011018353578006,0.179549202403245,0.0565689830598815
398,"Q3",0.0218575277935376,0.000488441513201531,0.211313686343156,0.0939408091115531
399,"Q3",0.0797971537829767,0.000854686177276338,0.56085240986926,0.206550108568387
400,"Q3",0.0593957747911418,0.000377219933496096,0.491723448182185,0.146636432174046
401,"Q3",0.055060484224235,0.000427865834122688,0.522945465118416,0.127801700132024
402,"Q3",0.0768502040300607,0.000520068348091765,0.528304591023784,0.130790689662321
403,"Q3",0.0311921296619264,0.000373876539755031,0.245918743450361,0.0760740672676622
404,"Q3",0.0374638536698804,0.000344399234485243,0.214146522775611,0.0702486856671027
405,"Q3",0.0377284846620149,0.000427279198820852,0.276401508252923,0.101097304820454
406,"Q3",0.0290941188753759,0.000255891342729158,0.229108248983248,0.0805763102518767
407,"Q3",0.00135788354845445,1.59869400242874e-05,0.054408023324208,0.0491192629349774
408,"Q3",0.0218394617775157,0.000251561127249322,0.214035165442357,0.0797871594132351
409,"Q3",0.0457108864282798,0.000366999646581425,0.309914945441242,0.124225579830909
410,"Q3",0.0293371620744551,0.000313373390038956,0.241688049897205,0.306268077327773
411,"Q3",0.0389896319096881,0.000603805077340226,0.277768462399657,0.0994141793122208
412,"Q3",0.0140771596170381,0.000161274378531236,0.171392410549223,0.0788401706458935
413,"Q3",0.00814008128930155,2.15992346025973e-05,0.115087582568877,0.0396898096003452
414,"Q3",0.0783220337862893,0.000466516200771831,0.617285796785066,0.232681218518162
415,"Q3",0.000513845974387195,3.39263072758399e-06,0.0251280565048546,0.0390879240305329
416,"Q3",0.00680517619460019,7.46639402363848e-05,0.119740463868216,0.0571148739454199
417,"Q3",0.0477253245196767,0.000523866901766029,0.313320607350732,0.109430187617706
418,"Q3",0.0714443783547907,0.000533929641105239,0.576329727774021,0.136158282787829
419,"Q3",0.0316999181960913,0.000361739252075805,0.25766197542607,0.0859040499293923
420,"Q3",0.00844523688551035,9.31871425233366e-05,0.132495300200679,0.0584011590310161
421,"Q3",0.00635384416138685,0.000134073902600275,0.114466280334502,0.0469252578972555
422,"Q3",0.113552316197145,0.000896577289607585,0.667875905302617,0.232191340202954
423,"Q3",0.026850533619232,0.000222221564083936,0.238650374129676,0.0808380901240458
424,"Q3",0.0144164792585126,0.000163584596285867,0.169135099431146,0.0692630536925136
425,"Q3",0.0233971991559248,0.000264057186263878,0.217338393434477,0.064790705558278
426,"Q3",0.0134566055747065,4.64838797501715e-05,0.159705971288755,0.102993776739575
427,"Q3",0.0409420069437978,0.000318006216637495,0.274085157125785,0.0916566524552927
428,"Q3",0.0170917197144931,0.000187998341664113,0.186455029930399,0.0738358512472842
429,"Q3",0.020684024161028,0.000227794363500357,0.205744175658625,0.0837538057231881
430,"Q3",0.00560158033705349,5.9090670926209e-05,0.104346727009116,0.0426259637362102
431,"Q3",0.142406835751297,0.0012864037813971,1.05741293943128,0.305311234228346
432,"Q3",0.111196313142438,0.000891028659311684,0.634488646240474,0.143232858137187
433,"Q3",0.0111554049604798,0.000118859435384229,0.147376716238832,0.0658702426276413
434,"Q3",0.0328879775232576,0.000227102368471972,0.241267182372105,0.0881247328858294
435,"Q3",0.0542428726599944,0.000790022209762055,0.329128109262427,0.114336257421684
436,"Q3",0.000759304862796739,7.94317638981277e-06,0.0392530336781305,0.03762389623141
437,"Q3",0.0130427245000213,0.000147446871685182,0.161657188250387,0.0724145940981425
438,"Q3",0.0339918346095445,0.000189340379308037,0.289965990755331,0.123201407271102
439,"Q3",0.0955963105683235,0.000693605881697053,0.984376769041671,0.221255008658411
440,"Q3",0.0456538563740967,0.000509706144233806,0.312478881693215,0.0884712810244978
441,"Q3",0.0178512397651112,0.000177981702534305,0.214665994818255,0.0760078934823801
442,"Q3",0.0737828543015393,0.000384574313946525,0.659949967495206,0.187886344549308
443,"Q3",0.0728843315365424,0.000603554285348198,0.579576418719304,0.257325995715346
444,"Q3",0.0588487561213142,0.00038110877061599,0.414810379682855,0.141095256845827
445,"Q3",0.107761650644909,0.000941578975721739,0.804502506826289,0.224931674424035
446,"Q3",0.0323916351036555,0.000178990473458551,0.15276500160521,0.053158072808382
447,"Q3",0.0290830242032172,0.000284386861509518,0.239410705047908,0.100178766873481
448,"Q3",0.00800056712703778,9.02753965429882e-05,0.129557693436658,0.0816888903416867
449,"Q3",0.111933171717922,0.000874366941463304,0.733363386603931,0.204745683361852
450,"Q3",0.0398242650569873,0.000356519377380571,0.207374837040996,0.091814087118141
451,"Q3",0.00561010840962517,6.17259982788842e-05,0.107836416736642,0.0856386199903847
452,"Q3",0.0341567494889787,0.000377445442590725,0.260057293408009,0.0902392859326922
453,"Q3",0.0533092642858648,0.000606484216506396,0.348052062962162,0.111203862434495
454,"Q3",0.0174878911816094,0.000189623566579463,0.182422109658183,0.0706928167281436
455,"Q3",0.0504408913707692,0.000224559193204373,0.578836857384201,0.238568755633245
456,"Q3",0.0940958051562646,0.000727958275160304,0.642264309081522,0.1826497410033
457,"Q3",0.0343840175762864,0.000328541221934896,0.220935415990394,0.0844034708468319
458,"Q3",0.0192313867941678,0.000209457543115115,0.20082840758535,0.0670915424051765
459,"Q3",0.0245654784548019,8.84550470550072e-05,0.24739693306817,0.115280310910115
460,"Q3",0.00930056616582675,0.000108913560885691,0.141135592986719,0.143723287180498
461,"Q3",0.0357101625058416,0.000503548875534515,0.269256247925648,0.0912671242312157
462,"Q3",0.0372562970153236,0.000419288107762828,0.271928259622397,0.0859549126125792
463,"Q3",0.0946971220854564,0.000731066051250484,0.642140890991828,0.241614039278357
464,"Q3",0.0705844966683777,0.000735335799470188,0.406763900593515,0.124982652909754
465,"Q3",0.0310789194685555,0.000358739350902737,0.251478021867363,0.0774955304095831
466,"Q3",0.00202342894237262,1.728438634352e-05,0.0375442769315723,0.0139497517521157
467,"Q3",0.028377336203766,0.000194687011687895,0.199632322691288,0.0873722260418063
468,"Q3",0.00356611971732335,4.32707159591757e-05,0.0883321697078875,0.0721905841613526
469,"Q3",0.024299017249918,0.000267095466899299,0.2254711797719,0.075126815095546
470,"Q3",0.0373692722387666,0.00027922650147648,0.319678721324749,0.108340777695983
471,"Q3",0.0255099450797829,0.000186022108532788,0.210135825579699,0.0640805956984246
472,"Q3",0.0231736117436103,0.000370654610859827,0.220386100443777,0.0784189724532977
473,"Q3",0.0127840266558685,0.000145681687225784,0.163932374608675,0.0483749769778819
474,"Q3",0.00273187263094066,2.90101007765708e-05,0.0726334775029786,0.0592191692479779
475,"Q3",0.0286581128788832,0.000323825628506854,0.243636730900812,0.078764195628632
476,"Q3",0.00287628535946816,3.18898462805977e-05,0.0781213366320615,0.0426249985493383
477,"Q3",0.0396848182368927,0.000276725896158385,0.350116368359869,0.13239667001743
478,"Q3",0.0702663968900712,0.000659771369432079,0.400802856597965,0.142161471468837
479,"Q3",0.00806890848819819,9.02446004660224e-05,0.128982150113432,0.0433121027982828
480,"Q3",0.00361078009424354,3.70095391574951e-05,0.0551958202589241,0.0252405203449622
481,"Q3",0.0702904947298926,0.000515620475795442,0.507722022750788,0.149311455409379
482,"Q3",0.00541232027505778,0.000122474710353789,0.10636650552406,0.0420422919434442
483,"Q3",0.087475782826159,0.000610574218854783,0.552748364255759,0.286854142989391
484,"Q3",0.0323775112675229,0.000200582648056106,0.261382781673023,0.0766399446380022
485,"Q3",0.00180622788235318,1.96593677072177e-05,0.061035071316269,0.0338623292412441
486,"Q3",0.0206342890362592,0.000146159278125456,0.220191194806396,0.0681207392687809
487,"Q3",0.0341122324061818,0.000320786700271052,0.332068822358146,0.0965315736441849
488,"Q3",0.0212589510903918,0.000146383323648883,0.198359522969357,0.131278282617689
489,"Q3",0.024367138283873,0.000361352932059069,0.230618089119911,0.0737954395111832
490,"Q3",0.06340623473851,0.000451735974313933,0.487421574488187,0.181174719707682
491,"Q3",0.0508752663493972,0.00041380812323524,0.276191471731859,0.129344244350056
492,"Q3",0.0202305870831339,0.000269785814566874,0.200350216081417,0.0641667842309264
493,"Q3",0.0261192043975225,0.000286049955048528,0.225437104677266,0.0703794616615943
494,"Q3",0.00221193170568057,2.52784020279905e-05,0.0693780719697382,0.281370197682958
495,"Q3",0.0146129416932865,0.00016117502117547,0.168847208816619,0.0618955648704806
496,"Q3",0.0642008639583693,0.000409482791456946,0.357006208315001,0.112476296037033
497,"Q3",0.0275684119783133,0.00039420595004291,0.255024629661632,0.10658259809099
498,"Q3",0.00770593198459046,8.71516124949231e-05,0.127160350115201,0.0664773129575376
499,"Q3",0.0405598082859946,0.000252078679598741,0.263278194349487,0.080765386887507
500,"Q3",0.0485010624269862,0.000272229155822102,0.436054861914586,0.169671447574996
501,"Q3",0.0292433724879757,0.000251093741200718,0.23326884425088,0.33863594472554
502,"Q3",0.0594357920495678,0.000407434732382186,0.607563936828691,0.169044918974394
503,"Q3",0.00979482841793455,0.000122217998977293,0.14982324331266,0.142595501130698
504,"Q3",0.00788606531789426,2.76230517390018e-05,0.0839913498633724,0.0406032892171857
505,"Q3",0.000264658258910089,1.93209258639642e-06,0.0195103669333706,0.0760714676491118
506,"Q3",0.0661966011220105,0.000582596108512924,0.615032581453843,0.166152199503915
507,"Q3",0.0211340335963275,0.000240904886112297,0.260025081857752,0.0948283939827177
508,"Q3",0.00616752107007379,1.51335833984394e-05,0.0541321505094863,0.0350669781137082
509,"Q3",0.0139380055803429,0.000160207968615853,0.169130213375996,0.0698881263440294
510,"Q3",0.0118868802432335,0.000323380562937891,0.156004399550604,0.0711093498143778
511,"Q3",0.0157220573078849,0.000171585875269737,0.178946581754205,0.43660797474196
512,"Q3",0.0040096939275589,4.23685470040263e-05,0.0900946126885585,0.0491120582132396
513,"Q3",0.0495501175133644,0.000463783852737731,0.310098665957709,0.10902707887137
514,"Q3",0.00223863347475373,6.3225231390445e-05,0.0658185907480696,0.0292514078913504
515,"Q3",0.0121357805342406,0.000415345754929173,0.159448334316031,0.0824556319747736
516,"Q3",0.0141148403643143,0.000161840560888906,0.170027247939832,0.0612349259429771
517,"Q3",0.00503194686483432,7.89679648963251e-06,0.0462257612999988,0.0222569077949309
518,"Q3",0.0199048685222998,0.000219847682599102,0.204063067945331,0.0666806531272836
519,"Q3",0.0109949285351867,0.000126348297042849,0.152300179200766,0.0566523273839113
520,"Q3",0.0394527566920324,0.000336429578732155,0.288311781570905,0.105737747412078
521,"Q3",0.0205223515550195,0.000227755753832581,0.206536258632886,0.0705359615016865
522,"Q3",0.00658370645160034,8.94514854068439e-06,0.105002781502186,0.048897569534251
523,"Q3",0.0181401885992951,0.000204057385895226,0.196708377686852,0.090547840167549
524,"Q3",0.0330982460722353,0.000397115158403221,0.274916540432559,0.0947491812100346
525,"Q3",0.000315395552430431,1.09317717845083e-05,0.0339647094925191,0.0756921813176312
526,"Q3",0.00381023285916804,4.09330728353608e-05,0.0866046933064507,0.0609117309265443
527,"Q3",0.0386877844361031,0.0005332067719121,0.285598516052569,0.0954000744097949
528,"Q3",0.00584272514395323,6.36686137421397e-05,0.109120642320689,0.176856391693512
529,"Q3",0.0337331230550255,0.000376486721607265,0.262317874161235,0.0780179847403029
530,"Q3",0.00897485221950056,9.87153028688274e-05,0.134817779432251,0.0718559334765104
531,"Q3",0.00668969254588347,7.07788115672151e-05,0.117628624980529,0.0906468609469573
532,"Q3",0.098554649232403,0.000834839169351433,0.522697269013496,0.158007028633406
533,"Q3",0.00155349593393872,1.74185989577567e-05,0.0325694337444151,0.0209321323659904
534,"Q3",0.0531874322968484,0.000326033783956464,0.421060185893716,0.118811501069256
535,"Q3",0.0785653769327563,0.000728263765764986,0.413655320947463,0.141270163697753
536,"Q3",0.0112545677594387,5.40708519758979e-05,0.136415440303928,0.0571284453111899
537,"Q3",0.0273088550249359,0.000304562128488008,0.234486602971286,0.0836620697468754
538,"Q3",0.00996380638964567,2.78788968359216e-05,0.132163577211104,0.06156049590835
539,"Q3",0.0641823873595104,0.000715710038605914,0.3608975316807,0.12253596388163
540,"Q3",0.0210794198516417,0.000266801375470951,0.210100444260381,0.0650276255574414
541,"Q3",0.0294606446926569,0.000328642686079967,0.246519788972315,0.0789426257842296
542,"Q3",0.0328787317639829,0.000376694919662545,0.260853948871041,0.101798740884783
543,"Q3",0.0272259683363405,0.000381651793811378,0.229631973264635,0.0748954413704075
544,"Q3",0.0118849062447755,0.000114313047047412,0.10837472064799,0.187005623961077
545,"Q3",0.00996251837056938,0.000305853471403202,0.0938897204207018,0.0848169193440631
546,"Q3",0.0323864051883795,0.000415211188015926,0.259049051837145,0.130727034107227
547,"Q3",0.00731449246199922,2.13257100461751e-05,0.087310936893514,0.0476734720326215
548,"Q3",0.09126651829766,0.000812833710944012,0.961063595830418,0.194667706838462
549,"Q3",0.036517046097595,5.26790834604311e-05,0.267348723314312,0.08061486561095
550,"Q3",0.0331391375284564,0.00037518018698791,0.246055634445993,0.1039854483963
551,"Q3",0.0326168063757599,0.000713514407754765,0.260738187734295,0.114677938947942
552,"Q3",0.00247902267348721,2.71992135092434e-05,0.0707618661991644,0.0613011545507938
553,"Q3",0.0149675846018589,4.62642998977479e-05,0.160136386137771,0.098487611258778
554,"Q3",0.0186125592481794,0.000382365013352101,0.198314419878229,0.0777763927299294
555,"Q3",0.0356215538257807,0.000187512380987207,0.424815538284584,0.111727468204772
556,"Q3",0.055515330905294,0.000532034412529078,0.37236959459285,0.145474808044672
557,"Q3",0.0106438921786953,0.000186790922113043,0.143337594905923,0.0543038184455884
558,"Q3",0.000845611491884668,1.46723016595461e-05,0.0408148554483849,0.0654495800460067
559,"Q3",0.0228277257459784,0.000105043587713735,0.21224008592039,0.0890586183505913
560,"Q3",0.0982888033573186,0.000755286154045212,0.256294214407021,0.0748008264608328
561,"Q3",0.028757075538838,0.000186375104061446,0.214236327673161,0.0974169138149419
562,"Q3",0.059576902409729,0.000454745806906906,0.35899484619144,0.12795786410309
563,"Q3",0.0197095870415502,0.000230433657498976,0.205483517126184,0.0922844719564292
564,"Q3",0.0102288712817238,0.000110910987522783,0.145766104821944,0.0593464935532257
565,"Q3",0.0172830951277003,0.000187213351265124,0.186911714374699,0.0551142644387628
566,"Q3",0.0213524245212948,0.000229600388333305,0.210247622019607,0.0706333120040854
567,"Q3",0.0297183609860596,0.000470982715043657,0.242602041664729,0.0858908905625608
568,"Q3",0.0391729347663432,0.000191602973073598,0.338652623633472,0.163372254114825
569,"Q3",0.0480897545050158,0.000272637214532804,0.649307959665952,0.14758803434981
570,"Q3",0.0250939332424664,0.000302766223402552,0.223759752171999,0.0695062784741741
571,"Q3",0.0439398409930032,0.000842296608003265,0.300245393215909,0.114324700390901
572,"Q3",0.0334532753265737,0.000170686548714991,0.269303051973502,0.106462973046786
573,"Q3",0.0022771070262273,0.000247364209439803,0.0255704986036517,0.0741486553628548
574,"Q3",0.03994953984534,0.000255353754822076,0.296160761823974,0.123755496067453
575,"Q3",0.0126859433013387,0.000143664262425275,0.161550307090088,0.0632092531624821
576,"Q3",0.012335336136136,0.000483030493891249,0.157040827570773,0.0795945678709531
577,"Q3",0.0645977671657949,0.000466523482023208,0.631106830594472,0.152446100600502
578,"Q3",0.00501441690562032,5.70296896887293e-05,0.102319780147664,0.162475973083038
579,"Q3",0.095618758847495,0.00062584713849244,0.966116080906655,0.232201387753285
580,"Q3",0.0436640256385541,0.000417733034506056,0.275585399747779,0.0901407558131655
581,"Q3",0.0346261083067141,0.000386477740723484,0.264415809414514,0.0870636577271925
582,"Q3",0.0542499503336096,0.000539122731315454,0.360585001664684,0.12230566617134
583,"Q3",0.0112179930000575,0.000122921725095811,0.152259445902013,0.0681838702679614
584,"Q3",0.0611049663637449,0.000611196242534159,0.339532257335413,0.124400275962576
585,"Q3",0.00854892338741919,0.000165216103440618,0.133925020364119,0.0494026684332646
586,"Q3",0.00301341103851449,3.19602208365902e-05,0.0768845261867081,0.0422979101929866
587,"Q3",0.0133083203831674,0.0001454923117584,0.161552558307191,0.04816069788191
588,"Q3",0.0447637972049915,0.000499733118720991,0.305460628025557,0.0899772230052242
589,"Q3",0.00722536104573379,0.000154346424816507,0.119824906920947,0.0518473020445594
590,"Q3",0.0210594770159567,0.000242004705703959,0.208115543921437,0.0886887000459386
591,"Q3",0.0161916974900418,0.000264689516291832,0.133077628842609,0.0870717177255071
592,"Q3",0.0200103752691625,0.000249732952946263,0.195912540706496,0.0617673641320306
593,"Q3",0.000491301343355843,5.96947396227415e-06,0.032383455854149,0.00973259488903357
594,"Q3",0.0174742632291931,0.000391509875484143,0.186033661315737,0.0815481921005233
595,"Q3",0.0520855869904153,0.000376039369479811,0.498041903298671,0.203541806193411
596,"Q3",0.00113645970886722,3.50866722627281e-07,0.0126081558818422,0.0489544425829252
597,"Q3",0.0348328072220987,0.000432322040911616,0.283112738244828,0.122711543932286
598,"Q3",0.0110231242911674,0.000128063962181623,0.151644484943939,0.0803282367986013
599,"Q3",0.0591081373813278,0.00040190561367816,0.589259475784304,0.130396625052917
600,"Q3",0.0096418592190517,0.000105852116802251,0.13970594385931,0.0906960494691288
601,"Q3",0.0137375244435098,8.58959717793109e-05,0.145935251063032,0.0617189934908205
602,"Q3",0.0609875508833291,0.000532199296735787,0.597981850227055,0.182173685118861
603,"Q3",0.0422523259020942,0.000296786980920458,0.401581568437289,0.140576135356657
604,"Q3",0.031673862727768,0.000282190398448893,0.21025568954427,0.0999123281192964
605,"Q3",0.0739675257933943,0.000415980653058379,0.648690535495203,0.383073381101359
606,"Q3",0.0153926691773982,0.000166003071583461,0.173410151420007,0.0741825430161823
607,"Q3",0.041636677436971,0.000301130397102269,0.338447429134829,0.111764259415373
608,"Q3",0.00223752439701741,2.08371866487579e-06,0.0307906926453961,0.0509579701240695
609,"Q3",0.00772501348618349,0.000129350551600877,0.122310989986162,0.0470804980444975
610,"Q3",0.0391575026854483,0.000382430107471036,0.238297335375057,0.142846419696541
611,"Q3",0.0219866782037794,0.000252141308382726,0.217234674521303,0.0768713361176335
612,"Q3",0.00578952065558447,0.000216972917588931,0.110320745085158,0.0592084496728657
613,"Q3",0.013897397471732,0.000158645725819974,0.171916711800694,0.0830424272144127
614,"Q3",0.0745625913361661,0.000826059121235004,0.391390034588242,0.130636811604817
615,"Q3",0.016628542477898,2.78627755197405e-05,0.243029165527503,0.0857161681110669
616,"Q3",0.0793814521066576,0.000765520186137145,0.777316498726573,0.213551238544073
617,"Q3",0.0424616948696404,0.000304533415871066,0.268850021407264,0.125027838995629
618,"Q3",0.0590636720623028,0.000476085932237919,0.296938099502044,0.112187835551001
619,"Q3",0.0535015135485395,0.000631766774650189,0.323409077228174,0.105702086867161
620,"Q3",0.00166999989256489,1.92422611281266e-05,0.0606166924782459,0.0359827670232205
621,"Q3",0.00490611321259316,5.46367477508316e-05,0.0989926110864642,0.0364581230230301
622,"Q3",0.0415636619324538,0.000262471954323318,0.490116383842836,0.154729880937302
623,"Q3",0.0125388437362783,0.000185707636860807,0.158002589922589,0.0530653936305841
624,"Q3",0.0468844750812529,0.000450473251434217,0.276174614144458,0.104390934789123
625,"Q3",0.0455631835717139,0.000284285637049164,0.351771951247874,0.162732592345832
626,"Q3",0.0393751984274715,0.000246307738631944,0.108123839246375,0.0363519598846514
627,"Q3",0.0214267231217686,3.04405778084757e-05,0.210323877742463,0.0853097369405378
628,"Q3",0.0562084039977382,0.000618976548546214,0.33340178445411,0.115402809914905
629,"Q3",0.0212524111469072,0.000531699035084021,0.198703450780253,0.0917704694197825
630,"Q3",0.0292388332754534,0.000141568261602654,0.241119922204285,0.103465289220326
631,"Q3",0.0281346037213144,0.000570338856427676,0.246551024711341,0.100058836341584
632,"Q3",0.0112015878583183,0.00012291241492191,0.151815820839915,0.0506467992456773
633,"Q3",0.012632725043888,2.90247570251888e-05,0.0967526597566921,0.0697596680297075
634,"Q3",0.00423293509314249,0.000294014569819427,0.0945260889236085,0.0652928864576171
635,"Q3",0.0451307622443817,0.000333113838003926,0.314589324369753,0.0960956644305409
636,"Q3",0.0096697500969789,0.00018380125863153,0.0780706938385806,0.0745479320057887
637,"Q3",0.100723871702669,0.000761864047788141,0.831854423304579,0.23871563344686
638,"Q3",0.0474743589694846,0.000536040652257435,0.314449067528429,0.394991132871476
639,"Q3",0.000780123103918839,8.39550107989458e-06,0.0392997270233895,0.0564367812925734
640,"Q3",0.0335334227703807,0.000241596033756772,0.3015655318433,0.100332682562537
641,"Q3",0.0731526191640697,0.000502548062600538,0.655197809902443,0.186969979791605
642,"Q3",0.0143997262014324,3.39518415214076e-05,0.136662676933933,0.0795917396315187
643,"Q3",0.00947931119091372,0.000188597920592322,0.142329814220928,0.0546349562274568
644,"Q3",0.0134159602615611,0.000142387347038572,0.165123042322271,0.0760915314709431
645,"Q3",0.0348818229518315,0.000229522409901711,0.262577882433389,0.129500990599103
646,"Q3",0.0244057010947838,0.000473977678167052,0.21899305190014,0.0857943457326913
647,"Q3",0.0553957009614336,0.000275823458567948,0.624012339458205,0.166206591372261
648,"Q3",0.0733917128193529,0.000445683867458829,0.814983250046227,0.170164803089167
649,"Q3",0.0386337645922801,7.13201315162586e-05,0.27827721578023,0.0857326385141271
650,"Q3",0.018548630325224,0.000128015398368366,0.151202579453488,0.129646230375896
651,"Q3",0.0175777981700698,0.000106250337314323,0.155429614246744,0.0787735474803773
652,"Q3",0.014207716355978,5.99998779474673e-05,0.161962353447597,0.0518959458000356
653,"Q3",5.14932423190118e-05,4.54594609465691e-07,0.00907126469644252,0.0440861583842945
654,"Q3",0.0477800669679311,0.000519282375891362,0.314023084858278,0.0995784113279497
655,"Q3",0.116624598997575,0.00107288152650175,0.575163337759581,0.142232318235884
656,"Q3",0.00316508022504358,5.24481719213153e-05,0.0830754640109587,0.0288993387153651
657,"Q3",0.0686548267041118,0.000446820360424492,0.665720692064594,0.171506712461984
658,"Q3",0.030525473010572,0.000467826070190105,0.248594546480823,0.0861502721431917
659,"Q3",0.0197174873562105,0.000157410875708163,0.197899431781884,0.118884253838176
660,"Q3",0.0332794735387196,0.000378616401018989,0.265816253833519,0.0789688502773255
661,"Q3",0.02831692997073,0.000503983201042146,0.219792048809244,0.123965152230454
662,"Q3",0.0319354432533192,0.000358578386650178,0.253589851129314,0.0835815473832586
663,"Q3",0.0941042423789877,0.00056303903701166,1.00406533860807,0.253628370122189
664,"Q3",0.0162596025778434,0.000182578455158154,0.186149074498799,0.1010598929929
665,"Q3",0.0202927901068115,0.000433599866689428,0.205218309598251,0.0818081370295396
666,"Q3",0.000444389483494234,0.00012492726523975,0.0327448380475803,0.0455335910031967
667,"Q3",0.0448726375569635,0.000339991262069158,0.328414621073892,0.12915019027988
668,"Q3",0.0465420765362659,0.000250474780050778,0.340375855839056,0.0774587670933605
669,"Q3",0.0140167986535236,4.13793930974841e-05,0.14718703738167,0.107235672894219
670,"Q3",0.0174853212853421,0.000188093174294079,0.188227471428164,0.062042818512499
671,"Q3",0.0113825217377741,0.000208248555917849,0.129785432705969,0.0632536044330487
672,"Q3",0.0371089955885076,0.000666810555498488,0.274090370461129,0.107056268443622
673,"Q3",0.0172570116553654,0.000113521198483773,0.173659146779017,0.10194004907189
674,"Q3",0.0485532603046437,0.000595117626604067,0.318811096708134,0.145745348549795
675,"Q3",0.0579702133717923,0.000679112027330457,0.346823006196755,0.114085610126414
676,"Q3",0.0381485768423921,0.000408673488466487,0.333215107513292,0.131352217474174
677,"Q3",0.0223093488516124,0.000141790821005039,0.159849188106842,0.0834621098182666
678,"Q3",0.0779309002304309,0.000696119522299119,0.406427352457509,0.125059071484693
679,"Q3",0.00595425008581074,6.91809144077211e-05,0.11200933861952,0.0511316565765519
680,"Q3",0.042950136027466,0.000221834774718656,0.298904660760402,0.493447153071808
681,"Q3",0.0569305801369726,0.000451353656791875,0.438005650313557,0.172331544642439
682,"Q3",0.0274624536725856,0.000202424483735551,0.234666929367563,0.113972526358215
683,"Q3",0.0469628837452767,0.000735198279506732,0.303764508192753,0.107984595166254
684,"Q3",0.0296675796549142,0.000126797996392062,0.257319991690181,0.124045849235573
685,"Q3",0.0027366169241283,3.03002993822621e-05,0.0743360731274779,0.0351964187194208
686,"Q3",0.0532686931608986,0.000323089443199195,0.398601900371406,0.151393347187433
687,"Q3",0.065016519295451,0.000435539566232434,0.390020182123432,0.142507232392251
688,"Q3",0.0038263999201007,4.33308380292431e-05,0.0886928818071835,0.0514066762102118
689,"Q3",0.0416561730448848,0.000240954953588572,0.444248946361871,0.152358183014241
690,"Q3",0.0657893805848264,0.000493243186958363,0.449579233610691,0.177345797937505
691,"Q3",0.00242633025402128,3.01229573252634e-05,0.0732607767820103,0.0634619749579391
692,"Q3",0.0177304451195273,0.00020153499926496,0.190009972302974,0.0617843259205309
693,"Q3",0.0133001748314445,7.58237401063126e-05,0.156004037544697,0.073256560653779
694,"Q3",0.00419086734557617,0.000289880411178704,0.092145756429806,0.0643139402821059
695,"Q3",0.0145713766445361,0.000165763734215099,0.172844868796658,0.111379897968102
696,"Q3",0.000195695584411126,9.76963392890457e-06,0.0157904277862393,0.0955636807675819
697,"Q3",0.0205064886110087,0.000623041649008077,0.201979741145772,0.0799300716019295
698,"Q3",0.00524195579964015,5.65720740366991e-05,0.100893443919798,0.115497483610123
699,"Q3",0.00618454825528758,6.77287291563119e-05,0.112884569783032,0.049753230041209
700,"Q3",0.0144126905437076,0.000157998352453518,0.174298484024022,0.0684604742739796
701,"Q3",0.0320411998555397,0.000179521220416113,0.233666806996674,0.0842974013320404
702,"Q3",0.0199323721904161,7.60329875382887e-05,0.196434724967481,0.096952478961797
703,"Q3",0.0157625810095823,6.41414712264801e-05,0.15195945644373,0.0853963643315543
704,"Q3",-1.09480900167824e-05,6.48331956840208e-08,0.00342421425420616,0.0333551574067571
705,"Q3",0.0345958972799778,0.000381240185047628,0.228103499797228,0.0981729874786232
706,"Q3",0.0313518640851385,0.00022550722142935,0.343924554102631,0.118882107335889
707,"Q3",0.0918418754106671,0.000640968388459549,0.792018814779937,0.286196654863741
708,"Q3",0.0453714555294571,0.000247748878202841,0.529372116108424,0.149998339676655
709,"Q3",0.054002500083417,0.000605682938003696,0.332542994036688,0.103315852252464
710,"Q3",0.0547763584732568,0.000263506634620671,0.65704751042712,0.419442977656654
711,"Q3",0.00227463610076484,2.22141147282862e-05,0.0638275861251066,0.0624556083822047
712,"Q3",0.0417897258856126,0.000194203338741806,0.287730313451589,0.0971121082749654
713,"Q3",0.0210602580902304,0.000130945065685286,0.202925522654923,0.0634501421260743
714,"Q3",0.036782765635234,0.000408509449730243,0.268796248903681,0.102061174301972
715,"Q3",0.0242887336205868,0.000180021261655833,0.152785866182745,0.123497352783561
716,"Q3",0.0890612608478794,0.00102079938027961,0.782102185797475,0.266175588116475
717,"Q3",0.0430586001286315,0.00046288346229575,0.325362253936621,0.128924154789436
718,"Q3",0.0275802861246675,0.00029833478847291,0.233076768779726,0.174074877579871
719,"Q3",0.00207198221525751,7.06145481608667e-05,0.065429994251853,0.0340858915439311
720,"Q3",0.0106946234271454,0.000289878924032164,0.153545504652485,0.0719742341248498
721,"Q3",0.0569911524482265,0.000299904035928131,0.688648699592002,0.143950890011395
722,"Q3",0.133839350905538,0.00103849390827112,0.694087607969138,0.299709653367082
723,"Q3",0.0104527298810204,0.000478930077991559,0.114420653225502,0.0962205423566199
724,"Q3",0.0101597257002339,3.8450437592652e-05,0.107613071536864,0.0380381688618879
725,"Q3",0.063944839180369,0.000731628961129914,0.380195425606271,0.135249387558935
726,"Q3",0.0453661647568318,0.000344816583708109,0.300474477120195,0.0844773419965455
727,"Q3",0.0774505536955914,0.000638957672178155,0.642634112233253,0.182967267125887
728,"Q3",0.0556302773617183,0.000425345971576953,0.414262214229332,0.0935963702660412
729,"Q3",0.0958177548863564,0.000906868195005161,1.18517580783871,0.228921656368687
730,"Q3",0.0425126728933236,0.000367276697243327,0.269169048858773,0.0821940420937968
731,"Q3",0.0202082793630893,0.000231167115374495,0.21097671677205,0.0777350845919479
732,"Q3",0.0105240828726973,0.000113661704272602,0.145436451963888,0.086219917202743
733,"Q3",0.0108990291445714,0.000123423769665231,0.146925316724671,0.135778227106119
734,"Q3",0.0455911544906424,0.000332928813357018,0.32657318708938,0.106180131341259
735,"Q3",0.0177382999713434,0.000199006507380788,0.188645629122208,0.0689925137257283
736,"Q3",0.0725514850263025,0.000621282734101381,0.557756184204936,0.149089710087201
737,"Q3",0.0292002321461933,0.000250111313154976,0.230805148006549,0.110947472431486
738,"Q3",0.10477314632568,0.000806608449492212,0.716523817544726,0.247243572649486
739,"Q3",0.0589859773157286,0.00034720051111213,0.684197006384258,0.156681829206261
740,"Q3",0.0566033225783293,0.00034514635342769,0.678415407373352,0.147268907112436
741,"Q3",0.00969664842390117,0.000106114088914013,0.142538506131741,0.0461262766965036
742,"Q3",0.115757000493602,0.000906957937901056,1.18197180644102,0.251987845958348
743,"Q3",0.00937772879018972,0.000105389149315399,0.136852096505863,0.0581601268964351
744,"Q3",0.0199313568357216,0.00021535208820595,0.199799163146526,0.115090010300838
745,"Q3",0.0336507614290333,0.000112771678595496,0.265218138480071,0.210774826735062
746,"Q3",0.0327887372702023,0.000283178372932527,0.250358718237284,0.132703339264451
747,"Q3",0.00248791779751123,2.72148774945812e-05,0.0695127141802268,0.0316404148789395
748,"Q3",0.0644668577790739,0.000637178562469114,0.588933004674493,0.156828807889152
749,"Q3",0.0264568433996644,0.000116814079720088,0.264784165129769,0.106341842842561
750,"Q3",0.00623632301625854,6.74958490931777e-05,0.112789202523697,0.0338728439825388
751,"Q3",9.10631522366145e-06,1.4847090705817e-06,0.0060421556388415,0.017130819291842
752,"Q3",0.00234987549235832,4.41555296276796e-05,0.0555184820374026,0.167327882604279
753,"Q3",0.00432387048901894,2.84836940484992e-05,0.040534534969628,0.0256052633337491
754,"Q3",0.0137498373524156,7.84029057233815e-05,0.167034151147311,0.0711775806417518
755,"Q3",0.0449791914509188,0.000268779794316659,0.363617120567834,0.166561640223375
756,"Q3",0.0111884748942241,0.000296407173389606,0.151681565710034,0.0815832039190003
757,"Q3",0.0314670130837822,0.000414347920869337,0.23494193719083,0.115075084679257
758,"Q3",0.0636964087005634,0.000442201060332954,0.416519791911027,0.170040350071052
759,"Q3",0.034633961979889,0.000632534866210309,0.258556931083679,0.102899358924483
760,"Q3",0.0963982090813946,0.000764411137308507,0.861481669435618,0.182676743816195
761,"Q3",0.0544984049857558,0.000414051506169699,0.38747428270409,0.13268272493368
762,"Q3",0.0360523428393744,0.000310401531813879,0.261705580169179,0.115561429777855
763,"Q3",0.036381551667624,0.000402769872890196,0.267409692977223,0.0814772722104501
764,"Q3",0.00506351151057594,7.0148561448499e-05,0.105266830499352,0.0734854874869596
765,"Q3",0.0112390894804495,0.000129471380758434,0.153456966593314,0.0941056485048611
766,"Q3",0.0162660725250046,0.000174404359605796,0.182815699547991,0.0697347906210839
767,"Q3",0.0694027735387159,0.000491722506709955,0.412124421409506,0.264150823324188
768,"Q3",0.0410332321770159,0.00022497203429132,0.322764376249388,0.122743541962078
769,"Q3",0.0786272485112143,0.000558940555686804,0.424670536162839,0.175824360485062
770,"Q3",0.00415930301388201,4.54569763545056e-05,0.0922937787928573,0.135832182048044
771,"Q3",0.0617378373370521,0.000638510850749975,0.497532706569508,0.140882155170778
772,"Q3",0.0146068520488907,0.000163618982328157,0.175121156928436,0.0777570224210901
773,"Q3",0.0624330344342212,0.00054292521460699,0.49654856436693,0.169887812572109
774,"Q3",0.0694366567042284,0.000551208146204366,0.551339723529862,0.159968408435771
775,"Q3",0.0710829540648259,0.000506736422875569,0.456104830749981,0.162235081459272
776,"Q3",0.0325712586858984,0.000173434974159566,0.163420847596127,0.0716102046944903
777,"Q3",0.0461801074090928,0.000353547147989874,0.356862185577067,0.142577840595397
778,"Q3",0.012480469248592,0.000163854787514058,0.158381833534621,0.208337292686859
779,"Q3",0.0012862568098182,3.37628643309273e-06,0.0329386932787687,0.0512091429233936
780,"Q3",0.00803726999016874,8.51241328545313e-05,0.127156217453266,0.0569021751919286
781,"Q3",0.0745358071885747,0.000711565132523356,0.611362566986636,0.171993966629352
782,"Q3",0.017616764895596,0.000350563487424421,0.195096955734959,0.109864304526149
783,"Q3",0.00851383604215528,9.20593953246336e-05,0.128631062663814,0.038463005112923
784,"Q3",0.0486701667681846,0.000393774040725426,0.388466147531228,0.146584083957404
785,"Q3",0.05470211600894,0.000352771062671275,0.398153454513551,0.147686440516894
786,"Q3",0.00551626278119066,0.000337690238496778,0.107442944167016,0.0802636340472466
787,"Q3",0.0116026973942951,0.000104978563609243,0.121436920841704,0.0408498396429926
788,"Q3",0.0155956204459269,0.000323366200395798,0.176488833024055,0.0723379069391537
789,"Q3",0.00597306670615083,6.45864044832029e-05,0.109511160275978,0.065929057198177
790,"Q3",0.0329673615734265,0.000426577412487009,0.264496119023155,0.108557006305941
791,"Q3",0.130916674070043,0.000994227697008893,0.819069644531995,0.275171101252604
792,"Q3",0.0218734583112408,0.000238447742994584,0.211773444916531,0.0794189690942437
793,"Q3",0.0436789430216109,0.000369399087926612,0.342879100730913,0.0915023744276097
794,"Q3",0.0523424052286572,0.000180334495989669,0.326754036130536,0.109778597254269
795,"Q3",0.028686461687256,0.000225445014492172,0.182830838843508,0.112397312440618
796,"Q3",0.0788926111410984,0.00087287194508361,0.393086121675061,0.115777754068478
797,"Q3",0.014295562355775,9.16357136481976e-05,0.141737872888624,0.0754201206095799
798,"Q3",0.0249850195897245,0.00028721577892548,0.222605271597696,0.0926914218194613
799,"Q3",0.0574353127112683,0.000360450037636028,0.34361253952973,0.126803920722184
800,"Q3",0.0380375196318319,0.000238905663473608,0.297553090142716,0.124909728917665
801,"Q3",0.0630786554910863,0.000519729371347924,0.646882428424267,0.168202456246438
802,"Q3",0.0839355523583851,0.000673057967133622,0.813772702448347,0.24844563610365
803,"Q3",0.110930663898534,0.000866762609526332,0.710330769399436,0.189441284323882
804,"Q3",0.0846384425222571,0.000644386299688652,0.705898323701798,0.225966410053757
805,"Q3",0.0153278040438156,0.00025628859499569,0.151293890544601,0.0863023690501335
806,"Q3",0.0411180100566444,0.000348506548446985,0.25603647294997,0.10693891155244
807,"Q3",0.00278344795081509,7.34301644635895e-06,0.0405989008813855,0.0586080252796796
808,"Q3",0.0201108096884433,0.0002904535838799,0.189562708292405,0.0715088214328674
809,"Q3",0.0248597738522474,0.000160209215932843,0.146798565221757,0.129799247183161
810,"Q3",0.0155251738690527,0.000172161656776321,0.17626507443814,0.0607271044750738
811,"Q3",0.0233828690034823,0.000203124661255867,0.221830472936241,0.198282246385268
812,"Q3",0.0226567646691755,7.19538142643482e-05,0.222201283373353,0.0635109269421188
813,"Q3",0.0515583129309185,0.000491170360220762,0.366369557003935,0.142712971782093
814,"Q3",0.00895162143016215,1.52038573255586e-05,0.0745291419985557,0.05214066415112
815,"Q3",0.00990222099300553,0.000117103518857759,0.13767030015135,0.0520731015576516
816,"Q3",0.0251729465308159,0.000276246251923077,0.223980470727878,0.0764311285769649
817,"Q3",0.010776307412149,2.10862442592293e-05,0.113428094978881,0.484493575866578
818,"Q3",0.0560269084640517,0.000463174271286963,0.406641866922095,0.147726713931247
819,"Q3",0.111522582845323,0.000760521729332124,0.717679743412989,0.247696979466786
820,"Q3",0.0603446664261931,0.000406040751773839,0.537797693629298,0.146296432866165
821,"Q3",0.060980622323406,0.000563673090060633,0.41031547564298,0.134394030029951
822,"Q3",0.030205551825226,0.000154820102964981,0.262986238329095,0.117648433847299
823,"Q3",0.0736660002154679,0.000634527703487683,0.479733895372611,0.167963263361108
824,"Q3",0.0319763989750399,0.000140216832730307,0.253981790422232,0.100804545965772
825,"Q3",0.0499054077381391,0.000619248880666808,0.34731076400231,0.126840785518572
826,"Q3",0.0110505921749997,0.000127739042511962,0.151451034155891,0.0536345032811168
827,"Q3",0.0354869139203426,0.000211565264731965,0.266956357595013,0.0836638884473402
828,"Q3",0.0893968972298627,0.000561088187625934,0.850420058932701,0.216229672701657
829,"Q3",0.0269554587168166,9.11800102753456e-05,0.299483938184083,0.0958746291245286
830,"Q3",0.0352775246503008,0.000433467383257807,0.279191608175808,0.0858723015907592
831,"Q3",0.0300818981417788,0.000339032969069299,0.249542616930425,0.076652074851692
832,"Q3",0.0107612608560608,0.000119899375457737,0.146069856880986,0.0603865131752872
833,"Q3",0.0848083694854065,0.000749498267279022,0.765895785039005,0.191063539220568
834,"Q3",0.1485691092336,0.00116112281459093,1.19111026136047,0.255013846535015
835,"Q3",0.0457255396584841,0.000257653386843958,0.332858725969888,0.115671169038685
836,"Q3",0.0375445715583638,0.0003551544871826,0.250217866629816,0.0842926057659939
837,"Q3",0.0019699939383937,2.16451701695923e-05,0.0625214150053582,0.0303521525676854
838,"Q3",0.0362016921665198,0.000495624688036623,0.390217870007207,0.144707308838381
839,"Q3",0.0327428316850913,0.00036674172040438,0.247039548937346,0.0945333287342293
840,"Q3",0.0859799085985795,0.000793203418322687,0.49532727840072,0.145597644717348
841,"Q3",0.0508303603087636,0.000645511840659512,0.318501046891197,0.106386166381956
842,"Q3",0.0654730447513483,0.000417460899851263,0.409019260870194,0.144265512885924
843,"Q3",0.0564217362026884,0.00058736047599061,0.319656861529121,0.111286156648871
844,"Q3",0.0218684146220323,0.000330646070579327,0.209593890286842,0.0734712303810824
845,"Q3",0.00628564906740259,6.6812438368076e-05,0.107224704138409,0.0350903711353517
846,"Q3",0.0741828062728427,0.000639704157674893,0.542188767723586,0.14270820278512
847,"Q3",0.00613900678464319,2.70010141327908e-05,0.0740475444042926,0.0756105293518475
848,"Q3",0.00607655013680031,6.78754025489882e-05,0.115946133491022,0.0880735120485035
849,"Q3",0.0458249719472708,0.000415739196551901,0.261214566477101,0.342638761902098
850,"Q3",0.0306512138133002,0.000155188892461924,0.358758233063428,0.0941178787474724
851,"Q3",0.0844574230684891,0.000465501371582433,0.772143926958786,0.232727215153568
852,"Q3",0.010317611014738,0.000109714953621651,0.142553913053401,0.0544640959563213
853,"Q3",0.0315532695280876,0.000247149675260436,0.26313244538214,0.0869816641114601
854,"Q3",0.0784462466594089,0.000541292295386323,0.481329933172661,0.168855006771624
855,"Q3",0.061892983720977,0.000376846880582508,0.527237829435822,0.19238136783904
856,"Q3",0.0399026685698942,0.000300922314974374,0.291800267099776,0.0874694825495097
857,"Q3",0.0080626278737661,2.09355525012997e-05,0.0716045177526539,0.0208560713991531
858,"Q3",0.0534438368625079,0.000482858106475016,0.31356242994591,0.127078262763958
859,"Q3",0.0332356742062103,0.00024335175135013,0.276064619081764,0.131621066554357
860,"Q3",0.0718701373272417,0.000521149739988575,0.401221552759641,0.169481720691946
861,"Q3",0.0338326340338302,0.000349627090014106,0.266253161229034,0.0859340597558731
862,"Q3",0.0608877328958037,0.000524301087885492,0.431587813414939,0.143353582586449
863,"Q3",0.0973476086877376,0.00092570716060385,1.01945258994165,0.265437591034398
864,"Q3",0.0876705729533391,0.000738682859661303,0.227935297053558,0.112171455997295
865,"Q3",0.00989935639347372,0.000107641193419165,0.139979587105199,0.0540924198648877
866,"Q3",0.040037383104039,0.0002904335884982,0.26298791196894,0.118087076128778
867,"Q3",0.0502100104941992,0.000413025357175071,0.278307515959134,0.0992320352031577
868,"Q3",0.0208550677537254,0.000234628982826445,0.209368804240797,0.0781923686634289
869,"Q3",0.0140456093103616,0.000386808450120623,0.149755010273026,0.101389416417591
870,"Q3",0.0203774074700291,0.000383849970870036,0.209905718497218,0.0827806922973884
871,"Q3",0.0397666342302418,0.00067633124051861,0.28954059212045,0.103815371458268
872,"Q3",0.0021069159574516,5.49339074352462e-05,0.0645388591918163,0.0317463394209286
873,"Q3",0.0430899935326483,0.000215766575274611,0.3833426799477,0.295919430487586
874,"Q3",0.0138983098716867,0.000173136316484269,0.173184666142327,0.0679632971048677
875,"Q3",0.0207913005757057,0.000145581758786412,0.177266641610003,0.0723263462405965
876,"Q3",0.0596252626556595,0.000828828271792051,0.353375499841898,0.11883889005133
877,"Q3",0.0385948755853285,0.000252039023344273,0.315796643436028,0.169975528373852
878,"Q3",0.06449109653291,0.000579568587624281,0.368174377678285,0.112427894676922
879,"Q3",0.0465350109589089,0.00069507382176351,0.30747963437589,0.103915416705832
880,"Q3",0.0238047588282235,0.000278462601217129,0.223957780018834,0.0960316476945576
881,"Q3",0.0133826130560806,0.000146451135021073,0.163641322391538,0.0514260321958237
882,"Q3",0.0291720240909985,0.000184716034405875,0.233251162193208,0.100205736320242
883,"Q3",0.0231063194959713,0.000344810129851622,0.220233196437384,0.0750854480973724
884,"Q3",0.0191785023720747,0.000281876634568709,0.202228181277484,0.0705412874991221
885,"Q3",0.0238397032957245,0.000262892420098035,0.22449936186892,0.0801976700771978
886,"Q3",0.0346940387670713,0.000392528010874903,0.274329422823809,0.0961499045796469
887,"Q3",0.00946554590450255,0.000104591392283778,0.138985494508708,0.0914932925692226
888,"Q3",0.00386226328851258,4.04780809596736e-05,0.0887118046778475,0.0439593723984821
889,"Q3",0.0300475507794147,0.000342427232746163,0.254385139093175,0.0781533171908023
890,"Q3",0.0465116703994219,0.000264246555204056,0.417000164040602,0.127612086968741
891,"Q3",0.0544063987199088,0.000344152154729885,0.443310644151243,0.151594759850198
892,"Q3",0.0180353151913444,0.000181366324979532,0.157102492920086,0.0492486850883937
893,"Q3",0.0597366183449388,0.000666503146869239,0.344251240537557,0.118673334976466
894,"Q3",0.00026947451182302,0.000127082273690058,0.0206106446583274,0.043588639172865
895,"Q3",0.0394615044242492,0.00036056954008236,0.305675221120456,0.117677729569258
896,"Q3",0.08504160168863,0.000634632079416416,0.604343312537695,0.21780956929841
897,"Q3",0.00531027370345249,0.000306746194728622,0.106314287468276,0.0684295863252259
898,"Q3",0.0344462686867306,0.000269117754527327,0.376174922651251,0.0926773188823926
899,"Q3",0.00739110899479734,0.000133056297603136,0.088457094503479,0.061140339897463
900,"Q3",0.0482722298123655,0.000378549496812555,0.442792238369298,0.151887498735338
901,"Q3",0.0141453440343966,0.000414184235105117,0.165160076941146,0.0783993990144865
902,"Q3",0.0219822950274384,0.000243040702959891,0.214506730781037,0.082396283139551
903,"Q3",0.0175787506969893,0.000445940270094415,0.188105818743469,0.0901288906708969
904,"Q3",0.105113677724308,0.000711221217365192,0.955877732853752,0.280053213149024
905,"Q3",0.0591039714888009,0.000515948083597377,0.3764272409396,0.140368723847231
906,"Q3",0.0491440012872211,0.000379328657857259,0.393157044712784,0.132128114238155
907,"Q3",0.0679622250618532,0.000587518489894948,0.346365656659828,0.18005954689321
908,"Q3",0.0330931075272165,0.000364018028296847,0.259400829465739,0.106824259508576
909,"Q3",0.0203641124171625,0.0001754772040309,0.213741734534593,0.175514682074573
910,"Q3",0.0482366305941149,0.000285439494567816,0.481301763655375,0.128240632373756
911,"Q3",0.0360733751903677,0.000402580005176626,0.274907383356591,0.105206807894456
912,"Q3",0.0342307072885806,0.000440266650955347,0.273937482967902,0.0862865664615167
913,"Q3",0.0160940676209727,0.000298759056093704,0.184614965981725,0.0720247026948633
914,"Q3",0.0775093439357963,0.000557858776821418,0.499375629089069,0.150561712109434
915,"Q3",0.0448148763155807,0.000593141830798066,0.338916666735116,0.157995858817718
916,"Q3",0.0327596313969103,0.000228276906209044,0.25381101387337,0.132475693096989
917,"Q3",0.00773423086632796,8.3793440319665e-05,0.127704985277723,0.107263661872973
918,"Q3",0.0102367125821221,0.000108908687660707,0.141869865776097,0.0909622884373575
919,"Q3",0.0414598231816683,0.000293522577536954,0.264277531123514,0.085656137653545
920,"Q3",0.038118176989089,0.000283039348049994,0.306236180368755,0.12522052084046
921,"Q3",0.00987918865348902,0.000108916490538543,0.139433433095269,0.0566885203932257
922,"Q3",0.118363766038557,0.000850554002037747,0.905446374966681,0.25204209029568
923,"Q3",0.0613815379521512,0.000465375684199584,0.541579077372317,0.164937223780732
924,"Q3",0.0435168138048017,0.000420482527209167,0.523262024306605,0.11512497492916
925,"Q3",0.0793506829123523,0.000544045563296545,0.514003568752222,0.15885074470477
926,"Q3",0.00451483595462854,8.48315074276775e-05,0.0964127673669156,0.0376238573757229
927,"Q3",0.0403542117570375,0.000185375975291404,0.279236267013669,0.0831032210623942
928,"Q3",0.101873769315091,0.000772758521262218,0.82152202720723,0.237946309952221
929,"Q3",0.0653081729781295,0.000317150046270751,0.759893943840758,0.224147048483987
930,"Q3",0.0244574813776026,0.000267932550458719,0.220300082676759,0.0763513204286075
931,"Q3",0.0475708899760185,0.000581960566601518,0.508546840337795,0.142143391686662
932,"Q3",0.0277861395811794,0.000315597846532488,0.240860804472173,0.0926543682865879
933,"Q3",0.0108327444099654,0.000157721418838544,0.150911445514164,0.05076654042616
934,"Q3",0.0333019167092967,0.000369556039513627,0.211435952436141,0.102965098660707
935,"Q3",0.0685020475723306,0.000484177094143558,0.379983307806143,0.146048393524885
936,"Q3",0.0440088752716701,0.000276810741841772,0.239586949033817,0.105419380084316
937,"Q3",0.0334182763348352,6.62099535946552e-05,0.266395336678738,0.0883032335480056
938,"Q3",0.0209817840884572,0.000150185122599094,0.195233326465076,0.0665896172167656
939,"Q3",0.0273102346499652,0.000301830459668777,0.239898679895856,0.124992558863242
940,"Q3",0.022357886444297,0.00016482555059966,0.226873832950869,0.0897524874930894
941,"Q3",0.137160290660681,0.00105260691851578,1.47765173071489,0.333500601291265
942,"Q3",0.0299563788761699,0.000340248950245532,0.255950104006284,0.0775941572000752
943,"Q3",0.0254152136298629,0.000277618365450155,0.229396006946582,0.0744275149870671
944,"Q3",0.0226796251308556,0.000183328231996147,0.199004808228333,0.115060874557933
945,"Q3",0.000158107174033972,1.646133367266e-06,0.0178165124725413,0.029931253352555
946,"Q3",0.107345573714168,0.000816965272142504,0.759023739364126,0.222740580011139
947,"Q3",0.0174831813077816,0.000194582937538927,0.194654297807297,0.0696259529024954
948,"Q3",0.0129146124818238,8.09837467042263e-05,0.132000056176328,0.315715884367714
949,"Q3",0.0186138110619058,6.14785918642544e-05,0.189136480488382,0.0823306591457624
950,"Q3",0.036707644028585,0.000213872588336879,0.201256370384833,0.0783221694616793
951,"Q3",0.105141635623331,0.000801268524648991,0.524853887409389,0.27557100298641
952,"Q3",0.0298369852352192,0.000253372336077433,0.247252149095315,0.0940986259057195
953,"Q3",0.0176659435725863,0.000100288925225824,0.156111483195286,0.064524789937481
954,"Q3",0.00328924180393741,3.55732611896763e-05,0.0780791960395314,0.0391838470409332
955,"Q3",0.0126083171289704,0.000218288878920953,0.150985921738345,0.0593861185536016
956,"Q3",0.0220373635859357,0.000250897883673213,0.211371587481385,0.0898695176649994
957,"Q3",0.0559586047827736,0.000367992053589003,0.544817689480068,0.132337052669906
958,"Q3",0.0148931071292502,0.000164049869669217,0.173776542190863,0.177487415464682
959,"Q3",0.046075563528424,0.000321978989628358,0.292839287147915,0.119640050150236
960,"Q3",0.0756048689812054,0.000599260351568854,0.658396131519177,0.19104608675388
961,"Q3",0.0250279683519068,0.000285592728448978,0.225566782313232,0.0738850831605808
962,"Q3",0.00499288582672719,2.02129648767489e-05,0.0743822559371338,0.026067912683754
963,"Q3",0.0248248961061091,0.000278054292176968,0.228817594312287,0.0695768957866341
964,"Q3",0.0413980595945098,0.000459181848811624,0.28664841256709,0.104415685892334
965,"Q3",0.0488242564688139,0.00053886582737635,0.316186492956349,0.107185700159497
966,"Q3",0.0524654829295663,0.000482668017393036,0.344281357144239,0.117207896651087
967,"Q3",0.0707246613659134,0.000510182918651648,0.755515777799525,0.233059705914013
968,"Q3",0.0467923601119544,0.000482793326397397,0.364942663145018,0.135571261732234
969,"Q3",0.0220919418992072,0.000238859667710442,0.205247019792911,0.0847539197545716
970,"Q3",0.0700327506647991,0.000539641221676646,0.525134786819617,0.145292876651973
971,"Q3",0.0213318100111106,0.000230758229579309,0.204528934197068,0.0972515365941189
972,"Q3",0.0104870477034105,2.23102564382699e-05,0.101007387021764,0.0500877191294776
973,"Q3",0.0106225983257673,0.000191402786442554,0.150041969217487,0.058532001495595
974,"Q3",0.0760155309671244,0.000737910436370787,0.788769325986825,0.204662991570692
975,"Q3",0.109503019468617,0.000594241580254242,0.995387772408111,0.242540218479043
976,"Q3",0.0190091729948332,0.000134017003693469,0.172329675805724,0.0698937860951981
977,"Q3",0.0380940573391477,0.000268095230220127,0.260630195764431,0.125527517674976
978,"Q3",0.0139690195564075,9.1719510826079e-05,0.166676763702314,0.501575277347703
979,"Q3",0.041956814529815,0.000222978976737592,0.341660800167767,0.11601011558357
980,"Q3",0.102689256759582,0.000741969646280819,0.844264651060282,0.250393579550825
981,"Q3",0.0435633696586883,0.000290324168702777,0.336624777051176,0.0988788849217911
982,"Q3",0.0179127133659911,0.000102240060818447,0.0956620375854976,0.0631260431436873
983,"Q3",0.00747299646622501,0.000305646056775019,0.123858791555224,0.0632873606053013
984,"Q3",0.0215114958636544,0.00024074326072365,0.212640269203711,0.075290653696351
985,"Q3",0.0232449316014858,0.000103182711687853,0.210635864259766,0.0822242498023832
986,"Q3",0.0857677774318581,0.000600261429811044,0.657497787176098,0.193128859081004
987,"Q3",0.00591523930429361,0.000188239159913373,0.0585889919176992,0.0672058548762584
988,"Q3",0.0475297229561598,0.000262096482673243,0.395156088227797,0.126937971366236
989,"Q3",0.00223015436741569,2.02545581623067e-05,0.0590703314301296,0.0632620015523847
990,"Q3",0.0500122187615712,0.000300526618020832,0.456323907164823,0.123929170563693
991,"Q3",0.0425350425951443,0.000407143970886093,0.250892252343501,0.10840246201891
992,"Q3",0.0296507347341635,0.000126789872268608,0.35367759284754,0.0876457054169713
993,"Q3",0.0307871692646451,0.000311269814522157,0.219640555512353,0.0947922681453732
994,"Q3",0.0209713078987193,4.4560973797244e-05,0.227276410315862,0.0911591810577465
995,"Q3",0.0252740823562085,0.000274939891369952,0.21596658013064,0.0760022440563057
996,"Q3",0.0455708785415521,0.000518555656007833,0.314725485025094,0.112181928230949
997,"Q3",0.0100886994172846,0.000110986127106872,0.139775050570233,0.0721509781978181
998,"Q3",0.103560367481071,0.000833490457086798,0.996414082128997,0.223154830687725
999,"Q3",0.00205709365274664,0.000465177867422091,0.0654541478279573,0.0902857624842506
1000,"Q3",0.0299638700906097,0.000340345242403413,0.250195740673189,0.145203374682988
1,"Q4",0.031888029692718,0.000214836965842682,0.324372694287341,0.0827751840454067
2,"Q4",0.0426556368667974,0.000232174843167945,0.304377079461911,0.0949236341823332
3,"Q4",0.149576962173782,0.00128010753085906,0.906235398356146,0.214671229353409
4,"Q4",0.010334206113912,0.000128163054307041,0.150379657904094,0.046756758501342
5,"Q4",0.0573354665592749,0.000422068060909634,0.583951299779687,0.123273389504552
6,"Q4",0.0603058518475841,0.00058504872875141,0.379781125708699,0.422970097644161
7,"Q4",0.090643006893723,0.000704299284997453,0.672846905682735,0.166462673040925
8,"Q4",0.0116156673755317,0.000126160945818668,0.151674277716728,0.0510090533141924
9,"Q4",0.0071270522125193,8.26052001720902e-05,0.128284284155769,0.0390342344665085
10,"Q4",0.0297279167696747,0.000320224686878863,0.25374472806659,0.0868899122917042
11,"Q4",0.0617286674073476,0.000370955802408829,0.620801645963385,0.165655684399518
12,"Q4",0.0261358218528294,0.00028709804447658,0.232636418305299,0.0693121100374495
13,"Q4",0.0354335491822955,0.000379251319641569,0.273148914718212,0.0804923363294757
14,"Q4",0.0130223684711996,9.23824848753285e-05,0.115990430331889,0.0382669928659608
15,"Q4",0.0780306313076267,0.00063871793574343,0.583310176039262,0.163057987997468
16,"Q4",0.00583526669585233,6.109193500249e-05,0.107858306113102,0.0336271040815054
17,"Q4",0.0849503154819313,0.000561244806325336,0.566373571099272,0.150929804658699
18,"Q4",0.00429015884409623,5.46278984491434e-05,0.0980365096103801,0.0803905436397138
19,"Q4",0.0280606982772031,0.000228010712274411,0.212390416152559,0.0654644595851747
20,"Q4",0.0440116492471176,0.00048623543946189,0.310999706701016,0.0944195290194753
21,"Q4",0.0192660593998273,6.35793705942384e-05,0.141081116060275,0.0458744149866927
22,"Q4",0.0184278461510381,0.000105201149311998,0.173305012796244,0.0534754239623123
23,"Q4",0.0928388832771212,0.000648527460982152,0.596816360957712,0.127163668614358
24,"Q4",0.0487832910738284,0.00053766211489461,0.325993725004601,0.0968293483166773
25,"Q4",0.0649850347279415,0.000467539280276099,0.529372870659458,0.180389926826915
26,"Q4",0.12633713281512,0.000961231100732343,0.571159674897449,0.177104154367931
27,"Q4",0.0471268107189076,0.000591995543311603,0.4160376992272,0.160829965072822
28,"Q4",0.08149413862842,0.000544211694543087,0.450790171909868,0.108000272078507
29,"Q4",0.00649151606678799,2.31779235876994e-05,0.0730664679936038,0.0492921433889831
30,"Q4",0.000708317065777564,8.59935003375521e-06,0.039078851127454,0.0115922472318182
31,"Q4",0.0358674144483651,0.000296778404123929,0.271543176658185,0.115226701210622
32,"Q4",0.0221797922783491,0.000405253532350309,0.21318516962667,0.0869140255991019
33,"Q4",0.0505703520702134,0.0003825414331114,0.397221684734402,0.111228600590475
34,"Q4",0.00907761254125106,5.28253077328586e-05,0.129374612143197,0.0475928385815095
35,"Q4",0.0229325899283523,0.000246993854818791,0.217839977427134,0.0679536449893913
36,"Q4",0.0503139154956145,0.000469658617841621,0.331805870785718,0.0985421413040311
37,"Q4",0.0141429549073511,0.000182791470235131,0.170345768272461,0.121549991394907
38,"Q4",0.00312440051231277,3.41451942021984e-05,0.0804347570091894,0.176337280145233
39,"Q4",0.0573142457342168,0.000629555400739602,0.344040569824427,0.101331795282541
40,"Q4",0.0742723518416355,0.000455623275296489,0.342687170573186,0.10812234164718
41,"Q4",0.0626507905365656,0.000532325884833657,0.422125503945285,0.179169510032876
42,"Q4",0.00387057909943067,4.76696024086365e-05,0.0867131393444002,0.0272732366113104
43,"Q4",0.143816461098668,0.00128801425263887,0.967877160054627,0.260674052644458
44,"Q4",0.198525765215413,0.00165974307575801,1.10704005488676,0.281664271905084
45,"Q4",0.0924051523925371,0.000680429737742751,0.615058140927682,0.176271941570668
46,"Q4",0.0398200365598083,0.000131206392523075,0.331291336636527,0.120615251056232
47,"Q4",0.0651341670511876,0.000460661904327118,0.644953754279341,0.164767398984753
48,"Q4",0.0739831864241385,0.000418756279430057,0.437890592162469,0.113439743255057
49,"Q4",0.0124447583914282,0.0001404972820439,0.16464471134315,0.0503449035512546
50,"Q4",0.00910665795037424,0.000178705568013236,0.143178780464679,0.0576767185102206
51,"Q4",0.0360994825223457,0.000401255555828317,0.282518033478615,0.0855755989720236
52,"Q4",0.0235785175732524,0.00010564019343044,0.261148930147629,0.0697903340458418
53,"Q4",0.0717836818301549,0.000388386121306562,0.437388251399962,0.133283839072761
54,"Q4",0.0212818271606068,0.000110357295105923,0.161743675239656,0.116695341811028
55,"Q4",0.0475199986648267,0.000329373592516459,0.427993918088849,0.110437544565438
56,"Q4",0.0122607469805089,0.000181768868106717,0.160178824469818,0.0536022647565514
57,"Q4",0.0803610856804156,0.000654294748638259,0.464375333315135,0.148119956995933
58,"Q4",0.080008301347096,0.000499843949534354,0.505841575988973,0.411944908302539
59,"Q4",0.0781905480741294,0.000619437584117298,0.496257669968867,0.106711534367588
60,"Q4",0.0214845954045,0.000218896678292663,0.209213448425811,0.0709375753816654
61,"Q4",0.0214515705418581,0.000316793016977907,0.208457776016873,0.0711756535532048
62,"Q4",0.00710006574606403,8.20355746286149e-05,0.101808613902838,0.0356303087826972
63,"Q4",0.084863560058972,0.000704727914274312,0.574835398364386,0.152267568043259
64,"Q4",0.025551566961175,0.000315310461634788,0.233822415430038,0.23609045857233
65,"Q4",0.0159316848387761,0.000172265652737442,0.18075961868489,0.0563690340668701
66,"Q4",0.0613616947138187,0.00032167650407441,0.502253898246289,0.106497143501366
67,"Q4",0.00536290031893749,5.90860841351369e-05,0.107226422543846,0.0318005469337723
68,"Q4",0.120591593650639,0.00102396198025225,0.784649847449289,0.198905659326345
69,"Q4",0.0719092292596883,0.000465393936107909,0.50833504114373,0.145869547344468
70,"Q4",0.0998403532839145,0.000757752739835587,0.735367306643193,0.178330627103757
71,"Q4",0.0101378398140888,0.000110135188751188,0.142861003712297,0.0565058200844665
72,"Q4",0.095132849011101,0.000270273283113972,0.456355392533506,0.135252766687838
73,"Q4",0.0367123737689727,0.000414911674797137,0.28522795183326,0.0993481167506823
74,"Q4",0.129198328929947,0.00111681732845104,0.82882450632308,0.246308573126893
75,"Q4",0.0470536267833666,0.000443463287182241,0.248411064748999,0.081354470092576
76,"Q4",0.052889192503569,0.000400276065973792,0.122656152944494,0.0371589191994439
77,"Q4",0.056019240205746,0.000403708395025906,0.46083656905755,0.105708053410721
78,"Q4",0.0417984975656029,0.00045888457517937,0.298569222223512,0.091302491536385
79,"Q4",0.0934876460404297,0.000711882203337505,0.802279923907127,0.177354289547644
80,"Q4",0.105479541188187,0.000928831539857656,0.717249166290272,0.219991653143785
81,"Q4",0.0235448905983588,0.000185107262534641,0.179205565327924,0.0402234867259686
82,"Q4",0.00504073424741769,5.82459510884491e-05,0.107234878581696,0.0379891373130718
83,"Q4",0.0690168687250488,0.000455911455993529,0.218407192937226,0.0613461861334896
84,"Q4",0.116709424379449,0.000970060503813771,1.16425142064892,0.229793700749627
85,"Q4",0.00392785749458469,7.64251163608565e-05,0.0912018507134261,0.0375870327441281
86,"Q4",0.0198088521614146,0.000225670751963458,0.206523124182636,0.0682300689601969
87,"Q4",0.0693921066999099,0.000398416804539391,0.396223230951018,0.20885618571211
88,"Q4",0.0136816404153404,0.000141440799605368,0.172176523245609,0.0513896939150432
89,"Q4",0.0477662907896477,0.000458031186569494,0.279961216683218,0.106396466177632
90,"Q4",0.0326693857065816,0.000287581016055479,0.269992627585661,0.0782817216502024
91,"Q4",0.0215428716334749,0.000117069951557516,0.210864243259677,0.0642483592345333
92,"Q4",0.0587354403732014,0.000366563488515803,0.317782377985095,0.089844754510259
93,"Q4",0.0223935941957354,0.000242943998389742,0.219194871175152,0.0645783168662881
94,"Q4",0.00025548344440196,5.04258282659205e-06,0.0255532294451871,0.0491175902455756
95,"Q4",0.0380822868412309,0.000122335722599674,0.393950770515715,0.150113204732469
96,"Q4",0.0551572307327799,0.000628595200679605,0.337447961737674,0.100996544629026
97,"Q4",0.0291197913576138,0.000225935931242163,0.230807218944465,0.147844081218067
98,"Q4",0.112117018774095,0.000848765493857226,1.15189073862423,0.247003702246728
99,"Q4",0.0318321345343122,0.000180054059971127,0.359132035394793,0.0870602759366338
100,"Q4",0.0512240942334969,0.000901197099382833,0.32827248563976,0.128992894931268
101,"Q4",0.0485532239311794,0.000273413779191275,0.30138200737827,0.0971344802562147
102,"Q4",0.115594327521677,0.000843187588139832,1.11654456980638,0.233597231141301
103,"Q4",0.012297004784763,0.000142588467572354,0.162149587286934,0.0961761212988492
104,"Q4",0.0398571548979678,0.000350243437378479,0.209013345028746,0.0647758908880609
105,"Q4",0.0572806171518394,0.000642083719804721,0.358307787026281,0.106465044049778
106,"Q4",0.0764698819962835,0.000603991886646073,0.537541424148088,0.152407006643601
107,"Q4",0.0797257912648277,0.000530729754748254,0.651756630378443,0.190041312578415
108,"Q4",0.0276928618261092,0.000304344999703967,0.244803903186578,0.22204039256714
109,"Q4",0.0198681507739256,0.000219971727761086,0.208683729735494,0.0683875166691247
110,"Q4",0.0237671689597079,9.60942213148365e-05,0.274564474679697,0.0825147062257971
111,"Q4",0.122284666892282,0.00099566772482493,1.10212321934876,0.256064063330653
112,"Q4",0.0573898864393474,0.000458661929945053,0.347240673266811,0.105195593834272
113,"Q4",0.0303568506884595,0.000149607978465888,0.317925571557908,0.0789810319228085
114,"Q4",0.0781087987243652,0.000575824429516695,0.458024045520886,0.103598040840141
115,"Q4",0.0616709635405375,0.000484568106728727,0.433110614820276,0.106221518016593
116,"Q4",0.0229279387308932,0.000154940294849274,0.21114843063103,0.198839008457576
117,"Q4",0.0920663560171686,0.000721983473923784,1.02203882656194,0.206893400465929
118,"Q4",0.0222191566187142,0.000317029762151826,0.213031938918094,0.0713707721205891
119,"Q4",0.165595515449214,0.00145492814623648,0.813648799383796,0.223858240105071
120,"Q4",0.0350096240392652,0.000251325777456422,0.28204845204236,0.0730147388901069
121,"Q4",0.0191569062332047,0.000137696935369737,0.19491533501592,0.0675188264025922
122,"Q4",0.213109581589642,0.00177925797148936,1.02627838478533,0.238114017301602
123,"Q4",0.060374264015433,0.000454235143040418,0.331530895249963,0.0754179314080791
124,"Q4",0.0572596468664202,0.000345384223536956,0.53878338820886,0.137189054958184
125,"Q4",0.0173379843871651,0.000207564627218975,0.189200569417437,0.0586482697362973
126,"Q4",0.0914560804099516,0.000615713213922675,0.611165387834743,0.134735392595977
127,"Q4",0.0459302663521655,0.00028164108380268,0.332172865934955,0.139985234879099
128,"Q4",0.0129747915008327,0.000141308876938108,0.163953028849173,0.0489291421314948
129,"Q4",0.0876742545248792,0.000538797534289478,0.85519274508889,0.206909647380098
130,"Q4",0.00634083318749745,6.95270198270442e-05,0.118998931752273,0.165604036443358
131,"Q4",0.0406714091530347,0.000332709649126589,0.270827695546693,0.15412824899971
132,"Q4",0.0960354711381655,0.00070086996850677,1.11469749070082,0.217952145522522
133,"Q4",0.0122740076105838,0.000130671011250832,0.162310389827333,0.0592278851349141
134,"Q4",0.00962182385554478,0.000111210983066841,0.144575095889835,0.0569221072556313
135,"Q4",0.0781561337768366,0.000668218287213826,0.61332781290634,0.148357650039371
136,"Q4",0.0429638069818985,0.000518726893172285,0.260422623214936,0.0835383649184737
137,"Q4",0.112101283768528,0.000851254375547818,0.801576537140283,0.213493412188167
138,"Q4",0.0632926957324393,0.000443052948348645,0.351523091934308,0.130539465525893
139,"Q4",0.0299405579294998,0.000339112026396854,0.256871256261416,0.0766537293928258
140,"Q4",0.0451027552580907,0.000282046539681144,0.328230287963736,0.0951898082894915
141,"Q4",0.0824025309912226,0.000570591191777472,0.605161272525847,0.349375809810867
142,"Q4",0.0866809892402518,0.000803354643767111,0.589904889625901,0.17802471985028
143,"Q4",0.0447806493788292,0.000466522506591918,0.25891407942679,0.0818974416253276
144,"Q4",0.00206163196335929,2.31613561567725e-05,0.0659075653881074,0.0413976019613963
145,"Q4",0.0472866953406097,0.000353537912292939,0.441664514542445,0.109239024691576
146,"Q4",0.0504693228705335,0.00039969134046577,0.351190947785026,0.0960801409357332
147,"Q4",0.0326928432204632,0.000354863805671032,0.263937559683742,0.0778182408408973
148,"Q4",0.0107301720215798,0.000117134849180226,0.0963273496359779,0.0280865879318793
149,"Q4",0.0128182449663541,0.000137364232390181,0.167106660429807,0.0790473231711777
150,"Q4",0.0493823272008971,0.000878371700409844,0.324685767566477,0.12173659800893
151,"Q4",0.108513602020299,0.000897377694882295,0.69146066278753,0.175954324261668
152,"Q4",0.0682124192121218,0.000508536524320222,0.583479641376162,0.135763615132524
153,"Q4",0.0311768933999517,0.000215652980946643,0.2386234612556,0.0732906435666821
154,"Q4",0.0412335329677411,0.000194883827357165,0.566784942228967,0.120144248564782
155,"Q4",0.0066104886129974,1.33937135246106e-05,0.06707414400721,0.0405612995103968
156,"Q4",0.0201703359933578,0.000108713478382275,0.207257294076847,0.0555994498323707
157,"Q4",0.114396479034726,0.00101672160515959,0.714934003232676,0.178618459424065
158,"Q4",0.0397570445691322,0.000441995434113998,0.288438425471557,0.0861316845321756
159,"Q4",0.0694118012268348,0.000453607929961456,0.490044911600089,0.579857635470192
160,"Q4",0.0276863920713435,0.000202516800197945,0.18815231280754,0.0852528759532878
161,"Q4",0.0188088976533844,0.000206955817365504,0.194938094542739,0.0721919918889421
162,"Q4",0.0478098235115958,0.00035715832754117,0.525582911015189,0.120425875803722
163,"Q4",0.0670889572148212,0.00074789194865876,0.380954319726071,0.112196101605679
164,"Q4",0.0237366013810938,0.000264716558761532,0.222733878015744,0.06598640003136
165,"Q4",0.0365032138637584,0.000222611909085846,0.418251848212553,0.0994851690396044
166,"Q4",0.041211348468428,0.00034011125172247,0.245583208743165,0.0807311260628425
167,"Q4",0.062995959810026,0.000384675462021727,0.295785405122745,0.1121514762094
168,"Q4",0.040068199717501,0.000190421526842407,0.426434933263872,0.0946695125741143
169,"Q4",0.0623694449085441,0.000757550970322696,0.360851846552965,0.109834670574223
170,"Q4",0.0319391183826667,0.000231647612928318,0.265493460834043,0.0828416846070636
171,"Q4",0.0728231568775808,0.000813790115013476,0.406662070947079,0.122188832096356
172,"Q4",0.00594717582699822,6.37107802365359e-05,0.113643343880325,0.0449365503553678
173,"Q4",0.0117407513078334,5.46057883490504e-05,0.138397522402901,0.048672459827934
174,"Q4",0.126837550018326,0.00110044291663705,0.656760759476794,0.165996743668891
175,"Q4",0.0188471572164648,9.38149880085297e-05,0.15699905981133,0.0439541479073633
176,"Q4",0.0843432345830646,0.000632780764921248,0.323530613605062,0.0916397312252202
177,"Q4",0.179559802424874,0.00114184057131438,0.934584815880457,0.239319967860627
178,"Q4",0.0226841208436692,0.000260226558946139,0.222101478474214,0.0671796105190108
179,"Q4",0.0154699144533303,4.20943655888856e-05,0.169133145507443,0.0428820618856169
180,"Q4",0.110936951502406,0.000846202858107291,0.897971176514426,0.214946364445626
181,"Q4",0.0181105033517284,0.000205389834098189,0.196905110290436,0.0607882071112187
182,"Q4",0.0267519465138939,0.000299459304516003,0.243632330992977,0.0717573409771831
183,"Q4",0.044086788663277,0.000376899358956323,0.355223051321762,0.0935356983112449
184,"Q4",0.0815828324508399,0.000562578068330042,0.577715374048194,0.138998271313901
185,"Q4",0.0131963964399961,0.000142411822404751,0.162535525117657,0.0650942434532553
186,"Q4",0.0988565791513576,0.00110592440632328,0.464415009725407,0.197680986751328
187,"Q4",0.0094339276426112,8.7942030724641e-05,0.131496500071563,0.0454300462597778
188,"Q4",0.00463042523794144,5.61736697568718e-05,0.0969034007520953,0.0591130495798454
189,"Q4",0.0419567486099712,0.000398674837284489,0.298411303429521,0.0877053185239255
190,"Q4",0.0843534566114137,0.000650438307188477,0.608278758571389,0.147033734790296
191,"Q4",0.0576606817425542,0.000647075925416712,0.345361723352968,0.107096718774821
192,"Q4",0.0191893366767175,0.000202081289354587,0.19258373873766,0.0623111183732365
193,"Q4",0.0346008086138845,0.000382299699105821,0.264025999621858,0.0860695379012571
194,"Q4",0.050314451804951,0.000555476607392416,0.32783114469448,0.131841598029168
195,"Q4",0.00564193217612008,0.00014327106295869,0.111527270979586,0.0561167919606046
196,"Q4",0.00803907186687525,9.51372424503303e-05,0.128863558819215,0.038589770957674
197,"Q4",0.145938926389462,0.00124574195829967,0.300303990641583,0.0847669342927316
198,"Q4",0.0355679491057685,0.000391411893319878,0.275367177539907,0.0924255292504114
199,"Q4",0.0252944173662115,0.000288158257322276,0.237177220466541,0.0707863505986077
200,"Q4",0.0157735981060991,0.000173160339218625,0.183325032508415,0.0541957527860574
201,"Q4",0.0384424295828918,0.000204972286483639,0.25165891899406,0.0767041427078043
202,"Q4",0.107408720651014,0.00089389782756706,0.336257344632862,0.105060716636266
203,"Q4",0.0212320150260776,0.000282238662830173,0.208193940154802,0.0697732362565439
204,"Q4",0.0310538146185326,0.000117610034620577,0.15955497238119,0.0470790382769786
205,"Q4",0.110339202960047,0.000962089104177949,0.516733584940675,0.130736347815616
206,"Q4",0.000168755076824567,3.30458418210911e-05,0.020485708664856,0.0258739143810094
207,"Q4",0.0250665370140428,0.000117292992751725,0.219956646171376,0.0758328242369354
208,"Q4",0.115731515050033,0.000953621932893088,0.378242285625875,0.0930774182648405
209,"Q4",0.105759835436276,0.000751399994371765,0.516309837024407,0.130075888890101
210,"Q4",0.147245664090427,0.00114463238370834,0.953904849514592,0.234671891249637
211,"Q4",0.066547448629855,0.000277065853684639,0.232319680166646,0.0800369752835443
212,"Q4",0.00385234866966044,4.31728200327865e-05,0.0900561739613329,0.128905510974897
213,"Q4",0.0188600715132221,0.000217338468260099,0.199607905603167,0.0778550658789591
214,"Q4",0.0041868797204021,4.54162331532348e-05,0.0927798501023792,0.0671103954736138
215,"Q4",0.000952673597845788,3.48493662933907e-06,0.0229031316966968,0.0326164785636342
216,"Q4",0.0155900291948754,7.14332390772403e-05,0.212048946945485,0.0471116360935878
217,"Q4",0.0171919533296698,0.000318615062335031,0.181261875455865,0.0699611430600495
218,"Q4",0.0588771114656588,0.000422374054833779,0.563025568492641,0.125082762008199
219,"Q4",0.0367031748044191,0.000240333685450778,0.210774589709119,0.0429123255116611
220,"Q4",0.0437489169576359,0.000507455707341163,0.307729424811835,0.0920215504168027
221,"Q4",0.0549277006344813,0.000414687579318729,0.252462100714686,0.0589224722838886
222,"Q4",0.00263741404896045,2.57036257516867e-05,0.0718632616556914,0.468742620401366
223,"Q4",0.0299075584813213,0.000236438208056627,0.264729644723754,0.0822334622238422
224,"Q4",0.0241736745584156,0.000257262539783811,0.223473649108937,0.0658620864524876
225,"Q4",0.00516702593913543,0.000147948232627712,0.101394555655573,0.049342058852293
226,"Q4",0.00095481776142492,1.09160531510305e-05,0.0458087427209473,0.0136747567580957
227,"Q4",0.0726904153024162,0.000558076832713919,0.736953120385897,0.160612392117838
228,"Q4",0.0190413300054821,0.000104408614897311,0.217130056948137,0.0798674418927572
229,"Q4",0.0115588783458822,0.000129932296652514,0.156085648003693,0.0461576973965067
230,"Q4",0.0111113644307697,2.47920127231707e-05,0.104317031399772,0.0402413093196981
231,"Q4",0.042008553018043,0.000376444291447572,0.265883392218169,0.107779046181349
232,"Q4",0.0412832043207523,0.000199030035849517,0.248468307030747,0.0826169706972035
233,"Q4",0.0042388265075175,0.000180239293328489,0.0957260507765753,0.0560795588613662
234,"Q4",0.0524780612027911,0.000349369049087935,0.5466664054446,0.166138153395708
235,"Q4",0.0288390401059875,0.000318445883441628,0.253022969718915,0.0745153249668079
236,"Q4",0.0606782222264517,0.000446025348118349,0.54817771768931,0.133473813609994
237,"Q4",0.0946451973346729,0.000795564816054484,0.393240145383914,0.129786104419676
238,"Q4",0.0286697006656951,0.000190816862120398,0.333713317470513,0.0817732152666232
239,"Q4",0.049306779737412,0.000434775923055241,0.438609327997489,0.134488103254763
240,"Q4",0.0917706763803441,0.000760459907035088,0.628809656575826,0.15982391801149
241,"Q4",0.0176546566781202,0.000195153331884289,0.193150586677006,0.069518501672254
242,"Q4",0.00936964180026933,2.23675262899031e-05,0.0872473193147736,0.0253609058445969
243,"Q4",0.0739544548912683,0.000470089784340742,0.487961452882336,0.133268388302676
244,"Q4",0.022582369334426,0.000124246556509409,0.251177915888613,0.0706127707332387
245,"Q4",0.0600987353040878,0.000661542856981047,0.365638992649687,0.107800853264486
246,"Q4",0.0429239462701698,0.000319976533163827,0.247973720154087,0.0742746037759408
247,"Q4",0.102135171313469,0.000776200751327485,0.675885008344548,0.172744956872105
248,"Q4",0.0331029031320877,0.000357150691988585,0.255740038553189,0.0823382052470016
249,"Q4",0.00811211773067733,0.000146040382476707,0.135452185124485,0.0514126348465814
250,"Q4",0.0333368633366451,0.000157155044159619,0.256619944021096,0.0761287113758187
251,"Q4",0.0382319248862881,0.000205443038814944,0.296673703995698,0.153751535230846
252,"Q4",0.0328217905380992,0.000361101523959332,0.255033109837007,0.0855863944552085
253,"Q4",0.138839681708006,0.000969401879062214,0.828091344002082,0.185697349600148
254,"Q4",0.0283856312637951,0.000248031997230525,0.249607230689868,0.0807921533577627
255,"Q4",0.0323020902872333,0.000360679406136856,0.264617065215005,0.0790820099766573
256,"Q4",0.0533820410827843,0.000391921803899426,0.331804073004286,0.0813741328451151
257,"Q4",0.0427532768410188,0.000220072680439375,0.364203295992654,0.265690476064428
258,"Q4",0.037334006040286,0.000405109316347318,0.281844088709355,0.0832708084044661
259,"Q4",0.0121757171596784,0.00014674641911784,0.159901496339628,0.0491201215171279
260,"Q4",0.0436675771117088,0.000262013149751543,0.360586758549582,0.0969117766255562
261,"Q4",0.0351978727595874,0.00030166059830964,0.259320443326916,0.206071019829238
262,"Q4",0.0977837198411784,0.000699518894734159,0.538020389038267,0.134754655614402
263,"Q4",0.00906042667080165,0.00010693012179531,0.139960095987482,0.0433324324341897
264,"Q4",0.0545497214230437,0.000434840192327231,0.320716868487808,0.284353238827047
265,"Q4",0.0127901287611216,8.97327390516323e-05,0.139697193812667,0.0425141562226821
266,"Q4",0.0390493176116475,0.000155194757013719,0.287381482075516,0.0885884765457016
267,"Q4",0.00105349226391382,1.06974965662969e-05,0.0460167955839921,0.0835248614648229
268,"Q4",0.0815956296632834,0.000566870354542526,0.350507716962939,0.0932884432290119
269,"Q4",0.0127891484109171,0.000141983690587033,0.167238679344586,0.0495261410638013
270,"Q4",0.0894476012462206,0.000596739415982956,0.456154502068628,0.332413963055774
271,"Q4",0.0188618495803041,0.000210291692006947,0.199092908343906,0.0633898877486961
272,"Q4",0.116081667207812,0.000934943064596376,0.624311407918907,0.177607925736219
273,"Q4",0.0651279543645842,0.00086075057682417,0.374131902360862,0.120098547320046
274,"Q4",0.00328632934120954,3.86084545721505e-05,0.0865894703780279,0.0259001304912961
275,"Q4",0.0223662753008611,0.000143993719957002,0.118573030682088,0.0773672691704625
276,"Q4",0.014746275097469,0.000161796510905297,0.178940272816453,0.0534399854493995
277,"Q4",0.00938909604257354,0.000115176943745774,0.146487391093183,0.0447885496920068
278,"Q4",0.0331078551322204,0.000279142447865775,0.262971254863163,0.080691898927401
279,"Q4",0.000166058606128061,0.000124610822488469,0.0176857568693238,0.0445808185007775
280,"Q4",0.092047260298818,0.000835796598382421,0.437210958552514,0.128768885244876
281,"Q4",0.0240550871610932,0.000179096971641428,0.240364379795886,0.0716800829678344
282,"Q4",0.0206394275471435,0.000201078504755123,0.175962919547879,0.287810825075615
283,"Q4",0.00719296206963094,8.21327120682129e-05,0.127595425574914,0.0382371615807339
284,"Q4",0.0185515811435106,0.000208249185226051,0.198864299603782,0.083045344872507
285,"Q4",0.0158576776894641,0.000176520222986937,0.185639156950961,0.0549265236963163
286,"Q4",0.0155662956096627,0.000169783373386507,0.18052274497089,0.087575682768462
287,"Q4",0.05036633846243,0.000321396884883028,0.573699399678046,0.140426515518995
288,"Q4",0.0437822322039665,0.000484417894751168,0.304091973352388,0.0897931876094012
289,"Q4",0.0199402776602646,0.000228052721579147,0.209546303516119,0.0700157805907385
290,"Q4",0.0618461142610833,0.000452900361554806,0.369375852504824,0.134692025478693
291,"Q4",0.0467366964052243,0.000382141433399397,0.327370353840369,0.0877096192181641
292,"Q4",0.0518399886790757,0.000388910536132534,0.317314619582354,0.108446589518331
293,"Q4",0.0285547201542222,0.000321589261957876,0.238237505151814,0.070861782091751
294,"Q4",0.0229291593592098,0.000325799600772305,0.22025753808527,0.0745342470396132
295,"Q4",0.00858199063080356,8.73551589158949e-06,0.0578245951626655,0.0256295797266631
296,"Q4",0.0394140256425519,0.000219799935928886,0.366651669672832,0.102708207541753
297,"Q4",6.68969019983479e-05,5.69991670348984e-07,0.0105038528614817,0.0381025177290775
298,"Q4",0.020715142584022,0.00010670575247138,0.164135613782518,0.0526276853121842
299,"Q4",0.0266344012520481,0.00026963070007296,0.201574603384509,0.0960872638551519
300,"Q4",0.145577541156337,0.00120400825171919,0.803467208568871,0.243277288825
301,"Q4",0.0866604293816753,0.000672938267865594,0.401739211106114,0.167546706907634
302,"Q4",0.0328634941760164,0.000128473494434593,0.26552379800263,0.0707448315460768
303,"Q4",0.137389918396952,0.00105301390524102,1.13349799913804,0.245946433238389
304,"Q4",0.0365862287530945,0.000680514084103376,0.279960706510374,0.107851335685117
305,"Q4",0.0100284472551788,0.000146765111653517,0.141731216734938,0.0484154539877187
306,"Q4",0.0462642856721445,0.000283452874910674,0.370635664066046,0.0985576801338079
307,"Q4",0.00248751517785273,2.77421726826384e-05,0.0740899937382197,0.140518932441825
308,"Q4",0.0301696444653174,0.000356699680483997,0.25690603289128,0.0772422963277796
309,"Q4",0.0575595478201798,0.000406767532534359,0.573083787342967,0.14816347762954
310,"Q4",0.0262341550816494,0.00011028812403513,0.205262698691266,0.0551828294209847
311,"Q4",0.0511868321101687,0.000611384414365386,0.332519268236434,0.100503953982704
312,"Q4",0.0617035956919256,0.000497964525384073,0.340249425015508,0.108058186092435
313,"Q4",0.0370394200303075,0.000242643523799924,0.319082237445038,0.0934103866799252
314,"Q4",0.0217426816844242,0.000257392874643324,0.213114976053236,0.0645470803785127
315,"Q4",0.000946372071883417,1.10735651259183e-05,0.0465622308211324,0.0204290573839167
316,"Q4",0.0558617594115187,0.000367944004969982,0.260220963103722,0.0897574773606766
317,"Q4",0.0178005862732782,0.000194114158084613,0.193110908164055,0.0910688863284706
318,"Q4",0.0134132387994157,0.000150263314728234,0.168042715858437,0.0495015507776202
319,"Q4",0.0418384733086246,0.000348992570828906,0.303886929270888,0.0879520773573196
320,"Q4",0.0535619488598531,0.000356804654425265,0.385126297337207,0.105147476548825
321,"Q4",0.0152769573881422,0.000168902274072112,0.18246217512593,0.0537078617592413
322,"Q4",0.0279713944402822,0.000309130182225358,0.243879209336444,0.0767907290789319
323,"Q4",0.0679441706702058,0.000504569590391728,0.56303687003033,0.152657445973913
324,"Q4",0.0736638684625337,0.000408694307854305,0.386521385895192,0.115994569357707
325,"Q4",0.144926277836907,0.00110255207157878,1.13367708790092,0.270057634127054
326,"Q4",0.022336350984558,9.49569556919296e-05,0.230980093401785,0.0654111308781859
327,"Q4",0.0234297024392429,6.3540084813614e-05,0.205498979683762,0.143927456578997
328,"Q4",0.125830008123227,0.00107504693684713,1.27016404285639,0.287214507708836
329,"Q4",0.0559110957923821,0.000450589030053651,0.507617230789461,0.140742836848939
330,"Q4",0.020594286326487,0.000199904564445044,0.220971335850643,0.0602002525860592
331,"Q4",0.0514397685460644,0.000253492028209771,0.393682282836811,0.101326868273253
332,"Q4",0.00846744961294199,9.20017187503128e-05,0.134428244128328,0.0405693334054704
333,"Q4",0.109156956169107,0.0008666855128537,0.9852739041623,0.212583545518033
334,"Q4",0.0258584834786841,0.000298620498415645,0.236882193390514,0.0706670946913826
335,"Q4",0.0207499549730841,0.000231940342742832,0.204732054861898,0.128296910652352
336,"Q4",0.0189331786584344,8.39172795181327e-05,0.169028068983612,0.185136887198793
337,"Q4",0.0315474874529489,0.000157558619990454,0.183792369070439,0.0562852352034026
338,"Q4",0.0718265873181689,0.000545765828870385,0.518870711727977,0.156196833149239
339,"Q4",0.0588920003398599,0.000443363453326903,0.520691034167235,0.129447236015325
340,"Q4",0.0333605642509056,0.000248102551243233,0.216039513463145,0.116022764615719
341,"Q4",0.00376076828841398,3.13926965455855e-05,0.0335161741606075,0.0279221011123489
342,"Q4",0.00303832737182042,0.000110239212369041,0.0762717234171479,0.0429500633794906
343,"Q4",0.0217955368332152,0.00027054391205529,0.220483914751878,0.0691259056242454
344,"Q4",0.0744712198907269,0.000821897825473981,0.403146119897999,0.118874908234646
345,"Q4",0.000872350582774573,9.85640308238241e-06,0.0403349653212973,0.0130720141182935
346,"Q4",0.0178785893134066,0.000151262626966159,0.20165486653588,0.0569359796368019
347,"Q4",0.0496501237347928,0.000584545278796325,0.334818037468257,0.101335868818358
348,"Q4",0.147084582886142,0.00122980609853141,0.806274825041854,0.201186472945943
349,"Q4",0.115636651448639,0.000863599667034938,0.546525478484397,0.151102704202677
350,"Q4",0.0792374863362788,0.00079739909205893,0.455105528456215,0.125152164097457
351,"Q4",0.0392507817818579,0.000455894430698327,0.295745298031101,0.0891989414508053
352,"Q4",0.0480872588372758,0.000544332044112552,0.324098687022871,0.0979069768755553
353,"Q4",0.0372178331245756,0.000427527946493354,0.287590011905629,0.0860310780312339
354,"Q4",0.0634110692381977,0.000532819052680598,0.357998061130252,0.10713335892172
355,"Q4",0.0171015763812665,7.39707818403623e-05,0.121307795847789,0.149728756791604
356,"Q4",0.0132647996209947,0.000148663823346807,0.165548326255095,0.0514692091856926
357,"Q4",-1.32872779250448e-05,9.27621307046943e-05,0.00518016604707468,0.0460588187586329
358,"Q4",0.0468480004302716,0.000539451872320873,0.321732419026422,0.0948004181740746
359,"Q4",0.10114251267129,0.000842385439928813,0.630325629048635,0.173283976531632
360,"Q4",0.0747255259093258,0.00053041473843297,0.273335965104452,0.0953314435551191
361,"Q4",0.0537830633847296,0.000602778274718632,0.332757908753696,0.0979990866094252
362,"Q4",0.0561833049686395,0.000446134124824303,0.341071622988494,0.0845084618837535
363,"Q4",0.0579701511865522,0.000562976714911795,0.303518878551371,0.120148883618589
364,"Q4",0.0388153736350265,0.000310644483934464,0.134204908680436,0.0820077641039615
365,"Q4",0.0234619727889243,0.000155923923814528,0.189441456338509,0.0585868895445392
366,"Q4",0.0127953962559122,0.000146712684729794,0.173820181467827,0.051217018537956
367,"Q4",0.000342242826224748,3.82468378471726e-06,0.0254506136962808,0.00800950585472015
368,"Q4",0.00114446327857465,1.25827096903562e-05,0.0485118211377418,0.0284495464059691
369,"Q4",0.0548467481213439,0.000311151895104933,0.388122308722427,0.0933736016247726
370,"Q4",0.0165656473136266,0.000187397464797663,0.19262489414775,0.0574465701738262
371,"Q4",0.0342639891426568,0.000173728461081002,0.0999016972973268,0.0688228418945317
372,"Q4",0.00356409931879753,3.86030512174959e-05,0.0873384197508339,0.0306849929697272
373,"Q4",0.00415550867584535,5.13389435092438e-05,0.102412062125339,0.031146970937771
374,"Q4",0.093423592606781,0.000768170834397384,0.569925933773114,0.153185774851611
375,"Q4",0.0594253923423249,0.000466508949872516,0.381473491172114,0.11071635571177
376,"Q4",0.0188099518952392,0.000212458585254394,0.201967427911768,0.060145135626189
377,"Q4",0.0806896060951789,0.00065605750316733,0.598147195826928,0.184572423995876
378,"Q4",0.022800539781386,0.000181974156129168,0.165131241052108,0.0623087947279256
379,"Q4",0.00143060848909649,1.84683699654631e-05,0.0542376780977202,0.0222204261152891
380,"Q4",0.00574845827933856,1.41198987930001e-05,0.0615494336246706,0.0223638728520538
381,"Q4",0.0156592059460312,4.89283156519327e-05,0.118674059541308,0.050952591442637
382,"Q4",0.00389518357799901,4.31603044555162e-05,0.0933310034576525,0.0735930119104101
383,"Q4",0.0655677286870802,0.000515926119620466,0.466479944353618,0.10915337201689
384,"Q4",0.037670375505531,0.000163314007160374,0.519682836593887,0.266848627333114
385,"Q4",0.0597050021188288,0.000368301350351062,0.606257508703163,0.14317085685258
386,"Q4",0.0469421070054423,0.000274182313860212,0.327191502494179,0.0847814643161171
387,"Q4",0.00859744189057743,0.000131689522677759,0.131895036588504,0.0482894816979094
388,"Q4",0.0452473957540978,0.000183153194743206,0.307264521932803,0.13050723076197
389,"Q4",0.114318105203957,0.000883008435066616,0.34151273200509,0.201276881099534
390,"Q4",0.0734545767272898,0.000713713067854236,0.41003510169099,0.166275665896793
391,"Q4",0.0385459742638137,0.000259103459571816,0.367139085416527,0.095983185624427
392,"Q4",0.0780021251621807,0.000920406838285399,0.413093538857538,0.125432120624101
393,"Q4",0.0228905872984377,8.22865870402473e-05,0.15247850459521,0.0806219041449023
394,"Q4",0.0435722311806739,0.000312428943949735,0.377525598163093,0.0946072523919973
395,"Q4",0.0138881669402071,0.000102878617183861,0.132795382730824,0.0987904363950361
396,"Q4",0.0593152710040545,0.000437613860624396,0.282495914670633,0.0877990579256913
397,"Q4",0.00902681812801731,0.000105674338718831,0.141111090051863,0.0456911657490298
398,"Q4",0.0134709404428612,2.92413019567744e-05,0.115335522635644,0.0421584487762919
399,"Q4",0.0061140920203524,6.69001796833406e-05,0.116452878802402,0.0696130244203959
400,"Q4",0.0128609537848803,0.000262372335916475,0.164542033030352,0.0635474606729541
401,"Q4",0.0899492595157092,0.00057144201360676,0.454520377316119,0.103984528766461
402,"Q4",0.0952059945538277,0.000783915139673388,0.638487535531447,0.152496471201933
403,"Q4",0.0297785450295525,0.000181032253607563,0.415576612432877,0.0941986561822404
404,"Q4",0.0230922293617031,0.000255473534772691,0.224009220395073,0.0678677990271699
405,"Q4",0.0476437269868679,0.000590798227439875,0.321069126142704,0.0994313899739352
406,"Q4",0.000442284993692255,5.2564467827105e-06,0.0313174437636919,0.020545277601474
407,"Q4",0.0400059323386195,0.000222687528186515,0.296328667311624,0.0734472387628287
408,"Q4",0.0373859476799954,0.000248575744869834,0.45052947692209,0.116505315015192
409,"Q4",0.0157651589814307,0.000173446164201229,0.179542911632013,0.0535684631177695
410,"Q4",0.0570469989341245,0.000512025586311536,0.57094372527213,0.360515077872901
411,"Q4",0.0491402963920251,0.000381895483545606,0.500795336434205,0.129259913171726
412,"Q4",0.0348184245972227,0.000395582835232293,0.278323556804991,0.0917281893688905
413,"Q4",0.016350290715895,0.000207943043555185,0.187080919663304,0.0579231910146024
414,"Q4",0.00388786565939547,4.42260983722391e-05,0.0917342948917013,0.0404152577731589
415,"Q4",0.0631895597376619,0.000365368249071377,0.64797908589131,0.198031971715825
416,"Q4",0.013029785510577,2.35665573158488e-05,0.141298952796594,0.0454307227205805
417,"Q4",0.0491818585308632,0.000391021549346491,0.494263916684179,0.118570441313364
418,"Q4",0.00951217760582423,0.00010501890569472,0.141406682246947,0.0445302120135238
419,"Q4",0.0604817170929675,0.000483293024902353,0.471299269703978,0.125265817771337
420,"Q4",0.0475944144477491,0.0004336036515799,0.315355294846365,0.0923446490640266
421,"Q4",-8.39540788000193e-06,2.11116890524481e-07,0.00661001882116165,0.0136408904930984
422,"Q4",0.0251703202035927,9.73842117212077e-05,0.194918788532458,0.0640147836061326
423,"Q4",0.0444061788520109,0.000299840471810577,0.253117652940848,0.0739567595148869
424,"Q4",0.0601214535481276,0.000375162156410105,0.36434110018005,0.103044438977877
425,"Q4",0.00273654441831361,2.99730679073217e-05,0.0769691586261697,0.0236364590789909
426,"Q4",0.0179837101327678,0.000209606700775553,0.200198788496631,0.120033262210798
427,"Q4",0.0451688696997952,0.000249061712638224,0.318350020594038,0.0900367557275644
428,"Q4",0.0313646390061937,0.000198452518024111,0.387763570938132,0.0992419297717545
429,"Q4",0.0454887119443796,0.000329990286309802,0.28293514561219,0.096794078943363
430,"Q4",0.0211051952975438,0.000221448258668991,0.208313028776317,0.0660220920196527
431,"Q4",0.0869155729669373,0.000657043015999256,0.422593321268611,0.127653652340694
432,"Q4",0.00949681161014482,0.000100199070289614,0.140336407011874,0.0450100740619268
433,"Q4",0.065932932397196,0.000500203517763408,0.550046370072306,0.157743687354128
434,"Q4",0.11398028721047,0.000925779756922163,0.673420512988971,0.157505901545831
435,"Q4",0.0125887992847868,0.000139849004906959,0.16487808016284,0.0489310769589473
436,"Q4",0.00122214849669078,7.35872460508321e-05,0.0494929544748894,0.036977921158554
437,"Q4",0.109927561576576,0.000751753787351729,0.338364863322318,0.104908091859102
438,"Q4",0.00801520267151901,0.0001033629969964,0.141772346425184,0.0426841871888223
439,"Q4",0.0222797442184923,0.000254542717334789,0.21805895183611,0.0643970853668675
440,"Q4",0.0928090265799142,0.000694412223608123,0.572671913142437,0.147159562475378
441,"Q4",0.0619293067925657,0.000382814521315609,0.481091309017457,0.14839969840035
442,"Q4",0.055302685091192,0.000465448504807862,0.338979248315711,0.0994195401364791
443,"Q4",0.0354842150646171,0.000172627788665729,0.271203468942636,0.176886300210406
444,"Q4",0.128097419550183,0.000927846667612945,0.498003594452128,0.142826595308628
445,"Q4",0.0626005738080515,0.000397955771383832,0.295463243202689,0.0670593360980504
446,"Q4",0.0818400115623596,0.00068044223370493,0.314225722793763,0.133392491557547
447,"Q4",0.0647385326171506,0.000521702929103995,0.382556924913445,0.114123491767657
448,"Q4",0.0421429384489418,0.000249342452141857,0.283044613989348,0.0870138017818943
449,"Q4",0.0121494998655276,0.000145083511727803,0.163357400760394,0.0572092173317655
450,"Q4",0.0547769976645522,0.000487463243120201,0.304530470907811,0.0923976208140275
451,"Q4",0.0911297831800901,0.000575213042106929,0.693480385317082,0.178459293990242
452,"Q4",0.0973457644757936,0.000791099223174072,0.439327032757137,0.125034440091413
453,"Q4",0.0227630214027812,0.000156555845583273,0.254179980531814,0.0745524753200733
454,"Q4",0.0827835038299902,0.0006645285933366,0.702517044658082,0.154110189476993
455,"Q4",0.110245465741738,0.000877190090272573,0.878484716801043,0.231636241069989
456,"Q4",0.0177869253362246,0.000320509551047171,0.203296068026988,0.0768828830305501
457,"Q4",0.0348994321173013,0.00038808673132988,0.275753965079401,0.0835466924912882
458,"Q4",0.0304730294939137,0.000343732348182332,0.256488377839375,0.0756497534603404
459,"Q4",0.0548210198927723,0.000414878338606391,0.264977417166561,0.0846636037160688
460,"Q4",0.014575736381266,0.000122395147485277,0.12511471524586,0.163401001368573
461,"Q4",0.0340047707835467,0.000261061041696064,0.350333184552252,0.0929635522463363
462,"Q4",0.0148154277624144,0.000162303610365709,0.17545129786237,0.0589028520743061
463,"Q4",0.062805808824038,0.000485880953858013,0.694277128677592,0.17007552930894
464,"Q4",0.0950520418882483,0.000702516188190287,0.334901262328484,0.0782518714812323
465,"Q4",0.0532218040472667,0.000597791617767925,0.335494137966283,0.10266568575727
466,"Q4",0.0925823581213123,0.000688037004961068,0.738763999678626,0.173623100008123
467,"Q4",0.0250973457261274,0.000321077590492308,0.232827483157208,0.0712550194260394
468,"Q4",0.00411543248651292,8.23280739113446e-05,0.0954695423477564,0.0685239596914068
469,"Q4",0.160145683912036,0.00134207101249677,0.976722261157291,0.249291414086572
470,"Q4",0.0404947611526687,0.000452201602169033,0.291814251348316,0.0861288324702174
471,"Q4",0.022963374642071,0.000245051468534335,0.212987384337964,0.0718617211073262
472,"Q4",0.0460793505112669,0.000511853113679738,0.315485509473858,0.0990844037740079
473,"Q4",0.019271821859121,5.96928974851272e-05,0.195736799936446,0.0603978984236117
474,"Q4",0.0052686494270624,5.26242817971149e-05,0.103161588683339,0.0444473568605662
475,"Q4",0.0684519033063449,0.000528137118759137,0.779070837462748,0.180454562349208
476,"Q4",0.0372200786435251,0.000251909892546951,0.271185475516631,0.0846518430153088
477,"Q4",0.0332195400715776,0.00036752926396835,0.269656402557556,0.0810179151130613
478,"Q4",0.020478815072881,0.000228684110537644,0.207778143086814,0.0613539159731613
479,"Q4",0.0434170749442,0.000332309027301885,0.299229286352859,0.0957151841866192
480,"Q4",0.0157219672644935,0.000175050928029648,0.17809080737959,0.0533234018875266
481,"Q4",0.0281107141768082,0.000329875861839875,0.251221450931784,0.0760121452554968
482,"Q4",0.0235601324529569,2.78650888307794e-05,0.225058137512664,0.0662037854770735
483,"Q4",0.102098980867959,0.000863892396110838,0.823433744307923,0.207983522681242
484,"Q4",0.00609030651438403,0.000109765627391844,0.109329097116444,0.0561802677572002
485,"Q4",0.0762722727894758,0.000426086430080675,0.424708491025233,0.107938958174566
486,"Q4",0.0880722810329821,0.000696719917336797,0.666510915276677,0.166159400867324
487,"Q4",0.000130196117497761,1.39719681042967e-06,0.0158401797843772,0.0487128594638611
488,"Q4",0.00883550693033008,0.000100088113383791,0.139663148021753,0.0712024247116349
489,"Q4",0.000944013406327215,1.87522179960897e-05,0.0604216526436347,0.0181614580513716
490,"Q4",0.0223844863376712,0.00025120523846329,0.225399443140756,0.0791857843874983
491,"Q4",0.0481724921300177,0.000292996133503532,0.299908716843814,0.0949408521555739
492,"Q4",0.0584764680036436,0.000589791580984099,0.367889962774856,0.110676243481894
493,"Q4",0.0123705183994716,0.000145774539706248,0.164980939236234,0.0497891510044814
494,"Q4",0.0581295987596668,0.000394363254528474,0.253968351356044,0.249119186864816
495,"Q4",0.0839524162198408,0.000684905223891178,0.387534003792585,0.122188526413748
496,"Q4",0.120109686313132,0.000906396870362251,0.873016322843642,0.208378030316203
497,"Q4",0.022884398949758,8.9210361049566e-05,0.211273739245809,0.061047038319049
498,"Q4",0.0332455731959822,0.000209766491034986,0.160391560062077,0.047209210639508
499,"Q4",0.0238485257503775,0.000169033320917383,0.196588889890989,0.0711765693857579
500,"Q4",0.0186573254463465,0.000205019147323386,0.202915229348833,0.0814047257711547
501,"Q4",0.0134612850966924,0.000169641864236933,0.16974601580599,0.380595058239249
502,"Q4",0.0862297592567263,0.000604410031574204,0.337502387939286,0.0994548143368122
503,"Q4",0.0474016718710804,0.000380107054337322,0.239835918642469,0.207096080697056
504,"Q4",0.0612200167404389,0.000479194336953938,0.342457537383634,0.106150436536298
505,"Q4",0.00145434710536918,1.57127251558825e-05,0.0554872448806864,0.0324563191818742
506,"Q4",0.0124221103775035,5.79215261674039e-05,0.147265496841719,0.0428941713164886
507,"Q4",0.0638336758641316,0.000479748113703932,0.552705532690505,0.138614550777396
508,"Q4",0.122421799378605,0.000906934640570384,1.08425159375186,0.243292958440412
509,"Q4",0.0291200730204242,0.000451482279091142,0.244309213739583,0.0857269121727736
510,"Q4",0.0244318736505083,0.000271054801038213,0.225742269300914,0.071721392533425
511,"Q4",0.064605459968103,0.000345008277157348,0.555581850716569,0.474025277458989
512,"Q4",0.10916046018111,0.000874325425509315,0.829136465798234,0.199051581086349
513,"Q4",0.0592490283459934,0.000485795115592151,0.44798829923308,0.146328706216031
514,"Q4",0.170625821133607,0.0013291859773738,0.630389655283374,0.164315614750079
515,"Q4",0.0132099998955884,0.000205585327651151,0.155030906704427,0.0600260000405927
516,"Q4",0.0336372499834816,0.000455667196265414,0.206230613954509,0.109808528550155
517,"Q4",0.0424819105911709,0.000470477017336034,0.304182962174633,0.089842016085001
518,"Q4",0.0309461498061818,0.000333142333505625,0.252253976348694,0.0753567346489022
519,"Q4",0.0881109149848456,0.000674919272535791,0.432626668699507,0.102841392867501
520,"Q4",0.0214789302831626,0.000152648887366722,0.207542809325193,0.0653411885647449
521,"Q4",0.0527784532707471,0.000389145509098116,0.463170032832083,0.151991352583027
522,"Q4",0.0161996858664235,0.000178336499969585,0.185791784895505,0.0547739452012245
523,"Q4",0.0152926920525793,0.000173229062187542,0.182318617173269,0.0634641390376811
524,"Q4",0.00948009252986104,0.000105219133295605,0.14149230332675,0.0454296981101128
525,"Q4",0.00241739853567502,2.52962545512193e-05,0.067904782920207,0.0624687593933783
526,"Q4",0.0377157265097754,0.000294891650745201,0.445528620787883,0.106750700738144
527,"Q4",0.0409539673355184,0.00024236424408185,0.448184539610867,0.119116150111939
528,"Q4",0.0103464730639669,0.000135549159657,0.150134312543815,0.192757024527419
529,"Q4",0.00561262582014344,6.07433051894611e-05,0.107499906467365,0.0316575313595009
530,"Q4",0.0113387377869163,0.000274803320741401,0.108825671356438,0.0661427787845207
531,"Q4",0.0068339622003073,0.000123536086036864,0.119700144259046,0.0630648067310478
532,"Q4",0.101235211062328,0.000742236063340729,0.588415398273755,0.138467005704166
533,"Q4",0.0401584368191212,0.000253087358775121,0.298075899398059,0.0902915441774504
534,"Q4",0.00740682579757035,0.000192044317194991,0.124525302857751,0.0590743233578642
535,"Q4",0.00384071981988221,4.75836727735753e-05,0.0973972962707084,0.0304693651435089
536,"Q4",0.0211615699722074,6.53043390052171e-05,0.209286090303819,0.0616415327264575
537,"Q4",0.0508658634645531,0.000417428372896639,0.614476952773845,0.138349192979915
538,"Q4",0.0142661556436128,0.000153757577948219,0.171274961884614,0.0536957591956991
539,"Q4",0.0201083883739344,7.72807496607828e-05,0.197711578833459,0.0640672887880366
540,"Q4",0.052018842281786,0.000354722212827592,0.496920740853021,0.133370990237173
541,"Q4",0.0302283097409273,0.00022203348987166,0.22063728912284,0.108407214252514
542,"Q4",0.0236064558333293,0.000307200837598097,0.187379106945211,0.0577222578149185
543,"Q4",0.0316542544473677,0.000356990835780942,0.256421746081681,0.0755685628072624
544,"Q4",0.0470901154436341,0.000550071000339919,0.313497538760617,0.154937687825212
545,"Q4",0.0140596996583398,0.000157278931659248,0.178081221710653,0.0684712010339653
546,"Q4",0.0535055560311921,0.000367531258415687,0.114865373870677,0.0324398625228177
547,"Q4",0.0319904030321858,0.000282893925217376,0.258114418186984,0.0759861870456134
548,"Q4",0.0433449620128421,0.000463212059369454,0.421818414073488,0.131216512381725
549,"Q4",0.161376784967358,0.00126906276562327,1.07055989862916,0.245722622570427
550,"Q4",0.0240920376133111,0.00026717320538246,0.225119674747556,0.0730331061072637
551,"Q4",0.0536450467314307,0.000499690078174694,0.553966224042292,0.145475654781404
552,"Q4",0.0133245807008588,8.54170588707052e-05,0.133355255215551,0.0411821404839921
553,"Q4",0.000904415003340375,1.19581285253234e-05,0.0471817014519012,0.0235306394812084
554,"Q4",0.0902028663750318,0.000663660937147619,0.6723851360637,0.161762371719756
555,"Q4",0.0246927251720379,0.000272234226746011,0.224978687979004,0.0669859260751582
556,"Q4",0.0755770167982863,0.000610972577422536,0.721816119053842,0.166040412822064
557,"Q4",0.0367094967089585,0.00040547721507184,0.288242267192041,0.0850813284282613
558,"Q4",0.0673236826780368,0.000528500673419189,0.470140007380019,0.133020313550676
559,"Q4",0.0144170358032785,0.000260530518943893,0.175822842256442,0.064073811468559
560,"Q4",0.0142267332065877,0.000185928487818866,0.17423963819284,0.0547845154020008
561,"Q4",0.0238781670529633,0.000210407796995771,0.231385885842012,0.0939465719215169
562,"Q4",0.0291076725589061,0.000347970057249289,0.253720429893757,0.0767991430635004
563,"Q4",0.109018907387174,0.0010375036383571,0.713913705792803,0.196457020395451
564,"Q4",0.0747226397362848,0.000615908262713149,0.406758950819878,0.121134915676348
565,"Q4",0.0335757566108903,0.000365221883737673,0.259994660203817,0.0765792535404773
566,"Q4",0.00735699711839288,1.26088390591047e-05,0.048306333442714,0.0159019421856809
567,"Q4",0.00915523083525827,9.65967797942022e-05,0.139189122218377,0.0438253271904467
568,"Q4",0.0152153940831745,4.41419790574606e-05,0.172966660478179,0.0550733886189569
569,"Q4",0.0563639712530808,0.000346518050442038,0.358483812063482,0.118249858453019
570,"Q4",0.034362676575082,0.000186037570430411,0.151754582013639,0.0553042819389386
571,"Q4",0.00999600466724182,0.000112260406200929,0.147823913963003,0.0618598317697334
572,"Q4",0.0215058013158593,0.00037884373569814,0.203029137107572,0.0757253803915271
573,"Q4",0.00532251867740108,6.03483864536285e-05,0.107767042384843,0.0845486093633406
574,"Q4",0.0164916511839124,0.000193227705731864,0.184974657722754,0.066603667044642
575,"Q4",0.0146851753198884,0.000144705611489505,0.163965711216236,0.0520577478158064
576,"Q4",0.111615860153069,0.000879153410247375,0.453032580565932,0.134764668700104
577,"Q4",0.067252979500962,0.00036967562923257,0.481696362015171,0.161191613884655
578,"Q4",0.0633891079259499,0.000372360663118518,0.615877918023216,0.207233874641913
579,"Q4",0.0198963897336242,0.000214321484145302,0.199591449262531,0.0588312510493336
580,"Q4",0.0231407301863733,0.000317051557256123,0.226142396238669,0.0727330010899994
581,"Q4",0.076070724572844,0.000543615906328113,0.353734187319646,0.0899332105279945
582,"Q4",0.0439217521894868,0.000301969898008714,0.580517235779446,0.120684714585131
583,"Q4",0.0469922822713862,0.000310985679903118,0.112822309116072,0.0337524230084678
584,"Q4",0.0121941886379933,2.22130502086681e-05,0.131731006464449,0.0400299515836765
585,"Q4",0.0252504110108642,0.000276506602314946,0.234989266489265,0.0695284646404702
586,"Q4",0.0386430546766015,0.000312937804038516,0.242684250929135,0.0837836168586871
587,"Q4",0.0388586904725283,0.000432106005271183,0.2847236229429,0.0847712081301805
588,"Q4",0.0245599042853026,0.000270874687844377,0.224151810606852,0.0661063909980096
589,"Q4",0.0463803941870111,0.000274247089237462,0.273333525019026,0.0878128718344343
590,"Q4",0.00627085252214599,6.86996557173117e-05,0.115924190421733,0.0341723928947614
591,"Q4",0.0297548786812882,0.000332368849383163,0.248796829851442,0.0740210845741797
592,"Q4",0.0645648183738707,0.000732083168352357,0.383030922678013,0.112934230560412
593,"Q4",0.0311007209852789,0.000376174119806435,0.257360023112489,0.0788885798575154
594,"Q4",0.016869472801547,0.000185361685037669,0.193323915052729,0.0603961694590301
595,"Q4",0.090277633787089,0.000624035736357107,0.47151685520345,0.190618167229696
596,"Q4",0.0455923416220791,0.000385836824723423,0.335196242803509,0.0762598677052208
597,"Q4",0.162063433830072,0.00140806745244774,0.977594533931739,0.207777587941909
598,"Q4",0.0872856472933812,0.000609344649799197,0.465061729448403,0.13416403475078
599,"Q4",0.10541740131409,0.000885577118802952,0.511661519321613,0.1218854246239
600,"Q4",0.0691734358741929,0.000452914811322637,0.421835793422111,0.15503899407269
601,"Q4",0.015068911974339,0.000176004081625667,0.184285853961493,0.0579155309598185
602,"Q4",0.0286538639935099,0.000363348679034,0.249718680211188,0.0807712213850258
603,"Q4",0.0373060433791057,0.000402722758390961,0.278170959519417,0.0819314554673105
604,"Q4",0.148080375563522,0.00124458043217921,0.887839447770031,0.230270139507067
605,"Q4",0.00969389216436767,0.000125680784705777,0.145007890053079,0.211870523627111
606,"Q4",0.0939543754033192,0.000570851224308369,0.87875879044452,0.172276588327288
607,"Q4",0.052643391591209,0.000343051226561682,0.524419411633355,0.127924416174504
608,"Q4",0.00481162720379125,7.27655241538326e-05,0.100714498075158,0.0341927663204993
609,"Q4",0.0499811214002381,0.000345912166495406,0.286351130776867,0.0949499441395538
610,"Q4",0.0336081680157072,0.000372669965332739,0.267607317900172,0.0878465536320921
611,"Q4",0.133153705043206,0.0010323600459615,1.118742332748,0.247932678041333
612,"Q4",0.0194191275648485,0.000210512780580885,0.203948878796357,0.0632538374161059
613,"Q4",0.0920350087236947,0.00102570401430709,0.453539071371888,0.139797905615575
614,"Q4",0.0599772596535466,0.000455944448415512,0.340989516387852,0.106030594025448
615,"Q4",0.0516682418437444,0.000356983473568874,0.630834713509378,0.13319723692347
616,"Q4",0.0367924630547893,0.000219069913065016,0.299927661214811,0.0901896394229055
617,"Q4",0.0280478839058542,0.000325386911648765,0.248488960750967,0.0732235690689518
618,"Q4",0.028307417142921,0.00031675632672302,0.243574907992499,0.0722809538359143
619,"Q4",0.0703027300803551,0.000406572380033721,0.565121114720293,0.137978039976354
620,"Q4",0.014234806419541,0.00021219550442748,0.17463999416776,0.059791641601993
621,"Q4",0.00929246681042883,0.000101280710029021,0.141102316737328,0.0416423930433334
622,"Q4",0.0628658593608247,0.000635362575080454,0.566250436214666,0.142798194272969
623,"Q4",0.0448265459969779,0.000373539450489833,0.310689627631011,0.0946809289125828
624,"Q4",0.0406068343426007,0.00035368026513326,0.404145667433078,0.12346757877849
625,"Q4",0.0770986634178747,0.000532199364508852,0.568461418645768,0.165082225718528
626,"Q4",0.0436027225797844,0.000285934231283308,0.452130198553617,0.118931168608744
627,"Q4",0.0859515418907595,0.000536054005024897,0.722540904513078,0.160799856281996
628,"Q4",0.0317146993544313,0.000128088874234922,0.39092880818296,0.082851923034961
629,"Q4",0.0238960284204541,0.000267738216099219,0.217784253402503,0.0646286162217868
630,"Q4",0.0815227256614648,0.000588846683089283,0.457205575875291,0.132690819768144
631,"Q4",0.0518139419887316,0.000322706318639125,0.320680219346191,0.0986680724398021
632,"Q4",0.0560076529493472,0.000653575701395954,0.339844048922884,0.10315861318084
633,"Q4",0.0789920844265968,0.000549834090717004,0.608718038526686,0.158228473726569
634,"Q4",0.0290934254043655,0.000325799919989147,0.256653002278129,0.0756076986650806
635,"Q4",0.0558340205501953,0.000636174372444732,0.358691748986151,0.158010411581404
636,"Q4",0.0359523783891369,0.000421093386274645,0.275192936777345,0.0832459111683614
637,"Q4",0.0204581511224369,9.73045556724449e-05,0.204633822134515,0.0602717440205253
638,"Q4",0.0673421009899933,0.000544562473182157,0.246185122519947,0.429557152340738
639,"Q4",0.0845993110528482,0.00047607281445622,0.541383843132093,0.15158152684163
640,"Q4",0.0806562430060822,0.000487896387154532,0.685843630187977,0.13480465389795
641,"Q4",0.0189952049867461,0.000245094265767425,0.197921541234356,0.0649491999839761
642,"Q4",0.0761228587224423,0.000857857226273785,0.398822914081319,0.120873189952402
643,"Q4",0.047116523707583,0.000521989528834058,0.322085493812462,0.0955998159897793
644,"Q4",0.0195228526761664,0.000219189619112291,0.20456947791974,0.0759358386145533
645,"Q4",0.0344622784149529,0.000384809394300781,0.287459545725762,0.0869313701535284
646,"Q4",0.0111713708990795,0.000240634001120923,0.148109256162195,0.0617676545020813
647,"Q4",0.0737151265935889,0.000488385982979682,0.402712121721937,0.120905290341932
648,"Q4",0.000518922084241424,5.28014523540344e-06,0.0318648008613573,0.0110509271758834
649,"Q4",0.0193055980321741,0.000310729172300106,0.199512449665561,0.0725900665642728
650,"Q4",0.0682003692864228,0.000391253611928715,0.455384930927811,0.151550092571949
651,"Q4",0.0233502942355539,0.000259815863303399,0.219561651036816,0.0664655150698946
652,"Q4",0.0476442039531833,0.000311970997132287,0.354195917683043,0.113941426569858
653,"Q4",0.056714047489498,0.000271238649870416,0.404058389283537,0.107063884951915
654,"Q4",0.0368810512373496,0.000216597139275226,0.122826231944735,0.0370110221925983
655,"Q4",0.0326060007829678,0.000260721250516566,0.197995967377838,0.0568103702905868
656,"Q4",0.00102293117254604,6.63707055579142e-05,0.0464703785070495,0.0328263776451681
657,"Q4",0.137203023207206,0.00112436263390555,0.851559912548491,0.201766068468467
658,"Q4",0.0589007006760927,0.000432513895955258,0.495247556010134,0.124354371851421
659,"Q4",0.000361600119642702,9.62360972807276e-06,0.0284064969267789,0.0616674006614624
660,"Q4",0.0183746388751285,0.000314042755408798,0.18066787942005,0.0685311826653167
661,"Q4",0.0132929625818274,5.27145654864018e-05,0.148652920073165,0.0440757304655617
662,"Q4",0.0793901444166991,0.000638836034941396,0.542972978035775,0.152774614181921
663,"Q4",0.0250567339298708,0.000397536811471848,0.230559564241014,0.0848080991648494
664,"Q4",0.0635646502428688,0.000505691970673341,0.467030169157129,0.126091762815112
665,"Q4",0.111333527293578,0.00100585160607206,0.374854021810877,0.120555400510495
666,"Q4",0.0779495207232994,0.000985072430683691,0.412303110944614,0.128056782983496
667,"Q4",0.0284430293859206,0.000315746736184959,0.241165353018666,0.0773386001993668
668,"Q4",0.0856402311197453,0.000624169324085448,0.801570629708303,0.189907338711511
669,"Q4",0.0443587351167203,0.000226850633230458,0.301843701072684,0.0817457949202594
670,"Q4",0.00209661303123454,2.16087324574662e-05,0.0649177498172179,0.0191460238556417
671,"Q4",0.00840646781792564,7.70963988377052e-06,0.0964613490915239,0.0276493246824961
672,"Q4",0.0187623699210935,1.06342738364069e-05,0.195679826571617,0.0685818343289642
673,"Q4",0.0854334656914073,0.00060237965066742,0.426171935605526,0.106768313340041
674,"Q4",0.0121827088086395,0.000137685427981114,0.163606620991457,0.0887911903415782
675,"Q4",0.0279797992689232,0.000149934173718875,0.234827285757097,0.0856584108625928
676,"Q4",0.105040791758887,0.000807260035196966,0.722800702596254,0.186271043933318
677,"Q4",0.00234857092213758,3.40082266783423e-05,0.0672605823236263,0.0231345318100355
678,"Q4",0.00800354757123145,9.87967874993335e-05,0.127687599912215,0.0397287015383645
679,"Q4",0.0122670247043555,0.000210710482034833,0.162967523422204,0.0598704560788022
680,"Q4",0.00622606475726606,6.517354773668e-05,0.113324040491671,0.541564913316734
681,"Q4",0.0636188979077748,0.000197018657548976,0.3643418718478,0.113836464158386
682,"Q4",0.0394071236717295,0.000217340743107824,0.1258733289311,0.0581548773297433
683,"Q4",0.0095566958060207,0.000105967180979198,0.144689600829232,0.0460851498994049
684,"Q4",0.0227758795888846,0.000185467243225566,0.189975359625717,0.0648942072861019
685,"Q4",0.092664738334598,0.000704843812901701,0.833041482766506,0.214660105894879
686,"Q4",0.0424148478298321,0.000231476659170536,0.199504644687907,0.0666830926775841
687,"Q4",0.0826386529590728,0.000932947019125407,0.413111869048028,0.121730646040673
688,"Q4",0.158157193595015,0.00132957900583811,0.837961009890872,0.216222241174107
689,"Q4",0.0227145642972761,0.000260113250526811,0.222595388010776,0.0693988476218122
690,"Q4",0.0723742157123635,0.00080049611980401,0.375634286760252,0.112253614593496
691,"Q4",0.0394560270223554,0.000522763847545346,0.301685780905321,0.0938726941614749
692,"Q4",0.0219096781644375,0.000242404664963799,0.213046914966191,0.0630022549567567
693,"Q4",0.00811602429296876,8.86022960745804e-05,0.130590296829906,0.0496977246134204
694,"Q4",0.0523849050126799,0.000434479632164235,0.152983150031736,0.0607646096498906
695,"Q4",0.0243909675977267,0.000273327839307702,0.223985029466562,0.0724054389888243
696,"Q4",0.0837642821904083,0.000537058960657387,0.564406731530847,0.197274691681724
697,"Q4",0.0467564410530485,0.000795714432721955,0.312487013182828,0.102335806340511
698,"Q4",0.0040655244065011,4.11552197409893e-05,0.0885793126162816,0.14275473821898
699,"Q4",0.0653792138392291,0.000478571887849575,0.52688968480568,0.158660886762594
700,"Q4",0.0209314313447884,0.000235376249497033,0.209697827839969,0.0624541298919019
701,"Q4",0.00718857234151571,8.65822029597097e-05,0.121811172771596,0.0386832278716975
702,"Q4",0.0447753432526206,0.000303690696192246,0.469630614422822,0.117853761109356
703,"Q4",0.0153026427912923,0.000150337443465931,0.173995792184893,0.0524371799526475
704,"Q4",0.116642672689006,0.000948622173222775,0.631689808856267,0.157876129071916
705,"Q4",0.0946066987408329,0.000815525467901239,0.582945561029922,0.156682234437427
706,"Q4",0.028820833860058,0.000308663318966783,0.20437938626931,0.0921825161580955
707,"Q4",0.0378378140702225,0.000331619181595846,0.310616792618738,0.131540293177207
708,"Q4",0.039858296445896,0.000184982268949283,0.470174757157783,0.117048958567133
709,"Q4",0.117662563476095,0.000940395626941905,0.930461591744834,0.220809363451342
710,"Q4",0.02581398503564,0.000345176711763134,0.242320668132358,0.454260360792733
711,"Q4",0.0246954286748196,0.00034442131843314,0.230303141684959,0.0786442405621903
712,"Q4",0.0527200400810237,0.00036623295230114,0.323368877183257,0.101862205393284
713,"Q4",0.0108798504377283,0.000116673304416529,0.151432210548109,0.0531591951349183
714,"Q4",0.0267080642579121,0.000310920734744773,0.245696762773835,0.0780435459420357
715,"Q4",0.058052954625591,0.000353029905563218,0.480307120246393,0.115963113806811
716,"Q4",0.0951881347000416,0.000795520374848938,0.561856726022942,0.172359199984067
717,"Q4",0.0434495108088075,0.000478137884230684,0.304836382490824,0.0899543300618948
718,"Q4",0.0710324518887262,0.000498742759396339,0.706512758942389,0.234599353405056
719,"Q4",0.0586524477347385,0.000346808769767737,0.508334901600984,0.133010993389815
720,"Q4",0.0249360592083008,0.000218708836170565,0.184537580957138,0.067467173053065
721,"Q4",0.053565554233618,0.000339801900712093,0.226687217830184,0.0605573204094015
722,"Q4",0.0564153016489595,0.000341258531875503,0.631094506282688,0.162534359173417
723,"Q4",0.0402452054436431,0.000308526717496398,0.279060660965292,0.0809795973975939
724,"Q4",0.125807772151672,0.000860559228570525,0.733944210927341,0.165905561070656
725,"Q4",0.0251636797516213,0.00015999726950315,0.254105687429135,0.0591888789644649
726,"Q4",0.0748021575187696,0.000518974103294212,0.665290953061141,0.157787752132599
727,"Q4",0.0248328082755283,9.57638908240779e-05,0.192642298008353,0.064352933143067
728,"Q4",0.0867360316293766,0.000590972938674261,0.608840216629762,0.175559216345901
729,"Q4",0.079143083654845,0.000727350129111639,0.277493027107777,0.091982952447416
730,"Q4",0.00806810960685667,1.02567936910704e-05,0.0521489364208893,0.0428343410624885
731,"Q4",0.000316154533628321,1.91816322795691e-06,0.019730196177244,0.0332481509294147
732,"Q4",0.0279436879570909,0.00031054890319905,0.2477768283864,0.0806681476679346
733,"Q4",0.0202218580849269,0.000232462469976906,0.208652450161467,0.143778128317962
734,"Q4",0.00467761601701078,4.97851550767757e-05,0.0972586326283131,0.0286416906426287
735,"Q4",0.0125932917308464,4.04568321866693e-05,0.143339224420557,0.0440486188686151
736,"Q4",0.076685438468564,0.000455168104020438,0.610776405519883,0.143971702146246
737,"Q4",0.00299076134158227,3.03758622902545e-06,0.0330409564142272,0.0487106418031177
738,"Q4",0.0595176490776304,0.000467388912435235,0.323388911235099,0.0820270496192778
739,"Q4",0.00693541016516974,8.52931946629584e-05,0.121014506532817,0.108959868567401
740,"Q4",0.0262418130711861,0.000290698593024845,0.240774515890269,0.0709280071371791
741,"Q4",0.0683881848553636,0.000544542631112052,0.333480024531398,0.121337858321288
742,"Q4",0.0288329189293126,0.000336421364622772,0.252643025336198,0.0760729906142199
743,"Q4",0.0340229599966424,0.000164788389185149,0.287733871306957,0.085909953238451
744,"Q4",0.0427896723129848,0.000518903223527356,0.275620880250947,0.0931726890354608
745,"Q4",0.0110289261491037,0.000139317168667579,0.154509534964152,0.133232551537785
746,"Q4",0.0344930577569027,0.00037966645744494,0.267366850284163,0.155276383963748
747,"Q4",0.026726446713246,0.000303113519054631,0.239391549833115,0.0713201724659843
748,"Q4",0.0650387581763692,0.00050414436164274,0.554316820652902,0.131807338011862
749,"Q4",0.0467715395956017,0.000232087749771873,0.388464147385458,0.132523819226706
750,"Q4",0.0219843900036913,0.000239958344044768,0.212514367637238,0.0628958997220057
751,"Q4",0.0317439118727716,0.000196199668644806,0.263427777223969,0.0628641564214797
752,"Q4",0.0566590945968208,0.000313079858216757,0.505878107127962,0.209259399980455
753,"Q4",0.0891820620772474,0.000689457472540196,0.694980581202051,0.180934039205155
754,"Q4",0.00507339164103726,5.5483542853633e-05,0.104614893809845,0.0331889852757615
755,"Q4",0.0633967051648607,0.000402259595917742,0.641890163498994,0.157119393017656
756,"Q4",0.0940715267635728,0.000788326207325513,0.632484617024377,0.162759471138573
757,"Q4",0.0497029257451871,0.000401879943558015,0.156156669833674,0.0538318899153899
758,"Q4",0.0543515586799117,0.000412041804677548,0.449198684442896,0.117679912287219
759,"Q4",0.0280201548561045,0.000155686985152081,0.222655224940812,0.0670521982039065
760,"Q4",0.00947165791485816,0.000104951691562863,0.140976625390879,0.0414911041151702
761,"Q4",0.0816756638354263,0.000541578505543585,0.449200803209571,0.127962229915397
762,"Q4",0.0209184276396766,6.35325182892979e-05,0.276038473942607,0.0671417590448368
763,"Q4",0.0133929616160398,0.000147728723064324,0.169538323929048,0.0533713607389355
764,"Q4",0.0569538482311316,0.000466152092628823,0.34887481741879,0.106414021078033
765,"Q4",0.0177267266545869,0.000202417899247971,0.198546202005709,0.0849475161260639
766,"Q4",0.025747415471665,0.000283421981414225,0.232465848874656,0.0689951783908936
767,"Q4",0.0356814298497969,0.000399903500230522,0.277391909866853,0.154428169235472
768,"Q4",0.0376420715994339,0.000188529060388856,0.249725622718127,0.0757169798081824
769,"Q4",0.102124039376017,0.00075112741634408,0.608724266339124,0.161690114002327
770,"Q4",0.0453579972501181,0.000282353402712305,0.170882436028046,0.0917430862950289
771,"Q4",0.034536009575314,0.000303555377043574,0.280940253829151,0.120711516684284
772,"Q4",0.0839902670371515,0.000539833244807461,0.391243450737237,0.0890707425588854
773,"Q4",0.0851541751917448,0.000615196830888069,0.713063270374265,0.180469119394057
774,"Q4",0.0335820461221967,0.000373163408664097,0.265634050078436,0.0836524580983778
775,"Q4",0.0452408557119242,0.000329852698046226,0.386480200674469,0.116505368920182
776,"Q4",0.0773595004548362,0.000542891309377252,0.472687507223971,0.121056604651046
777,"Q4",0.0461872890030719,0.000284303953362022,0.300257058950727,0.0722761647745613
778,"Q4",0.00476731868846514,5.15692807752481e-05,0.100294537087234,0.227020122084166
779,"Q4",0.10847529581658,0.000818190435656917,0.795132095431019,0.207406664444718
780,"Q4",0.0557636160166286,0.000472255068009649,0.545022812973275,0.159290950173331
781,"Q4",0.0651274712519729,0.000716696901253311,0.380725143957122,0.112131140499736
782,"Q4",0.0241532435416261,0.000140611336733282,0.228920787907418,0.0765605223319178
783,"Q4",0.0110047036013317,0.000132778838700648,0.154435494997745,0.0473096579882889
784,"Q4",0.00579221566431976,8.25906789350051e-05,0.112008795090197,0.0382130807140722
785,"Q4",0.0861570518090478,0.00068828476229104,0.688342583669041,0.162251633607305
786,"Q4",0.00323864934484241,8.12161604971076e-05,0.0859252182376593,0.0384338745242515
787,"Q4",0.0839446087343614,0.000703385952337869,0.390134271260375,0.143940139888642
788,"Q4",0.0740093773006034,0.00046756736392064,0.572957617683192,0.16684809058772
789,"Q4",0.00650140082743,7.07338533084092e-05,0.117173803944426,0.0353706021100556
790,"Q4",0.0048197251077422,5.39320797184376e-05,0.102671961139634,0.0304774447267896
791,"Q4",0.0497400809460302,0.000561419781434154,0.328953525443392,0.148088749735759
792,"Q4",0.0793346231005803,0.00053789892366096,0.707141035960701,0.175206274443014
793,"Q4",0.0254731022724055,8.49354762692867e-05,0.2296531274299,0.0689438361010321
794,"Q4",0.0167087740201417,0.000213986120372676,0.187234444876811,0.057850010561427
795,"Q4",0.0221221767424868,0.000199183091417533,0.202134097103846,0.058665222218817
796,"Q4",0.00724629835679558,0.000170106148420742,0.12280625684277,0.0444892899148468
797,"Q4",0.0485626462237345,0.000377655197379352,0.485469985797808,0.120524539705357
798,"Q4",0.111134766077305,0.000876085387159414,0.342047815357557,0.0906981903769497
799,"Q4",0.0146994726882781,0.000166017996523759,0.176982984819577,0.0607897014750182
800,"Q4",0.0358528016081756,0.000249436265628,0.279266283907985,0.076252429197291
801,"Q4",0.00614973900686699,1.83469963875505e-05,0.095625560885468,0.031702997540837
802,"Q4",0.0232259216537205,0.000126465221396928,0.225042234946625,0.245195566515162
803,"Q4",0.0887251327926997,0.000611673724191829,0.853508541968841,0.188842902858171
804,"Q4",0.14192799626224,0.001260726249648,1.04124201718927,0.242384745319562
805,"Q4",0.165531810069501,0.0012535425941319,0.956711618940277,0.229197129260148
806,"Q4",0.0277366477441952,0.000103526684237034,0.373319194554046,0.147056233643196
807,"Q4",0.0439528221091514,0.000248092897157378,0.390071580502744,0.144879456447561
808,"Q4",0.0464930072987677,0.000317574612230255,0.360566685148711,0.077232800663887
809,"Q4",0.123437229294796,0.000855924348133967,0.636392881393956,0.157195166928687
810,"Q4",0.0857807697190154,0.000952972562602127,0.428798012932026,0.126691844658715
811,"Q4",0.103532363908821,0.000834477211046787,0.612218505893769,0.310966909837633
812,"Q4",0.0135021424360939,8.13945394281573e-05,0.128088508763326,0.0595101469613845
813,"Q4",0.0978919724540823,0.000799177828203163,0.626848099931943,0.162884285885355
814,"Q4",0.0584170097115866,0.000432617324801102,0.62267079989918,0.122218235295683
815,"Q4",0.0293982764502019,0.000334521869072851,0.255061076890249,0.0751185824217727
816,"Q4",0.181080288867101,0.00151143049644192,0.773335323789875,0.185568775603848
817,"Q4",0.0200975735906841,0.000276184238925011,0.206615441126629,0.512622748538186
818,"Q4",0.0578211647547509,0.000299876273812997,0.40043350944716,0.120718527303616
819,"Q4",0.0565791425477702,0.000458692254906209,0.417709054619408,0.114068834292599
820,"Q4",0.00417023045417153,5.77237149945139e-05,0.0932354658458495,0.140298791093318
821,"Q4",0.0732283760570063,0.000461156473884304,0.626385355597138,0.1515750983147
822,"Q4",0.0695073386625378,0.00053032701745733,0.152631215851127,0.0543522924610383
823,"Q4",0.0521565078586921,0.000366746130935619,0.586770281561019,0.137631424057218
824,"Q4",0.0280820152947303,0.000219521366581826,0.232668695223971,0.0808487763590161
825,"Q4",0.00237281335842177,2.42547858731365e-05,0.068031348133621,0.0647334584241747
826,"Q4",0.00381285932346032,4.23908469552341e-05,0.0884848195353734,0.0654917709956756
827,"Q4",9.96647601816392e-05,8.04527968434761e-08,0.00442964072078345,0.0544527323373982
828,"Q4",0.110231167982217,0.000768780585965796,0.945851315598532,0.207688497744247
829,"Q4",0.0710424531065144,0.000427873748270596,0.382981254151726,0.118443350723107
830,"Q4",0.00585595104243275,6.29885846915703e-05,0.112978448024904,0.0435952970549715
831,"Q4",0.0915955197149572,0.000677976326839472,0.772466975856663,0.175870343805328
832,"Q4",0.0247357362957352,0.000277086641362766,0.228678858704098,0.0912770883716628
833,"Q4",0.0603369656858774,0.00040252906206716,0.340711815774326,0.104903166258532
834,"Q4",0.0206222643883152,0.000171809013854177,0.20994780131266,0.107357345447959
835,"Q4",0.00273372062799915,4.66170822768131e-05,0.0746146055220545,0.0295512463248028
836,"Q4",0.0855511980133397,0.000500798929190532,0.525059187945996,0.119224780447382
837,"Q4",0.0585959423319196,0.00066090625990436,0.362664898867525,0.107603234749178
838,"Q4",0.0187351132749285,0.000206321483999885,0.201825392465973,0.0975920382344019
839,"Q4",0.096770315070831,0.000656408213770667,0.641657799458111,0.158547532369258
840,"Q4",0.0116965270594402,0.000128359381686483,0.15651609468648,0.046479760169739
841,"Q4",0.000425462695634593,1.60287084103806e-05,0.0326011906173692,0.0163368272760755
842,"Q4",0.0428124538686045,0.000202286716592116,0.383221901734689,0.135053372571124
843,"Q4",0.115919759803367,0.00127635014985927,0.503877767524155,0.148794526714755
844,"Q4",0.0502942843782979,0.000362575569666231,0.505082302028556,0.117369490720037
845,"Q4",0.00236787694111662,3.40002206997076e-05,0.0715309699481089,0.0236661875316576
846,"Q4",0.0807107076468618,0.000656198456118672,0.465370096944611,0.127316849421043
847,"Q4",0.0501221618419763,0.000348266672753034,0.33029909435768,0.0974045317618951
848,"Q4",0.0856376054682482,0.000595953287453462,0.471350972153578,0.111036649049718
849,"Q4",0.049768209553184,0.000310832296013505,0.21560318012064,0.284388661735947
850,"Q4",0.0106462148986655,0.000113236425340716,0.141195739618979,0.0417016384620323
851,"Q4",0.050770294813745,0.000648950003562439,0.323107715256575,0.103742902516626
852,"Q4",0.0848857857047403,0.000578669731941437,0.551734497791806,0.115245708825872
853,"Q4",0.0322224839965184,0.000242677401010355,0.210537867770879,0.0744921388335461
854,"Q4",0.0494064082475258,0.000194472278866721,0.317996122960319,0.0966036627435912
855,"Q4",0.0131155561687724,9.02171281299848e-05,0.155703072520052,0.0451616851448367
856,"Q4",0.00921098568779577,0.00013742040364341,0.140148038816649,0.0479903789847375
857,"Q4",0.051086565954984,0.000547798109631212,0.330769571935276,0.0974257564944104
858,"Q4",0.0329277203154827,0.000290778610001646,0.266681058846612,0.0777890826123389
859,"Q4",0.0426442832054761,0.000501659070150921,0.295827278917045,0.0894241237297873
860,"Q4",0.0576949301763463,0.000388013323910198,0.435342038040878,0.0937659856521648
861,"Q4",0.00241092012505106,2.6960907238285e-05,0.0743463865126824,0.0379228882995823
862,"Q4",0.0161229774641001,0.000212827384498048,0.188113634123755,0.0606385575046094
863,"Q4",0.0371666190967872,0.000259790457630665,0.298540564865726,0.109294804869786
864,"Q4",0.0242384451706013,0.000269584833614694,0.230198260547245,0.068300563001749
865,"Q4",0.106853710681644,0.000819535022538578,0.535085914970076,0.1679813184171
866,"Q4",0.0845006411918554,0.00061245744893731,0.484314431026821,0.128859317983929
867,"Q4",0.0181764737703798,0.000194244480223327,0.189223326086857,0.0598417765047719
868,"Q4",0.017008771125731,0.000188188866368239,0.184914735167285,0.0555072059423463
869,"Q4",0.0608511244150058,0.000350948153893711,0.420269871961755,0.107851453611017
870,"Q4",0.0774890018028955,0.000482540106664344,0.534394856451665,0.118098862247622
871,"Q4",0.00578435858087545,5.83949126384784e-05,0.103795421691754,0.0483913453873237
872,"Q4",0.028623026016307,0.000315395581371141,0.241596196238733,0.0751963474054064
873,"Q4",0.0319165325798298,0.000399442654620227,0.26484255396573,0.200341758814574
874,"Q4",0.0503405222808606,0.000558082400439824,0.323454026618964,0.0952607042948577
875,"Q4",0.0163468064234458,0.000179934825291622,0.182593184264588,0.122291616142068
876,"Q4",0.112303314951548,0.000786067606803133,0.673757140392248,0.13451268330793
877,"Q4",0.0704243225112542,0.000431012799274311,0.722567671197352,0.188497828292218
878,"Q4",0.0460670662637099,0.00035950654747873,0.314315884353562,0.0865666278866193
879,"Q4",0.0228068057915447,0.000207249819992591,0.222710166812566,0.0636351445099278
880,"Q4",0.0411555976883662,0.000456901091087333,0.297252983319591,0.139894825907028
881,"Q4",0.111004809840846,0.000924077114034808,0.49066602085016,0.150940885295147
882,"Q4",0.0172724157906146,0.00020019631134135,0.19427237138188,0.0578078972405378
883,"Q4",0.00488260272745933,5.31609923872222e-05,0.0998028420055085,0.0321719626055339
884,"Q4",0.036599030797964,0.000405847795108735,0.278588900603958,0.0899013323516652
885,"Q4",0.00803678556555276,8.76928267261415e-05,0.12975882402012,0.0411553787157354
886,"Q4",0.0266881810746753,0.000115377832564695,0.320356881921164,0.0768335259114716
887,"Q4",0.0222324458462673,0.000243329832344781,0.220781480572852,0.0725758145900874
888,"Q4",0.0825020432768646,0.000694309988307059,0.573831075940364,0.148095677347756
889,"Q4",0.0137698028781461,6.11473719132876e-05,0.166240320613619,0.0505600885185285
890,"Q4",0.00760951673691679,2.77999085489489e-05,0.107729783734587,0.0321295342636248
891,"Q4",0.0260649649119724,0.000396028077157848,0.235357307372366,0.0792746770679731
892,"Q4",0.0409800667104268,0.000449448708472972,0.294574834658478,0.0870102470882927
893,"Q4",0.0013786412897101,7.24557190889164e-05,0.0525552602828884,0.0320566733390787
894,"Q4",0.0208168345925159,0.000226976714771981,0.213038587359374,0.072628946759805
895,"Q4",0.0765208645531796,0.000547304069701813,0.387285155365365,0.091349144947533
896,"Q4",0.020465613041921,0.000158272236557874,0.172772509781613,0.0906062222667075
897,"Q4",0.0411039844114782,0.000524929250916269,0.297726328145555,0.0928663420437364
898,"Q4",0.0716843270924041,0.000500839883420967,0.268805127939667,0.0985285688353193
899,"Q4",0.0982806081454441,0.00076700012373799,0.764831162005854,0.196930930789623
900,"Q4",0.00042766187759824,3.1015051250901e-05,0.0335615954443751,0.175197359328851
901,"Q4",0.0797075569893657,0.000886047774908719,0.616394969334716,0.13884111458694
902,"Q4",0.0119377410376202,0.000131147028870352,0.162162574712537,0.0741125652784801
903,"Q4",0.0919574706434201,0.000603963989215972,0.770363351223659,0.19804442991605
904,"Q4",0.0926856411600276,0.000663162295469935,0.697386336827709,0.311440834657239
905,"Q4",0.0306636225368031,0.000154639760163243,0.0976791360375237,0.0398094210682042
906,"Q4",0.000591869145912582,5.479517291446e-06,0.0334110509038264,0.0167024902593332
907,"Q4",0.0363558930612822,0.000312010367611303,0.248314116948607,0.128800831346158
908,"Q4",0.0217100585027055,0.000149239899329191,0.216618574105927,0.0759168059051102
909,"Q4",0.0635734802250454,0.000401882123598136,0.330883319672092,0.150491599566964
910,"Q4",0.131984392914338,0.00105598705794553,1.03285169373219,0.239941243321284
911,"Q4",0.0196195496117166,0.000209222770709351,0.198899684839858,0.0631489658013231
912,"Q4",0.045647040615048,0.000269821780707689,0.354201294306221,0.0715891645010913
913,"Q4",0.0218331189404282,0.000302626208135516,0.217176962682983,0.0719781333881218
914,"Q4",0.0165652776248919,6.29670112501039e-05,0.147248268756858,0.0399327509048074
915,"Q4",0.0660707393397448,0.000515851494498965,0.32744100509602,0.104651058268122
916,"Q4",0.0640268804602862,0.000332220833134619,0.513686176558401,0.118364679189818
917,"Q4",0.0259165126209702,0.000181477496831768,0.279106670289254,0.0932826854957243
918,"Q4",0.0527093241944776,0.000368360097899686,0.489626471619707,0.127700855184964
919,"Q4",0.00537018989999716,1.50670820743949e-05,0.0595925464548059,0.0215173566081715
920,"Q4",0.028490680218793,0.000313030110109077,0.254242199215374,0.0776109710561658
921,"Q4",0.0839072376689689,0.000589032219710331,0.890007565659629,0.195075121756132
922,"Q4",0.0491188726272682,0.000381669652056448,0.496947539760234,0.115632211049997
923,"Q4",0.0310520154994514,0.00035431475041863,0.252910810586857,0.0816616417623453
924,"Q4",0.0355096658208165,0.000186093371154833,0.445249782201187,0.104415908771976
925,"Q4",0.0433549313941519,0.000878964897588925,0.298116251530884,0.11338862813968
926,"Q4",0.000304754242348437,4.51130885688176e-06,0.0300442436842913,0.0161955618873236
927,"Q4",0.00172759717154669,1.90175719847411e-05,0.0604812198824395,0.0207964384324206
928,"Q4",0.104794974556288,0.000711482350877273,0.731861568174821,0.174923039251313
929,"Q4",0.00412627941401844,4.44039599859006e-05,0.0956105297908879,0.042097325363859
930,"Q4",0.0148771357323607,0.000168436293933326,0.183896833299286,0.0557861008967531
931,"Q4",0.0541488903936731,0.000403904112133185,0.488241772858751,0.124091905820936
932,"Q4",0.0724960574023576,0.000554002100266647,0.552431596811526,0.177957774366607
933,"Q4",0.00722823445487641,9.34558735393407e-05,0.126211079410269,0.0397509323896959
934,"Q4",0.00523579381549766,0.000126597200757768,0.102847029240425,0.0413023385902372
935,"Q4",0.035995445288675,0.000267597507045274,0.435893805461727,0.104933618180992
936,"Q4",0.0762805175856549,0.000537108838137114,0.535888106429711,0.145367966283626
937,"Q4",0.0383075459450026,0.000474552826465053,0.285289492389027,0.0884992822259725
938,"Q4",0.0160555600524024,7.73339431788505e-05,0.177609575618984,0.0542460190581868
939,"Q4",0.0257368848300246,4.79602283189179e-05,0.227993653748232,0.0863949791531131
940,"Q4",0.0867924057196383,0.000693043334853592,0.443745456586493,0.133333689995486
941,"Q4",0.0689500873654652,0.000457300898809473,0.403969518479428,0.115608490549564
942,"Q4",0.0158641428055297,0.000179267969184697,0.185233581618837,0.074895613282266
943,"Q4",0.0014127773958581,4.01426113795395e-05,0.0536917237339807,0.0250211255869954
944,"Q4",0.0529461835079843,0.000280860341843391,0.601521978766537,0.127415665070463
945,"Q4",0.0587374242220626,0.000399404007570391,0.325930366996185,0.085635305082746
946,"Q4",0.0324593983989541,0.00015049941042544,0.199381378380743,0.0663694378950372
947,"Q4",0.0402727593288184,0.000227403194785217,0.323832435311272,0.0975950469652824
948,"Q4",0.0323634210924588,0.000139945158729314,0.248269041531046,0.300866537370968
949,"Q4",0.0344483894369105,0.000240994457316795,0.318721453232707,0.075388594602504
950,"Q4",0.0832682376784195,0.000546125873345814,0.598269020109811,0.143220043502575
951,"Q4",0.0784826589007892,0.000879285273308651,0.413721366002087,0.16478587982303
952,"Q4",0.0471131544847303,0.000250132524342084,0.484197969503558,0.11343055883983
953,"Q4",0.0544568104359779,0.000397439142571506,0.582093349408136,0.130719394459028
954,"Q4",0.049630977123126,0.000554214605038596,0.327262487557044,0.097742809021178
955,"Q4",0.0388718076520416,0.000278516720056655,0.308338245861741,0.0922439670792419
956,"Q4",0.0306187172540024,0.000346025195892561,0.260919272437915,0.0917265044449963
957,"Q4",0.00738459879732822,8.61442946063922e-05,0.128383432550217,0.0577318763128621
958,"Q4",0.125424911820087,0.000922376416736059,0.900495445462851,0.240172802467891
959,"Q4",0.0837077908835191,0.00100730988712187,0.418824741602268,0.127494060856657
960,"Q4",0.0559713264334309,0.000557809948474567,0.419298610432942,0.133736806114476
961,"Q4",0.0329870647295554,0.000131921523894089,0.288567770420507,0.0680087539009053
962,"Q4",0.0224830017954645,0.00020104092099556,0.194376477600728,0.0834311629308302
963,"Q4",0.0596324457128468,0.000421552941250395,0.291414488679326,0.0974914344359167
964,"Q4",0.0227223491408228,0.000256116711535056,0.223632706232578,0.0680523182220366
965,"Q4",0.0459967055713069,0.000293896421897894,0.163412800601407,0.0511070451240462
966,"Q4",0.0997403767311766,0.000678786758327758,0.746191085898609,0.198785512458614
967,"Q4",0.0198672497081347,0.000235743597741778,0.209788389340341,0.140402817420611
968,"Q4",0.10360653911289,0.000839302691676047,0.453078571004365,0.137997514871362
969,"Q4",0.0774717315290925,0.000633605768486589,1.01330542306037,0.19440688241456
970,"Q4",0.0291358999489866,0.000226001660814965,0.233543700371859,0.0728718507902029
971,"Q4",0.000829317104757976,1.17690068411054e-05,0.0489573180314355,0.0596663204853355
972,"Q4",0.0669217374755018,0.000589148066736631,0.322894323489758,0.116285973756506
973,"Q4",0.0913328980221575,0.000698585989265683,0.856790263552872,0.177671546947937
974,"Q4",0.0192094038695618,0.000213032365681539,0.199342604468491,0.0601572385565164
975,"Q4",0.0181917576358348,0.000204431595783629,0.1997292376458,0.0592180048879706
976,"Q4",0.0795699036824047,0.000536358518432315,0.666328972171201,0.167208588943537
977,"Q4",0.0185450528639723,0.000129896958247862,0.17049897253657,0.0709385332109896
978,"Q4",0.0858218242842685,0.000613324665983863,0.266859672149478,0.426895821153883
979,"Q4",0.019462503038886,0.00013856614477601,0.179707590782625,0.0543405338543392
980,"Q4",0.0122620298625282,0.000130530334108604,0.156838746215308,0.0464998628952482
981,"Q4",0.0605995645890669,0.000309650390504474,0.301018172973478,0.0814042561149716
982,"Q4",0.011451571516929,0.000185515078816873,0.157829806638128,0.055238027282723
983,"Q4",0.0470120866798762,0.000541870083591745,0.316558562858901,0.0947116990724234
984,"Q4",0.127421853659472,0.000942390826419183,0.931989969103251,0.18816578965418
985,"Q4",0.0123606298093435,5.44910549707987e-05,0.145942713404349,0.0456938008271568
986,"Q4",0.0304382441000683,0.00032922431297923,0.246950050965172,0.0728126523696165
987,"Q4",0.0245677912280051,0.000265586627068075,0.226735081880126,0.0715382110757762
988,"Q4",0.00099269456037554,3.44234181076222e-05,0.0471959221199436,0.0249467423280325
989,"Q4",0.0177605499139233,0.00011277603215252,0.180835624396527,0.0578535571975187
990,"Q4",0.00404595527579055,5.91679552383017e-05,0.0946327571318781,0.0306752520252869
991,"Q4",0.00719919023112325,8.09876018737425e-05,0.127344112750456,0.0375588207880327
992,"Q4",0.017392249167429,0.000216560059599622,0.192617213752904,0.0618139688400673
993,"Q4",0.0216380588966114,0.000242660825213922,0.215195670349551,0.0639787249450924
994,"Q4",0.0349267840067444,0.000390248146520432,0.273625635885509,0.0869624496512909
995,"Q4",0.077889999047132,0.000584171981042278,0.496871065728055,0.137418884942078
996,"Q4",0.070409468202369,0.000562531559565,0.408537283483761,0.114117207185724
997,"Q4",0.0739919598547978,0.000777519551945787,0.361149787795106,0.109001642687946
998,"Q4",0.0380448211663857,0.000181397656255592,0.23946270158198,0.076276815674666
999,"Q4",0.00349840279481484,4.19935876426433e-05,0.092480222827721,0.0829457256259466
1000,"Q4",0.0440254636206099,0.000305053674517912,0.27451171705169,0.146158986566768
1,"Q5",0.000299212161589679,3.91231590651553e-06,0.0283337065550704,0.0151372031208183
2,"Q5",0.0214929292610915,0.000180908225493232,0.179344981453872,0.0886973827148796
3,"Q5",0.0125334576492833,5.40198397453469e-05,0.114812095296972,0.0462656453796845
4,"Q5",0.017452192020432,0.000101928087338821,0.169821423236808,0.06794432188291
5,"Q5",0.0556991877841018,0.000351122185942794,0.577810280865471,0.15237520108324
6,"Q5",0.00404248001134455,8.90887979542762e-05,0.0932774265227775,0.412750954784323
7,"Q5",0.00110558610842837,1.17427480107782e-05,0.0487541072279127,0.0212027152244513
8,"Q5",0.0311698654019814,0.000219106975485089,0.213574358356063,0.0820440414571839
9,"Q5",-7.6537894777573e-07,2.24402686535095e-05,0.00343225270861667,0.0175300901375416
10,"Q5",0.0228615768325948,0.000256191002134931,0.227421916699869,0.0720263518333237
11,"Q5",0.000134256309738845,4.47130149454298e-06,0.0165053540687641,0.00784265935805632
12,"Q5",0.00864413398996966,9.98856083642409e-05,0.144796937581806,0.0426470496938666
13,"Q5",0.00152052041737605,2.1238320111173e-05,0.0588634562015586,0.0198233523561624
14,"Q5",0.0169035745845996,6.56365474662393e-05,0.164177345637001,0.0414224349719622
15,"Q5",0.00350760224866065,3.91377627385326e-05,0.0884127976969097,0.0299193678419841
16,"Q5",0.015192189172982,0.000169017248433428,0.186533255496678,0.0586887132959711
17,"Q5",0.00269868007198149,3.00901629649126e-05,0.0785830127538832,0.0239763242141905
18,"Q5",0.0023489429607384,3.25093039278009e-05,0.0762565143276422,0.0832935238140219
19,"Q5",0.00151156896102833,5.22072819421229e-05,0.056375898393107,0.0267699827524047
20,"Q5",0.00211866157437157,6.40486892398605e-05,0.0679919177541898,0.033176856964457
21,"Q5",0.0175669924187147,0.000192641249113119,0.197078085310486,0.0583351479212313
22,"Q5",0.0222813390161409,0.00011295783370135,0.135034572829222,0.0330468972632538
23,"Q5",0.000110533831287896,1.00801895161793e-06,0.014551397733575,0.0111815805779596
24,"Q5",0.0391134146884493,0.000208447115734975,0.367007319399952,0.0959785192395645
25,"Q5",0.0270766647467209,0.000191440188838443,0.383007368290639,0.131227438428919
26,"Q5",0.0200603700725903,0.00012982656970454,0.25381812986241,0.0695529269544856
27,"Q5",0.0298635661416196,0.000167999334753632,0.294762536765049,0.0747684973463739
28,"Q5",0.0671165890334375,0.000509009089891326,0.7867181863263,0.173130933640824
29,"Q5",0.00680759516652074,8.24491989320348e-05,0.126739862994559,0.0581330593783625
30,"Q5",0.0131951473899239,0.00014784939711478,0.168440539652358,0.0501433448703685
31,"Q5",0.00064115394409292,1.33629827560805e-05,0.0397645200134593,0.0534513751766012
32,"Q5",0.0132232826350105,7.80088182775416e-05,0.147456106922026,0.0462217133741726
33,"Q5",0.0149827823219031,0.000168672426911923,0.183675783817433,0.0543387832107603
34,"Q5",0.0292544979237768,0.000175856450176753,0.210047509095188,0.0728912517553113
35,"Q5",0.0105772364781895,4.82378982423863e-05,0.137099346813387,0.0422481626547919
36,"Q5",0.00526687190319031,1.40987327735786e-05,0.0692976396078075,0.034270164507455
37,"Q5",0.0138981808326033,7.70331737949093e-05,0.19701555850127,0.121028069640116
38,"Q5",0.0579483803679217,0.000412856530749487,0.543073893740968,0.285577908674764
39,"Q5",0.163267078651517,0.00134256856939822,0.764585598068847,0.216406654220981
40,"Q5",0.000225560774291367,2.24393729067621e-06,0.021956088926999,0.00671322238864977
41,"Q5",0.0237867469002175,0.000225027686437197,0.256216684182967,0.201213873437403
42,"Q5",0.00140341326158122,1.55899008389493e-05,0.0566071260212948,0.0192866780533688
43,"Q5",0.036818472762933,0.000242735166579063,0.347157605990498,0.116751589802434
44,"Q5",0.0127217831147739,0.000280746793820145,0.168199656879481,0.0698799027119076
45,"Q5",0.0574084294848216,0.000459905926762552,0.344672685511713,0.141540591344116
46,"Q5",0.0225835610103644,0.000146069233922271,0.150464413993014,0.0377530465491977
47,"Q5",0.00453632495189282,0.000338926249784646,0.257967619693337,0.101364789969172
48,"Q5",0.0150553345545656,3.39261664251649e-05,0.229394691880507,0.0560460959794108
49,"Q5",0.000113510351051005,6.2212220511667e-06,0.0172699810468456,0.00958638144360908
50,"Q5",0.000300917888180763,2.76942533382563e-06,0.0239835642763512,0.00822807268635433
51,"Q5",0.0264502214805393,5.16981270922597e-05,0.25228638005006,0.0780291794141015
52,"Q5",0.105030494357193,0.00082877582498684,0.875849113473873,0.201799805692833
53,"Q5",0.000951539800251311,8.14277564465852e-06,0.04117563283306,0.0121387683955076
54,"Q5",0.00879601965646337,6.19557917521878e-05,0.0928523249067356,0.0760147434329761
55,"Q5",0.00236735371060171,2.80997611897776e-05,0.0730463007147666,0.022781536881055
56,"Q5",0.0580741276223051,0.000397554525914883,0.390415222089304,0.0840777232981513
57,"Q5",0.000245065580070758,2.39108306083768e-06,0.022378756850957,0.0135394676155311
58,"Q5",0.0685898558429923,0.000571132554267015,0.496202041478463,0.395961260760273
59,"Q5",0.0297233873285307,0.000197341021442523,0.305456105698631,0.0919038080989755
60,"Q5",0.00256493416685544,3.50627660474332e-05,0.0814698245471825,0.0251733067346416
61,"Q5",0.0433908588952701,0.000220533434127185,0.526489155727765,0.111968926584616
62,"Q5",0.00516269615445708,6.92278239203288e-06,0.0673177710959049,0.0411791217751212
63,"Q5",0.00458794591345502,4.94465925890209e-05,0.100713545955082,0.0964979855081259
64,"Q5",0.011762131659502,7.71073917771214e-05,0.0874909460506176,0.224779865108845
65,"Q5",0.0300633300572635,0.000225694451838487,0.231505596495555,0.103454470130274
66,"Q5",-2.19411814939008e-06,8.28626976130002e-06,0.0041677761125359,0.0109827909280976
67,"Q5",2.43021487520423e-05,4.44115844420708e-10,0.000178115454862258,0.0167261729002863
68,"Q5",0.042721810881833,0.00026947071648126,0.371606250567664,0.106460091713903
69,"Q5",0.00743291986949401,1.12038955690049e-05,0.119568185279255,0.048146466243879
70,"Q5",0.00587473347356493,6.55038192700145e-05,0.11712754682363,0.0344714437569166
71,"Q5",0.0517993167298076,0.000401436725450034,0.468468442716909,0.137978307856304
72,"Q5",0.0050132324245542,1.12027473603032e-05,0.0930066774362886,0.0414890605301425
73,"Q5",0.00101191746755802,2.65267867003333e-05,0.0481337925855457,0.021805386809318
74,"Q5",5.84669850223207e-05,6.43114729765452e-07,0.0116094528605647,0.229250574261356
75,"Q5",0.0386687333124591,0.000266034416997833,0.285971083939168,0.110009179249748
76,"Q5",0.0025699233582408,3.39768021528522e-05,0.0763189736843049,0.0243145107604545
77,"Q5",0.00223725907072847,6.23935651083001e-05,0.0706451153233967,0.0369127621423305
78,"Q5",1.69736531887565e-05,4.76311167557493e-06,0.00544808722429162,0.00908628770637935
79,"Q5",0.00517092024492882,5.96504053402326e-05,0.114445568412029,0.0468474210598532
80,"Q5",0.0181257160197781,9.22179472799205e-05,0.155428106503007,0.0721822864835658
81,"Q5",0.020659830890807,0.000227294455831819,0.214679431325064,0.0633195106176423
82,"Q5",0.00564697933810798,6.48680411220546e-05,0.115905444007468,0.0342656014493328
83,"Q5",0.0322916566329763,0.000269010556001012,0.20764568867409,0.0723333932305314
84,"Q5",0.0149452810075985,6.22004391769422e-05,0.138681118509568,0.0427099617776483
85,"Q5",0.0128778451553249,2.90261855531636e-05,0.165794703246397,0.0481535117681842
86,"Q5",0.068352200912047,0.000567474576595943,0.654099104399111,0.155003001361482
87,"Q5",0.00050259057494273,2.86536637292547e-05,0.0337378516104374,0.22964693018263
88,"Q5",0.00365246065612723,6.16760122534782e-05,0.0910932348070453,0.0326053059265872
89,"Q5",0.00590854820288911,6.39576036317907e-05,0.115985513115998,0.0429512920645674
90,"Q5",0.00813338784768192,9.5706303951501e-05,0.141138187109335,0.0417141022619976
91,"Q5",0.0057441575808177,6.45345706008477e-05,0.114382272802525,0.0336851845765316
92,"Q5",0.0230628196049025,7.54565668192786e-05,0.172353844918319,0.0406905596410332
93,"Q5",0.00653555174686637,9.36806633603687e-05,0.117705972492168,0.0480164940605091
94,"Q5",0.00636167483977346,1.27062768950415e-05,0.0519857427953731,0.0339610821905374
95,"Q5",0.0206805508366479,0.000210123837951969,0.15232981049395,0.0819135126716122
96,"Q5",0.0307556658080888,0.000179431830345017,0.212338469060033,0.069934213606625
97,"Q5",0.0232359586312718,0.000108495756221171,0.279819317363441,0.133864548299982
98,"Q5",0.00399788792222466,4.08654715303102e-05,0.0931275355123615,0.0291890385978288
99,"Q5",0.0172842158551525,8.60436711310848e-05,0.189514117062768,0.0563403075464899
100,"Q5",0.00982618670419377,7.62682364154409e-05,0.141253160195075,0.0511180201125471
101,"Q5",5.89105726742645e-05,3.18319325371449e-06,0.0131898621452374,0.0191850851526341
102,"Q5",0.0264029739131164,0.000174609790917217,0.22742947565488,0.0851983500731298
103,"Q5",0.0372135115422658,0.000232401294913258,0.557959822209915,0.145792296727496
104,"Q5",0.0383214553996272,0.000422858687859027,0.291919356984467,0.0868842112303745
105,"Q5",0.0350956607298372,0.000362742571369665,0.277378122043393,0.119619644087899
106,"Q5",0.0451854388899893,0.00032393774492674,0.53083190192203,0.129069825758751
107,"Q5",0.00690540894521696,3.79374717166757e-05,0.0968548603698852,0.0407051516657594
108,"Q5",0.0167018716356608,0.000163727525392996,0.19561806848066,0.224553831680668
109,"Q5",0.00577000019966434,6.19124610189953e-05,0.113931736631418,0.0335616149936056
110,"Q5",0.0548456962818307,0.000308413155869027,0.339916431462265,0.123611650024236
111,"Q5",0.0358676651384098,0.000211624520233225,0.355827684992789,0.102835712039285
112,"Q5",0.0316469214812578,0.00015392590458789,0.512491116522684,0.112753401100019
113,"Q5",0.00606630981637224,6.56885775656157e-05,0.114883386412918,0.0405696835452314
114,"Q5",0.000703113114999709,1.23211556050983e-06,0.00933086819113434,0.00684695268202353
115,"Q5",0.00103129780192113,1.0725913552601e-05,0.0475152454072751,0.0306766878749088
116,"Q5",0.00422256979483926,4.67376885610892e-05,0.0964069239887261,0.202137873466624
117,"Q5",0.0228785683178092,7.26074381546627e-05,0.330174747869064,0.0742115597240958
118,"Q5",0.0385953463582709,0.000318957259199053,0.418418250029161,0.107245771938313
119,"Q5",0.0227359248973897,0.000176211395208977,0.128883560653322,0.0376583400232721
120,"Q5",7.48240365133768e-06,8.82138318945118e-05,0.00544409005178688,0.041970829691007
121,"Q5",0.0229557090198931,0.000179674209643875,0.164189285346472,0.0536206824821291
122,"Q5",0.00139838429560157,1.44585203816534e-05,0.0539952405678956,0.0288717875178676
123,"Q5",0.000895919224662478,9.97020202278273e-06,0.0441301448108065,0.0138370293773476
124,"Q5",0.0124873003171615,2.08695280907468e-05,0.159277353168091,0.0415336826116137
125,"Q5",0.00397818051982135,2.9662224807406e-05,0.0459409684817944,0.0227633774013384
126,"Q5",0.0420419808934529,0.000335450424643556,0.274887903576924,0.0970550966571074
127,"Q5",0.0298506274425243,0.000182606164365083,0.256066795579105,0.123897682810653
128,"Q5",0.000346616421607493,5.74291519558255e-05,0.0301378346821467,0.031648406722951
129,"Q5",0.0265965326160114,0.000151616908891369,0.225118344229374,0.0701047396027191
130,"Q5",0.00379081366962986,4.84564437701333e-05,0.0932006092269364,0.104228589565635
131,"Q5",0.00594337886420071,8.83333452435324e-05,0.113903944849543,0.120851302398991
132,"Q5",0.0220914848265288,0.000169412410903408,0.209393910112152,0.0767395245972551
133,"Q5",0.00095502169731887,1.04999478140477e-05,0.0465028817789292,0.0137791621460602
134,"Q5",0.0279480747287568,0.000193626943097216,0.261629025803664,0.0731507425284113
135,"Q5",0.00615373854407686,7.61467187175345e-05,0.12003155598589,0.0367452134705495
136,"Q5",0.00370618902316266,3.79897854345138e-05,0.0875637717027383,0.0278913218768189
137,"Q5",0.017100974206727,7.8581237660557e-05,0.140389428737254,0.0591780264801905
138,"Q5",0.00899786631080168,3.80823859443595e-05,0.118985482942392,0.0956458817312196
139,"Q5",0.0204120429139163,0.000232886878086174,0.21869538463277,0.0684232753029145
140,"Q5",0.000194273132757772,1.20831507450724e-05,0.0202402978467168,0.0139047475771588
141,"Q5",0.000160437434423955,5.18770761827421e-05,0.020161802148216,0.287814776854672
142,"Q5",0.0217961054755005,0.000156019902103371,0.198957024443456,0.0549394314654429
143,"Q5",0.0146974912956619,2.79690008936392e-05,0.205547049286557,0.0499852343753698
144,"Q5",0.00912404646480525,0.000114090132676758,0.148823858654359,0.0452094398723756
145,"Q5",0.00873154561903355,3.54878952249566e-05,0.106604459816815,0.034866143092575
146,"Q5",-1.90939701738557e-06,1.0987885672983e-06,0.00487924984045225,0.00414076196272692
147,"Q5",0.0051370549230505,5.77385042137435e-05,0.109461123176817,0.0327643668576281
148,"Q5",0.0433032511930698,0.00031164385212851,0.302101999797295,0.0659755250842046
149,"Q5",0.0269620365252514,0.000333465240412245,0.251238077874475,0.0791213426479861
150,"Q5",0.046091617245402,0.000625104221360292,0.325076514997192,0.105856120455465
151,"Q5",0.00558598118256448,6.99582174361993e-05,0.085136585512723,0.039064785394737
152,"Q5",0.00450868402232452,3.71294946424945e-05,0.0635295152102216,0.0222406603502476
153,"Q5",0.000938395666413072,1.25844901198623e-05,0.0480998952501747,0.0182874393220073
154,"Q5",0.00202807962544327,2.10161546047554e-05,0.0657807243921725,0.0221574659981726
155,"Q5",0.0419572234949754,0.000244359532744438,0.477985062748411,0.0997665126592807
156,"Q5",0.0158484446406071,0.000128399158478775,0.190575469291696,0.0563372911536783
157,"Q5",0.00167065828494017,0.000168392863707688,0.0666681454757915,0.0565417927597019
158,"Q5",0.0192045609528275,0.000117393535477008,0.230469736187049,0.0765845343231649
159,"Q5",0.00281743656000621,0.000113244583959555,0.0781937570210105,0.489303655614541
160,"Q5",0.0131198361325708,0.000150538469645601,0.178651451920636,0.0543957734747582
161,"Q5",0.0413252163962774,0.000310419992311954,0.404964721355754,0.115426634227315
162,"Q5",0.00544648314525986,4.23891448843373e-05,0.0897298790085705,0.0263847226030202
163,"Q5",0.00311642992979166,3.49812960613165e-05,0.0844140725605822,0.0250614235818683
164,"Q5",0.0237871220163282,7.49180449829113e-05,0.174083868311921,0.0422364547418653
165,"Q5",0.0304350889861631,0.000230332316911978,0.254329781224425,0.0812591419588015
166,"Q5",0.00416639328864576,4.91934469161181e-05,0.097794752409727,0.0297650341150059
167,"Q5",0.0210690594337795,8.23214000950238e-05,0.163024378028812,0.0520922335020734
168,"Q5",0.00822082956968018,3.82213412350194e-05,0.0881064602688744,0.0376905638909399
169,"Q5",0.0179509394519712,4.61236298405651e-05,0.110510575972876,0.0346603689310607
170,"Q5",0.0139994062059241,0.00016292765957431,0.181107510976527,0.053845491929345
171,"Q5",0.010431574546601,0.000119881292935553,0.157268595437737,0.0463691064418563
172,"Q5",0.00965461787944655,0.000103674309554179,0.148404494120478,0.0440293047646608
173,"Q5",-0.0738486749538403,5.9224298208653e-05,0.110527924105123,0.0355155128794738
174,"Q5",0.0464515349943539,0.000185082413241745,0.1435899601795,0.0619634835627313
175,"Q5",0.0115929510216191,7.04333656570797e-06,0.177087193037591,0.0459665715342769
176,"Q5",0.0153561144875933,0.000171398100230027,0.187322431538554,0.0574141958470966
177,"Q5",0.0667314565411878,0.000329126397204369,0.573272781134508,0.126338654784834
178,"Q5",0.0297339658297631,0.00016759811113197,0.383781651462609,0.0964065739083312
179,"Q5",0.00235228550365463,3.89308808899216e-05,0.075749391516323,0.0253544200068674
180,"Q5",0.00392500514155536,1.7393545166687e-05,0.0611730486316339,0.0237114645965723
181,"Q5",0.00051532072732563,5.83110220810911e-06,0.0353131494230099,0.0129219269596418
182,"Q5",0.0315255597029402,0.000189928135102509,0.251375299804679,0.0546901104538599
183,"Q5",0.0228017867451555,0.000251193868718325,0.349368232302745,0.0848757478167165
184,"Q5",0.0451736312997859,0.000220477656215924,0.656792049290709,0.128891953804469
185,"Q5",0.0784200540741224,0.000484754007129979,0.736774193081247,0.162248810060667
186,"Q5",0.000672337106479404,3.07234490440994e-05,0.0384698441408371,0.14365238943128
187,"Q5",0.0371701786408707,0.000248194391639589,0.396856702849718,0.102492546641588
188,"Q5",0.0223152114904206,0.000142370154277272,0.145158670470354,0.105764236041756
189,"Q5",0.0225620107393549,8.93683661412002e-05,0.226038755523046,0.0597572664420646
190,"Q5",0.0229822119917191,9.90331400979388e-05,0.253401279501101,0.0942827377615251
191,"Q5",0.0167027073560941,3.70300565891984e-05,0.206138979287941,0.0591022642345402
192,"Q5",0.0109023358730447,7.57653280899555e-05,0.114936599888242,0.0355008598963776
193,"Q5",0.00377802231049706,4.13973046962312e-05,0.0937653217885859,0.0459915810945035
194,"Q5",0.0681276523821541,0.000508081119029111,0.592143349115166,0.161898689666065
195,"Q5",0.0145499988427442,8.61618781378727e-05,0.178008620847881,0.0625283646401248
196,"Q5",0.0518342644175984,0.000578629148081829,0.339307951821889,0.0999308908805464
197,"Q5",0.0415933289520787,0.000268827283856657,0.395074482417149,0.0854410658693582
198,"Q5",0.0276869626627398,0.000118326356961554,0.345339297653328,0.0958050461282501
199,"Q5",5.84295001644364e-05,1.71837125756258e-05,0.0139758817858626,0.0173502824551232
200,"Q5",0.00343133967925979,4.40112095230913e-06,0.0665489980928643,0.0222653132528667
201,"Q5",0.0351742847757777,0.000152176307047997,0.244669984478411,0.0641898059284944
202,"Q5",0.0415142388534164,0.000329023013368349,0.329605101786035,0.132066754985355
203,"Q5",0.0645752747220101,0.000420985411347364,0.816338634095646,0.182468526595794
204,"Q5",0.00272396796981944,3.01082570672771e-05,0.0811914893068774,0.0248440157312004
205,"Q5",0.0125528981744765,1.92282689726399e-05,0.169609974415261,0.0564428193572703
206,"Q5",0.00094182704921586,1.37595993340195e-05,0.0497598699293266,0.0162554611632615
207,"Q5",0.00291168892136895,3.49410772725527e-05,0.0800180583845184,0.0241374492271559
208,"Q5",0.0370696120977634,0.000226104343853279,0.280578475952767,0.101423322346096
209,"Q5",0.0267403009529676,0.00033286585685373,0.253768077346842,0.0779391741985162
210,"Q5",0.0181780426220861,0.000129527054402379,0.15991099323659,0.0518181437670025
211,"Q5",0.0692509568105919,0.000113840103267347,0.21696923407482,0.101124093676457
212,"Q5",0.101094129790114,0.000786156651294223,1.02356258681469,0.220013808000627
213,"Q5",0.0185642481372454,0.000136799105961254,0.176858714112031,0.0897654537198019
214,"Q5",0.0789362930912851,0.000614311088902525,0.869458760237853,0.200143712992924
215,"Q5",0.0323713590642178,0.000291473672444805,0.364951952768495,0.0936000213245074
216,"Q5",0.000365152221235121,1.05428441956594e-05,0.0292410761797914,0.0145217659136764
217,"Q5",0.0005991030762722,8.16431380133033e-06,0.0423376681834069,0.0249330046895295
218,"Q5",0.0044808478841265,4.98026733080934e-05,0.100745282166818,0.0322412503271086
219,"Q5",0.00250198938449664,2.77995439302459e-06,0.0603609587266182,0.0186066404324241
220,"Q5",0.0312489176811432,0.000229764317979515,0.270115925114308,0.0916731832406182
221,"Q5",0.0291687428916472,0.000207278086366434,0.331648737286483,0.0836234588370848
222,"Q5",0.000802851138105964,9.4329658064506e-05,0.0472025686071195,0.48830139605697
223,"Q5",0.00176991088095058,2.05698837579676e-05,0.0651711553713934,0.0365549311534743
224,"Q5",0.032727747302868,0.00023961960776631,0.141475859094774,0.0579162224189734
225,"Q5",0.000341386451701453,2.94063410823424e-06,0.0247655789500787,0.00730121901606491
226,"Q5",0.0577114185869103,0.00038977072104325,0.614951421566966,0.141050445514046
227,"Q5",0.0222570115702023,7.34618016367111e-05,0.180930635487383,0.0842859193814688
228,"Q5",0.00721187644582422,3.94683900006551e-06,0.0723457423318487,0.0209018723450015
229,"Q5",0.0026662716831467,3.00122818150445e-05,0.0781942172523593,0.0230476868536548
230,"Q5",0.0227261424885281,0.000234229051406515,0.205351829247468,0.0628290678073312
231,"Q5",0.0040663438990105,8.01398275505518e-05,0.0976835339171838,0.0364746510356173
232,"Q5",0.0399079276680823,0.000270403081927128,0.324979701001363,0.0979645016729344
233,"Q5",0.127555934835806,0.000994548047821526,0.77170165109402,0.194736572934591
234,"Q5",0.0264059897432372,0.000174730080821871,0.325389657728305,0.147130155328223
235,"Q5",0.0232930862259977,0.000124823768856353,0.211797100783895,0.0572278123513727
236,"Q5",0.0174686045830672,6.97981521837663e-05,0.133761478040673,0.0449281920688008
237,"Q5",0.000763453346591447,8.22118149196751e-06,0.0416754602138157,0.0437836586728134
238,"Q5",0.0368782175125748,0.000212117836508408,0.527871104512007,0.121131252593343
239,"Q5",0.0240956855154622,0.00016357732063024,0.249896921780217,0.096733090431136
240,"Q5",0.00148975375270055,1.59230560807481e-05,0.0577926182851089,0.0171799914300821
241,"Q5",0.00714941101761113,1.67268519045404e-05,0.104901046723264,0.0395547998580011
242,"Q5",0.0258805670383584,0.00010367949136366,0.353144245719131,0.0818088579616084
243,"Q5",0.0123733540096289,7.71066076776389e-05,0.125547980553545,0.0406212978908008
244,"Q5",0.000323531200704608,5.60716417178376e-06,0.0243946226581376,0.00988170008157517
245,"Q5",0.0458529617115797,0.000321702724307361,0.591619765779795,0.170157258921624
246,"Q5",1.44173465095321e-05,1.79208390110197e-07,0.00592232677662396,0.0246891637325609
247,"Q5",0.00878840147316318,0.000104906339049826,0.142873596144204,0.0429506810821479
248,"Q5",0.00168871524391001,5.54142469539316e-05,0.0596088546506698,0.0309618280629864
249,"Q5",0.0208232172364564,0.000170781194432034,0.171586257648952,0.0572879812803302
250,"Q5",0.0414826372150294,0.000273168834514976,0.446277553885215,0.106132575260747
251,"Q5",0.0344653677022979,0.000240514728267177,0.372454378657587,0.182352999490122
252,"Q5",0.010209701086703,0.000113697063363116,0.15148245001775,0.0615500430501039
253,"Q5",0.00035560898040643,3.57294724099407e-06,0.0271806257955473,0.0240117385164683
254,"Q5",0.0427682623280727,0.000246873579100862,0.444634102341003,0.11164387017522
255,"Q5",0.00141787202017163,1.81734092913471e-05,0.0608657089709956,0.017967278763184
256,"Q5",0.000610650070376195,7.57957986252067e-06,0.0398892860151474,0.0170390986909527
257,"Q5",0.0224680385945888,0.00024435976553348,0.226971340540092,0.185219491185511
258,"Q5",0.00944088496039974,1.92405450070964e-05,0.144854374779466,0.0381921816988793
259,"Q5",0.0147147260482505,0.000167128186531715,0.184552677383746,0.0609407732334845
260,"Q5",0.00211791774978032,2.45787084447497e-05,0.072509233415604,0.0214225854267841
261,"Q5",0.00157566454953795,1.70856428783981e-05,0.0591814391833725,0.162072334789817
262,"Q5",0.000105662634029002,1.34437840304453e-05,0.013691925236607,0.0144860138041211
263,"Q5",0.0115858279770613,0.000164666891355906,0.161158749732438,0.0547418679143161
264,"Q5",0.000129382968049541,4.4358828301945e-05,0.0210218788489914,0.282902193658715
265,"Q5",0.0129727305527307,6.21368994032476e-05,0.131631594482784,0.0384602373704785
266,"Q5",0.00967592726782662,0.000106505165483104,0.148332398876961,0.0508581057412906
267,"Q5",0.0239695503104667,8.76706692402355e-05,0.321567179196866,0.0990937793033224
268,"Q5",0.000768999271766546,8.29175267433281e-06,0.0422722995668375,0.0253200684542535
269,"Q5",0.00368353618585182,1.30836635919193e-05,0.0650876329393358,0.022567500316404
270,"Q5",0.037716426795976,0.000231977057918831,0.338892788961983,0.345114118683323
271,"Q5",0.0320521572495203,0.000371870673435115,0.272847605726625,0.081867749767637
272,"Q5",0.0159186990169804,9.57957388381974e-05,0.106839537896907,0.031110829113748
273,"Q5",0.0302536211985451,0.00013052584974707,0.28830415460592,0.0962815144052263
274,"Q5",0.00817898473457035,0.000111644515920466,0.145174743802347,0.0454710186217619
275,"Q5",0.0834537047499531,0.000636725293287341,0.380866606423743,0.0997176309909244
276,"Q5",0.00193424897668848,7.90829197225027e-05,0.0640504914134896,0.0344518458036975
277,"Q5",0.0163005760994022,9.18807758714574e-05,0.187117351739963,0.0616126554210733
278,"Q5",0.00929653038020106,0.00010084660273345,0.143237694208325,0.0431669661752409
279,"Q5",-2.61011495084063e-06,0.00021284190899636,0.00421435803565553,0.058599573224883
280,"Q5",1.83988867004103e-05,2.33419064027915e-05,0.00479737131691303,0.0211264841919264
281,"Q5",0.0373447164214156,0.000310144620692237,0.277530875748444,0.0843141917653355
282,"Q5",0.0288195690427955,0.00013435869071694,0.355770169047129,0.290479372664225
283,"Q5",0.00188307066348159,2.30090695998713e-05,0.0541582886192609,0.0196618532850004
284,"Q5",0.00648693095810771,7.32229766730121e-05,0.121755519442921,0.0493453039610709
285,"Q5",0.0305293745889532,0.000193918854469066,0.26738803163116,0.079717913249875
286,"Q5",0.0043578239704658,0.000112603085789751,0.0988451068926926,0.0461152778429408
287,"Q5",0.0721494403769576,0.000507786991456814,0.52750849643903,0.131365007527929
288,"Q5",0.0340349881865123,0.00028235550654682,0.231818392686058,0.067384216882746
289,"Q5",0.0405956284047235,0.000279545156202363,0.292196235741017,0.109465369825643
290,"Q5",0.0413618143786803,0.000246336228209842,0.327366702095193,0.114863070486676
291,"Q5",0.0339526684453197,0.00023118088528876,0.338411744363774,0.0842162257073472
292,"Q5",0.00126381698421518,1.43381697931107e-05,0.0551629843495118,0.0189287611345287
293,"Q5",0.0294939726850885,0.000205768355005785,0.186746810173526,0.0472192932370255
294,"Q5",0.00540484520873896,6.36742461371366e-05,0.115025254447367,0.0338799065393181
295,"Q5",0.0216713645866076,6.80429491366027e-05,0.263012862131529,0.0724027908321972
296,"Q5",0.0313088327479392,0.000148853188001151,0.253958359802683,0.0924340656036432
297,"Q5",0.000630406813554529,9.82420363579935e-05,0.0159720935553747,0.045217259779539
298,"Q5",0.000206452007969204,1.92846981599199e-06,0.0193901230213276,0.0224098114428591
299,"Q5",0.0559329686139272,0.000446377758803609,0.411503459498459,0.14332153364327
300,"Q5",0.000658759812534271,7.63615719408278e-06,0.0398122886374384,0.0281002522331079
301,"Q5",0.000725814542645864,1.28861077221508e-05,0.0430545480586988,0.077719591353858
302,"Q5",0.00354345950959534,3.70906164123066e-05,0.0862822701755381,0.0256756646925725
303,"Q5",0.000195720139064548,1.53658192107637e-06,0.0180194476303497,0.0795799014738297
304,"Q5",0.0245312523542633,7.99245130837797e-05,0.197788565021124,0.107866223465674
305,"Q5",0.00276253931832038,4.97750973282498e-05,0.0786812569200766,0.0290431560177463
306,"Q5",0.00771277607441156,8.93249113298726e-05,0.133319729002757,0.039270163391332
307,"Q5",0.0105921028838587,0.000114477149071799,0.153376333910582,0.165587090736755
308,"Q5",0.0248141886963591,0.000156628400537588,0.302043215369338,0.0715317768322699
309,"Q5",0.0128087570956215,0.0001401821141508,0.167539476036291,0.0504820735486979
310,"Q5",0.000747367431582546,1.58853884088735e-05,0.0565063287512568,0.0196198762212846
311,"Q5",0.0443152688843096,0.000295479331252143,0.530931870032644,0.128260912395684
312,"Q5",4.19902042576581e-05,5.32748675966678e-07,0.0105140486367698,0.0221569065178497
313,"Q5",0.0121005626548687,7.38686848204269e-05,0.11932423871722,0.0377876331314811
314,"Q5",0.00132611357744317,1.64000223510292e-05,0.0581217586372247,0.0346248296933502
315,"Q5",0.0189165080921203,4.26171800682681e-05,0.258254661190235,0.0865568674649059
316,"Q5",0.0216172571391553,0.000140224042716791,0.223129552675207,0.112658361073593
317,"Q5",0.00719370122537377,4.75173919482331e-06,0.0734660063266433,0.0280432824924298
318,"Q5",-0.0151224394899536,0.000242866250208316,0.43395043194421,0.101009327435553
319,"Q5",0.00725977692533064,8.75197117202811e-06,0.0759134233190766,0.0471260001196724
320,"Q5",0.00191882554620726,1.93323440309446e-05,0.062714005246709,0.0249782019233304
321,"Q5",0.00574169899690347,4.00092013486501e-05,0.106080267248404,0.0317281658266182
322,"Q5",0.0096757963556442,0.000106265610712892,0.147324762612792,0.0596435872005723
323,"Q5",0.0279841286860503,0.00019768029162029,0.220203115124844,0.0653209820827308
324,"Q5",0.0179352230911043,0.000119331775228886,0.233714701500136,0.0612936034393893
325,"Q5",0.000469684756874145,5.9175580925248e-06,0.0345332576052466,0.0372546326964184
326,"Q5",0.0385661875563201,0.000232074327597091,0.307578949090772,0.108097350812859
327,"Q5",0.00313354983942382,5.24091919717701e-05,0.0866098990571463,0.114840561090315
328,"Q5",0.0041367352875632,9.18868171214163e-06,0.0485711020731153,0.0379135440639106
329,"Q5",0.00537267692024912,0.00012838021141352,0.115381133981599,0.0494422092786476
330,"Q5",0.00164419725348353,7.32972573109517e-05,0.055768322768812,0.0303929930059101
331,"Q5",0.00510492569769028,5.29974632018232e-05,0.10591482463601,0.0312381151346357
332,"Q5",0.000211566291572041,1.97346430534022e-06,0.0202497858783894,0.0293871788615025
333,"Q5",0.027453298905824,0.000151506232647398,0.279421648182355,0.0668068150180002
334,"Q5",0.00122901463765501,1.58670635256614e-05,0.058719396655073,0.0188319700354458
335,"Q5",0.000190927370860905,1.42964959417308e-05,0.0257297106406859,0.10845960485205
336,"Q5",0.0174746614196764,7.39808897309585e-05,0.223520974365916,0.188787144801332
337,"Q5",0.0146103584357249,9.9634668719897e-05,0.179660830889638,0.0598292175248379
338,"Q5",0.0130706098257818,0.000145630067923168,0.174591473484798,0.0532411854567447
339,"Q5",0.0644535424391961,0.000484101878685463,0.625700013740051,0.14919512718657
340,"Q5",0.0415951332518372,0.000245903080375489,0.480670725064391,0.124103136697396
341,"Q5",0.0636850119312307,0.000394821587759994,0.471048133945073,0.159401534907608
342,"Q5",0.0330661489101871,0.00012326209486164,0.324664561851429,0.104534032528048
343,"Q5",0.00268563273068878,2.72280858307739e-06,0.0736494033208595,0.0481168558625272
344,"Q5",0.00342214321042533,3.59970956239514e-05,0.0862047600056157,0.057610816655649
345,"Q5",0.0346481175626199,0.000214990781500617,0.293305358652049,0.0957920774360582
346,"Q5",0.00179372262880584,2.0808956265436e-05,0.0658860478879596,0.020984376951605
347,"Q5",0.000549383370314516,4.93431840023364e-06,0.0318306820985489,0.0130848860459388
348,"Q5",0.00121301963792142,1.36619152760803e-05,0.0539161797780914,0.0205810696705094
349,"Q5",0.012020542278977,0.00013384862617361,0.163271982984431,0.0483434789477108
350,"Q5",0.00332226755628895,3.9433880560637e-05,0.0894368526038059,0.0511830866544773
351,"Q5",0.0455573265709948,0.000361741321960239,0.335039792791507,0.106200471846066
352,"Q5",8.6116687652904e-05,2.26108215103844e-06,0.0181310474240539,0.0064150572131612
353,"Q5",0.0211952491044265,0.000259477367550486,0.226603182176212,0.0710592623944415
354,"Q5",0.0322683963296129,0.000201946338069625,0.381021335757798,0.0943586659691539
355,"Q5",0.00623938695541248,5.47337913661533e-05,0.0635803415090218,0.114341154715736
356,"Q5",0.00029497435761705,3.74507414688439e-06,0.0274137692511892,0.00878192746839529
357,"Q5",0.00471402522398989,5.00295241408827e-05,0.096682727668516,0.0295982807099762
358,"Q5",0.00148102820694618,2.83014309797539e-05,0.0589161341092396,0.022309843927836
359,"Q5",0.00235684308046125,2.77924884434642e-05,0.0762017591803937,0.0226525935018601
360,"Q5",0.00106166796229701,2.09820798278512e-05,0.0465930038300643,0.0189640607508278
361,"Q5",0.0425152847135166,0.000197220623721924,0.441215216594944,0.120380263579386
362,"Q5",0.00543969612381368,6.14464860283283e-05,0.113489493266198,0.0342243875409211
363,"Q5",0.0334752814931267,0.000148098407038391,0.192259805546231,0.0658801279590015
364,"Q5",0.000111877260092541,1.07244361339874e-05,0.0200887267078038,0.0826846909727955
365,"Q5",0.0475550138705714,0.000271089868412079,0.447784596982997,0.119817631400085
366,"Q5",0.0155207840376175,0.000175998402869532,0.188684053984701,0.0559153900019505
367,"Q5",0.066750270439865,0.000481461975039537,0.413278958702127,0.132633403669251
368,"Q5",0.0122135025823606,0.000172507857369433,0.169684702032705,0.0560962623840966
369,"Q5",0.0658515363299266,0.000497489030168242,0.623413269755104,0.143170784051768
370,"Q5",0.00642593597885899,7.18581717864973e-05,0.121581190721476,0.0364387286053615
371,"Q5",0.026910864237971,0.000187263663025467,0.272241254823078,0.121727344339438
372,"Q5",0.00769866945022102,8.65606311203157e-05,0.133214154363073,0.0557880039317874
373,"Q5",0.0415557342984201,0.000305023761994648,0.480800393888936,0.116647862659223
374,"Q5",0.0265862383562165,0.00015992055585591,0.14217599754696,0.0369410763197208
375,"Q5",0.0376169573290515,0.000283794270227616,0.196723238899782,0.0870442047816648
376,"Q5",0.0625194638217312,0.000506030570858484,0.635079426519263,0.142343373463805
377,"Q5",0.0711165849825086,0.000490788120360894,0.527528510034897,0.119773343019287
378,"Q5",0.000446986566288388,2.04948676351011e-05,0.0332447623276735,0.0211950003152247
379,"Q5",0.0101197074195856,5.26384187184243e-05,0.144500037039314,0.0452475795783557
380,"Q5",0.0369670637704651,0.000248070790235789,0.367480099613455,0.0800363768143629
381,"Q5",0.000460867923800734,5.20998562962032e-06,0.0322710335232986,0.0364988441228217
382,"Q5",0.0384397403133274,0.000282759764196148,0.251368825033985,0.0895725868196129
383,"Q5",0.00961723704695139,0.000111189156100029,0.147732935716531,0.0449244099350938
384,"Q5",0.0474676665872842,0.000381617072212368,0.53024432375854,0.294095701004658
385,"Q5",0.0329727988811985,0.000240838662531535,0.280670698091337,0.101207482235922
386,"Q5",0.00203979856131831,2.10377379668398e-05,0.0637328835711398,0.0429485351878101
387,"Q5",0.00927184481190935,2.91380923814035e-05,0.133440514457407,0.0493186217811468
388,"Q5",0.0385438609826547,0.000269072682747221,0.297007046409022,0.160706309983036
389,"Q5",0.0342667599185127,0.000124110210031592,0.282206928396265,0.221262063803967
390,"Q5",0.00201792677406942,8.2832764907481e-05,0.0686044281087144,0.039150341946342
391,"Q5",0.0105128472529152,7.18051809177369e-05,0.0710069410839793,0.0340375591232634
392,"Q5",0.0315302293366369,0.000232104691812559,0.223410378414656,0.0846631274495788
393,"Q5",0.000229435944920198,6.14303606699197e-06,0.0242138567340859,0.0577236228214275
394,"Q5",0.00196660572511398,1.42068983382753e-05,0.0290773202879688,0.0222644048822335
395,"Q5",0.0221168122603199,0.000253016959982952,0.231642186877846,0.105468242898749
396,"Q5",0.0163362117524741,0.000176406181901378,0.188003865276976,0.0663981956710983
397,"Q5",0.0200770814261748,9.61690886588349e-05,0.214546185170614,0.0630552212895409
398,"Q5",0.000191884885051508,4.70587121422302e-05,0.0214848082389353,0.0315170873739836
399,"Q5",-3.0402654100925e-06,0.00010452494141748,0.000144442517812433,0.0437434900229699
400,"Q5",0.000711363422993827,8.51897497875634e-06,0.0427447341402261,0.0197224412936624
401,"Q5",0.048699524486187,0.000362666417473629,0.610844860643896,0.137144828093472
402,"Q5",0.0483215303434612,0.000354843167888396,0.315431098167394,0.107170142459714
403,"Q5",0.0320872531155612,0.000225888775065564,0.258377748757054,0.0967179206781587
404,"Q5",0.000461049072800535,1.12842154902746e-05,0.0315748588101444,0.014407263788079
405,"Q5",0.00148632809953142,7.07064331545535e-05,0.0575188125696375,0.0343704309080142
406,"Q5",0.000348843459212489,3.93327251264771e-06,0.0281166857669774,0.0100190562800421
407,"Q5",0.0139215978897322,0.000154649371852929,0.18222929350748,0.0538131300820579
408,"Q5",0.00946662130144027,1.8420049598288e-05,0.148472586916126,0.0447072422457789
409,"Q5",0.00390078824804618,8.83840383691905e-06,0.0564598482226429,0.0281621558617242
410,"Q5",0.0162150633154532,0.000142567484461153,0.147632653560162,0.344858242071241
411,"Q5",0.00576500648683087,0.000141686001994943,0.116172976695841,0.0502552702865131
412,"Q5",0.00160447248878981,0.000260863074771359,0.0622521043384012,0.0646974649454041
413,"Q5",0.0744941626226669,0.000666974190198475,0.673453284134112,0.169129018262024
414,"Q5",0.0474383186937537,0.000323764541316532,0.569811923276477,0.135747147689073
415,"Q5",0.0564038261373554,0.000461452257560334,0.59834070986786,0.145954407300538
416,"Q5",0.000727258492018379,8.8156794616538e-06,0.0436281078120623,0.0151471146246522
417,"Q5",0.0167124307587265,0.000182968369295934,0.194094729479335,0.059156364290124
418,"Q5",0.00346109302012643,4.29303517534111e-05,0.0865161468512612,0.02721315795642
419,"Q5",0.005565235596519,1.47335462196984e-05,0.0668037943419466,0.0364563923210763
420,"Q5",0.0180945583397474,5.74290358390943e-05,0.19424921175824,0.0491398332290629
421,"Q5",0.0304578628323569,0.000342178922476898,0.266304970784572,0.0787703958473866
422,"Q5",0.00177714416755848,1.96792192479275e-05,0.062329502708922,0.0338139676837061
423,"Q5",0.0479641833205342,0.000336773943781326,0.293802503227821,0.0863333210804312
424,"Q5",0.00370811680905092,4.30549942914086e-05,0.0932597607475206,0.027586986118992
425,"Q5",0.0337887044012746,0.000142509828942301,0.448794014134333,0.100452239903183
426,"Q5",0.00910765604175801,7.19955513814771e-05,0.132098754670878,0.136899237666601
427,"Q5",0.0352499385828509,0.000204079441765448,0.294289946178525,0.0825916103311438
428,"Q5",0.0211555029094619,0.000136630719482447,0.212686490954586,0.0673729537262966
429,"Q5",0.00689985775873225,7.95555729525475e-05,0.124113169380772,0.038030021611673
430,"Q5",0.0283244377060345,0.000212546564302414,0.289788083747144,0.0908131196776766
431,"Q5",0.022181233869782,0.000204605101881415,0.284489492224133,0.0914406703705411
432,"Q5",0.0278296988733651,0.000320370273284751,0.252533572812317,0.0754633589461576
433,"Q5",0.240939507731204,0.00218073927307053,0.86993031043406,0.183076615764958
434,"Q5",0.0562763758453446,0.000347419566556311,0.358757911880943,0.125206038160319
435,"Q5",0.0222076629751395,0.000137740647304005,0.126285967147924,0.0297742998230343
436,"Q5",0.00475234133368474,7.60813059427734e-05,0.0850411320138656,0.0418461081982652
437,"Q5",0.0231664631218589,8.92703968619966e-05,0.171285562941216,0.0798123712220041
438,"Q5",0.042802468330315,0.000290617631120871,0.296365898339392,0.0781841645814784
439,"Q5",-5.60507947788835e-06,5.94985404075799e-06,0.00185637449660535,0.00885991951104315
440,"Q5",0.0160752876492598,4.69480200955328e-05,0.16561654350507,0.0481143476671137
441,"Q5",0.00124194393596433,1.60104029667607e-05,0.0569292350379767,0.0313182054995883
442,"Q5",0.000658445773211724,1.37568712991795e-05,0.0366865972563507,0.0166270285028874
443,"Q5",0.0593475478993177,0.000313067792153057,0.341457728752238,0.23779705624477
444,"Q5",0.00436842441257745,4.60857379068404e-05,0.0979146780091609,0.0363189809147628
445,"Q5",0.034385694276887,0.000244146156724206,0.445751929602684,0.110286751429512
446,"Q5",0.071770851195593,0.000509781622489636,0.558775103967654,0.188667799997131
447,"Q5",0.00826987417895531,1.1829525739715e-05,0.0964979362649486,0.0542084633505145
448,"Q5",0.00135872389604152,0.00010670805995979,0.0551646625774787,0.044573911764695
449,"Q5",0.0189450830221762,0.00020917684606126,0.213866798912549,0.0633353464205687
450,"Q5",0.00214038444141984,3.36724198187446e-05,0.0745795250673485,0.0245857611950738
451,"Q5",0.0687025706704443,0.000462231181474706,0.511053676330421,0.161472204780452
452,"Q5",0.00293530131529707,7.12836818125122e-05,0.0853828541047393,0.0350957064689634
453,"Q5",0.00173262572643118,1.96897451395215e-05,0.063283116640134,0.0247238232834135
454,"Q5",0.00696526904867234,7.64536176385403e-05,0.123241220240834,0.0366365935940831
455,"Q5",0.00295382373944442,3.57013891794834e-05,0.0841289322358427,0.111361493657961
456,"Q5",0.0158486630086578,0.000123116171881338,0.186583336287651,0.0599484937057528
457,"Q5",0.0206701283113961,0.000237663301931907,0.224328233363456,0.0661289602228336
458,"Q5",0.0551402433207873,0.000441475901446029,0.481512116151287,0.130925699240452
459,"Q5",0.0714881863745713,0.000532662572160743,0.830388110525411,0.193571702553953
460,"Q5",0.0415041304482262,0.000255939153148392,0.318384720157616,0.180593360625726
461,"Q5",0.00687532973018001,7.98844707722028e-05,0.131490433652658,0.0389556730693454
462,"Q5",0.0533089405248433,0.000382083828722121,0.652264582309552,0.148875199864457
463,"Q5",0.0376920597357255,0.000282267696465331,0.259174289093968,0.103512557683529
464,"Q5",0.0645352961827932,0.000448309310671022,0.204002071990252,0.0538577361658428
465,"Q5",-2.31542601625279e-06,7.77738186667346e-06,0.00132651025291566,0.0119241981139498
466,"Q5",0.00322753544166332,7.4920669465486e-05,0.0845548020193438,0.0394387102164867
467,"Q5",0.011214607689519,0.000127552406377725,0.160866798441352,0.0474837288817023
468,"Q5",0.00686391044277279,8.66003818544493e-06,0.0653070308522576,0.0540444495592061
469,"Q5",1.27314005045065e-05,2.40300102992992e-07,0.00709912931312842,0.0166938874661664
470,"Q5",0.0148874760293687,0.000171748349078478,0.183308699435306,0.0608012084225168
471,"Q5",0.00280483436128343,2.95886166637204e-05,0.0797088966490768,0.0503774735772006
472,"Q5",0.00984019389178314,3.36748899749963e-05,0.105685288180164,0.0642671757599933
473,"Q5",0.00504955493649639,5.66297525297386e-05,0.108061404751067,0.0322799103984953
474,"Q5",7.79732591293936e-05,4.85806829938902e-06,0.0165567865819384,0.00856497856035213
475,"Q5",0.0239053830017113,0.000181939408686431,0.2554457707794,0.0741688926955721
476,"Q5",0.0469913068394643,0.00027081828353115,0.450256089622224,0.107037296227599
477,"Q5",0.0441308881703986,0.000328073372454171,0.464116510031315,0.103307840969262
478,"Q5",0.00554960574155494,2.24612691099134e-05,0.0939451559940309,0.0265620440271459
479,"Q5",0.041211429202443,0.000254716437375956,0.336244377212147,0.0874565987553429
480,"Q5",0.00192381820759024,2.05133735794844e-05,0.0671132480201722,0.0198982498552164
481,"Q5",1.4634947282488e-05,1.04387818438948e-07,0.00475557876810669,0.0302436879990021
482,"Q5",0.000414174336750506,4.66479825483146e-06,0.0319109479086205,0.0095555494882308
483,"Q5",0.0441974674987424,0.000204627848709869,0.278903975810081,0.210280307445265
484,"Q5",0.0233407185899708,0.000277975364953832,0.223876811377428,0.0746956324394343
485,"Q5",0.0387626395759249,0.000325251776726857,0.209535486261585,0.0718962645366325
486,"Q5",0.0361417623682971,0.000196220278394159,0.424810683898085,0.104691769761311
487,"Q5",0.0120424049719503,0.00016907106356404,0.165397267185186,0.0539939729296359
488,"Q5",0.0170294490492164,0.000190454762123293,0.20168997845295,0.0596109011397699
489,"Q5",0.0139740988877506,6.47188315546863e-05,0.172694204468692,0.0488361253125974
490,"Q5",0.0133686672325162,0.00014886355926268,0.180353952909387,0.0660294278287722
491,"Q5",0.000722501569594414,9.21757009747922e-06,0.0438629815150606,0.030971694690793
492,"Q5",9.51377020861344e-05,4.50952030065922e-06,0.0199070941417808,0.00855369696508709
493,"Q5",0.0453753500951493,0.000316096183656072,0.670270914346397,0.171729415130548
494,"Q5",0.00178821522387729,1.78135157657185e-05,0.060871291393181,0.232152488780293
495,"Q5",0.015427769399583,0.000138053308057695,0.158325919418144,0.0612798469308265
496,"Q5",0.0088422756648221,8.50531493386338e-05,0.105875219349177,0.0353956001741052
497,"Q5",0.0783051749845463,0.00052457790582245,0.287607062122687,0.064786441106185
498,"Q5",0.0158348011139431,0.000124993598938234,0.175912291406978,0.0523883650597084
499,"Q5",0.0194089085347215,8.71478594983162e-05,0.25814646181712,0.054636025412607
500,"Q5",0.00111116119514421,1.20044345849232e-05,0.0508762488848759,0.036028680298185
501,"Q5",0.00151128351430074,4.33526457892598e-05,0.0579528040663977,0.386131285521375
502,"Q5",0.0613512992850929,0.000412248693320143,0.529631309241154,0.154004035544897
503,"Q5",0.0169157766858081,0.000201645641572487,0.20212170822986,0.17498639062501
504,"Q5",0.0200039757468655,0.000129772302242347,0.279269710455042,0.0731556384924883
505,"Q5",0.133328929075041,0.00105987064250073,0.870465444021245,0.177365634497576
506,"Q5",0.00480756667412052,5.40725072806191e-05,0.104683261169408,0.0308778085399976
507,"Q5",0.0617173646752782,0.000455423588425382,0.424359294760518,0.103198785973082
508,"Q5",0.000924527313680201,1.00011164428054e-05,0.0456966958058817,0.0338534406706097
509,"Q5",0.0137352343911132,0.000274232574201195,0.17716351583336,0.0705911694299019
510,"Q5",0.0177503954938096,6.18877457881233e-05,0.121754115424858,0.0751131450415499
511,"Q5",0.00918966509549968,0.000121345875242883,0.104805642300145,0.387558771067825
512,"Q5",0.00921092748099284,9.84344338250377e-05,0.145813342209345,0.0445329525653322
513,"Q5",0.0119702137233944,4.77619276963916e-05,0.140305488088551,0.047537549276091
514,"Q5",0.000884072414553572,6.40576769338127e-06,0.0390282737129806,0.0118171257650304
515,"Q5",0.0222171863342666,0.000119399486332036,0.266694412296382,0.112462234646811
516,"Q5",0.0566777351849286,0.000384255345274842,0.53719730159901,0.125212949508704
517,"Q5",0.00805372674512128,2.02157573835485e-05,0.0561708463607656,0.0148155703569374
518,"Q5",0.0443471280331611,0.000232779897416438,0.346198401278197,0.104377701257217
519,"Q5",3.1388575663982e-05,1.92235154649707e-07,0.00634904443479266,0.0523004715546317
520,"Q5",0.000438719464835202,4.93632257075533e-06,0.0316599039573104,0.00998946275714385
521,"Q5",0.00186999359998552,2.05900006535438e-05,0.0642950564856473,0.0737254239696966
522,"Q5",0.000139213567958762,1.58837574007436e-06,0.018354561337093,0.00951191250364303
523,"Q5",0.0021350187496143,2.07058640581488e-05,0.0676358868752363,0.047683910953033
524,"Q5",0.0201864557207241,0.000121013014962903,0.231003695269418,0.0674922551129947
525,"Q5",0.0344246893181257,0.000244931367692221,0.413870824008329,0.149757881811098
526,"Q5",0.000205415634034978,1.53608033733057e-05,0.0211895084809428,0.0208513263965296
527,"Q5",0.0309292131242085,0.000206590363934475,0.283142660994684,0.0908302099662677
528,"Q5",0.000892712220053937,3.62028622392686e-05,0.0432639157540819,0.207269023774514
529,"Q5",0.00921983942840754,0.000301234303382198,0.14149155364192,0.0560996411357361
530,"Q5",0.0049199391375172,8.12825683092054e-05,0.104556888923043,0.0384072461281668
531,"Q5",0.00856258781644748,3.64279331792856e-05,0.134463957257034,0.04087103941793
532,"Q5",0.000266854975945918,2.86950446580964e-06,0.0238295417006169,0.00711852350251978
533,"Q5",0.00120731953910003,1.28469766152309e-05,0.0512997239514108,0.0284887388532525
534,"Q5",0.00355138358482066,3.93803380461129e-05,0.0916041473268023,0.0271702055449512
535,"Q5",0.00114973607006874,1.38511801094838e-05,0.0535264560136765,0.0165048727339227
536,"Q5",0.0423342966298286,0.000301417551116373,0.210008901355623,0.0669519817862688
537,"Q5",0.0836720172209624,0.000495249296475141,0.299515019457086,0.0890132327112676
538,"Q5",0.00443450675290791,0.000139375102554019,0.0993740158126545,0.047410655215915
539,"Q5",0.00950980791550826,8.40308086946166e-05,0.116303428443925,0.0492585103033613
540,"Q5",0.0246659005820558,0.000126860560081622,0.156708941262261,0.0470045509312454
541,"Q5",0.0277939843921367,0.00013366578097808,0.150107228728034,0.0721307190212252
542,"Q5",0.000149524167943227,7.75598641413623e-05,0.0181189120473238,0.0330365929512273
543,"Q5",0.00310792612216559,7.30778484241325e-05,0.0845572822059342,0.032677086994696
544,"Q5",0.0384588548057359,0.000189793731343962,0.334023331002748,0.20430021212572
545,"Q5",0.055819558986526,0.000256746891153511,0.587053458567882,0.129149596817295
546,"Q5",0.0907125932193491,0.000779990725596975,0.698118356535269,0.190809500717843
547,"Q5",0.037737042286988,0.000261835805149882,0.479096990814427,0.10977901287079
548,"Q5",0.0247343616723192,0.000189790030285317,0.234455033951464,0.085880632808582
549,"Q5",0.000370313584218351,3.98942887413741e-06,0.0287857771974445,0.0215494655220314
550,"Q5",0.0405580376353196,0.000136556887262675,0.609681052867924,0.128289358066396
551,"Q5",0.0712736449417797,0.000518953397654162,0.655628119862225,0.14486301237186
552,"Q5",0.0254355108114996,0.000158005903595082,0.345137284230979,0.0798391240733724
553,"Q5",0.000982978799356715,1.0598921374489e-05,0.046599670259804,0.0159065711913585
554,"Q5",0.00207021346146874,6.17818482407986e-06,0.0428474883587836,0.0159377199403121
555,"Q5",0.00808194440488563,9.08174652894932e-05,0.135358355491277,0.0399051246789998
556,"Q5",0.0334185309496942,0.00024296682032837,0.456936422750521,0.105356457511466
557,"Q5",0.00631984997176716,9.08047043133873e-05,0.114614723914148,0.0391049978390498
558,"Q5",0.0348831007938717,0.000209814427052113,0.236255908367168,0.0876077745649987
559,"Q5",0.000715045918658674,6.69854538358721e-06,0.0367864462943974,0.0171559003251538
560,"Q5",0.0183213139903327,0.00010268792922808,0.260447909685389,0.0595286201339224
561,"Q5",0.0109236719239743,1.32565232399301e-05,0.128106151728807,0.0625609834177284
562,"Q5",0.000359108089954319,4.16157349712961e-06,0.0303397910068167,0.0179251689587598
563,"Q5",0.02789782678148,0.000239299021353436,0.163926466335328,0.0552097609750972
564,"Q5",0.00689076958583712,7.38304073727174e-05,0.125492208523163,0.0398953661171949
565,"Q5",0.0192501797758435,0.000223307709341764,0.210020015206843,0.067457705886862
566,"Q5",0.0451564158349544,0.000353816229342693,0.383169188023537,0.100516204792128
567,"Q5",0.00120535721212711,2.67556582330931e-05,0.0523293912909696,0.0213632246248889
568,"Q5",0.00507835816242697,0.000436332137769837,0.108010064906743,0.0902105902117164
569,"Q5",0.0375382886233808,0.000303269171544593,0.33091032480233,0.0972023479296731
570,"Q5",0.00144033286045975,1.46358581678831e-05,0.0545857334313889,0.0220483059477193
571,"Q5",0.00160702054586181,3.58842752606003e-05,0.0591713418730042,0.0244789679481341
572,"Q5",0.00820183144619335,8.89426542511837e-05,0.133093408785879,0.0396270113019664
573,"Q5",0.0577229989945192,0.000402444411586768,0.455512209866657,0.165499718659447
574,"Q5",0.0657521854792371,0.000574808947186952,0.450731528944865,0.154140086632995
575,"Q5",0.0114344127089048,0.00012912796816375,0.164609749271233,0.0486987017464532
576,"Q5",0.00691914350333533,7.09698587844105e-05,0.118774585705107,0.0358116817028494
577,"Q5",0.0227943841669749,4.44334072081004e-05,0.213043688443629,0.150389792858567
578,"Q5",0.00883211162600439,0.000108565792024717,0.148439300862222,0.125808307401523
579,"Q5",0.0169246954441231,0.000217833681446166,0.195026465496192,0.0624525093023957
580,"Q5",0.025051541303732,8.93489112462913e-05,0.20078191270754,0.0733134108231562
581,"Q5",0.0479175165193304,0.000342095019348127,0.585540303419141,0.132148000218664
582,"Q5",0.0108037212673953,0.000120941384962141,0.160989102612498,0.0476042190636047
583,"Q5",0.00793320702040567,8.68157921952604e-05,0.100555068124435,0.0505953468519808
584,"Q5",0.00571109787810187,5.87744423779312e-05,0.109897397341721,0.0331517342874911
585,"Q5",1.88961607889837e-05,1.33310485682288e-05,0.00573359550883154,0.0133278092039167
586,"Q5",-5.17991124304729e-06,4.88156224975104e-09,0.00100089772831337,0.000440921684393407
587,"Q5",0.0246952470399773,0.000264516340368901,0.252476083647132,0.0781675652992676
588,"Q5",0.0587231027264892,0.000442272122161376,0.552921574332244,0.121395869821999
589,"Q5",0.0147846996359977,4.2259696325512e-05,0.124621930937324,0.0411151356792238
590,"Q5",0.0283499442330761,0.000189315446682756,0.26901170690978,0.0878633780401283
591,"Q5",0.00627978707062304,4.08645277238703e-05,0.0772630197112893,0.0427682480094962
592,"Q5",0.0489045940742443,0.000342898393328798,0.25557843030498,0.0914240905607203
593,"Q5",0.0309874424626191,0.000158726043072149,0.328944600434993,0.0793200388799634
594,"Q5",0.0259897988920113,0.000122307391246867,0.34782187280765,0.0799369802519786
595,"Q5",0.00803940965858629,9.17960487029971e-05,0.13833931264867,0.128156091655614
596,"Q5",0.0115466220923217,1.65774746209353e-05,0.140401944169716,0.0817084259284724
597,"Q5",0.00126192951934812,5.11061813824646e-07,0.0131468700722178,0.00626656454701633
598,"Q5",0.00550061147607828,0.00012633027675132,0.115340142623812,0.0471254180083015
599,"Q5",0.0436086324030889,0.000326230923420972,0.400618595291879,0.140655983611501
600,"Q5",0.0233457802568857,0.000158099250462066,0.201000192382818,0.0621268186185917
601,"Q5",0.0209214282734678,0.000133752830413254,0.200448939861242,0.0547352834742821
602,"Q5",0.0705363175103582,0.000542474720272234,0.55007839196971,0.149038217663229
603,"Q5",0.00694284729172878,7.48351852374119e-05,0.125713652615339,0.0427313057891847
604,"Q5",0.00452092935537785,7.6707373123507e-05,0.107810798037432,0.0369470001738893
605,"Q5",0.00337005757792852,5.55614832062356e-05,0.0868236587930408,0.212983382827858
606,"Q5",0.0533331670084642,0.000522641046447415,0.543831816809584,0.157313022824327
607,"Q5",0.00371294052197335,2.50143541346541e-05,0.0281927865389933,0.0132558054241071
608,"Q5",0.025349333201568,0.00012992724723407,0.285526974228226,0.0833511930514793
609,"Q5",0.00675787323485366,9.63003371185568e-05,0.125102137075165,0.0415636253915101
610,"Q5",0.00782732850338341,2.1927822250393e-05,0.0976521237527054,0.0395012700826459
611,"Q5",0.0498284588856492,0.000360792674513712,0.556395529855244,0.128942207640868
612,"Q5",0.00376062023618751,7.91068844023508e-06,0.0547609650109155,0.0477596256490498
613,"Q5",0.0736849409091036,0.000552752488357685,0.67728980786587,0.158813271608157
614,"Q5",0.0226892386255582,8.0493544170954e-05,0.191558767838247,0.043606407376543
615,"Q5",0.00577043586464754,6.30077700516518e-05,0.113715530818525,0.0496616379239103
616,"Q5",0.000318076783363708,4.89481292025618e-06,0.0317233524943565,0.035243801073261
617,"Q5",0.000467638038813334,6.14926553378048e-05,0.0323582385241211,0.0327884651179663
618,"Q5",0.0234526047434205,0.000257279174730554,0.233030412744368,0.0708105652285463
619,"Q5",0.00967304233285304,0.000104556106551372,0.147225726138143,0.0462249777591652
620,"Q5",0.0153450099238679,0.000103209439128422,0.155513259273839,0.0581557531461242
621,"Q5",0.0532089211747646,0.000354439812250191,0.354510435652793,0.10448049156552
622,"Q5",0.00418207709104834,4.553115758819e-05,0.0995490720716238,0.0461935758171396
623,"Q5",0.0170835457665,0.000141213900786524,0.195667713098657,0.0561279854848849
624,"Q5",0.00369677704208726,4.19309759788888e-05,0.0925128066184822,0.0272654829488856
625,"Q5",0.0605211136405295,0.000380966674522175,0.450437618742715,0.132968227084439
626,"Q5",0.00689236682298322,1.2178583459537e-05,0.0604023906973002,0.030101695680284
627,"Q5",0.00773068382543052,2.57241650070079e-05,0.094969685124381,0.0534839712364571
628,"Q5",0.00375250897619139,3.8642359049418e-05,0.0872393475645978,0.0257763991919592
629,"Q5",0.0350064966471972,0.000141144500354798,0.340350177628462,0.121487848939691
630,"Q5",0.0113581013048343,0.000196813341020392,0.164996963154813,0.0613296973257929
631,"Q5",0.0326864463032734,0.000362240382906105,0.270661331736858,0.0857557411857039
632,"Q5",0.0224932596273888,8.48990460338303e-05,0.227398206600572,0.0671044784988565
633,"Q5",-3.1858692786102e-06,7.77090333826209e-08,0.00388638657956343,0.0369624449414753
634,"Q5",0.0532284890364938,0.000310849886195643,0.742783161520788,0.159984683748619
635,"Q5",0.0761704086764183,0.000571225947815241,0.471930987628977,0.176348737234564
636,"Q5",4.78832068822044e-05,1.0385105909054e-05,0.0117017688075498,0.0143359757251299
637,"Q5",0.000406830587294849,4.4697596794586e-06,0.0310646670316054,0.0231940484752674
638,"Q5",0.0578969138924386,0.000368448656294196,0.572664705791255,0.487765890991375
639,"Q5",0.000218861018623784,2.65176063786227e-06,0.0238769475336893,0.0245528808297617
640,"Q5",0.0410043356091503,0.000282899762997054,0.350327299925914,0.0924792004479468
641,"Q5",0.101086064794979,0.000381375405961398,0.543170580137668,0.163527684426466
642,"Q5",0.00114770930779606,1.26532809576704e-05,0.0512698189066668,0.0157164266207509
643,"Q5",0.000157483541881831,1.60649114938157e-06,0.0181075359267742,0.0153533021830737
644,"Q5",0.0105553747841114,0.0001323809937877,0.161188477432455,0.0499308885608346
645,"Q5",0.000185273576853717,2.17876700283497e-05,0.0229269481050308,0.0199668140142833
646,"Q5",0.00198487540041903,2.43744586673164e-05,0.0737500630880434,0.0252468857105071
647,"Q5",0.0054640426110506,6.24949930698646e-05,0.112044581465114,0.035441002569482
648,"Q5",0.0619392448884941,0.000471919765393793,0.512861067027019,0.135547905357878
649,"Q5",0.0152581749861085,2.22464121833098e-05,0.173114316590307,0.0741976704611679
650,"Q5",0.00364799092416845,0.000150524367864394,0.0959264368079036,0.0519147810497209
651,"Q5",0.0282422057315408,0.000316660484138805,0.258985522967039,0.0768825597932855
652,"Q5",0.00894698261158133,9.07159620159093e-05,0.133836746453753,0.0401864670722412
653,"Q5",0.0220038285308046,0.000122225092542851,0.291744021399485,0.0689597570028484
654,"Q5",0.0107542206632729,0.000135613846045536,0.153426826846947,0.0475793965369386
655,"Q5",0.00791473221007877,1.11909464888693e-05,0.0740843244272795,0.0403941350997527
656,"Q5",0.0154871431305263,9.91839978390514e-05,0.159479453266442,0.0502477959063001
657,"Q5",0.0316685048457011,0.000129273788039747,0.374721599842019,0.0977386526848578
658,"Q5",0.00143151691094445,2.15896072770804e-05,0.058970490585121,0.019952532757272
659,"Q5",0.00431369764102918,5.72068164453622e-05,0.101877278408977,0.0762722530607962
660,"Q5",0.0308342398225427,0.000242971352069845,0.207916957378645,0.0647862766097705
661,"Q5",0.00117471839426564,1.18072737268424e-05,0.0500228804047522,0.0262747643097434
662,"Q5",7.15674360485252e-06,1.44551159289993e-05,0.00550414524617283,0.0655090477237376
663,"Q5",0.0114961846317581,6.34399172750625e-05,0.129440715829887,0.0491188733155347
664,"Q5",0.00930104137299281,0.000107235410480179,0.149670044717919,0.0452353737830772
665,"Q5",0.000709274646251146,2.39262514238423e-05,0.0435144828676164,0.019758929701388
666,"Q5",0.0822633113962006,0.000655341415952373,0.977385900988527,0.245272700152279
667,"Q5",0.0590562601668339,0.000448275428472715,0.685851727430658,0.156975359686819
668,"Q5",0.0488096927197947,0.000353632111584384,0.547121427256563,0.140369905609823
669,"Q5",8.60907199911054e-05,5.6817662370745e-05,0.0141264254761504,0.0323555475263168
670,"Q5",0.000420447860456363,4.78596595851659e-06,0.0310534489766959,0.034774895679647
671,"Q5",-5.55229851251227e-06,6.05646589491674e-07,0.000611759846467464,0.00345802362355651
672,"Q5",0.00217575030537276,3.72200408575707e-05,0.057680505874047,0.0247022088994648
673,"Q5",0.0252117109916217,0.000208760874033346,0.224435174043048,0.0978306022063192
674,"Q5",0.0138819496118554,5.32973664613183e-05,0.155688456591985,0.108609449925427
675,"Q5",0.00783220045431499,8.52026105558243e-05,0.137064665048689,0.040389111008466
676,"Q5",0.0718102055884682,0.000574310028670094,0.669479557477968,0.183608989047478
677,"Q5",0.0176230069444046,0.000196319130987883,0.198036976743543,0.0589431594615465
678,"Q5",0.0374107812826363,0.000266576844111708,0.282325904408555,0.0621847378274554
679,"Q5",0.0370844037991951,0.000417627256235656,0.28452690078374,0.0858161196135945
680,"Q5",0.00908123441998754,9.53352692598514e-05,0.0708577842757323,0.549895905578669
681,"Q5",0.0113144875921734,0.000129440284876085,0.164190205582109,0.0528530980444363
682,"Q5",0.0165690121153919,8.56378743609191e-05,0.230582726186498,0.0651506723288537
683,"Q5",0.0295448814594224,0.00032798413343608,0.265679037716158,0.0808120976060142
684,"Q5",0.00181362843708222,2.18284871533751e-05,0.0674954830430242,0.0212726594438042
685,"Q5",0.0112692135955701,0.000128380595523297,0.161977207870174,0.0482890987518644
686,"Q5",0.101857413824131,0.000794009452050473,0.474004987757537,0.150099652352892
687,"Q5",0.0687048915387116,0.000590919841293863,0.648938770598779,0.160120348869999
688,"Q5",0.004113329838761,4.27879805848738e-05,0.0924083050184923,0.0284860650970052
689,"Q5",0.0392843719591749,0.000231784044414896,0.240356402147311,0.103737572496339
690,"Q5",0.0533166365928572,0.000342894922121505,0.63717343838885,0.171451825111185
691,"Q5",0.0865105426515633,0.000652394013468319,0.77120234600722,0.161176582652615
692,"Q5",3.4946250663026e-05,1.87455441496559e-07,0.00617910626862776,0.00730467363033569
693,"Q5",3.16401199906835e-05,3.5807683181344e-06,0.0106081301978641,0.00780329201503716
694,"Q5",0.00273634850770854,3.46548669969686e-05,0.0807868423044132,0.0243512076665918
695,"Q5",0.0431026410992974,0.00025736826303594,0.404736098924519,0.119741354186482
696,"Q5",0.000463791757601584,4.63237131669846e-06,0.0319907095540129,0.0962330812435912
697,"Q5",0.00351381922333083,4.07264757643388e-05,0.0906002988208497,0.0354586364290002
698,"Q5",0.0324608209136095,0.000264783325826605,0.287043559833809,0.125029836578656
699,"Q5",0.00107902556401918,2.54108472489379e-05,0.0493665808940228,0.0854009157155204
700,"Q5",0.0533643448880294,0.000577679473582995,0.350845010733728,0.103587352093433
701,"Q5",0.00157964694549761,2.6841515367631e-05,0.0617501776917841,0.0229103344897169
702,"Q5",0.0275680111247709,0.000106970003316398,0.27866612175767,0.0706101225394127
703,"Q5",0.000850620488327181,9.99244680034974e-06,0.0451990293682554,0.0133110119972055
704,"Q5",0.00662245545637496,0.000105873421931055,0.121271866601906,0.0446203592655151
705,"Q5",0.0127211450194373,6.699852382788e-05,0.16189755302881,0.0462845519351124
706,"Q5",0.00917138321938005,1.14756775881456e-05,0.123842100957158,0.038240303110568
707,"Q5",0.00148129802428265,1.6591253241576e-05,0.0590346061121498,0.12791558277237
708,"Q5",0.0109475410744704,0.000122980444402361,0.157078264943151,0.0466998064006908
709,"Q5",0.0195661042196296,0.000100400467007156,0.0997181545612564,0.11527435878368
710,"Q5",0.0205922642226888,8.04861294819279e-05,0.197200606486468,0.417335434165422
711,"Q5",0.000309543975239635,3.44105611348579e-06,0.0265941723785632,0.0279621936446064
712,"Q5",0.0189675925801254,6.76312110779098e-05,0.160818628187869,0.0480246487531908
713,"Q5",0.0221631069920321,0.000150618696514105,0.247794981312193,0.0836489490023654
714,"Q5",0.00962680292407825,0.000142471305946591,0.152476319055442,0.0511521140470967
715,"Q5",0.0177845497190496,0.000114968911453775,0.172840485585139,0.112955857343623
716,"Q5",0.0136412518057138,0.000132076934294767,0.12852222082063,0.068986760417727
717,"Q5",0.0159467057873712,0.000190049545981094,0.194852237296366,0.0589076965410966
718,"Q5",0.0044570754754929,4.65028781967223e-05,0.0982461770738924,0.130273072196127
719,"Q5",0.000203415146570407,2.00022868281937e-05,0.01799765903177,0.0182618622576133
720,"Q5",0.0472963246461511,0.000344424427791728,0.419116694596887,0.110110271630647
721,"Q5",0.025798444321202,0.000185681080521897,0.263899996871016,0.0776778301052692
722,"Q5",0.0203662964042852,0.000242424835718422,0.224050760643502,0.129086057936558
723,"Q5",0.0281845187714236,0.00013357639538436,0.384883620426224,0.108762347660367
724,"Q5",8.18018042245683e-05,1.02117634902859e-05,0.0150912400435441,0.0146871984402922
725,"Q5",0.00147429963012513,1.73114780709941e-05,0.0588068425522207,0.0308425824349317
726,"Q5",0.00714982109824724,5.38217113266185e-05,0.0871209271837513,0.0915604761155297
727,"Q5",0.00539985869550286,6.1892756077204e-05,0.114484352339871,0.0398841567588625
728,"Q5",0.0404403825109387,0.000254766520249571,0.295627938632631,0.0821347755633337
729,"Q5",0.0162570874915957,0.000104036576092082,0.173442713062623,0.081177301999167
730,"Q5",0.0734725291713048,0.000466261286031875,0.31428128921453,0.0983945739383036
731,"Q5",0.0104562835111786,0.000137251883696507,0.155408689241566,0.0500810032889718
732,"Q5",0.0318437575971977,0.000354474661743344,0.270507168163945,0.0815166247620691
733,"Q5",0.000989959688133979,2.10036320474229e-05,0.0482238994475326,0.149717295416482
734,"Q5",0.000320980456580244,1.52791186500891e-05,0.0281804731192265,0.0163792647552194
735,"Q5",0.00424029412351601,4.87521301827734e-05,0.100998969643982,0.0300740795965376
736,"Q5",0.0526923939293109,0.000307012740290346,0.431487607601252,0.110661396097484
737,"Q5",0.0314576628595162,0.000169424146124888,0.400923330383173,0.0970971956584083
738,"Q5",0.0372709934471942,0.000281171255193099,0.325863588781104,0.0935967739807489
739,"Q5",0.0389840258797296,0.000241410190944828,0.547383425511242,0.155591919369714
740,"Q5",0.0394119799098647,0.000287128461650956,0.411462491241927,0.0894811624997098
741,"Q5",0.000388195626161547,3.46549150764504e-06,0.0269614637520229,0.0141963924446288
742,"Q5",0.0485672847393488,0.000331389690262977,0.366293435050402,0.0869084657727731
743,"Q5",0.000583463141737184,7.41740652882328e-06,0.0399131153416592,0.0193226307154817
744,"Q5",0.017320894938555,8.35353418240282e-05,0.182183767667544,0.0842676320822323
745,"Q5",0.0104081740460558,0.000115343918204275,0.153120190244088,0.146552424061705
746,"Q5",0.055796750663637,0.000435447154621187,0.379045244439798,0.227362559152145
747,"Q5",0.0310712994610096,0.000244869456555197,0.250744852496183,0.0767012420465786
748,"Q5",0.00658740912209765,7.44049725189896e-05,0.124605950896175,0.0372843423427797
749,"Q5",0.0590569549143201,0.000547972377543036,0.468335164940764,0.136949048448167
750,"Q5",7.44506950134394e-05,1.14872575701074e-06,0.0151939897023902,0.0147803313791622
751,"Q5",0.000258421184103241,2.88474413346233e-06,0.0236256099692091,0.00926661986252975
752,"Q5",0.000614420148639994,6.93845701835127e-06,0.0380529148325536,0.137432488997704
753,"Q5",0.0116381870351923,2.04548312019537e-05,0.156994844021695,0.0445503384795646
754,"Q5",0.0656828926919459,0.000483393539338364,0.556738469220562,0.14210530932888
755,"Q5",0.00844135417622383,6.66140317303362e-05,0.0881550200238527,0.0776606119891773
756,"Q5",0.00306752090334683,3.37730617263313e-05,0.0836060451977871,0.0247137567575447
757,"Q5",0.0178032487394084,5.90645812660137e-05,0.222719399035482,0.0530720531785372
758,"Q5",0.0683881630691108,0.000506178903250984,0.673347479004721,0.14827321465625
759,"Q5",0.0099341639836279,0.000113220482434166,0.148235461377467,0.0448298112101121
760,"Q5",0.000231823965600952,2.40303928171444e-06,0.0220122627902517,0.0295498107140604
761,"Q5",0.0335026742157183,0.00021036508192105,0.470421086543587,0.120399162244222
762,"Q5",0.00956488141641998,2.69562256306756e-05,0.132917917255257,0.0447507378246504
763,"Q5",0.00140681861116931,1.47906715633661e-05,0.0559253215600346,0.017370400050836
764,"Q5",0.0145435418700757,4.06501874901304e-05,0.116688408261685,0.0396029308968397
765,"Q5",0.0169474115797748,0.000194096528449801,0.201385957483764,0.0733113091423702
766,"Q5",0.0649062233485811,0.000570241688195261,0.460131793016345,0.141716254873436
767,"Q5",0.000568787724073871,6.44150152708987e-06,0.0369224196375642,0.127981336387533
768,"Q5",0.00537401164778473,6.35236142613974e-06,0.052560206062491,0.0504589429953748
769,"Q5",0.000843177025126707,1.06143310541986e-05,0.0467198195590167,0.0288793598145074
770,"Q5",3.69379733591302e-05,1.0698038614256e-06,0.0150771959486607,0.105852998977046
771,"Q5",0.0254017105263156,0.00014072093194585,0.270581641444053,0.0634328859894008
772,"Q5",0.00534795994399495,1.83024970771729e-05,0.103429837738383,0.0297169667182794
773,"Q5",0.000679434804206736,6.44288530385977e-06,0.0355387278350221,0.0189454050112207
774,"Q5",0.0163928137492295,0.000181119069276837,0.188962919837815,0.0578990784054578
775,"Q5",0.0022241671052079,2.4735499705037e-05,0.0720971696188516,0.0225920861182157
776,"Q5",0.0364675209625602,0.000252292016644554,0.413562255555982,0.0882949109218777
777,"Q5",0.02536684610196,0.00015053367292538,0.264873859634412,0.0577738313140467
778,"Q5",0.0566436369757586,0.000463048938372596,0.61048345838044,0.27625053289273
779,"Q5",0.00204232750385103,3.49917629112557e-05,0.0723248414344813,0.0243736219087148
780,"Q5",0.0020095935703015,2.4620142865418e-05,0.0707882073304134,0.0232463281458879
781,"Q5",0.00063661696262507,6.99174491323909e-06,0.0378061750103773,0.0208272651740166
782,"Q5",0.0488497649481854,0.00028157189603738,0.356329101118716,0.134058414692059
783,"Q5",0.00156907198985934,1.70063784792263e-05,0.059123677590081,0.027299704501383
784,"Q5",0.00947646483692743,0.000104664701847079,0.146475372739201,0.0486561266686645
785,"Q5",0.0145187463625067,2.43039193731459e-05,0.225559067123885,0.056380101702365
786,"Q5",0.00566843443487564,6.39369221188648e-05,0.115728618997177,0.0393003897120633
787,"Q5",0.000187230838589514,1.27341211629172e-05,0.0205346806338479,0.0258993536807833
788,"Q5",0.000841714208750233,9.9312474749233e-06,0.0454212626526857,0.0209543004485532
789,"Q5",0.00777780897737301,9.76676147351574e-05,0.104513801597942,0.0344539889162871
790,"Q5",0.026063220742822,0.000188196043919432,0.269726786069226,0.088555395354833
791,"Q5",0.042127415197891,0.000478707852630551,0.310339497164752,0.12375523171824
792,"Q5",0.0164411390156793,0.000180398803100624,0.191532941888743,0.0582623364220254
793,"Q5",0.0117643989662177,2.58548852893198e-05,0.102786803677015,0.0557919920869911
794,"Q5",0.00563267698240466,2.71784207755203e-05,0.0683720207479733,0.0283556036488434
795,"Q5",0.0329866989668446,0.000369128680656549,0.277561101059652,0.0819456873055329
796,"Q5",0.0175475580057753,0.00055749851331917,0.199377577859556,0.0779387419192217
797,"Q5",0.0335185540846759,0.000165358268067424,0.208603977299035,0.0536062060458205
798,"Q5",0.0193085411032463,7.97513045776401e-05,0.235774272522189,0.0948115380141783
799,"Q5",0.0249371009176294,0.000264239741065787,0.242642502501418,0.0747855403012723
800,"Q5",0.0296022512576197,0.000147725089672285,0.247993877164259,0.0830203628420478
801,"Q5",0.0462363689606242,0.000346217175654587,0.55151810507958,0.125942713556681
802,"Q5",0.0733681834644706,0.000550238262277322,0.481222516950324,0.310358650859636
803,"Q5",0.0220777816641462,0.000278965886834727,0.229820783681541,0.0712372284525287
804,"Q5",0.00943680333029562,0.000104916849797289,0.146251980542327,0.0510531001788494
805,"Q5",0.00992689412375114,4.08474897849888e-05,0.112339268494856,0.0343385753312025
806,"Q5",0.00185435282200608,2.76093539970884e-05,0.0695877803049423,0.0713106532987729
807,"Q5",0.000218774173665892,8.30376613068621e-06,0.020278363761301,0.0120066393354531
808,"Q5",0.00140800146619213,4.44781811365141e-05,0.0572361464584362,0.0279203265226345
809,"Q5",0.0385130101279909,0.000342257790546323,0.27426210204439,0.111001760413306
810,"Q5",0.0050893794249891,5.90683404078997e-05,0.112350503017193,0.0350016186264804
811,"Q5",0.0529458521178583,0.000344566084801273,0.401142919845877,0.254873070747108
812,"Q5",0.0442288665043531,0.000229606561201341,0.501835366132009,0.116172472102295
813,"Q5",0.0382921614942084,0.000259544699616548,0.381163600893848,0.111515318992681
814,"Q5",0.00324445691702735,3.02329846203215e-06,0.0430467809198226,0.0173550066600119
815,"Q5",0.00540311528141935,1.2359752950184e-05,0.0939431401685453,0.0300120956192917
816,"Q5",0.0183629761252959,0.000207281527415629,0.204108697814883,0.0607866902604675
817,"Q5",0.0079846274640154,0.000150286938604856,0.131166798377334,0.53842806962587
818,"Q5",0.00229534177888802,2.60071659445318e-05,0.0728073770979876,0.0214552115149217
819,"Q5",0.028400600446151,0.000181300905124715,0.380543398438972,0.0861713439772034
820,"Q5",0.00643196367522769,8.34531213249044e-05,0.117313235935674,0.157078852811223
821,"Q5",0.00826013324669717,8.92872278690635e-05,0.13449327616727,0.0400353162582908
822,"Q5",0.00385373751747764,4.37731580688341e-05,0.0952479775747659,0.0558252159217402
823,"Q5",0.0027632483316129,3.33168728722362e-05,0.0829686311691769,0.0406830712139012
824,"Q5",0.00314411643758028,3.1235613775877e-05,0.0782692466589284,0.0305965149550909
825,"Q5",0.00216806365186173,2.3180028353516e-05,0.0727305868931693,0.0335075972053931
826,"Q5",0.000223331670477833,2.49450257972281e-06,0.0225568882956194,0.0904608243637219
827,"Q5",0.0396676943859582,0.000290193724108152,0.350922657806928,0.0770403774505981
828,"Q5",0.0209004988506507,7.12312594755947e-05,0.287417291923532,0.0818502745027969
829,"Q5",0.00137945226104996,1.5899293755457e-05,0.0579571446916571,0.0349357080396138
830,"Q5",0.000163550110753974,3.05078711434026e-06,0.0256044158452479,0.0184267804970863
831,"Q5",0.0139893464976879,0.000165183062376788,0.180922524688799,0.0563623880193601
832,"Q5",0.0201164746122071,0.000234227648559389,0.220265164890227,0.0834642559738741
833,"Q5",-3.12104344146746e-06,1.15070852652679e-07,0.00482889764037587,0.0296763000487683
834,"Q5",0.0180053189813236,0.00021240539476126,0.216127884979422,0.112499772627146
835,"Q5",0.0251223182396334,0.000103917878887883,0.224884397755355,0.077350066661397
836,"Q5",0.0566060296246853,3.11252415122574e-05,0.0803778666300787,0.0260095425037808
837,"Q5",0.00520050181915721,6.52120732842811e-05,0.107334557420216,0.0333013917854559
838,"Q5",0.00493763688457349,9.57506111833585e-05,0.109837164592589,0.0405209186333729
839,"Q5",0.0315790307844512,0.000192354217782853,0.265009556755424,0.0800184304860858
840,"Q5",0.000702110064223049,5.68222071381753e-06,0.0355217284563584,0.0104166688101324
841,"Q5",0.0390506632270906,0.000246612665163064,0.305984299514951,0.101258496501385
842,"Q5",0.00173826402057919,1.72639065786155e-05,0.0624169089060638,0.0312047710312681
843,"Q5",0.0104436608510579,3.22561537961861e-05,0.127583385389442,0.0417332869576774
844,"Q5",0.0428184757300585,0.000317787724101727,0.479640389888859,0.138343267272086
845,"Q5",0.00135891331935412,1.48166238432485e-05,0.0540787615400528,0.0479470336235669
846,"Q5",0.00220321771130472,2.51925061560575e-05,0.0720511004907207,0.0219453413154816
847,"Q5",0.00867595362430684,9.85889399063076e-05,0.144755451758059,0.0486154050752741
848,"Q5",0.0211535547085919,0.000110725588075914,0.134398184406726,0.0544061601192014
849,"Q5",0.008657671566068,9.70665854948693e-05,0.141648693758091,0.257387976932243
850,"Q5",0.0483668763793705,0.000292644510106006,0.370339872814455,0.110144300207746
851,"Q5",0.0395051145181888,0.00022543518894344,0.377677166294285,0.118105195373997
852,"Q5",0.0339418409378407,0.000223351439036966,0.386890779567229,0.0930303845846572
853,"Q5",0.0363694317504688,0.000186468358221703,0.41579765459792,0.105144304982179
854,"Q5",0.0215744056931193,0.000243907826522801,0.222095235973084,0.0656794147699392
855,"Q5",0.023643593205211,0.000193902779327566,0.169261521053776,0.0691530890352167
856,"Q5",0.0207365624039841,0.000229909397409315,0.214976010152113,0.0677637385077261
857,"Q5",0.0360916388869565,0.000236045475655145,0.351920170196607,0.076890482553478
858,"Q5",0.0345904286642575,0.000281368375151116,0.214801646348634,0.0754697527562283
859,"Q5",0.0198893358242902,0.000185665992000005,0.27386956566373,0.0679391305864906
860,"Q5",0.00160702337418428,4.76517013913364e-05,0.0652697989519724,0.0296017338087386
861,"Q5",0.0045428623220598,5.10871416631848e-05,0.101202148715263,0.0534792852576282
862,"Q5",0.0148994601826757,0.00019720666849916,0.1863821819551,0.059959754826087
863,"Q5",0.00500923818778531,6.02463202206283e-05,0.115346143997696,0.0362190869016739
864,"Q5",0.0188030744556187,4.00543406292298e-05,0.280461742710698,0.0696794478231181
865,"Q5",0.00800532862037073,3.04574481452194e-05,0.0775589572311025,0.0286980318619837
866,"Q5",0.0443488371804452,0.000300504662696746,0.55937250260929,0.124986364391121
867,"Q5",0.00527595063769581,1.1063826520059e-05,0.0918814913742113,0.0297801492123798
868,"Q5",0.0144413202063554,0.000128223253691221,0.128507193768356,0.0523332400179852
869,"Q5",0.00636567162397661,6.85390471884601e-05,0.119829084518746,0.0367649933227324
870,"Q5",0.0701905299350063,0.000554162714757468,0.615856168985551,0.155115149680192
871,"Q5",0.0289586123402348,0.000178872574690552,0.378993522846063,0.090463718621548
872,"Q5",0.0294893548303961,0.000325578124200338,0.26307887049513,0.0776619005767762
873,"Q5",0.0246223326721218,0.000203757094729538,0.18610770645165,0.245820043100598
874,"Q5",0.00260593340215465,3.64324802455179e-05,0.0803907942918695,0.0382846644691996
875,"Q5",0.0277731323870363,0.000327890729780734,0.247613384453767,0.125480105230108
876,"Q5",0.0197901015721413,0.000148212418231203,0.208757100709289,0.060783758917446
877,"Q5",0.0075387032820089,3.4589916822071e-05,0.0804389499612767,0.0638351332952184
878,"Q5",0.0205452034729632,0.000161540934402195,0.247921653176501,0.0958883941069185
879,"Q5",0.0903485907788983,0.000743602912378874,0.503962172487283,0.169240714299961
880,"Q5",0.00111279586556456,1.14848067523629e-05,0.0482181084228433,0.126371986246549
881,"Q5",0.032371444750158,0.000217375135372561,0.341195351137473,0.0861001970803578
882,"Q5",0.000679070646466329,7.5736308077084e-06,0.0398517818713944,0.0186378347517237
883,"Q5",0.0272457528283816,0.000143672532258685,0.193006732185086,0.0674134949112902
884,"Q5",0.000736646660493889,3.28128375972226e-05,0.0428068369140935,0.026056169596213
885,"Q5",0.0200111985560216,0.000220974448431483,0.218083228837059,0.0715515746065345
886,"Q5",0.027317927704285,0.000108051973514873,0.285947882883293,0.0938907513474856
887,"Q5",0.00014574231858866,4.04932738631118e-05,0.0211143752496969,0.0250742914124981
888,"Q5",0.0182575594735486,5.8041097896015e-05,0.145060792925412,0.0558378630530873
889,"Q5",0.00690845030132792,8.9277018796211e-05,0.133763692313331,0.0415603145094278
890,"Q5",0.0104786252760096,0.000124471216590989,0.151148112102445,0.0481875530046557
891,"Q5",5.95151093918389e-06,0.000123374366594154,0.000533892862182216,0.0430697527493321
892,"Q5",0.00218653166848348,2.2119857214584e-05,0.0681020637427105,0.0216974287211804
893,"Q5",0.0272736905714552,0.000281340484608088,0.243709388302758,0.0655046670296084
894,"Q5",0.0366591008871282,0.000240300529141847,0.283074465901905,0.115596687550813
895,"Q5",0.0278547559448867,0.00019626873273047,0.438586279664675,0.0975768185673622
896,"Q5",0.0134514329446631,0.000153270304755627,0.175598289158811,0.052104634663408
897,"Q5",0.0627873504195282,0.0005004883463525,0.672194347029459,0.153679656424371
898,"Q5",0.0712240112800107,0.000463604671093243,0.258242648231642,0.0650774897061431
899,"Q5",0.0375631816509721,0.000199464654458517,0.285890214123685,0.0915155190460737
900,"Q5",0.0244502741334944,0.000234996564918925,0.187196239720643,0.183841591059119
901,"Q5",0.0265201079198611,0.000211852880281564,0.164346597265656,0.0831292436927288
902,"Q5",0.00828621835856325,9.18954832948366e-05,0.142631817323424,0.0420417591892708
903,"Q5",0.0128374228789347,0.000126555054236219,0.131398452743692,0.0626427447224095
904,"Q5",0.0122383101258237,0.000198655431475447,0.173107697715319,0.259888805531652
905,"Q5",0.00625608481979256,3.88693980603025e-05,0.0601074171916686,0.0277046099751489
906,"Q5",0.0210713988945574,0.000233539074997816,0.217523458165478,0.0650448535324695
907,"Q5",-0.00178567020350684,0.000200872349012663,0.333962699113927,0.135114374257009
908,"Q5",0.00686644319053364,2.79093023889389e-05,0.121547457333098,0.050269385869377
909,"Q5",0.0492107187879718,0.000303872665925381,0.391925819467918,0.203581082910991
910,"Q5",0.0157550363819059,0.00017578975843276,0.192433298660322,0.0688530332214179
911,"Q5",0.000753550710230755,9.09018649217257e-06,0.0432503471483937,0.0167391981544354
912,"Q5",0.00763190891610321,9.31905640095578e-05,0.135559327503494,0.0408023622861539
913,"Q5",9.20864165259161e-05,8.65665472483067e-07,0.0137312033851476,0.0198509296330047
914,"Q5",0.00194399162944947,2.1571623220192e-05,0.0679232563094243,0.0212787199042453
915,"Q5",0.00312039730866154,3.47453235277696e-05,0.0848427622321296,0.0338918707386148
916,"Q5",0.00165763219528436,1.62171933355005e-05,0.0589211173650917,0.0580103632823281
917,"Q5",0.0141065430471627,0.00026317093828628,0.179114865870336,0.067012414502484
918,"Q5",0.00516652041604893,5.89787241076821e-05,0.110737165457731,0.0586443336620236
919,"Q5",0.0299783248629062,0.000221176627186944,0.251802532482361,0.0932617544911574
920,"Q5",0.00273331638404173,2.8723214892053e-05,0.076231228224845,0.0229134944080662
921,"Q5",0.00325553840479564,3.61249655592945e-05,0.0837659371325213,0.02501859844936
922,"Q5",0.0158344843837419,5.90796616203178e-05,0.183463487583909,0.0660608763731983
923,"Q5",0.000837168223249307,4.5837499381679e-05,0.0464369377890934,0.049716964964416
924,"Q5",0.0216354945186126,0.000176609969281448,0.23060050617033,0.0637925770092089
925,"Q5",0.043455359808263,0.000336828135155939,0.40200616247894,0.144682962505825
926,"Q5",0.0151615121621376,0.000166117182811447,0.186537069616036,0.0552398939230702
927,"Q5",0.00730358532951847,5.58022625501639e-05,0.124034182378427,0.0402945559274368
928,"Q5",0.000943405998745206,1.06305437606438e-05,0.0467033193622669,0.0205646416661573
929,"Q5",0.0201573675028719,0.000176386272636999,0.300242199365622,0.0907683931560911
930,"Q5",0.0174002517270626,0.000122698379983264,0.191193644543364,0.0570460605668636
931,"Q5",0.0127595411607846,0.000145692638031152,0.176927298697778,0.0574363923623622
932,"Q5",0.0286000527650891,0.000137500201068703,0.288616129382046,0.109382406179843
933,"Q5",0.00802721969406406,9.21082431190384e-05,0.139854493399968,0.0521610476272706
934,"Q5",0.00017707924801158,1.88829142565803e-06,0.0195673614013352,0.00579867349030235
935,"Q5",0.0280053867419099,0.000196805225204593,0.205856724317914,0.0748426394697791
936,"Q5",0.0051205932644578,6.15595739021029e-06,0.0588195499707168,0.0186148984907921
937,"Q5",0.0460346012452675,0.00034948557377783,0.531508674896214,0.129196076771157
938,"Q5",0.00756509775954228,1.98985998927275e-05,0.0604040909249014,0.0216003999315388
939,"Q5",0.0276250079087443,0.000245637838263923,0.410310966747947,0.092712135069001
940,"Q5",0.0242647270139589,0.000272303458629996,0.23648445631082,0.0724687458049286
941,"Q5",0.0190970632737724,0.000124577631097406,0.22547979896979,0.0534545262120983
942,"Q5",4.04128356468192e-05,8.02502810876146e-06,0.0101760244084664,0.0789035202642345
943,"Q5",0.00615146234025765,1.96286384414386e-05,0.0802181341187775,0.0253891140383243
944,"Q5",0.00940594025163044,0.000103964817976242,0.147805497909918,0.0436632350447843
945,"Q5",0.0150490543921045,9.25197417228028e-05,0.209525381948472,0.0568138482245988
946,"Q5",0.0055185705683094,6.94110660187771e-05,0.0527592861070361,0.0515069144509688
947,"Q5",0.0811023879303967,0.00054231619025801,0.412970471756078,0.132481206554552
948,"Q5",0.0130716108061684,0.000130388632999243,0.151461676808698,0.290034430064769
949,"Q5",0.020672359462214,0.000206302809187075,0.217990076593434,0.0629055112409184
950,"Q5",0.0307573573681754,0.000212041825716563,0.424491856062959,0.100586875350214
951,"Q5",0.00641622526970664,9.21615402408975e-05,0.122676887304992,0.119860616003797
952,"Q5",0.103379216256213,0.000796621952609609,0.702196197106927,0.198281839852264
953,"Q5",0.0052479381508661,5.43283417900634e-06,0.052804180134141,0.0410964543072776
954,"Q5",0.00684203429373298,7.55069843443586e-05,0.122318861620183,0.0364131166202519
955,"Q5",0.0223291153176941,6.01315707448806e-05,0.119663293652752,0.0299077178555691
956,"Q5",0.0784163745592039,0.000553843781098906,0.746498505189013,0.206678151348776
957,"Q5",0.00404250470414702,4.77194609527431e-05,0.0981587753361283,0.0567618908737752
958,"Q5",0.00978005438924079,0.000146407454416766,0.147486660454349,0.199541050995872
959,"Q5",0.0477629700823385,0.000390501640301241,0.494675506111331,0.118660559176133
960,"Q5",0.0153547560505647,0.000139347045316194,0.17079942090791,0.0682676382923156
961,"Q5",0.000299887494906059,7.54445493225989e-06,0.0258633431659012,0.012476459465068
962,"Q5",0.0115791605540387,0.000148744240594594,0.15999547973025,0.053597403211389
963,"Q5",0.0257097471142131,0.000221561106728481,0.194895731397461,0.0718887783012271
964,"Q5",0.0750995931110285,0.000568867133629917,0.766384808779273,0.179189499601264
965,"Q5",0.0187918413795849,4.60836379477573e-05,0.26428095471005,0.0879412447810344
966,"Q5",0.0187016080008284,0.000115632269493007,0.215149455021907,0.0572698326541146
967,"Q5",0.0915017026180234,0.000706135408148711,0.646559725041529,0.228697004589753
968,"Q5",0.0454670116331783,0.000348807869984802,0.310796076643178,0.117842740167771
969,"Q5",0.0715429090969408,0.000561479210843713,0.731794360433498,0.170341062357285
970,"Q5",0.033988314387523,0.000186398114979169,0.368481200505653,0.0979609377873628
971,"Q5",0.0447106186255724,0.000246413447121116,0.313191040640142,0.134250513427252
972,"Q5",0.0317686624783047,0.000116663997628282,0.254955878645034,0.0757278984786504
973,"Q5",0.000529882602551268,4.37577065276548e-05,0.0334382834266365,0.0301247163732151
974,"Q5",0.000813986623608542,2.46457388457641e-05,0.0463935587229439,0.0201692467947373
975,"Q5",0.0274133260100555,0.000160639943287104,0.289255795994968,0.0806967124708958
976,"Q5",0.00758020522905056,8.88742822966657e-05,0.136445490973431,0.0403696946776687
977,"Q5",0.0172591008086354,5.68033074337376e-05,0.194315770815797,0.065200390924114
978,"Q5",0.0124250439396008,0.000134478296993336,0.165910903957366,0.434583133023186
979,"Q5",0.0208298174028503,8.70728897208798e-05,0.211677065976448,0.0634461909044047
980,"Q5",0.0106778728831447,0.000116314272377438,0.153997859865546,0.0458159077506214
981,"Q5",0.0299783581750592,0.000208149063417232,0.0953957106690811,0.0327826571886589
982,"Q5",0.00381847497734533,9.62988627761951e-05,0.0962105095744552,0.0400880334770366
983,"Q5",0.00900251906098681,9.883427038942e-05,0.141839739304095,0.0417853411734892
984,"Q5",0.00353323039314013,4.77164615368248e-06,0.0812060100789903,0.0232005566169955
985,"Q5",0.0199888276676994,7.08659990097971e-05,0.164921145332041,0.0498531768748028
986,"Q5",0.00438419212026808,4.50355632563101e-05,0.0960167383568005,0.0284475267485564
987,"Q5",0.032581441281156,0.000176224033205931,0.335553013978596,0.110546909210371
988,"Q5",0.00632083999527389,7.50286444953493e-05,0.120085151136697,0.0366397268472241
989,"Q5",0.0059316625039898,4.40662225076109e-06,0.1122346691808,0.0351247604044261
990,"Q5",0.0034335234948113,3.82260293948561e-05,0.0877212892233331,0.0309082817110986
991,"Q5",0.0378427772175502,0.000201508449599715,0.229716124583821,0.0984263180833456
992,"Q5",0.000896290450393522,1.04530023347298e-05,0.0458712769018974,0.0138500239030741
993,"Q5",0.0280990323726655,0.00022031813682856,0.2131903326276,0.0580277469452449
994,"Q5",0.0121680807545737,6.44124355439914e-05,0.113096567680781,0.0581742713304489
995,"Q5",0.0241283236847991,9.67159159879058e-05,0.255487900143594,0.0850141866633773
996,"Q5",0.0225818379248164,0.000142112279250957,0.286826448142313,0.0809984466474597
997,"Q5",0.0360814066731141,0.000465697182603633,0.284361307838889,0.0889344510218051
998,"Q5",0.0114809771707467,0.000124328492724075,0.161088153080514,0.0474699003457427
999,"Q5",0.00133600609194851,1.44956717739571e-05,0.0547584866508936,0.0630373848098233
1000,"Q5",0.049380291468637,0.000256757485510862,0.512999291913584,0.186723484623058
