"Replicate","Term","Deviance_Value","Eta_Sq_Value","Amplitude_Value","RMS_Value"
1,"s(curr_lastRippleHPC_z):curr_DOWN_no",0.131230458072415,0.00107875701355211,0.382886725209471,0.334243639385276
2,"s(curr_lastRippleHPC_z):curr_DOWN_no",0.104105562719695,0.000656505348329049,0.390604444353232,0.472136914275933
3,"s(curr_lastRippleHPC_z):curr_DOWN_no",0.000871114154095132,1.54412618620124e-05,0.0363847480352218,0.0107301906341349
4,"s(curr_lastRippleHPC_z):curr_DOWN_no",0.0027431892430716,2.77837785329135e-05,0.0491729414460453,0.0144824458126217
5,"s(curr_lastRippleHPC_z):curr_DOWN_no",0.0231792988954593,5.82871824804809e-05,0.0844581033858739,0.07280296885196
6,"s(curr_lastRippleHPC_z):curr_DOWN_no",0.0775462473165662,0.000409638890721463,0.309624445484535,0.25101173427835
7,"s(curr_lastRippleHPC_z):curr_DOWN_no",0.242599542352044,0.00173510628968158,0.829652938002181,0.813256904828909
8,"s(curr_lastRippleHPC_z):curr_DOWN_no",0.0806216980016874,0.000354640177232923,0.256841947629562,0.161576916678497
9,"s(curr_lastRippleHPC_z):curr_DOWN_no",0.198005569905119,0.00140621927873785,0.604874825581896,0.687773787629197
10,"s(curr_lastRippleHPC_z):curr_DOWN_no",0.223031975467952,0.00149837131998999,0.66419429529135,0.626166973690442
11,"s(curr_lastRippleHPC_z):curr_DOWN_no",0.0692306187185627,0.000440039835359191,0.235951091889046,0.120877288746617
12,"s(curr_lastRippleHPC_z):curr_DOWN_no",0.102365697729573,0.000693129346813937,0.263856008912396,0.256944717968646
13,"s(curr_lastRippleHPC_z):curr_DOWN_no",0.0909482725488076,0.000708995313610678,0.310602835079276,0.159531793962454
14,"s(curr_lastRippleHPC_z):curr_DOWN_no",0.190747783406038,0.000954215761497131,0.590503861534709,0.421566060572
15,"s(curr_lastRippleHPC_z):curr_DOWN_no",0.0137032490343927,5.73413190462978e-05,0.0870838223755537,0.0281056456307083
16,"s(curr_lastRippleHPC_z):curr_DOWN_no",0.127305744490315,0.000945154460455957,0.397947940084489,0.527378774228454
17,"s(curr_lastRippleHPC_z):curr_DOWN_no",0.0917955303901694,0.000395265966855761,0.379171710982996,0.251842379790736
18,"s(curr_lastRippleHPC_z):curr_DOWN_no",0.428580146456556,0.00390533394270597,0.928549993402916,1.11911504915275
19,"s(curr_lastRippleHPC_z):curr_DOWN_no",0.03715205545587,0.000158696866800479,0.15841240319924,0.065931164230199
20,"s(curr_lastRippleHPC_z):curr_DOWN_no",0.119718367123535,0.000714673456121809,0.263216242050582,0.192678823392163
21,"s(curr_lastRippleHPC_z):curr_DOWN_no",0.199402403307666,0.00141868721133015,0.497667695830091,0.280325704542666
22,"s(curr_lastRippleHPC_z):curr_DOWN_no",0.00146125484417414,1.11253136395713e-05,0.0312585708673504,0.00920741990386155
23,"s(curr_lastRippleHPC_z):curr_DOWN_no",0.0438225510765022,0.000156608509167086,0.148801529770874,0.109635238540959
24,"s(curr_lastRippleHPC_z):curr_DOWN_no",0.0672777176030168,0.0003595907605954,0.206231032166105,0.190868477302163
25,"s(curr_lastRippleHPC_z):curr_DOWN_no",0.0398277591099925,0.000375435854696896,0.172965022833892,0.0510161929395125
26,"s(curr_lastRippleHPC_z):curr_DOWN_no",0.175223731281327,0.00144387745986457,0.746112393845431,0.848873166672163
27,"s(curr_lastRippleHPC_z):curr_DOWN_no",0.123311612506284,0.000998711110950206,0.300339133622793,0.221063949550334
28,"s(curr_lastRippleHPC_z):curr_DOWN_no",0.222288147033296,0.00206990939783578,0.677423743694227,0.51978138365338
29,"s(curr_lastRippleHPC_z):curr_DOWN_no",0.0975357923124935,0.000689074567616667,0.284805851413777,0.341418593149314
30,"s(curr_lastRippleHPC_z):curr_DOWN_no",0.343206882407348,0.00297543315329956,0.761275288007145,0.877093194449912
31,"s(curr_lastRippleHPC_z):curr_DOWN_no",0.13031467905948,0.000861787262056549,0.402492401071503,0.531415277840183
32,"s(curr_lastRippleHPC_z):curr_DOWN_no",0.0149398705350103,0.000154548621814421,0.116183332369249,0.0342175222597745
33,"s(curr_lastRippleHPC_z):curr_DOWN_no",0.0258013460795006,0.000287104725233222,0.155091905987782,0.045751473296638
34,"s(curr_lastRippleHPC_z):curr_DOWN_no",0.175784490416281,0.00132507829719315,0.48146509808396,0.584891489192051
35,"s(curr_lastRippleHPC_z):curr_DOWN_no",0.027970522092291,4.52095069001436e-05,0.157278381567005,0.0471775252850334
36,"s(curr_lastRippleHPC_z):curr_DOWN_no",0.116762128542201,0.000636802823312717,0.180199834526877,0.195245554190534
37,"s(curr_lastRippleHPC_z):curr_DOWN_no",0.143076448095447,0.00106007326843047,0.443075505958972,0.551881906429043
38,"s(curr_lastRippleHPC_z):curr_DOWN_no",0.208035057270843,0.00170708185940348,0.534211744919764,0.480417807148538
39,"s(curr_lastRippleHPC_z):curr_DOWN_no",0.0424702974743481,0.00026753871164284,0.134077268074177,0.0806922800838262
40,"s(curr_lastRippleHPC_z):curr_DOWN_no",0.121623248032421,0.000846813188969387,0.459013244597196,0.444673633848925
41,"s(curr_lastRippleHPC_z):curr_DOWN_no",0.0749417657617739,0.000221712166657153,0.296105140048166,0.17460316702977
42,"s(curr_lastRippleHPC_z):curr_DOWN_no",0.0901166399030258,0.000599902184426077,0.264009638321003,0.195223541399571
43,"s(curr_lastRippleHPC_z):curr_DOWN_no",0.00995494136547137,0.000123111112610185,0.101038694312675,0.0297688097705013
44,"s(curr_lastRippleHPC_z):curr_DOWN_no",0.0697920138467962,0.000465207438341365,0.32163938012857,0.183321236080904
45,"s(curr_lastRippleHPC_z):curr_DOWN_no",0.12282018634747,0.000762491262969306,0.373857038333086,0.261250544691674
46,"s(curr_lastRippleHPC_z):curr_DOWN_no",0.12595327673723,0.000554143107558342,0.489740368767028,0.396584999424481
47,"s(curr_lastRippleHPC_z):curr_DOWN_no",0.166183999125592,0.00132636052063106,0.485935626949817,0.696139444085923
48,"s(curr_lastRippleHPC_z):curr_DOWN_no",0.0912754278794665,0.000611857517088406,0.256748158930446,0.187249132474616
49,"s(curr_lastRippleHPC_z):curr_DOWN_no",0.0881669528157403,0.000523328473054928,0.202206057534165,0.131480048093074
50,"s(curr_lastRippleHPC_z):curr_DOWN_no",0.0157450972931068,1.17883890308163e-05,0.0989876244203108,0.0304483201383706
51,"s(curr_lastRippleHPC_z):curr_DOWN_no",0.00584307061596601,0.000538874155832606,0.0728548889874024,0.624614415284703
52,"s(curr_lastRippleHPC_z):curr_DOWN_no",0.102727449413367,0.000683160079752838,0.264953088348507,0.296520994810168
53,"s(curr_lastRippleHPC_z):curr_DOWN_no",0.150882109874271,0.00109346077320468,0.502177999300219,0.705623086354161
54,"s(curr_lastRippleHPC_z):curr_DOWN_no",0.152846115222668,0.00110157470645574,0.511181286853458,0.622337457813746
55,"s(curr_lastRippleHPC_z):curr_DOWN_no",0.220964469820626,0.00166980863712725,0.744343651506804,0.774216339771689
56,"s(curr_lastRippleHPC_z):curr_DOWN_no",0.137161464249927,0.00106995787291788,0.339801269122632,0.300155826569851
57,"s(curr_lastRippleHPC_z):curr_DOWN_no",0.130192129886372,0.000886984713340082,0.354911164673196,0.333319622584444
58,"s(curr_lastRippleHPC_z):curr_DOWN_no",0.145118162295594,0.00117265000849703,0.504057268816544,0.424907954036236
59,"s(curr_lastRippleHPC_z):curr_DOWN_no",0.0133390827293187,0.000172672965858284,0.124459225912254,0.0366536057434268
60,"s(curr_lastRippleHPC_z):curr_DOWN_no",0.124656301940031,0.000917820031287758,0.376689523525317,0.411293357193957
61,"s(curr_lastRippleHPC_z):curr_DOWN_no",0.0568205046045032,0.000322760257386717,0.172195478758916,0.181525989336136
62,"s(curr_lastRippleHPC_z):curr_DOWN_no",0.269417996862002,0.00241187586780661,0.619555711521125,0.693431413295434
63,"s(curr_lastRippleHPC_z):curr_DOWN_no",0.00244727429618408,2.03655318266474e-05,0.0422415850938946,0.0125400830735992
64,"s(curr_lastRippleHPC_z):curr_DOWN_no",0.128940240220135,0.00095174320968577,0.468295960539469,0.405984986560367
65,"s(curr_lastRippleHPC_z):curr_DOWN_no",0.00227911454866714,2.81592952659791e-05,0.0484669457207768,0.0142797476113124
66,"s(curr_lastRippleHPC_z):curr_DOWN_no",0.00838108480836741,7.08163043254118e-05,0.0746068330839283,0.0220395479842482
67,"s(curr_lastRippleHPC_z):curr_DOWN_no",0.13025358593025,0.000984972950140902,0.404580848447819,0.451057428139098
68,"s(curr_lastRippleHPC_z):curr_DOWN_no",0.156060766014658,0.00105768754303749,0.378810131289092,0.371585559241953
69,"s(curr_lastRippleHPC_z):curr_DOWN_no",0.149570786311864,0.000877188813547691,0.424738143015279,0.39577478018956
70,"s(curr_lastRippleHPC_z):curr_DOWN_no",0.255971411125193,0.00146517580413651,0.479581624965299,0.483446395190336
71,"s(curr_lastRippleHPC_z):curr_DOWN_no",0.0243449899638728,6.39193071227533e-05,0.0985793954322833,0.0735417877923506
72,"s(curr_lastRippleHPC_z):curr_DOWN_no",0.00743929688216305,6.95044512729425e-05,0.0777071982029923,0.0229247410020254
73,"s(curr_lastRippleHPC_z):curr_DOWN_no",0.198965563751379,0.00164704260194091,0.76301602773892,0.887605772882464
74,"s(curr_lastRippleHPC_z):curr_DOWN_no",0.0694143631008775,0.000327501978389757,0.219785316645979,0.203620741288296
75,"s(curr_lastRippleHPC_z):curr_DOWN_no",0.00633844629184477,7.76992039748106e-05,0.0812134666911008,0.0239165108897315
76,"s(curr_lastRippleHPC_z):curr_DOWN_no",0.00317824924000121,0.000379904837149556,0.0604982646376809,0.758362441552666
77,"s(curr_lastRippleHPC_z):curr_DOWN_no",0.0787314016996481,0.000519686906345376,0.264036691669028,0.299277143826392
78,"s(curr_lastRippleHPC_z):curr_DOWN_no",0.121110765546204,0.000931893512247888,0.398072642410164,0.516772850366811
79,"s(curr_lastRippleHPC_z):curr_DOWN_no",0.219075996573383,0.00188400149768641,0.719805345525727,0.738089401353109
80,"s(curr_lastRippleHPC_z):curr_DOWN_no",5.17413294103264e-05,8.379690193541e-08,0.00269177469185501,0.000793063100891825
81,"s(curr_lastRippleHPC_z):curr_DOWN_no",0.206948944087355,0.00173699567711391,0.696381973516411,0.797854747787374
82,"s(curr_lastRippleHPC_z):curr_DOWN_no",0.00161477874798877,8.13937840061685e-06,0.02697272034512,0.00794506856101902
83,"s(curr_lastRippleHPC_z):curr_DOWN_no",0.143277238912571,0.00109151788597562,0.518070124730177,0.568214170161925
84,"s(curr_lastRippleHPC_z):curr_DOWN_no",0.00220264491542643,1.97329847999564e-05,0.0405257189728959,0.011961078016054
85,"s(curr_lastRippleHPC_z):curr_DOWN_no",0.246570419517416,0.00200274111938031,0.763754220629101,0.89389210813875
86,"s(curr_lastRippleHPC_z):curr_DOWN_no",0.031100326416662,0.000108285252167468,0.119947575627529,0.0684850090002496
87,"s(curr_lastRippleHPC_z):curr_DOWN_no",0.0586103703762086,0.000409447722558383,0.209090160005701,0.146136512457564
88,"s(curr_lastRippleHPC_z):curr_DOWN_no",0.0107974282597469,2.67810470194229e-05,0.0458796507385798,0.0346399525552487
89,"s(curr_lastRippleHPC_z):curr_DOWN_no",0.15358060870489,0.00121209548527351,0.139044493255654,0.192627711629954
90,"s(curr_lastRippleHPC_z):curr_DOWN_no",0.0761817525194051,0.000302392713390176,0.253139789999643,0.138270151234183
91,"s(curr_lastRippleHPC_z):curr_DOWN_no",0.340532090780601,0.00309648127291345,1.1178707583363,1.26764082654189
92,"s(curr_lastRippleHPC_z):curr_DOWN_no",3.24704347685056e-05,5.71551211539312e-07,0.00696568062035565,0.00205111378755487
93,"s(curr_lastRippleHPC_z):curr_DOWN_no",0.0760768314434896,0.000499839354657044,0.215597541233505,0.207423359047913
94,"s(curr_lastRippleHPC_z):curr_DOWN_no",0.0151221118791325,5.51859155667766e-05,0.0684624684568475,0.043590330010972
95,"s(curr_lastRippleHPC_z):curr_DOWN_no",0.0385700548070664,0.000160980526438676,0.127602641191779,0.132036180765805
96,"s(curr_lastRippleHPC_z):curr_DOWN_no",0.015862163116684,0.000145718015728163,0.112237829363264,0.0330553896754886
97,"s(curr_lastRippleHPC_z):curr_DOWN_no",0.1334889363793,0.00102960604033278,0.529039791499995,0.473047302494503
98,"s(curr_lastRippleHPC_z):curr_DOWN_no",0.166550981324456,0.00121555876517171,0.460143047141526,0.593811622285728
99,"s(curr_lastRippleHPC_z):curr_DOWN_no",0.0877193866210089,0.000456416505748346,0.222722792908981,0.103606764202313
100,"s(curr_lastRippleHPC_z):curr_DOWN_no",0.0945066994175292,0.000607225681974423,0.326600641360355,0.404294775123421
101,"s(curr_lastRippleHPC_z):curr_DOWN_no",0.235502239484759,0.00208165771565985,0.514902773945956,0.628364494495456
102,"s(curr_lastRippleHPC_z):curr_DOWN_no",0.168909359113671,0.00118245423532719,0.55665218387818,0.661144561373586
103,"s(curr_lastRippleHPC_z):curr_DOWN_no",0.0530350305008929,0.000428531760984275,0.149098886676384,0.227646777129117
104,"s(curr_lastRippleHPC_z):curr_DOWN_no",0.157666045431168,0.00113109291514083,0.316516280365992,0.524705359445976
105,"s(curr_lastRippleHPC_z):curr_DOWN_no",0.0031999472359141,1.85726203609201e-05,0.0389045657650931,0.0114790596566733
106,"s(curr_lastRippleHPC_z):curr_DOWN_no",0.0114592911442726,0.000299215916033169,0.168335061813925,0.0495879567534252
107,"s(curr_lastRippleHPC_z):curr_DOWN_no",0.0326783974973814,7.85447220674181e-05,0.155184141634007,0.0512879403716726
108,"s(curr_lastRippleHPC_z):curr_DOWN_no",0.00308424951416519,3.75735197362356e-05,0.0560578594369487,0.0165126839043198
109,"s(curr_lastRippleHPC_z):curr_DOWN_no",0.0706640124318172,0.000415231147868561,0.201947135095605,0.178912432986387
110,"s(curr_lastRippleHPC_z):curr_DOWN_no",0.0216120722753379,6.81067819375389e-05,0.0861328619901527,0.0697816575139765
111,"s(curr_lastRippleHPC_z):curr_DOWN_no",0.218823016035044,0.00170990667624563,0.681037948963576,0.781318879389632
112,"s(curr_lastRippleHPC_z):curr_DOWN_no",0.00017067319029529,1.84129083220717e-06,0.0129964946366061,0.00382785388635233
113,"s(curr_lastRippleHPC_z):curr_DOWN_no",0.039860846641619,0.000173681334231853,0.140390104735898,0.104768198032812
114,"s(curr_lastRippleHPC_z):curr_DOWN_no",0.224559001550374,0.00140270308996772,0.731341166165368,0.598305953099262
115,"s(curr_lastRippleHPC_z):curr_DOWN_no",0.0754479658009624,0.000406729934824946,0.295177685326088,0.190332636179422
116,"s(curr_lastRippleHPC_z):curr_DOWN_no",0.0302885142711524,6.2471232988043e-05,0.105250752362541,0.0583396187384118
117,"s(curr_lastRippleHPC_z):curr_DOWN_no",0.0532474368171263,0.000277011979725693,0.197544642502689,0.161880834410994
118,"s(curr_lastRippleHPC_z):curr_DOWN_no",0.0404139089647693,0.000273335239506692,0.163048622500802,0.0985171366842748
119,"s(curr_lastRippleHPC_z):curr_DOWN_no",0.0628784258198269,0.000229690663428113,0.195616870456277,0.122930530961254
120,"s(curr_lastRippleHPC_z):curr_DOWN_no",0.260962155045865,0.00225420071076829,0.560599030165828,0.740999353067363
121,"s(curr_lastRippleHPC_z):curr_DOWN_no",0.0919181086679428,0.000332918752097003,0.314057904417222,0.271951824523858
122,"s(curr_lastRippleHPC_z):curr_DOWN_no",0.0590117604382918,0.000280393947726521,0.174737884443336,0.161195676995024
123,"s(curr_lastRippleHPC_z):curr_DOWN_no",0.0305231900068099,0.00010199898452455,0.144309755807399,0.0760418451548614
124,"s(curr_lastRippleHPC_z):curr_DOWN_no",0.176851822638879,0.00142635811353243,0.738333811285481,0.830223463135271
125,"s(curr_lastRippleHPC_z):curr_DOWN_no",0.0342093471033396,0.000317504405434757,0.168845401433065,0.049768362717222
126,"s(curr_lastRippleHPC_z):curr_DOWN_no",0.000267327786116489,3.30514705491538e-06,0.0170180188806489,0.00501129893402902
127,"s(curr_lastRippleHPC_z):curr_DOWN_no",0.0537106175286501,0.000309218412661419,0.174568680151183,0.160218459961788
128,"s(curr_lastRippleHPC_z):curr_DOWN_no",0.478538905087135,0.00433155295742298,0.86594358547534,0.96122233516018
129,"s(curr_lastRippleHPC_z):curr_DOWN_no",0.0872122168696077,0.000363126927244303,0.275395889035575,0.242516615589715
130,"s(curr_lastRippleHPC_z):curr_DOWN_no",0.170305239489362,0.00134303222557986,0.315128500601927,0.281942821258301
131,"s(curr_lastRippleHPC_z):curr_DOWN_no",0.0166902449727706,0.000160606196384817,0.118747736901065,0.0349603075242314
132,"s(curr_lastRippleHPC_z):curr_DOWN_no",0.00273047893716694,2.26237364134839e-05,0.0445474134709373,0.0131197696472276
133,"s(curr_lastRippleHPC_z):curr_DOWN_no",0.170706295038644,0.00123671086230345,0.549614910694747,0.714332527175205
134,"s(curr_lastRippleHPC_z):curr_DOWN_no",0.0700643652888857,0.000267133455037068,0.259021510381185,0.159552131300785
135,"s(curr_lastRippleHPC_z):curr_DOWN_no",0.126310928088694,0.00136429278433842,0.522974966385032,0.694603729602414
136,"s(curr_lastRippleHPC_z):curr_DOWN_no",0.10998139565531,0.000700878093340647,0.267015240499453,0.293768286711432
137,"s(curr_lastRippleHPC_z):curr_DOWN_no",0.175722934863471,0.00158737752828284,0.70419094959668,0.680472963229211
138,"s(curr_lastRippleHPC_z):curr_DOWN_no",0.26976662936296,0.00223906317463487,0.695830495841482,0.9058864682351
139,"s(curr_lastRippleHPC_z):curr_DOWN_no",0.216706717176017,0.00186591035549709,0.638709077929406,0.708520694350132
140,"s(curr_lastRippleHPC_z):curr_DOWN_no",0.0797366431050976,0.000533151220369466,0.344950931438618,0.255991308640766
141,"s(curr_lastRippleHPC_z):curr_DOWN_no",0.00874442772809836,8.34450567666285e-05,0.0830788118579014,0.0244740467438872
142,"s(curr_lastRippleHPC_z):curr_DOWN_no",0.0289244695692119,0.000127028564347828,0.0929255362179928,0.106766709992446
143,"s(curr_lastRippleHPC_z):curr_DOWN_no",0.211815113940911,0.00180583444138939,0.342007511199366,0.268642554575692
144,"s(curr_lastRippleHPC_z):curr_DOWN_no",0.00425904286844503,3.47119688124465e-06,0.0405585379290212,0.0137799224165108
145,"s(curr_lastRippleHPC_z):curr_DOWN_no",0.00537860213961672,6.61152673867047e-05,0.0725985055901256,0.0214170160985688
146,"s(curr_lastRippleHPC_z):curr_DOWN_no",0.195094672392098,0.00156706886368446,0.736561007216297,0.77966547637455
147,"s(curr_lastRippleHPC_z):curr_DOWN_no",0.209287071576594,0.00170891618449909,0.913665977925709,0.889485059973753
148,"s(curr_lastRippleHPC_z):curr_DOWN_no",0.130484382808314,0.000928629300631076,0.472760014657126,0.575966996294712
149,"s(curr_lastRippleHPC_z):curr_DOWN_no",0.0899064296317666,0.000577092194559847,0.278220061209905,0.370551286399133
150,"s(curr_lastRippleHPC_z):curr_DOWN_no",0.094316518885913,0.000447650197523167,0.285403215061168,0.178989308861759
151,"s(curr_lastRippleHPC_z):curr_DOWN_no",0.258170704476611,0.00222393918734744,0.796106478063109,0.9277557972088
152,"s(curr_lastRippleHPC_z):curr_DOWN_no",0.00680327699307615,6.29403123855502e-05,0.0730779264590502,0.021527216514865
153,"s(curr_lastRippleHPC_z):curr_DOWN_no",0.340201610444399,0.00307221177005332,0.813611176130215,1.03685998757136
154,"s(curr_lastRippleHPC_z):curr_DOWN_no",0.134854899651941,0.000895810086792887,0.46905922273249,0.556787543114844
155,"s(curr_lastRippleHPC_z):curr_DOWN_no",0.00581052257322323,2.66492230158584e-05,0.0210154656357158,0.0220983165064467
156,"s(curr_lastRippleHPC_z):curr_DOWN_no",0.211056865316785,0.0013729691310382,0.459551522896878,0.411764668263969
157,"s(curr_lastRippleHPC_z):curr_DOWN_no",0.246975336436247,0.00206952419182337,0.455217264429193,0.298040197929303
158,"s(curr_lastRippleHPC_z):curr_DOWN_no",0.135734970514854,0.00103150196644142,0.535289734480024,0.665668587526576
159,"s(curr_lastRippleHPC_z):curr_DOWN_no",0.0318705558701264,0.00013575488040622,0.105239144506124,0.0624841390576455
160,"s(curr_lastRippleHPC_z):curr_DOWN_no",0.0545024946461057,0.000214036124824926,0.205590059125679,0.137467775452532
161,"s(curr_lastRippleHPC_z):curr_DOWN_no",0.00976499894474614,0.000101012544681594,0.0953984123213306,0.0281412224788638
162,"s(curr_lastRippleHPC_z):curr_DOWN_no",0.0224768994848494,0.000247209593660868,0.147504377525966,0.0434752257644318
163,"s(curr_lastRippleHPC_z):curr_DOWN_no",0.238842008343019,0.00189812774786578,0.633000581791468,0.921134574517415
164,"s(curr_lastRippleHPC_z):curr_DOWN_no",0.104871362266934,0.000761569533485289,0.402121026171854,0.319476136988268
165,"s(curr_lastRippleHPC_z):curr_DOWN_no",0.0524511524293505,0.000400026220867581,0.16357987364569,0.0672313040376322
166,"s(curr_lastRippleHPC_z):curr_DOWN_no",0.0880227487089185,0.000674940959086658,0.19183028037364,0.138653777815545
167,"s(curr_lastRippleHPC_z):curr_DOWN_no",0.14957508029083,0.00107720713760622,0.515126998904638,0.574188597506802
168,"s(curr_lastRippleHPC_z):curr_DOWN_no",0.163367540075951,0.00131230889220854,0.499665320454084,0.490238684716031
169,"s(curr_lastRippleHPC_z):curr_DOWN_no",0.226608512724989,0.00171183624588724,0.715957482108947,0.747187062605999
170,"s(curr_lastRippleHPC_z):curr_DOWN_no",0.153242636230698,0.00141518038355954,0.633779447915774,0.630284030117537
171,"s(curr_lastRippleHPC_z):curr_DOWN_no",0.238517229305174,0.00156237139708313,0.584586724191416,0.864866567113095
172,"s(curr_lastRippleHPC_z):curr_DOWN_no",0.0488930560264187,0.000649028050188143,0.542680643267016,0.301338618118884
173,"s(curr_lastRippleHPC_z):curr_DOWN_no",0.0941428301610143,0.000310776732195898,0.244596253138862,0.115262647712796
174,"s(curr_lastRippleHPC_z):curr_DOWN_no",0.0154995515785163,4.10647349189125e-05,0.0654285986935239,0.0470345023170047
175,"s(curr_lastRippleHPC_z):curr_DOWN_no",0.00749988136656743,8.3738272817147e-06,0.0445690840601069,0.0225561405237578
176,"s(curr_lastRippleHPC_z):curr_DOWN_no",0.191900694370831,0.00184321193496431,0.581472900509488,0.327359228939548
177,"s(curr_lastRippleHPC_z):curr_DOWN_no",0.0383988868919847,0.000217117981935014,0.133128526781906,0.0577740027110029
178,"s(curr_lastRippleHPC_z):curr_DOWN_no",0.143105960389572,0.00100237817761364,0.487143508634163,0.600020284135781
179,"s(curr_lastRippleHPC_z):curr_DOWN_no",0.178011224487218,0.0011217955431927,0.541529782520922,0.57200975253064
180,"s(curr_lastRippleHPC_z):curr_DOWN_no",0.0440793201348937,0.000268169210765211,0.139016070989496,0.0837339709506053
181,"s(curr_lastRippleHPC_z):curr_DOWN_no",0.188266264885871,0.00147610394335168,0.698727116022883,0.595654273905777
182,"s(curr_lastRippleHPC_z):curr_DOWN_no",0.122211749548435,0.00082922378379962,0.584605057235325,0.456665782316415
183,"s(curr_lastRippleHPC_z):curr_DOWN_no",0.104937560893772,0.000760034210385192,0.304077381961879,0.281821152912959
184,"s(curr_lastRippleHPC_z):curr_DOWN_no",0.0421814290406504,0.000175244015827451,0.146510875603384,0.144708947252476
185,"s(curr_lastRippleHPC_z):curr_DOWN_no",0.0240203437404061,7.41340856120395e-05,0.109773201108964,0.0833069323395154
186,"s(curr_lastRippleHPC_z):curr_DOWN_no",0.00797249298325209,7.11936042554826e-05,0.077257037856005,0.0227547239609463
187,"s(curr_lastRippleHPC_z):curr_DOWN_no",0.0347449137612044,0.000117288967241042,0.132758127071327,0.0523158954730251
188,"s(curr_lastRippleHPC_z):curr_DOWN_no",0.195962923233454,0.0013765521129336,0.579915252927531,0.649947827343023
189,"s(curr_lastRippleHPC_z):curr_DOWN_no",0.0771600826521173,0.000542438502848671,0.218596844655261,0.161389523375706
190,"s(curr_lastRippleHPC_z):curr_DOWN_no",0.17609070429566,0.00128896297819991,0.620116624769529,0.514329276135795
191,"s(curr_lastRippleHPC_z):curr_DOWN_no",0.124574110520615,0.000806833938635294,0.310382376885187,0.214120222072214
192,"s(curr_lastRippleHPC_z):curr_DOWN_no",0.268690640630277,0.00232750751066078,0.586115815065569,0.554238747507454
193,"s(curr_lastRippleHPC_z):curr_DOWN_no",0.0402282126846139,0.000157039066163445,0.145492242175038,0.0674087428205914
194,"s(curr_lastRippleHPC_z):curr_DOWN_no",0.0562737627752998,0.000191660243131765,0.201564920054929,0.125463387863795
195,"s(curr_lastRippleHPC_z):curr_DOWN_no",0.000383630762205378,0.000516024995571914,0.0458091181423431,0.70731141407151
196,"s(curr_lastRippleHPC_z):curr_DOWN_no",0.199798143083994,0.00143908604244912,0.751368734934263,0.719210680295248
197,"s(curr_lastRippleHPC_z):curr_DOWN_no",0.0942984892285503,0.000652556967964305,0.339439768734642,0.389960967539096
198,"s(curr_lastRippleHPC_z):curr_DOWN_no",0.000372001502906727,3.6271749668298e-06,0.0171391885985436,0.00504833928393421
199,"s(curr_lastRippleHPC_z):curr_DOWN_no",0.211960751081709,0.001653025995232,0.526982385136623,0.548958314586505
200,"s(curr_lastRippleHPC_z):curr_DOWN_no",0.0172959520545266,7.94060188724359e-05,0.072983532262985,0.031595926746509
201,"s(curr_lastRippleHPC_z):curr_DOWN_no",0.267401408957289,0.00230156982801395,0.989465219443915,1.03506272488253
202,"s(curr_lastRippleHPC_z):curr_DOWN_no",0.0570335354231943,0.000251254239855666,0.126772871975785,0.107486541561837
203,"s(curr_lastRippleHPC_z):curr_DOWN_no",0.140077230651621,0.000991255986019324,0.348216265224858,0.307997632105977
204,"s(curr_lastRippleHPC_z):curr_DOWN_no",0.129439211800293,0.000955492761564235,0.365433568764693,0.265404466750841
205,"s(curr_lastRippleHPC_z):curr_DOWN_no",0.0341310141867153,0.000170921935604875,0.13097080745956,0.0817798605259293
206,"s(curr_lastRippleHPC_z):curr_DOWN_no",0.0219940797055944,6.04753644934493e-05,0.0974166089368614,0.0599972348303112
207,"s(curr_lastRippleHPC_z):curr_DOWN_no",0.0562496920987794,0.000439176133933941,0.210739828974868,0.119690233939306
208,"s(curr_lastRippleHPC_z):curr_DOWN_no",0.0104665258829364,4.29252108419885e-05,0.0500882932834926,0.032037229638006
209,"s(curr_lastRippleHPC_z):curr_DOWN_no",0.153413845483101,0.00108261331543391,0.402129162669653,0.300989190068074
210,"s(curr_lastRippleHPC_z):curr_DOWN_no",0.0871165767097395,0.000405873959653602,0.374981448253085,0.247221757287961
211,"s(curr_lastRippleHPC_z):curr_DOWN_no",0.0265580476135368,0.00014773130144376,0.110767482218083,0.0729414523624549
212,"s(curr_lastRippleHPC_z):curr_DOWN_no",0.190845396594669,0.00157394042115896,0.580628010624123,0.638820198109543
213,"s(curr_lastRippleHPC_z):curr_DOWN_no",0.106388055050362,0.00072708114018454,0.277309299931443,0.248760011308332
214,"s(curr_lastRippleHPC_z):curr_DOWN_no",0.234448842971309,0.00176574432473179,0.446513084807728,0.376657472816083
215,"s(curr_lastRippleHPC_z):curr_DOWN_no",0.0621448058418803,0.000328747570338982,0.22943006121556,0.169289504137642
216,"s(curr_lastRippleHPC_z):curr_DOWN_no",0.0219506381097814,0.00021138884524211,0.131666364932092,0.0388258133534929
217,"s(curr_lastRippleHPC_z):curr_DOWN_no",0.138780890960105,0.000718221188595922,0.513732297108339,0.39507838955618
218,"s(curr_lastRippleHPC_z):curr_DOWN_no",0.0225871929497021,0.000209943732707685,0.133914906514678,0.0394576717518493
219,"s(curr_lastRippleHPC_z):curr_DOWN_no",0.169666112316455,0.00131007709701606,0.467150211428634,0.419556078218018
220,"s(curr_lastRippleHPC_z):curr_DOWN_no",0.0970516650077622,0.000740618958526894,0.300275923602044,0.173425342198237
221,"s(curr_lastRippleHPC_z):curr_DOWN_no",0.0671149725999891,0.000240321661321135,0.282498204093236,0.218839276781896
222,"s(curr_lastRippleHPC_z):curr_DOWN_no",0.00525082257121223,5.03578947654048e-05,0.0673314258643118,0.0198200492102372
223,"s(curr_lastRippleHPC_z):curr_DOWN_no",0.0649553044122095,0.000510423183975784,0.177184076752733,0.0907928251921569
224,"s(curr_lastRippleHPC_z):curr_DOWN_no",0.198854822251729,0.00133202062415131,0.451894760779409,0.579105176171762
225,"s(curr_lastRippleHPC_z):curr_DOWN_no",0.193051665314817,0.00140884298378395,0.453012511918917,0.507069410727743
226,"s(curr_lastRippleHPC_z):curr_DOWN_no",0.0479787408265828,0.000207881487177723,0.195089015748867,0.0724403871084499
227,"s(curr_lastRippleHPC_z):curr_DOWN_no",0.185938379205044,0.00142269015705611,0.348248901758919,0.30582219093485
228,"s(curr_lastRippleHPC_z):curr_DOWN_no",0.0194325511201985,3.95501273463456e-05,0.0800500712877498,0.0573605030732224
229,"s(curr_lastRippleHPC_z):curr_DOWN_no",0.013380246590879,0.000117349735036016,0.103104992300032,0.0303743027447432
230,"s(curr_lastRippleHPC_z):curr_DOWN_no",0.0595444146731223,0.000151045085322579,0.160968128955467,0.0865125856297646
231,"s(curr_lastRippleHPC_z):curr_DOWN_no",0.000506617051530434,1.70845597456247e-05,0.0385872554352805,0.0113649877563453
232,"s(curr_lastRippleHPC_z):curr_DOWN_no",0.0852876664751161,0.000424783198031768,0.290879125940654,0.185403678321003
233,"s(curr_lastRippleHPC_z):curr_DOWN_no",0.14422743004915,0.00111468454362662,0.395510042154254,0.374515047783852
234,"s(curr_lastRippleHPC_z):curr_DOWN_no",0.173858399923733,0.00168922092736355,0.428445826455042,0.343892797124941
235,"s(curr_lastRippleHPC_z):curr_DOWN_no",0.18051605744316,0.001355531958047,0.467257809588059,0.614496398930548
236,"s(curr_lastRippleHPC_z):curr_DOWN_no",0.145583578545949,0.00121309157925827,0.530974704344282,0.460579710390514
237,"s(curr_lastRippleHPC_z):curr_DOWN_no",0.158732906121177,0.00120448488892549,0.53216672374377,0.720889650375592
238,"s(curr_lastRippleHPC_z):curr_DOWN_no",0.136861300693345,0.000888651258662037,0.359490621545221,0.471500892540596
239,"s(curr_lastRippleHPC_z):curr_DOWN_no",0.236905850565721,0.00215441046034563,0.730428965932227,0.653653365183886
240,"s(curr_lastRippleHPC_z):curr_DOWN_no",0.098327564792676,0.000706298166087661,0.292030953262376,0.270534345250451
241,"s(curr_lastRippleHPC_z):curr_DOWN_no",0.137017308706199,0.00118934458045632,0.534312519959663,0.405045672783383
242,"s(curr_lastRippleHPC_z):curr_DOWN_no",0.150355922131868,0.00085706712868715,0.466096548102097,0.431301312465857
243,"s(curr_lastRippleHPC_z):curr_DOWN_no",0.205205548975958,0.00171870929602429,0.670713983178652,0.787786280736033
244,"s(curr_lastRippleHPC_z):curr_DOWN_no",0.00260715275531886,1.05481240306242e-05,0.0300313909747822,0.00884575573939181
245,"s(curr_lastRippleHPC_z):curr_DOWN_no",0.0687624416007377,0.000438902461089541,0.194662226272143,0.158398445413042
246,"s(curr_lastRippleHPC_z):curr_DOWN_no",0.0376353788455006,2.02821272111754e-05,0.22798121482451,0.0549798500126721
247,"s(curr_lastRippleHPC_z):curr_DOWN_no",0.0637083217137384,0.000201340226279844,0.201023323312919,0.12364950159959
248,"s(curr_lastRippleHPC_z):curr_DOWN_no",0.128153253405836,0.000940083297699627,0.352950733234512,0.456552577169752
249,"s(curr_lastRippleHPC_z):curr_DOWN_no",0.264910993579729,0.00229302565184758,0.75303048538928,0.939989293005659
250,"s(curr_lastRippleHPC_z):curr_DOWN_no",0.0368327129153361,0.000194020876905174,0.133885478263821,0.0776699025427476
251,"s(curr_lastRippleHPC_z):curr_DOWN_no",0.0980547937023664,0.000637391812556028,0.306353406615176,0.261423335084648
252,"s(curr_lastRippleHPC_z):curr_DOWN_no",0.178893097387505,0.00114654172693761,0.656881523208261,0.550281370781266
253,"s(curr_lastRippleHPC_z):curr_DOWN_no",0.00425320591913803,4.4511939987573e-05,0.0616973975030073,0.0181784940942054
254,"s(curr_lastRippleHPC_z):curr_DOWN_no",0.0767245915480848,0.00045521946733681,0.301425854432521,0.163677445522029
255,"s(curr_lastRippleHPC_z):curr_DOWN_no",0.0337159156482247,7.34264462482541e-05,0.155736576778441,0.0502486538775748
256,"s(curr_lastRippleHPC_z):curr_DOWN_no",0.0171913614975461,5.02269161363786e-05,0.0574392521195138,0.0545970298873168
257,"s(curr_lastRippleHPC_z):curr_DOWN_no",0.0656160769445124,0.000439080826803705,0.17384919585767,0.158247720702584
258,"s(curr_lastRippleHPC_z):curr_DOWN_no",0.0176290382553734,2.88902034800226e-05,0.0778424285549983,0.0544398341127685
259,"s(curr_lastRippleHPC_z):curr_DOWN_no",0.0980931190492491,0.00055478525173549,0.264278069580926,0.33659974109615
260,"s(curr_lastRippleHPC_z):curr_DOWN_no",0.073084796908736,0.000368609066819852,0.22432448882988,0.206252134698125
261,"s(curr_lastRippleHPC_z):curr_DOWN_no",0.114630749349968,0.000594294478338665,0.323862254296757,0.321533920881128
262,"s(curr_lastRippleHPC_z):curr_DOWN_no",0.167790510967832,0.00141119168392938,0.390676942666641,0.505607591710723
263,"s(curr_lastRippleHPC_z):curr_DOWN_no",0.115385575711167,0.00082169006972433,0.369385605738391,0.22429261354452
264,"s(curr_lastRippleHPC_z):curr_DOWN_no",0.23601678536115,0.00200976524986599,0.835992544219273,0.857800014908131
265,"s(curr_lastRippleHPC_z):curr_DOWN_no",0.0839993748717518,0.000438755301672387,0.29563684040932,0.198170035182356
266,"s(curr_lastRippleHPC_z):curr_DOWN_no",0.0398680910633447,0.000474589063283102,0.200235594198317,0.0590128595796848
267,"s(curr_lastRippleHPC_z):curr_DOWN_no",0.0406949102998011,0.000203688396878311,0.162662948070556,0.133609728011721
268,"s(curr_lastRippleHPC_z):curr_DOWN_no",0.102539346079604,0.00084636715920851,0.267323513433287,0.112909057956738
269,"s(curr_lastRippleHPC_z):curr_DOWN_no",0.00374548553422027,3.6225415371409e-05,0.0556993162081537,0.0164052839035667
270,"s(curr_lastRippleHPC_z):curr_DOWN_no",0.143790723292581,0.00108814354097617,0.344834559978399,0.323300968647325
271,"s(curr_lastRippleHPC_z):curr_DOWN_no",0.0686192683375273,0.000341100361945876,0.275201857856437,0.235852884909246
272,"s(curr_lastRippleHPC_z):curr_DOWN_no",0.153649063748751,0.00123100099642846,0.458873790469097,0.510756305762243
273,"s(curr_lastRippleHPC_z):curr_DOWN_no",0.00188624976367713,2.47348425238338e-05,0.0461253493346965,0.013597278608352
274,"s(curr_lastRippleHPC_z):curr_DOWN_no",0.1384229667363,0.000707758280805703,0.549838794375796,0.418552188645879
275,"s(curr_lastRippleHPC_z):curr_DOWN_no",0.150098684139965,0.00127792136482505,0.500963784677852,0.336126177264377
276,"s(curr_lastRippleHPC_z):curr_DOWN_no",0.198640525387821,0.00111730543186245,0.636629495638674,0.332730375548624
277,"s(curr_lastRippleHPC_z):curr_DOWN_no",0.270198811573524,0.0022386738651041,0.759380212943234,0.534288135396177
278,"s(curr_lastRippleHPC_z):curr_DOWN_no",0.174803021338559,0.00105387663787621,0.408556521620902,0.39062392449947
279,"s(curr_lastRippleHPC_z):curr_DOWN_no",0.0956336457763483,0.000632430203639358,0.280415126823497,0.258825971304587
280,"s(curr_lastRippleHPC_z):curr_DOWN_no",0.0747024331377952,0.000465740527032872,0.302760256840229,0.205631557503217
281,"s(curr_lastRippleHPC_z):curr_DOWN_no",0.0468134294139446,0.000247398198613739,0.155131324336822,0.16465944612821
282,"s(curr_lastRippleHPC_z):curr_DOWN_no",0.00221478040591361,3.15915720519151e-05,0.0497902468277458,0.0146634037878884
283,"s(curr_lastRippleHPC_z):curr_DOWN_no",0.0479904403396736,0.000129211635744894,0.168059817979239,0.0976439476294535
284,"s(curr_lastRippleHPC_z):curr_DOWN_no",0.152153298978458,0.00119449319905321,0.434195857553303,0.263123895483618
285,"s(curr_lastRippleHPC_z):curr_DOWN_no",0.205420850833006,0.00163569865445368,0.61463566688713,0.79755170244624
286,"s(curr_lastRippleHPC_z):curr_DOWN_no",0.137080627015504,0.00111575746548325,0.469049561928185,0.526567326053559
287,"s(curr_lastRippleHPC_z):curr_DOWN_no",0.258393926424834,0.0021393968845639,0.743416850913392,0.89335588150437
288,"s(curr_lastRippleHPC_z):curr_DOWN_no",0.0309985117264802,0.00012989122705656,0.179887067059207,0.0641097234404351
289,"s(curr_lastRippleHPC_z):curr_DOWN_no",0.121296810764862,0.000770260691479953,0.422242522438393,0.459436651719546
290,"s(curr_lastRippleHPC_z):curr_DOWN_no",0.111306309498314,0.00061156894502909,0.382719286016935,0.251318079398585
291,"s(curr_lastRippleHPC_z):curr_DOWN_no",0.00635274961602761,5.04531267381032e-06,0.0642882128721464,0.0197340068277153
292,"s(curr_lastRippleHPC_z):curr_DOWN_no",0.0995779766934257,0.000613239540534787,0.257862976936806,0.209080851575173
293,"s(curr_lastRippleHPC_z):curr_DOWN_no",0.124333960968988,0.00057834653942846,0.391872992062401,0.30236057568023
294,"s(curr_lastRippleHPC_z):curr_DOWN_no",0.282148222160295,0.00248149197510804,0.583902688727366,0.592562468287611
295,"s(curr_lastRippleHPC_z):curr_DOWN_no",0.261005308522403,0.00212103011451553,0.754901284863892,0.940711654262632
296,"s(curr_lastRippleHPC_z):curr_DOWN_no",0.0345869712511941,0.000163079170501843,0.110250637560671,0.0906446639228803
297,"s(curr_lastRippleHPC_z):curr_DOWN_no",0.04855265370478,0.000187454921743419,0.1833207660824,0.13238505972808
298,"s(curr_lastRippleHPC_z):curr_DOWN_no",0.0144025766611948,0.000157320112586166,0.115877463863687,0.0341325372938105
299,"s(curr_lastRippleHPC_z):curr_DOWN_no",-4.97410655260211e-05,8.56822068573085e-09,0.000893978271088877,0.00026370496089726
300,"s(curr_lastRippleHPC_z):curr_DOWN_no",0.00121441577812664,1.23123931055984e-05,0.0328944457291027,0.00969230209090713
301,"s(curr_lastRippleHPC_z):curr_DOWN_no",0.177897865922366,0.00136447765961894,0.690994435625632,0.704409341145262
302,"s(curr_lastRippleHPC_z):curr_DOWN_no",0.295583480460463,0.00266958033852281,0.989258353715114,1.12522736899881
303,"s(curr_lastRippleHPC_z):curr_DOWN_no",0.349871921429513,0.00293600527330888,0.692432285697256,0.870592536418711
304,"s(curr_lastRippleHPC_z):curr_DOWN_no",0.0530542800299241,0.000205192023494967,0.224886293664817,0.126008382943636
305,"s(curr_lastRippleHPC_z):curr_DOWN_no",0.109895538272421,0.00151277539790707,0.37923182109245,0.37118272369874
306,"s(curr_lastRippleHPC_z):curr_DOWN_no",0.15841690737201,0.00139125826842749,0.600717339850336,0.430173850222618
307,"s(curr_lastRippleHPC_z):curr_DOWN_no",0.15070357787678,0.0012252213600152,0.489978809778346,0.448970364051454
308,"s(curr_lastRippleHPC_z):curr_DOWN_no",0.0106833469630692,5.78110309630111e-06,0.0488206547505541,0.0242544360033414
309,"s(curr_lastRippleHPC_z):curr_DOWN_no",0.003510861830609,9.72852972108884e-06,0.0288085274795451,0.00848685884952029
310,"s(curr_lastRippleHPC_z):curr_DOWN_no",0.128080253116172,0.000944241617505508,0.44272931118466,0.204789618915485
311,"s(curr_lastRippleHPC_z):curr_DOWN_no",0.0445559856281186,0.000244919482799762,0.211051512517632,0.0854120294769687
312,"s(curr_lastRippleHPC_z):curr_DOWN_no",0.00372728787478316,4.37885232597138e-05,0.0598271581806881,0.0176316657870402
313,"s(curr_lastRippleHPC_z):curr_DOWN_no",0.177310764826091,0.00133003172553298,0.583430736507375,0.524420267542811
314,"s(curr_lastRippleHPC_z):curr_DOWN_no",0.294008675147385,0.00275235519280595,0.790310981652272,0.743529196979126
315,"s(curr_lastRippleHPC_z):curr_DOWN_no",0.00775698623580556,8.3349304036727e-05,0.0834587354432622,0.0245792064808678
316,"s(curr_lastRippleHPC_z):curr_DOWN_no",0.0528971214876179,0.000291352718302852,0.184258574886204,0.179024968867063
317,"s(curr_lastRippleHPC_z):curr_DOWN_no",0.0885740878901897,0.000606511677315149,0.319383279361745,0.276256399233597
318,"s(curr_lastRippleHPC_z):curr_DOWN_no",0.261770103498226,0.00222457086412818,0.846249225343424,0.996922108145164
319,"s(curr_lastRippleHPC_z):curr_DOWN_no",0.161380284299564,0.0013098055350596,0.519107501603642,0.525915541470771
320,"s(curr_lastRippleHPC_z):curr_DOWN_no",0.0892869493656452,0.000508852225144924,0.271135932543576,0.223822802830322
321,"s(curr_lastRippleHPC_z):curr_DOWN_no",0.122065052126313,0.000795460507097355,0.291358389129315,0.201877285168848
322,"s(curr_lastRippleHPC_z):curr_DOWN_no",0.0261371969934112,0.000254770007618053,0.151176333255145,0.0445596888838023
323,"s(curr_lastRippleHPC_z):curr_DOWN_no",0.13547111191487,0.000698892233063084,0.39667694313427,0.228866200925569
324,"s(curr_lastRippleHPC_z):curr_DOWN_no",0.21425836884825,0.00158479720890941,0.55590983832808,0.579270136799021
325,"s(curr_lastRippleHPC_z):curr_DOWN_no",0.0527786904779957,0.000324710479406993,0.19452414102626,0.119665851256296
326,"s(curr_lastRippleHPC_z):curr_DOWN_no",0.26116335566464,0.00248641901680431,0.881680457488152,0.880878037009202
327,"s(curr_lastRippleHPC_z):curr_DOWN_no",0.138744956460115,0.00106501389659488,0.353193065928555,0.253107136170613
328,"s(curr_lastRippleHPC_z):curr_DOWN_no",0.0796687106995959,0.00054434365907062,0.291506640304938,0.266056077668369
329,"s(curr_lastRippleHPC_z):curr_DOWN_no",0.0264681825423025,8.71993856712396e-05,0.0777239638504722,0.066193639163519
330,"s(curr_lastRippleHPC_z):curr_DOWN_no",0.0961309959495757,0.000251910657859424,0.402193577614756,0.233880616343819
331,"s(curr_lastRippleHPC_z):curr_DOWN_no",0.0962206604537821,0.000601852416409667,0.28911966475462,0.267120298357506
332,"s(curr_lastRippleHPC_z):curr_DOWN_no",0.178250588452109,0.00130193921030115,0.392159890514706,0.343534721492267
333,"s(curr_lastRippleHPC_z):curr_DOWN_no",0.101368316148039,0.000670372697751291,0.282749914531573,0.247348234993092
334,"s(curr_lastRippleHPC_z):curr_DOWN_no",0.13724765957617,0.00108633699746482,0.454491092328521,0.479687720318275
335,"s(curr_lastRippleHPC_z):curr_DOWN_no",0.00902156109806995,0.000114020637486073,0.102149168095334,0.0300965206835996
336,"s(curr_lastRippleHPC_z):curr_DOWN_no",0.141469174382395,0.000936234672056222,0.536342915680621,0.430557083198883
337,"s(curr_lastRippleHPC_z):curr_DOWN_no",0.274323383652058,0.00239058826806599,0.772838715474738,1.06254833661521
338,"s(curr_lastRippleHPC_z):curr_DOWN_no",0.277713277231887,0.00186917270972396,0.801912081243598,0.63612673046395
339,"s(curr_lastRippleHPC_z):curr_DOWN_no",0.113904800866817,0.00151965829541687,0.348672732762561,0.758663944033343
340,"s(curr_lastRippleHPC_z):curr_DOWN_no",9.96601121938667e-05,4.49651360405308e-06,0.019684623602966,0.00579803530200146
341,"s(curr_lastRippleHPC_z):curr_DOWN_no",0.0318297877448863,0.000362481366205515,0.175588363403097,0.0517422300640893
342,"s(curr_lastRippleHPC_z):curr_DOWN_no",0.262085871119789,0.00243862743100893,0.793874567032331,0.767927795973782
343,"s(curr_lastRippleHPC_z):curr_DOWN_no",0.0529280850827814,0.000337317135154508,0.180143244988952,0.0655847896953203
344,"s(curr_lastRippleHPC_z):curr_DOWN_no",0.155295634116174,0.00123763936150433,0.468508214216914,0.625312865360631
345,"s(curr_lastRippleHPC_z):curr_DOWN_no",0.016858692046374,0.000200288927732471,0.137393470360644,0.040486699896256
346,"s(curr_lastRippleHPC_z):curr_DOWN_no",0.0894284285818108,0.00030260665832458,0.29169630321246,0.224895226367545
347,"s(curr_lastRippleHPC_z):curr_DOWN_no",0.0204379628686109,7.90061269535632e-05,0.0844776099775981,0.0738659046740231
348,"s(curr_lastRippleHPC_z):curr_DOWN_no",0.050694867550626,0.000147142861022369,0.166893766130454,0.088069108582587
349,"s(curr_lastRippleHPC_z):curr_DOWN_no",0.0773506242405828,0.000492543197100453,0.230370686291683,0.236017923488159
350,"s(curr_lastRippleHPC_z):curr_DOWN_no",0.208161481968613,0.00163433466259463,0.519377334975014,0.688021307378052
351,"s(curr_lastRippleHPC_z):curr_DOWN_no",0.195868051885316,0.00142952184669683,0.495455053816887,0.619298409783319
352,"s(curr_lastRippleHPC_z):curr_DOWN_no",0.266207257609301,0.00225324951471406,0.658499082283043,0.781981473492556
353,"s(curr_lastRippleHPC_z):curr_DOWN_no",0.225072946698583,0.00183371172083174,0.617756351236401,0.683387196786723
354,"s(curr_lastRippleHPC_z):curr_DOWN_no",0.181600903148004,0.00145044578725841,0.450052107405487,0.612813585401894
355,"s(curr_lastRippleHPC_z):curr_DOWN_no",0.0220553896019071,7.63894875716312e-05,0.0936152748766252,0.060254524392539
356,"s(curr_lastRippleHPC_z):curr_DOWN_no",0.0263307484933053,0.0014169770020512,0.154516196509778,1.07772945696849
357,"s(curr_lastRippleHPC_z):curr_DOWN_no",0.0326489491846864,0.000131752371100402,0.10286339550221,0.111664925930459
358,"s(curr_lastRippleHPC_z):curr_DOWN_no",0.15050892462584,0.00128805250888012,0.414788665616094,0.35507169294899
359,"s(curr_lastRippleHPC_z):curr_DOWN_no",0.0265769688977109,0.00012255282379735,0.087389245967862,0.0715436311631242
360,"s(curr_lastRippleHPC_z):curr_DOWN_no",0.153899578146009,0.000974320985762225,0.298797090576032,0.269912920699772
361,"s(curr_lastRippleHPC_z):curr_DOWN_no",0.259106730683466,0.00219025163603565,0.700270316182389,0.85060871337421
362,"s(curr_lastRippleHPC_z):curr_DOWN_no",0.0279139501858987,0.00035255003906141,0.172524929168648,0.0508128755493349
363,"s(curr_lastRippleHPC_z):curr_DOWN_no",0.00449466248803354,3.92503719301904e-05,0.0569288457311357,0.0167730224085884
364,"s(curr_lastRippleHPC_z):curr_DOWN_no",0.118181331705108,0.000589845711213988,0.543676803926632,0.429370140180551
365,"s(curr_lastRippleHPC_z):curr_DOWN_no",0.00815208453241834,1.79280255331667e-05,0.0302241135127534,0.022558362154706
366,"s(curr_lastRippleHPC_z):curr_DOWN_no",0.00863678225929743,2.33790550543966e-05,0.0448544568029262,0.020669977536165
367,"s(curr_lastRippleHPC_z):curr_DOWN_no",0.116833713053506,0.000864109614783469,0.332593692086487,0.350145283838697
368,"s(curr_lastRippleHPC_z):curr_DOWN_no",0.29840587443344,0.00263125125654592,0.832118978790138,1.00663659680983
369,"s(curr_lastRippleHPC_z):curr_DOWN_no",0.0984483852893634,0.000491935932404842,0.411603258452229,0.35656331387642
370,"s(curr_lastRippleHPC_z):curr_DOWN_no",0.00850240569040661,6.0283332269771e-06,0.075351676983252,0.0234447768534968
371,"s(curr_lastRippleHPC_z):curr_DOWN_no",0.0770949556777394,0.000568199111756202,0.339847968967732,0.281096458592015
372,"s(curr_lastRippleHPC_z):curr_DOWN_no",0.0122645285583243,0.000111393115804747,0.0977177118306178,0.0287933092637133
373,"s(curr_lastRippleHPC_z):curr_DOWN_no",0.387400107488704,0.00356535774229408,0.889625504391614,1.25849606343551
374,"s(curr_lastRippleHPC_z):curr_DOWN_no",0.0212367043984303,5.31580165460315e-05,0.0882761801819473,0.0603454530141527
375,"s(curr_lastRippleHPC_z):curr_DOWN_no",0.190745057024811,0.00155890781688226,0.934500830922302,0.879268948091225
376,"s(curr_lastRippleHPC_z):curr_DOWN_no",0.0995654244729689,0.000611217344678899,0.285604345994563,0.22760005768818
377,"s(curr_lastRippleHPC_z):curr_DOWN_no",0.0824696110033551,0.000380903828284445,0.235957166869594,0.105912741783498
378,"s(curr_lastRippleHPC_z):curr_DOWN_no",0.286049923634215,0.00249306203043728,0.915907174102614,1.01956445157518
379,"s(curr_lastRippleHPC_z):curr_DOWN_no",0.0350466109461225,0.000136552908174417,0.110280394572598,0.118403065265787
380,"s(curr_lastRippleHPC_z):curr_DOWN_no",0.216893710136669,0.00188482108492161,0.86479443092562,0.871922521864447
381,"s(curr_lastRippleHPC_z):curr_DOWN_no",0.0896159772856722,0.00060976813299517,0.316824194748066,0.287197035574342
382,"s(curr_lastRippleHPC_z):curr_DOWN_no",0.0766360429962907,0.000539173302048936,0.317684635535666,0.279027415213928
383,"s(curr_lastRippleHPC_z):curr_DOWN_no",0.160105619882256,0.00233264928520372,0.447645897026707,1.14227802227766
384,"s(curr_lastRippleHPC_z):curr_DOWN_no",0.14080213342878,0.00105208668415843,0.44101807591613,0.354108162580145
385,"s(curr_lastRippleHPC_z):curr_DOWN_no",0.153370000817127,0.00106530134480191,0.358128397802268,0.306459754674319
386,"s(curr_lastRippleHPC_z):curr_DOWN_no",0.18557756136042,0.00155031281269567,0.55335499599057,0.605162305872292
387,"s(curr_lastRippleHPC_z):curr_DOWN_no",0.129594720536137,0.000541381552339711,0.306275946273554,0.261743768002188
388,"s(curr_lastRippleHPC_z):curr_DOWN_no",0.0422248125809155,0.000121692454154272,0.156723032735007,0.108077658382266
389,"s(curr_lastRippleHPC_z):curr_DOWN_no",0.004572239144224,1.24200475004656e-05,0.0714838470285295,0.0269979581902389
390,"s(curr_lastRippleHPC_z):curr_DOWN_no",0.122950081010471,0.000844732920921575,0.350570393541058,0.35147435923784
391,"s(curr_lastRippleHPC_z):curr_DOWN_no",0.221814464191947,0.00190458067442429,0.62390490598336,0.726692612736319
392,"s(curr_lastRippleHPC_z):curr_DOWN_no",0.000454275013686889,5.52844833430258e-06,0.0221296824959248,0.00651932510295606
393,"s(curr_lastRippleHPC_z):curr_DOWN_no",0.176299527163181,0.00141506780288216,0.394606764638462,0.353175362779014
394,"s(curr_lastRippleHPC_z):curr_DOWN_no",0.0684075984170294,0.000302225705900465,0.315021656260428,0.209478595439486
395,"s(curr_lastRippleHPC_z):curr_DOWN_no",0.0516174426326321,0.000571149085658388,0.215447262233805,0.0634783663295994
396,"s(curr_lastRippleHPC_z):curr_DOWN_no",0.00645585888237754,7.58244575067715e-05,0.0809543814343696,0.0238614966965332
397,"s(curr_lastRippleHPC_z):curr_DOWN_no",0.244254993971513,0.0017407158242896,1.00418766312709,0.806757274482925
398,"s(curr_lastRippleHPC_z):curr_DOWN_no",0.0479118251626636,0.000512559334579348,0.202527931608314,0.059793456400397
399,"s(curr_lastRippleHPC_z):curr_DOWN_no",0.0231601902190457,0.000141315006278675,0.103803899509114,0.0635782540159917
400,"s(curr_lastRippleHPC_z):curr_DOWN_no",0.14517216279459,0.000996413370270766,0.503177978586806,0.593819337655489
401,"s(curr_lastRippleHPC_z):curr_DOWN_no",0.141508942164901,0.000927269706041101,0.56811966495377,0.625188360695098
402,"s(curr_lastRippleHPC_z):curr_DOWN_no",0.00479889592277694,8.99055224567329e-06,0.0254386194647201,0.0135813972676128
403,"s(curr_lastRippleHPC_z):curr_DOWN_no",0.0807892069598406,0.000388869070085701,0.196596914187376,0.165382359682776
404,"s(curr_lastRippleHPC_z):curr_DOWN_no",0.249344681328294,0.00128985293812505,0.583821133298999,0.607447701841681
405,"s(curr_lastRippleHPC_z):curr_DOWN_no",0.0161340088985913,2.6420453539087e-05,0.0625970283078476,0.0494436113558043
406,"s(curr_lastRippleHPC_z):curr_DOWN_no",0.0686372067182264,0.000354410221268206,0.214978106449494,0.145610849673552
407,"s(curr_lastRippleHPC_z):curr_DOWN_no",0.173157246620124,0.00221112169991474,0.425483262513743,1.03719192950586
408,"s(curr_lastRippleHPC_z):curr_DOWN_no",0.0611276063256678,0.000162532157292471,0.179923468287482,0.110605672464696
409,"s(curr_lastRippleHPC_z):curr_DOWN_no",0.256689228956891,0.00218311529525855,0.627751281232273,0.613538520499561
410,"s(curr_lastRippleHPC_z):curr_DOWN_no",0.156618424239174,0.00111149373072874,0.364810087188334,0.39826420163632
411,"s(curr_lastRippleHPC_z):curr_DOWN_no",0.00623978720228546,9.25538789577958e-06,0.0321280240366641,0.0200751543791054
412,"s(curr_lastRippleHPC_z):curr_DOWN_no",0.167633510942342,0.00120576902519607,0.48411740408291,0.672187435598506
413,"s(curr_lastRippleHPC_z):curr_DOWN_no",0.151311296232485,0.00118170997596098,0.492136234537545,0.518469565754136
414,"s(curr_lastRippleHPC_z):curr_DOWN_no",0.10397371254964,0.000587905283533061,0.301251960268831,0.345046305702334
415,"s(curr_lastRippleHPC_z):curr_DOWN_no",0.395163547909123,0.00375848961755718,1.17834497297088,1.15390843991044
416,"s(curr_lastRippleHPC_z):curr_DOWN_no",0.0105517315385857,1.97829419450209e-05,0.0943826116780749,0.0328833175687882
417,"s(curr_lastRippleHPC_z):curr_DOWN_no",0.24084429597214,0.00197889199786551,0.886304994455555,0.931487972675255
418,"s(curr_lastRippleHPC_z):curr_DOWN_no",0.124534378394888,0.000893802245362801,0.343103491340174,0.436622098036816
419,"s(curr_lastRippleHPC_z):curr_DOWN_no",0.174018541422758,0.00152824748290493,0.407176559833446,0.377329298294476
420,"s(curr_lastRippleHPC_z):curr_DOWN_no",0.0656191601334077,0.000342951595189235,0.224883079115564,0.207830291750615
421,"s(curr_lastRippleHPC_z):curr_DOWN_no",0.0011403648495163,1.48263895520614e-05,0.0352945957336205,0.0104013767469413
422,"s(curr_lastRippleHPC_z):curr_DOWN_no",0.316833683531562,0.00278589706134685,0.96807342840031,0.945113938544862
423,"s(curr_lastRippleHPC_z):curr_DOWN_no",0.0457547832121774,0.000293945222204733,0.185044925009639,0.0955162194717986
424,"s(curr_lastRippleHPC_z):curr_DOWN_no",-3.06038781134887e-05,1.04238116507034e-07,0.00288779002856102,0.00085468013977538
425,"s(curr_lastRippleHPC_z):curr_DOWN_no",0.191360252171716,0.00155836339366395,0.422922800851247,0.447668366814764
426,"s(curr_lastRippleHPC_z):curr_DOWN_no",0.0507418391727077,0.000224766164227685,0.155804764255695,0.0994885281238433
427,"s(curr_lastRippleHPC_z):curr_DOWN_no",0.00297359763117466,3.69623456434096e-05,0.058481003330062,0.017222702010531
428,"s(curr_lastRippleHPC_z):curr_DOWN_no",0.0790356501187555,0.000562820653068029,0.215804268490436,0.209593549802206
429,"s(curr_lastRippleHPC_z):curr_DOWN_no",0.234413950308451,0.00177346448944763,0.792757949687092,0.67779099153098
430,"s(curr_lastRippleHPC_z):curr_DOWN_no",0.178416946816314,0.00142186370404746,0.383573146935332,0.376048129314816
431,"s(curr_lastRippleHPC_z):curr_DOWN_no",0.127703044049315,0.000990029616122746,0.573987418823906,0.480766458416099
432,"s(curr_lastRippleHPC_z):curr_DOWN_no",0.221291497579373,0.00194442690798788,0.641201515655945,0.513442300660513
433,"s(curr_lastRippleHPC_z):curr_DOWN_no",0.18063002939126,0.00139055845561547,0.400376981018064,0.331603165408801
434,"s(curr_lastRippleHPC_z):curr_DOWN_no",0.0124013218663466,0.000130443781556635,0.105570554141744,0.0311021822557931
435,"s(curr_lastRippleHPC_z):curr_DOWN_no",0.207581065579421,0.00150673230951281,0.540922539217161,0.500605157452626
436,"s(curr_lastRippleHPC_z):curr_DOWN_no",0.202843632226927,0.00183888115289674,0.630254433995788,0.728929399604909
437,"s(curr_lastRippleHPC_z):curr_DOWN_no",0.0150447851334867,0.00039885672002462,0.133402725418805,0.33156588564859
438,"s(curr_lastRippleHPC_z):curr_DOWN_no",0.0296945221571647,8.65242825313857e-05,0.159020563149462,0.0522525987251674
439,"s(curr_lastRippleHPC_z):curr_DOWN_no",0.000352578161014527,4.10590328655759e-06,0.0185062732462703,0.00544989758431095
440,"s(curr_lastRippleHPC_z):curr_DOWN_no",0.0236122799530571,0.000117792586681339,0.112313476126181,0.0397390299172574
441,"s(curr_lastRippleHPC_z):curr_DOWN_no",0.0274926048686517,9.32232777760762e-05,0.1272442367714,0.0890216012784334
442,"s(curr_lastRippleHPC_z):curr_DOWN_no",0.00419608912231073,3.84776004009835e-05,0.0593917335402883,0.0174964678148105
443,"s(curr_lastRippleHPC_z):curr_DOWN_no",0.0454236167041815,0.000450790175317845,0.195569802719461,0.0576055121725902
444,"s(curr_lastRippleHPC_z):curr_DOWN_no",0.211739243801446,0.00170938858549029,0.669567397338963,0.696807124758641
445,"s(curr_lastRippleHPC_z):curr_DOWN_no",0.131388537675126,0.000875072780694735,0.49252867429185,0.653256262132325
446,"s(curr_lastRippleHPC_z):curr_DOWN_no",0.119634493569677,0.000910994208058786,0.415938103884867,0.32507987683223
447,"s(curr_lastRippleHPC_z):curr_DOWN_no",0.0723786814408127,0.000281826491688933,0.231792646867557,0.15343571124122
448,"s(curr_lastRippleHPC_z):curr_DOWN_no",0.261950093085884,0.00235643994865294,0.703433398166595,0.779689477232693
449,"s(curr_lastRippleHPC_z):curr_DOWN_no",0.125735724606334,0.000881627669037111,0.475551364570577,0.579794886125651
450,"s(curr_lastRippleHPC_z):curr_DOWN_no",0.0373416891505549,0.000106804197520441,0.124321520047186,0.103377342307091
451,"s(curr_lastRippleHPC_z):curr_DOWN_no",0.000700058650404678,9.9431529529238e-06,0.0283058855978361,0.00834674047795899
452,"s(curr_lastRippleHPC_z):curr_DOWN_no",0.044948180236017,0.000156482266282186,0.148733139099978,0.0924660757227036
453,"s(curr_lastRippleHPC_z):curr_DOWN_no",0.0995973208950369,0.000649966623701271,0.3401055540151,0.406995610930416
454,"s(curr_lastRippleHPC_z):curr_DOWN_no",0.200699681829563,0.00163467379089135,0.68745763706468,0.770203740530801
455,"s(curr_lastRippleHPC_z):curr_DOWN_no",0.00828254040402054,1.21740665467722e-05,0.04537181093489,0.0234224211619779
456,"s(curr_lastRippleHPC_z):curr_DOWN_no",0.029150308794728,0.000119075333811259,0.140126213735273,0.0639624381516698
457,"s(curr_lastRippleHPC_z):curr_DOWN_no",0.111885295589052,0.000860785611322823,0.326632530617337,0.323728527852789
458,"s(curr_lastRippleHPC_z):curr_DOWN_no",0.0158667968205535,0.000174406185256231,0.121879240419273,0.035987682425017
459,"s(curr_lastRippleHPC_z):curr_DOWN_no",0.12574088118548,0.0010238947556571,0.450459212665886,0.370461797019283
460,"s(curr_lastRippleHPC_z):curr_DOWN_no",0.120260110724122,0.000587290540418677,0.413771907877352,0.350677520404312
461,"s(curr_lastRippleHPC_z):curr_DOWN_no",0.112751924922799,0.000910444487545305,0.458971138726581,0.378723133435481
462,"s(curr_lastRippleHPC_z):curr_DOWN_no",0.135302722785046,0.00107792921065797,0.338608309729181,0.209631691745515
463,"s(curr_lastRippleHPC_z):curr_DOWN_no",0.147039467563286,0.00107426050120582,0.39584238733045,0.387456356937831
464,"s(curr_lastRippleHPC_z):curr_DOWN_no",0.0300806688541142,0.000112230201661243,0.140136566278353,0.0796269518213321
465,"s(curr_lastRippleHPC_z):curr_DOWN_no",0.128510761226954,0.000926255799928513,0.532381309009013,0.534317888272608
466,"s(curr_lastRippleHPC_z):curr_DOWN_no",0.226552258413659,0.00171474181190033,0.477384179441471,0.481084368753762
467,"s(curr_lastRippleHPC_z):curr_DOWN_no",0.00192188355523815,1.96532794790484e-05,0.0418664979598844,0.0123380945311581
468,"s(curr_lastRippleHPC_z):curr_DOWN_no",0.0333636802544799,0.000105431325537326,0.188673271915352,0.058825604329127
469,"s(curr_lastRippleHPC_z):curr_DOWN_no",0.0131613698155117,9.79356790830573e-05,0.0934022592687995,0.0275090373367278
470,"s(curr_lastRippleHPC_z):curr_DOWN_no",0.156716725976715,0.00109801774172195,0.527552310053471,0.459578274175713
471,"s(curr_lastRippleHPC_z):curr_DOWN_no",0.103542186705193,0.000756461824311687,0.30380947050141,0.229797035727304
472,"s(curr_lastRippleHPC_z):curr_DOWN_no",0.162248358433969,0.00130235980838025,0.560504742230182,0.619943663037595
473,"s(curr_lastRippleHPC_z):curr_DOWN_no",0.0391012589131634,0.00019294663274647,0.159327327242539,0.0585806923606448
474,"s(curr_lastRippleHPC_z):curr_DOWN_no",0.236142162113467,0.00205088597613166,0.760244954798466,1.05837916762162
475,"s(curr_lastRippleHPC_z):curr_DOWN_no",0.0644648948345568,0.000491330352896191,0.202478366677597,0.0932293808363439
476,"s(curr_lastRippleHPC_z):curr_DOWN_no",0.118766499239868,0.000860100248810606,0.278416706841094,0.207035306680669
477,"s(curr_lastRippleHPC_z):curr_DOWN_no",0.0299213054911638,0.000168832712733741,0.105639026912641,0.064479829084848
478,"s(curr_lastRippleHPC_z):curr_DOWN_no",0.000260107795870823,6.72177944516379e-06,0.0243479141755467,0.00716935235516525
479,"s(curr_lastRippleHPC_z):curr_DOWN_no",0.0431532239515251,0.000153223257965538,0.157161676513398,0.125199142723844
480,"s(curr_lastRippleHPC_z):curr_DOWN_no",0.215075734317309,0.00168685194103091,0.633977812103137,0.980009875163684
481,"s(curr_lastRippleHPC_z):curr_DOWN_no",0.0990429212243624,0.000517500488653133,0.337089831541929,0.272686452732951
482,"s(curr_lastRippleHPC_z):curr_DOWN_no",0.118689444616549,0.000851220608727917,0.452650373367598,0.330336923236162
483,"s(curr_lastRippleHPC_z):curr_DOWN_no",0.0998380083582733,0.000492779844416738,0.314393229983728,0.229698621902323
484,"s(curr_lastRippleHPC_z):curr_DOWN_no",0.0549893479099479,0.000282995865085833,0.161916274023956,0.126096290228426
485,"s(curr_lastRippleHPC_z):curr_DOWN_no",0.224860896121335,0.00157433000759534,0.391042368728799,0.335582346710951
486,"s(curr_lastRippleHPC_z):curr_DOWN_no",0.0100660924235072,4.13966287485249e-05,0.0697029340186238,0.0239116676125774
487,"s(curr_lastRippleHPC_z):curr_DOWN_no",0.00720590184592762,8.25206091171795e-06,0.0747898876378683,0.0236401386787749
488,"s(curr_lastRippleHPC_z):curr_DOWN_no",0.00206531511273322,2.21981815233534e-05,0.0442395735827758,0.0130380687731189
489,"s(curr_lastRippleHPC_z):curr_DOWN_no",0.0956168509427533,0.000417437540290424,0.357039591889565,0.295906032847359
490,"s(curr_lastRippleHPC_z):curr_DOWN_no",0.104076298260047,0.000914776344686417,0.271410624892478,0.168359759809395
491,"s(curr_lastRippleHPC_z):curr_DOWN_no",0.0143153266734979,6.02825254972823e-05,0.0733418082878179,0.0320857385604647
492,"s(curr_lastRippleHPC_z):curr_DOWN_no",0.105826534728025,0.000748787977065058,0.247484458636772,0.218491568645944
493,"s(curr_lastRippleHPC_z):curr_DOWN_no",0.13039794033242,0.000919444804512647,0.421734401759912,0.577692988451291
494,"s(curr_lastRippleHPC_z):curr_DOWN_no",0.14678396218312,0.00108435499537152,0.3718600673602,0.448532541045565
495,"s(curr_lastRippleHPC_z):curr_DOWN_no",0.247446411249823,0.00204580920767345,0.547850658131775,0.551704574946221
496,"s(curr_lastRippleHPC_z):curr_DOWN_no",0.00177272699572839,2.24372436066615e-05,0.0423155542283249,0.0124631212901794
497,"s(curr_lastRippleHPC_z):curr_DOWN_no",0.0645538148283151,0.000358225603390879,0.200090151782925,0.1815137353297
498,"s(curr_lastRippleHPC_z):curr_DOWN_no",0.0538670311352156,0.000249026806334587,0.152400139854448,0.123978010143737
499,"s(curr_lastRippleHPC_z):curr_DOWN_no",0.0174176827987678,5.06641626902838e-05,0.0795146241140088,0.0491187021475131
500,"s(curr_lastRippleHPC_z):curr_DOWN_no",0.135618833714957,0.000714330293658322,0.433026866437148,0.250272815796707
501,"s(curr_lastRippleHPC_z):curr_DOWN_no",0.0599935232591093,0.00042277569330561,0.179484627427295,0.100609253267948
502,"s(curr_lastRippleHPC_z):curr_DOWN_no",0.299571270456202,0.00250096219105484,0.676735033483608,0.720794984987192
503,"s(curr_lastRippleHPC_z):curr_DOWN_no",0.0392386611527282,0.000275147477248296,0.146408165912592,0.0650809932039574
504,"s(curr_lastRippleHPC_z):curr_DOWN_no",0.111177729892375,0.000800459670509563,0.319015512232209,0.282765271021611
505,"s(curr_lastRippleHPC_z):curr_DOWN_no",0.0971975116587425,0.000772433204396751,0.324701431902339,0.273882249109994
506,"s(curr_lastRippleHPC_z):curr_DOWN_no",0.162730311452766,0.00120063262720564,0.436605336031469,0.497921996374508
507,"s(curr_lastRippleHPC_z):curr_DOWN_no",0.0774877749908116,0.00036660669675273,0.192494943941635,0.170501787209677
508,"s(curr_lastRippleHPC_z):curr_DOWN_no",0.000111525860021722,1.27615961952582e-05,0.0320654505528863,0.0094518817430705
509,"s(curr_lastRippleHPC_z):curr_DOWN_no",0.0452929704594469,0.000492694028634419,0.201112090415621,0.0592994031175365
510,"s(curr_lastRippleHPC_z):curr_DOWN_no",0.132313986170297,0.000927352121372775,0.381121572058551,0.511024907482273
511,"s(curr_lastRippleHPC_z):curr_DOWN_no",0.110135210382198,0.00081922449393612,0.332930542390492,0.338271921441614
512,"s(curr_lastRippleHPC_z):curr_DOWN_no",0.0883477933728614,0.000492855110207869,0.290358647695701,0.298600370562525
513,"s(curr_lastRippleHPC_z):curr_DOWN_no",0.110775332830332,0.000669521478077402,0.382021522953827,0.308918792604978
514,"s(curr_lastRippleHPC_z):curr_DOWN_no",0.153054771034239,0.00105813043236723,0.272811772602785,0.179413141622162
515,"s(curr_lastRippleHPC_z):curr_DOWN_no",0.0529430587849866,0.000354188358370708,0.154811621829151,0.087142975226753
516,"s(curr_lastRippleHPC_z):curr_DOWN_no",0.245072163893394,0.00204061143407421,0.675520576723925,0.985770471319835
517,"s(curr_lastRippleHPC_z):curr_DOWN_no",0.0097107806868566,9.48156854793443e-05,0.0896545018072384,0.0264100123735729
518,"s(curr_lastRippleHPC_z):curr_DOWN_no",0.0611951875574359,0.000206033661246377,0.209484377166492,0.143618683613104
519,"s(curr_lastRippleHPC_z):curr_DOWN_no",0.228561134174357,0.00214683022869754,0.836551059820578,0.857765160906522
520,"s(curr_lastRippleHPC_z):curr_DOWN_no",0.0464750177136501,0.000217166360103053,0.200527838712057,0.181766141688016
521,"s(curr_lastRippleHPC_z):curr_DOWN_no",0.129496109658353,0.000990710721380384,0.467604049190892,0.466298131352687
522,"s(curr_lastRippleHPC_z):curr_DOWN_no",0.0754878751065249,0.000273434441295545,0.245289312420111,0.146076965117767
523,"s(curr_lastRippleHPC_z):curr_DOWN_no",0.137471117535432,0.000758632118470781,0.305467897821105,0.285433344318753
524,"s(curr_lastRippleHPC_z):curr_DOWN_no",0.00991428743655209,9.1988617124431e-06,0.0326927592966765,0.0210749590261457
525,"s(curr_lastRippleHPC_z):curr_DOWN_no",0.0648819176094815,0.000327652979826945,0.254291564168621,0.183714432863136
526,"s(curr_lastRippleHPC_z):curr_DOWN_no",0.0114517463216943,9.98667621430928e-05,0.0877162608792113,0.0258332816813403
527,"s(curr_lastRippleHPC_z):curr_DOWN_no",0.311694988307363,0.00192382363395303,0.651379290295443,0.890276045649336
528,"s(curr_lastRippleHPC_z):curr_DOWN_no",0.164441985934966,0.00128323853671338,0.621779730703695,0.652562085398913
529,"s(curr_lastRippleHPC_z):curr_DOWN_no",0.0793480583317567,0.00058213760393725,0.217987381855314,0.134551217901603
530,"s(curr_lastRippleHPC_z):curr_DOWN_no",0.0220644361772617,5.64575149998674e-05,0.0636752373831435,0.0238614167596533
531,"s(curr_lastRippleHPC_z):curr_DOWN_no",0.208015306366992,0.00139716049305006,0.658899856028553,0.609483143032582
532,"s(curr_lastRippleHPC_z):curr_DOWN_no",0.125995145561864,0.000956825854500571,0.300953563766496,0.226152522160593
533,"s(curr_lastRippleHPC_z):curr_DOWN_no",0.159920028155339,0.00137942086356729,0.596035775849632,0.455176981195756
534,"s(curr_lastRippleHPC_z):curr_DOWN_no",0.209750308669992,0.00171506562839243,0.539069209104503,0.603991987391088
535,"s(curr_lastRippleHPC_z):curr_DOWN_no",0.119331667013754,0.000822877141044357,0.30706024106532,0.311203254927319
536,"s(curr_lastRippleHPC_z):curr_DOWN_no",0.214727329958336,0.00165996094187099,0.617154162713119,0.613176585067191
537,"s(curr_lastRippleHPC_z):curr_DOWN_no",0.163113912452303,0.00127521384081251,0.265854876970885,0.239461916056767
538,"s(curr_lastRippleHPC_z):curr_DOWN_no",0.183831359033392,0.00126068597995732,0.371474058008621,0.378909406096416
539,"s(curr_lastRippleHPC_z):curr_DOWN_no",0.0223014959039531,0.000254025390094525,0.145875018521768,0.0430059063148842
540,"s(curr_lastRippleHPC_z):curr_DOWN_no",0.0836492049361475,0.000425096491897867,0.299928672826083,0.179119209965714
541,"s(curr_lastRippleHPC_z):curr_DOWN_no",0.166316389022406,0.00152422479731592,0.384153993507822,0.411023745092423
542,"s(curr_lastRippleHPC_z):curr_DOWN_no",0.129911984623809,0.0009653586034667,0.454591919888048,0.525292140438566
543,"s(curr_lastRippleHPC_z):curr_DOWN_no",0.0397219804956519,0.000280419550774658,0.195454529864556,0.0669889143930164
544,"s(curr_lastRippleHPC_z):curr_DOWN_no",0.0745736046343062,0.000397643663340723,0.233165086205068,0.202331510653624
545,"s(curr_lastRippleHPC_z):curr_DOWN_no",0.290311821282494,0.00258905198769468,0.816304271112552,1.17570276192903
546,"s(curr_lastRippleHPC_z):curr_DOWN_no",0.0121793048848007,0.000121583123612776,0.101788796824434,0.0299923453359318
547,"s(curr_lastRippleHPC_z):curr_DOWN_no",0.186020909165147,0.00199557553888142,0.69777538490546,0.738057453452625
548,"s(curr_lastRippleHPC_z):curr_DOWN_no",0.0167837215744511,3.04290645387631e-05,0.0878275930448904,0.0430475140990134
549,"s(curr_lastRippleHPC_z):curr_DOWN_no",0.160264933805419,0.00112582765684129,0.429164335879094,0.540434895923549
550,"s(curr_lastRippleHPC_z):curr_DOWN_no",0.373571654120593,0.00309254036979041,0.798626721726383,1.04243085882656
551,"s(curr_lastRippleHPC_z):curr_DOWN_no",0.00337246208733255,1.30713585886063e-05,0.023985458419434,0.0116371877391254
552,"s(curr_lastRippleHPC_z):curr_DOWN_no",0.194967507562561,0.00163129523242577,0.631090795158978,0.877014367887332
553,"s(curr_lastRippleHPC_z):curr_DOWN_no",0.0249421387843185,0.000257046424177405,0.148515900717912,0.0438058826605867
554,"s(curr_lastRippleHPC_z):curr_DOWN_no",0.124358609016658,0.000923196483577098,0.321603938987571,0.281220867717881
555,"s(curr_lastRippleHPC_z):curr_DOWN_no",0.313527507970687,0.00250333632491127,0.872013627837218,1.00973832474862
556,"s(curr_lastRippleHPC_z):curr_DOWN_no",0.0208144973444808,0.000210176461811063,0.135895745703404,0.0400287936758358
557,"s(curr_lastRippleHPC_z):curr_DOWN_no",0.013913764793366,4.10898897928098e-05,0.0457208690550972,0.0284511953661854
558,"s(curr_lastRippleHPC_z):curr_DOWN_no",0.179304841660405,0.00106373930898099,0.607808251231952,0.506773392451332
559,"s(curr_lastRippleHPC_z):curr_DOWN_no",0.134748839180815,0.00107692521751619,0.473437686561431,0.515834827640317
560,"s(curr_lastRippleHPC_z):curr_DOWN_no",0.00311702343282239,3.97550329261872e-05,0.059194986047162,0.0174325979200794
561,"s(curr_lastRippleHPC_z):curr_DOWN_no",0.194942528316566,0.00228246550544837,0.836275070236723,0.8726656157368
562,"s(curr_lastRippleHPC_z):curr_DOWN_no",0.127014463871244,0.000926898073223811,0.47820534048619,0.538990560884937
563,"s(curr_lastRippleHPC_z):curr_DOWN_no",0.170294366797817,0.00135100917838161,0.634401900214613,0.633380417468091
564,"s(curr_lastRippleHPC_z):curr_DOWN_no",0.361595084232292,0.00348451642935124,0.98166960230092,0.877632596604968
565,"s(curr_lastRippleHPC_z):curr_DOWN_no",0.280944558931477,0.00215351125285427,0.442637614561437,0.341279299281898
566,"s(curr_lastRippleHPC_z):curr_DOWN_no",0.0165500631264486,3.56899189971386e-05,0.0664394762038143,0.0504815147129404
567,"s(curr_lastRippleHPC_z):curr_DOWN_no",0.387822398403824,0.00352515722568394,0.774574153203044,1.19291499372237
568,"s(curr_lastRippleHPC_z):curr_DOWN_no",0.0056230885642492,4.82026235421827e-05,0.0630055459942726,0.0185823998426452
569,"s(curr_lastRippleHPC_z):curr_DOWN_no",0.0212789158800843,4.524662774572e-05,0.0624456467858645,0.0528079884267519
570,"s(curr_lastRippleHPC_z):curr_DOWN_no",-0.000483663544579294,4.59528863315105e-06,0.019151048550213,0.00564307061605965
571,"s(curr_lastRippleHPC_z):curr_DOWN_no",0.14035877144712,0.00106832318861114,0.582858270437052,0.72650033706997
572,"s(curr_lastRippleHPC_z):curr_DOWN_no",0.0514365797387022,0.00016446112805349,0.153739348616439,0.12528230643011
573,"s(curr_lastRippleHPC_z):curr_DOWN_no",0.0327549368549711,0.000151898337460859,0.136502680270944,0.0945495647263406
574,"s(curr_lastRippleHPC_z):curr_DOWN_no",0.204960879649467,0.00177556153234135,0.697692507243278,0.909308208728862
575,"s(curr_lastRippleHPC_z):curr_DOWN_no",0.121524707605516,0.000904512201424037,0.363601110678578,0.446355992341314
576,"s(curr_lastRippleHPC_z):curr_DOWN_no",0.195726269649668,0.00165877509735699,0.614986761617175,0.890525273614785
577,"s(curr_lastRippleHPC_z):curr_DOWN_no",0.0888764537733042,0.000652031415217232,0.431977273077122,0.355150069003897
578,"s(curr_lastRippleHPC_z):curr_DOWN_no",0.0486805640642913,0.000196261670987744,0.192760106206345,0.0951672665964449
579,"s(curr_lastRippleHPC_z):curr_DOWN_no",0.0389471107824599,0.000450060670286881,0.203744559196118,0.0600057464297271
580,"s(curr_lastRippleHPC_z):curr_DOWN_no",0.114603268376712,0.00103312743356719,0.272537683884899,0.137082707060473
581,"s(curr_lastRippleHPC_z):curr_DOWN_no",0.0939292932764015,0.000491785524033854,0.297544994066706,0.208292330129728
582,"s(curr_lastRippleHPC_z):curr_DOWN_no",0.217558654677501,0.00197624573344176,0.581294222385579,0.433508732467275
583,"s(curr_lastRippleHPC_z):curr_DOWN_no",0.00111412540134026,1.30288911574014e-05,0.0334497617625086,0.00985226863906329
584,"s(curr_lastRippleHPC_z):curr_DOWN_no",0.0753292503619596,0.000466095588331619,0.221032908568365,0.208765359820959
585,"s(curr_lastRippleHPC_z):curr_DOWN_no",0.185441121044445,0.00142772194879206,0.447107137186146,0.540687336901337
586,"s(curr_lastRippleHPC_z):curr_DOWN_no",0.32001677026645,0.00310763084186892,0.76794785201324,1.0619541899494
587,"s(curr_lastRippleHPC_z):curr_DOWN_no",0.000840212672871488,1.5496662760941e-05,0.0362568714046935,0.0106789726384833
588,"s(curr_lastRippleHPC_z):curr_DOWN_no",0.157960685058227,0.00125313190075743,0.520812329809877,0.621810853393783
589,"s(curr_lastRippleHPC_z):curr_DOWN_no",0.0239915562104853,0.000278314104328143,0.156668108245757,0.0461587958467849
590,"s(curr_lastRippleHPC_z):curr_DOWN_no",0.255174633481375,0.0021800100440606,0.894511931254715,0.951961895828072
591,"s(curr_lastRippleHPC_z):curr_DOWN_no",0.0330520260340856,0.000338588679243493,0.170898250984318,0.0504783872770091
592,"s(curr_lastRippleHPC_z):curr_DOWN_no",0.202994999957205,0.00165202192509185,0.552803735015711,0.571612532651819
593,"s(curr_lastRippleHPC_z):curr_DOWN_no",0.119601641650509,0.000912547855336121,0.316072171036694,0.195673302917365
594,"s(curr_lastRippleHPC_z):curr_DOWN_no",0.00124266409656038,2.87978754233162e-05,0.0468535533552506,0.0138078651316339
595,"s(curr_lastRippleHPC_z):curr_DOWN_no",0.00458768779409802,4.80998302969612e-05,0.0624841443559428,0.0184058733655904
596,"s(curr_lastRippleHPC_z):curr_DOWN_no",0.0575062566478639,0.000220761703799432,0.198732724917306,0.16094512812884
597,"s(curr_lastRippleHPC_z):curr_DOWN_no",0.143406155038248,0.00109658189989718,0.474874358463674,0.516238432940207
598,"s(curr_lastRippleHPC_z):curr_DOWN_no",0.00780758238152846,8.25898116679971e-05,0.0875872095845036,0.0258109442597047
599,"s(curr_lastRippleHPC_z):curr_DOWN_no",0.0684828428589297,0.000267007875711088,0.236402331672251,0.153339272213367
600,"s(curr_lastRippleHPC_z):curr_DOWN_no",0.24230790305736,0.00198448860099252,0.69739848559893,0.95606412299014
601,"s(curr_lastRippleHPC_z):curr_DOWN_no",0.0719073505020367,0.000379784708062694,0.316969130482702,0.220505638024637
602,"s(curr_lastRippleHPC_z):curr_DOWN_no",0.222552786446405,0.00185367846915417,0.699266679475075,0.798741655802966
603,"s(curr_lastRippleHPC_z):curr_DOWN_no",0.0678172088767077,0.00103073312232036,0.20596090794699,1.04810067172786
604,"s(curr_lastRippleHPC_z):curr_DOWN_no",0.000824586032012853,6.74405274507017e-06,0.0240607059787845,0.00709946675314927
605,"s(curr_lastRippleHPC_z):curr_DOWN_no",0.376494536004259,0.00349169661152383,0.975001499210229,1.42312764614333
606,"s(curr_lastRippleHPC_z):curr_DOWN_no",0.0184704275224359,0.000177757927442911,0.125961204690935,0.0371014901752594
607,"s(curr_lastRippleHPC_z):curr_DOWN_no",0.247517777667697,0.00195545617561536,0.657306494818194,0.828494983923902
608,"s(curr_lastRippleHPC_z):curr_DOWN_no",0.0255916677784009,0.000300126165359635,0.159431451645551,0.0469561580176078
609,"s(curr_lastRippleHPC_z):curr_DOWN_no",0.125215449366804,0.000858400989340413,0.440976608570727,0.64317042978785
610,"s(curr_lastRippleHPC_z):curr_DOWN_no",0.242213639786976,0.00154632177944273,0.562691739871123,0.422657110545613
611,"s(curr_lastRippleHPC_z):curr_DOWN_no",0.141295401808011,0.000834526363667463,0.329004198805356,0.394840446059619
612,"s(curr_lastRippleHPC_z):curr_DOWN_no",0.189826335885441,0.00153130712599596,0.475222828190832,0.558578443146356
613,"s(curr_lastRippleHPC_z):curr_DOWN_no",0.0178841518659674,4.31878166268154e-05,0.0619458337130673,0.0526879220568525
614,"s(curr_lastRippleHPC_z):curr_DOWN_no",0.287823121631482,0.00245143054639848,0.826040089832801,0.989656392843442
615,"s(curr_lastRippleHPC_z):curr_DOWN_no",0.0665419342412443,0.000467599728254627,0.253722123982553,0.179537990397101
616,"s(curr_lastRippleHPC_z):curr_DOWN_no",0.115160965004304,0.000817357634088966,0.338526522169477,0.372383315324632
617,"s(curr_lastRippleHPC_z):curr_DOWN_no",0.190269870984259,0.0014475371238303,0.579881433842544,0.802544661528026
618,"s(curr_lastRippleHPC_z):curr_DOWN_no",0.120935904758489,0.000773789724653454,0.373263877501617,0.362768367203495
619,"s(curr_lastRippleHPC_z):curr_DOWN_no",0.013095530573402,1.20848437247161e-05,0.0598396273985168,0.0317211401366715
620,"s(curr_lastRippleHPC_z):curr_DOWN_no",0.144137504369549,0.00115593538128986,0.395082629215858,0.369351479910694
621,"s(curr_lastRippleHPC_z):curr_DOWN_no",0.0283013619502954,2.26527137134779e-05,0.0643503438363831,0.0226512606839623
622,"s(curr_lastRippleHPC_z):curr_DOWN_no",0.199844918516678,0.00160650402198668,0.671041506223091,0.735955725583424
623,"s(curr_lastRippleHPC_z):curr_DOWN_no",0.295949379908917,0.00267276095647458,0.703446679456357,1.05582558042346
624,"s(curr_lastRippleHPC_z):curr_DOWN_no",0.115835336434517,0.000919488062007113,0.507200985306345,0.336940456770764
625,"s(curr_lastRippleHPC_z):curr_DOWN_no",0.00270455025228333,2.23555784630745e-05,0.0439357131251688,0.0129427632087401
626,"s(curr_lastRippleHPC_z):curr_DOWN_no",0.153067470279254,0.000825561963433524,0.479752298379892,0.374498931736193
627,"s(curr_lastRippleHPC_z):curr_DOWN_no",0.0793201857268047,0.000522624437725958,0.271121014296854,0.179131909158499
628,"s(curr_lastRippleHPC_z):curr_DOWN_no",0.194775296939843,0.00160366666269318,0.674327283755087,0.826466117216462
629,"s(curr_lastRippleHPC_z):curr_DOWN_no",0.000582956635888365,3.1881545916391e-06,0.0167416610794462,0.00493563107085509
630,"s(curr_lastRippleHPC_z):curr_DOWN_no",0.287085652398803,0.00216162896324824,0.777237511873285,0.651219651078432
631,"s(curr_lastRippleHPC_z):curr_DOWN_no",0.0435739479485973,0.000253194673813775,0.147811547779775,0.132690367719158
632,"s(curr_lastRippleHPC_z):curr_DOWN_no",0.0787518516664019,0.000582550452630036,0.276306741689375,0.254392498297248
633,"s(curr_lastRippleHPC_z):curr_DOWN_no",0.0180876830260601,3.66444867733787e-05,0.0872766432116921,0.0491737303685608
634,"s(curr_lastRippleHPC_z):curr_DOWN_no",0.129173109451908,0.0010751862971271,0.473129419780367,0.389136924908167
635,"s(curr_lastRippleHPC_z):curr_DOWN_no",0.160702916179206,0.00123124834947846,0.497134906291895,0.552437288351832
636,"s(curr_lastRippleHPC_z):curr_DOWN_no",0.081040170361085,0.000557362454916553,0.391797436881127,0.331025850550783
637,"s(curr_lastRippleHPC_z):curr_DOWN_no",0.123562475967307,0.000778883776653884,0.465799672856185,0.567678395462274
638,"s(curr_lastRippleHPC_z):curr_DOWN_no",0.0439106539023548,0.000285794158296388,0.182263999557354,0.130429302198486
639,"s(curr_lastRippleHPC_z):curr_DOWN_no",0.0899167430712104,0.00075452367711926,0.382978432931718,0.391966122537198
640,"s(curr_lastRippleHPC_z):curr_DOWN_no",0.0254641674166347,0.000279370612526866,0.155744727472104,0.0458919622117729
641,"s(curr_lastRippleHPC_z):curr_DOWN_no",0.135095607821713,0.00090838323700373,0.337840487114523,0.308867219013424
642,"s(curr_lastRippleHPC_z):curr_DOWN_no",0.0364258604508612,0.000416012426476825,0.180471461765428,0.0532127982898028
643,"s(curr_lastRippleHPC_z):curr_DOWN_no",0.000250546702364574,2.28737450454636e-06,0.0135856183041813,0.00400112291814278
644,"s(curr_lastRippleHPC_z):curr_DOWN_no",0.0997646309019382,0.000494022292256308,0.253305645912202,0.185794675516247
645,"s(curr_lastRippleHPC_z):curr_DOWN_no",0.11237980751586,0.000825328205822968,0.46927856401883,0.476612946683655
646,"s(curr_lastRippleHPC_z):curr_DOWN_no",0.149897263188596,0.00112600615904057,0.396228890928671,0.260886507513937
647,"s(curr_lastRippleHPC_z):curr_DOWN_no",0.11902419401599,0.00072546905658229,0.346410585828127,0.451011735289678
648,"s(curr_lastRippleHPC_z):curr_DOWN_no",0.0845268030616078,0.000686405764225895,0.240201232423926,0.158722099252928
649,"s(curr_lastRippleHPC_z):curr_DOWN_no",0.0957861506103992,0.000603471254637001,0.403614355022166,0.447210679564448
650,"s(curr_lastRippleHPC_z):curr_DOWN_no",0.0488877354457076,0.000131220933783403,0.214866312131157,0.122567993163571
651,"s(curr_lastRippleHPC_z):curr_DOWN_no",0.162190226498256,0.00125880350168491,0.682980073252941,0.599328424912728
652,"s(curr_lastRippleHPC_z):curr_DOWN_no",0.235671991659299,0.0021619637255164,0.772212340820286,0.734721532921966
653,"s(curr_lastRippleHPC_z):curr_DOWN_no",0.0851911713985123,0.000549084777905124,0.233639545406413,0.237721674045053
654,"s(curr_lastRippleHPC_z):curr_DOWN_no",0.0806868122271247,0.000328726990085955,0.220366323712846,0.13187379611933
655,"s(curr_lastRippleHPC_z):curr_DOWN_no",0.250117690986837,0.00228621428296125,0.756785640228036,0.586952367660958
656,"s(curr_lastRippleHPC_z):curr_DOWN_no",0.0917399556433827,0.000484996242192486,0.223547355602551,0.193849440579874
657,"s(curr_lastRippleHPC_z):curr_DOWN_no",0.258014514154458,0.00222303016887265,0.718342699854022,0.822781921565856
658,"s(curr_lastRippleHPC_z):curr_DOWN_no",0.0226372787316897,0.000111085732090355,0.0990081220012824,0.0674124333882165
659,"s(curr_lastRippleHPC_z):curr_DOWN_no",0.0993189113544988,0.000703976618344211,0.372753824754951,0.337317406294407
660,"s(curr_lastRippleHPC_z):curr_DOWN_no",0.0297320690332183,5.33848203309716e-05,0.100074716673509,0.0731958682278783
661,"s(curr_lastRippleHPC_z):curr_DOWN_no",0.0501482494272416,0.000311616145886123,0.184591945310647,0.0996672521613221
662,"s(curr_lastRippleHPC_z):curr_DOWN_no",0.00184052873165896,9.85492511629666e-06,0.0303633445131432,0.00894523061202694
663,"s(curr_lastRippleHPC_z):curr_DOWN_no",0.0636551383611925,0.000296375324474939,0.177954430733585,0.127675194812299
664,"s(curr_lastRippleHPC_z):curr_DOWN_no",0.00329759600279544,3.101850221276e-05,0.0540497464084937,0.0159202501579436
665,"s(curr_lastRippleHPC_z):curr_DOWN_no",0.152500330264707,0.000841820144329189,0.528687641309297,0.444715023853678
666,"s(curr_lastRippleHPC_z):curr_DOWN_no",0.0722712522875186,0.00039651840796254,0.202882437646726,0.148157877425049
667,"s(curr_lastRippleHPC_z):curr_DOWN_no",0.128378241414751,0.000530617107771044,0.412104739109684,0.302125383190915
668,"s(curr_lastRippleHPC_z):curr_DOWN_no",0.16206203331591,0.00136277028949462,0.439614837764045,0.376868931634791
669,"s(curr_lastRippleHPC_z):curr_DOWN_no",0.0556612214711176,0.000177013305164754,0.194928331175834,0.11760651150692
670,"s(curr_lastRippleHPC_z):curr_DOWN_no",0.111158424504598,0.0009683837126997,0.272553293990249,0.120671049789581
671,"s(curr_lastRippleHPC_z):curr_DOWN_no",0.0762024268142349,0.000371498101437737,0.276389161519327,0.199481675396254
672,"s(curr_lastRippleHPC_z):curr_DOWN_no",0.176532726942525,0.00152903006134032,0.447305235460499,0.371462606464497
673,"s(curr_lastRippleHPC_z):curr_DOWN_no",0.0197567412105917,0.000243336165737542,0.144027455986445,0.0424152351316563
674,"s(curr_lastRippleHPC_z):curr_DOWN_no",0.130240992594543,0.000921395919987749,0.418389345570822,0.378360984996577
675,"s(curr_lastRippleHPC_z):curr_DOWN_no",0.172232681168468,0.000575159535482139,0.229918745810319,0.187005562125722
676,"s(curr_lastRippleHPC_z):curr_DOWN_no",0.0047044920224053,6.2465354083045e-05,0.0738096294477058,0.0217445517929619
677,"s(curr_lastRippleHPC_z):curr_DOWN_no",0.147423756443502,0.00117084498949766,0.513910627410588,0.638989071854587
678,"s(curr_lastRippleHPC_z):curr_DOWN_no",0.0834031722748669,0.000667038819113139,0.203806034476656,0.153425875134537
679,"s(curr_lastRippleHPC_z):curr_DOWN_no",0.200963233144587,0.0016820937339838,0.710206620768506,0.743570087746143
680,"s(curr_lastRippleHPC_z):curr_DOWN_no",0.0255065580976694,0.000247277397699882,0.144121408698253,0.0424308057269294
681,"s(curr_lastRippleHPC_z):curr_DOWN_no",0.230968513495847,0.00159574826626052,0.8603308030974,0.711501172464154
682,"s(curr_lastRippleHPC_z):curr_DOWN_no",0.258801978678954,0.00194386285874361,0.638148089464406,0.813212340534683
683,"s(curr_lastRippleHPC_z):curr_DOWN_no",0.317779046592594,0.00280988606502156,0.80030873520422,1.15201890361283
684,"s(curr_lastRippleHPC_z):curr_DOWN_no",0.138292822122376,0.00105869015514806,0.364794440631783,0.360360135882649
685,"s(curr_lastRippleHPC_z):curr_DOWN_no",0.0908919496875571,0.000468143846380451,0.291973290959314,0.208769780533326
686,"s(curr_lastRippleHPC_z):curr_DOWN_no",0.107703418296363,0.000794253405277274,0.236826167282602,0.203372070934877
687,"s(curr_lastRippleHPC_z):curr_DOWN_no",0.173643028860935,0.00134603833992993,0.691015383162452,0.575407071747391
688,"s(curr_lastRippleHPC_z):curr_DOWN_no",0.0525937049120051,0.000336930213427837,0.138581096162078,0.111559617875377
689,"s(curr_lastRippleHPC_z):curr_DOWN_no",0.0672736684618807,0.000451239321467186,0.188122132776656,0.18354869257161
690,"s(curr_lastRippleHPC_z):curr_DOWN_no",0.0281900660897909,0.00033645802712246,0.167011638927745,0.0492326845017577
691,"s(curr_lastRippleHPC_z):curr_DOWN_no",0.000851547638045069,1.13256522815581e-05,0.0321239267821286,0.00946151136334686
692,"s(curr_lastRippleHPC_z):curr_DOWN_no",0.0815727037208838,0.0005745419977343,0.306634825148172,0.21708556170354
693,"s(curr_lastRippleHPC_z):curr_DOWN_no",0.057699600909829,0.000309485553880992,0.138808153327496,0.118953005200533
694,"s(curr_lastRippleHPC_z):curr_DOWN_no",0.168762791628701,0.00129382877542874,0.513691311856895,0.522766436504537
695,"s(curr_lastRippleHPC_z):curr_DOWN_no",0.135616633150524,0.00123083828798829,0.46811543447505,0.333948752147339
696,"s(curr_lastRippleHPC_z):curr_DOWN_no",0.0874749553294656,0.000369316822700663,0.301289382998922,0.162448074160577
697,"s(curr_lastRippleHPC_z):curr_DOWN_no",0.166012362894511,0.00100878669782565,0.444396099031873,0.442034096817703
698,"s(curr_lastRippleHPC_z):curr_DOWN_no",0.178904185629537,0.00116788784225357,0.547676872444553,0.483612023288634
699,"s(curr_lastRippleHPC_z):curr_DOWN_no",0.0272860184566905,0.00028704764332158,0.152011453525241,0.0447750333288316
700,"s(curr_lastRippleHPC_z):curr_DOWN_no",0.14039779161824,0.00111815607727453,0.392048245375475,0.26324348213079
701,"s(curr_lastRippleHPC_z):curr_DOWN_no",0.0811518342238147,0.000513540640962823,0.280569949500253,0.208212827720468
702,"s(curr_lastRippleHPC_z):curr_DOWN_no",0.0716891203978705,0.000327384420832332,0.209921036612591,0.152352322892553
703,"s(curr_lastRippleHPC_z):curr_DOWN_no",0.177110789955377,0.00137157897881018,0.578671928700434,0.717006446080643
704,"s(curr_lastRippleHPC_z):curr_DOWN_no",0.217897670661518,0.00198604240066345,0.565684541015713,0.539768270406142
705,"s(curr_lastRippleHPC_z):curr_DOWN_no",0.162918374634644,0.00118018786886569,0.365366323539745,0.455093503994458
706,"s(curr_lastRippleHPC_z):curr_DOWN_no",0.0835309771315593,0.000479516319415677,0.246884583837069,0.205984134237326
707,"s(curr_lastRippleHPC_z):curr_DOWN_no",0.299738412237261,0.00240275678107856,0.733909080628507,0.888120173427617
708,"s(curr_lastRippleHPC_z):curr_DOWN_no",0.00870883347754958,9.82147263726677e-05,0.0917838402111116,0.0270316535132658
709,"s(curr_lastRippleHPC_z):curr_DOWN_no",0.292999076997611,0.00189178677062608,0.528619446505262,0.570220065921084
710,"s(curr_lastRippleHPC_z):curr_DOWN_no",0.0530329981914761,0.00033126261192475,0.125473653194841,0.109188062477588
711,"s(curr_lastRippleHPC_z):curr_DOWN_no",0.216973838028523,0.00178064064317167,0.554709631747061,0.642158327494394
712,"s(curr_lastRippleHPC_z):curr_DOWN_no",0.0615444463187496,0.000432147278002067,0.208674439900894,0.162351553143549
713,"s(curr_lastRippleHPC_z):curr_DOWN_no",0.0836032826245612,0.000574063438967719,0.340290677925316,0.287661076890089
714,"s(curr_lastRippleHPC_z):curr_DOWN_no",0.251758166123203,0.00181241228658506,0.508325284472373,0.418800515486156
715,"s(curr_lastRippleHPC_z):curr_DOWN_no",-2.96456275741264e-05,2.10510558051251e-07,0.00423795415501603,0.0012481327943055
716,"s(curr_lastRippleHPC_z):curr_DOWN_no",0.0831867293420938,0.000492385092730375,0.279458978743907,0.243782452315008
717,"s(curr_lastRippleHPC_z):curr_DOWN_no",0.209809760318939,0.00170994165017108,0.511313027461302,0.76729196789347
718,"s(curr_lastRippleHPC_z):curr_DOWN_no",0.170613382942236,0.00118728931372139,0.490519838309982,0.60227848778478
719,"s(curr_lastRippleHPC_z):curr_DOWN_no",0.00376589963346596,4.27472907993997e-05,0.0604530009277964,0.0178256909403555
720,"s(curr_lastRippleHPC_z):curr_DOWN_no",0.0250412216191229,0.000262321626583594,0.154035263774184,0.0453746058376364
721,"s(curr_lastRippleHPC_z):curr_DOWN_no",0.122108625342264,0.000818634698917977,0.413896944557873,0.322023738000297
722,"s(curr_lastRippleHPC_z):curr_DOWN_no",0.00197179522948243,2.25237029581397e-05,0.0438288209695508,0.0129367274746778
723,"s(curr_lastRippleHPC_z):curr_DOWN_no",0.0786245470484195,0.000665410901906738,0.212172271973721,0.0921591267902288
724,"s(curr_lastRippleHPC_z):curr_DOWN_no",0.00190569712892508,2.19838335749443e-05,0.0414615965402338,0.0122231336710457
725,"s(curr_lastRippleHPC_z):curr_DOWN_no",0.136651046619912,0.00104711673519308,0.59193059130389,0.158496101353384
726,"s(curr_lastRippleHPC_z):curr_DOWN_no",0.125459869659001,0.000998820140983485,0.534883807154909,0.40164873214167
727,"s(curr_lastRippleHPC_z):curr_DOWN_no",0.0836848924382352,0.000403629718213536,0.262296601070157,0.177902685732447
728,"s(curr_lastRippleHPC_z):curr_DOWN_no",0.136793070311976,0.000695215811656299,0.67847737210824,0.427469966751901
729,"s(curr_lastRippleHPC_z):curr_DOWN_no",0.0668258284100816,0.000714723200711165,0.253337921029435,0.0746140649906794
730,"s(curr_lastRippleHPC_z):curr_DOWN_no",0.157180847992587,0.00112224669312822,0.342570618194401,0.247348939904092
731,"s(curr_lastRippleHPC_z):curr_DOWN_no",0.171457472684389,0.00141905186721495,0.606762295780342,0.624296305721113
732,"s(curr_lastRippleHPC_z):curr_DOWN_no",0.0960366083865782,0.000564194949977844,0.3207839523274,0.250610292024836
733,"s(curr_lastRippleHPC_z):curr_DOWN_no",0.110113760064682,0.000693814938803831,0.292527207158485,0.242711672942048
734,"s(curr_lastRippleHPC_z):curr_DOWN_no",0.109053731655854,0.00076797260630229,0.31124143370798,0.266380931967886
735,"s(curr_lastRippleHPC_z):curr_DOWN_no",0.0442528232075565,0.000221157658355326,0.136398082175644,0.0795354142629454
736,"s(curr_lastRippleHPC_z):curr_DOWN_no",0.0582258617277693,0.000230551877546608,0.166987381348365,0.152377940887113
737,"s(curr_lastRippleHPC_z):curr_DOWN_no",0.000369631861368624,7.63262551320999e-06,0.0250315433856937,0.00737582622171756
738,"s(curr_lastRippleHPC_z):curr_DOWN_no",0.151629762855351,0.0009651328808096,0.52763825339121,0.548569445435871
739,"s(curr_lastRippleHPC_z):curr_DOWN_no",0.0366590253756245,0.000139384812986422,0.127317205413887,0.102910044027127
740,"s(curr_lastRippleHPC_z):curr_DOWN_no",0.000294661443511757,1.37503678603731e-05,0.0346164183128951,0.0102068584014747
741,"s(curr_lastRippleHPC_z):curr_DOWN_no",0.0854011116482418,0.000585441815050533,0.24713891485671,0.233763121413496
742,"s(curr_lastRippleHPC_z):curr_DOWN_no",0.00194399044416826,2.40034769353722e-06,0.0120079076799115,0.00635195066557067
743,"s(curr_lastRippleHPC_z):curr_DOWN_no",0.203781808475437,0.00161625299742896,0.707993114757116,0.79276644129778
744,"s(curr_lastRippleHPC_z):curr_DOWN_no",0.140471099246731,0.00110307570415985,0.434854188221264,0.383829191096273
745,"s(curr_lastRippleHPC_z):curr_DOWN_no",0.00550836358049178,9.48391052136341e-06,0.0365055314885311,0.018784318053578
746,"s(curr_lastRippleHPC_z):curr_DOWN_no",0.0807191417027164,0.000426233278898569,0.199285399289985,0.154471146992674
747,"s(curr_lastRippleHPC_z):curr_DOWN_no",0.0768596684627472,0.00056107706317926,0.267302147008794,0.227377709849594
748,"s(curr_lastRippleHPC_z):curr_DOWN_no",0.0979623133456053,0.000444360092616976,0.34361228946665,0.316217425640271
749,"s(curr_lastRippleHPC_z):curr_DOWN_no",0.139797478324828,0.000996858145674768,0.568377506330439,0.493441474711107
750,"s(curr_lastRippleHPC_z):curr_DOWN_no",0.12062954905594,0.000916268566815291,0.399797049060652,0.259697911586056
751,"s(curr_lastRippleHPC_z):curr_DOWN_no",0.264765521076541,0.00244489127995788,0.970898166006681,0.95441972033985
752,"s(curr_lastRippleHPC_z):curr_DOWN_no",0.104915691209713,0.000736277336339906,0.395704092497214,0.318527385797388
753,"s(curr_lastRippleHPC_z):curr_DOWN_no",-3.52393001881168e-05,5.73792952512045e-10,0.000221619419412678,6.50994819661461e-05
754,"s(curr_lastRippleHPC_z):curr_DOWN_no",0.0026789877603175,0.000114143765086699,0.0485204522539798,0.248748498849389
755,"s(curr_lastRippleHPC_z):curr_DOWN_no",0.262338165211947,0.00183916157443235,0.672927709463762,0.721929591095337
756,"s(curr_lastRippleHPC_z):curr_DOWN_no",0.267805014608993,0.00240601431468174,0.768947591526197,1.06487408380331
757,"s(curr_lastRippleHPC_z):curr_DOWN_no",0.231145757614271,0.00190492605703502,0.653066683953197,0.793274455573652
758,"s(curr_lastRippleHPC_z):curr_DOWN_no",0.116364701152389,0.000461645600250629,0.334848886421904,0.204138463699817
759,"s(curr_lastRippleHPC_z):curr_DOWN_no",0.0367007940306312,0.000400909489186656,0.179422052982215,0.0528419673076258
760,"s(curr_lastRippleHPC_z):curr_DOWN_no",0.0180680491885132,4.05877126234793e-05,0.0832455414127821,0.0533017323800678
761,"s(curr_lastRippleHPC_z):curr_DOWN_no",0.0685203334797562,0.000420923787159141,0.27060750598928,0.228215448351044
762,"s(curr_lastRippleHPC_z):curr_DOWN_no",0.0328088552844203,0.000157105283375678,0.131732722297344,0.112202513669632
763,"s(curr_lastRippleHPC_z):curr_DOWN_no",0.0613513437709345,0.000436338565690312,0.179680059424459,0.122021909148063
764,"s(curr_lastRippleHPC_z):curr_DOWN_no",0.0653625283739911,0.00026717492212542,0.219962801763957,0.133942432058686
765,"s(curr_lastRippleHPC_z):curr_DOWN_no",0.0419220058967529,0.000468477606571457,0.197914560914678,0.0582879127628413
766,"s(curr_lastRippleHPC_z):curr_DOWN_no",0.35088984005619,0.00330888131751945,0.902945698237378,1.0005435936261
767,"s(curr_lastRippleHPC_z):curr_DOWN_no",0.00557441926712876,6.73577729051403e-05,0.0768402624767137,0.022633179918533
768,"s(curr_lastRippleHPC_z):curr_DOWN_no",0.133089532697508,0.00102346545952845,0.488957702283755,0.617740160578171
769,"s(curr_lastRippleHPC_z):curr_DOWN_no",0.00811897800527905,7.50971070958427e-05,0.0802545146693022,0.0236430189382048
770,"s(curr_lastRippleHPC_z):curr_DOWN_no",0.0978514737771441,0.000709094588882419,0.319390746429596,0.281202623063669
771,"s(curr_lastRippleHPC_z):curr_DOWN_no",0.0670855243078545,0.000397627756696138,0.265519059632325,0.173971317385566
772,"s(curr_lastRippleHPC_z):curr_DOWN_no",0.199116624882565,0.00163540065453822,0.66403276641516,0.755288785130709
773,"s(curr_lastRippleHPC_z):curr_DOWN_no",0.113026827378005,0.000732889777865979,0.287109966052729,0.162366640854672
774,"s(curr_lastRippleHPC_z):curr_DOWN_no",0.232079785471335,0.00183314136457564,0.620171435165125,0.869120965219719
775,"s(curr_lastRippleHPC_z):curr_DOWN_no",0.128141964754773,0.000565874863898805,0.502602458948048,0.349855669037722
776,"s(curr_lastRippleHPC_z):curr_DOWN_no",0.222969236251902,0.00194770387928233,0.69702821194767,0.813927220312289
777,"s(curr_lastRippleHPC_z):curr_DOWN_no",0.0116280414747187,0.000100000311050133,0.0943388447555676,0.0277910297437385
778,"s(curr_lastRippleHPC_z):curr_DOWN_no",0.187365988142072,0.00145045115196737,0.67675602852528,0.766124059339661
779,"s(curr_lastRippleHPC_z):curr_DOWN_no",0.0697360786845671,0.000265088682445233,0.189758850885788,0.137295260703441
780,"s(curr_lastRippleHPC_z):curr_DOWN_no",0.0204894343149009,9.55567079380456e-05,0.0825122952197078,0.0435475317856424
781,"s(curr_lastRippleHPC_z):curr_DOWN_no",0.0309532312119121,0.000110690271150219,0.11221483418578,0.100648860188241
782,"s(curr_lastRippleHPC_z):curr_DOWN_no",0.115721757125482,0.000688179182697391,0.277104427477389,0.217895645951911
783,"s(curr_lastRippleHPC_z):curr_DOWN_no",0.133801728518905,0.000710639381892739,0.531295601008409,0.15024570213026
784,"s(curr_lastRippleHPC_z):curr_DOWN_no",0.067562251119452,0.000372616680877196,0.250096088490575,0.0918925334704293
785,"s(curr_lastRippleHPC_z):curr_DOWN_no",0.0611678245696288,0.00031646170285212,0.18305281547139,0.17674243264023
786,"s(curr_lastRippleHPC_z):curr_DOWN_no",0.036777613721009,0.000104252391458301,0.162379873044377,0.106078396359867
787,"s(curr_lastRippleHPC_z):curr_DOWN_no",0.146366285257517,0.00109250840871005,0.369956114463288,0.402496641619612
788,"s(curr_lastRippleHPC_z):curr_DOWN_no",0.186395178462011,0.00163989311233049,0.674452711233159,0.647273732915418
789,"s(curr_lastRippleHPC_z):curr_DOWN_no",0.245995626549102,0.00208937039224859,0.900496366418336,0.797971650016268
790,"s(curr_lastRippleHPC_z):curr_DOWN_no",0.0957659458209141,0.000393802204359572,0.220472198977346,0.119017456921867
791,"s(curr_lastRippleHPC_z):curr_DOWN_no",0.00176195573747417,1.48635208466148e-05,0.0357312349335703,0.0105232835299479
792,"s(curr_lastRippleHPC_z):curr_DOWN_no",0.128709728723414,0.000933272626870827,0.461022053968177,0.155968972853807
793,"s(curr_lastRippleHPC_z):curr_DOWN_no",0.183113398546041,0.00138634473144472,0.496315902660869,0.69231374393047
794,"s(curr_lastRippleHPC_z):curr_DOWN_no",0.0624326049767969,0.00023195415108436,0.263307881489579,0.17663135283769
795,"s(curr_lastRippleHPC_z):curr_DOWN_no",0.0989429220174296,0.000767336370305083,0.231103200697974,0.189186383398968
796,"s(curr_lastRippleHPC_z):curr_DOWN_no",0.102125720253239,0.000700195705808402,0.242662500075329,0.222661970164697
797,"s(curr_lastRippleHPC_z):curr_DOWN_no",0.100680368782817,0.000689791700586469,0.292842865908647,0.236691462939643
798,"s(curr_lastRippleHPC_z):curr_DOWN_no",0.00206085164712988,7.7699462487218e-06,0.0177800233906258,0.00815152406608004
799,"s(curr_lastRippleHPC_z):curr_DOWN_no",0.0732005197954839,0.000327439943132724,0.30889748204754,0.227362165145058
800,"s(curr_lastRippleHPC_z):curr_DOWN_no",0.0624468172144237,0.000357489373687537,0.184178760478976,0.214655302463817
801,"s(curr_lastRippleHPC_z):curr_DOWN_no",0.0295650258684281,9.26248718431487e-05,0.0824327480794476,0.0632711000423049
802,"s(curr_lastRippleHPC_z):curr_DOWN_no",0.0610694247093377,0.000292409903824894,0.192163999001141,0.135139013863956
803,"s(curr_lastRippleHPC_z):curr_DOWN_no",0.0831381864465106,0.000542751092110785,0.305165460172472,0.381492176175466
804,"s(curr_lastRippleHPC_z):curr_DOWN_no",0.10157876964913,0.000494773012789791,0.346232957936141,0.244790807313123
805,"s(curr_lastRippleHPC_z):curr_DOWN_no",0.106678182919739,0.000733368957124689,0.279765881342304,0.220134306529959
806,"s(curr_lastRippleHPC_z):curr_DOWN_no",0.143693104180202,0.000832054708184544,0.431271642310875,0.389111114873691
807,"s(curr_lastRippleHPC_z):curr_DOWN_no",0.220065142180692,0.00194124547462149,0.499631725068782,0.458882016721826
808,"s(curr_lastRippleHPC_z):curr_DOWN_no",0.0425801169213953,0.000123075295181892,0.157107079089247,0.116745779634636
809,"s(curr_lastRippleHPC_z):curr_DOWN_no",0.0126474965019758,0.000125990262237559,0.103331748887591,0.0304887382657838
810,"s(curr_lastRippleHPC_z):curr_DOWN_no",0.0448548083499549,0.000736895092117893,0.150959398941421,0.57576679799431
811,"s(curr_lastRippleHPC_z):curr_DOWN_no",0.00430364126581484,3.98379150955142e-05,0.0583450890329563,0.0171815331150802
812,"s(curr_lastRippleHPC_z):curr_DOWN_no",0.102970052709376,0.000611879349906683,0.337437764761533,0.235546636864047
813,"s(curr_lastRippleHPC_z):curr_DOWN_no",0.131280890754478,0.000937625165135716,0.344657938092947,0.276070920177134
814,"s(curr_lastRippleHPC_z):curr_DOWN_no",0.0513043488445977,0.000302265043543166,0.223552669016038,0.150980567231261
815,"s(curr_lastRippleHPC_z):curr_DOWN_no",0.000166093073914908,3.05862148232134e-06,0.0162364648935106,0.00478817136731291
816,"s(curr_lastRippleHPC_z):curr_DOWN_no",0.0361383890752247,0.000474450916552428,0.154721876754337,0.511440283799073
817,"s(curr_lastRippleHPC_z):curr_DOWN_no",0.000797741610003122,7.07025329351546e-06,0.0255590219984235,0.00753107681459413
818,"s(curr_lastRippleHPC_z):curr_DOWN_no",0.0662799612960736,0.000390847407431818,0.200211962240007,0.176857321481174
819,"s(curr_lastRippleHPC_z):curr_DOWN_no",0.0908223719012593,0.000607007588011001,0.205876903600511,0.196218800870083
820,"s(curr_lastRippleHPC_z):curr_DOWN_no",0.0516290992451687,0.000309269181313776,0.18566557333437,0.119687510689888
821,"s(curr_lastRippleHPC_z):curr_DOWN_no",0.0168184525061656,6.03491628587569e-05,0.0613312194238104,0.0455867538526894
822,"s(curr_lastRippleHPC_z):curr_DOWN_no",0.1287443044842,0.00089784887493977,0.352099467897738,0.412960051762982
823,"s(curr_lastRippleHPC_z):curr_DOWN_no",0.0956568956952566,0.000518914684560722,0.295869976077677,0.134550079865624
824,"s(curr_lastRippleHPC_z):curr_DOWN_no",0.00385262274675302,8.51864382474513e-05,0.0545771325301838,0.0601168367653217
825,"s(curr_lastRippleHPC_z):curr_DOWN_no",0.351579565956205,0.00319258814974983,0.795233939939862,1.09714808498728
826,"s(curr_lastRippleHPC_z):curr_DOWN_no",0.139578680465463,0.00127306466416137,0.627963120001149,0.225914655033308
827,"s(curr_lastRippleHPC_z):curr_DOWN_no",0.0174523276431069,4.66517910550019e-05,0.0772005845019866,0.0435364698436168
828,"s(curr_lastRippleHPC_z):curr_DOWN_no",0.00282462102920356,4.68519461320474e-06,0.0158868805462015,0.00885851365782736
829,"s(curr_lastRippleHPC_z):curr_DOWN_no",0.34871147915429,0.00302011679213945,0.994948338229344,1.1465203892602
830,"s(curr_lastRippleHPC_z):curr_DOWN_no",0.062140067732054,0.000301875536193319,0.247514024723662,0.176278118980861
831,"s(curr_lastRippleHPC_z):curr_DOWN_no",0.0327290521418862,0.000680246192827779,0.320162816242788,0.220058262755695
832,"s(curr_lastRippleHPC_z):curr_DOWN_no",0.226487676780017,0.00179009744930036,0.388670532732856,0.299381526753185
833,"s(curr_lastRippleHPC_z):curr_DOWN_no",0.317595105992239,0.00294864112789358,0.675076616713785,0.616291095139649
834,"s(curr_lastRippleHPC_z):curr_DOWN_no",0.0405466917934367,0.000175682596934581,0.15911786851193,0.139481611901263
835,"s(curr_lastRippleHPC_z):curr_DOWN_no",0.240985309770198,0.00202340705472082,0.469183437511811,0.356768829178293
836,"s(curr_lastRippleHPC_z):curr_DOWN_no",0.00459478907251398,6.24921344345448e-05,0.0750745921973626,0.0221116419221256
837,"s(curr_lastRippleHPC_z):curr_DOWN_no",0.190302233374811,0.00161579531643119,0.399598817975226,0.406534613965852
838,"s(curr_lastRippleHPC_z):curr_DOWN_no",0.117550501844119,0.000939777558020173,0.401932029271153,0.272801279936146
839,"s(curr_lastRippleHPC_z):curr_DOWN_no",0.15851324566226,0.00126659783252353,0.397607354340591,0.331083818337532
840,"s(curr_lastRippleHPC_z):curr_DOWN_no",0.0885505301279226,0.000503667131333276,0.273852126154813,0.225877289882344
841,"s(curr_lastRippleHPC_z):curr_DOWN_no",0.235254276683658,0.00243842754796903,0.633636669060323,0.687240327395416
842,"s(curr_lastRippleHPC_z):curr_DOWN_no",0.0283181138011566,8.14232885507402e-05,0.140778707650749,0.0548883206947516
843,"s(curr_lastRippleHPC_z):curr_DOWN_no",0.0652374747515516,0.000339208429199257,0.195233314272209,0.196373970216604
844,"s(curr_lastRippleHPC_z):curr_DOWN_no",0.113124023635032,0.000727680697328109,0.348094987562722,0.436294083474187
845,"s(curr_lastRippleHPC_z):curr_DOWN_no",0.0097618888708384,0.000115871270518705,0.103454222473856,0.0304681369860439
846,"s(curr_lastRippleHPC_z):curr_DOWN_no",0.0540659942082087,0.000337281796014984,0.190340679088576,0.154338998400675
847,"s(curr_lastRippleHPC_z):curr_DOWN_no",0.106408163064189,0.000754447825673914,0.339221489123917,0.298045480472781
848,"s(curr_lastRippleHPC_z):curr_DOWN_no",0.00695859693717615,4.21764926786614e-05,0.0702976312800365,0.0207672809103458
849,"s(curr_lastRippleHPC_z):curr_DOWN_no",0.00289591096918507,3.05134755022829e-05,0.0524593244908487,0.0154535668108288
850,"s(curr_lastRippleHPC_z):curr_DOWN_no",0.0695174524473829,0.00043108527096549,0.224213866441727,0.162161857985057
851,"s(curr_lastRippleHPC_z):curr_DOWN_no",0.119767388792998,0.000849080529931253,0.391958278389679,0.461258837584172
852,"s(curr_lastRippleHPC_z):curr_DOWN_no",0.110129494883701,0.000912189056328208,0.518292698725597,0.371108188819812
853,"s(curr_lastRippleHPC_z):curr_DOWN_no",0.212874490360879,0.00122895988043904,0.598519229854141,0.448982373507427
854,"s(curr_lastRippleHPC_z):curr_DOWN_no",0.176565459906971,0.00111532955283593,0.484939927125039,0.567819451117506
855,"s(curr_lastRippleHPC_z):curr_DOWN_no",0.179646946428408,0.00181305309363005,0.546887463323997,1.04861581931812
856,"s(curr_lastRippleHPC_z):curr_DOWN_no",0.0929899818642443,0.000533928376819333,0.329497128440509,0.227480234133965
857,"s(curr_lastRippleHPC_z):curr_DOWN_no",0.168099373876047,0.00132784213834085,0.5105233322748,0.703622382714617
858,"s(curr_lastRippleHPC_z):curr_DOWN_no",0.0963518433101198,0.000682238553998739,0.256663077777202,0.295033348549311
859,"s(curr_lastRippleHPC_z):curr_DOWN_no",0.0564922068159168,0.00020783311304344,0.192004254756995,0.114233605629192
860,"s(curr_lastRippleHPC_z):curr_DOWN_no",0.153457377320729,0.00117524848623447,0.446836240340846,0.62211167891683
861,"s(curr_lastRippleHPC_z):curr_DOWN_no",0.0312792253007341,0.000355702662146837,0.172806558053349,0.0509792305922498
862,"s(curr_lastRippleHPC_z):curr_DOWN_no",0.126102807037119,0.00100805899582842,0.562388018071756,0.195778117512246
863,"s(curr_lastRippleHPC_z):curr_DOWN_no",0.0249764167053437,6.39797866466594e-05,0.0961420523170756,0.0563180595420778
864,"s(curr_lastRippleHPC_z):curr_DOWN_no",0.0741109543626015,0.000301219892560174,0.294574798160237,0.213554536387611
865,"s(curr_lastRippleHPC_z):curr_DOWN_no",0.00119871388452175,1.11515203662249e-05,0.0312421832306282,0.00920410297663112
866,"s(curr_lastRippleHPC_z):curr_DOWN_no",0.00864216437023835,9.69361196747585e-05,0.0908589912782334,0.0267599521768838
867,"s(curr_lastRippleHPC_z):curr_DOWN_no",0.0695175425094483,0.000222424317006492,0.235024395309096,0.0747574967803361
868,"s(curr_lastRippleHPC_z):curr_DOWN_no",0.0456360707233374,0.000142921354997439,0.153413315147059,0.119497328469211
869,"s(curr_lastRippleHPC_z):curr_DOWN_no",0.00659618883361635,7.85888376822557e-05,0.0811701639007025,0.0239130034270063
870,"s(curr_lastRippleHPC_z):curr_DOWN_no",0.00138941228203482,1.15147001493873e-05,0.031320299404443,0.00923582391525413
871,"s(curr_lastRippleHPC_z):curr_DOWN_no",0.211271427395481,0.00173118540783605,0.52088780448133,0.6246659581605
872,"s(curr_lastRippleHPC_z):curr_DOWN_no",0.246463895151199,0.00217962452987655,0.758322031017697,0.769216136078889
873,"s(curr_lastRippleHPC_z):curr_DOWN_no",0.182458464491743,0.00130618150328786,0.697938064066895,0.574626436963206
874,"s(curr_lastRippleHPC_z):curr_DOWN_no",0.0345833950551961,0.000121284173630145,0.152789789494241,0.1114244826089
875,"s(curr_lastRippleHPC_z):curr_DOWN_no",0.00330049172889524,1.14100379106203e-05,0.0136185250413679,0.0116098745235033
876,"s(curr_lastRippleHPC_z):curr_DOWN_no",0.131401141315481,0.00106955800762976,0.338118811077672,0.333902406992324
877,"s(curr_lastRippleHPC_z):curr_DOWN_no",0.149060307826707,0.00122927844640927,0.540790523052869,0.402836323711509
878,"s(curr_lastRippleHPC_z):curr_DOWN_no",0.542571931357148,0.00491182198681179,1.15005918017289,1.39075285617254
879,"s(curr_lastRippleHPC_z):curr_DOWN_no",0.37183948744598,0.00317190639789933,0.880235648333077,1.18811782183044
880,"s(curr_lastRippleHPC_z):curr_DOWN_no",0.000344078556951288,2.24024710809768e-06,0.0145648906194975,0.00429048479746325
881,"s(curr_lastRippleHPC_z):curr_DOWN_no",0.00401785381886643,4.356094225057e-05,0.0599439650882501,0.0176612540422178
882,"s(curr_lastRippleHPC_z):curr_DOWN_no",0.014274363296197,2.74362293458214e-05,0.0356574974496158,0.0336775411132969
883,"s(curr_lastRippleHPC_z):curr_DOWN_no",0.0541436971958369,0.000316187210501417,0.174872108340808,0.142041586080859
884,"s(curr_lastRippleHPC_z):curr_DOWN_no",0.113884820544813,0.00040454463992583,0.427068430539784,0.284122214853316
885,"s(curr_lastRippleHPC_z):curr_DOWN_no",0.195047138538864,0.00157035804099433,0.635901400480069,0.858838495400581
886,"s(curr_lastRippleHPC_z):curr_DOWN_no",0.00666813644759312,9.42292023231388e-05,0.0900210461530104,0.0265167495470094
887,"s(curr_lastRippleHPC_z):curr_DOWN_no",0.0293451154924833,0.000324988329513912,0.168240493558262,0.0495483383807235
888,"s(curr_lastRippleHPC_z):curr_DOWN_no",0.0283147304755884,0.000115290298814111,0.108734950932148,0.0812951936600624
889,"s(curr_lastRippleHPC_z):curr_DOWN_no",0.177102591857414,0.00157868561782943,0.467934033935586,0.372124207208418
890,"s(curr_lastRippleHPC_z):curr_DOWN_no",0.00560668868650893,5.42684164781313e-05,0.0692170301714714,0.0203934350309524
891,"s(curr_lastRippleHPC_z):curr_DOWN_no",1.66540884043442e-05,0.000424389235699051,0.0027584609612411,0.721447277589996
892,"s(curr_lastRippleHPC_z):curr_DOWN_no",0.01969201234831,5.91423883161972e-05,0.0881863854895059,0.0545027445466715
893,"s(curr_lastRippleHPC_z):curr_DOWN_no",0.291846329329402,0.00262967892990362,0.539198455074052,0.590662446279745
894,"s(curr_lastRippleHPC_z):curr_DOWN_no",0.125548488871368,0.00122947213290328,0.436603974898831,0.279410739818364
895,"s(curr_lastRippleHPC_z):curr_DOWN_no",0.000110083328755728,0.000131227877150758,0.0256565684329654,0.222086610651027
896,"s(curr_lastRippleHPC_z):curr_DOWN_no",0.00439988810984904,1.897755685989e-05,0.0194977382908283,0.0150212642056119
897,"s(curr_lastRippleHPC_z):curr_DOWN_no",0.0505577845998255,0.000269475549527131,0.20991194882866,0.183138809947877
898,"s(curr_lastRippleHPC_z):curr_DOWN_no",0.287620543679854,0.00241162325402624,0.826768868976186,1.06128506158092
899,"s(curr_lastRippleHPC_z):curr_DOWN_no",0.0523299821168903,0.000280712214790947,0.168070682961487,0.176259486615197
900,"s(curr_lastRippleHPC_z):curr_DOWN_no",0.0132356003839122,3.25316298121839e-05,0.0475354447862776,0.0387971082851442
901,"s(curr_lastRippleHPC_z):curr_DOWN_no",0.0362627366239083,0.000223467071486544,0.136421741209988,0.0904662669808116
902,"s(curr_lastRippleHPC_z):curr_DOWN_no",0.081899164155538,0.000592358943046951,0.324506256304484,0.33014575651352
903,"s(curr_lastRippleHPC_z):curr_DOWN_no",0.0590762488566128,0.000268534681415194,0.180028067696325,0.144090690461365
904,"s(curr_lastRippleHPC_z):curr_DOWN_no",0.0757346702169404,0.000417289103826466,0.309187817491352,0.179492913545871
905,"s(curr_lastRippleHPC_z):curr_DOWN_no",0.028760933538635,0.000119873467860248,0.1239503951339,0.0833473307158078
906,"s(curr_lastRippleHPC_z):curr_DOWN_no",0.0665368169602552,0.000233814836187957,0.221087155682413,0.156752729743285
907,"s(curr_lastRippleHPC_z):curr_DOWN_no",0.0611529976576515,0.000273207714455946,0.230421159891667,0.168127395285657
908,"s(curr_lastRippleHPC_z):curr_DOWN_no",0.111528834966022,0.00084979321272287,0.438514831150821,0.287047023340899
909,"s(curr_lastRippleHPC_z):curr_DOWN_no",0.0277059534706092,0.000290791688986503,0.15303668193516,0.0450727775723252
910,"s(curr_lastRippleHPC_z):curr_DOWN_no",0.149654339345484,0.00120283506208817,0.403688763355622,0.478552745814827
911,"s(curr_lastRippleHPC_z):curr_DOWN_no",0.108369519337364,0.000627696272103116,0.409445095258444,0.429490008152879
912,"s(curr_lastRippleHPC_z):curr_DOWN_no",0.0208977142079165,8.84035076192922e-05,0.122149702840037,0.038859227834624
913,"s(curr_lastRippleHPC_z):curr_DOWN_no",0.0182970270499956,8.52932102643608e-05,0.0745588975263742,0.0372205425915485
914,"s(curr_lastRippleHPC_z):curr_DOWN_no",0.143997751441059,0.000987487618356456,0.379781648912962,0.283353189618835
915,"s(curr_lastRippleHPC_z):curr_DOWN_no",0.00658436852395017,1.28177472059868e-05,0.0255169776136588,0.0201530414464791
916,"s(curr_lastRippleHPC_z):curr_DOWN_no",0.236044322255971,0.00177752393687784,0.672388322821342,0.706015341510817
917,"s(curr_lastRippleHPC_z):curr_DOWN_no",0.07570243773214,0.000392796008883965,0.210008956762525,0.184433897363241
918,"s(curr_lastRippleHPC_z):curr_DOWN_no",0.216030244790576,0.00174640040160582,0.687268999591595,0.569345914833673
919,"s(curr_lastRippleHPC_z):curr_DOWN_no",0.0221616434549343,0.000219881156677991,0.134462335703954,0.0396098618551177
920,"s(curr_lastRippleHPC_z):curr_DOWN_no",0.212924598923856,0.00200306759755376,0.708553714819213,0.553621831639493
921,"s(curr_lastRippleHPC_z):curr_DOWN_no",0.251131083866778,0.00235506610211208,0.661328052886691,0.493067064020591
922,"s(curr_lastRippleHPC_z):curr_DOWN_no",0.0302584261561147,0.000140058382537498,0.125708634240425,0.0951274947229093
923,"s(curr_lastRippleHPC_z):curr_DOWN_no",0.11837353959071,0.000800325442503297,0.528516837235077,0.473279890274883
924,"s(curr_lastRippleHPC_z):curr_DOWN_no",0.000123950794747252,2.11391794829253e-07,0.00419024620950568,0.00123666733000989
925,"s(curr_lastRippleHPC_z):curr_DOWN_no",0.0937378297515519,0.000872131119901857,0.431185685719769,0.554570235089325
926,"s(curr_lastRippleHPC_z):curr_DOWN_no",0.000693180167529839,3.58630387310886e-06,0.0178274042934152,0.00525037843509311
927,"s(curr_lastRippleHPC_z):curr_DOWN_no",0.0429653456842081,0.00022329659152784,0.153519859470119,0.105563096355401
928,"s(curr_lastRippleHPC_z):curr_DOWN_no",0.102351462557279,0.00075479592553104,0.290886055293614,0.192414319375841
929,"s(curr_lastRippleHPC_z):curr_DOWN_no",0.114791808231415,0.00054731423162193,0.478449751455357,0.406595677652147
930,"s(curr_lastRippleHPC_z):curr_DOWN_no",0.0314139036907513,6.60391230648411e-05,0.141715021130459,0.0854972106614189
931,"s(curr_lastRippleHPC_z):curr_DOWN_no",0.0333333211551965,0.000127816888359311,0.119634404799054,0.073925488982255
932,"s(curr_lastRippleHPC_z):curr_DOWN_no",0.0251004954661864,6.87619034210328e-05,0.112739439467682,0.0562442799823481
933,"s(curr_lastRippleHPC_z):curr_DOWN_no",0.0987260329313919,0.000514835001916959,0.291015248831675,0.201097183490805
934,"s(curr_lastRippleHPC_z):curr_DOWN_no",0.0105593052709629,0.000130708392518176,0.10761940224612,0.0316983918868893
935,"s(curr_lastRippleHPC_z):curr_DOWN_no",0.23846734323501,0.00227679180355768,0.542891695675505,0.461178382446846
936,"s(curr_lastRippleHPC_z):curr_DOWN_no",0.00545924248242446,4.22746941755918e-05,0.0591475876032223,0.0174202242567842
937,"s(curr_lastRippleHPC_z):curr_DOWN_no",0.130864270376549,0.00104405203378167,0.407848783741162,0.294858760438671
938,"s(curr_lastRippleHPC_z):curr_DOWN_no",0.14721453890328,0.000705913003755252,0.579269886465347,0.315033740536681
939,"s(curr_lastRippleHPC_z):curr_DOWN_no",0.208930527067934,0.00173663543691973,1.05679698753355,0.991683214273377
940,"s(curr_lastRippleHPC_z):curr_DOWN_no",-4.40238127588088e-05,1.05597987629734e-07,0.00302047208650638,0.000891479413174686
941,"s(curr_lastRippleHPC_z):curr_DOWN_no",0.0002578356678411,6.92364401986975e-06,0.0239156278793056,0.00705229492897353
942,"s(curr_lastRippleHPC_z):curr_DOWN_no",0.168938264410738,0.00123887724512878,0.629467702419466,0.538436335880976
943,"s(curr_lastRippleHPC_z):curr_DOWN_no",0.00517668050211295,5.78732070031963e-05,0.0714172631137641,0.0210322916434412
944,"s(curr_lastRippleHPC_z):curr_DOWN_no",0.0617600568419547,0.000371142990089316,0.169969225992089,0.144303979755462
945,"s(curr_lastRippleHPC_z):curr_DOWN_no",0.186168829714912,0.00146056715882943,0.602170119092366,0.706421070903138
946,"s(curr_lastRippleHPC_z):curr_DOWN_no",0.230648991374601,0.00187892454545733,0.615095943688752,0.539947840476052
947,"s(curr_lastRippleHPC_z):curr_DOWN_no",0.101667101945019,0.000680881908692562,0.2851279737907,0.319891248463375
948,"s(curr_lastRippleHPC_z):curr_DOWN_no",0.0855776612398147,0.000571438118584092,0.208303662524407,0.169434034501935
949,"s(curr_lastRippleHPC_z):curr_DOWN_no",0.0885307624425389,0.00096947535158634,0.279689836418729,0.0823868865318702
950,"s(curr_lastRippleHPC_z):curr_DOWN_no",0.214852294739265,0.00168184953026995,0.43347706789405,0.37931107534435
951,"s(curr_lastRippleHPC_z):curr_DOWN_no",0.0632937368607882,0.000351864260629683,0.191412149822289,0.200078003492705
952,"s(curr_lastRippleHPC_z):curr_DOWN_no",0.211072529150371,0.00181445330809194,0.494704025178502,0.304139544454993
953,"s(curr_lastRippleHPC_z):curr_DOWN_no",0.264741459420672,0.00221797380538655,0.704753995114524,0.893139708420155
954,"s(curr_lastRippleHPC_z):curr_DOWN_no",0.074458213043366,0.000350481297633809,0.249362985445694,0.237482902836338
955,"s(curr_lastRippleHPC_z):curr_DOWN_no",0.308327165177626,0.00269944296246928,0.67231212532384,0.972954418981143
956,"s(curr_lastRippleHPC_z):curr_DOWN_no",0.0122541571778836,0.000130320240400178,0.106619998730091,0.031408915379123
957,"s(curr_lastRippleHPC_z):curr_DOWN_no",0.14357678353357,0.000875582366391237,0.481520279389451,0.36669024370821
958,"s(curr_lastRippleHPC_z):curr_DOWN_no",0.201964521672053,0.00168241916614852,0.601941727897745,0.893928095504974
959,"s(curr_lastRippleHPC_z):curr_DOWN_no",0.0292700786130577,0.000149854120395595,0.118266943559222,0.0891580677491351
960,"s(curr_lastRippleHPC_z):curr_DOWN_no",0.177041138319126,0.00141963726149407,0.470304084560128,0.272376243285916
961,"s(curr_lastRippleHPC_z):curr_DOWN_no",0.0413232748278238,0.000177047344016324,0.132251270560713,0.0754698647985221
962,"s(curr_lastRippleHPC_z):curr_DOWN_no",0.0951490905938694,0.000696389694731287,0.362789652634931,0.368299036862907
963,"s(curr_lastRippleHPC_z):curr_DOWN_no",0.107316564206457,0.000676638531397346,0.33556734551891,0.289939386831407
964,"s(curr_lastRippleHPC_z):curr_DOWN_no",0.00207694320488638,2.42573485494117e-05,0.0460752720030923,0.013570120194889
965,"s(curr_lastRippleHPC_z):curr_DOWN_no",0.0539265209397941,0.000259196928645722,0.219220516758404,0.0767039637568436
966,"s(curr_lastRippleHPC_z):curr_DOWN_no",0.0276330306554033,7.43228142561667e-05,0.0881196888565859,0.0827009414605876
967,"s(curr_lastRippleHPC_z):curr_DOWN_no",0.144546834999022,0.000483126617021074,0.210317048971389,0.187960795332067
968,"s(curr_lastRippleHPC_z):curr_DOWN_no",0.0102417355939819,8.21200107716558e-05,0.0831404610197226,0.0244914221776895
969,"s(curr_lastRippleHPC_z):curr_DOWN_no",0.0690019268055284,0.000769668001095391,0.264994177694023,0.0781163944015502
970,"s(curr_lastRippleHPC_z):curr_DOWN_no",0.193402518291864,0.00174789403778597,0.430091635436775,0.290480394874878
971,"s(curr_lastRippleHPC_z):curr_DOWN_no",0.173831046514266,0.00140635753610518,0.597613672350539,0.760389667778153
972,"s(curr_lastRippleHPC_z):curr_DOWN_no",0.00230167691936156,2.36437700764218e-05,0.0446933357312062,0.0131703414377854
973,"s(curr_lastRippleHPC_z):curr_DOWN_no",0.0593591881692106,0.000247094535301502,0.24311773597662,0.136661698007475
974,"s(curr_lastRippleHPC_z):curr_DOWN_no",0.0159398591363722,0.000169465719525076,0.119035560478071,0.0350586822960334
975,"s(curr_lastRippleHPC_z):curr_DOWN_no",0.00591944867699823,8.16392904030973e-05,0.0831509804138894,0.0244952895712398
976,"s(curr_lastRippleHPC_z):curr_DOWN_no",0.306689151700206,0.00156503605346061,0.819042584470325,0.4937370089592
977,"s(curr_lastRippleHPC_z):curr_DOWN_no",0.160623608202152,0.000904854348427422,0.516086235844682,0.479855988174037
978,"s(curr_lastRippleHPC_z):curr_DOWN_no",0.0112482160008129,0.000140040410092748,0.10943180901031,0.0322305812621204
979,"s(curr_lastRippleHPC_z):curr_DOWN_no",0.146302130370331,0.00124419877427216,0.319533991152691,0.489567773776967
980,"s(curr_lastRippleHPC_z):curr_DOWN_no",0.0519623596485443,0.00029663855750633,0.195953100230996,0.18509115365687
981,"s(curr_lastRippleHPC_z):curr_DOWN_no",0.0850009081172649,0.000452526231469929,0.271729878129381,0.178608890042771
982,"s(curr_lastRippleHPC_z):curr_DOWN_no",0.0366255772538642,0.00012921752614252,0.150567559025331,0.118755033373116
983,"s(curr_lastRippleHPC_z):curr_DOWN_no",0.0369092249466672,9.90979953367637e-05,0.112567280093636,0.0953304696804545
984,"s(curr_lastRippleHPC_z):curr_DOWN_no",0.0608389353847212,0.000293149537107868,0.321145324259203,0.145222563845424
985,"s(curr_lastRippleHPC_z):curr_DOWN_no",0.00849045905794377,9.87728394199081e-06,0.0703076771098796,0.0252083146977411
986,"s(curr_lastRippleHPC_z):curr_DOWN_no",0.00705545245418104,7.18789048375815e-05,0.0806334218224392,0.0237537153825649
987,"s(curr_lastRippleHPC_z):curr_DOWN_no",0.123530785599579,0.000775368489347079,0.46896582952561,0.485041661552431
988,"s(curr_lastRippleHPC_z):curr_DOWN_no",0.201186293627005,0.00157033866436832,0.515258620404299,0.665609670470371
989,"s(curr_lastRippleHPC_z):curr_DOWN_no",0.210425088506291,0.00193320990331721,0.595672065802776,0.33441592807934
990,"s(curr_lastRippleHPC_z):curr_DOWN_no",0.0226883574541956,0.000226801898247235,0.141284223973389,0.0416107954583149
991,"s(curr_lastRippleHPC_z):curr_DOWN_no",0.112914110186208,0.000827639875541848,0.336290470095553,0.286152431497675
992,"s(curr_lastRippleHPC_z):curr_DOWN_no",0.0148730350130712,3.51438278484243e-05,0.063179242795215,0.0443177016739506
993,"s(curr_lastRippleHPC_z):curr_DOWN_no",0.141094430210026,0.00111871889619398,0.385591561558356,0.509598993267127
994,"s(curr_lastRippleHPC_z):curr_DOWN_no",0.0149478387867923,3.76461987205892e-05,0.0628720884588083,0.0448674337343307
995,"s(curr_lastRippleHPC_z):curr_DOWN_no",0.231915427329924,0.00183840524730543,0.609007386324601,0.885264823228047
996,"s(curr_lastRippleHPC_z):curr_DOWN_no",0.0286888861630361,0.000329279066618607,0.171412019056117,0.0504958726513626
997,"s(curr_lastRippleHPC_z):curr_DOWN_no",0.0616739114282741,0.000323480515133119,0.23251091070676,0.159639772593272
998,"s(curr_lastRippleHPC_z):curr_DOWN_no",0.1027290870222,0.000661130116192197,0.322707646641244,0.326834053956262
999,"s(curr_lastRippleHPC_z):curr_DOWN_no",0.0406988004432245,0.000162415792238498,0.124424826016029,0.0736271623306318
1000,"s(curr_lastRippleHPC_z):curr_DOWN_no",0.00107920694184749,1.36613265511818e-05,0.0349456035121139,0.0103032030954632
1,"s(curr_lastRippleHPC_z):curr_DOWN_yes",0.305258792019755,0.00140318738384169,0.692908374730053,0.206078366400289
2,"s(curr_lastRippleHPC_z):curr_DOWN_yes",0.199077533747379,0.00215887200201519,0.590427982164168,0.173923500043928
3,"s(curr_lastRippleHPC_z):curr_DOWN_yes",0.150208202217379,0.0017345926126,0.515470765023106,0.152014550796859
4,"s(curr_lastRippleHPC_z):curr_DOWN_yes",0.12206860532925,0.00132688940080048,0.459928624468853,0.140883918917804
5,"s(curr_lastRippleHPC_z):curr_DOWN_yes",0.181950393781613,0.00195229101704088,0.56249574039748,0.165668361874705
6,"s(curr_lastRippleHPC_z):curr_DOWN_yes",0.401028263669371,0.00362756993126836,1.00001015344053,0.6124682632645
7,"s(curr_lastRippleHPC_z):curr_DOWN_yes",0.138107492356489,0.0014746269432003,0.487053129082399,0.143456835074137
8,"s(curr_lastRippleHPC_z):curr_DOWN_yes",0.236924093721199,0.0024564064793483,0.617235884231351,0.181802665896014
9,"s(curr_lastRippleHPC_z):curr_DOWN_yes",0.331148018970283,0.00282818711578028,0.492262109007231,0.40983266148198
10,"s(curr_lastRippleHPC_z):curr_DOWN_yes",0.330128577304155,0.00306441643546004,0.799923492571225,0.618934823259247
11,"s(curr_lastRippleHPC_z):curr_DOWN_yes",0.142546703352557,0.00154620201558652,0.498735198218906,0.150899277991531
12,"s(curr_lastRippleHPC_z):curr_DOWN_yes",0.358587195742087,0.00296936427085924,0.53273360551482,0.382665143677355
13,"s(curr_lastRippleHPC_z):curr_DOWN_yes",0.365427938065665,0.00349993546881972,0.708951376139646,0.227495709248894
14,"s(curr_lastRippleHPC_z):curr_DOWN_yes",0.48208152646753,0.00393013422355252,0.52768826431734,0.302834353151347
15,"s(curr_lastRippleHPC_z):curr_DOWN_yes",0.196976275841934,0.00212372304021117,0.555559926442368,0.163995685917192
16,"s(curr_lastRippleHPC_z):curr_DOWN_yes",0.0509282344194917,0.000569841046981191,0.295449005892308,0.0870211841714772
17,"s(curr_lastRippleHPC_z):curr_DOWN_yes",0.185536793865793,0.00198455641655574,0.559067258680835,0.164816188352917
18,"s(curr_lastRippleHPC_z):curr_DOWN_yes",0.236233443251241,0.00190894372600939,0.359991312657492,0.258814601130409
19,"s(curr_lastRippleHPC_z):curr_DOWN_yes",0.0594869662177082,0.000739233656403439,0.316141677905681,0.281979355383427
20,"s(curr_lastRippleHPC_z):curr_DOWN_yes",0.24741959660469,0.00187873463373904,0.582977120931824,0.194717779249842
21,"s(curr_lastRippleHPC_z):curr_DOWN_yes",0.637378592111124,0.0056699517175788,0.551354616601369,0.198460679131665
22,"s(curr_lastRippleHPC_z):curr_DOWN_yes",0.0485591284747731,0.000477969238862938,0.272061240769062,0.0801294568094309
23,"s(curr_lastRippleHPC_z):curr_DOWN_yes",0.113429803544803,0.00131215407122855,0.438106638627409,0.253902774969457
24,"s(curr_lastRippleHPC_z):curr_DOWN_yes",0.266651586630775,0.00284772256224933,0.657797029188036,0.193855390912776
25,"s(curr_lastRippleHPC_z):curr_DOWN_yes",0.299974262092016,0.00331350060051247,0.767948678086409,0.663657587185878
26,"s(curr_lastRippleHPC_z):curr_DOWN_yes",0.46737379033886,0.00371803367906443,0.757148085422851,0.244074791927618
27,"s(curr_lastRippleHPC_z):curr_DOWN_yes",0.193740680229514,0.00173895629720431,0.381352089861194,0.470139248863564
28,"s(curr_lastRippleHPC_z):curr_DOWN_yes",0.347301954039035,0.00305392821821267,0.36769762626317,0.147273541582615
29,"s(curr_lastRippleHPC_z):curr_DOWN_yes",0.440632621182647,0.00440014710266684,0.762277564455562,0.28348646353102
30,"s(curr_lastRippleHPC_z):curr_DOWN_yes",0.220281987231703,0.00241465236001164,0.629015437808793,0.185253624937239
31,"s(curr_lastRippleHPC_z):curr_DOWN_yes",0.194752602112927,0.00222341219056555,0.56985398803143,0.538908911809132
32,"s(curr_lastRippleHPC_z):curr_DOWN_yes",0.217326820498527,0.00222126646258498,0.578565420883353,0.17040451568744
33,"s(curr_lastRippleHPC_z):curr_DOWN_yes",0.242343508667878,0.00268881966991543,0.656209200102696,0.205100186868577
34,"s(curr_lastRippleHPC_z):curr_DOWN_yes",0.196497794895839,0.00146811655306928,0.334665734400275,0.157344533484925
35,"s(curr_lastRippleHPC_z):curr_DOWN_yes",0.307480947580784,0.00249187389790814,0.575715491909638,0.217937181181736
36,"s(curr_lastRippleHPC_z):curr_DOWN_yes",0.324580109104933,0.00346132552578245,0.729505987635584,0.214917022592084
37,"s(curr_lastRippleHPC_z):curr_DOWN_yes",0.0511433919466588,0.000638121848023389,0.314172660668144,0.0925864220904833
38,"s(curr_lastRippleHPC_z):curr_DOWN_yes",0.623214524620241,0.00558888862578885,0.504603031769873,0.212146970986061
39,"s(curr_lastRippleHPC_z):curr_DOWN_yes",0.132420057441992,0.000852510229435608,0.444200230442934,0.155357548063719
40,"s(curr_lastRippleHPC_z):curr_DOWN_yes",0.226519546568126,0.00293268296896629,0.954410288861835,1.17297094369281
41,"s(curr_lastRippleHPC_z):curr_DOWN_yes",0.274673287210619,0.00259745328661362,0.543271693858238,0.235717571816231
42,"s(curr_lastRippleHPC_z):curr_DOWN_yes",0.0511998660935093,8.46640626986162e-05,0.283962494114623,0.084142440220072
43,"s(curr_lastRippleHPC_z):curr_DOWN_yes",0.300064213302439,0.00318030691247358,0.701464878192703,0.206677465068294
44,"s(curr_lastRippleHPC_z):curr_DOWN_yes",0.157892966944547,0.00163995193494351,0.512507640545321,0.15094163861678
45,"s(curr_lastRippleHPC_z):curr_DOWN_yes",0.184529947004359,0.0017616316976624,0.545057184784044,0.209530611485801
46,"s(curr_lastRippleHPC_z):curr_DOWN_yes",0.145163325247842,0.00160405765677406,0.519212362530413,0.152919048073814
47,"s(curr_lastRippleHPC_z):curr_DOWN_yes",0.133931557105594,0.00145370112311406,0.473197155131167,0.139501734738805
48,"s(curr_lastRippleHPC_z):curr_DOWN_yes",0.160744313341305,0.00117951015104428,0.450535564299628,0.143960336211148
49,"s(curr_lastRippleHPC_z):curr_DOWN_yes",0.374843409903034,0.00273914695545378,0.311386424832522,0.195757639892306
50,"s(curr_lastRippleHPC_z):curr_DOWN_yes",0.248233581237169,0.00216998193525229,0.298646224529117,0.707184494906022
51,"s(curr_lastRippleHPC_z):curr_DOWN_yes",0.190436466280038,0.00195975673517049,0.53247261770972,0.156910103404419
52,"s(curr_lastRippleHPC_z):curr_DOWN_yes",0.151366704724271,0.00194947305016245,0.517587356029941,0.456928282422133
53,"s(curr_lastRippleHPC_z):curr_DOWN_yes",0.220572818916986,0.00214696730930556,0.582517652549837,0.884609589819751
54,"s(curr_lastRippleHPC_z):curr_DOWN_yes",0.0500257936049797,0.000812693305091103,0.147393728621292,1.04904834736336
55,"s(curr_lastRippleHPC_z):curr_DOWN_yes",0.089843392342086,0.000732150708328927,0.329689349410694,0.17140680232662
56,"s(curr_lastRippleHPC_z):curr_DOWN_yes",0.238474428686853,0.00206609114416284,0.61835840783168,0.57429404924682
57,"s(curr_lastRippleHPC_z):curr_DOWN_yes",0.201113788661804,0.00212205245821589,0.570082076838801,0.167947630966734
58,"s(curr_lastRippleHPC_z):curr_DOWN_yes",0.101670021114212,0.000621473233260755,0.370023459945859,0.121740550340019
59,"s(curr_lastRippleHPC_z):curr_DOWN_yes",0.0718506529393794,0.000791361247084762,0.337793603214678,0.293589557135106
60,"s(curr_lastRippleHPC_z):curr_DOWN_yes",0.139588039842326,0.000658353233705143,0.311873366278758,0.148694903639335
61,"s(curr_lastRippleHPC_z):curr_DOWN_yes",0.204771722570742,0.00137042937600388,0.40004617735705,0.220606975899063
62,"s(curr_lastRippleHPC_z):curr_DOWN_yes",0.138339860566738,0.00118916073197389,0.406228207193231,0.276556363375481
63,"s(curr_lastRippleHPC_z):curr_DOWN_yes",0.0342182062368037,0.000331729206169605,0.225595564599952,0.0666159787307764
64,"s(curr_lastRippleHPC_z):curr_DOWN_yes",0.27505157486464,0.00177849530575709,0.462367672697119,0.175827392323495
65,"s(curr_lastRippleHPC_z):curr_DOWN_yes",0.246829706299719,0.00154286076415292,0.458940766712591,0.228218991623578
66,"s(curr_lastRippleHPC_z):curr_DOWN_yes",0.152840179267896,0.00178753535019932,0.478724074051985,0.455834149683557
67,"s(curr_lastRippleHPC_z):curr_DOWN_yes",0.323401981913176,0.00280669352408578,0.27927700796454,0.255907180742796
68,"s(curr_lastRippleHPC_z):curr_DOWN_yes",0.404375393293387,0.00377116360896001,0.732792886572522,0.255972591449893
69,"s(curr_lastRippleHPC_z):curr_DOWN_yes",0.181993767706922,0.00190548236770515,0.548759751289598,0.161727385898127
70,"s(curr_lastRippleHPC_z):curr_DOWN_yes",0.231289642962254,0.00139259437659558,0.616621301526854,0.193441001899578
71,"s(curr_lastRippleHPC_z):curr_DOWN_yes",0.251862948493097,0.00140091601320427,0.628428809096987,0.185958899889143
72,"s(curr_lastRippleHPC_z):curr_DOWN_yes",0.162458553740223,0.000393972702851947,0.512370324385427,0.151703744453494
73,"s(curr_lastRippleHPC_z):curr_DOWN_yes",0.298178273514045,0.00417938722239055,0.78702956333217,0.23201020189537
74,"s(curr_lastRippleHPC_z):curr_DOWN_yes",0.423989308098641,0.00315462639821629,0.40532231762909,0.232285035068866
75,"s(curr_lastRippleHPC_z):curr_DOWN_yes",0.34425055340165,0.00264134048648292,0.352487154214419,0.182433309033823
76,"s(curr_lastRippleHPC_z):curr_DOWN_yes",0.264228532342142,0.00284687248599596,0.643227032907162,0.189556016543868
77,"s(curr_lastRippleHPC_z):curr_DOWN_yes",0.133201465322922,0.00169045446332416,0.472682941566335,0.407272805038775
78,"s(curr_lastRippleHPC_z):curr_DOWN_yes",0.175894380288906,0.00199583952927163,0.564625921790244,0.166290066193466
79,"s(curr_lastRippleHPC_z):curr_DOWN_yes",0.154000097727076,0.00272873854498901,0.497850647334435,1.14746153410937
80,"s(curr_lastRippleHPC_z):curr_DOWN_yes",0.26660873300522,0.00215832509882484,0.53755075228245,0.291191324190289
81,"s(curr_lastRippleHPC_z):curr_DOWN_yes",0.107085826762981,0.000428836853909515,0.286971256396129,0.175931438777487
82,"s(curr_lastRippleHPC_z):curr_DOWN_yes",0.188660268274655,0.001969035334587,0.556380564279367,0.163888925588203
83,"s(curr_lastRippleHPC_z):curr_DOWN_yes",0.174512596529441,0.00187383782752474,0.528875480397673,0.155888173564148
84,"s(curr_lastRippleHPC_z):curr_DOWN_yes",0.241349132230609,0.0014472056722104,0.241088938053234,0.159962431448009
85,"s(curr_lastRippleHPC_z):curr_DOWN_yes",0.66910711351545,0.00709360600916402,1.03774322588704,0.305651324552247
86,"s(curr_lastRippleHPC_z):curr_DOWN_yes",0.273604281729324,0.00239105471461148,0.755450048387619,0.369003616003977
87,"s(curr_lastRippleHPC_z):curr_DOWN_yes",0.179992440954696,0.00140053488198998,0.342793071557631,0.193254889668372
88,"s(curr_lastRippleHPC_z):curr_DOWN_yes",0.233162741928748,0.00241115573027663,0.611938598096199,0.180265045732474
89,"s(curr_lastRippleHPC_z):curr_DOWN_yes",0.171097234268312,0.0013490734795044,0.353903983043303,0.181263078356504
90,"s(curr_lastRippleHPC_z):curr_DOWN_yes",0.114869177926085,0.000419550342740087,0.364222195294215,0.149059025212742
91,"s(curr_lastRippleHPC_z):curr_DOWN_yes",0.14642429654088,0.00154206318640713,0.486092996274384,0.143165334534049
92,"s(curr_lastRippleHPC_z):curr_DOWN_yes",0.0937669543981681,0.000754663626890523,0.368213510864895,0.159406708879855
93,"s(curr_lastRippleHPC_z):curr_DOWN_yes",0.115114040150861,0.00122231761554798,0.424732725955815,0.283742979908457
94,"s(curr_lastRippleHPC_z):curr_DOWN_yes",0.115889386058539,0.000927421411537375,0.357937240781989,0.115141020914937
95,"s(curr_lastRippleHPC_z):curr_DOWN_yes",0.0446239528671084,0.000544581987011524,0.292896892789802,0.086266802457236
96,"s(curr_lastRippleHPC_z):curr_DOWN_yes",0.198284365431847,0.00113577857107034,0.371784801533404,0.245844973199244
97,"s(curr_lastRippleHPC_z):curr_DOWN_yes",0.109214702863142,0.00116727936729744,0.426191231246155,0.125563003066424
98,"s(curr_lastRippleHPC_z):curr_DOWN_yes",0.0541989379647818,0.000171767446678855,0.202976943570442,0.089025637688357
99,"s(curr_lastRippleHPC_z):curr_DOWN_yes",0.0990838042901272,0.00126559608351682,0.408655282954473,0.410055946219463
100,"s(curr_lastRippleHPC_z):curr_DOWN_yes",0.175496546716025,0.00139897835127834,0.366855543913227,0.495029877365456
101,"s(curr_lastRippleHPC_z):curr_DOWN_yes",0.107197412593747,0.000979740169800818,0.344376149962331,0.143486021110362
102,"s(curr_lastRippleHPC_z):curr_DOWN_yes",0.257711869741585,0.00269920738398513,0.386556807198835,1.04123848427092
103,"s(curr_lastRippleHPC_z):curr_DOWN_yes",0.204358852760914,0.00225432578773081,0.581543889688632,0.48967164506566
104,"s(curr_lastRippleHPC_z):curr_DOWN_yes",0.136029556952916,0.00147439755409962,0.463585285603971,0.136544330001813
105,"s(curr_lastRippleHPC_z):curr_DOWN_yes",0.324999498463644,0.0022859960275157,0.720368039298704,0.221342242405212
106,"s(curr_lastRippleHPC_z):curr_DOWN_yes",0.059012148860524,0.000658309423063533,0.319861421475616,0.0942263101567002
107,"s(curr_lastRippleHPC_z):curr_DOWN_yes",0.41778712927046,0.00398068644828558,1.43060222462298,1.15960548353636
108,"s(curr_lastRippleHPC_z):curr_DOWN_yes",0.331904426840476,0.00329543538782664,0.735207551188179,0.268620236011809
109,"s(curr_lastRippleHPC_z):curr_DOWN_yes",0.261024446581312,0.00214361824414273,0.634209376810332,0.266097994882787
110,"s(curr_lastRippleHPC_z):curr_DOWN_yes",0.228246140132077,0.00135223799909278,0.438710224730799,0.199299690272313
111,"s(curr_lastRippleHPC_z):curr_DOWN_yes",0.0286103974043979,0.000289004180814482,0.204935956735286,0.0603888975721536
112,"s(curr_lastRippleHPC_z):curr_DOWN_yes",0.109888281907707,0.00113048543239502,0.419352748030932,0.12350332373343
113,"s(curr_lastRippleHPC_z):curr_DOWN_yes",0.240004475059065,0.00159051212782134,0.440130443455283,0.434158653571133
114,"s(curr_lastRippleHPC_z):curr_DOWN_yes",0.165144376000756,0.00132183055948426,0.585626594539947,0.177520272589223
115,"s(curr_lastRippleHPC_z):curr_DOWN_yes",0.307661377897104,0.000315016883224009,0.686846010225911,0.202780210291207
116,"s(curr_lastRippleHPC_z):curr_DOWN_yes",0.111525978356681,0.00119056584194238,0.426676083474133,0.187430235286383
117,"s(curr_lastRippleHPC_z):curr_DOWN_yes",0.0937513122190428,0.00098667298228754,0.398910236307748,0.117482863001455
118,"s(curr_lastRippleHPC_z):curr_DOWN_yes",0.146800192168696,0.00156450139902493,0.500748716182198,0.147474605529546
119,"s(curr_lastRippleHPC_z):curr_DOWN_yes",0.117191581266586,0.000720772712822118,0.309772392897136,0.156605702839338
120,"s(curr_lastRippleHPC_z):curr_DOWN_yes",0.234509198533557,0.00242700150443351,0.441012079090598,1.41625693627914
121,"s(curr_lastRippleHPC_z):curr_DOWN_yes",0.221361899153952,0.00234351979322803,0.507714107663653,0.719822138233576
122,"s(curr_lastRippleHPC_z):curr_DOWN_yes",0.367728341541233,0.00398919998025209,0.796565194973744,0.234597810994374
123,"s(curr_lastRippleHPC_z):curr_DOWN_yes",0.131155503161749,0.00073086983559519,0.439002325690748,0.149705112472431
124,"s(curr_lastRippleHPC_z):curr_DOWN_yes",0.366775725519516,0.00387394051216436,0.545165988445834,1.0073585618135
125,"s(curr_lastRippleHPC_z):curr_DOWN_yes",0.210887703281481,0.00180931203652216,0.39257434747363,0.181328958451016
126,"s(curr_lastRippleHPC_z):curr_DOWN_yes",0.374384164477097,0.00401373207641405,0.775180900798582,0.233067013215326
127,"s(curr_lastRippleHPC_z):curr_DOWN_yes",0.250982686525341,0.00269575190375208,0.656017667236201,0.193297741120258
128,"s(curr_lastRippleHPC_z):curr_DOWN_yes",0.414342211969424,0.00349390000743977,0.696520386896185,0.297017623485023
129,"s(curr_lastRippleHPC_z):curr_DOWN_yes",0.102584428521276,0.00111457979063667,0.400895939996017,0.11815372718704
130,"s(curr_lastRippleHPC_z):curr_DOWN_yes",0.244925899600054,0.00339746290972786,0.653170035522198,0.441235244789571
131,"s(curr_lastRippleHPC_z):curr_DOWN_yes",0.123420779167734,0.000877141151084077,0.412059253936669,0.132897630259581
132,"s(curr_lastRippleHPC_z):curr_DOWN_yes",0.211744133283828,0.00223991334331724,0.584823343915408,0.172236166189191
133,"s(curr_lastRippleHPC_z):curr_DOWN_yes",0.524209711994007,0.00390026730051252,0.549165411329966,0.225169480407276
134,"s(curr_lastRippleHPC_z):curr_DOWN_yes",0.0600797502723349,0.000427541270419491,0.397296753728352,0.121990673786237
135,"s(curr_lastRippleHPC_z):curr_DOWN_yes",0.320143212423719,0.00226850213148525,0.728526005311199,0.237618009160033
136,"s(curr_lastRippleHPC_z):curr_DOWN_yes",0.217417978695807,0.00190750199414323,0.568269250292075,0.170088601783206
137,"s(curr_lastRippleHPC_z):curr_DOWN_yes",0.271998174436479,0.00218709641543813,0.571977594440098,0.187007854165725
138,"s(curr_lastRippleHPC_z):curr_DOWN_yes",0.1457882657276,0.00135752570139014,0.433233931610463,0.15532895297967
139,"s(curr_lastRippleHPC_z):curr_DOWN_yes",0.23431407179443,0.0025953033037454,0.946833002137004,0.97053358183412
140,"s(curr_lastRippleHPC_z):curr_DOWN_yes",0.163750740309571,0.00085222234412283,0.644252829375535,0.245868365613746
141,"s(curr_lastRippleHPC_z):curr_DOWN_yes",0.460117816587939,0.00472136312538594,0.905186305410117,0.266659202838502
142,"s(curr_lastRippleHPC_z):curr_DOWN_yes",0.0944533067287434,0.000982677319484926,0.383954802184394,0.113355232955957
143,"s(curr_lastRippleHPC_z):curr_DOWN_yes",0.36499358499262,0.0041409532216023,0.80754406207326,0.237997433154892
144,"s(curr_lastRippleHPC_z):curr_DOWN_yes",0.298137510673617,0.00277939510636612,0.363761581047173,0.59110395475893
145,"s(curr_lastRippleHPC_z):curr_DOWN_yes",0.236116648390272,0.00257522096001462,0.644854942459252,0.190232679220733
146,"s(curr_lastRippleHPC_z):curr_DOWN_yes",0.190800421295271,0.00230529586802698,0.460062426515672,1.38819650626359
147,"s(curr_lastRippleHPC_z):curr_DOWN_yes",0.166163533359384,0.00178104423760587,0.532674814057923,0.156989074141818
148,"s(curr_lastRippleHPC_z):curr_DOWN_yes",0.130012396738198,0.00136932612489377,0.472151527157583,0.139087163261892
149,"s(curr_lastRippleHPC_z):curr_DOWN_yes",0.160360756605535,0.00172778591116756,0.519617489386286,0.153065953418562
150,"s(curr_lastRippleHPC_z):curr_DOWN_yes",0.291131403982734,0.00188561263978039,0.520216740135503,0.215516434949855
151,"s(curr_lastRippleHPC_z):curr_DOWN_yes",0.178787586018241,0.00189307415744738,0.531396234565091,0.156877614761719
152,"s(curr_lastRippleHPC_z):curr_DOWN_yes",0.169615140915034,0.0017687395375497,0.531592567986822,0.156589851624712
153,"s(curr_lastRippleHPC_z):curr_DOWN_yes",0.308939144386457,0.00203585307163492,0.667888793218979,0.204069112587021
154,"s(curr_lastRippleHPC_z):curr_DOWN_yes",0.0523083872441985,0.00059014212073038,0.292527084333202,0.0861905777189781
155,"s(curr_lastRippleHPC_z):curr_DOWN_yes",0.429581793443821,0.00377957516906464,0.547720332905569,0.228304208503033
156,"s(curr_lastRippleHPC_z):curr_DOWN_yes",0.0939384854631875,0.00104004822075034,0.409631086461657,0.275200953318723
157,"s(curr_lastRippleHPC_z):curr_DOWN_yes",0.0426580993287384,0.00043603214005148,0.254771629002883,0.0752383439861181
158,"s(curr_lastRippleHPC_z):curr_DOWN_yes",0.398322321763649,0.00398027963696888,0.523297466022579,1.38957430844608
159,"s(curr_lastRippleHPC_z):curr_DOWN_yes",0.12401457994065,0.000565225579194111,0.152231270613357,0.143451106690961
160,"s(curr_lastRippleHPC_z):curr_DOWN_yes",0.138307860405292,0.00147940312536942,0.481568606379307,0.14189081992415
161,"s(curr_lastRippleHPC_z):curr_DOWN_yes",0.314654117532521,0.00301386073091712,0.688468608855818,0.263528519211376
162,"s(curr_lastRippleHPC_z):curr_DOWN_yes",0.286724256961146,0.00201667304925481,0.410067254463568,0.175911811939191
163,"s(curr_lastRippleHPC_z):curr_DOWN_yes",0.351743890919454,0.00505863225489592,0.710634393988481,1.30152496972332
164,"s(curr_lastRippleHPC_z):curr_DOWN_yes",0.137096633053715,0.00147688054517904,0.484984861366979,0.142841667172042
165,"s(curr_lastRippleHPC_z):curr_DOWN_yes",0.229531506751012,0.000444390209398213,0.604721265045267,0.178415668057618
166,"s(curr_lastRippleHPC_z):curr_DOWN_yes",0.165132046705009,0.0014367870372803,0.428178003410217,0.204016693108771
167,"s(curr_lastRippleHPC_z):curr_DOWN_yes",0.0716308008605884,0.00078371544314407,0.352478324631635,0.103807484926233
168,"s(curr_lastRippleHPC_z):curr_DOWN_yes",0.182360197544224,0.00203134091002488,0.569644244855874,0.167862180385456
169,"s(curr_lastRippleHPC_z):curr_DOWN_yes",0.183312622371559,0.0016038266244683,0.492208131340821,0.183626627294942
170,"s(curr_lastRippleHPC_z):curr_DOWN_yes",0.112544871783225,0.000859283350068909,0.357593286116278,0.126747011559017
171,"s(curr_lastRippleHPC_z):curr_DOWN_yes",0.407186878568832,0.0032577915968788,0.317708826172463,0.31526250373785
172,"s(curr_lastRippleHPC_z):curr_DOWN_yes",0.209758090347486,0.00203844722108589,0.508892879629826,0.400595811578204
173,"s(curr_lastRippleHPC_z):curr_DOWN_yes",0.122232114457799,0.000581406921710261,0.21949597557759,0.147572978671913
174,"s(curr_lastRippleHPC_z):curr_DOWN_yes",0.142634128220744,0.00154656886764459,0.468498141929538,0.138188334900791
175,"s(curr_lastRippleHPC_z):curr_DOWN_yes",0.137303412939191,0.00145739163160116,0.476972487822081,0.14055545418882
176,"s(curr_lastRippleHPC_z):curr_DOWN_yes",0.190065390943086,0.000951064056355697,0.550681568942013,0.16466732856527
177,"s(curr_lastRippleHPC_z):curr_DOWN_yes",0.206280563502684,0.00177361982863285,0.403092721157619,0.23615981527634
178,"s(curr_lastRippleHPC_z):curr_DOWN_yes",0.0870821429279252,0.000930672272010832,0.382201587515669,0.112573393469415
179,"s(curr_lastRippleHPC_z):curr_DOWN_yes",0.184468258111703,0.00098294578471225,0.424514465230269,0.223400727897934
180,"s(curr_lastRippleHPC_z):curr_DOWN_yes",0.170087361657462,0.00121746782334318,0.506127716044592,0.160861670870026
181,"s(curr_lastRippleHPC_z):curr_DOWN_yes",0.215713580617983,0.0011501964191271,0.494864220708722,0.171286631647292
182,"s(curr_lastRippleHPC_z):curr_DOWN_yes",0.0437589773547931,0.000907299752191546,0.290106787168694,0.721524291065326
183,"s(curr_lastRippleHPC_z):curr_DOWN_yes",0.402315782301492,0.00359109077302276,0.618405877714638,0.790564965251981
184,"s(curr_lastRippleHPC_z):curr_DOWN_yes",0.306191253994453,0.00202876052548042,0.667173336548417,0.20041955878725
185,"s(curr_lastRippleHPC_z):curr_DOWN_yes",0.320944382164138,0.00343016618484415,0.718293095711943,0.211627560040926
186,"s(curr_lastRippleHPC_z):curr_DOWN_yes",0.204396998056176,0.00139860471793637,0.569072214033576,0.2891108344824
187,"s(curr_lastRippleHPC_z):curr_DOWN_yes",0.208989791430628,0.0016787791653818,0.525850767789518,0.394975131390257
188,"s(curr_lastRippleHPC_z):curr_DOWN_yes",0.147886638706658,0.000286935783083368,0.521511328428287,0.153374794768923
189,"s(curr_lastRippleHPC_z):curr_DOWN_yes",0.192565457545051,0.00200599525907071,0.544912210317033,0.160494505037841
190,"s(curr_lastRippleHPC_z):curr_DOWN_yes",0.40297898365785,0.00350383447356797,0.829214376749224,0.384274886929058
191,"s(curr_lastRippleHPC_z):curr_DOWN_yes",0.00842420437205682,0.000100467667709114,0.127027098970317,0.0374333372088963
192,"s(curr_lastRippleHPC_z):curr_DOWN_yes",0.500295713409268,0.00365642127021971,0.697187949330756,0.230821353193313
193,"s(curr_lastRippleHPC_z):curr_DOWN_yes",0.12348141129442,0.00138879377197701,0.478281948336123,0.140860309978869
194,"s(curr_lastRippleHPC_z):curr_DOWN_yes",0.19398723468939,0.00106166369071499,0.505188384646858,0.171121381472801
195,"s(curr_lastRippleHPC_z):curr_DOWN_yes",0.0940996259627376,0.000981172177438204,0.400126052709459,0.117929920652419
196,"s(curr_lastRippleHPC_z):curr_DOWN_yes",0.308940354039727,0.0029271327337613,0.390605790962928,0.866980243710621
197,"s(curr_lastRippleHPC_z):curr_DOWN_yes",0.20881054489996,0.00209765376706636,0.253409657959141,0.417252255073494
198,"s(curr_lastRippleHPC_z):curr_DOWN_yes",0.13255208493961,0.00111963058956764,0.324091874229665,0.129779745175392
199,"s(curr_lastRippleHPC_z):curr_DOWN_yes",0.279181869918552,0.00202055867461971,0.387490385135709,0.205070034797755
200,"s(curr_lastRippleHPC_z):curr_DOWN_yes",0.296381568850201,0.00207960609092506,0.649671164485526,0.200679523505791
201,"s(curr_lastRippleHPC_z):curr_DOWN_yes",0.43439532384888,0.00284852211533522,0.662095902133194,0.223891909661833
202,"s(curr_lastRippleHPC_z):curr_DOWN_yes",0.225460634308711,0.00213850225656942,0.301057503355676,0.813161825303105
203,"s(curr_lastRippleHPC_z):curr_DOWN_yes",0.257841731746192,0.00162498120371993,0.656079906152035,0.224916446379523
204,"s(curr_lastRippleHPC_z):curr_DOWN_yes",0.408835276149835,0.00357874306332491,1.09349079097464,1.18030561242003
205,"s(curr_lastRippleHPC_z):curr_DOWN_yes",0.445000072095137,0.00366057709129155,0.714285099454361,0.374889349313388
206,"s(curr_lastRippleHPC_z):curr_DOWN_yes",0.0670507121565942,0.000152217748699035,0.318260902192079,0.0954964632935801
207,"s(curr_lastRippleHPC_z):curr_DOWN_yes",0.05701203638022,0.000634743318484712,0.316737273713261,0.0933044788783335
208,"s(curr_lastRippleHPC_z):curr_DOWN_yes",0.300379384488754,0.00230347438003069,0.545002889092731,0.270253334088977
209,"s(curr_lastRippleHPC_z):curr_DOWN_yes",0.199137772758026,0.000480886758673874,0.549711690607897,0.163003275126442
210,"s(curr_lastRippleHPC_z):curr_DOWN_yes",0.385937063367038,0.00414815752699535,0.806132885314265,0.237456361866245
211,"s(curr_lastRippleHPC_z):curr_DOWN_yes",0.340882906963782,0.00329147200359885,0.622748708810693,0.218294451720836
212,"s(curr_lastRippleHPC_z):curr_DOWN_yes",0.129115736057707,0.00115850023260029,0.424672638596586,0.240804752349697
213,"s(curr_lastRippleHPC_z):curr_DOWN_yes",0.174669998025806,0.00187376913476003,0.548438634408434,0.161662647090775
214,"s(curr_lastRippleHPC_z):curr_DOWN_yes",0.211101147619639,0.00237161812735773,0.473802494821691,0.606183732081029
215,"s(curr_lastRippleHPC_z):curr_DOWN_yes",0.35272427578369,0.00381322516336743,0.746758243005742,0.219931799616269
216,"s(curr_lastRippleHPC_z):curr_DOWN_yes",0.26602465706724,0.00243684191304908,0.732049579311406,0.655343437564431
217,"s(curr_lastRippleHPC_z):curr_DOWN_yes",0.164556733349854,0.000339572615157152,0.502772776245859,0.149513128546296
218,"s(curr_lastRippleHPC_z):curr_DOWN_yes",0.328707694349614,0.00351817178750349,0.739900724843687,0.220497003883677
219,"s(curr_lastRippleHPC_z):curr_DOWN_yes",0.198814882191456,0.00215571879896809,0.565800413555548,0.166717083494119
220,"s(curr_lastRippleHPC_z):curr_DOWN_yes",0.130515155926747,0.00158745901783512,0.465345273741971,0.375939287296133
221,"s(curr_lastRippleHPC_z):curr_DOWN_yes",0.125311024679882,0.00138051179141449,0.450569473808442,0.133084696285543
222,"s(curr_lastRippleHPC_z):curr_DOWN_yes",0.108401288889884,0.000606825126393923,0.425022779131914,0.117189671702395
223,"s(curr_lastRippleHPC_z):curr_DOWN_yes",0.226573602366092,0.00248934465840255,0.594903736284086,0.175500911161813
224,"s(curr_lastRippleHPC_z):curr_DOWN_yes",0.107073088903151,0.000356310546786833,0.414570143344052,0.121430837709472
225,"s(curr_lastRippleHPC_z):curr_DOWN_yes",0.109574079479821,0.00114116170940805,0.426770091156491,0.125688462065387
226,"s(curr_lastRippleHPC_z):curr_DOWN_yes",0.24138005446645,0.00266478015399125,0.632608977797552,0.186604348882167
227,"s(curr_lastRippleHPC_z):curr_DOWN_yes",0.265941341651338,0.00260943008563198,0.522355321717406,0.990802203005895
228,"s(curr_lastRippleHPC_z):curr_DOWN_yes",0.182786182765732,0.00136940165294603,0.596667134438116,0.171783695101299
229,"s(curr_lastRippleHPC_z):curr_DOWN_yes",0.344239764771428,0.0037162123712265,0.792068138283292,0.233338245649138
230,"s(curr_lastRippleHPC_z):curr_DOWN_yes",0.202917421437113,0.00172456964335749,0.468553867851834,0.149531201723822
231,"s(curr_lastRippleHPC_z):curr_DOWN_yes",0.243510481440181,0.00218024107479286,0.589068332049648,0.173490281668074
232,"s(curr_lastRippleHPC_z):curr_DOWN_yes",0.0854022231650005,0.00103135398844802,0.40756086484379,0.120029820950654
233,"s(curr_lastRippleHPC_z):curr_DOWN_yes",0.30031426077218,0.00341496054930728,0.685963935227541,0.451819486910466
234,"s(curr_lastRippleHPC_z):curr_DOWN_yes",0.308779648285072,0.00285325853776304,0.519306705415929,0.30105224671022
235,"s(curr_lastRippleHPC_z):curr_DOWN_yes",0.0871480889096583,0.000941192118535225,0.369637881615669,0.108918386099085
236,"s(curr_lastRippleHPC_z):curr_DOWN_yes",0.382567295089946,0.0043640711124849,0.787517972919817,0.695666048069938
237,"s(curr_lastRippleHPC_z):curr_DOWN_yes",0.230381238938179,0.00249823723998139,0.604367503666063,0.178009150654026
238,"s(curr_lastRippleHPC_z):curr_DOWN_yes",0.272071941355915,0.0029187715697463,0.674377190189096,0.198659537434817
239,"s(curr_lastRippleHPC_z):curr_DOWN_yes",0.206334639341635,0.00228636532014658,0.577577449677192,0.17012697205398
240,"s(curr_lastRippleHPC_z):curr_DOWN_yes",0.10128293734589,0.00106138266581362,0.397380250114562,0.117144335893566
241,"s(curr_lastRippleHPC_z):curr_DOWN_yes",0.270272925379594,0.00127046342978055,0.63893655542828,0.191363801767701
242,"s(curr_lastRippleHPC_z):curr_DOWN_yes",0.0685217691136861,0.000559960940254833,0.200325060971878,0.367539124272938
243,"s(curr_lastRippleHPC_z):curr_DOWN_yes",0.274510304376124,0.00233404080430893,0.379283908446042,0.215337690660488
244,"s(curr_lastRippleHPC_z):curr_DOWN_yes",0.147302640475006,0.000942580854395251,0.49482421070775,0.156514244757146
245,"s(curr_lastRippleHPC_z):curr_DOWN_yes",0.395231673009356,0.00337664331592138,0.972180496790628,0.513509960066138
246,"s(curr_lastRippleHPC_z):curr_DOWN_yes",0.426578720331158,0.00218369572998045,0.793561315273821,0.238768714463008
247,"s(curr_lastRippleHPC_z):curr_DOWN_yes",0.142020549588212,0.0014929072572274,0.481367659572369,0.141844810105532
248,"s(curr_lastRippleHPC_z):curr_DOWN_yes",0.126477521066336,0.000614354664754901,0.33838943392232,0.130066282993686
249,"s(curr_lastRippleHPC_z):curr_DOWN_yes",0.222805751450444,0.00355091796864302,0.622168749747394,1.06793440090944
250,"s(curr_lastRippleHPC_z):curr_DOWN_yes",0.141979918167602,0.00166882331745502,0.470918855706411,0.284518499317674
251,"s(curr_lastRippleHPC_z):curr_DOWN_yes",0.335044532002613,0.00294303229164192,0.376352101064079,0.188333307683551
252,"s(curr_lastRippleHPC_z):curr_DOWN_yes",0.224961003447632,0.00226166955286237,0.630652716838966,0.670772077092845
253,"s(curr_lastRippleHPC_z):curr_DOWN_yes",0.189097235592907,0.00128661031609069,0.645132882200448,0.217820045782349
254,"s(curr_lastRippleHPC_z):curr_DOWN_yes",0.22048856784794,0.00256090288483678,0.644734938396788,0.189942442397493
255,"s(curr_lastRippleHPC_z):curr_DOWN_yes",0.206473947570386,0.00224362043571445,0.610495711605985,0.179807572940939
256,"s(curr_lastRippleHPC_z):curr_DOWN_yes",0.101520638778817,0.00110492289643957,0.410804425016541,0.12111618137556
257,"s(curr_lastRippleHPC_z):curr_DOWN_yes",0.274073913591754,0.0020572795815351,0.462479504515321,0.278851429606909
258,"s(curr_lastRippleHPC_z):curr_DOWN_yes",0.167310612065568,0.00182887278278069,0.528518618774999,0.155654427762901
259,"s(curr_lastRippleHPC_z):curr_DOWN_yes",0.134721206673593,0.0015319151670908,0.487806876614397,0.143675389137525
260,"s(curr_lastRippleHPC_z):curr_DOWN_yes",0.363869907671933,0.00348879556938042,0.719297905397825,0.681136599265697
261,"s(curr_lastRippleHPC_z):curr_DOWN_yes",0.353229405720135,0.00283146909854694,0.681187614901207,0.219245127741546
262,"s(curr_lastRippleHPC_z):curr_DOWN_yes",0.0958550714385495,0.000721153231619041,0.329823605253656,0.110261252672887
263,"s(curr_lastRippleHPC_z):curr_DOWN_yes",0.201879956799178,0.00191358534992124,0.474251296814181,0.625813903025104
264,"s(curr_lastRippleHPC_z):curr_DOWN_yes",0.186261254302411,0.000616706504167201,0.537536617683333,0.160450265806378
265,"s(curr_lastRippleHPC_z):curr_DOWN_yes",0.0595079704796388,0.000663617029895877,0.308382092747454,0.0908235165541146
266,"s(curr_lastRippleHPC_z):curr_DOWN_yes",0.161313208795298,0.000789480508638636,0.593871001579232,0.227428011415036
267,"s(curr_lastRippleHPC_z):curr_DOWN_yes",0.248031409000177,0.000728236227005047,0.663617997799018,0.196346344396438
268,"s(curr_lastRippleHPC_z):curr_DOWN_yes",0.119823880719398,0.00127067791373883,0.436365705500086,0.128513575448474
269,"s(curr_lastRippleHPC_z):curr_DOWN_yes",0.303897302426105,0.00320429742323387,0.730462579362304,0.215135837374733
270,"s(curr_lastRippleHPC_z):curr_DOWN_yes",0.287675589264004,0.00313785775203658,0.715013018757128,0.210660335814007
271,"s(curr_lastRippleHPC_z):curr_DOWN_yes",0.157845023482317,0.00189578307912514,0.525313493719937,0.322653159328265
272,"s(curr_lastRippleHPC_z):curr_DOWN_yes",0.126528560238625,0.00137896139404579,0.475200863734324,0.139957967947679
273,"s(curr_lastRippleHPC_z):curr_DOWN_yes",0.172687687667332,0.00150787403776851,0.364128607938821,0.659854745710517
274,"s(curr_lastRippleHPC_z):curr_DOWN_yes",0.325176262465415,0.00267288011503704,0.681723606877771,0.394148734560429
275,"s(curr_lastRippleHPC_z):curr_DOWN_yes",0.0605027863932746,0.000309218302199047,0.283235487478747,0.0914256838137245
276,"s(curr_lastRippleHPC_z):curr_DOWN_yes",0.334354178623715,0.00370751594720257,0.748852198155899,0.220855938051873
277,"s(curr_lastRippleHPC_z):curr_DOWN_yes",0.470122306825025,0.00488553050969764,0.885799592041497,0.260878376660556
278,"s(curr_lastRippleHPC_z):curr_DOWN_yes",0.401422869420132,0.0024975450831768,0.751398934148858,0.229947902015809
279,"s(curr_lastRippleHPC_z):curr_DOWN_yes",0.140578163927933,0.00152480535567656,0.508843103355429,0.149912152094595
280,"s(curr_lastRippleHPC_z):curr_DOWN_yes",0.163154643663923,0.001653583046477,0.522588125728884,0.153978803318034
281,"s(curr_lastRippleHPC_z):curr_DOWN_yes",0.145605105740809,0.00163889107723866,0.524762051639062,0.154553652023077
282,"s(curr_lastRippleHPC_z):curr_DOWN_yes",0.157511537437902,0.00169817497732317,0.48778169280613,0.143656843267891
283,"s(curr_lastRippleHPC_z):curr_DOWN_yes",0.283506510385693,0.00247007161229567,0.709733990924321,0.227291917401846
284,"s(curr_lastRippleHPC_z):curr_DOWN_yes",0.123331185120532,0.000174307377941947,0.448152200608356,0.132996749712645
285,"s(curr_lastRippleHPC_z):curr_DOWN_yes",0.212377883805909,0.00265727920625209,0.547601738474586,0.988322428017982
286,"s(curr_lastRippleHPC_z):curr_DOWN_yes",0.244446398857706,0.00162798172202429,0.515243813023944,0.17208584884558
287,"s(curr_lastRippleHPC_z):curr_DOWN_yes",0.169205780165963,0.00178564264671174,0.536769324308599,0.158124128968808
288,"s(curr_lastRippleHPC_z):curr_DOWN_yes",0.344652125066839,0.0045428051884502,0.809531561196242,0.893649645329311
289,"s(curr_lastRippleHPC_z):curr_DOWN_yes",0.17764599829195,0.00195442206399015,0.566010412299298,0.166713189843233
290,"s(curr_lastRippleHPC_z):curr_DOWN_yes",0.381772640263842,0.00323971000061961,0.539524963358285,0.47971817966526
291,"s(curr_lastRippleHPC_z):curr_DOWN_yes",0.144491756112389,0.00070539496905731,0.377828953138865,0.144936652574595
292,"s(curr_lastRippleHPC_z):curr_DOWN_yes",0.0642099061338302,0.000296139042098138,0.270904597121359,0.0969744798725969
293,"s(curr_lastRippleHPC_z):curr_DOWN_yes",0.366493145937439,0.00278842518207597,1.53779753240422,0.487110386017379
294,"s(curr_lastRippleHPC_z):curr_DOWN_yes",0.050550383956014,0.000782817808859723,0.22134897502556,0.839646405935842
295,"s(curr_lastRippleHPC_z):curr_DOWN_yes",0.163751565345805,0.00182371202529015,0.264264098606044,0.155980419557513
296,"s(curr_lastRippleHPC_z):curr_DOWN_yes",0.390678612141902,0.00418212881465422,0.815202178762797,0.240196801436206
297,"s(curr_lastRippleHPC_z):curr_DOWN_yes",0.139509301454149,0.00158808262962574,0.616912065185823,0.185615898744599
298,"s(curr_lastRippleHPC_z):curr_DOWN_yes",0.227127820493209,0.0018368222920256,0.400155051972459,0.148076246294147
299,"s(curr_lastRippleHPC_z):curr_DOWN_yes",0.112760266982537,0.00124807284720997,0.443737361410575,0.221319193313129
300,"s(curr_lastRippleHPC_z):curr_DOWN_yes",0.12225009748508,0.00134114577405564,0.444284984133321,0.130917409514452
301,"s(curr_lastRippleHPC_z):curr_DOWN_yes",0.00922679726689069,8.26253463207512e-05,0.115258374100881,0.0339453076292658
302,"s(curr_lastRippleHPC_z):curr_DOWN_yes",0.396217670769118,0.00360803997161584,0.376520116595186,0.175644134242667
303,"s(curr_lastRippleHPC_z):curr_DOWN_yes",0.161023520661723,0.00153082655417151,0.209663987978554,1.4695055772383
304,"s(curr_lastRippleHPC_z):curr_DOWN_yes",0.489747043794262,0.00401118526386309,0.567874009875566,0.164546702590177
305,"s(curr_lastRippleHPC_z):curr_DOWN_yes",0.168733459294835,0.00206489717373729,0.495466720622192,0.408654814856093
306,"s(curr_lastRippleHPC_z):curr_DOWN_yes",0.235151784441478,0.0019895344394943,0.611865636479613,0.266571961430006
307,"s(curr_lastRippleHPC_z):curr_DOWN_yes",0.110432168230937,0.000733532576230968,0.247365334391194,0.0735448719999324
308,"s(curr_lastRippleHPC_z):curr_DOWN_yes",0.273962486671078,0.00171902597039648,0.389160901809055,0.169104321152925
309,"s(curr_lastRippleHPC_z):curr_DOWN_yes",0.182899496975523,0.00159427935367892,0.596138812999972,0.331738338361948
310,"s(curr_lastRippleHPC_z):curr_DOWN_yes",0.349557693132441,0.00379931978991971,0.767048533986414,0.22590405563875
311,"s(curr_lastRippleHPC_z):curr_DOWN_yes",0.329352786874107,0.00214446451980848,0.428974610203451,0.149086719683628
312,"s(curr_lastRippleHPC_z):curr_DOWN_yes",0.268843925421991,0.00183482416539364,0.533317234476913,0.183995441438804
313,"s(curr_lastRippleHPC_z):curr_DOWN_yes",0.324010008395664,0.00295562295695894,0.498027051408909,0.587677226523888
314,"s(curr_lastRippleHPC_z):curr_DOWN_yes",0.151552858703629,0.000599576817784916,0.429206753731741,0.181574395431081
315,"s(curr_lastRippleHPC_z):curr_DOWN_yes",0.102200187468113,0.00101261827367909,0.332273568505722,0.174153562965146
316,"s(curr_lastRippleHPC_z):curr_DOWN_yes",0.193682215249115,0.00153033372213035,0.745399328120988,0.257727360967028
317,"s(curr_lastRippleHPC_z):curr_DOWN_yes",0.114649716577947,0.00120643639203688,0.394759478975786,0.611656662595858
318,"s(curr_lastRippleHPC_z):curr_DOWN_yes",0.0424392600490844,0.000966430280768845,0.255980726985777,0.864353410798569
319,"s(curr_lastRippleHPC_z):curr_DOWN_yes",0.072968822058443,0.000851063323009176,0.370180045319047,0.10905253695461
320,"s(curr_lastRippleHPC_z):curr_DOWN_yes",0.206910543351476,0.00267899562357989,0.564932458152875,0.712464396161166
321,"s(curr_lastRippleHPC_z):curr_DOWN_yes",0.311299768196127,0.00226056210818507,0.623457173713006,0.229087872388091
322,"s(curr_lastRippleHPC_z):curr_DOWN_yes",0.238594520559805,0.00218565805875234,0.398626030102657,0.20055908928672
323,"s(curr_lastRippleHPC_z):curr_DOWN_yes",0.380025380562202,0.00222392087390971,0.729606934462388,0.220875004800917
324,"s(curr_lastRippleHPC_z):curr_DOWN_yes",0.270864812598711,0.00138064227284976,0.38735501278537,0.112996102202233
325,"s(curr_lastRippleHPC_z):curr_DOWN_yes",0.167221148915831,0.00182398650569831,0.539691370851797,0.159010729060815
326,"s(curr_lastRippleHPC_z):curr_DOWN_yes",0.227444350346683,0.00202953861402153,0.538596103038721,0.18229451384952
327,"s(curr_lastRippleHPC_z):curr_DOWN_yes",0.200975660571075,0.00177439401403066,0.572405564472414,0.205348547683339
328,"s(curr_lastRippleHPC_z):curr_DOWN_yes",0.0838113840718622,0.000901590160037892,0.365224940625281,0.107620835310246
329,"s(curr_lastRippleHPC_z):curr_DOWN_yes",0.160920711529673,0.00179796910849543,0.511295978260104,0.15062301672257
330,"s(curr_lastRippleHPC_z):curr_DOWN_yes",0.103496946871577,0.00111961436624541,0.417364450704354,0.122918789653302
331,"s(curr_lastRippleHPC_z):curr_DOWN_yes",0.139561385908368,0.00117619712180121,0.151128354725883,0.325519380075523
332,"s(curr_lastRippleHPC_z):curr_DOWN_yes",0.0923972773532009,0.0010110986440524,0.392375749987448,0.115591974345058
333,"s(curr_lastRippleHPC_z):curr_DOWN_yes",0.315488693059171,0.00107025362756079,0.719610620176547,0.214052718403887
334,"s(curr_lastRippleHPC_z):curr_DOWN_yes",0.419716674647399,0.00337532726381606,0.482040961633129,0.196395924231131
335,"s(curr_lastRippleHPC_z):curr_DOWN_yes",0.242233714152392,0.00263088226534273,0.650739326417806,0.191729284878631
336,"s(curr_lastRippleHPC_z):curr_DOWN_yes",0.161030977455723,0.00164807137187421,0.451724003381274,0.742976297359078
337,"s(curr_lastRippleHPC_z):curr_DOWN_yes",0.247455549338929,0.00219620654176377,0.443436645459515,0.151812482623554
338,"s(curr_lastRippleHPC_z):curr_DOWN_yes",0.262267764078058,0.000968647369826154,0.629276071096295,0.188005936531585
339,"s(curr_lastRippleHPC_z):curr_DOWN_yes",0.162473709000429,0.0019033053966378,0.245410685885855,0.818057776453986
340,"s(curr_lastRippleHPC_z):curr_DOWN_yes",0.221464559495807,0.00175519346427617,0.596282331071165,0.185505305403819
341,"s(curr_lastRippleHPC_z):curr_DOWN_yes",0.218884257866805,0.00116837334801059,0.463963039747432,0.201026578602477
342,"s(curr_lastRippleHPC_z):curr_DOWN_yes",0.481114374767443,0.00393248440795111,0.796087326757951,0.388112530950752
343,"s(curr_lastRippleHPC_z):curr_DOWN_yes",0.22158520194742,0.00160933150869504,0.323236110055708,0.243722098721713
344,"s(curr_lastRippleHPC_z):curr_DOWN_yes",0.195349776851241,0.00140494309833549,0.268955990215922,0.179770800010371
345,"s(curr_lastRippleHPC_z):curr_DOWN_yes",0.350293622075186,0.00294000749163922,0.70040260790682,0.20850547665172
346,"s(curr_lastRippleHPC_z):curr_DOWN_yes",0.285018810915798,0.00257469726884444,0.437375267364808,0.154195650274769
347,"s(curr_lastRippleHPC_z):curr_DOWN_yes",0.311654154633582,0.00293405214259215,0.580533228231991,0.226086649941293
348,"s(curr_lastRippleHPC_z):curr_DOWN_yes",0.299990511337971,0.000977161459007394,0.453839581287477,0.186043314059489
349,"s(curr_lastRippleHPC_z):curr_DOWN_yes",0.403938607499224,0.00398768717995615,0.788056834682381,0.283874372773099
350,"s(curr_lastRippleHPC_z):curr_DOWN_yes",0.287964289226649,0.00245348592960745,0.446350838237373,0.226369339951723
351,"s(curr_lastRippleHPC_z):curr_DOWN_yes",0.110507396138279,0.000500342210860147,0.312754567644037,0.210377963601426
352,"s(curr_lastRippleHPC_z):curr_DOWN_yes",0.0892058167965155,0.001301951163634,0.350546969894099,0.78570939827987
353,"s(curr_lastRippleHPC_z):curr_DOWN_yes",0.0893244355849552,0.00105106115584237,0.406721211941997,0.119806281069513
354,"s(curr_lastRippleHPC_z):curr_DOWN_yes",0.131179708181902,0.000691626236103805,0.413730009042309,0.14668651680149
355,"s(curr_lastRippleHPC_z):curr_DOWN_yes",0.140976794566413,0.000944074006556799,0.190784167644132,0.0921887049371706
356,"s(curr_lastRippleHPC_z):curr_DOWN_yes",0.138116718994103,0.00153093749646727,0.497817097753794,0.146665965013557
357,"s(curr_lastRippleHPC_z):curr_DOWN_yes",0.354417509150047,0.00222301226559693,0.537533971529055,0.212797353574786
358,"s(curr_lastRippleHPC_z):curr_DOWN_yes",0.401106676826153,0.00371655725245705,0.34224393356401,0.683314430576794
359,"s(curr_lastRippleHPC_z):curr_DOWN_yes",0.0400383462090552,0.000485239863966582,0.256810279945533,0.229419570910078
360,"s(curr_lastRippleHPC_z):curr_DOWN_yes",0.166681310024037,0.00149708561796574,0.489348235339801,0.14416001593004
361,"s(curr_lastRippleHPC_z):curr_DOWN_yes",0.64311752200638,0.00660418443880817,0.829666180272443,1.36339843313201
362,"s(curr_lastRippleHPC_z):curr_DOWN_yes",0.196479308161426,0.00132792678101217,0.503102240862687,0.16267967550968
363,"s(curr_lastRippleHPC_z):curr_DOWN_yes",0.242046882118041,0.00164340368732961,0.376215742618981,0.176793784914887
364,"s(curr_lastRippleHPC_z):curr_DOWN_yes",0.0782322386804513,0.000901532891455682,0.375558795057163,0.110666142386376
365,"s(curr_lastRippleHPC_z):curr_DOWN_yes",0.136572015720619,0.000239787725759249,0.47873506655654,0.141289167385112
366,"s(curr_lastRippleHPC_z):curr_DOWN_yes",0.182613060133836,0.00199371385534799,0.534811384741267,0.157663159516249
367,"s(curr_lastRippleHPC_z):curr_DOWN_yes",0.254183413727757,0.00165728261271754,0.333966688184314,0.18970693176659
368,"s(curr_lastRippleHPC_z):curr_DOWN_yes",0.109124881007426,0.00144398265475972,0.414337648167411,0.717759008675069
369,"s(curr_lastRippleHPC_z):curr_DOWN_yes",0.281551701208063,0.00301981563854813,0.679045690355817,0.200090037462736
370,"s(curr_lastRippleHPC_z):curr_DOWN_yes",0.205288000318664,0.00142769386917291,0.484125561437952,0.153772783060463
371,"s(curr_lastRippleHPC_z):curr_DOWN_yes",0.161378375302453,0.00156389517661383,0.383447394919079,0.436588415912062
372,"s(curr_lastRippleHPC_z):curr_DOWN_yes",0.190232855820083,0.00182023493233432,0.428456264653936,0.18475684397631
373,"s(curr_lastRippleHPC_z):curr_DOWN_yes",0.229280841211654,0.00231629979989996,0.582276454894278,0.171486063113478
374,"s(curr_lastRippleHPC_z):curr_DOWN_yes",0.446165401632061,0.00341443831575419,0.666693952784154,0.345653118067467
375,"s(curr_lastRippleHPC_z):curr_DOWN_yes",0.125117813457186,0.00108949717693574,0.352761837850239,0.15756813204039
376,"s(curr_lastRippleHPC_z):curr_DOWN_yes",0.217227371520948,0.00232453388267209,0.624127872179744,0.183827952671887
377,"s(curr_lastRippleHPC_z):curr_DOWN_yes",0.177995230313802,0.00145415235196407,0.917934800002404,0.325102855663071
378,"s(curr_lastRippleHPC_z):curr_DOWN_yes",0.0811777432295457,0.000903354028645751,0.375412437732123,0.110643145029486
379,"s(curr_lastRippleHPC_z):curr_DOWN_yes",0.188953700001977,0.00163162301422743,0.383068355841519,0.176773283008305
380,"s(curr_lastRippleHPC_z):curr_DOWN_yes",0.146538711153406,0.00105775428913366,0.325302254234944,0.271210923225358
381,"s(curr_lastRippleHPC_z):curr_DOWN_yes",0.233935619474962,0.00253633779658462,0.614145810968907,0.181025277188357
382,"s(curr_lastRippleHPC_z):curr_DOWN_yes",0.302586851004262,0.00272010179171655,0.611092917426372,0.550007467982832
383,"s(curr_lastRippleHPC_z):curr_DOWN_yes",0.304149109450139,0.00200998810467221,0.380990268727097,0.267841827940533
384,"s(curr_lastRippleHPC_z):curr_DOWN_yes",0.201014959201593,0.0025303334797905,0.590895756785032,0.634628000394685
385,"s(curr_lastRippleHPC_z):curr_DOWN_yes",0.13175399228089,0.00141510704087215,0.451782944814232,0.133055389013608
386,"s(curr_lastRippleHPC_z):curr_DOWN_yes",0.179919672776306,0.00108884829596657,0.239659576080632,0.107748326178305
387,"s(curr_lastRippleHPC_z):curr_DOWN_yes",0.200509622341888,0.00154678330404305,0.402325685414827,0.619785110197307
388,"s(curr_lastRippleHPC_z):curr_DOWN_yes",0.307316202477629,0.000581637584648402,0.712324608958133,0.210867947179177
389,"s(curr_lastRippleHPC_z):curr_DOWN_yes",0.045814158094398,0.000590313850135438,0.297395168234559,0.0876361905633615
390,"s(curr_lastRippleHPC_z):curr_DOWN_yes",0.163700493197625,0.00151868279143225,0.400933349364513,0.146225936524452
391,"s(curr_lastRippleHPC_z):curr_DOWN_yes",0.238456100589381,0.00253887452739198,0.656876731152453,0.19345529405492
392,"s(curr_lastRippleHPC_z):curr_DOWN_yes",0.253044419516832,0.00285809253812617,0.632649102470619,0.533473068190547
393,"s(curr_lastRippleHPC_z):curr_DOWN_yes",0.15896992601354,0.00129901051220967,0.492164320574093,0.168871037784813
394,"s(curr_lastRippleHPC_z):curr_DOWN_yes",0.22454688761166,0.00242369866726485,0.631235598696615,0.185973601573138
395,"s(curr_lastRippleHPC_z):curr_DOWN_yes",0.316724268843677,0.0037861183344065,0.74044836274784,0.404953144068473
396,"s(curr_lastRippleHPC_z):curr_DOWN_yes",0.283592924106377,0.00249196711787326,0.343700585587438,0.517153223993411
397,"s(curr_lastRippleHPC_z):curr_DOWN_yes",0.237934979574693,0.00255299970006394,0.619315977712925,0.182549002809374
398,"s(curr_lastRippleHPC_z):curr_DOWN_yes",0.243344896846612,0.00210785317705549,0.499003070029754,0.273677503538528
399,"s(curr_lastRippleHPC_z):curr_DOWN_yes",0.177815296541476,0.00296418477118061,0.645305719633603,0.555617281123917
400,"s(curr_lastRippleHPC_z):curr_DOWN_yes",0.304151715035714,0.00201182326255895,0.325114018362598,0.112471605247881
401,"s(curr_lastRippleHPC_z):curr_DOWN_yes",0.286597075353861,0.00176258800879662,0.654097276334043,0.201560624069293
402,"s(curr_lastRippleHPC_z):curr_DOWN_yes",0.362465682632087,0.00374364077032056,0.759291331179743,0.223648456849214
403,"s(curr_lastRippleHPC_z):curr_DOWN_yes",0.295121971031143,0.00277163263448529,0.787276322902657,0.222119690971613
404,"s(curr_lastRippleHPC_z):curr_DOWN_yes",0.145344636021901,0.00214508117103598,0.458657194364732,0.737455214424633
405,"s(curr_lastRippleHPC_z):curr_DOWN_yes",0.174484969987216,0.00217939737852741,0.541644991763685,0.804463305746847
406,"s(curr_lastRippleHPC_z):curr_DOWN_yes",0.214612320436622,0.00189936492339945,0.557395013876835,0.185978483746534
407,"s(curr_lastRippleHPC_z):curr_DOWN_yes",0.159677106347614,0.00174667000144938,0.528230044732652,0.155582082450519
408,"s(curr_lastRippleHPC_z):curr_DOWN_yes",0.253014039326754,0.00229270601727442,0.456166796628237,0.193760105588204
409,"s(curr_lastRippleHPC_z):curr_DOWN_yes",0.330838539364049,0.0011356130108087,0.762293907515097,0.225285347148053
410,"s(curr_lastRippleHPC_z):curr_DOWN_yes",0.33270526890762,0.00337859379733185,0.587541054614681,0.415172481068214
411,"s(curr_lastRippleHPC_z):curr_DOWN_yes",0.305552844386609,0.000293397256408541,0.67274592691465,0.198671217105531
412,"s(curr_lastRippleHPC_z):curr_DOWN_yes",0.259012328752394,0.00347261287343227,0.658337189332288,1.12327957315308
413,"s(curr_lastRippleHPC_z):curr_DOWN_yes",0.394344472038711,0.00289780563366761,0.739522916335071,0.226414267799848
414,"s(curr_lastRippleHPC_z):curr_DOWN_yes",0.0809805348658319,0.000607055715497578,0.216853877714548,0.111429535645754
415,"s(curr_lastRippleHPC_z):curr_DOWN_yes",0.176356871117263,0.0018252195775186,0.556766933682849,0.163975291944406
416,"s(curr_lastRippleHPC_z):curr_DOWN_yes",0.321805383882916,0.00230004679620227,0.256502350811807,0.0916147279227654
417,"s(curr_lastRippleHPC_z):curr_DOWN_yes",0.0694170619482462,0.000741511824798397,0.345498726978973,0.102052107356018
418,"s(curr_lastRippleHPC_z):curr_DOWN_yes",0.0682803413838933,0.000724774077632113,0.341555801423478,0.100678391786223
419,"s(curr_lastRippleHPC_z):curr_DOWN_yes",0.3428798043278,0.00233412153220646,0.484156884949646,0.308190065647341
420,"s(curr_lastRippleHPC_z):curr_DOWN_yes",0.378356866351891,0.00301828451921935,0.56437224640628,0.541826892907133
421,"s(curr_lastRippleHPC_z):curr_DOWN_yes",0.229966978781413,0.00209672278954465,0.483970996596115,0.19295756549292
422,"s(curr_lastRippleHPC_z):curr_DOWN_yes",0.401289619104819,0.00377321145426804,0.684788221850391,0.952562755865415
423,"s(curr_lastRippleHPC_z):curr_DOWN_yes",0.0390931108899526,0.000639775798792492,0.269961762573524,0.233252342424022
424,"s(curr_lastRippleHPC_z):curr_DOWN_yes",0.264324907643839,0.00314938693596265,0.6625384138063,0.448476843534487
425,"s(curr_lastRippleHPC_z):curr_DOWN_yes",0.232134542180179,0.0013042990676982,0.540695518961751,0.270590702266808
426,"s(curr_lastRippleHPC_z):curr_DOWN_yes",0.250957592430963,0.00127977157225022,0.617450062686151,0.189125187210749
427,"s(curr_lastRippleHPC_z):curr_DOWN_yes",0.181182309257941,0.00115656527453081,0.550950428990417,0.163832461989484
428,"s(curr_lastRippleHPC_z):curr_DOWN_yes",0.16185558963252,0.00132003268073074,0.428831315787408,0.213730819057356
429,"s(curr_lastRippleHPC_z):curr_DOWN_yes",0.283764770261557,0.00308089009929314,0.737400171240295,0.217221701063552
430,"s(curr_lastRippleHPC_z):curr_DOWN_yes",0.463731660156781,0.00319705590489901,0.4362512983905,0.272085022918262
431,"s(curr_lastRippleHPC_z):curr_DOWN_yes",0.350544013824166,0.00325499388793938,0.475422138872181,0.53672905357376
432,"s(curr_lastRippleHPC_z):curr_DOWN_yes",0.217949639000084,0.00226462419501172,0.598055565666906,0.176132491535121
433,"s(curr_lastRippleHPC_z):curr_DOWN_yes",0.0839404902352436,0.000296166470683878,0.218800955596646,0.0902536806055126
434,"s(curr_lastRippleHPC_z):curr_DOWN_yes",0.147749283201186,0.00159832660147926,0.496062410309429,0.161710484006999
435,"s(curr_lastRippleHPC_z):curr_DOWN_yes",0.109457080989959,0.00119925706745088,0.437653880542544,0.128909683147494
436,"s(curr_lastRippleHPC_z):curr_DOWN_yes",0.116173981058807,0.00136059759243354,0.449402570079436,0.45738457044223
437,"s(curr_lastRippleHPC_z):curr_DOWN_yes",0.238021720650318,0.00184110379233564,0.312200458732317,0.122081655853585
438,"s(curr_lastRippleHPC_z):curr_DOWN_yes",0.0309909706853908,0.000327014755418684,0.225223747895347,0.0663975911551187
439,"s(curr_lastRippleHPC_z):curr_DOWN_yes",0.236264529714241,0.00181576209366335,0.417498103214612,0.167140214389849
440,"s(curr_lastRippleHPC_z):curr_DOWN_yes",0.0659338046410971,0.000479499534771506,0.282056336545805,0.128873484846512
441,"s(curr_lastRippleHPC_z):curr_DOWN_yes",0.116920977540993,0.00110626942513806,0.418717758624176,0.123317615529556
442,"s(curr_lastRippleHPC_z):curr_DOWN_yes",0.183775784822949,0.00141006718128796,0.511302740810412,0.150411243781134
443,"s(curr_lastRippleHPC_z):curr_DOWN_yes",0.210633928184405,0.0013933756670428,0.476988075372133,0.17910814375175
444,"s(curr_lastRippleHPC_z):curr_DOWN_yes",0.0853068803886829,0.000988733316880732,0.391211118918573,0.115317349503652
445,"s(curr_lastRippleHPC_z):curr_DOWN_yes",0.343370286208494,0.00234746275898224,0.609286748376755,0.179440260744594
446,"s(curr_lastRippleHPC_z):curr_DOWN_yes",0.148859600284026,0.00101485717481461,0.662342445311339,0.304066916992587
447,"s(curr_lastRippleHPC_z):curr_DOWN_yes",0.208391125825994,0.0010579813122689,0.646235027836849,0.379775293984134
448,"s(curr_lastRippleHPC_z):curr_DOWN_yes",0.5022738435329,0.00439672909600093,0.679678436608907,0.281352211074342
449,"s(curr_lastRippleHPC_z):curr_DOWN_yes",0.220015742738195,0.00245827400643243,0.49804664226263,1.29094562064216
450,"s(curr_lastRippleHPC_z):curr_DOWN_yes",0.147978039059727,0.00157388341944279,0.496647338381023,0.146298951752564
451,"s(curr_lastRippleHPC_z):curr_DOWN_yes",0.184195196781086,0.00172581859737633,0.412265388726453,0.179503306543814
452,"s(curr_lastRippleHPC_z):curr_DOWN_yes",0.237447182349256,0.00149014241058845,0.412987491960171,0.219269625266742
453,"s(curr_lastRippleHPC_z):curr_DOWN_yes",0.51640857008585,0.00430437854976602,0.412165928159663,0.237313758206696
454,"s(curr_lastRippleHPC_z):curr_DOWN_yes",0.323353827047386,0.00298072941127109,1.22102361533995,0.866004272723283
455,"s(curr_lastRippleHPC_z):curr_DOWN_yes",0.122869569419296,0.000667347868968049,0.353868439522609,0.166317161438885
456,"s(curr_lastRippleHPC_z):curr_DOWN_yes",0.164874705608097,0.000856747669811928,0.441855736932025,0.137518933270012
457,"s(curr_lastRippleHPC_z):curr_DOWN_yes",0.126446691530167,0.0013545987563498,0.45544031120082,0.134172725057039
458,"s(curr_lastRippleHPC_z):curr_DOWN_yes",0.205792252436996,0.00234355748830925,0.570235975972368,0.426730247075678
459,"s(curr_lastRippleHPC_z):curr_DOWN_yes",0.19391133840879,0.00184385448451643,0.527471860624585,0.718534909074209
460,"s(curr_lastRippleHPC_z):curr_DOWN_yes",0.266663599913355,0.00230196930939387,0.57900822214434,0.189309376583497
461,"s(curr_lastRippleHPC_z):curr_DOWN_yes",0.252664883803664,0.00277281512488161,0.640451754820846,0.188618595565797
462,"s(curr_lastRippleHPC_z):curr_DOWN_yes",0.102911652361957,0.000409352547111473,0.398080948899919,0.199978470366433
463,"s(curr_lastRippleHPC_z):curr_DOWN_yes",0.0275436490145706,0.00028716206698539,0.216192511301763,0.0637069061500421
464,"s(curr_lastRippleHPC_z):curr_DOWN_yes",0.23102341412533,0.00148762765886797,0.775193633650784,0.289374110424195
465,"s(curr_lastRippleHPC_z):curr_DOWN_yes",0.219614828724012,0.00134655716084187,0.41238221863224,0.156175708928855
466,"s(curr_lastRippleHPC_z):curr_DOWN_yes",0.658607024763981,0.00567841438209931,0.556787275467392,0.323752588326427
467,"s(curr_lastRippleHPC_z):curr_DOWN_yes",0.0664485702979238,0.000743563551214106,0.349325888394799,0.102962826221037
468,"s(curr_lastRippleHPC_z):curr_DOWN_yes",0.114058405916327,0.00049956541519409,0.20654275691659,0.0926363588276585
469,"s(curr_lastRippleHPC_z):curr_DOWN_yes",0.126821764157876,0.00138810274038403,0.471127687342602,0.138758874537004
470,"s(curr_lastRippleHPC_z):curr_DOWN_yes",0.590853548395027,0.00523824159425884,0.846394616143252,0.482547602272865
471,"s(curr_lastRippleHPC_z):curr_DOWN_yes",0.176497467088947,0.00139304577851544,0.501041844612805,0.299850972525056
472,"s(curr_lastRippleHPC_z):curr_DOWN_yes",0.225094669344389,0.00244035438352666,0.634019803128948,0.186929132236953
473,"s(curr_lastRippleHPC_z):curr_DOWN_yes",0.179122475781093,0.0013630760561236,0.517937154259587,0.162691956819751
474,"s(curr_lastRippleHPC_z):curr_DOWN_yes",0.214709944140463,0.000957598590364083,0.55876668252774,0.16760527201931
475,"s(curr_lastRippleHPC_z):curr_DOWN_yes",0.216017572321797,0.00191944551838194,0.585485654893775,0.186773538757282
476,"s(curr_lastRippleHPC_z):curr_DOWN_yes",0.223529072461935,0.00207511985902287,0.505349553699125,0.178421717612342
477,"s(curr_lastRippleHPC_z):curr_DOWN_yes",0.320130422845349,0.00312297494744147,0.642955887266482,0.225926182573391
478,"s(curr_lastRippleHPC_z):curr_DOWN_yes",0.183945752629788,0.00195682570698082,0.54028864053907,0.159124916746081
479,"s(curr_lastRippleHPC_z):curr_DOWN_yes",0.330233671303262,0.00354752711428062,0.769992871460676,0.226774946890729
480,"s(curr_lastRippleHPC_z):curr_DOWN_yes",0.187377679798246,0.00268980074191639,0.592770294161099,0.963742454926034
481,"s(curr_lastRippleHPC_z):curr_DOWN_yes",0.299476817711305,0.00265199594135924,0.674614978326739,0.599311282627081
482,"s(curr_lastRippleHPC_z):curr_DOWN_yes",0.283762897050188,0.00200685567568447,0.253801368390059,0.12700485438548
483,"s(curr_lastRippleHPC_z):curr_DOWN_yes",0.138610905103455,0.00168584186310159,0.43785610052213,0.500451865949854
484,"s(curr_lastRippleHPC_z):curr_DOWN_yes",0.49742433967192,0.00450831747297907,0.907448472401056,0.282107624692021
485,"s(curr_lastRippleHPC_z):curr_DOWN_yes",0.118136305979994,0.00130399415721112,0.456835222264617,0.134595016616988
486,"s(curr_lastRippleHPC_z):curr_DOWN_yes",0.253512404694516,0.00178742621213316,0.256091745994864,0.186657124490562
487,"s(curr_lastRippleHPC_z):curr_DOWN_yes",0.0901663674471367,0.000980515714520415,0.404667644188738,0.119220008886392
488,"s(curr_lastRippleHPC_z):curr_DOWN_yes",0.367415735566486,0.00241042889536622,0.469225199921477,0.180107492965813
489,"s(curr_lastRippleHPC_z):curr_DOWN_yes",0.355674546841406,0.00330410493510556,0.48348940176624,0.650728594299025
490,"s(curr_lastRippleHPC_z):curr_DOWN_yes",0.0866450897681874,0.00100176616191118,0.398914876705112,0.117500888379709
491,"s(curr_lastRippleHPC_z):curr_DOWN_yes",0.174294334780476,0.0013243882472875,0.365716885262442,0.225645431064587
492,"s(curr_lastRippleHPC_z):curr_DOWN_yes",0.159304048641729,0.00164974912166793,0.517268531419076,0.152374711196718
493,"s(curr_lastRippleHPC_z):curr_DOWN_yes",0.085221547994764,0.000910428465385059,0.363696574351825,0.107190052703266
494,"s(curr_lastRippleHPC_z):curr_DOWN_yes",0.399892662352872,0.0046935254073343,0.867831090201516,0.539639647499563
495,"s(curr_lastRippleHPC_z):curr_DOWN_yes",0.115252106792463,0.000644331323003428,0.376115793934012,0.116249460071001
496,"s(curr_lastRippleHPC_z):curr_DOWN_yes",0.218154388131383,0.0024217061944809,0.583042800537625,0.304923353514259
497,"s(curr_lastRippleHPC_z):curr_DOWN_yes",0.262553126437357,0.00278076168533256,0.63734592839948,0.18774426303855
498,"s(curr_lastRippleHPC_z):curr_DOWN_yes",0.151637069457898,0.00156686697841984,0.49582417042898,0.146076929404226
499,"s(curr_lastRippleHPC_z):curr_DOWN_yes",0.274006923021515,0.00298756456283589,0.685300641757108,0.201838790460581
500,"s(curr_lastRippleHPC_z):curr_DOWN_yes",0.341352003093955,0.00319339945495828,0.724084070428483,0.261621876825778
501,"s(curr_lastRippleHPC_z):curr_DOWN_yes",0.354416060266043,0.00268250519590553,0.298154160767676,0.121653158779952
502,"s(curr_lastRippleHPC_z):curr_DOWN_yes",0.474699800581488,0.00509406623119817,0.85427469900386,0.748398018014701
503,"s(curr_lastRippleHPC_z):curr_DOWN_yes",0.338817662464684,0.0021856881512497,0.525890429165676,0.174703870435
504,"s(curr_lastRippleHPC_z):curr_DOWN_yes",0.322660931875077,0.00262540761761019,1.45401349200658,1.38599105108736
505,"s(curr_lastRippleHPC_z):curr_DOWN_yes",0.127155829992197,0.000966883931629142,0.355003221708594,0.495237742852141
506,"s(curr_lastRippleHPC_z):curr_DOWN_yes",0.123406379888138,0.000561870101357346,0.457725756349808,0.137993303411728
507,"s(curr_lastRippleHPC_z):curr_DOWN_yes",0.112632321662483,0.00124774892193494,0.442708063054518,0.130405868315973
508,"s(curr_lastRippleHPC_z):curr_DOWN_yes",0.170076262854251,0.00149685592601823,0.42778689005412,0.262117356161436
509,"s(curr_lastRippleHPC_z):curr_DOWN_yes",0.428628746217531,0.00304195430293055,0.632769975370997,0.27169774574962
510,"s(curr_lastRippleHPC_z):curr_DOWN_yes",0.281734313108871,0.00370651679100289,0.695213194810269,0.774597813104769
511,"s(curr_lastRippleHPC_z):curr_DOWN_yes",0.148329730872256,0.00142873423121114,0.410391965567844,0.151511165590303
512,"s(curr_lastRippleHPC_z):curr_DOWN_yes",0.186114387210845,0.00160511379697859,0.374772153309853,0.124990854974478
513,"s(curr_lastRippleHPC_z):curr_DOWN_yes",0.210625511081965,0.00217593342863591,0.571425272717776,0.168329999601803
514,"s(curr_lastRippleHPC_z):curr_DOWN_yes",0.0154982836062452,0.000139152770429059,0.143697754422642,0.0423811151486854
515,"s(curr_lastRippleHPC_z):curr_DOWN_yes",0.290373257255256,0.00194736549509893,0.281040571036993,0.114942207727338
516,"s(curr_lastRippleHPC_z):curr_DOWN_yes",0.215045933523049,0.00116159063247773,0.539327943720136,0.183193801745715
517,"s(curr_lastRippleHPC_z):curr_DOWN_yes",0.101911529407388,0.000114236454353547,0.413229499607393,0.122198271868343
518,"s(curr_lastRippleHPC_z):curr_DOWN_yes",0.0569731708856649,0.00113960152642393,0.322349843799297,0.669199626531271
519,"s(curr_lastRippleHPC_z):curr_DOWN_yes",0.270040924652292,0.00225980027803235,0.509975371175781,0.351906666952144
520,"s(curr_lastRippleHPC_z):curr_DOWN_yes",0.366798578588601,0.00310054230829684,0.590188851493154,0.270153356801479
521,"s(curr_lastRippleHPC_z):curr_DOWN_yes",0.140627537198233,0.00131566645399845,0.394270483196696,0.163900338584975
522,"s(curr_lastRippleHPC_z):curr_DOWN_yes",0.102685637294806,0.00215007062610384,0.414071420521791,0.907361578969018
523,"s(curr_lastRippleHPC_z):curr_DOWN_yes",0.183984503600564,0.0012869924318221,0.228929034074538,0.0880310212317132
524,"s(curr_lastRippleHPC_z):curr_DOWN_yes",0.259045685880157,0.00279759716057116,0.638307452083479,0.203266546203461
525,"s(curr_lastRippleHPC_z):curr_DOWN_yes",0.19201507707937,0.00206499973008846,0.564857017448315,0.16638057512347
526,"s(curr_lastRippleHPC_z):curr_DOWN_yes",0.206615137861826,0.00181238389443596,0.48392727179601,0.480100809843712
527,"s(curr_lastRippleHPC_z):curr_DOWN_yes",0.0868987577628513,0.000723676459678349,0.20521331453654,0.0904159689906138
528,"s(curr_lastRippleHPC_z):curr_DOWN_yes",0.248624653975963,0.00230566003142016,0.502688973838518,0.690451878731698
529,"s(curr_lastRippleHPC_z):curr_DOWN_yes",0.19869555085638,0.0018574910536195,0.432981576854051,0.214193074754566
530,"s(curr_lastRippleHPC_z):curr_DOWN_yes",0.286697929127172,0.00268745014404625,0.729320025639893,0.210079409423726
531,"s(curr_lastRippleHPC_z):curr_DOWN_yes",0.153931788437342,0.00167619133300372,0.516390972285075,0.152346987212097
532,"s(curr_lastRippleHPC_z):curr_DOWN_yes",0.332221783676196,0.00224983216281431,0.390539029497484,0.15612707430988
533,"s(curr_lastRippleHPC_z):curr_DOWN_yes",0.315062266917672,0.00342311732422444,0.729604018828412,0.215247357605438
534,"s(curr_lastRippleHPC_z):curr_DOWN_yes",0.187482716670651,0.0013419698570057,0.493236480607712,0.152823835371768
535,"s(curr_lastRippleHPC_z):curr_DOWN_yes",0.108655588287689,0.00117678118136276,0.42190371171825,0.124370039171759
536,"s(curr_lastRippleHPC_z):curr_DOWN_yes",0.288889889958621,0.00345101577553977,0.648692294694436,1.57955071375294
537,"s(curr_lastRippleHPC_z):curr_DOWN_yes",0.255812076075171,0.00268947603872943,0.642457112548776,0.189314276251382
538,"s(curr_lastRippleHPC_z):curr_DOWN_yes",0.270021481658867,0.00161208636539177,0.66861775903081,0.196802603324854
539,"s(curr_lastRippleHPC_z):curr_DOWN_yes",0.380319638122228,0.00251172514198847,0.869690454121613,0.599121190304782
540,"s(curr_lastRippleHPC_z):curr_DOWN_yes",0.12230693655419,0.00129373568595074,0.451415423465708,0.133068591416236
541,"s(curr_lastRippleHPC_z):curr_DOWN_yes",0.429994739954297,0.00380369785778977,0.458791254312824,0.19945819632005
542,"s(curr_lastRippleHPC_z):curr_DOWN_yes",0.123542024514374,0.00186327959867153,0.47054089839023,0.599770246065788
543,"s(curr_lastRippleHPC_z):curr_DOWN_yes",0.337417216116396,0.00292232951193228,1.08798421740434,0.872966385607649
544,"s(curr_lastRippleHPC_z):curr_DOWN_yes",0.218665355673422,0.00111637422289184,0.484591231491813,0.113707199030433
545,"s(curr_lastRippleHPC_z):curr_DOWN_yes",0.301187793189243,0.00220305044862259,0.274009994778658,0.122691861509713
546,"s(curr_lastRippleHPC_z):curr_DOWN_yes",0.0456850583470736,0.000499972460618306,0.279923250547719,0.0824820765484271
547,"s(curr_lastRippleHPC_z):curr_DOWN_yes",0.151896267764529,0.00228511520168514,0.484980973167691,1.29869836356195
548,"s(curr_lastRippleHPC_z):curr_DOWN_yes",0.358410092851008,0.0016130924345018,0.735515341462831,0.219789256616567
549,"s(curr_lastRippleHPC_z):curr_DOWN_yes",0.197984649098573,0.00129493197519012,0.562721635068683,0.169514556265986
550,"s(curr_lastRippleHPC_z):curr_DOWN_yes",0.122121763437869,0.00134697431418008,0.448818283061226,0.132188157876844
551,"s(curr_lastRippleHPC_z):curr_DOWN_yes",0.602234615580905,0.00540154460465873,0.669059599001212,0.25072735702645
552,"s(curr_lastRippleHPC_z):curr_DOWN_yes",0.301478050656215,0.00304690060832656,0.580824234697928,0.857042190842965
553,"s(curr_lastRippleHPC_z):curr_DOWN_yes",0.233930584868292,0.00156338600064374,0.494301767635882,0.158379699811642
554,"s(curr_lastRippleHPC_z):curr_DOWN_yes",0.257275651014634,0.00158874659561623,0.519984631568498,0.230975543599802
555,"s(curr_lastRippleHPC_z):curr_DOWN_yes",0.180124059959581,0.00195910362466259,0.545386477165192,0.160671865769949
556,"s(curr_lastRippleHPC_z):curr_DOWN_yes",0.173181092430328,0.00152982773740672,0.435492273555967,0.14313169420484
557,"s(curr_lastRippleHPC_z):curr_DOWN_yes",0.185825465802287,0.0020519796064673,0.55427690094595,0.163256207034681
558,"s(curr_lastRippleHPC_z):curr_DOWN_yes",0.310357478287807,0.00256587608801498,0.610033643986702,0.238759546721628
559,"s(curr_lastRippleHPC_z):curr_DOWN_yes",0.136949972462522,0.000290369662660522,0.474429858577278,0.141120672481454
560,"s(curr_lastRippleHPC_z):curr_DOWN_yes",0.235656519678233,0.00278443998120078,0.621050745879759,0.529918093474141
561,"s(curr_lastRippleHPC_z):curr_DOWN_yes",0.137814416484039,0.00151081448594929,0.489713500757601,0.144284258398789
562,"s(curr_lastRippleHPC_z):curr_DOWN_yes",0.084446232740417,0.00145434790383374,0.331732644851079,0.13487648681251
563,"s(curr_lastRippleHPC_z):curr_DOWN_yes",0.0861608685366502,0.00093921315624843,0.395544723659607,0.116491383977165
564,"s(curr_lastRippleHPC_z):curr_DOWN_yes",0.162152784034323,0.000949607117831603,0.223692914806496,0.0947212523521732
565,"s(curr_lastRippleHPC_z):curr_DOWN_yes",0.27066510723454,0.00289106323826178,0.674033016674351,0.198620821538552
566,"s(curr_lastRippleHPC_z):curr_DOWN_yes",0.0771684880704493,0.000867177623290373,0.349198497252209,0.102860311096358
567,"s(curr_lastRippleHPC_z):curr_DOWN_yes",0.130162281390743,0.00142949842641457,0.487253521283676,0.143638936629302
568,"s(curr_lastRippleHPC_z):curr_DOWN_yes",0.173255285126158,0.0018361109382928,0.545624971366117,0.160925878898888
569,"s(curr_lastRippleHPC_z):curr_DOWN_yes",0.220211264871926,0.00166527839601393,0.455268205131849,0.206877603945398
570,"s(curr_lastRippleHPC_z):curr_DOWN_yes",0.164534681397137,0.00127959265175519,0.446788868900998,0.154361938113647
571,"s(curr_lastRippleHPC_z):curr_DOWN_yes",0.282272445478658,0.00180643091634292,0.548941413515346,0.197669783627542
572,"s(curr_lastRippleHPC_z):curr_DOWN_yes",0.317478161867349,0.00341271501503264,0.732698590143871,0.215812996021397
573,"s(curr_lastRippleHPC_z):curr_DOWN_yes",0.132569309430909,0.00107183381838025,0.466537331232557,0.137317387794103
574,"s(curr_lastRippleHPC_z):curr_DOWN_yes",0.295688788824844,0.00292592506151533,0.770400122153826,0.225589273742575
575,"s(curr_lastRippleHPC_z):curr_DOWN_yes",0.303731484264903,0.00257021889859716,0.438798241207765,0.200658916224527
576,"s(curr_lastRippleHPC_z):curr_DOWN_yes",0.0673020893859482,0.000774346413991979,0.343111844632343,0.101101647007496
577,"s(curr_lastRippleHPC_z):curr_DOWN_yes",0.15743507246743,0.00167245779431102,0.581033697814044,0.190743924156333
578,"s(curr_lastRippleHPC_z):curr_DOWN_yes",0.159226915900734,0.00124464826921394,0.499094526166675,0.170643454671827
579,"s(curr_lastRippleHPC_z):curr_DOWN_yes",0.126105867187663,0.00142660232340283,0.459438559220568,0.135311558100408
580,"s(curr_lastRippleHPC_z):curr_DOWN_yes",0.165535626397913,0.00177775074854458,0.503403222630951,0.148318959696688
581,"s(curr_lastRippleHPC_z):curr_DOWN_yes",0.193014552233698,0.0011974395619589,1.12381529644747,0.298009749461098
582,"s(curr_lastRippleHPC_z):curr_DOWN_yes",0.253240779520358,0.00225385586821058,0.762085491979489,0.265546229294377
583,"s(curr_lastRippleHPC_z):curr_DOWN_yes",0.0223955893118495,0.000243778157730383,0.192037241512234,0.0565631166083779
584,"s(curr_lastRippleHPC_z):curr_DOWN_yes",0.147979119590882,0.00161525757635256,0.493402797044854,0.145390971745619
585,"s(curr_lastRippleHPC_z):curr_DOWN_yes",0.0573041662139282,0.000564762521987195,0.297346744516227,0.0875753145628606
586,"s(curr_lastRippleHPC_z):curr_DOWN_yes",0.476203481813507,0.00314753399856232,0.734989515883079,0.227599793957504
587,"s(curr_lastRippleHPC_z):curr_DOWN_yes",0.358175883907592,0.00261203028347356,0.591200663155885,0.365376157365627
588,"s(curr_lastRippleHPC_z):curr_DOWN_yes",0.365112238412505,0.00451606208838859,0.609313846511793,1.22184768991648
589,"s(curr_lastRippleHPC_z):curr_DOWN_yes",0.148669138169711,0.000852591791112639,0.167179332864579,0.0646317610776217
590,"s(curr_lastRippleHPC_z):curr_DOWN_yes",0.175916666487915,0.00118552046154119,0.493999258336558,0.162211666106586
591,"s(curr_lastRippleHPC_z):curr_DOWN_yes",-0.00495470389866082,0.0010750645151324,0.534667581550578,0.26741779979329
592,"s(curr_lastRippleHPC_z):curr_DOWN_yes",0.141482624355641,0.00207899293640282,0.473390546539478,0.656889845375725
593,"s(curr_lastRippleHPC_z):curr_DOWN_yes",0.109555538574513,0.00120179446679521,0.426074647599121,0.125493287920786
594,"s(curr_lastRippleHPC_z):curr_DOWN_yes",0.177473485448708,0.00163484530423247,0.361580238172037,0.161281114862943
595,"s(curr_lastRippleHPC_z):curr_DOWN_yes",0.187903229218573,0.00207624341804197,0.547586531504481,0.161314092639729
596,"s(curr_lastRippleHPC_z):curr_DOWN_yes",0.140598159765675,0.00193200669050538,0.474004627059988,0.738690672362095
597,"s(curr_lastRippleHPC_z):curr_DOWN_yes",0.223408889372866,0.00239575805184279,0.589186976039373,0.181194092734663
598,"s(curr_lastRippleHPC_z):curr_DOWN_yes",0.141867761664816,0.00057761247747849,0.442657499641971,0.13689127812852
599,"s(curr_lastRippleHPC_z):curr_DOWN_yes",0.278369810681904,0.00256532444956528,0.607407725109411,0.457824449376734
600,"s(curr_lastRippleHPC_z):curr_DOWN_yes",0.246404809074527,0.0023480997100462,0.638632091715642,0.236727802143491
601,"s(curr_lastRippleHPC_z):curr_DOWN_yes",0.0451197374848995,0.000557604934592275,0.188140110872263,0.230596009066779
602,"s(curr_lastRippleHPC_z):curr_DOWN_yes",0.100319310196278,0.00218075059677437,0.408980408949075,0.75176585698048
603,"s(curr_lastRippleHPC_z):curr_DOWN_yes",0.15460793512772,0.001619230823915,0.505595393343289,0.148910400683551
604,"s(curr_lastRippleHPC_z):curr_DOWN_yes",0.289454671512131,0.00253145813974403,0.512300014483797,0.252044211630413
605,"s(curr_lastRippleHPC_z):curr_DOWN_yes",0.246644972594764,0.00267174445156,0.617707237228544,0.182040768682421
606,"s(curr_lastRippleHPC_z):curr_DOWN_yes",0.0605973400237296,0.000683318524607932,0.322938715858341,0.0951162990434044
607,"s(curr_lastRippleHPC_z):curr_DOWN_yes",0.0642005723895798,0.000684719627325987,0.327554078489226,0.0964964311094678
608,"s(curr_lastRippleHPC_z):curr_DOWN_yes",0.0990289680544763,0.00111602245807149,0.454959845447275,0.903418631857907
609,"s(curr_lastRippleHPC_z):curr_DOWN_yes",0.202771549324512,0.00221005745899653,0.595310586731418,0.175325563505528
610,"s(curr_lastRippleHPC_z):curr_DOWN_yes",0.289000644986498,0.00309872559967437,0.679737355474775,0.200207960176527
611,"s(curr_lastRippleHPC_z):curr_DOWN_yes",0.123690076282102,0.00112687543937753,0.4279768124905,0.166404325799135
612,"s(curr_lastRippleHPC_z):curr_DOWN_yes",0.470648893663141,0.00410335538434082,0.691048773542458,0.372949532464578
613,"s(curr_lastRippleHPC_z):curr_DOWN_yes",0.24700559297291,0.00241999711770801,0.56747281097812,0.179425509604879
614,"s(curr_lastRippleHPC_z):curr_DOWN_yes",0.387566219014225,0.00448303365467461,0.756724767170068,0.959889579697326
615,"s(curr_lastRippleHPC_z):curr_DOWN_yes",0.355122484868659,0.00315165047970599,0.825628660940024,0.811778830762079
616,"s(curr_lastRippleHPC_z):curr_DOWN_yes",0.214145928058579,0.00237276943222695,0.629555787339827,0.185600210706185
617,"s(curr_lastRippleHPC_z):curr_DOWN_yes",0.211148337074699,0.00144000746539979,0.485574958392289,0.151822848547954
618,"s(curr_lastRippleHPC_z):curr_DOWN_yes",0.264908283415662,0.00245725396182791,0.63234150919121,0.185630479572562
619,"s(curr_lastRippleHPC_z):curr_DOWN_yes",0.162070026558292,0.00145838350031179,0.503770166331589,0.274247538368273
620,"s(curr_lastRippleHPC_z):curr_DOWN_yes",0.381648042503714,0.00267061534892312,0.429254957570555,0.255817373237863
621,"s(curr_lastRippleHPC_z):curr_DOWN_yes",0.174993878750282,0.00110525390579735,0.301644795538924,0.116588012936484
622,"s(curr_lastRippleHPC_z):curr_DOWN_yes",0.338277451849965,0.003311986674942,0.775624978389303,0.235841682631913
623,"s(curr_lastRippleHPC_z):curr_DOWN_yes",0.176717169232546,0.00257170468968731,0.424463085985143,1.21784151048484
624,"s(curr_lastRippleHPC_z):curr_DOWN_yes",0.138853182537718,0.00153782983982665,0.475701180323037,0.140105020125422
625,"s(curr_lastRippleHPC_z):curr_DOWN_yes",0.10459033173683,0.00108626491135881,0.415623069476012,0.122423056466256
626,"s(curr_lastRippleHPC_z):curr_DOWN_yes",0.278383478686409,0.00305708424546456,0.667163524503023,0.196574681622598
627,"s(curr_lastRippleHPC_z):curr_DOWN_yes",0.123880090659215,0.00115352682947808,0.228908720929529,0.355337251505692
628,"s(curr_lastRippleHPC_z):curr_DOWN_yes",0.360529221977034,0.00303320474825619,0.891961808264596,0.494784268083175
629,"s(curr_lastRippleHPC_z):curr_DOWN_yes",0.41569496793803,0.00450846769872923,0.840157427405326,0.247691944868806
630,"s(curr_lastRippleHPC_z):curr_DOWN_yes",0.133061856057637,0.00165795994878112,0.391704407321106,0.737440103383439
631,"s(curr_lastRippleHPC_z):curr_DOWN_yes",0.383431971693883,0.00350206094824752,0.549681012141252,0.241771546947934
632,"s(curr_lastRippleHPC_z):curr_DOWN_yes",0.230141475095885,0.00261213015655831,0.642348378990437,0.189177760312556
633,"s(curr_lastRippleHPC_z):curr_DOWN_yes",0.241421492558582,0.00229209648213878,0.633168008423876,0.450728135227471
634,"s(curr_lastRippleHPC_z):curr_DOWN_yes",0.359904546884067,0.00439221806991726,0.82095379826255,0.241778146152102
635,"s(curr_lastRippleHPC_z):curr_DOWN_yes",0.248299335437441,0.00186869029389466,0.540800420581105,0.159295114027025
636,"s(curr_lastRippleHPC_z):curr_DOWN_yes",0.235480370211182,0.00251526956925374,0.643049764419846,0.189447950473647
637,"s(curr_lastRippleHPC_z):curr_DOWN_yes",0.2465073377739,0.00217268998064648,0.449016337376913,0.16556877220696
638,"s(curr_lastRippleHPC_z):curr_DOWN_yes",0.295746444688421,0.00217472639104649,0.323913169504234,0.188568162815736
639,"s(curr_lastRippleHPC_z):curr_DOWN_yes",0.100935757288679,0.00106082540977149,0.392861364561671,0.115721568052631
640,"s(curr_lastRippleHPC_z):curr_DOWN_yes",0.112103090854964,0.000609332952387368,0.431675264356921,0.131686334223115
641,"s(curr_lastRippleHPC_z):curr_DOWN_yes",0.115146244022952,0.00134554115437759,0.34725174087678,0.687375357512321
642,"s(curr_lastRippleHPC_z):curr_DOWN_yes",0.304335233586719,0.0032032531991192,0.707285486157576,0.208542640806515
643,"s(curr_lastRippleHPC_z):curr_DOWN_yes",0.405774301501855,0.00356178567893003,0.681656986142264,0.572160310613546
644,"s(curr_lastRippleHPC_z):curr_DOWN_yes",0.0571170635125933,0.000294874778991145,0.255465668024655,0.0854150665097543
645,"s(curr_lastRippleHPC_z):curr_DOWN_yes",0.099754964488473,0.00109187379786323,0.409610704289382,0.120916583770444
646,"s(curr_lastRippleHPC_z):curr_DOWN_yes",0.197473066423207,0.00105225806670319,0.33080957917256,0.125080791062984
647,"s(curr_lastRippleHPC_z):curr_DOWN_yes",0.299980013753723,0.00278246649465187,0.473115272324506,0.943622855933315
648,"s(curr_lastRippleHPC_z):curr_DOWN_yes",0.161418887339521,0.00195653042667522,0.508711717103741,0.544156899157117
649,"s(curr_lastRippleHPC_z):curr_DOWN_yes",0.254451182188986,0.00162489802845137,1.20179334530766,0.356653216489008
650,"s(curr_lastRippleHPC_z):curr_DOWN_yes",0.406300967152172,0.004439668338677,0.805492016355627,0.237228209139017
651,"s(curr_lastRippleHPC_z):curr_DOWN_yes",0.108781843364699,0.000533987552135768,0.29219178156811,0.188961033960615
652,"s(curr_lastRippleHPC_z):curr_DOWN_yes",0.21964233275419,0.00236070869990696,0.595052310592338,0.175280895614483
653,"s(curr_lastRippleHPC_z):curr_DOWN_yes",0.102154373087171,0.0011137987617311,0.415932329367676,0.122497104820927
654,"s(curr_lastRippleHPC_z):curr_DOWN_yes",0.27673658207438,0.00305217565876142,0.668661961999265,0.197127159285324
655,"s(curr_lastRippleHPC_z):curr_DOWN_yes",0.167387844770574,0.00091694779246717,0.408337943206743,0.195668372649623
656,"s(curr_lastRippleHPC_z):curr_DOWN_yes",0.122149678629546,0.000718966745282007,0.31864105267173,0.172324199800324
657,"s(curr_lastRippleHPC_z):curr_DOWN_yes",0.257052734150504,0.00274494552977333,0.641795130542601,0.189029893082541
658,"s(curr_lastRippleHPC_z):curr_DOWN_yes",0.27144995013284,0.00231161541494139,0.891422535191591,0.515907556868519
659,"s(curr_lastRippleHPC_z):curr_DOWN_yes",0.32745091077611,0.00223223453065857,0.383788894107512,0.152772384384889
660,"s(curr_lastRippleHPC_z):curr_DOWN_yes",0.380891915186236,0.00320429033692035,0.60073921141133,0.786654431522231
661,"s(curr_lastRippleHPC_z):curr_DOWN_yes",0.147226796196413,0.000993934426102129,0.442249177600728,0.147944684537594
662,"s(curr_lastRippleHPC_z):curr_DOWN_yes",0.142262930963195,0.00170502475999423,0.461747898564744,0.406882104436921
663,"s(curr_lastRippleHPC_z):curr_DOWN_yes",0.0741585394146718,0.00101627706308716,0.346096977090573,0.790436297645275
664,"s(curr_lastRippleHPC_z):curr_DOWN_yes",0.211031760281686,0.00181583692701066,0.283687557515377,0.254171824062514
665,"s(curr_lastRippleHPC_z):curr_DOWN_yes",0.561352976563331,0.00485493461096528,1.93878000367846,0.87488587573604
666,"s(curr_lastRippleHPC_z):curr_DOWN_yes",0.390133307925253,0.00199521701570917,0.824634159855446,0.240544577855445
667,"s(curr_lastRippleHPC_z):curr_DOWN_yes",0.268873131702661,0.00274475241620362,0.523093995459673,0.629889775498277
668,"s(curr_lastRippleHPC_z):curr_DOWN_yes",0.0204522298118057,0.000223604109326131,0.182726650431929,0.0538105787966779
669,"s(curr_lastRippleHPC_z):curr_DOWN_yes",0.0913859739476024,0.0010028794745908,0.386855474528918,0.114122609026736
670,"s(curr_lastRippleHPC_z):curr_DOWN_yes",0.294712781679911,0.00251593568559245,0.419505947184443,0.171697867862067
671,"s(curr_lastRippleHPC_z):curr_DOWN_yes",0.148241575252805,0.000738885843183307,0.4636217317102,0.146917251519703
672,"s(curr_lastRippleHPC_z):curr_DOWN_yes",0.12614702556542,0.00171839286807429,0.458436164692038,0.645990151369703
673,"s(curr_lastRippleHPC_z):curr_DOWN_yes",0.398983993069627,0.00410677981436184,0.801304741629472,0.236002055294932
674,"s(curr_lastRippleHPC_z):curr_DOWN_yes",0.207849511673453,0.0019275726242061,0.565597959244726,0.442605386419541
675,"s(curr_lastRippleHPC_z):curr_DOWN_yes",0.468311378489934,0.00369132174191436,0.460474332002986,1.40250573957478
676,"s(curr_lastRippleHPC_z):curr_DOWN_yes",0.244017198242572,0.00294789869253004,0.621574974882165,0.9133724443484
677,"s(curr_lastRippleHPC_z):curr_DOWN_yes",0.256934525689501,0.0033259738898977,0.870426925750262,1.17558773454485
678,"s(curr_lastRippleHPC_z):curr_DOWN_yes",0.264183601839307,0.00311370349760683,0.669158327270144,0.734942350262845
679,"s(curr_lastRippleHPC_z):curr_DOWN_yes",0.159257950803373,0.00129541061758932,0.509586180234671,0.152768233414748
680,"s(curr_lastRippleHPC_z):curr_DOWN_yes",0.11331343842515,0.000537140615559917,0.563887829879198,0.159379660622336
681,"s(curr_lastRippleHPC_z):curr_DOWN_yes",0.0616987055098797,0.000408892223108618,0.236193088984187,0.0928189517794404
682,"s(curr_lastRippleHPC_z):curr_DOWN_yes",0.100941121527881,0.00102136696486985,0.396097324593189,0.116731745877855
683,"s(curr_lastRippleHPC_z):curr_DOWN_yes",0.132926675356786,0.00151622971085421,0.46607811758191,0.618947021405959
684,"s(curr_lastRippleHPC_z):curr_DOWN_yes",0.18983349430311,0.00234403974182307,0.5710596246136,0.411755817797776
685,"s(curr_lastRippleHPC_z):curr_DOWN_yes",0.0625145723876033,0.00062207461718186,0.150107875056076,0.431469049504326
686,"s(curr_lastRippleHPC_z):curr_DOWN_yes",0.146869501085731,0.00171166294639484,0.505372510823414,0.148912940725262
687,"s(curr_lastRippleHPC_z):curr_DOWN_yes",0.38020573587557,0.00413685183538648,0.77042292231851,0.226989586203405
688,"s(curr_lastRippleHPC_z):curr_DOWN_yes",0.239504647956021,0.00137329595170132,0.383474722949282,0.144931524868218
689,"s(curr_lastRippleHPC_z):curr_DOWN_yes",0.399263047846775,0.00344588242067174,0.449410349696043,0.309207359429939
690,"s(curr_lastRippleHPC_z):curr_DOWN_yes",0.239814968959258,0.00216163174856903,0.446365500793663,0.797236167504436
691,"s(curr_lastRippleHPC_z):curr_DOWN_yes",0.17242356852584,0.00179729268938678,0.529123830888739,0.155864702795955
692,"s(curr_lastRippleHPC_z):curr_DOWN_yes",0.244069230451903,0.00224771905677523,0.758359044907153,0.272722344575041
693,"s(curr_lastRippleHPC_z):curr_DOWN_yes",0.144993710968482,0.00126948739480092,0.460063845364964,0.349076116416604
694,"s(curr_lastRippleHPC_z):curr_DOWN_yes",0.281556174823273,0.00330352545724743,0.710626117555939,0.209510975472301
695,"s(curr_lastRippleHPC_z):curr_DOWN_yes",0.258020669750467,0.00166121514528037,0.474466231611526,0.374849339061545
696,"s(curr_lastRippleHPC_z):curr_DOWN_yes",0.292641073500289,0.00236746435219127,1.01382170186405,0.882750086926227
697,"s(curr_lastRippleHPC_z):curr_DOWN_yes",0.284299978512628,0.00288419523005521,0.5246402192018,0.656601249569568
698,"s(curr_lastRippleHPC_z):curr_DOWN_yes",0.191527086499667,0.00187546169075602,0.609493897176911,0.573959921454421
699,"s(curr_lastRippleHPC_z):curr_DOWN_yes",0.384093825544993,0.00410146818025344,0.790512066154959,0.23284668590214
700,"s(curr_lastRippleHPC_z):curr_DOWN_yes",0.140644594859248,0.00147477062137783,0.490206820322395,0.144499776376465
701,"s(curr_lastRippleHPC_z):curr_DOWN_yes",0.123305868031613,0.00111672204601216,0.346632997669302,0.420842195323379
702,"s(curr_lastRippleHPC_z):curr_DOWN_yes",0.30257718179372,0.00325922992812295,0.690377530814132,0.203363706596947
703,"s(curr_lastRippleHPC_z):curr_DOWN_yes",0.186663011963829,0.00199300520827538,0.543019161388138,0.159929125169953
704,"s(curr_lastRippleHPC_z):curr_DOWN_yes",0.0907075748337594,0.00077264853226547,0.368678041805723,0.144437295586499
705,"s(curr_lastRippleHPC_z):curr_DOWN_yes",0.165963981432545,0.00152521183895407,0.379084311373369,0.793926378945141
706,"s(curr_lastRippleHPC_z):curr_DOWN_yes",0.334657202462358,0.0026343912256074,0.627740357043625,0.313646582373283
707,"s(curr_lastRippleHPC_z):curr_DOWN_yes",0.138009178883121,0.00122152767988034,0.318318669556151,0.127664439030815
708,"s(curr_lastRippleHPC_z):curr_DOWN_yes",0.258461112780932,0.00219528081477874,0.572386507938192,0.247890678216618
709,"s(curr_lastRippleHPC_z):curr_DOWN_yes",0.229215005388759,0.00174534607346866,0.572470009249352,0.180176553535533
710,"s(curr_lastRippleHPC_z):curr_DOWN_yes",0.0947338773835753,0.000552220366672443,0.323315701889809,0.163510826954351
711,"s(curr_lastRippleHPC_z):curr_DOWN_yes",0.25427443687948,0.00319689990918311,0.654210448701171,0.859538797718228
712,"s(curr_lastRippleHPC_z):curr_DOWN_yes",0.0500458396445582,0.000544869048824399,0.292664943263381,0.0862297018823747
713,"s(curr_lastRippleHPC_z):curr_DOWN_yes",0.155640845018433,0.000920154663814175,0.196132057668503,0.0789661687858103
714,"s(curr_lastRippleHPC_z):curr_DOWN_yes",0.0364147215922674,0.000413682919647323,0.245541828324347,0.0723353539173582
715,"s(curr_lastRippleHPC_z):curr_DOWN_yes",0.160074407590536,0.00172417243364669,0.526840044271321,0.15516806542474
716,"s(curr_lastRippleHPC_z):curr_DOWN_yes",0.200355768283833,0.00144650173075962,0.308567543285876,0.162249540361957
717,"s(curr_lastRippleHPC_z):curr_DOWN_yes",0.247062742638201,0.00211872832241056,0.550482163093538,0.175890331533356
718,"s(curr_lastRippleHPC_z):curr_DOWN_yes",0.236629343046752,0.00154196426053363,0.34322068604422,0.160210467326551
719,"s(curr_lastRippleHPC_z):curr_DOWN_yes",0.100289130535455,0.00108438398821226,0.401059666815632,0.136308522640987
720,"s(curr_lastRippleHPC_z):curr_DOWN_yes",0.126331904830335,0.00186809394562859,0.473829760793057,0.524143450084855
721,"s(curr_lastRippleHPC_z):curr_DOWN_yes",0.270416790807047,0.00207052944709428,0.365545504262882,0.189212963251935
722,"s(curr_lastRippleHPC_z):curr_DOWN_yes",0.156267027367024,0.00165856492578836,0.507349553769204,0.149758385283025
723,"s(curr_lastRippleHPC_z):curr_DOWN_yes",0.193341024998746,0.00168567730410355,0.685870301003758,0.186991084912152
724,"s(curr_lastRippleHPC_z):curr_DOWN_yes",0.036919762489334,0.000393973791065899,0.249190860985588,0.0749123490186314
725,"s(curr_lastRippleHPC_z):curr_DOWN_yes",0.0850282329238992,0.000867276086267023,0.37251230995429,0.109739181779271
726,"s(curr_lastRippleHPC_z):curr_DOWN_yes",0.334735407332236,0.00368221688218857,0.742654756101195,0.218767089914788
727,"s(curr_lastRippleHPC_z):curr_DOWN_yes",0.202901752845445,0.00223382984687285,0.5714583468838,0.168338606863079
728,"s(curr_lastRippleHPC_z):curr_DOWN_yes",0.26498461111428,0.00231267052469756,0.622962908757784,0.190045550673404
729,"s(curr_lastRippleHPC_z):curr_DOWN_yes",0.172941380235355,0.00105949185226258,0.491252460022116,0.148269698067266
730,"s(curr_lastRippleHPC_z):curr_DOWN_yes",0.251073930919566,0.00278000580855739,0.63598225471696,0.187696672444779
731,"s(curr_lastRippleHPC_z):curr_DOWN_yes",0.151154751658718,0.00157608130407247,0.381630403265636,0.808090128860957
732,"s(curr_lastRippleHPC_z):curr_DOWN_yes",0.162031778066163,0.00172075483590397,0.528009704653416,0.155533840007744
733,"s(curr_lastRippleHPC_z):curr_DOWN_yes",0.148963981730708,0.00176592697876633,0.487477248809353,0.382630611114061
734,"s(curr_lastRippleHPC_z):curr_DOWN_yes",0.150339828861244,0.00135217281770229,0.368331813263841,0.205458985905494
735,"s(curr_lastRippleHPC_z):curr_DOWN_yes",0.0877699139340367,0.00101047236267221,0.404949818501696,0.119271816427953
736,"s(curr_lastRippleHPC_z):curr_DOWN_yes",0.253610003152911,0.00273721558460569,0.646343366847753,0.19049676626082
737,"s(curr_lastRippleHPC_z):curr_DOWN_yes",0.0604792998630765,0.000681639655930415,0.320906735837427,0.0945526450854996
738,"s(curr_lastRippleHPC_z):curr_DOWN_yes",0.0970913433746636,0.000581772874649327,0.352164505587141,0.110288125659492
739,"s(curr_lastRippleHPC_z):curr_DOWN_yes",0.166066214361311,0.00185969285897294,0.528137768623646,0.156095034368663
740,"s(curr_lastRippleHPC_z):curr_DOWN_yes",0.125590628913069,0.00139779340022911,0.456143603186023,0.134356080411632
741,"s(curr_lastRippleHPC_z):curr_DOWN_yes",0.153324782807498,0.00134957099875704,0.438417307641688,0.364104875154171
742,"s(curr_lastRippleHPC_z):curr_DOWN_yes",0.244298511653263,0.00212653848309083,0.399002784178264,0.250049015896476
743,"s(curr_lastRippleHPC_z):curr_DOWN_yes",0.275975594585219,0.0024468193128467,0.384576137127176,1.06362555641371
744,"s(curr_lastRippleHPC_z):curr_DOWN_yes",0.278390907461029,0.0026599907788148,0.586568340679631,0.436135380567009
745,"s(curr_lastRippleHPC_z):curr_DOWN_yes",0.125832047262497,0.000569724667103544,0.449248323986245,0.200808543931446
746,"s(curr_lastRippleHPC_z):curr_DOWN_yes",0.195563892158678,0.00209691006886117,0.590302826295304,0.173849730514603
747,"s(curr_lastRippleHPC_z):curr_DOWN_yes",0.136240709836298,0.0015372453531703,0.511775026321016,0.150735916062408
748,"s(curr_lastRippleHPC_z):curr_DOWN_yes",0.105804674508382,0.000966682099978092,0.197175477084086,0.995071000523265
749,"s(curr_lastRippleHPC_z):curr_DOWN_yes",0.231785873401511,0.0018319140496646,0.455117610190163,0.165481487653478
750,"s(curr_lastRippleHPC_z):curr_DOWN_yes",0.136182224997849,0.00142012409116275,0.473526179386608,0.139460705755736
751,"s(curr_lastRippleHPC_z):curr_DOWN_yes",0.196381426396202,0.00206373333515991,0.562010637140232,0.165553987323121
752,"s(curr_lastRippleHPC_z):curr_DOWN_yes",0.273479226091885,0.00302789248896709,0.717837027232888,0.211400984916676
753,"s(curr_lastRippleHPC_z):curr_DOWN_yes",0.45949399986637,0.00405867856994928,0.645756327191474,0.282529862284021
754,"s(curr_lastRippleHPC_z):curr_DOWN_yes",0.303875448449226,0.00325342282807909,0.751302512120552,0.221300703562425
755,"s(curr_lastRippleHPC_z):curr_DOWN_yes",0.132495176996396,0.00113319139491383,0.355745632840164,0.156503978076529
756,"s(curr_lastRippleHPC_z):curr_DOWN_yes",0.213709056192869,0.00161179048857076,0.538361200371997,0.168686202384488
757,"s(curr_lastRippleHPC_z):curr_DOWN_yes",0.148941953795736,0.000801449216111145,0.242629306855846,0.149850250680297
758,"s(curr_lastRippleHPC_z):curr_DOWN_yes",0.0878637641865154,0.00092589094136309,0.389921634639039,0.114834659460173
759,"s(curr_lastRippleHPC_z):curr_DOWN_yes",0.217143902486288,0.0023646356303198,0.573488059416815,0.16889934037942
760,"s(curr_lastRippleHPC_z):curr_DOWN_yes",0.392759425112254,0.00246499487700543,0.609365258559301,0.207758384135661
761,"s(curr_lastRippleHPC_z):curr_DOWN_yes",0.132809046817211,0.00123347191665217,0.358221712489913,0.182414947467527
762,"s(curr_lastRippleHPC_z):curr_DOWN_yes",0.165354956526967,0.00111774600351434,0.640985264399789,0.255422951912111
763,"s(curr_lastRippleHPC_z):curr_DOWN_yes",0.116854896887801,0.000878738286875415,0.336009342712879,0.109943551194574
764,"s(curr_lastRippleHPC_z):curr_DOWN_yes",0.140692757090169,0.00166288531343037,0.508841023157491,0.302960321929828
765,"s(curr_lastRippleHPC_z):curr_DOWN_yes",0.132701630899812,0.00141320656918273,0.458415255909393,0.135007670680677
766,"s(curr_lastRippleHPC_z):curr_DOWN_yes",0.104882863700581,0.000482335290870001,0.294059134653607,0.21095360526725
767,"s(curr_lastRippleHPC_z):curr_DOWN_yes",0.290309953105577,0.00375924456497436,0.715911578697163,0.937712685626773
768,"s(curr_lastRippleHPC_z):curr_DOWN_yes",0.164521294755113,0.000871905460541883,0.477240478214889,0.146182178185841
769,"s(curr_lastRippleHPC_z):curr_DOWN_yes",0.307408674324448,0.00303886535988776,0.574988493329823,2.13716258152724
770,"s(curr_lastRippleHPC_z):curr_DOWN_yes",0.16695400607194,0.00145183032105575,0.581302319160849,0.263177071405818
771,"s(curr_lastRippleHPC_z):curr_DOWN_yes",0.126325474106946,0.00138443301750726,0.469342261204953,0.138225733918809
772,"s(curr_lastRippleHPC_z):curr_DOWN_yes",0.173783975048618,0.00183638553425802,0.528195867602792,0.155568382579785
773,"s(curr_lastRippleHPC_z):curr_DOWN_yes",0.185852594895558,0.00258599047738838,0.641804115561395,0.18904090867496
774,"s(curr_lastRippleHPC_z):curr_DOWN_yes",0.0954994819682211,0.000787141191900093,0.367070875214772,0.139553909089473
775,"s(curr_lastRippleHPC_z):curr_DOWN_yes",0.102050792658776,0.000442393663684233,0.35828581070239,0.109309189924503
776,"s(curr_lastRippleHPC_z):curr_DOWN_yes",0.253817867368925,0.00272986215543346,0.64458115958369,0.189853058095131
777,"s(curr_lastRippleHPC_z):curr_DOWN_yes",0.195691989046964,0.00169586552015799,0.566683791942173,0.338174988586595
778,"s(curr_lastRippleHPC_z):curr_DOWN_yes",0.200926743035406,0.00151290201212811,0.339109013338323,0.252870143118794
779,"s(curr_lastRippleHPC_z):curr_DOWN_yes",0.34471819584695,0.00323046276265185,0.794282051411586,0.229485391457934
780,"s(curr_lastRippleHPC_z):curr_DOWN_yes",0.154912064361286,0.000657898468713387,0.360479237121177,0.0975741816890557
781,"s(curr_lastRippleHPC_z):curr_DOWN_yes",0.107238351614959,0.00117180144090002,0.434424421872866,0.128020709666119
782,"s(curr_lastRippleHPC_z):curr_DOWN_yes",0.151403525519504,0.000850700323795549,0.394289727403532,0.153055114569035
783,"s(curr_lastRippleHPC_z):curr_DOWN_yes",0.458727532181392,0.00343518347705189,0.482538038028503,0.304449565662955
784,"s(curr_lastRippleHPC_z):curr_DOWN_yes",0.150555628306352,0.000871163651564513,0.212672382781857,0.131246939335159
785,"s(curr_lastRippleHPC_z):curr_DOWN_yes",0.151805151215906,0.0020905458570845,0.506576302155196,0.61849877019642
786,"s(curr_lastRippleHPC_z):curr_DOWN_yes",0.254212747052219,0.00272407627371449,0.652440866929862,0.27657039999005
787,"s(curr_lastRippleHPC_z):curr_DOWN_yes",0.165488438411779,0.00213046578516015,0.401917564152879,0.897858850443277
788,"s(curr_lastRippleHPC_z):curr_DOWN_yes",0.176910560633813,0.00188694102212463,0.548109963924089,0.161440683465091
789,"s(curr_lastRippleHPC_z):curr_DOWN_yes",0.160465942881692,0.00162924424757317,0.506873402224166,0.149294449886644
790,"s(curr_lastRippleHPC_z):curr_DOWN_yes",0.269957740012741,0.00190808626874695,0.481795945983511,0.163802131451912
791,"s(curr_lastRippleHPC_z):curr_DOWN_yes",0.251590818784091,0.00272023836474865,0.637192268984465,0.187658446890175
792,"s(curr_lastRippleHPC_z):curr_DOWN_yes",0.0457613525065108,0.000708345424706805,0.278676019432201,0.424994331793247
793,"s(curr_lastRippleHPC_z):curr_DOWN_yes",0.170952411089265,0.000946360065041215,0.291877594548462,0.190867776684495
794,"s(curr_lastRippleHPC_z):curr_DOWN_yes",0.113311377204809,0.00120328390851307,0.422097810331356,0.124712922188157
795,"s(curr_lastRippleHPC_z):curr_DOWN_yes",0.478434274075895,0.00414640433176449,1.11610509964081,1.20648695814088
796,"s(curr_lastRippleHPC_z):curr_DOWN_yes",0.133695407410767,0.00145812072799483,0.490432675318655,0.14443770616427
797,"s(curr_lastRippleHPC_z):curr_DOWN_yes",0.205664219046096,0.00193701200693588,0.567964876815202,0.372813589848217
798,"s(curr_lastRippleHPC_z):curr_DOWN_yes",0.285767771969912,0.00287014276732644,0.252157284769367,0.696823187329056
799,"s(curr_lastRippleHPC_z):curr_DOWN_yes",0.227231924089002,0.00195501050668422,0.622359780617082,0.249890154074799
800,"s(curr_lastRippleHPC_z):curr_DOWN_yes",0.206061116778575,0.002245982370136,0.571351417500582,0.168307441915711
801,"s(curr_lastRippleHPC_z):curr_DOWN_yes",0.2380576894024,0.0022917726744767,0.544963727367191,0.195050962360375
802,"s(curr_lastRippleHPC_z):curr_DOWN_yes",0.265147337575268,0.00288026573995243,0.682139117557415,0.200903986209942
803,"s(curr_lastRippleHPC_z):curr_DOWN_yes",0.163554756301933,0.00175925169008926,0.520860807272019,0.153407361282571
804,"s(curr_lastRippleHPC_z):curr_DOWN_yes",0.123428543729482,0.00161790594633625,0.473406739847829,0.886111263236891
805,"s(curr_lastRippleHPC_z):curr_DOWN_yes",0.215387531020268,0.00142290974337285,0.507663448284516,0.191526675536173
806,"s(curr_lastRippleHPC_z):curr_DOWN_yes",0.278573706606323,0.00272429031714543,0.569672729013146,0.244842223479553
807,"s(curr_lastRippleHPC_z):curr_DOWN_yes",0.295633028721448,0.00316233713512123,0.68914552509698,0.202963457610768
808,"s(curr_lastRippleHPC_z):curr_DOWN_yes",0.14887001019447,0.00172417113505252,0.481708940601025,0.161974789168967
809,"s(curr_lastRippleHPC_z):curr_DOWN_yes",0.225811526132073,0.00183553549012387,0.568113127331341,0.36671543512842
810,"s(curr_lastRippleHPC_z):curr_DOWN_yes",0.117347987378233,0.00128687410972152,0.436113851089761,0.128440052420092
811,"s(curr_lastRippleHPC_z):curr_DOWN_yes",0.31539006193253,0.00282285088327637,0.413392865480206,0.384217592171291
812,"s(curr_lastRippleHPC_z):curr_DOWN_yes",0.352986285004922,0.0030461768464983,0.604164780097447,0.32228680394189
813,"s(curr_lastRippleHPC_z):curr_DOWN_yes",0.407109139640843,0.00312443478310479,1.42442262242586,0.37024491950059
814,"s(curr_lastRippleHPC_z):curr_DOWN_yes",0.0756993936070423,0.000787627350273892,0.3422600169144,0.101076047513509
815,"s(curr_lastRippleHPC_z):curr_DOWN_yes",0.272161034482684,0.00251873271512035,0.266075229985054,1.18844660175986
816,"s(curr_lastRippleHPC_z):curr_DOWN_yes",0.338058567889921,0.00330613985456567,0.611652569447469,0.218460439061581
817,"s(curr_lastRippleHPC_z):curr_DOWN_yes",0.139013469705524,0.00147231263767629,0.483808923455085,0.142588028991989
818,"s(curr_lastRippleHPC_z):curr_DOWN_yes",0.0760555295569727,0.000455269006958048,0.288662986128711,0.101157720046095
819,"s(curr_lastRippleHPC_z):curr_DOWN_yes",0.309537682143726,0.00126210152348527,0.712419637639504,0.212402419635208
820,"s(curr_lastRippleHPC_z):curr_DOWN_yes",0.0938461665680679,0.00101023246928713,0.387590366397622,0.114204633792253
821,"s(curr_lastRippleHPC_z):curr_DOWN_yes",0.227623446859148,0.00128115101018176,0.58176219962905,0.171676264943841
822,"s(curr_lastRippleHPC_z):curr_DOWN_yes",0.0587942715058993,0.000938712461798511,0.280147653357769,0.544528820115041
823,"s(curr_lastRippleHPC_z):curr_DOWN_yes",0.359571938454683,0.00246341078331407,0.50264132469885,0.351523310129505
824,"s(curr_lastRippleHPC_z):curr_DOWN_yes",0.318703143702981,0.00287294396094999,0.473987601314833,0.201215537189521
825,"s(curr_lastRippleHPC_z):curr_DOWN_yes",0.311687565313424,0.0035387007616157,0.775165784923135,0.228306795624829
826,"s(curr_lastRippleHPC_z):curr_DOWN_yes",0.165275490860665,0.00151886199681055,0.408050872087354,0.174574557420844
827,"s(curr_lastRippleHPC_z):curr_DOWN_yes",0.203583892459258,0.00219691774414887,0.589875557760988,0.17382651125047
828,"s(curr_lastRippleHPC_z):curr_DOWN_yes",0.241371764460736,0.00176541375850768,0.485012242661598,0.279750150099109
829,"s(curr_lastRippleHPC_z):curr_DOWN_yes",0.191929982202438,0.00207997158534406,0.563401486744491,0.165955114373589
830,"s(curr_lastRippleHPC_z):curr_DOWN_yes",0.204610347961085,0.00255801990787574,0.587379938786058,0.46730417824329
831,"s(curr_lastRippleHPC_z):curr_DOWN_yes",0.12790497189041,0.0026079818875377,0.561680307907785,0.655838999445608
832,"s(curr_lastRippleHPC_z):curr_DOWN_yes",0.0817475890375414,0.000942801760021721,0.374189086634037,0.110500769881023
833,"s(curr_lastRippleHPC_z):curr_DOWN_yes",0.136700292197041,0.00148530915280633,0.482895189698692,0.142217766715474
834,"s(curr_lastRippleHPC_z):curr_DOWN_yes",0.251501026826463,0.00223849916566921,0.560481970200205,0.648830892281699
835,"s(curr_lastRippleHPC_z):curr_DOWN_yes",0.108154170336599,0.00119412019213465,0.431988053942949,0.127282675328657
836,"s(curr_lastRippleHPC_z):curr_DOWN_yes",0.0716366594450202,0.000309550366362604,0.320934101810683,0.105120890532736
837,"s(curr_lastRippleHPC_z):curr_DOWN_yes",0.46514226249406,0.00430206427458041,0.347414315845036,0.175269396221457
838,"s(curr_lastRippleHPC_z):curr_DOWN_yes",0.275054026855674,0.00177926740813144,0.621667843926432,0.194641514255015
839,"s(curr_lastRippleHPC_z):curr_DOWN_yes",0.172598652206949,0.00181480698440756,0.524947404244922,0.183946191575149
840,"s(curr_lastRippleHPC_z):curr_DOWN_yes",0.237100136723191,0.00181662142068299,0.341817683140052,0.140661327587265
841,"s(curr_lastRippleHPC_z):curr_DOWN_yes",0.185435407142857,0.001979874473551,0.534202692955324,0.202192963153486
842,"s(curr_lastRippleHPC_z):curr_DOWN_yes",0.170114230494634,0.000193929647523131,0.516544048605319,0.152741178497762
843,"s(curr_lastRippleHPC_z):curr_DOWN_yes",0.163520394776413,0.00173370739963589,0.498191044031667,0.146734533920043
844,"s(curr_lastRippleHPC_z):curr_DOWN_yes",0.0727771464628919,0.00029917049642366,0.333499405530025,0.143929331044098
845,"s(curr_lastRippleHPC_z):curr_DOWN_yes",0.0796126943761823,0.000380471022453622,0.310236082417109,0.110585490774906
846,"s(curr_lastRippleHPC_z):curr_DOWN_yes",0.0269388618571007,0.000293955044409523,0.21479897727624,0.0632862280794748
847,"s(curr_lastRippleHPC_z):curr_DOWN_yes",0.450449024261778,0.00427352445859676,0.607674159644732,0.41541776948772
848,"s(curr_lastRippleHPC_z):curr_DOWN_yes",0.191831148204012,0.00198885553944509,0.541839715911265,0.159727873365471
849,"s(curr_lastRippleHPC_z):curr_DOWN_yes",0.421648618869111,0.00306448130326415,0.736459488618981,0.237770205465097
850,"s(curr_lastRippleHPC_z):curr_DOWN_yes",0.108248301610894,0.0011802218561915,0.422078561218649,0.124371169933329
851,"s(curr_lastRippleHPC_z):curr_DOWN_yes",0.444268750509131,0.00328094982352865,0.392640381826182,0.150390474199967
852,"s(curr_lastRippleHPC_z):curr_DOWN_yes",0.181363895279029,0.00108443705991257,0.572313665343508,0.189607940550841
853,"s(curr_lastRippleHPC_z):curr_DOWN_yes",0.214650413494557,0.00232477164802199,0.579688074440944,0.170730343551676
854,"s(curr_lastRippleHPC_z):curr_DOWN_yes",0.274201443095123,0.00211274149407408,0.323498149350106,0.154057049895559
855,"s(curr_lastRippleHPC_z):curr_DOWN_yes",0.104113490598208,0.00109287752651761,0.410563551516914,0.120914797655985
856,"s(curr_lastRippleHPC_z):curr_DOWN_yes",0.450330061371223,0.00477566202362022,0.842502307085992,0.248195488238356
857,"s(curr_lastRippleHPC_z):curr_DOWN_yes",0.259832329285923,0.00233427970960241,0.637764945621811,0.903414755272014
858,"s(curr_lastRippleHPC_z):curr_DOWN_yes",0.131520153202088,0.00141899351274952,0.465779120963578,0.137427781943154
859,"s(curr_lastRippleHPC_z):curr_DOWN_yes",0.246166643326177,0.00192220825672946,1.20379957008657,0.373560836904211
860,"s(curr_lastRippleHPC_z):curr_DOWN_yes",0.217049347773261,0.00240365904106233,0.593961853876011,0.174927722648928
861,"s(curr_lastRippleHPC_z):curr_DOWN_yes",0.221727807017776,0.00205773853275321,0.440112621404347,0.281571551591612
862,"s(curr_lastRippleHPC_z):curr_DOWN_yes",0.257433205759858,0.00190268684904355,0.300697359468299,0.349377279420472
863,"s(curr_lastRippleHPC_z):curr_DOWN_yes",0.219391276616121,0.00134844843115768,0.339229421741633,0.215851080013917
864,"s(curr_lastRippleHPC_z):curr_DOWN_yes",0.121696703509176,0.00132659340242456,0.449119578483397,0.132289984343354
865,"s(curr_lastRippleHPC_z):curr_DOWN_yes",0.128933502209675,0.00149682746430214,0.464269448898546,0.369216538672606
866,"s(curr_lastRippleHPC_z):curr_DOWN_yes",0.108245066616432,0.000856957194255578,0.436253507495139,0.128621636758348
867,"s(curr_lastRippleHPC_z):curr_DOWN_yes",0.176361901952302,0.00202116194056518,0.566816980752553,0.225930548947029
868,"s(curr_lastRippleHPC_z):curr_DOWN_yes",0.269881510838693,0.00043719281426915,0.642211787913012,0.189197752250634
869,"s(curr_lastRippleHPC_z):curr_DOWN_yes",0.16697407690569,0.00188639515525714,0.52905127202945,0.340019859225542
870,"s(curr_lastRippleHPC_z):curr_DOWN_yes",0.122092798350512,0.000646736475527822,0.272550179716106,0.104785403277129
871,"s(curr_lastRippleHPC_z):curr_DOWN_yes",0.182008827916269,0.000999411243674148,0.520213029802188,0.241998144150184
872,"s(curr_lastRippleHPC_z):curr_DOWN_yes",0.471158324508667,0.00487994967881256,0.748060763687584,0.840589455462093
873,"s(curr_lastRippleHPC_z):curr_DOWN_yes",0.177013602008091,0.00144707307766674,0.555754689748116,0.359462163965049
874,"s(curr_lastRippleHPC_z):curr_DOWN_yes",0.141013137599474,0.00148535493249357,0.482678733055893,0.14216037035391
875,"s(curr_lastRippleHPC_z):curr_DOWN_yes",0.125030751741612,0.00097608505890638,0.307288543225873,0.160850589071398
876,"s(curr_lastRippleHPC_z):curr_DOWN_yes",0.164666728486986,0.00183752140368395,0.526703211981097,0.535870644826599
877,"s(curr_lastRippleHPC_z):curr_DOWN_yes",0.173695866745165,0.00187159099905125,0.529488109643168,0.156006225465086
878,"s(curr_lastRippleHPC_z):curr_DOWN_yes",0.268306812056279,0.0027703634690582,0.646859165017842,0.190505478319329
879,"s(curr_lastRippleHPC_z):curr_DOWN_yes",0.435136677395537,0.00530022865020305,0.800801295867508,1.46699921936022
880,"s(curr_lastRippleHPC_z):curr_DOWN_yes",0.119982559293907,0.00127988910757668,0.456235144926341,0.134366000389595
881,"s(curr_lastRippleHPC_z):curr_DOWN_yes",0.452324454547151,0.00310469770953952,0.912320237354879,0.268291851128544
882,"s(curr_lastRippleHPC_z):curr_DOWN_yes",0.327127219799503,0.00223236961298793,0.492800083675199,0.233833533317415
883,"s(curr_lastRippleHPC_z):curr_DOWN_yes",0.260645339987551,0.00237069188791925,0.599256313575784,0.370429667693035
884,"s(curr_lastRippleHPC_z):curr_DOWN_yes",0.213436113589442,0.0017235360893887,0.462854254751595,0.407882660579672
885,"s(curr_lastRippleHPC_z):curr_DOWN_yes",0.176114973533719,0.00279106424958544,0.541103121967255,1.23210157961907
886,"s(curr_lastRippleHPC_z):curr_DOWN_yes",0.344370926014591,0.0037699699219305,0.77425979806355,0.228064976882572
887,"s(curr_lastRippleHPC_z):curr_DOWN_yes",0.296513008010585,0.00236557219327503,0.599522274602685,0.2688258714464
888,"s(curr_lastRippleHPC_z):curr_DOWN_yes",0.109901498605819,0.000981660595601182,0.310551776285645,0.451746791733995
889,"s(curr_lastRippleHPC_z):curr_DOWN_yes",0.25540665422571,0.00251998628859385,0.612214914286345,0.246510984333585
890,"s(curr_lastRippleHPC_z):curr_DOWN_yes",0.17498233670145,0.00143320981142062,0.482148406033486,0.142056409851594
891,"s(curr_lastRippleHPC_z):curr_DOWN_yes",0.097344418408337,0.00103280529556329,0.398073256023944,0.117487169391699
892,"s(curr_lastRippleHPC_z):curr_DOWN_yes",0.0395899394784625,0.000578178205032752,0.311335105396359,0.104390671907578
893,"s(curr_lastRippleHPC_z):curr_DOWN_yes",0.156286742702163,0.00134579803726299,0.440245828818468,0.157865255733926
894,"s(curr_lastRippleHPC_z):curr_DOWN_yes",0.54441077630262,0.00492200606448404,1.55956212358728,0.40857433423454
895,"s(curr_lastRippleHPC_z):curr_DOWN_yes",0.475380907265614,0.0037192744720944,0.772877351866485,0.247301938412789
896,"s(curr_lastRippleHPC_z):curr_DOWN_yes",0.325618710306125,0.00294360984112405,0.58656028134105,0.209149752024446
897,"s(curr_lastRippleHPC_z):curr_DOWN_yes",0.087096977341302,0.000949581002748401,0.385645268658949,0.113585069778887
898,"s(curr_lastRippleHPC_z):curr_DOWN_yes",0.382941960714505,0.00403309293439601,0.802368245586904,0.236440102413806
899,"s(curr_lastRippleHPC_z):curr_DOWN_yes",0.191413070024933,0.00206368650827248,0.548202685547322,0.161488531826588
900,"s(curr_lastRippleHPC_z):curr_DOWN_yes",0.0994392160365063,0.000195000345431326,0.393566527995193,0.117294162123617
901,"s(curr_lastRippleHPC_z):curr_DOWN_yes",0.336819072804015,0.00421757009465626,0.800574812832408,0.235827138012405
902,"s(curr_lastRippleHPC_z):curr_DOWN_yes",0.306459349898856,0.00258860821735132,0.555265826324642,0.403622784023363
903,"s(curr_lastRippleHPC_z):curr_DOWN_yes",0.312182151135703,0.00216101987579682,0.396746579147832,0.279653756315558
904,"s(curr_lastRippleHPC_z):curr_DOWN_yes",0.213840778915403,0.00160682368676419,0.639284769617222,0.22204162112628
905,"s(curr_lastRippleHPC_z):curr_DOWN_yes",0.234999858324027,0.00216850295924637,0.435834219259351,0.202601313648741
906,"s(curr_lastRippleHPC_z):curr_DOWN_yes",0.165963606960623,0.00184629710129471,0.538482324152077,0.158842948347233
907,"s(curr_lastRippleHPC_z):curr_DOWN_yes",0.250055586510039,0.00282738605514614,0.660345594173298,0.718750575799938
908,"s(curr_lastRippleHPC_z):curr_DOWN_yes",0.0833430819134318,0.000944362998040548,0.380406368329987,0.112093110644798
909,"s(curr_lastRippleHPC_z):curr_DOWN_yes",0.409398655344697,0.00305600193722197,0.544307083147517,0.486687153466007
910,"s(curr_lastRippleHPC_z):curr_DOWN_yes",0.1524222286952,0.000993088230320149,0.317901160900757,0.0979511679287258
911,"s(curr_lastRippleHPC_z):curr_DOWN_yes",0.11127010320882,0.00120845869077862,0.43955278617361,0.129469956022506
912,"s(curr_lastRippleHPC_z):curr_DOWN_yes",0.319946613568125,0.00352242450837868,0.752678081194641,0.285300964080593
913,"s(curr_lastRippleHPC_z):curr_DOWN_yes",0.1405969256161,0.000707622976189624,0.404978870501216,0.125667504161568
914,"s(curr_lastRippleHPC_z):curr_DOWN_yes",0.355600950318974,0.00263461427791586,0.70086066728755,0.305564749460374
915,"s(curr_lastRippleHPC_z):curr_DOWN_yes",0.224154928260682,0.00241574330806859,0.617163654471024,0.181770121250097
916,"s(curr_lastRippleHPC_z):curr_DOWN_yes",0.222182648668787,0.00247997232296151,0.62011745941852,0.182629634213749
917,"s(curr_lastRippleHPC_z):curr_DOWN_yes",0.116906293467641,0.000585590917117211,0.41941608101333,0.127293643581437
918,"s(curr_lastRippleHPC_z):curr_DOWN_yes",0.0842140865085099,0.00100533684323413,0.291125790582218,0.783153030906489
919,"s(curr_lastRippleHPC_z):curr_DOWN_yes",0.240017808373601,0.00257662144053133,0.5976986925142,0.287757521376585
920,"s(curr_lastRippleHPC_z):curr_DOWN_yes",0.166879097821601,0.0020405350509008,0.517559265601115,0.419830391689089
921,"s(curr_lastRippleHPC_z):curr_DOWN_yes",0.144240568593728,0.00125977012963412,0.386908259824622,0.164647114757479
922,"s(curr_lastRippleHPC_z):curr_DOWN_yes",0.406976756209978,0.0035196103413336,0.310050982890443,0.160142519955899
923,"s(curr_lastRippleHPC_z):curr_DOWN_yes",0.491286717247704,0.00320583446114836,0.766515895642271,0.34094933108295
924,"s(curr_lastRippleHPC_z):curr_DOWN_yes",0.266128478802885,0.00285822330924206,0.685046669183275,0.202021977205314
925,"s(curr_lastRippleHPC_z):curr_DOWN_yes",0.276504782871647,0.00303860124922183,0.544079532687226,0.781309051850141
926,"s(curr_lastRippleHPC_z):curr_DOWN_yes",0.325834927585622,0.00294071012548368,0.474364653576611,0.122975337730441
927,"s(curr_lastRippleHPC_z):curr_DOWN_yes",0.42499749408619,0.00465829637420651,0.842958234034796,0.248538638923498
928,"s(curr_lastRippleHPC_z):curr_DOWN_yes",0.25592153111675,0.00277451287506482,0.657183261452371,0.193569390202506
929,"s(curr_lastRippleHPC_z):curr_DOWN_yes",0.0962445458702685,0.00136998078889927,0.38206876332334,0.742775398819128
930,"s(curr_lastRippleHPC_z):curr_DOWN_yes",0.241606519067592,0.00168724034146555,0.468288243874007,0.266200299872974
931,"s(curr_lastRippleHPC_z):curr_DOWN_yes",0.203005638554152,0.00160129709029766,0.307331335111508,0.130861519069452
932,"s(curr_lastRippleHPC_z):curr_DOWN_yes",0.384491948884691,0.00279299650863001,0.506628886227698,0.26588225113604
933,"s(curr_lastRippleHPC_z):curr_DOWN_yes",0.409814650421711,0.00344969286047043,0.393197560951961,0.263263258321286
934,"s(curr_lastRippleHPC_z):curr_DOWN_yes",0.097100572725072,0.000351044382437349,0.230611372052585,0.106136370463768
935,"s(curr_lastRippleHPC_z):curr_DOWN_yes",0.131377512300729,0.00140726559225781,0.488335216585428,0.143820750413625
936,"s(curr_lastRippleHPC_z):curr_DOWN_yes",0.37240909533066,0.00334360878222824,0.412957812221885,0.203970998424183
937,"s(curr_lastRippleHPC_z):curr_DOWN_yes",0.152606735935907,0.00159489697759192,0.5037670110057,0.148371083310842
938,"s(curr_lastRippleHPC_z):curr_DOWN_yes",0.0808607946666617,0.000935921321608653,0.303529889139216,0.648332567415176
939,"s(curr_lastRippleHPC_z):curr_DOWN_yes",0.401048115820305,0.00534425804574456,0.84922971147848,1.03736392015477
940,"s(curr_lastRippleHPC_z):curr_DOWN_yes",0.108890360419662,0.000396855626428633,0.409953364438717,0.122495266468908
941,"s(curr_lastRippleHPC_z):curr_DOWN_yes",0.221932474020834,0.00239182270420125,0.579469737263355,0.170879954550442
942,"s(curr_lastRippleHPC_z):curr_DOWN_yes",0.265208668800661,0.0029128755336074,0.670154636778683,0.197403449361445
943,"s(curr_lastRippleHPC_z):curr_DOWN_yes",0.0749632321179226,0.00112437445668438,0.356840771330114,0.454522137571286
944,"s(curr_lastRippleHPC_z):curr_DOWN_yes",0.105609552790033,5.36204060123489e-05,0.429987344717949,0.127348797628365
945,"s(curr_lastRippleHPC_z):curr_DOWN_yes",0.197406081053821,0.00198446042228569,0.479182091941521,0.938007077992989
946,"s(curr_lastRippleHPC_z):curr_DOWN_yes",0.0698079985210525,0.00124047975569897,0.341480402652125,0.681888400514996
947,"s(curr_lastRippleHPC_z):curr_DOWN_yes",0.188790475606808,0.00124956294722418,0.293640483719144,0.179760540663699
948,"s(curr_lastRippleHPC_z):curr_DOWN_yes",0.310239435747435,0.00167822480338333,0.509849160720672,0.150180751298092
949,"s(curr_lastRippleHPC_z):curr_DOWN_yes",0.233691773503442,0.00143564942935543,0.562029445604074,0.177275023010876
950,"s(curr_lastRippleHPC_z):curr_DOWN_yes",0.324254669285724,0.00317292733926049,0.602954471268418,0.251632118808086
951,"s(curr_lastRippleHPC_z):curr_DOWN_yes",0.0588016961305309,0.000720586319739949,0.350395979907347,0.103203005734794
952,"s(curr_lastRippleHPC_z):curr_DOWN_yes",0.288438390219396,0.00166819583321199,0.533348203966382,0.222058491214866
953,"s(curr_lastRippleHPC_z):curr_DOWN_yes",0.151237876429403,0.00076773921593521,0.471320106108033,0.144673778681935
954,"s(curr_lastRippleHPC_z):curr_DOWN_yes",0.236554826040292,0.00199019955866364,0.469383915752854,0.254644179632916
955,"s(curr_lastRippleHPC_z):curr_DOWN_yes",0.427382814370775,0.00314937190531956,0.447631504408013,0.169563057877119
956,"s(curr_lastRippleHPC_z):curr_DOWN_yes",0.232028402619673,0.00193277774106496,0.255421980119074,0.207081283364205
957,"s(curr_lastRippleHPC_z):curr_DOWN_yes",0.198358604932808,0.000755802309229544,0.592530051237456,0.17560725295958
958,"s(curr_lastRippleHPC_z):curr_DOWN_yes",0.205411072083184,0.0014970940366577,0.30333240530369,0.136225525839708
959,"s(curr_lastRippleHPC_z):curr_DOWN_yes",0.0841262384576824,0.00090343966918118,0.378605429923216,0.111507994633825
960,"s(curr_lastRippleHPC_z):curr_DOWN_yes",0.221018575453533,0.00229186682599364,0.521279204497161,0.563295713736922
961,"s(curr_lastRippleHPC_z):curr_DOWN_yes",0.258127791047238,0.000891677381870024,0.651543816071867,0.193282810574894
962,"s(curr_lastRippleHPC_z):curr_DOWN_yes",0.215321126873774,0.00135397024187792,0.446148508909029,0.186574747764347
963,"s(curr_lastRippleHPC_z):curr_DOWN_yes",0.19617876529871,0.00126956681398323,0.452034434650968,0.277394176501473
964,"s(curr_lastRippleHPC_z):curr_DOWN_yes",0.110148376122571,0.00117321022320114,0.424388947645811,0.124999456383504
965,"s(curr_lastRippleHPC_z):curr_DOWN_yes",0.251025855073176,0.0015851488564357,0.606667649582482,0.187713393533948
966,"s(curr_lastRippleHPC_z):curr_DOWN_yes",0.171461414665464,0.00185661914900499,0.531064641539776,0.15640864420215
967,"s(curr_lastRippleHPC_z):curr_DOWN_yes",0.254800533590926,0.00213136175005271,0.86475880552601,0.551892003596714
968,"s(curr_lastRippleHPC_z):curr_DOWN_yes",0.102475877092593,0.00111726559250701,0.415717389955291,0.122462382542299
969,"s(curr_lastRippleHPC_z):curr_DOWN_yes",0.0848806985126309,0.000924302665584001,0.361249861581145,0.106490278859747
970,"s(curr_lastRippleHPC_z):curr_DOWN_yes",0.169270416524754,0.00078697812455491,0.431290149019208,0.19941789096656
971,"s(curr_lastRippleHPC_z):curr_DOWN_yes",0.264964377661514,0.00223421015869069,0.56222853392715,0.279614849913617
972,"s(curr_lastRippleHPC_z):curr_DOWN_yes",0.152051109374415,0.000785838908889418,0.495157016997811,0.147583375779694
973,"s(curr_lastRippleHPC_z):curr_DOWN_yes",0.217405263842993,0.00133284642540576,0.396086011693791,0.294933440994566
974,"s(curr_lastRippleHPC_z):curr_DOWN_yes",0.138269635224592,0.00189590679213664,0.471338715672162,0.939485382266509
975,"s(curr_lastRippleHPC_z):curr_DOWN_yes",0.134335771983789,0.00149306127186346,0.477479869932635,0.140662272938626
976,"s(curr_lastRippleHPC_z):curr_DOWN_yes",0.294186006529571,0.00180338814553195,0.615866687474265,0.191558673577502
977,"s(curr_lastRippleHPC_z):curr_DOWN_yes",0.0660857602391793,0.000742972293581942,0.351517161118268,0.103584696107783
978,"s(curr_lastRippleHPC_z):curr_DOWN_yes",0.0523663607955251,0.00054379946433812,0.229519893651709,0.165906398393623
979,"s(curr_lastRippleHPC_z):curr_DOWN_yes",0.369800826524999,0.00307518996702114,0.734396912170422,0.296985150017994
980,"s(curr_lastRippleHPC_z):curr_DOWN_yes",0.171742847082078,0.00159258059556264,0.405605662461337,0.136488903734441
981,"s(curr_lastRippleHPC_z):curr_DOWN_yes",0.197725134404747,0.00222438913819879,0.587908098289109,0.249758558102598
982,"s(curr_lastRippleHPC_z):curr_DOWN_yes",0.25548768168804,0.000449367598652218,0.636601841741977,0.188383697379185
983,"s(curr_lastRippleHPC_z):curr_DOWN_yes",0.293472249694986,0.00321910409462414,0.722895327170626,0.212899283136439
984,"s(curr_lastRippleHPC_z):curr_DOWN_yes",0.228786101396377,0.001261040041771,0.448403659340173,0.164728506785873
985,"s(curr_lastRippleHPC_z):curr_DOWN_yes",0.177323288851494,0.000907895969009868,0.443578251848576,0.214679130434605
986,"s(curr_lastRippleHPC_z):curr_DOWN_yes",0.16361565667111,0.00218939316144246,0.520473611293935,0.765215648743504
987,"s(curr_lastRippleHPC_z):curr_DOWN_yes",0.17739929102247,0.00194036297698436,0.562493235397981,0.16576718684196
988,"s(curr_lastRippleHPC_z):curr_DOWN_yes",0.233223623037102,0.00247678902196514,0.604498247522418,0.17807370117837
989,"s(curr_lastRippleHPC_z):curr_DOWN_yes",0.283447607024691,0.0024202856206991,0.376512975026989,0.214457400150708
990,"s(curr_lastRippleHPC_z):curr_DOWN_yes",0.124373657762393,0.00133743004279395,0.450902126767464,0.316693582789275
991,"s(curr_lastRippleHPC_z):curr_DOWN_yes",0.143820900476438,0.00160163161487755,0.470964111496296,0.427308182696926
992,"s(curr_lastRippleHPC_z):curr_DOWN_yes",0.205650574858904,0.00223366434172457,0.61076579145782,0.179886661929875
993,"s(curr_lastRippleHPC_z):curr_DOWN_yes",0.423135875692429,0.0045025254776864,0.837482237879437,0.247263113639035
994,"s(curr_lastRippleHPC_z):curr_DOWN_yes",0.111905214370545,0.00123112591571779,0.400536387162566,0.516098377612945
995,"s(curr_lastRippleHPC_z):curr_DOWN_yes",0.464070493536825,0.00418556694429055,0.57219545228644,0.206809506135694
996,"s(curr_lastRippleHPC_z):curr_DOWN_yes",0.147789716020153,0.00162237971971822,0.495376899313139,0.145925616023058
997,"s(curr_lastRippleHPC_z):curr_DOWN_yes",0.177642434884705,0.00114477147568579,0.539193585134056,0.168067038405052
998,"s(curr_lastRippleHPC_z):curr_DOWN_yes",0.09832043599621,0.00105529957612872,0.396685261381152,0.117073098742709
999,"s(curr_lastRippleHPC_z):curr_DOWN_yes",0.19362362883509,0.00139826831305076,0.64395180359158,0.416398804912586
1000,"s(curr_lastRippleHPC_z):curr_DOWN_yes",0.164141065461427,0.00112366402899462,0.37438958663465,0.207914771383322
1,"s(curr_lastRippleV1PRE_z):curr_DOWN_no",0.286833614639233,0.00277102698410067,1.16330854391853,0.829999258363826
2,"s(curr_lastRippleV1PRE_z):curr_DOWN_no",0.271663550502328,0.0025480836406479,1.40833646230976,0.412829888145753
3,"s(curr_lastRippleV1PRE_z):curr_DOWN_no",0.122600097211904,0.000770302805210806,0.320347023312992,0.218794060880501
4,"s(curr_lastRippleV1PRE_z):curr_DOWN_no",0.0257275476137604,2.51581396563302e-05,0.115642595823198,0.0857938680114194
5,"s(curr_lastRippleV1PRE_z):curr_DOWN_no",0.381848706131888,0.00384665183301675,0.949309911218113,0.299660851562631
6,"s(curr_lastRippleV1PRE_z):curr_DOWN_no",0.27308893067445,0.00257176701318627,1.06299263591784,0.475932158773996
7,"s(curr_lastRippleV1PRE_z):curr_DOWN_no",0.147480811858245,0.00106888513251903,1.11741858984671,0.284300023697302
8,"s(curr_lastRippleV1PRE_z):curr_DOWN_no",0.174695055679508,0.00125579331695052,0.976874369695064,0.38620147795258
9,"s(curr_lastRippleV1PRE_z):curr_DOWN_no",0.222521406929538,0.00193421945630886,1.39859555667068,0.350792597086255
10,"s(curr_lastRippleV1PRE_z):curr_DOWN_no",0.207340196697739,0.00162666572031094,1.81520288152306,0.485360071431263
11,"s(curr_lastRippleV1PRE_z):curr_DOWN_no",3.53445656013918e-05,1.13791152388175e-06,0.0149729272408324,0.00446598413589292
12,"s(curr_lastRippleV1PRE_z):curr_DOWN_no",0.292128309224792,0.00263780674495349,1.0263563600802,0.633492347615831
13,"s(curr_lastRippleV1PRE_z):curr_DOWN_no",0.122699401039545,0.000896790206066145,0.639848535669954,0.51290605020144
14,"s(curr_lastRippleV1PRE_z):curr_DOWN_no",0.130607847009177,0.000517710485784461,0.752803539570053,0.295707983397638
15,"s(curr_lastRippleV1PRE_z):curr_DOWN_no",0.118021392030143,0.000697709577198026,0.834611657783136,0.362561617969134
16,"s(curr_lastRippleV1PRE_z):curr_DOWN_no",0.286516275183734,0.00267077928325965,0.944918835989354,0.592570495483793
17,"s(curr_lastRippleV1PRE_z):curr_DOWN_no",0.239556335981492,0.0014142487174534,1.15535413811171,0.789926691081779
18,"s(curr_lastRippleV1PRE_z):curr_DOWN_no",0.205046282677218,0.00177699106437459,1.08649039522421,0.881422790665347
19,"s(curr_lastRippleV1PRE_z):curr_DOWN_no",0.185331247951553,0.000784009138800396,0.764856694088255,0.485708237102697
20,"s(curr_lastRippleV1PRE_z):curr_DOWN_no",0.209681304362402,0.000975669109362387,0.845640437950455,0.430298547163189
21,"s(curr_lastRippleV1PRE_z):curr_DOWN_no",0.160792868617594,0.000739072163545983,0.412454650039377,0.208164660526193
22,"s(curr_lastRippleV1PRE_z):curr_DOWN_no",0.0700689429121617,0.000270339475914523,0.3826903976212,0.214837534166603
23,"s(curr_lastRippleV1PRE_z):curr_DOWN_no",0.122672986663726,0.000845414259751656,0.736319158901802,0.34486067158392
24,"s(curr_lastRippleV1PRE_z):curr_DOWN_no",0.0697306699044482,0.000443051111699636,0.247969486413425,0.163737380671036
25,"s(curr_lastRippleV1PRE_z):curr_DOWN_no",0.181995978079475,0.00097938509031643,0.847225577421397,0.658537000853395
26,"s(curr_lastRippleV1PRE_z):curr_DOWN_no",0.123930042185941,0.000890768302236078,0.524716943830838,0.262437348020077
27,"s(curr_lastRippleV1PRE_z):curr_DOWN_no",0.180656329786439,0.00139067371365575,1.12045690874462,0.444811925059908
28,"s(curr_lastRippleV1PRE_z):curr_DOWN_no",0.296599204710042,0.00280196057292375,1.16346151660953,0.678458489522313
29,"s(curr_lastRippleV1PRE_z):curr_DOWN_no",0.328203670322491,0.00321266467507287,0.976706374220529,0.47498450853102
30,"s(curr_lastRippleV1PRE_z):curr_DOWN_no",0.11106183668539,0.000408996191593684,0.834325183077859,0.358086251602491
31,"s(curr_lastRippleV1PRE_z):curr_DOWN_no",0.427317925411237,0.0043816650576893,1.979059635531,0.451408938847211
32,"s(curr_lastRippleV1PRE_z):curr_DOWN_no",0.284508077639478,0.00167088180467451,1.42291637246875,0.924274132524476
33,"s(curr_lastRippleV1PRE_z):curr_DOWN_no",0.137899427591324,0.000321833632632424,1.08809155322941,0.259787338636048
34,"s(curr_lastRippleV1PRE_z):curr_DOWN_no",0.0355120868512806,7.96260122965654e-05,0.191666009539779,0.0811519972652648
35,"s(curr_lastRippleV1PRE_z):curr_DOWN_no",0.000344168065753436,8.01865470621508e-05,0.0257501709345343,0.206552353452211
36,"s(curr_lastRippleV1PRE_z):curr_DOWN_no",0.261914805183821,0.00232043691726414,0.892315117240946,0.520150836770784
37,"s(curr_lastRippleV1PRE_z):curr_DOWN_no",0.0337463984902122,5.55113059118513e-05,0.16845956266817,0.108128202655112
38,"s(curr_lastRippleV1PRE_z):curr_DOWN_no",0.164779773061253,0.00120372413270884,1.65588323365026,0.469601758574406
39,"s(curr_lastRippleV1PRE_z):curr_DOWN_no",0.103947339414245,0.000713908013618316,0.486872689486679,0.386203032471099
40,"s(curr_lastRippleV1PRE_z):curr_DOWN_no",0.520763745756037,0.00534900788947028,1.75634007851224,1.12881219039822
41,"s(curr_lastRippleV1PRE_z):curr_DOWN_no",0.140551977067307,0.000575491357706651,0.68010001696096,0.488084616787737
42,"s(curr_lastRippleV1PRE_z):curr_DOWN_no",0.0402564405257193,8.45684966457449e-05,0.231993223602913,0.138662143613855
43,"s(curr_lastRippleV1PRE_z):curr_DOWN_no",0.179095195962786,0.00146703946747806,0.725550080479952,0.38007172521072
44,"s(curr_lastRippleV1PRE_z):curr_DOWN_no",0.252132424310296,0.00271701082334126,1.09128025063403,0.416212414385389
45,"s(curr_lastRippleV1PRE_z):curr_DOWN_no",0.201254141767548,0.00170845726588779,1.11915384720325,0.569303186407413
46,"s(curr_lastRippleV1PRE_z):curr_DOWN_no",0.312095303512226,0.00184414458732499,1.16626206978747,0.589634775179485
47,"s(curr_lastRippleV1PRE_z):curr_DOWN_no",0.0679906417050811,9.25006459880748e-05,0.462789828034848,0.1926403193734
48,"s(curr_lastRippleV1PRE_z):curr_DOWN_no",0.37517619960251,0.00381450306558124,1.77728502081472,0.397782708505712
49,"s(curr_lastRippleV1PRE_z):curr_DOWN_no",0.21555360763413,0.00193887586893333,0.924161423258941,0.446853659965555
50,"s(curr_lastRippleV1PRE_z):curr_DOWN_no",0.349142932959881,0.00324522950707473,1.45345095091411,0.882457462745294
51,"s(curr_lastRippleV1PRE_z):curr_DOWN_no",0.0213867804741534,2.58458323547446e-05,0.11366793474843,0.0832294318941322
52,"s(curr_lastRippleV1PRE_z):curr_DOWN_no",0.100838854270626,0.000334457909895784,0.67681391515486,0.278173294594901
53,"s(curr_lastRippleV1PRE_z):curr_DOWN_no",0.185038704244101,0.000727461376413255,0.988509239918629,0.376726772021508
54,"s(curr_lastRippleV1PRE_z):curr_DOWN_no",0.312694808114364,0.00231416769919416,1.72193342611995,0.606383237044459
55,"s(curr_lastRippleV1PRE_z):curr_DOWN_no",0.0526615688953136,5.15683466522769e-05,0.549544922824566,0.132175182799199
56,"s(curr_lastRippleV1PRE_z):curr_DOWN_no",0.304294350459822,0.0015837017719136,1.97788496383733,0.79150214023401
57,"s(curr_lastRippleV1PRE_z):curr_DOWN_no",0.342440986979296,0.00337233212548127,1.20176736880889,0.492938142246112
58,"s(curr_lastRippleV1PRE_z):curr_DOWN_no",0.1375046496956,0.00106634684100644,0.727356322162987,0.564905578499616
59,"s(curr_lastRippleV1PRE_z):curr_DOWN_no",0.301326516587627,0.00202974120628077,1.37220575356028,0.35855230466429
60,"s(curr_lastRippleV1PRE_z):curr_DOWN_no",0.313969560948829,0.00286101882029427,1.48403880033465,0.915632380384595
61,"s(curr_lastRippleV1PRE_z):curr_DOWN_no",0.256847871956353,0.00237015305820851,1.19875794422229,0.724532180296051
62,"s(curr_lastRippleV1PRE_z):curr_DOWN_no",0.093037617495221,0.000577204154596944,0.682925120252557,0.171736936699743
63,"s(curr_lastRippleV1PRE_z):curr_DOWN_no",0.128943359531707,0.000880260170304409,0.587123441744655,0.279794302532396
64,"s(curr_lastRippleV1PRE_z):curr_DOWN_no",0.383695897150202,0.00286360622952031,1.39464753861503,1.04048404767089
65,"s(curr_lastRippleV1PRE_z):curr_DOWN_no",0.263745754150864,0.00122744946633173,1.49233555542349,0.375145905509518
66,"s(curr_lastRippleV1PRE_z):curr_DOWN_no",0.215725081614417,0.0020502775327948,1.01389544097781,0.711999155525161
67,"s(curr_lastRippleV1PRE_z):curr_DOWN_no",0.318224774062217,0.00302190195567515,1.76991902851146,0.624363634945249
68,"s(curr_lastRippleV1PRE_z):curr_DOWN_no",0.153916768721518,0.000576201670157047,0.743289106089949,0.404186932674852
69,"s(curr_lastRippleV1PRE_z):curr_DOWN_no",0.195170426596911,0.00161603099108639,1.08746312244782,0.500764389258469
70,"s(curr_lastRippleV1PRE_z):curr_DOWN_no",0.120593122065635,0.000809954591152585,0.732581704798199,0.427685495375728
71,"s(curr_lastRippleV1PRE_z):curr_DOWN_no",0.0178536855908735,0.000424002107708931,0.204791986194178,0.403041102527916
72,"s(curr_lastRippleV1PRE_z):curr_DOWN_no",0.326286669282856,0.00236483968688113,1.75420636793169,0.584390031399901
73,"s(curr_lastRippleV1PRE_z):curr_DOWN_no",0.348326655233519,0.00196425743587366,1.04675396358732,0.634367592308029
74,"s(curr_lastRippleV1PRE_z):curr_DOWN_no",0.288465693531451,0.00254454546973519,0.830267939583752,0.600732205536882
75,"s(curr_lastRippleV1PRE_z):curr_DOWN_no",0.195383852043397,0.00153856696676559,1.38849601304905,0.358617440378201
76,"s(curr_lastRippleV1PRE_z):curr_DOWN_no",0.129057620732098,0.000783177183558026,1.33272333206127,0.333759472698042
77,"s(curr_lastRippleV1PRE_z):curr_DOWN_no",0.123080777255449,0.000859741636014435,0.73432152236116,0.297259434486814
78,"s(curr_lastRippleV1PRE_z):curr_DOWN_no",0.142720992386221,0.00111880807495528,0.562862844653951,0.216747173657914
79,"s(curr_lastRippleV1PRE_z):curr_DOWN_no",0.365073554590488,0.0024794515432039,1.19525139338902,0.870672241721024
80,"s(curr_lastRippleV1PRE_z):curr_DOWN_no",0.159978865548718,0.00123262028637488,0.920725156282684,0.5071138380019
81,"s(curr_lastRippleV1PRE_z):curr_DOWN_no",0.405734226446819,0.00402563803032122,1.32393254303785,0.639435595871194
82,"s(curr_lastRippleV1PRE_z):curr_DOWN_no",0.0900989055986976,0.000508105527245193,0.545520035404846,0.299808579241696
83,"s(curr_lastRippleV1PRE_z):curr_DOWN_no",0.35239903075403,0.00337324455544698,1.26027945979948,0.936009511018332
84,"s(curr_lastRippleV1PRE_z):curr_DOWN_no",0.253527295080589,0.00121827679600051,1.00204786158608,0.60089718996596
85,"s(curr_lastRippleV1PRE_z):curr_DOWN_no",0.175457455824933,0.00136399205263429,0.787686670213172,0.58496176780075
86,"s(curr_lastRippleV1PRE_z):curr_DOWN_no",0.168865907641714,0.00116984406089724,0.516775554333678,0.409269104083446
87,"s(curr_lastRippleV1PRE_z):curr_DOWN_no",0.178386911590093,0.0014077499792005,0.99940761958721,0.34012448424235
88,"s(curr_lastRippleV1PRE_z):curr_DOWN_no",0.14453891189943,0.000548923686094896,0.650087148925139,0.369013814784752
89,"s(curr_lastRippleV1PRE_z):curr_DOWN_no",0.378564442994531,0.00384488026603515,1.0408988526904,0.594355091374056
90,"s(curr_lastRippleV1PRE_z):curr_DOWN_no",0.149820611505883,0.00109074825340932,0.952728025318135,0.520852575245023
91,"s(curr_lastRippleV1PRE_z):curr_DOWN_no",0.187412556801807,0.00153081930008751,0.693091422806291,0.445425221002346
92,"s(curr_lastRippleV1PRE_z):curr_DOWN_no",0.121727029219443,0.000935801282394027,0.570437525202843,0.297071441401905
93,"s(curr_lastRippleV1PRE_z):curr_DOWN_no",0.183224392706849,0.00103706718251668,0.989165991346376,0.722190773167267
94,"s(curr_lastRippleV1PRE_z):curr_DOWN_no",0.319938631296874,0.00276676836733937,1.02011653089814,0.894313726123864
95,"s(curr_lastRippleV1PRE_z):curr_DOWN_no",0.179610517983235,0.000916196676098455,1.00692146639885,0.314268247592725
96,"s(curr_lastRippleV1PRE_z):curr_DOWN_no",0.159360880703759,0.00133247534116704,0.689078173346324,0.33280016687225
97,"s(curr_lastRippleV1PRE_z):curr_DOWN_no",0.00832376588609751,8.81510352174977e-05,0.132964155008492,0.0395376397601623
98,"s(curr_lastRippleV1PRE_z):curr_DOWN_no",0.2543659825968,0.00213177511937843,2.32978923526521,0.677912999444976
99,"s(curr_lastRippleV1PRE_z):curr_DOWN_no",0.271092886371843,0.00143697172972607,0.981210843005392,0.474601553129776
100,"s(curr_lastRippleV1PRE_z):curr_DOWN_no",0.308002047241525,0.00278401499911674,1.56706073527351,0.6240449552097
101,"s(curr_lastRippleV1PRE_z):curr_DOWN_no",0.336542391280502,0.00303566830132936,1.94408100193113,0.587103253095113
102,"s(curr_lastRippleV1PRE_z):curr_DOWN_no",0.264147585141811,0.00241561263742047,0.831571809550427,0.673387133388563
103,"s(curr_lastRippleV1PRE_z):curr_DOWN_no",0.0031566011356734,3.43975622753473e-05,0.0827554646952033,0.024587801263825
104,"s(curr_lastRippleV1PRE_z):curr_DOWN_no",0.382999390065495,0.00225068731273729,1.05567581810094,0.709454027438619
105,"s(curr_lastRippleV1PRE_z):curr_DOWN_no",0.173238776058835,0.00113152682823139,0.253336477378337,0.0749143453868628
106,"s(curr_lastRippleV1PRE_z):curr_DOWN_no",0.169528465494884,0.00152910889080909,0.864765264828731,0.54859656548562
107,"s(curr_lastRippleV1PRE_z):curr_DOWN_no",0.309396019762354,0.00164461756083695,1.19620846868255,0.810639733403782
108,"s(curr_lastRippleV1PRE_z):curr_DOWN_no",0.000522240326068513,8.97739867473528e-06,0.0442038024251705,0.0130836577059095
109,"s(curr_lastRippleV1PRE_z):curr_DOWN_no",0.127742348953773,0.00096412849636817,0.715113550017825,0.51266455543767
110,"s(curr_lastRippleV1PRE_z):curr_DOWN_no",0.00879727365786831,3.71617671239404e-06,0.0451309941842762,0.0299741009701175
111,"s(curr_lastRippleV1PRE_z):curr_DOWN_no",0.189627972162638,0.00164657911466209,0.780287350172806,0.38203436421599
112,"s(curr_lastRippleV1PRE_z):curr_DOWN_no",0.131753672504566,0.000970244596049052,0.858952793909907,0.53683485137968
113,"s(curr_lastRippleV1PRE_z):curr_DOWN_no",0.252695964710682,0.00139471358903025,0.978652919691091,0.704365847532732
114,"s(curr_lastRippleV1PRE_z):curr_DOWN_no",0.219030922951444,0.00170502869442122,1.15906837953704,0.612608520521414
115,"s(curr_lastRippleV1PRE_z):curr_DOWN_no",0.232322951239131,0.00202064695300033,1.32728666038828,0.294710157874879
116,"s(curr_lastRippleV1PRE_z):curr_DOWN_no",0.141422336677367,0.000895643151644334,1.025976977147,0.264405906817635
117,"s(curr_lastRippleV1PRE_z):curr_DOWN_no",0.146805097338885,0.000707283611836668,0.835769402243998,0.239481222370132
118,"s(curr_lastRippleV1PRE_z):curr_DOWN_no",0.146277514392296,0.0011307747241067,0.623017779251628,0.360214804283752
119,"s(curr_lastRippleV1PRE_z):curr_DOWN_no",0.301309618012619,0.00195609897998468,2.03098077902992,0.834214204386107
120,"s(curr_lastRippleV1PRE_z):curr_DOWN_no",0.358918929451711,0.00216035616057392,1.25571140254792,0.791597122432429
121,"s(curr_lastRippleV1PRE_z):curr_DOWN_no",0.290953487930551,0.00257488734851324,1.31952289440564,0.601551347727214
122,"s(curr_lastRippleV1PRE_z):curr_DOWN_no",0.0871694491298483,0.000327533117259963,0.423504586956886,0.288517034594167
123,"s(curr_lastRippleV1PRE_z):curr_DOWN_no",0.227698828372962,0.00117835890721184,1.01666842646002,0.679684324287445
124,"s(curr_lastRippleV1PRE_z):curr_DOWN_no",0.164040702997108,0.00137669466444223,0.694435620698062,0.328088423365983
125,"s(curr_lastRippleV1PRE_z):curr_DOWN_no",0.247302376632734,0.00219498564470581,1.52013872913231,0.609322636433371
126,"s(curr_lastRippleV1PRE_z):curr_DOWN_no",0.0339728905284433,0.000128786556771622,0.289617958265384,0.0951676159519881
127,"s(curr_lastRippleV1PRE_z):curr_DOWN_no",0.0992777534563931,0.000409354600159489,1.03254713141356,0.240537096116484
128,"s(curr_lastRippleV1PRE_z):curr_DOWN_no",0.278295425416459,0.00149272607891643,1.31401488287991,0.494210770891705
129,"s(curr_lastRippleV1PRE_z):curr_DOWN_no",0.475792496222251,0.00479619213465113,1.87347048213633,0.446988115460124
130,"s(curr_lastRippleV1PRE_z):curr_DOWN_no",0.354608731141168,0.0036105851110643,1.18368982696312,0.444860392278362
131,"s(curr_lastRippleV1PRE_z):curr_DOWN_no",0.251026791828615,0.0023911148191622,1.01603994278293,0.400409634160376
132,"s(curr_lastRippleV1PRE_z):curr_DOWN_no",0.236771511741339,0.00110301389124936,1.017002942723,0.838540004748378
133,"s(curr_lastRippleV1PRE_z):curr_DOWN_no",0.373542825579145,0.00361473450588078,1.27016645780931,0.729937683383823
134,"s(curr_lastRippleV1PRE_z):curr_DOWN_no",0.219268869027835,0.00269856335668275,1.24751541302443,0.787603219152418
135,"s(curr_lastRippleV1PRE_z):curr_DOWN_no",0.0678667598160709,0.000219568987176053,0.487675557523362,0.188172249000893
136,"s(curr_lastRippleV1PRE_z):curr_DOWN_no",0.288745387677118,0.00237411019491524,1.66651545028888,0.448766279597643
137,"s(curr_lastRippleV1PRE_z):curr_DOWN_no",0.150971837877079,0.000477482408190957,0.834377366744445,0.451496602343518
138,"s(curr_lastRippleV1PRE_z):curr_DOWN_no",0.160743204394596,0.00116267417691569,0.983621261915993,0.365064520114583
139,"s(curr_lastRippleV1PRE_z):curr_DOWN_no",0.279421980685647,0.00266873527657199,0.98671577869411,0.614041567949428
140,"s(curr_lastRippleV1PRE_z):curr_DOWN_no",0.29141270862416,0.00155116918247687,0.941886987482592,0.514702624022727
141,"s(curr_lastRippleV1PRE_z):curr_DOWN_no",0.178480725517892,0.000987628924598017,0.842073295467119,0.62662665219679
142,"s(curr_lastRippleV1PRE_z):curr_DOWN_no",0.220043874733347,0.00189042232590401,0.734691458872999,0.412577214398555
143,"s(curr_lastRippleV1PRE_z):curr_DOWN_no",0.341390074256301,0.00361148889309366,1.08375708524354,0.432159514897271
144,"s(curr_lastRippleV1PRE_z):curr_DOWN_no",0.000259238804728668,0.000453939100360855,0.0270392042766116,0.606588063983853
145,"s(curr_lastRippleV1PRE_z):curr_DOWN_no",0.22582209738422,0.00202888186659678,0.898203399718422,0.630881227255468
146,"s(curr_lastRippleV1PRE_z):curr_DOWN_no",0.327580655808938,0.00204820963077989,1.38294580029632,1.04595191852574
147,"s(curr_lastRippleV1PRE_z):curr_DOWN_no",0.29463478937978,0.00297007852458281,1.22696611409202,0.458124580197882
148,"s(curr_lastRippleV1PRE_z):curr_DOWN_no",0.321680320499951,0.00131381638395111,1.09440103127255,0.798259458853205
149,"s(curr_lastRippleV1PRE_z):curr_DOWN_no",0.314397105469373,0.00273883702110104,1.6182530347326,0.6821703911484
150,"s(curr_lastRippleV1PRE_z):curr_DOWN_no",0.248235307203705,0.00118950868975014,0.872977120282397,0.588571457608792
151,"s(curr_lastRippleV1PRE_z):curr_DOWN_no",0.271518643710865,0.00266122228303037,1.17844755592036,0.29967044382563
152,"s(curr_lastRippleV1PRE_z):curr_DOWN_no",0.19575191896491,0.00137754303367627,1.02535579999661,0.706166550813713
153,"s(curr_lastRippleV1PRE_z):curr_DOWN_no",0.254827554523067,0.00239585046164504,1.60115185302814,0.371223910994023
154,"s(curr_lastRippleV1PRE_z):curr_DOWN_no",0.138305953174094,0.000629613531093492,0.717085490076601,0.47302956147638
155,"s(curr_lastRippleV1PRE_z):curr_DOWN_no",0.145044371405476,0.000312122174813921,1.00074276610829,0.342110939233547
156,"s(curr_lastRippleV1PRE_z):curr_DOWN_no",0.197899022124536,0.00177889304683763,0.702965715716735,0.335534762405836
157,"s(curr_lastRippleV1PRE_z):curr_DOWN_no",0.455323282086881,0.00428609107970259,1.62812121633301,0.840365538802429
158,"s(curr_lastRippleV1PRE_z):curr_DOWN_no",0.539970008032345,0.00369342345928887,1.37365526313458,0.775741603943937
159,"s(curr_lastRippleV1PRE_z):curr_DOWN_no",0.0871827927456463,0.000195682985458304,0.511320712529604,0.236843201485079
160,"s(curr_lastRippleV1PRE_z):curr_DOWN_no",0.0843183874853821,0.000420251844015137,0.420182129410442,0.254843197802077
161,"s(curr_lastRippleV1PRE_z):curr_DOWN_no",0.0493708558597366,9.52120226362809e-05,0.444870480649439,0.151391047942816
162,"s(curr_lastRippleV1PRE_z):curr_DOWN_no",0.302916451242556,0.00127812232284503,1.40706826401975,0.378143167496456
163,"s(curr_lastRippleV1PRE_z):curr_DOWN_no",0.251418062895477,0.00259872305154301,1.1329433397481,0.711577802664491
164,"s(curr_lastRippleV1PRE_z):curr_DOWN_no",0.0825971412492397,0.00028830246040689,0.434922245897039,0.284500990826861
165,"s(curr_lastRippleV1PRE_z):curr_DOWN_no",0.17598075205016,0.00151568228472636,0.975095694006638,0.270526743026333
166,"s(curr_lastRippleV1PRE_z):curr_DOWN_no",0.0821791847744517,0.000834693554005639,0.41964366334184,0.124717245358276
167,"s(curr_lastRippleV1PRE_z):curr_DOWN_no",0.34075720168359,0.00201509358906063,1.63985916372197,0.764792624444593
168,"s(curr_lastRippleV1PRE_z):curr_DOWN_no",0.37117361823213,0.00353610294157416,1.53189783692544,0.444705881114723
169,"s(curr_lastRippleV1PRE_z):curr_DOWN_no",0.14122155355557,0.00111551202594266,0.792650248231238,0.33184945847026
170,"s(curr_lastRippleV1PRE_z):curr_DOWN_no",0.123290482591533,0.000918837404178374,0.721654610527926,0.358833811656156
171,"s(curr_lastRippleV1PRE_z):curr_DOWN_no",0.209362304989994,0.00194256028527332,0.951987299540459,0.587629222585555
172,"s(curr_lastRippleV1PRE_z):curr_DOWN_no",0.164389011208964,0.000867899330275694,0.560413045110451,0.380884671856666
173,"s(curr_lastRippleV1PRE_z):curr_DOWN_no",0.243116176374548,0.00200045499735571,1.16512904864184,0.742694548334036
174,"s(curr_lastRippleV1PRE_z):curr_DOWN_no",0.0569301560530011,0.000247194821808624,0.37951771666934,0.181429051077873
175,"s(curr_lastRippleV1PRE_z):curr_DOWN_no",0.221743857775779,0.00188646070818642,1.09094852137572,0.5740112390217
176,"s(curr_lastRippleV1PRE_z):curr_DOWN_no",0.498428779345065,0.00330880754745826,1.24482742447316,0.670395766485916
177,"s(curr_lastRippleV1PRE_z):curr_DOWN_no",0.12497535825893,0.000450211697470876,0.484184119039444,0.243462919711407
178,"s(curr_lastRippleV1PRE_z):curr_DOWN_no",0.498290848186564,0.00475061895694284,1.83993759011913,0.529939117177557
179,"s(curr_lastRippleV1PRE_z):curr_DOWN_no",0.349207319417395,0.00212109065477332,1.16029645465171,0.555392889074558
180,"s(curr_lastRippleV1PRE_z):curr_DOWN_no",0.154513844534091,0.00124259063653477,0.723931218951625,0.303228392150768
181,"s(curr_lastRippleV1PRE_z):curr_DOWN_no",0.358255987402218,0.00330709230494212,1.74671104575515,0.671753507391318
182,"s(curr_lastRippleV1PRE_z):curr_DOWN_no",0.199300793918067,0.00111289307827466,1.65770079686757,0.6241499579532
183,"s(curr_lastRippleV1PRE_z):curr_DOWN_no",0.248610762641768,0.00192352765330909,1.69920323344631,0.645673615057605
184,"s(curr_lastRippleV1PRE_z):curr_DOWN_no",0.176585576946795,0.00141412353442979,0.874750964737482,0.609321599598365
185,"s(curr_lastRippleV1PRE_z):curr_DOWN_no",0.395973503550441,0.0020041235118315,1.24597231115694,0.779603998319422
186,"s(curr_lastRippleV1PRE_z):curr_DOWN_no",0.1756645383913,0.00125518932595463,1.30501211101492,0.32311712620476
187,"s(curr_lastRippleV1PRE_z):curr_DOWN_no",0.00346693826211997,5.66679054350608e-05,0.112193954696763,0.0332434596535979
188,"s(curr_lastRippleV1PRE_z):curr_DOWN_no",0.266219545608142,0.00202958620575951,0.841807400233048,0.365843626328381
189,"s(curr_lastRippleV1PRE_z):curr_DOWN_no",0.214459133278007,0.00182502082384839,0.581209612169851,0.327245056748978
190,"s(curr_lastRippleV1PRE_z):curr_DOWN_no",0.0682985102270921,0.000221427399388473,0.595272538050434,0.343576365336931
191,"s(curr_lastRippleV1PRE_z):curr_DOWN_no",0.149052333857976,0.00054675285599485,0.875660437591611,0.547888808372807
192,"s(curr_lastRippleV1PRE_z):curr_DOWN_no",0.336066861872681,0.00192445669888861,1.14617207091888,0.683624981047891
193,"s(curr_lastRippleV1PRE_z):curr_DOWN_no",0.141028602026024,0.000629278182582282,0.428731060286202,0.305851188536896
194,"s(curr_lastRippleV1PRE_z):curr_DOWN_no",0.127717845424105,0.00113436828315715,0.677006729707741,0.291874317043991
195,"s(curr_lastRippleV1PRE_z):curr_DOWN_no",0.0354923164586554,6.04001110596734e-05,0.276128349048732,0.112888493818592
196,"s(curr_lastRippleV1PRE_z):curr_DOWN_no",0.300317679382185,0.00175205672873231,0.831766981294639,0.462360252289152
197,"s(curr_lastRippleV1PRE_z):curr_DOWN_no",0.108789568417447,0.000422849641854255,0.368191294062072,0.204929074901562
198,"s(curr_lastRippleV1PRE_z):curr_DOWN_no",0.492979303147306,0.00369016385099585,1.43152626571979,1.11859540515674
199,"s(curr_lastRippleV1PRE_z):curr_DOWN_no",0.309003222385353,0.00188394349076893,1.25962152657324,0.892474109535512
200,"s(curr_lastRippleV1PRE_z):curr_DOWN_no",0.244428346793011,0.00195860779904482,1.33639008439136,0.595345691309171
201,"s(curr_lastRippleV1PRE_z):curr_DOWN_no",0.316953009991579,0.00312614043941474,1.28495772727399,0.590777498782401
202,"s(curr_lastRippleV1PRE_z):curr_DOWN_no",0.358990581006888,0.00333804350267003,1.56922584726999,0.824039060132681
203,"s(curr_lastRippleV1PRE_z):curr_DOWN_no",0.102133081587446,0.000527361422873267,0.835437680637,0.242698100921701
204,"s(curr_lastRippleV1PRE_z):curr_DOWN_no",0.102564165461332,0.000691840539455311,0.469707885189718,0.187623104969478
205,"s(curr_lastRippleV1PRE_z):curr_DOWN_no",0.247462973753761,0.00116583447370128,0.861936494894913,0.463291461229368
206,"s(curr_lastRippleV1PRE_z):curr_DOWN_no",0.324482168456106,0.00316090695247332,1.40880024772159,0.412676474071591
207,"s(curr_lastRippleV1PRE_z):curr_DOWN_no",0.0596897763888711,0.000229573901030781,0.339241137326873,0.184993943335218
208,"s(curr_lastRippleV1PRE_z):curr_DOWN_no",0.303078586183579,0.00296675571361858,0.907499610043146,0.508290610761214
209,"s(curr_lastRippleV1PRE_z):curr_DOWN_no",0.362632482007275,0.00229578812413774,1.22427960896151,0.635959831352249
210,"s(curr_lastRippleV1PRE_z):curr_DOWN_no",0.174265094106646,0.00155283722728795,0.640036439737292,0.412246228321516
211,"s(curr_lastRippleV1PRE_z):curr_DOWN_no",0.140195058969748,0.000536240213512446,0.52669535440691,0.269213229001258
212,"s(curr_lastRippleV1PRE_z):curr_DOWN_no",0.21828340966891,0.00106284591210378,1.01683796283031,0.63620492146302
213,"s(curr_lastRippleV1PRE_z):curr_DOWN_no",0.0700152148914208,6.73909909085784e-05,0.582438724771349,0.133918524235791
214,"s(curr_lastRippleV1PRE_z):curr_DOWN_no",0.114316730459754,0.000731595605555867,0.556258321663246,0.427913678546595
215,"s(curr_lastRippleV1PRE_z):curr_DOWN_no",0.287406272306936,0.00238860804165438,1.97710320901646,0.446835881154459
216,"s(curr_lastRippleV1PRE_z):curr_DOWN_no",0.257858443723308,0.0022695772365933,1.16735801659435,0.712707449191778
217,"s(curr_lastRippleV1PRE_z):curr_DOWN_no",0.169372629619335,0.00152975283527932,1.05199137207883,0.425961057194999
218,"s(curr_lastRippleV1PRE_z):curr_DOWN_no",0.176166982742615,0.00147484363901563,0.52919231371468,0.220456812817744
219,"s(curr_lastRippleV1PRE_z):curr_DOWN_no",0.301612436876864,0.00287758697537135,1.19277271317047,0.659702060450863
220,"s(curr_lastRippleV1PRE_z):curr_DOWN_no",0.248932099494268,0.00235575961381325,1.09347894325335,0.460741694258372
221,"s(curr_lastRippleV1PRE_z):curr_DOWN_no",0.175020161717087,0.00113833555440238,1.07975210661655,0.728901295176609
222,"s(curr_lastRippleV1PRE_z):curr_DOWN_no",0.125989854498202,0.000565841352243007,0.865505864290763,0.581413902155149
223,"s(curr_lastRippleV1PRE_z):curr_DOWN_no",0.0358211632695697,0.00014688513773928,0.101734379486053,0.0641869754111053
224,"s(curr_lastRippleV1PRE_z):curr_DOWN_no",0.200873968168904,0.00158910685341782,0.737405380164565,0.514844479139675
225,"s(curr_lastRippleV1PRE_z):curr_DOWN_no",0.305585823249471,0.00269869440452275,1.3635645214073,0.426343218707721
226,"s(curr_lastRippleV1PRE_z):curr_DOWN_no",0.239314686636801,0.00118157851014049,0.933572652695876,0.477261810573035
227,"s(curr_lastRippleV1PRE_z):curr_DOWN_no",0.387322954754383,0.0036929562856138,1.84369042986535,0.937256660734874
228,"s(curr_lastRippleV1PRE_z):curr_DOWN_no",0.196209690484082,0.00114570827559857,0.665677776333108,0.339213080860467
229,"s(curr_lastRippleV1PRE_z):curr_DOWN_no",0.36335289923869,0.00215511321641911,1.05091178372965,0.778270626061768
230,"s(curr_lastRippleV1PRE_z):curr_DOWN_no",0.139107104214184,0.000902669712206123,1.33955498860891,0.345351567391911
231,"s(curr_lastRippleV1PRE_z):curr_DOWN_no",0.217266319746059,0.00150017491446687,0.792030817698276,0.645133801395284
232,"s(curr_lastRippleV1PRE_z):curr_DOWN_no",0.241400816157329,0.00134984934242342,1.05053552942008,0.720608914460607
233,"s(curr_lastRippleV1PRE_z):curr_DOWN_no",0.301791383010547,0.0025383390145405,1.63757011072092,0.432810485153537
234,"s(curr_lastRippleV1PRE_z):curr_DOWN_no",0.101120624291531,0.000571674635316219,0.773516471294666,0.204517219480491
235,"s(curr_lastRippleV1PRE_z):curr_DOWN_no",0.206221755306791,0.00105253892110547,1.30960880745221,0.547566307071793
236,"s(curr_lastRippleV1PRE_z):curr_DOWN_no",0.297339300848606,0.00276539209982051,1.17936657672093,0.785375303650651
237,"s(curr_lastRippleV1PRE_z):curr_DOWN_no",0.190084242247153,0.00151086097415661,0.867779193472076,0.367992095045362
238,"s(curr_lastRippleV1PRE_z):curr_DOWN_no",0.312608642922351,0.00293527413374724,1.14027056808261,0.510979396117033
239,"s(curr_lastRippleV1PRE_z):curr_DOWN_no",0.115896669378077,0.000832854575026753,0.565178213437112,0.34798074303499
240,"s(curr_lastRippleV1PRE_z):curr_DOWN_no",0.126837161755636,0.000660130587563463,0.887606978299524,0.288667446065775
241,"s(curr_lastRippleV1PRE_z):curr_DOWN_no",0.224577295021668,0.00204884383232986,0.765100522310702,0.369608717682286
242,"s(curr_lastRippleV1PRE_z):curr_DOWN_no",0.481777981082205,0.00325934786813868,2.73024010216775,0.634892761626441
243,"s(curr_lastRippleV1PRE_z):curr_DOWN_no",0.293483064965096,0.00258240183682861,1.43932598257299,0.569297774526115
244,"s(curr_lastRippleV1PRE_z):curr_DOWN_no",0.153475537337787,0.000743113605626579,1.00260288149367,0.529831088611118
245,"s(curr_lastRippleV1PRE_z):curr_DOWN_no",0.230078047798303,0.00127949504762543,1.01999469390959,0.821862488520493
246,"s(curr_lastRippleV1PRE_z):curr_DOWN_no",0.265108720419445,0.00140610346109291,0.895788306138342,0.480218451566429
247,"s(curr_lastRippleV1PRE_z):curr_DOWN_no",0.233255147761819,0.00205741822944058,1.0663668595511,0.741695427952307
248,"s(curr_lastRippleV1PRE_z):curr_DOWN_no",0.192162412142198,0.00121502727263191,1.10337427923718,0.831097033967945
249,"s(curr_lastRippleV1PRE_z):curr_DOWN_no",0.147211256733259,0.00057223263669747,0.730524099637713,0.398006545257712
250,"s(curr_lastRippleV1PRE_z):curr_DOWN_no",0.139040663528069,0.001077120990752,0.715213692929237,0.365726063655698
251,"s(curr_lastRippleV1PRE_z):curr_DOWN_no",0.113297494316624,0.000764547134706289,0.564726900557643,0.133206624393423
252,"s(curr_lastRippleV1PRE_z):curr_DOWN_no",0.0662068871737764,0.000107027847002538,0.551537551878825,0.141647601638437
253,"s(curr_lastRippleV1PRE_z):curr_DOWN_no",0.0983385570517656,0.000426046184784971,0.776148894020255,0.187509013913754
254,"s(curr_lastRippleV1PRE_z):curr_DOWN_no",0.1321811310355,0.000515079616528002,0.691225256156259,0.437204649092648
255,"s(curr_lastRippleV1PRE_z):curr_DOWN_no",0.341845532768263,0.0030696799746162,1.40829290334778,0.438140580943999
256,"s(curr_lastRippleV1PRE_z):curr_DOWN_no",0.185270441688083,0.00088541333825411,0.520526370928927,0.327468682538914
257,"s(curr_lastRippleV1PRE_z):curr_DOWN_no",0.551369065586288,0.00564927030693879,1.84936847223609,0.83528130896604
258,"s(curr_lastRippleV1PRE_z):curr_DOWN_no",0.347627987609278,0.00354525360283379,1.85834050943034,0.427935463509144
259,"s(curr_lastRippleV1PRE_z):curr_DOWN_no",0.177541041728819,0.000985154076613313,0.755758716403449,0.497938358379584
260,"s(curr_lastRippleV1PRE_z):curr_DOWN_no",0.437383519093427,0.00289002086382114,1.36314032705199,0.850179423658731
261,"s(curr_lastRippleV1PRE_z):curr_DOWN_no",0.244443472890709,0.00197882501122514,1.30998312473713,0.560919714861676
262,"s(curr_lastRippleV1PRE_z):curr_DOWN_no",0.260355965525985,0.00142974734852848,1.55729740425018,0.646515714936461
263,"s(curr_lastRippleV1PRE_z):curr_DOWN_no",0.577137045284836,0.00557784831313612,2.0560733634093,0.77368422303349
264,"s(curr_lastRippleV1PRE_z):curr_DOWN_no",0.1761468230587,0.00134514861361319,0.819713251760133,0.930359079005381
265,"s(curr_lastRippleV1PRE_z):curr_DOWN_no",0.216716485117215,0.000987729770569619,0.778933931099782,0.455777832720588
266,"s(curr_lastRippleV1PRE_z):curr_DOWN_no",0.137940178690177,0.00060048331174347,0.870124702414208,0.300117425163221
267,"s(curr_lastRippleV1PRE_z):curr_DOWN_no",0.187443858366729,0.00145039837532905,1.28396122962033,0.438042947853834
268,"s(curr_lastRippleV1PRE_z):curr_DOWN_no",0.456125225218354,0.00442753006689813,1.51438197490342,1.1412520066492
269,"s(curr_lastRippleV1PRE_z):curr_DOWN_no",0.136767431097467,0.000495594385922261,0.698209293674872,0.442171271733094
270,"s(curr_lastRippleV1PRE_z):curr_DOWN_no",0.347634301614404,0.00320622167449968,1.65217537590236,0.755173177691442
271,"s(curr_lastRippleV1PRE_z):curr_DOWN_no",0.137470085651544,0.00105149354016271,0.627956189198003,0.301846217436926
272,"s(curr_lastRippleV1PRE_z):curr_DOWN_no",0.21795241546389,0.00199525494850806,0.883961722967595,0.575653746557172
273,"s(curr_lastRippleV1PRE_z):curr_DOWN_no",0.312795381484249,0.00301116673485355,1.19308878439267,0.628807578017587
274,"s(curr_lastRippleV1PRE_z):curr_DOWN_no",0.227153695708902,0.00195323149649528,0.758946049874715,0.436835178727479
275,"s(curr_lastRippleV1PRE_z):curr_DOWN_no",0.0414843391878987,0.000174013995045922,0.172169729085608,0.130693036485164
276,"s(curr_lastRippleV1PRE_z):curr_DOWN_no",0.415508788440832,0.0040531776613403,0.935318749122881,0.371864357511862
277,"s(curr_lastRippleV1PRE_z):curr_DOWN_no",0.346649559369181,0.00324806756757373,1.57987709775005,0.538594767425455
278,"s(curr_lastRippleV1PRE_z):curr_DOWN_no",0.426669691131329,0.0025403315983948,1.25260795599675,0.406428221408522
279,"s(curr_lastRippleV1PRE_z):curr_DOWN_no",0.529528436027199,0.0039096618065655,1.84089074142245,1.16027540697669
280,"s(curr_lastRippleV1PRE_z):curr_DOWN_no",0.275690982510435,0.00163405469096322,0.949621005598485,0.6800408057269
281,"s(curr_lastRippleV1PRE_z):curr_DOWN_no",0.295561523155717,0.00164242259738611,1.32532916457515,0.571843923820608
282,"s(curr_lastRippleV1PRE_z):curr_DOWN_no",0.316095772116146,0.00294056574581439,1.0216523481412,0.357066342721436
283,"s(curr_lastRippleV1PRE_z):curr_DOWN_no",0.104596257726444,0.000460019611170377,0.889451200635655,0.231899390370964
284,"s(curr_lastRippleV1PRE_z):curr_DOWN_no",0.130552025563947,0.00101903868583797,0.50430095375867,0.395290833231411
285,"s(curr_lastRippleV1PRE_z):curr_DOWN_no",0.144786772979284,0.000680511468570805,0.781783471077195,0.385056865298535
286,"s(curr_lastRippleV1PRE_z):curr_DOWN_no",0.393964626584979,0.00395556372514213,1.40894868604867,0.332161045573286
287,"s(curr_lastRippleV1PRE_z):curr_DOWN_no",0.174030940684939,0.0014878208949976,0.746166221703088,0.386110372005586
288,"s(curr_lastRippleV1PRE_z):curr_DOWN_no",0.33783120548953,0.00412978712181573,1.30520645565161,0.969730537824152
289,"s(curr_lastRippleV1PRE_z):curr_DOWN_no",0.329960827748836,0.00235852484460626,1.37408440754994,0.972550153439862
290,"s(curr_lastRippleV1PRE_z):curr_DOWN_no",0.12447688393414,0.000494849445016274,0.527587192830649,0.409864531311018
291,"s(curr_lastRippleV1PRE_z):curr_DOWN_no",0.166401633220116,0.00079349555135434,1.05279227064851,0.470904949360708
292,"s(curr_lastRippleV1PRE_z):curr_DOWN_no",0.328793370977011,0.00311019322063024,0.775222526323766,0.417236476026255
293,"s(curr_lastRippleV1PRE_z):curr_DOWN_no",0.193898839665001,0.00159098009540524,1.08814831735623,0.706831893034711
294,"s(curr_lastRippleV1PRE_z):curr_DOWN_no",0.179245573847087,0.00149086527452165,0.808502455960374,0.671122459744227
295,"s(curr_lastRippleV1PRE_z):curr_DOWN_no",0.246193952853562,0.00119283866909835,0.730474156021048,0.418480253232202
296,"s(curr_lastRippleV1PRE_z):curr_DOWN_no",0.130946924998223,0.00098075217982577,0.551964900862376,0.260748556463408
297,"s(curr_lastRippleV1PRE_z):curr_DOWN_no",0.245446476397874,0.00166964530241352,0.912202065151984,0.490266076048564
298,"s(curr_lastRippleV1PRE_z):curr_DOWN_no",0.152446115814921,0.00227850042715178,1.07359749164148,0.599336856570974
299,"s(curr_lastRippleV1PRE_z):curr_DOWN_no",0.472483789954927,0.00437603152065236,2.59637947071735,0.6462694031664
300,"s(curr_lastRippleV1PRE_z):curr_DOWN_no",0.273339713091158,0.00250637484892647,0.964979623621431,0.663986229174257
301,"s(curr_lastRippleV1PRE_z):curr_DOWN_no",0.369456493356593,0.00351347067549744,1.23112936694765,0.777702042524324
302,"s(curr_lastRippleV1PRE_z):curr_DOWN_no",0.22971605533176,0.0020628998662492,0.951707871872154,0.62309971136904
303,"s(curr_lastRippleV1PRE_z):curr_DOWN_no",0.429984006454399,0.00273257020222609,1.2072620317055,0.843235965209779
304,"s(curr_lastRippleV1PRE_z):curr_DOWN_no",0.00062891334920856,4.21054069679261e-06,0.0292338344057105,0.00872565427557538
305,"s(curr_lastRippleV1PRE_z):curr_DOWN_no",-0.0123941950677571,0.000738240655690828,0.53768466651275,0.284016497365282
306,"s(curr_lastRippleV1PRE_z):curr_DOWN_no",0.031919138195911,0.00103025551467969,0.17372892724636,1.15638300015473
307,"s(curr_lastRippleV1PRE_z):curr_DOWN_no",0.13559271695962,0.00106543960272695,0.558379010621688,0.243238131641952
308,"s(curr_lastRippleV1PRE_z):curr_DOWN_no",0.0430718302023205,7.93260739341391e-05,0.198421762827724,0.164616269875763
309,"s(curr_lastRippleV1PRE_z):curr_DOWN_no",0.122472481345703,0.000813360117612125,0.528755604077135,0.309819005750893
310,"s(curr_lastRippleV1PRE_z):curr_DOWN_no",0.0537567180354772,0.00033970553882536,0.266658215672102,0.114910304385984
311,"s(curr_lastRippleV1PRE_z):curr_DOWN_no",0.114542019663539,0.000707183742831855,0.65727542902237,0.446046622801449
312,"s(curr_lastRippleV1PRE_z):curr_DOWN_no",0.195198091947977,0.00172833656368091,0.876707177972176,0.345534713690815
313,"s(curr_lastRippleV1PRE_z):curr_DOWN_no",0.260919569717244,0.00144007607865543,1.17586365163243,0.622417670533492
314,"s(curr_lastRippleV1PRE_z):curr_DOWN_no",0.248902956025549,0.00201050752143008,1.5600857665373,0.522665971211408
315,"s(curr_lastRippleV1PRE_z):curr_DOWN_no",0.0915047128829487,0.00054178230457301,0.426519965066558,0.173351178908143
316,"s(curr_lastRippleV1PRE_z):curr_DOWN_no",0.0229056748623435,7.40779267595936e-05,0.203674842655992,0.0605299688720165
317,"s(curr_lastRippleV1PRE_z):curr_DOWN_no",0.269924122132112,0.00150570337446974,0.876445457728375,0.612949503283741
318,"s(curr_lastRippleV1PRE_z):curr_DOWN_no",0.041385148482231,0.000222826786612409,0.252723307999308,0.123730482386357
319,"s(curr_lastRippleV1PRE_z):curr_DOWN_no",0.0177387933568722,2.95130514596707e-05,0.184465099907418,0.0534686923011868
320,"s(curr_lastRippleV1PRE_z):curr_DOWN_no",0.529792545565742,0.00543471223802196,1.27145723398319,0.889491990377991
321,"s(curr_lastRippleV1PRE_z):curr_DOWN_no",0.131290329060137,0.000813240552851972,0.54719765909587,0.410847960658672
322,"s(curr_lastRippleV1PRE_z):curr_DOWN_no",0.291717465939459,0.00273014509056775,1.17618560396723,0.579478409051625
323,"s(curr_lastRippleV1PRE_z):curr_DOWN_no",0.0953031091351031,0.000578579385389394,0.537931456092824,0.311756529611116
324,"s(curr_lastRippleV1PRE_z):curr_DOWN_no",0.0386336930800084,0.000168068697902578,0.125190506150348,0.0805695007041373
325,"s(curr_lastRippleV1PRE_z):curr_DOWN_no",0.242215864865461,0.00223941669309278,1.04793398893112,0.781799574381715
326,"s(curr_lastRippleV1PRE_z):curr_DOWN_no",0.493310086723794,0.00329468626121892,1.38322378964215,0.737074077935391
327,"s(curr_lastRippleV1PRE_z):curr_DOWN_no",0.295239442909411,0.00296999050352291,1.17767113295808,0.294516056550964
328,"s(curr_lastRippleV1PRE_z):curr_DOWN_no",0.15260534062962,0.000728191768504581,0.605791154824625,0.232419065017815
329,"s(curr_lastRippleV1PRE_z):curr_DOWN_no",0.205885378542913,0.000935997369683568,1.36602460800632,0.45640421705926
330,"s(curr_lastRippleV1PRE_z):curr_DOWN_no",0.294658730675584,0.00288117801565071,1.10038447511727,0.609642013224406
331,"s(curr_lastRippleV1PRE_z):curr_DOWN_no",0.147298071738943,0.00121719329351724,0.784667936663135,0.258276582242253
332,"s(curr_lastRippleV1PRE_z):curr_DOWN_no",0.357901014901117,0.00358946425318344,1.11571967290332,0.68089757967384
333,"s(curr_lastRippleV1PRE_z):curr_DOWN_no",0.240971888948921,0.0014111111447034,1.48135617155064,0.39777024110846
334,"s(curr_lastRippleV1PRE_z):curr_DOWN_no",0.055223792945843,8.83619386683805e-05,0.604373199752327,0.168533781728988
335,"s(curr_lastRippleV1PRE_z):curr_DOWN_no",0.143235916574592,0.000667698664076475,1.03268493000567,0.275627916492548
336,"s(curr_lastRippleV1PRE_z):curr_DOWN_no",0.192951865443211,0.00169790924885708,0.837365822351332,0.539115521590428
337,"s(curr_lastRippleV1PRE_z):curr_DOWN_no",0.20799499009024,0.00117773877698304,0.815370582590901,0.569831722532261
338,"s(curr_lastRippleV1PRE_z):curr_DOWN_no",0.0788197182856871,0.00220698974519724,1.42775655260775,0.831724190867782
339,"s(curr_lastRippleV1PRE_z):curr_DOWN_no",0.0106044156785918,0.000141374863150106,0.173433290499638,0.0515464174158438
340,"s(curr_lastRippleV1PRE_z):curr_DOWN_no",0.142127654750074,0.00100027762567714,0.994750071477313,0.278481509851846
341,"s(curr_lastRippleV1PRE_z):curr_DOWN_no",0.354513023119242,0.00170601063138603,1.3108197230808,0.655322172727483
342,"s(curr_lastRippleV1PRE_z):curr_DOWN_no",0.104542981663109,0.00040691026426908,0.574496147377255,0.291430656939011
343,"s(curr_lastRippleV1PRE_z):curr_DOWN_no",0.170024575245408,0.00123424727818872,1.30782774587229,0.353764305182889
344,"s(curr_lastRippleV1PRE_z):curr_DOWN_no",0.407575319815312,0.00377257732959982,2.65515114503965,0.614452554865226
345,"s(curr_lastRippleV1PRE_z):curr_DOWN_no",0.057379536282169,0.000116038040576867,0.353440309216131,0.157314392282778
346,"s(curr_lastRippleV1PRE_z):curr_DOWN_no",0.413953739083904,0.00383290032250703,2.01116508905645,0.53061661295291
347,"s(curr_lastRippleV1PRE_z):curr_DOWN_no",0.23933771456358,0.0022127034421719,0.997609589923535,0.546237904555962
348,"s(curr_lastRippleV1PRE_z):curr_DOWN_no",0.404775776718562,0.0028247288611404,1.23965301121738,0.799991747476231
349,"s(curr_lastRippleV1PRE_z):curr_DOWN_no",0.13142863812246,0.000800916457861112,0.671353249023835,0.296599372812624
350,"s(curr_lastRippleV1PRE_z):curr_DOWN_no",0.224750388753082,0.00306339808429172,0.948364923074272,1.34868439806585
351,"s(curr_lastRippleV1PRE_z):curr_DOWN_no",0.282567711166346,0.00259384720004661,1.38110781161985,0.508037512993579
352,"s(curr_lastRippleV1PRE_z):curr_DOWN_no",0.109465646143955,0.000742321535467482,0.690724913032569,0.225191402165042
353,"s(curr_lastRippleV1PRE_z):curr_DOWN_no",0.240554408459109,0.00219736761997835,0.791066944808415,0.474582873468672
354,"s(curr_lastRippleV1PRE_z):curr_DOWN_no",0.274344394459794,0.00113926986844963,1.82330665390413,0.419193862390879
355,"s(curr_lastRippleV1PRE_z):curr_DOWN_no",0.0693719874787737,0.00019295527178254,0.450955710504212,0.207970815597069
356,"s(curr_lastRippleV1PRE_z):curr_DOWN_no",0.145764494518525,0.00082516999526292,0.764467294234853,0.733024877362541
357,"s(curr_lastRippleV1PRE_z):curr_DOWN_no",0.189699838012016,0.000661136496820376,0.868344711140604,0.500350109137077
358,"s(curr_lastRippleV1PRE_z):curr_DOWN_no",0.429618098405612,0.00409088598409953,1.47927142769037,0.789566055184561
359,"s(curr_lastRippleV1PRE_z):curr_DOWN_no",0.369750627962216,0.00237110302954545,1.42469643653073,0.589112144475271
360,"s(curr_lastRippleV1PRE_z):curr_DOWN_no",0.317995713301303,0.00199401202050348,1.69194191470702,0.734169374497331
361,"s(curr_lastRippleV1PRE_z):curr_DOWN_no",0.32465692274304,0.002842733573243,1.51743675400032,0.709307622323912
362,"s(curr_lastRippleV1PRE_z):curr_DOWN_no",0.0827548213358842,0.000234339415841389,0.608916597379503,0.139804409760375
363,"s(curr_lastRippleV1PRE_z):curr_DOWN_no",0.0607289998476039,0.000218292951163533,0.344580831020961,0.206808862292187
364,"s(curr_lastRippleV1PRE_z):curr_DOWN_no",0.169787226826766,0.00127968555332743,0.810018429890997,0.411858905342165
365,"s(curr_lastRippleV1PRE_z):curr_DOWN_no",0.316874879656019,0.00205068963007544,1.30070022211965,0.979936134652278
366,"s(curr_lastRippleV1PRE_z):curr_DOWN_no",0.343893745388618,0.0032449595783108,1.11022576464812,0.675401242192648
367,"s(curr_lastRippleV1PRE_z):curr_DOWN_no",0.333991701679621,0.00332269888999404,1.21266821638861,0.812053022034652
368,"s(curr_lastRippleV1PRE_z):curr_DOWN_no",0.16688451695543,0.00120225662091718,1.13647580638936,0.265953944235737
369,"s(curr_lastRippleV1PRE_z):curr_DOWN_no",0.655180355789758,0.00653588680780597,1.86035625949405,1.28038738935329
370,"s(curr_lastRippleV1PRE_z):curr_DOWN_no",0.00859196168699938,9.20823349724598e-05,0.138237775082443,0.0409441339263964
371,"s(curr_lastRippleV1PRE_z):curr_DOWN_no",0.105450920456018,0.000602068634864563,0.43843458906087,0.371298645097588
372,"s(curr_lastRippleV1PRE_z):curr_DOWN_no",0.0884550271135787,0.000368287190079012,0.471813251122901,0.264731635335065
373,"s(curr_lastRippleV1PRE_z):curr_DOWN_no",0.194714115563315,0.00141880910271891,1.40135937187374,0.451557789544358
374,"s(curr_lastRippleV1PRE_z):curr_DOWN_no",0.00783235563505791,6.74396409430674e-05,0.119513354930956,0.0354502638693998
375,"s(curr_lastRippleV1PRE_z):curr_DOWN_no",0.171261599335538,0.00125734765558767,0.805520636923659,0.789382524960096
376,"s(curr_lastRippleV1PRE_z):curr_DOWN_no",0.00721296274089323,7.80338114622933e-05,0.108057351030049,0.0322338115174843
377,"s(curr_lastRippleV1PRE_z):curr_DOWN_no",0.104488231328793,0.000757032347041847,0.5248192689819,0.221541991163711
378,"s(curr_lastRippleV1PRE_z):curr_DOWN_no",0.168380858697207,0.00119223731220685,0.877819877211954,0.268368150798907
379,"s(curr_lastRippleV1PRE_z):curr_DOWN_no",0.130578970754033,0.000946311714342458,0.765062105007139,0.218606661420584
380,"s(curr_lastRippleV1PRE_z):curr_DOWN_no",0.0797679440995518,0.000338380208859653,0.443195476828728,0.107595025217493
381,"s(curr_lastRippleV1PRE_z):curr_DOWN_no",0.231465283179654,0.000966706855370885,1.44538995789957,0.372289386056649
382,"s(curr_lastRippleV1PRE_z):curr_DOWN_no",0.165239838376172,0.00131303449147298,0.880034542471158,0.527577191856182
383,"s(curr_lastRippleV1PRE_z):curr_DOWN_no",0.211009674523495,0.0011947766271214,0.936880345404996,0.889325734450991
384,"s(curr_lastRippleV1PRE_z):curr_DOWN_no",0.293880192087106,0.00174636062439469,0.76633671799492,0.635651922850825
385,"s(curr_lastRippleV1PRE_z):curr_DOWN_no",0.321391510324075,0.00227668823008535,1.28086176142578,0.917429388608573
386,"s(curr_lastRippleV1PRE_z):curr_DOWN_no",0.125902245066653,0.000965288963514599,0.745665599885396,0.557700284782855
387,"s(curr_lastRippleV1PRE_z):curr_DOWN_no",0.183061469268491,0.00159245134121938,0.806498082705826,0.495965305084508
388,"s(curr_lastRippleV1PRE_z):curr_DOWN_no",0.26333829109828,0.00253329492608319,0.992449381792357,0.511394265769632
389,"s(curr_lastRippleV1PRE_z):curr_DOWN_no",0.234718605562141,0.00204266040350076,1.11112265904808,0.909695798783587
390,"s(curr_lastRippleV1PRE_z):curr_DOWN_no",0.166649649389005,0.0013865580513273,0.687674891439679,0.28492527485609
391,"s(curr_lastRippleV1PRE_z):curr_DOWN_no",0.0871738334486274,0.000502481592508477,0.58381549563827,0.180164165271349
392,"s(curr_lastRippleV1PRE_z):curr_DOWN_no",0.288453528784589,0.00285639476444706,0.921495386212761,0.684733055856434
393,"s(curr_lastRippleV1PRE_z):curr_DOWN_no",0.242231682502184,0.00217142025287842,0.971975735255544,0.393064126099837
394,"s(curr_lastRippleV1PRE_z):curr_DOWN_no",0.202412405553926,0.00204197402638433,0.724285575933886,0.281843760397413
395,"s(curr_lastRippleV1PRE_z):curr_DOWN_no",0.210931076983131,0.00183443110880566,0.797848106163912,0.551872078609186
396,"s(curr_lastRippleV1PRE_z):curr_DOWN_no",0.145492198833048,0.000440192860052934,0.874927752353546,0.310002988779092
397,"s(curr_lastRippleV1PRE_z):curr_DOWN_no",0.15697543885825,0.00114288946510819,0.825148319954151,0.49022845070113
398,"s(curr_lastRippleV1PRE_z):curr_DOWN_no",0.225020505859829,0.00206086945993718,0.829524995678586,0.510214178906388
399,"s(curr_lastRippleV1PRE_z):curr_DOWN_no",0.122521415606145,0.00163692220246046,1.11277841030761,0.621581508020458
400,"s(curr_lastRippleV1PRE_z):curr_DOWN_no",0.381726135586659,0.00277895371540243,1.44838488197874,0.942157029412892
401,"s(curr_lastRippleV1PRE_z):curr_DOWN_no",0.113986190130469,0.000747538371624269,0.524254865517902,0.631409088820628
402,"s(curr_lastRippleV1PRE_z):curr_DOWN_no",0.422031721800602,0.00251822141371831,1.91108833789211,0.479527274058455
403,"s(curr_lastRippleV1PRE_z):curr_DOWN_no",0.435328433754857,0.00432090737753692,1.61839603066975,0.511091505780593
404,"s(curr_lastRippleV1PRE_z):curr_DOWN_no",0.0964483280949304,0.000403572697086671,0.777092035065672,0.292204045812097
405,"s(curr_lastRippleV1PRE_z):curr_DOWN_no",0.252433728269591,0.00148841368070513,0.980530547487892,0.822056176872925
406,"s(curr_lastRippleV1PRE_z):curr_DOWN_no",0.243041406400203,0.00223193622955038,0.782004069811858,0.363177305572325
407,"s(curr_lastRippleV1PRE_z):curr_DOWN_no",0.248238913713972,0.00132462099020523,0.933673148441696,0.625428564232522
408,"s(curr_lastRippleV1PRE_z):curr_DOWN_no",0.270101181783584,0.00152323315287271,1.33164901469538,0.800923506846739
409,"s(curr_lastRippleV1PRE_z):curr_DOWN_no",0.420556585246223,0.00281138256123901,1.30143569172157,0.848807481094433
410,"s(curr_lastRippleV1PRE_z):curr_DOWN_no",0.00797114238521068,6.85916405378036e-05,0.106937808298686,0.0319612845599117
411,"s(curr_lastRippleV1PRE_z):curr_DOWN_no",0.292968255984468,0.00266696332303186,1.3039683796479,0.819158731584363
412,"s(curr_lastRippleV1PRE_z):curr_DOWN_no",0.322498103117209,0.00200544906977951,1.06037078911032,0.662057577574794
413,"s(curr_lastRippleV1PRE_z):curr_DOWN_no",0.154804472865543,0.000910028927032452,1.36285726386449,0.400214791795667
414,"s(curr_lastRippleV1PRE_z):curr_DOWN_no",0.238507921489895,0.0021919276955167,1.11854346582148,0.713018869106881
415,"s(curr_lastRippleV1PRE_z):curr_DOWN_no",0.110150191700587,0.000687494624192615,0.589772402483692,0.357780876891392
416,"s(curr_lastRippleV1PRE_z):curr_DOWN_no",0.270189249914613,0.00194600138578231,1.51678185647124,1.0976859643036
417,"s(curr_lastRippleV1PRE_z):curr_DOWN_no",0.162641277952749,0.00110459981158097,0.92329289647718,0.509354994969763
418,"s(curr_lastRippleV1PRE_z):curr_DOWN_no",0.155443610926626,0.00135628010633647,0.760302772100946,0.410304282389864
419,"s(curr_lastRippleV1PRE_z):curr_DOWN_no",0.114743601701582,0.000430429834260851,0.773609799344942,0.260427078866927
420,"s(curr_lastRippleV1PRE_z):curr_DOWN_no",0.16857912962166,0.00137948766954367,0.860830771080556,0.560215117197281
421,"s(curr_lastRippleV1PRE_z):curr_DOWN_no",0.155747220498982,0.000621495813364524,0.748261044180817,0.384273071624228
422,"s(curr_lastRippleV1PRE_z):curr_DOWN_no",0.121460813466057,0.000834587389784082,0.380088799753555,0.282407987717672
423,"s(curr_lastRippleV1PRE_z):curr_DOWN_no",0.0537419299074138,0.000155830138838171,0.2710108829575,0.196332548292228
424,"s(curr_lastRippleV1PRE_z):curr_DOWN_no",0.178089089102886,0.000931805938479952,0.941988717184057,0.634598583037502
425,"s(curr_lastRippleV1PRE_z):curr_DOWN_no",0.166758038704261,0.00100129515131836,0.845530245480665,0.71097195207511
426,"s(curr_lastRippleV1PRE_z):curr_DOWN_no",0.219940438756549,0.00129068655401707,1.06046458405959,0.499773079682659
427,"s(curr_lastRippleV1PRE_z):curr_DOWN_no",0.325071091079282,0.00170094449597987,1.29805045944311,0.499873620363606
428,"s(curr_lastRippleV1PRE_z):curr_DOWN_no",0.147986202798695,0.000992961390921063,0.430666546741003,0.163507336024637
429,"s(curr_lastRippleV1PRE_z):curr_DOWN_no",0.274796418981865,0.00257001082435395,0.974830243367921,0.434939385573006
430,"s(curr_lastRippleV1PRE_z):curr_DOWN_no",0.215818042103883,0.00198793013520294,0.946366698448524,0.330946412790281
431,"s(curr_lastRippleV1PRE_z):curr_DOWN_no",0.299810898509383,0.00283716799537504,1.36055170192209,0.379975345907598
432,"s(curr_lastRippleV1PRE_z):curr_DOWN_no",0.272428481459178,0.00122696935711894,1.4538174520109,0.663651950815972
433,"s(curr_lastRippleV1PRE_z):curr_DOWN_no",0.266125702026292,0.00254951888879551,0.936838689703388,0.534825362538033
434,"s(curr_lastRippleV1PRE_z):curr_DOWN_no",0.095887004117615,0.000562236953081595,0.524158332945988,0.267396655356722
435,"s(curr_lastRippleV1PRE_z):curr_DOWN_no",0.180654220409264,0.00160214688293978,0.727569511241471,0.302628376381341
436,"s(curr_lastRippleV1PRE_z):curr_DOWN_no",0.195218428024342,0.00180025460464046,0.897119963183078,0.299585935507703
437,"s(curr_lastRippleV1PRE_z):curr_DOWN_no",0.0011680926749813,1.36163265672325e-05,0.0529156096102274,0.0156754181276336
438,"s(curr_lastRippleV1PRE_z):curr_DOWN_no",0.226356256601833,0.00166071444463136,1.00330785108994,0.986719461035675
439,"s(curr_lastRippleV1PRE_z):curr_DOWN_no",0.00279375281127958,3.74869652984239e-05,0.0758776723694123,0.0225722502636327
440,"s(curr_lastRippleV1PRE_z):curr_DOWN_no",0.137385565912792,0.000290969065570888,1.15121463816865,0.34587027394207
441,"s(curr_lastRippleV1PRE_z):curr_DOWN_no",0.0616462836955822,0.000288803115511647,0.32518894950463,0.176268697414872
442,"s(curr_lastRippleV1PRE_z):curr_DOWN_no",0.210945580092952,0.000845285610119728,1.51224857355491,0.371109261618647
443,"s(curr_lastRippleV1PRE_z):curr_DOWN_no",0.0999490822628966,0.000563510812759343,0.270022341523282,0.200854721708465
444,"s(curr_lastRippleV1PRE_z):curr_DOWN_no",0.109316527556643,0.000799192637417886,1.24663855223015,0.466033898524352
445,"s(curr_lastRippleV1PRE_z):curr_DOWN_no",0.350118054525477,0.00182144510321778,1.32582713751432,0.464347184989486
446,"s(curr_lastRippleV1PRE_z):curr_DOWN_no",0.137249896125423,0.00095180527525759,0.920036322920396,0.287673679754407
447,"s(curr_lastRippleV1PRE_z):curr_DOWN_no",0.180457774323804,0.00146109680024634,0.713983778851827,0.569042186374466
448,"s(curr_lastRippleV1PRE_z):curr_DOWN_no",0.288776869252543,0.0016338321526763,1.07482283367037,0.781322887132444
449,"s(curr_lastRippleV1PRE_z):curr_DOWN_no",0.237643758931358,0.00195060273638417,1.18194704127005,0.465527096729433
450,"s(curr_lastRippleV1PRE_z):curr_DOWN_no",0.173172800638539,0.00117138799287694,1.04138335429737,0.524670874260276
451,"s(curr_lastRippleV1PRE_z):curr_DOWN_no",0.29600261409544,0.0014332258762746,1.10157633940901,0.982415268756274
452,"s(curr_lastRippleV1PRE_z):curr_DOWN_no",0.161328227024548,0.00121222519805695,0.428322786702874,0.280595415803011
453,"s(curr_lastRippleV1PRE_z):curr_DOWN_no",0.101201629327566,0.00046884128150605,0.323181925921868,0.233239210734882
454,"s(curr_lastRippleV1PRE_z):curr_DOWN_no",0.215077087199935,0.00197192189884712,1.15544717801518,0.315652270349947
455,"s(curr_lastRippleV1PRE_z):curr_DOWN_no",0.142655424414182,0.000590232668018381,0.700632847744258,0.422039019059172
456,"s(curr_lastRippleV1PRE_z):curr_DOWN_no",0.447720415831366,0.00301516966839551,1.08518274436896,0.7815409566906
457,"s(curr_lastRippleV1PRE_z):curr_DOWN_no",0.188253343868851,0.00141578430955274,1.13478834196934,0.319473746780513
458,"s(curr_lastRippleV1PRE_z):curr_DOWN_no",0.160989391083614,0.0013110108900528,0.828693772077368,0.519588742612257
459,"s(curr_lastRippleV1PRE_z):curr_DOWN_no",0.274231791044735,0.00258143013356927,0.961143928683628,0.579157696142329
460,"s(curr_lastRippleV1PRE_z):curr_DOWN_no",0.0216466961242103,2.10787855860255e-05,0.145623190619457,0.0860745911367883
461,"s(curr_lastRippleV1PRE_z):curr_DOWN_no",0.289114521233053,0.00265830653875984,1.13163923269132,0.643178284746993
462,"s(curr_lastRippleV1PRE_z):curr_DOWN_no",0.261242042702475,0.00245493290107058,1.12931784524317,0.537538545035413
463,"s(curr_lastRippleV1PRE_z):curr_DOWN_no",0.0876874583343366,0.000444242295269305,0.510693789100841,0.320515531769405
464,"s(curr_lastRippleV1PRE_z):curr_DOWN_no",0.164042726709043,0.0013292856527402,0.651828468005063,0.431416340701803
465,"s(curr_lastRippleV1PRE_z):curr_DOWN_no",0.0171189224447126,1.27026809150603e-05,0.134077272296466,0.0561458660887125
466,"s(curr_lastRippleV1PRE_z):curr_DOWN_no",0.136395146382481,0.000484043403272121,0.502514754854706,0.334343528649295
467,"s(curr_lastRippleV1PRE_z):curr_DOWN_no",0.154031657052007,0.000648936513251636,0.690893159800042,0.453915117768495
468,"s(curr_lastRippleV1PRE_z):curr_DOWN_no",0.286371673061037,0.00285322048840641,1.22986345212871,0.786730651268281
469,"s(curr_lastRippleV1PRE_z):curr_DOWN_no",0.183272153912144,0.000870800451955529,1.4191690882399,0.603799380251219
470,"s(curr_lastRippleV1PRE_z):curr_DOWN_no",0.189308110772587,0.00170079224284931,0.747392357022689,0.287751461871112
471,"s(curr_lastRippleV1PRE_z):curr_DOWN_no",0.401502843652606,0.00235830038386123,2.06831904070819,0.550995453975415
472,"s(curr_lastRippleV1PRE_z):curr_DOWN_no",0.161624589968927,0.000639024693353122,0.695445980604684,0.443676555692933
473,"s(curr_lastRippleV1PRE_z):curr_DOWN_no",0.168771246609216,0.00135145101031201,0.677696986510398,0.3795423129216
474,"s(curr_lastRippleV1PRE_z):curr_DOWN_no",0.238164564776001,0.00229794702861688,0.881410004742382,0.229880282544992
475,"s(curr_lastRippleV1PRE_z):curr_DOWN_no",0.598935849031633,0.00607066574002599,1.64114919194613,0.548857618489538
476,"s(curr_lastRippleV1PRE_z):curr_DOWN_no",0.157242313346627,0.00107807288292904,1.14639958746643,0.271753041108203
477,"s(curr_lastRippleV1PRE_z):curr_DOWN_no",0.506702627112095,0.00289655289004329,2.01844242235941,0.513858540570431
478,"s(curr_lastRippleV1PRE_z):curr_DOWN_no",0.135775023303045,0.000481833481607008,0.72524358307134,0.404080578199287
479,"s(curr_lastRippleV1PRE_z):curr_DOWN_no",0.0102406743802561,9.21547938362564e-05,0.138860854211574,0.0412180653416639
480,"s(curr_lastRippleV1PRE_z):curr_DOWN_no",0.0859908375628731,0.000557806945063096,0.257816132009017,0.159220817975623
481,"s(curr_lastRippleV1PRE_z):curr_DOWN_no",0.165602153251871,0.000765506207704902,0.715231240563862,0.626583516970985
482,"s(curr_lastRippleV1PRE_z):curr_DOWN_no",0.00120049418974588,7.64900585045e-06,0.0408656884510851,0.0121308807875796
483,"s(curr_lastRippleV1PRE_z):curr_DOWN_no",0.330656056951738,0.00336764355439334,1.07385565244494,0.575354219144884
484,"s(curr_lastRippleV1PRE_z):curr_DOWN_no",0.130034817598562,0.00101450791187519,0.632442689858745,0.316152457838127
485,"s(curr_lastRippleV1PRE_z):curr_DOWN_no",0.338626715710745,0.0031882358380751,0.998485129070514,0.708752495309835
486,"s(curr_lastRippleV1PRE_z):curr_DOWN_no",0.206957510923627,0.00167450676352787,1.13305472175812,0.498209683734611
487,"s(curr_lastRippleV1PRE_z):curr_DOWN_no",0.0767579992365146,0.00031075397047431,0.507212764542045,0.201270956485199
488,"s(curr_lastRippleV1PRE_z):curr_DOWN_no",0.233816694977055,0.00217110159848077,0.747263781351011,0.3052619272536
489,"s(curr_lastRippleV1PRE_z):curr_DOWN_no",0.302558769930414,0.00165680048699528,1.17971244579328,0.622402596808331
490,"s(curr_lastRippleV1PRE_z):curr_DOWN_no",0.236679105424246,0.0019603037185657,1.28728704983583,0.663838786904779
491,"s(curr_lastRippleV1PRE_z):curr_DOWN_no",0.181828485682289,0.000891436414254293,1.01124709917328,0.741111468549482
492,"s(curr_lastRippleV1PRE_z):curr_DOWN_no",0.15608867234733,0.000844283973968218,0.458549189463446,0.28645649932867
493,"s(curr_lastRippleV1PRE_z):curr_DOWN_no",0.104774477247956,0.000676556715220117,0.370075481605227,0.232075918825861
494,"s(curr_lastRippleV1PRE_z):curr_DOWN_no",0.251371437788022,0.0022849527328812,0.815422328503989,0.464462400169675
495,"s(curr_lastRippleV1PRE_z):curr_DOWN_no",0.386074014354493,0.00388837785527088,1.06561315538024,0.420034575947656
496,"s(curr_lastRippleV1PRE_z):curr_DOWN_no",0.232567389741176,0.00108852688607113,1.09758627089593,0.427644483008173
497,"s(curr_lastRippleV1PRE_z):curr_DOWN_no",0.263980019602215,0.00149670656970513,1.46408851069169,0.514646078718207
498,"s(curr_lastRippleV1PRE_z):curr_DOWN_no",0.152206172660088,0.000980431567784265,0.636139870012093,0.167119104425501
499,"s(curr_lastRippleV1PRE_z):curr_DOWN_no",0.127914749985944,0.000489132417683452,0.931128518516844,0.476420059155077
500,"s(curr_lastRippleV1PRE_z):curr_DOWN_no",0.208784158857475,0.00185631365829787,1.01891345981563,0.592159899596395
501,"s(curr_lastRippleV1PRE_z):curr_DOWN_no",0.0280463031705134,0.000282149124164859,0.232398717856114,0.150934075273779
502,"s(curr_lastRippleV1PRE_z):curr_DOWN_no",0.338977491008741,0.00197025666803879,1.58019517124254,0.467417454065616
503,"s(curr_lastRippleV1PRE_z):curr_DOWN_no",0.131480737533018,0.000326202553548651,1.02261823868655,0.227388454145268
504,"s(curr_lastRippleV1PRE_z):curr_DOWN_no",0.0960421094968318,0.000629985670679451,0.773276562581045,0.240239249152843
505,"s(curr_lastRippleV1PRE_z):curr_DOWN_no",0.304243177585695,0.00115763646075837,1.34960084116489,0.53048093666123
506,"s(curr_lastRippleV1PRE_z):curr_DOWN_no",0.352532787218395,0.00348723880424564,1.16921277277037,0.899729273497893
507,"s(curr_lastRippleV1PRE_z):curr_DOWN_no",0.463875733729111,0.00302482332729378,1.23992191167385,0.747541243613551
508,"s(curr_lastRippleV1PRE_z):curr_DOWN_no",0.0559444930548434,7.53093027352557e-05,0.529391082860183,0.189096657112762
509,"s(curr_lastRippleV1PRE_z):curr_DOWN_no",0.348553025957818,0.00187438847109001,1.38375269484327,0.506774786110986
510,"s(curr_lastRippleV1PRE_z):curr_DOWN_no",0.337877997510793,0.00325590000200799,1.2011903500039,0.474628371057287
511,"s(curr_lastRippleV1PRE_z):curr_DOWN_no",0.153155353900015,0.00119461920990399,0.685093784342717,0.316075832310997
512,"s(curr_lastRippleV1PRE_z):curr_DOWN_no",0.220540770317408,0.00200540962332007,0.979816120329791,0.283489665844576
513,"s(curr_lastRippleV1PRE_z):curr_DOWN_no",0.201944107227382,0.00174977148563316,0.743515531328601,0.350172104565901
514,"s(curr_lastRippleV1PRE_z):curr_DOWN_no",0.00423990238041227,3.38781068129302e-06,0.0307161457403817,0.019993281600733
515,"s(curr_lastRippleV1PRE_z):curr_DOWN_no",0.529183683543659,0.00418493924848472,1.78400866136562,1.27234859147682
516,"s(curr_lastRippleV1PRE_z):curr_DOWN_no",0.316343762614037,0.00165227899702249,1.07588153430363,0.34652923272114
517,"s(curr_lastRippleV1PRE_z):curr_DOWN_no",0.343922944290247,0.00303577769983429,2.25900266670241,0.524024099588617
518,"s(curr_lastRippleV1PRE_z):curr_DOWN_no",0.363147687507908,0.0030930196282578,1.87461898268938,0.88515345475689
519,"s(curr_lastRippleV1PRE_z):curr_DOWN_no",0.254084262455535,0.00230041622440721,1.30375879052142,0.549761012268951
520,"s(curr_lastRippleV1PRE_z):curr_DOWN_no",0.140656762616546,0.00111914673819536,1.47298059731306,0.359313739374405
521,"s(curr_lastRippleV1PRE_z):curr_DOWN_no",0.512259931941176,0.00316891573698971,1.68498611974806,0.423270485977839
522,"s(curr_lastRippleV1PRE_z):curr_DOWN_no",0.424087593951739,0.00311277159900989,1.23687724032639,1.12097460308082
523,"s(curr_lastRippleV1PRE_z):curr_DOWN_no",0.219657291716591,0.00196658711598062,1.37667385072361,0.339332988131687
524,"s(curr_lastRippleV1PRE_z):curr_DOWN_no",0.253711417472803,0.00227563411697002,0.906428996773565,0.527887970136299
525,"s(curr_lastRippleV1PRE_z):curr_DOWN_no",0.254175166616459,0.00238953131925815,1.39874622419222,0.326362455543816
526,"s(curr_lastRippleV1PRE_z):curr_DOWN_no",0.32040657620477,0.00286427777451356,2.15283504967848,0.559920570613917
527,"s(curr_lastRippleV1PRE_z):curr_DOWN_no",0.44811897478242,0.00356262136208757,1.73986235507126,0.477672256375394
528,"s(curr_lastRippleV1PRE_z):curr_DOWN_no",0.109856302795079,0.000455016619533098,0.468606038619698,0.168298910877438
529,"s(curr_lastRippleV1PRE_z):curr_DOWN_no",0.300305293588012,0.00284202032874094,1.25898675431216,0.897256984603248
530,"s(curr_lastRippleV1PRE_z):curr_DOWN_no",0.26030498518266,0.00156850498441147,1.30243624872796,0.774432595247315
531,"s(curr_lastRippleV1PRE_z):curr_DOWN_no",0.184765810814386,0.00093554200441534,0.904463027059127,0.612341148044848
532,"s(curr_lastRippleV1PRE_z):curr_DOWN_no",0.212792792646789,0.00175030650832691,1.12783180969903,0.516510838899436
533,"s(curr_lastRippleV1PRE_z):curr_DOWN_no",0.131175508058827,0.000858927685156585,0.812687059760277,0.457706846432749
534,"s(curr_lastRippleV1PRE_z):curr_DOWN_no",0.517531758484948,0.00401441113054447,1.46698541755633,1.23143362596838
535,"s(curr_lastRippleV1PRE_z):curr_DOWN_no",0.161902339042519,0.000659198187958391,1.15567065532847,0.474923205140101
536,"s(curr_lastRippleV1PRE_z):curr_DOWN_no",0.224531729302803,0.00129797794595665,1.23770721902119,0.967870915145941
537,"s(curr_lastRippleV1PRE_z):curr_DOWN_no",0.365211731771869,0.00211580626608729,1.13273922313933,0.629893279474266
538,"s(curr_lastRippleV1PRE_z):curr_DOWN_no",0.366559644660523,0.00234579930483473,1.20792585381938,0.822020047414523
539,"s(curr_lastRippleV1PRE_z):curr_DOWN_no",0.295278605153937,0.00190415819411048,1.16233049765721,0.687628021847686
540,"s(curr_lastRippleV1PRE_z):curr_DOWN_no",0.201877837784251,0.00115840775349066,0.761351199182277,0.759820441577474
541,"s(curr_lastRippleV1PRE_z):curr_DOWN_no",0.197849772109679,0.000933383525804226,0.695925892435562,0.452969014398796
542,"s(curr_lastRippleV1PRE_z):curr_DOWN_no",0.161055920683614,0.000730806937343004,0.616942436241389,0.308174963503487
543,"s(curr_lastRippleV1PRE_z):curr_DOWN_no",0.183790192173871,0.000880238456366558,0.830280513250131,0.602505529910336
544,"s(curr_lastRippleV1PRE_z):curr_DOWN_no",0.396103561695973,0.00305367885633653,1.40146174430071,0.905232295557771
545,"s(curr_lastRippleV1PRE_z):curr_DOWN_no",0.250816824206601,0.00112139969814922,1.63813867643439,0.595132365449815
546,"s(curr_lastRippleV1PRE_z):curr_DOWN_no",0.0969959002094924,0.000697810712917868,0.49937178576302,0.227485919938602
547,"s(curr_lastRippleV1PRE_z):curr_DOWN_no",0.266023282611008,0.00178680043870572,1.07634650222069,0.692120309836577
548,"s(curr_lastRippleV1PRE_z):curr_DOWN_no",0.19732797031973,0.000777527165174255,1.23412260022652,0.401641793613076
549,"s(curr_lastRippleV1PRE_z):curr_DOWN_no",0.12465777903336,0.000461720066851369,1.43081893532644,0.33665221525465
550,"s(curr_lastRippleV1PRE_z):curr_DOWN_no",0.0958503675393727,0.0003901769892484,0.713537706111265,0.191593872573991
551,"s(curr_lastRippleV1PRE_z):curr_DOWN_no",0.179506709041529,0.0016298786234725,0.645823017439076,0.303632159210781
552,"s(curr_lastRippleV1PRE_z):curr_DOWN_no",0.230467905158857,0.00188525264903495,1.84278841196187,0.432395054812466
553,"s(curr_lastRippleV1PRE_z):curr_DOWN_no",0.365419039804806,0.00246823944391651,2.42714242774255,0.8965354481906
554,"s(curr_lastRippleV1PRE_z):curr_DOWN_no",0.399241449531624,0.00262623125670329,1.69494096696458,1.14691401203221
555,"s(curr_lastRippleV1PRE_z):curr_DOWN_no",0.0801373785189732,0.000465831882528137,0.434724239646168,0.351478753254831
556,"s(curr_lastRippleV1PRE_z):curr_DOWN_no",0.013051338665738,0.000125759584598526,0.165684514526741,0.049335546976933
557,"s(curr_lastRippleV1PRE_z):curr_DOWN_no",0.163895928632179,0.000935098131461457,1.2013843331682,0.42323753470916
558,"s(curr_lastRippleV1PRE_z):curr_DOWN_no",0.33722753831732,0.00326419468232397,1.58226127554482,0.485315068102986
559,"s(curr_lastRippleV1PRE_z):curr_DOWN_no",0.14969560154148,0.00118424708036236,0.696835382584971,0.558905272630784
560,"s(curr_lastRippleV1PRE_z):curr_DOWN_no",0.389857676565946,0.00373673289588764,1.32214948218832,0.788338297165017
561,"s(curr_lastRippleV1PRE_z):curr_DOWN_no",0.109053651710524,0.00042952775179674,0.406926820741769,0.236067613845766
562,"s(curr_lastRippleV1PRE_z):curr_DOWN_no",0.0755325748694835,0.00127399569906838,0.588339789300107,0.362939934242968
563,"s(curr_lastRippleV1PRE_z):curr_DOWN_no",0.164382398622042,0.00101122280057722,0.846187200808007,0.259244126432224
564,"s(curr_lastRippleV1PRE_z):curr_DOWN_no",0.31272777956031,0.00173297960786644,1.35259203691732,0.622792173309768
565,"s(curr_lastRippleV1PRE_z):curr_DOWN_no",0.0801287010672125,0.000130413783106271,0.860069901981842,0.201587733579455
566,"s(curr_lastRippleV1PRE_z):curr_DOWN_no",0.159934939416572,0.000465105551840032,1.07344115911673,0.300944242725197
567,"s(curr_lastRippleV1PRE_z):curr_DOWN_no",0.408120252071843,0.00398546003455024,1.57602303183969,1.03140346192347
568,"s(curr_lastRippleV1PRE_z):curr_DOWN_no",0.403813240425462,0.00296504767633066,1.56933444702984,1.06227661073757
569,"s(curr_lastRippleV1PRE_z):curr_DOWN_no",0.274203668763607,0.00242503973553165,1.20906418528402,0.390151709343059
570,"s(curr_lastRippleV1PRE_z):curr_DOWN_no",0.25753379373332,0.00135764063122551,1.04864345403149,0.570585018381232
571,"s(curr_lastRippleV1PRE_z):curr_DOWN_no",0.20144875747197,0.0018486014286157,0.851034412999867,0.353647693300545
572,"s(curr_lastRippleV1PRE_z):curr_DOWN_no",0.322767570422207,0.0031709478854897,1.23462778579105,0.849838767026377
573,"s(curr_lastRippleV1PRE_z):curr_DOWN_no",0.379641814548877,0.00381422731416258,1.20352374914595,0.653568290008996
574,"s(curr_lastRippleV1PRE_z):curr_DOWN_no",0.302063602527613,0.00288189619210696,1.96533324947529,0.46700997215886
575,"s(curr_lastRippleV1PRE_z):curr_DOWN_no",0.386106071958839,0.0036708797322964,1.1902297931569,0.757913990330648
576,"s(curr_lastRippleV1PRE_z):curr_DOWN_no",0.304975656237054,0.00283900504426882,1.92101542851429,0.465835321835873
577,"s(curr_lastRippleV1PRE_z):curr_DOWN_no",0.399297058618204,0.00357258998526313,1.71452963723581,0.767287343180009
578,"s(curr_lastRippleV1PRE_z):curr_DOWN_no",0.0809883826195499,0.000280390549066535,0.510229612920128,0.201419482970624
579,"s(curr_lastRippleV1PRE_z):curr_DOWN_no",0.0670017404868695,0.000201294047722366,0.372936298671017,0.169709100278222
580,"s(curr_lastRippleV1PRE_z):curr_DOWN_no",0.349095274993791,0.00254258508632354,1.32012426146415,1.03472709858083
581,"s(curr_lastRippleV1PRE_z):curr_DOWN_no",0.225298358702765,0.00184845489626121,0.740673740341766,0.52410593516979
582,"s(curr_lastRippleV1PRE_z):curr_DOWN_no",0.12775711047352,0.000822025285723692,0.684348374515526,0.255936795440555
583,"s(curr_lastRippleV1PRE_z):curr_DOWN_no",0.0575055007091709,0.000145579389330539,0.27821901745058,0.122344323768636
584,"s(curr_lastRippleV1PRE_z):curr_DOWN_no",0.241548197359325,0.00218672692611748,0.786239455210247,0.64122668974783
585,"s(curr_lastRippleV1PRE_z):curr_DOWN_no",0.10311306309426,0.000660263786965714,0.56213720866146,0.245159390039687
586,"s(curr_lastRippleV1PRE_z):curr_DOWN_no",0.20067613976881,0.00106224622763013,0.61600879717288,0.346100190514167
587,"s(curr_lastRippleV1PRE_z):curr_DOWN_no",0.107376554429203,0.000431416337809368,0.742045871451454,0.166369152530639
588,"s(curr_lastRippleV1PRE_z):curr_DOWN_no",0.208936350147329,0.00133029829937419,1.0337248750512,0.82533999135583
589,"s(curr_lastRippleV1PRE_z):curr_DOWN_no",0.0768047692874525,0.00182253450994328,0.810047213973899,0.555841859395747
590,"s(curr_lastRippleV1PRE_z):curr_DOWN_no",0.137411993780985,0.00107821650677326,0.689194210270251,0.428278539617337
591,"s(curr_lastRippleV1PRE_z):curr_DOWN_no",0.152046937107468,0.000949297803950329,0.940630254704313,0.249260937266079
592,"s(curr_lastRippleV1PRE_z):curr_DOWN_no",0.0825143377329001,0.000404967525566842,0.651721753620296,0.339543978483575
593,"s(curr_lastRippleV1PRE_z):curr_DOWN_no",0.114232820557891,0.00078398482627229,0.703419836528381,0.452113219670412
594,"s(curr_lastRippleV1PRE_z):curr_DOWN_no",0.153226113989165,0.00120650588452726,0.70488573245583,0.540471859090918
595,"s(curr_lastRippleV1PRE_z):curr_DOWN_no",0.418561329831165,0.00407628754754977,1.63467387454498,1.19797702881384
596,"s(curr_lastRippleV1PRE_z):curr_DOWN_no",0.291754758349827,0.00165246176987598,1.09412011456951,0.820352457219885
597,"s(curr_lastRippleV1PRE_z):curr_DOWN_no",0.198196704545964,0.00166163706699595,1.07664931096169,0.26232114536761
598,"s(curr_lastRippleV1PRE_z):curr_DOWN_no",0.403759465810275,0.00403213169099276,1.52240526874134,1.06984940950029
599,"s(curr_lastRippleV1PRE_z):curr_DOWN_no",0.155386499292548,0.0010684492388753,0.867224121820725,0.597643382882796
600,"s(curr_lastRippleV1PRE_z):curr_DOWN_no",0.0623783423940596,0.000351072197034104,0.30905593453781,0.235972697412559
601,"s(curr_lastRippleV1PRE_z):curr_DOWN_no",0.0099314395040011,0.000124409862678585,0.159065358203499,0.0471138075366833
602,"s(curr_lastRippleV1PRE_z):curr_DOWN_no",0.0670833828743103,0.000250208360047675,0.318832428218484,0.198563618468151
603,"s(curr_lastRippleV1PRE_z):curr_DOWN_no",0.202321677350353,0.00105465894265878,0.760619143596708,0.510100677375713
604,"s(curr_lastRippleV1PRE_z):curr_DOWN_no",0.206091092913143,0.000818458671418057,0.979632977306799,0.297840935180976
605,"s(curr_lastRippleV1PRE_z):curr_DOWN_no",0.182597820444084,0.000850493591684549,0.667504843261344,0.523249230018609
606,"s(curr_lastRippleV1PRE_z):curr_DOWN_no",0.233438208779018,0.00216817514077044,1.02844044828619,0.443353015565898
607,"s(curr_lastRippleV1PRE_z):curr_DOWN_no",0.156964647891707,0.00124068449513959,0.743023767065806,0.569241697070679
608,"s(curr_lastRippleV1PRE_z):curr_DOWN_no",0.329778100090489,0.00295951415257301,1.84052175962699,0.57766964529435
609,"s(curr_lastRippleV1PRE_z):curr_DOWN_no",0.331828622913068,0.00317585028816136,1.39321249219462,1.03684204803886
610,"s(curr_lastRippleV1PRE_z):curr_DOWN_no",0.283678610244686,0.00268307193812432,1.36961142443512,0.397967437929143
611,"s(curr_lastRippleV1PRE_z):curr_DOWN_no",0.122342002671981,0.000641099643833929,0.555946557186911,0.293816855272038
612,"s(curr_lastRippleV1PRE_z):curr_DOWN_no",0.284921441164716,0.00147313391732775,1.185564661862,0.37278956621043
613,"s(curr_lastRippleV1PRE_z):curr_DOWN_no",0.40747657914769,0.00391064139159118,1.80041575885436,0.738105528554212
614,"s(curr_lastRippleV1PRE_z):curr_DOWN_no",0.113840833629627,0.000778169012969836,0.462507916126428,0.338337319702967
615,"s(curr_lastRippleV1PRE_z):curr_DOWN_no",0.0804606805448733,0.000512220333728373,0.29395392134664,0.115644239426718
616,"s(curr_lastRippleV1PRE_z):curr_DOWN_no",0.227170627305284,0.00189216958024501,0.670298445821162,0.351832347159533
617,"s(curr_lastRippleV1PRE_z):curr_DOWN_no",0.220365679950778,0.00195037472416152,1.83718019367267,0.602147009759872
618,"s(curr_lastRippleV1PRE_z):curr_DOWN_no",0.205884129782476,0.000896411054685823,0.871734145629963,0.454439122991894
619,"s(curr_lastRippleV1PRE_z):curr_DOWN_no",0.110316472868194,0.000758195969442106,0.503707530146963,0.331125799023018
620,"s(curr_lastRippleV1PRE_z):curr_DOWN_no",0.2691651977759,0.00124143754637765,1.81095269569997,0.458868716480243
621,"s(curr_lastRippleV1PRE_z):curr_DOWN_no",0.0683143661720544,0.000306184744693035,0.287954835447832,0.141410759423163
622,"s(curr_lastRippleV1PRE_z):curr_DOWN_no",0.30389817026933,0.00302435189579454,1.04978140868515,0.531619660668729
623,"s(curr_lastRippleV1PRE_z):curr_DOWN_no",0.15783068174102,0.00109155377742259,0.900831574258595,0.353357306635165
624,"s(curr_lastRippleV1PRE_z):curr_DOWN_no",0.260394523318638,0.00194687881981861,1.80283053681951,0.411178942969715
625,"s(curr_lastRippleV1PRE_z):curr_DOWN_no",0.161095381845934,0.0013241986198474,0.839611181519359,0.442742646144621
626,"s(curr_lastRippleV1PRE_z):curr_DOWN_no",0.126717585929954,0.000713690393119174,0.308868545351038,0.258522605456605
627,"s(curr_lastRippleV1PRE_z):curr_DOWN_no",0.234344311910463,0.00123605930419187,0.781764708074536,0.425573647631877
628,"s(curr_lastRippleV1PRE_z):curr_DOWN_no",0.150477557285904,0.00113252135914655,0.937549459911526,0.2885789074129
629,"s(curr_lastRippleV1PRE_z):curr_DOWN_no",0.0443190130652837,0.000115897736458334,0.259487988701913,0.162051616642926
630,"s(curr_lastRippleV1PRE_z):curr_DOWN_no",0.131332908409379,0.00054392615763724,0.658226797414432,0.41190513838274
631,"s(curr_lastRippleV1PRE_z):curr_DOWN_no",0.193021062110424,0.00157486698246927,0.730811906068428,0.477397817829947
632,"s(curr_lastRippleV1PRE_z):curr_DOWN_no",0.182942276398018,0.00164833602332085,0.847337740940091,0.413512485332692
633,"s(curr_lastRippleV1PRE_z):curr_DOWN_no",0.209268901558664,0.00147372331109876,1.45729100420973,0.494565103419762
634,"s(curr_lastRippleV1PRE_z):curr_DOWN_no",0.0234182691159806,1.26542336632989e-05,0.161035884235647,0.0672168731837543
635,"s(curr_lastRippleV1PRE_z):curr_DOWN_no",0.166391450167949,0.00138836277497119,0.96303855580046,0.39394169912765
636,"s(curr_lastRippleV1PRE_z):curr_DOWN_no",0.030640955652772,0.000116186536480191,0.0796078283613439,0.0515520760033244
637,"s(curr_lastRippleV1PRE_z):curr_DOWN_no",0.255674760159285,0.00232296483955281,1.16982918823371,0.863131994630365
638,"s(curr_lastRippleV1PRE_z):curr_DOWN_no",0.209274070587449,0.000990544429783464,0.995929267251071,0.454079083131813
639,"s(curr_lastRippleV1PRE_z):curr_DOWN_no",0.189079901214042,0.00164190445358435,1.1606938068817,0.863179641325472
640,"s(curr_lastRippleV1PRE_z):curr_DOWN_no",0.198065979196557,0.00126936289814778,0.546365204909384,0.486734685571865
641,"s(curr_lastRippleV1PRE_z):curr_DOWN_no",0.390514809365048,0.00249391942700656,1.19049007576057,0.677015568230612
642,"s(curr_lastRippleV1PRE_z):curr_DOWN_no",0.0917091140337272,0.000443374142403636,0.435487181853161,0.205162683015746
643,"s(curr_lastRippleV1PRE_z):curr_DOWN_no",0.142890195400221,0.00115738761392055,0.575883694423335,0.275210117703438
644,"s(curr_lastRippleV1PRE_z):curr_DOWN_no",0.153569241648071,0.000905901059816807,0.750922387269414,0.684551054256122
645,"s(curr_lastRippleV1PRE_z):curr_DOWN_no",0.233767905095529,0.00178878832406014,1.14961864682161,1.12945319273988
646,"s(curr_lastRippleV1PRE_z):curr_DOWN_no",0.167674811778339,0.00144379303374991,0.496449685627999,0.378435652765922
647,"s(curr_lastRippleV1PRE_z):curr_DOWN_no",0.228839308934016,0.0010420023675018,1.02457375662115,0.602233192556771
648,"s(curr_lastRippleV1PRE_z):curr_DOWN_no",0.174762437853746,0.0010174486596995,0.753513826240625,0.598934713393459
649,"s(curr_lastRippleV1PRE_z):curr_DOWN_no",0.23050621770988,0.00189382448829735,1.06567661936189,0.819675770059584
650,"s(curr_lastRippleV1PRE_z):curr_DOWN_no",0.202161263143945,0.00133067792234883,1.14898759069303,1.09723857431112
651,"s(curr_lastRippleV1PRE_z):curr_DOWN_no",0.122636962622551,0.000508052201807692,0.417846100435201,0.307570678056211
652,"s(curr_lastRippleV1PRE_z):curr_DOWN_no",0.309712463142429,0.0028732897476023,1.19701529610486,0.80032314364987
653,"s(curr_lastRippleV1PRE_z):curr_DOWN_no",0.155503497973519,0.00131032214071327,0.909859806326877,0.232504992177008
654,"s(curr_lastRippleV1PRE_z):curr_DOWN_no",0.384612743271612,0.00366711323644704,1.90791588289463,0.525569727289152
655,"s(curr_lastRippleV1PRE_z):curr_DOWN_no",0.324972488557887,0.00199717713895432,0.798186608417721,0.296856580526429
656,"s(curr_lastRippleV1PRE_z):curr_DOWN_no",0.322536990873123,0.00168970430540096,1.12740189997199,0.24822913205602
657,"s(curr_lastRippleV1PRE_z):curr_DOWN_no",0.0706836791784005,7.49912516566378e-05,0.606388686008354,0.208699550511446
658,"s(curr_lastRippleV1PRE_z):curr_DOWN_no",0.354716465976335,0.00216413002605376,1.39977859117193,0.825591253881712
659,"s(curr_lastRippleV1PRE_z):curr_DOWN_no",0.108495874020348,0.000777219670459186,0.48880907055872,0.231632103255462
660,"s(curr_lastRippleV1PRE_z):curr_DOWN_no",0.202359644666394,0.00172744515545184,0.930567658707034,0.604124325571983
661,"s(curr_lastRippleV1PRE_z):curr_DOWN_no",0.17370353038659,0.00127789001002676,1.11167613484722,0.739911753787744
662,"s(curr_lastRippleV1PRE_z):curr_DOWN_no",0.119202265074153,0.000820234384990638,0.495109462952717,0.469414434235934
663,"s(curr_lastRippleV1PRE_z):curr_DOWN_no",0.228809459701347,0.00204128206235755,0.960607070683022,0.66919994323663
664,"s(curr_lastRippleV1PRE_z):curr_DOWN_no",0.135510370735902,0.0010634248082629,0.635133599425022,0.376656906193341
665,"s(curr_lastRippleV1PRE_z):curr_DOWN_no",0.227753976123104,0.00095134847326382,1.24467251930424,0.368998511693141
666,"s(curr_lastRippleV1PRE_z):curr_DOWN_no",0.137019685466098,0.000451817950644373,0.761460783089691,0.464976396081227
667,"s(curr_lastRippleV1PRE_z):curr_DOWN_no",0.192201658986302,0.000925997188671553,0.833850281770409,0.550499829048069
668,"s(curr_lastRippleV1PRE_z):curr_DOWN_no",0.245005872027463,0.00121822541735273,0.950311397214568,0.606253378311502
669,"s(curr_lastRippleV1PRE_z):curr_DOWN_no",0.201488869078001,0.00179885723537946,0.852967295696374,0.419769703569441
670,"s(curr_lastRippleV1PRE_z):curr_DOWN_no",0.157729898171431,0.00138583169313382,0.538752671074036,0.182888828678422
671,"s(curr_lastRippleV1PRE_z):curr_DOWN_no",0.397072214442272,0.00403335713956006,1.44777521705751,0.498824396518858
672,"s(curr_lastRippleV1PRE_z):curr_DOWN_no",0.247733419182631,0.00222827145370149,0.977745408207528,0.590294314813544
673,"s(curr_lastRippleV1PRE_z):curr_DOWN_no",0.146942717611983,0.00112176830978854,0.515692279162778,0.278180492507232
674,"s(curr_lastRippleV1PRE_z):curr_DOWN_no",0.163154404500097,0.000738848035820172,0.355325911439416,0.164333642880428
675,"s(curr_lastRippleV1PRE_z):curr_DOWN_no",0.24089533713193,0.00224770131081895,1.47928851368666,0.576596598125945
676,"s(curr_lastRippleV1PRE_z):curr_DOWN_no",0.172823193067634,0.000847615688058371,0.715260093847352,0.496954436126735
677,"s(curr_lastRippleV1PRE_z):curr_DOWN_no",0.160632003664377,0.00131970336978409,0.964442864519965,0.668413403301324
678,"s(curr_lastRippleV1PRE_z):curr_DOWN_no",0.249714054975407,0.00224457752275977,1.00403504874567,0.765417725357683
679,"s(curr_lastRippleV1PRE_z):curr_DOWN_no",0.264768455635073,0.00255449428803198,1.28246703200741,0.463377436653306
680,"s(curr_lastRippleV1PRE_z):curr_DOWN_no",0.385367116039049,0.00235156300561194,1.05583416418334,0.604920965218262
681,"s(curr_lastRippleV1PRE_z):curr_DOWN_no",0.140135668374326,0.00108078321740253,0.5511535985182,0.271019493204842
682,"s(curr_lastRippleV1PRE_z):curr_DOWN_no",0.295169715608435,0.00293645710702866,1.52862789271761,0.44844325297032
683,"s(curr_lastRippleV1PRE_z):curr_DOWN_no",0.300598145130091,0.00252411256972414,1.93601764474513,0.459575124378802
684,"s(curr_lastRippleV1PRE_z):curr_DOWN_no",0.214831501679069,0.00194347790775133,1.0746390174616,0.4340395271632
685,"s(curr_lastRippleV1PRE_z):curr_DOWN_no",0.352894412267611,0.00208037284651196,1.30429241908747,0.584551361670503
686,"s(curr_lastRippleV1PRE_z):curr_DOWN_no",0.079269862704507,0.00182507376891485,0.308266312559681,1.08491347388689
687,"s(curr_lastRippleV1PRE_z):curr_DOWN_no",0.155595013243166,0.00105794990984113,0.666650807511958,0.289942938892737
688,"s(curr_lastRippleV1PRE_z):curr_DOWN_no",0.219722593714785,0.00167135024572014,1.15694223380186,0.578169946339593
689,"s(curr_lastRippleV1PRE_z):curr_DOWN_no",0.153534545373708,0.00111583534865022,0.657306437180467,0.420498194701376
690,"s(curr_lastRippleV1PRE_z):curr_DOWN_no",0.0976379076957725,0.000589261974653744,0.350773631547666,0.233053814884373
691,"s(curr_lastRippleV1PRE_z):curr_DOWN_no",0.386936662073782,0.00263916149654062,1.27986085925751,0.858103429928942
692,"s(curr_lastRippleV1PRE_z):curr_DOWN_no",0.175631622432618,0.0013623624378896,0.949349715420385,0.409411132283329
693,"s(curr_lastRippleV1PRE_z):curr_DOWN_no",0.232694010166506,0.00201375202457156,1.43150452609092,0.461121506401833
694,"s(curr_lastRippleV1PRE_z):curr_DOWN_no",0.127743812256579,0.000422158713748211,0.4751927286499,0.262568276226036
695,"s(curr_lastRippleV1PRE_z):curr_DOWN_no",0.128949010539661,0.000896976469319185,0.610413225114721,0.298984722645769
696,"s(curr_lastRippleV1PRE_z):curr_DOWN_no",0.117503299175217,0.000923348185560719,0.455884808117022,0.212738739819983
697,"s(curr_lastRippleV1PRE_z):curr_DOWN_no",0.18416524937924,0.00076674725291481,1.08962028029591,0.496165656971514
698,"s(curr_lastRippleV1PRE_z):curr_DOWN_no",0.167444323091309,0.0014590389636597,0.956142352237358,0.409858073411671
699,"s(curr_lastRippleV1PRE_z):curr_DOWN_no",0.151096204347704,0.000569894821252198,0.740264587389737,0.484775338617994
700,"s(curr_lastRippleV1PRE_z):curr_DOWN_no",0.0831005949448507,0.000248025741056296,0.469612355774642,0.317498108309335
701,"s(curr_lastRippleV1PRE_z):curr_DOWN_no",0.245367370375147,0.00235351794166835,0.880828403530706,0.545606565278683
702,"s(curr_lastRippleV1PRE_z):curr_DOWN_no",0.39637453973759,0.00394183453265398,1.21174568837548,0.760849514106916
703,"s(curr_lastRippleV1PRE_z):curr_DOWN_no",0.13663196119224,0.000743705453567518,0.725371565003031,0.611016717576804
704,"s(curr_lastRippleV1PRE_z):curr_DOWN_no",0.190394161522033,0.000844094934634118,0.96744429917305,0.403202431139517
705,"s(curr_lastRippleV1PRE_z):curr_DOWN_no",0.0835674052830875,0.000424816271176615,0.372105978374982,0.21673344034401
706,"s(curr_lastRippleV1PRE_z):curr_DOWN_no",0.149500757164445,0.000651780829756941,1.13678973406587,0.494261597647042
707,"s(curr_lastRippleV1PRE_z):curr_DOWN_no",0.112005084872137,0.000691879476734412,0.583295253668045,0.298510483393299
708,"s(curr_lastRippleV1PRE_z):curr_DOWN_no",0.111179960709323,0.000743185372022416,0.653915010230325,0.341320884179131
709,"s(curr_lastRippleV1PRE_z):curr_DOWN_no",0.0583612514026681,0.000107848310704023,0.555326663201232,0.160013571141606
710,"s(curr_lastRippleV1PRE_z):curr_DOWN_no",0.464753214212073,0.00472917504648509,1.97217924011958,0.797485156191193
711,"s(curr_lastRippleV1PRE_z):curr_DOWN_no",0.16086553183049,0.00103670068084454,1.04765080272719,0.430718981184491
712,"s(curr_lastRippleV1PRE_z):curr_DOWN_no",0.331086864212385,0.00274710956326907,1.54536692692465,0.63285992747441
713,"s(curr_lastRippleV1PRE_z):curr_DOWN_no",0.317771986692073,0.0025021442255235,1.04567645366049,0.906129697737158
714,"s(curr_lastRippleV1PRE_z):curr_DOWN_no",0.154793700114129,0.000571568806082408,1.01142893883856,0.431197205743843
715,"s(curr_lastRippleV1PRE_z):curr_DOWN_no",0.18155132431737,0.00109095400710227,0.818497095585223,0.819948866584366
716,"s(curr_lastRippleV1PRE_z):curr_DOWN_no",0.226182588983752,0.00195764698857894,1.01595267138796,0.267817173631431
717,"s(curr_lastRippleV1PRE_z):curr_DOWN_no",0.42066029766534,0.00430471307393126,1.06403485590007,0.607123699351648
718,"s(curr_lastRippleV1PRE_z):curr_DOWN_no",0.22703689914578,0.00211084240798969,0.921002684656532,0.517507995249377
719,"s(curr_lastRippleV1PRE_z):curr_DOWN_no",0.0493596660164171,0.000229520792970611,0.203220998333726,0.132933568428707
720,"s(curr_lastRippleV1PRE_z):curr_DOWN_no",0.388113728019267,0.00375841824690512,1.18322529133214,0.747549372014225
721,"s(curr_lastRippleV1PRE_z):curr_DOWN_no",0.243813894777527,0.00224171740379664,1.10283281760582,0.705650601825426
722,"s(curr_lastRippleV1PRE_z):curr_DOWN_no",0.383637482828982,0.00199310015189553,1.32709908132257,0.959181805563514
723,"s(curr_lastRippleV1PRE_z):curr_DOWN_no",0.140611946792677,0.00115027765833637,0.643799132516983,0.385392463328751
724,"s(curr_lastRippleV1PRE_z):curr_DOWN_no",0.181411570420563,0.00150318687956609,1.1934819779116,0.272205960170148
725,"s(curr_lastRippleV1PRE_z):curr_DOWN_no",0.177548786688458,0.00133895172603251,1.03409089018859,0.51619009175153
726,"s(curr_lastRippleV1PRE_z):curr_DOWN_no",0.194847294342937,0.00183013422797895,0.730332351932458,0.460248223936431
727,"s(curr_lastRippleV1PRE_z):curr_DOWN_no",0.388325671058695,0.00248223661015713,1.21083376204183,0.7446327183077
728,"s(curr_lastRippleV1PRE_z):curr_DOWN_no",0.347341964213225,0.00214172394203676,1.19602013405068,0.653558664015352
729,"s(curr_lastRippleV1PRE_z):curr_DOWN_no",0.504669148733458,0.00393225665325276,1.74146266135894,1.13462157501789
730,"s(curr_lastRippleV1PRE_z):curr_DOWN_no",0.26460528343291,0.00221441043667933,1.08632465310466,0.236775392314082
731,"s(curr_lastRippleV1PRE_z):curr_DOWN_no",0.254247614166887,0.00227578674015882,1.01143515695057,0.625610467867437
732,"s(curr_lastRippleV1PRE_z):curr_DOWN_no",0.109557326549362,0.000653204911097322,0.544445778740533,0.293329511625135
733,"s(curr_lastRippleV1PRE_z):curr_DOWN_no",0.117321480123855,0.000863049263803073,0.427453803533379,0.260238928582375
734,"s(curr_lastRippleV1PRE_z):curr_DOWN_no",0.169282096633109,0.00140014336927903,0.665748134901779,0.308680559332373
735,"s(curr_lastRippleV1PRE_z):curr_DOWN_no",0.23383500841318,0.00115372360484675,0.943695398386883,0.68451934407791
736,"s(curr_lastRippleV1PRE_z):curr_DOWN_no",0.280373830635945,0.002649450908848,1.14124606656512,0.757523105264418
737,"s(curr_lastRippleV1PRE_z):curr_DOWN_no",0.139319090878701,0.00113295832407671,0.519828619514892,0.272439729536721
738,"s(curr_lastRippleV1PRE_z):curr_DOWN_no",0.282611084960021,0.00259357535198327,1.25127673315773,0.319250433278597
739,"s(curr_lastRippleV1PRE_z):curr_DOWN_no",0.239657301550593,0.00161142163313869,1.78360625221832,0.495929070403455
740,"s(curr_lastRippleV1PRE_z):curr_DOWN_no",0.292697572670634,0.00282363358971971,1.67827599849496,0.449600012244552
741,"s(curr_lastRippleV1PRE_z):curr_DOWN_no",0.116469990645016,0.000284125221541286,0.926250971114224,0.290545223658927
742,"s(curr_lastRippleV1PRE_z):curr_DOWN_no",0.161036729414593,0.00132029937200848,0.747761079860696,0.309395991082103
743,"s(curr_lastRippleV1PRE_z):curr_DOWN_no",0.226813900973026,0.00100289714841878,1.02211420874312,0.532185676195683
744,"s(curr_lastRippleV1PRE_z):curr_DOWN_no",0.219079789612387,0.00189569800807996,1.40952881131943,0.387637330248101
745,"s(curr_lastRippleV1PRE_z):curr_DOWN_no",0.240157341247221,0.00226283871724961,1.15475336507009,0.39282089585756
746,"s(curr_lastRippleV1PRE_z):curr_DOWN_no",0.197558602284925,0.00155080797275237,1.13091555889591,0.4060883003797
747,"s(curr_lastRippleV1PRE_z):curr_DOWN_no",0.149099226347711,0.00116909530673701,0.642658534169303,0.35726490881001
748,"s(curr_lastRippleV1PRE_z):curr_DOWN_no",0.085587846651169,0.00166435711395576,0.326574914667262,1.18160109291567
749,"s(curr_lastRippleV1PRE_z):curr_DOWN_no",0.156026663018132,0.00116394247849377,0.787552308579115,0.475114751773461
750,"s(curr_lastRippleV1PRE_z):curr_DOWN_no",0.362834773631692,0.0024426352363787,1.56393417887751,0.769353141724344
751,"s(curr_lastRippleV1PRE_z):curr_DOWN_no",0.485764041203981,0.00374037469423281,1.84848593018752,0.777187365057597
752,"s(curr_lastRippleV1PRE_z):curr_DOWN_no",0.241330933198303,0.00142482521298498,1.00633260371196,0.741096236926427
753,"s(curr_lastRippleV1PRE_z):curr_DOWN_no",0.135682360094276,0.000492103944113789,1.61102130718067,0.381647295569041
754,"s(curr_lastRippleV1PRE_z):curr_DOWN_no",0.214016537109599,0.00197057263161617,0.859240007202667,0.451454824708403
755,"s(curr_lastRippleV1PRE_z):curr_DOWN_no",0.152157364346742,0.000517318173938556,0.850314716530236,0.437044730378164
756,"s(curr_lastRippleV1PRE_z):curr_DOWN_no",0.301243288291889,0.00213346790394499,1.38726914883736,0.949830469298504
757,"s(curr_lastRippleV1PRE_z):curr_DOWN_no",0.227720993778257,0.00219649789380237,0.976655345738795,0.344684785119084
758,"s(curr_lastRippleV1PRE_z):curr_DOWN_no",0.302812435888296,0.00286433905110165,1.12532213207821,0.712943411524342
759,"s(curr_lastRippleV1PRE_z):curr_DOWN_no",0.063857263624838,0.000141923260714483,0.341673374904114,0.147261521910306
760,"s(curr_lastRippleV1PRE_z):curr_DOWN_no",0.228130373599231,0.00207302977397144,0.990273598351033,0.614367840596393
761,"s(curr_lastRippleV1PRE_z):curr_DOWN_no",0.198658815359511,0.00180603109224732,0.812022112706122,0.40753158279692
762,"s(curr_lastRippleV1PRE_z):curr_DOWN_no",0.189872064160581,0.00176834350143216,0.801892398275669,0.44565477048496
763,"s(curr_lastRippleV1PRE_z):curr_DOWN_no",0.00164022778883943,1.5802378787523e-05,0.0566591231906435,0.0168061098336233
764,"s(curr_lastRippleV1PRE_z):curr_DOWN_no",0.115042160604601,0.000791464182637756,0.681319063756919,0.34323622322116
765,"s(curr_lastRippleV1PRE_z):curr_DOWN_no",0.288786796739399,0.00208268161587143,1.09351863139012,1.12949461274005
766,"s(curr_lastRippleV1PRE_z):curr_DOWN_no",0.292600713384239,0.00278673638724752,1.60916781477108,0.372154411268556
767,"s(curr_lastRippleV1PRE_z):curr_DOWN_no",0.414535158546438,0.00319236084720671,1.56858493729798,1.22792647014159
768,"s(curr_lastRippleV1PRE_z):curr_DOWN_no",0.254415197648779,0.00222364302401741,0.503912496257883,0.298699963326237
769,"s(curr_lastRippleV1PRE_z):curr_DOWN_no",0.501173543002027,0.00360943934648239,1.57927236850554,0.825933882539755
770,"s(curr_lastRippleV1PRE_z):curr_DOWN_no",0.258184425327925,0.00237520920840539,1.04675063481313,0.671876197370791
771,"s(curr_lastRippleV1PRE_z):curr_DOWN_no",0.0566514990596962,0.000290292161467626,0.347698912734347,0.225059905296745
772,"s(curr_lastRippleV1PRE_z):curr_DOWN_no",0.352590472673428,0.0033304058972004,1.49576591572517,0.972943147633511
773,"s(curr_lastRippleV1PRE_z):curr_DOWN_no",0.116166348081751,0.000855661483971802,0.605487527483227,0.57425656671045
774,"s(curr_lastRippleV1PRE_z):curr_DOWN_no",0.130945177010986,0.000848668960232263,0.706361976981827,0.378838208055626
775,"s(curr_lastRippleV1PRE_z):curr_DOWN_no",0.0542953113352693,0.000255462387561386,0.277538051926639,0.212063408465987
776,"s(curr_lastRippleV1PRE_z):curr_DOWN_no",0.275464161213159,0.00148994101038626,1.50497015305704,0.506402086882142
777,"s(curr_lastRippleV1PRE_z):curr_DOWN_no",0.224309092449669,0.00203927242843031,0.879517103904755,0.442866482803187
778,"s(curr_lastRippleV1PRE_z):curr_DOWN_no",0.266607047983035,0.00231294523915951,1.16228451890369,0.676021818817902
779,"s(curr_lastRippleV1PRE_z):curr_DOWN_no",0.212646733944297,0.00183846594242053,0.607030035156413,0.457772467892945
780,"s(curr_lastRippleV1PRE_z):curr_DOWN_no",0.140412686911333,0.00112497699521286,0.460185589857588,0.602426306259893
781,"s(curr_lastRippleV1PRE_z):curr_DOWN_no",0.186458850829979,0.0013633462891083,1.24242482234689,0.422841566926217
782,"s(curr_lastRippleV1PRE_z):curr_DOWN_no",0.0869826036229284,0.000140303915752947,0.630338791807923,0.250929823214154
783,"s(curr_lastRippleV1PRE_z):curr_DOWN_no",0.0851899455404022,0.00040966762301904,0.535099184832865,0.260023261523294
784,"s(curr_lastRippleV1PRE_z):curr_DOWN_no",0.541265670373494,0.0048410654374935,2.1622545511917,1.11166654866835
785,"s(curr_lastRippleV1PRE_z):curr_DOWN_no",0.221609735515292,0.00187672318867884,0.817405877117385,0.632552290437036
786,"s(curr_lastRippleV1PRE_z):curr_DOWN_no",0.129671280166098,0.000515252825622184,1.08209850804042,0.418206847613645
787,"s(curr_lastRippleV1PRE_z):curr_DOWN_no",0.120188332339752,0.000885089155090705,0.76131423286879,0.685622025728714
788,"s(curr_lastRippleV1PRE_z):curr_DOWN_no",0.292315405984686,0.00254293498437019,1.13346199456121,0.697227304600736
789,"s(curr_lastRippleV1PRE_z):curr_DOWN_no",0.181801791348733,0.00155124349740631,0.919807088391578,0.722200275261957
790,"s(curr_lastRippleV1PRE_z):curr_DOWN_no",0.0825525977789958,0.000194400914451939,0.412744530901051,0.211122152554935
791,"s(curr_lastRippleV1PRE_z):curr_DOWN_no",0.184944048715623,0.000944090714086085,0.697083267031934,0.437023254258367
792,"s(curr_lastRippleV1PRE_z):curr_DOWN_no",0.153879876135384,0.000642616020136037,0.870381401448619,0.487835934290003
793,"s(curr_lastRippleV1PRE_z):curr_DOWN_no",0.348933830007383,0.00334488445134161,1.06904157552877,0.698710725980348
794,"s(curr_lastRippleV1PRE_z):curr_DOWN_no",0.132458301354481,0.00103442045973584,0.732165836311028,0.455958988494681
795,"s(curr_lastRippleV1PRE_z):curr_DOWN_no",0.107047124386328,0.000664125762683207,0.7892390835411,0.199463173020669
796,"s(curr_lastRippleV1PRE_z):curr_DOWN_no",0.329944596438776,0.00322088288680748,1.30571960103516,0.564863395496028
797,"s(curr_lastRippleV1PRE_z):curr_DOWN_no",0.234847190603734,0.00214630454589212,1.04809929768378,0.451004616765704
798,"s(curr_lastRippleV1PRE_z):curr_DOWN_no",0.265232293662635,0.00158978520352006,1.19985047626938,0.902308821250749
799,"s(curr_lastRippleV1PRE_z):curr_DOWN_no",0.00204185720609473,3.3223376940083e-05,0.0838172607996806,0.0248446112222322
800,"s(curr_lastRippleV1PRE_z):curr_DOWN_no",0.210102896823616,0.000733770229631085,1.68627627504289,0.387808262345661
801,"s(curr_lastRippleV1PRE_z):curr_DOWN_no",0.145653523445535,0.00116089811920712,0.739871303808695,0.554364310511648
802,"s(curr_lastRippleV1PRE_z):curr_DOWN_no",0.156248703488701,0.000539518571753423,0.997772045750136,0.272722616095284
803,"s(curr_lastRippleV1PRE_z):curr_DOWN_no",0.154986472614724,0.00118159897803789,0.61667151491941,0.30881965794638
804,"s(curr_lastRippleV1PRE_z):curr_DOWN_no",0.262762013255972,0.00243998224417465,1.07601941275691,0.723158981204457
805,"s(curr_lastRippleV1PRE_z):curr_DOWN_no",0.249926909362161,0.00208866834397179,1.33578063659046,0.528608472608007
806,"s(curr_lastRippleV1PRE_z):curr_DOWN_no",0.264245736908747,0.00242281204017492,1.10360389531125,0.313479175078516
807,"s(curr_lastRippleV1PRE_z):curr_DOWN_no",0.312399612402984,0.00289978490775957,1.55526299137984,0.505736865144484
808,"s(curr_lastRippleV1PRE_z):curr_DOWN_no",0.0215979425584072,0.000239416165304301,0.219714564154248,0.0651814895946907
809,"s(curr_lastRippleV1PRE_z):curr_DOWN_no",0.29252216218342,0.00214682315997208,1.29530421135425,0.942821775323745
810,"s(curr_lastRippleV1PRE_z):curr_DOWN_no",0.00676015654111684,8.8137633205043e-05,0.135692172850231,0.0402376177741878
811,"s(curr_lastRippleV1PRE_z):curr_DOWN_no",0.129181014359623,0.000984581237800543,0.616319068917626,0.402747252297995
812,"s(curr_lastRippleV1PRE_z):curr_DOWN_no",0.107469729666964,0.000478544723992746,0.574303347951292,0.177244150670892
813,"s(curr_lastRippleV1PRE_z):curr_DOWN_no",0.263413464046483,0.00211554080172203,1.82471454639768,0.427214630506924
814,"s(curr_lastRippleV1PRE_z):curr_DOWN_no",0.212593088244598,0.000941873966239067,0.830721350264822,0.515889084907879
815,"s(curr_lastRippleV1PRE_z):curr_DOWN_no",0.449691813402563,0.00310879353358501,1.4086631803141,0.841204678637835
816,"s(curr_lastRippleV1PRE_z):curr_DOWN_no",0.0622479242308609,0.000184991728103725,0.308343657942078,0.174096165958828
817,"s(curr_lastRippleV1PRE_z):curr_DOWN_no",0.0357535345099027,0.000458609747364739,0.171785977588695,0.416400446694378
818,"s(curr_lastRippleV1PRE_z):curr_DOWN_no",0.329666619843827,0.00305659650108132,1.06527133690635,0.733281238191291
819,"s(curr_lastRippleV1PRE_z):curr_DOWN_no",0.033379212424526,0.0010394106671756,0.269522340731444,1.00948089067422
820,"s(curr_lastRippleV1PRE_z):curr_DOWN_no",0.258896844413568,0.00125170260427769,0.826229623814491,0.366781063528303
821,"s(curr_lastRippleV1PRE_z):curr_DOWN_no",0.352630702958509,0.0024149937977516,1.07459131478356,0.58452108590177
822,"s(curr_lastRippleV1PRE_z):curr_DOWN_no",0.213483067464314,0.00174402280917583,1.27165892870654,0.411507352136131
823,"s(curr_lastRippleV1PRE_z):curr_DOWN_no",0.0959355643993867,0.000475868274238447,0.344494939923937,0.177635496715652
824,"s(curr_lastRippleV1PRE_z):curr_DOWN_no",0.048597187486938,0.000288971630880809,0.168264273007642,0.0939568099608663
825,"s(curr_lastRippleV1PRE_z):curr_DOWN_no",0.359664087272142,0.00349844177760726,1.50113357179385,0.456270545477829
826,"s(curr_lastRippleV1PRE_z):curr_DOWN_no",0.102648529771928,0.00048610286192756,0.387219388575063,0.217397738269299
827,"s(curr_lastRippleV1PRE_z):curr_DOWN_no",0.0903643951663824,0.000108062973218965,0.940181682628095,0.218450583921851
828,"s(curr_lastRippleV1PRE_z):curr_DOWN_no",0.306646725005767,0.00265970957113811,0.91887529306606,0.514715019684505
829,"s(curr_lastRippleV1PRE_z):curr_DOWN_no",0.183895408410923,0.001577895558008,0.67450919463111,0.308134402342442
830,"s(curr_lastRippleV1PRE_z):curr_DOWN_no",0.120580176018549,0.000485479142442322,0.76925769002933,0.491270734264598
831,"s(curr_lastRippleV1PRE_z):curr_DOWN_no",0.383952122857869,0.00253831955198911,1.18033530211246,0.83910160238053
832,"s(curr_lastRippleV1PRE_z):curr_DOWN_no",0.208670758062742,0.0016619801539292,1.00275146076596,0.297405875324677
833,"s(curr_lastRippleV1PRE_z):curr_DOWN_no",0.256438275686882,0.00202553066083201,2.32691345194329,0.545403959228742
834,"s(curr_lastRippleV1PRE_z):curr_DOWN_no",0.208944641451789,0.00183769458702797,0.778076170095095,0.263828732519339
835,"s(curr_lastRippleV1PRE_z):curr_DOWN_no",0.228287861506431,0.00185418525597941,1.1456396938197,0.481679380816454
836,"s(curr_lastRippleV1PRE_z):curr_DOWN_no",0.132993780985665,0.000571576888827272,0.920848759086411,0.469831953451459
837,"s(curr_lastRippleV1PRE_z):curr_DOWN_no",0.212184183725874,0.00171163516512287,0.922627947098699,0.418742027632109
838,"s(curr_lastRippleV1PRE_z):curr_DOWN_no",0.257252862334548,0.00218618996128313,0.472423672953544,0.249098082246527
839,"s(curr_lastRippleV1PRE_z):curr_DOWN_no",0.0806594493251795,0.000303698687062577,0.706979963018866,0.174122962993736
840,"s(curr_lastRippleV1PRE_z):curr_DOWN_no",0.24107189676445,0.00220719793760533,1.08979647698173,0.339881314936124
841,"s(curr_lastRippleV1PRE_z):curr_DOWN_no",0.0840946272610701,0.000339037035067443,0.399265390318175,0.273809807960291
842,"s(curr_lastRippleV1PRE_z):curr_DOWN_no",0.0547323483327435,0.000158659926459555,0.297742324147378,0.115503244648408
843,"s(curr_lastRippleV1PRE_z):curr_DOWN_no",0.317418013956011,0.00161190986470936,1.149067668186,0.499816639490077
844,"s(curr_lastRippleV1PRE_z):curr_DOWN_no",0.264364234329165,0.00252298470220755,1.2860345381462,0.51944549747347
845,"s(curr_lastRippleV1PRE_z):curr_DOWN_no",0.393646404915907,0.00231239476022153,1.15581441542149,0.604141018801336
846,"s(curr_lastRippleV1PRE_z):curr_DOWN_no",0.183792145650334,0.00154201300842496,0.565002319135469,0.168838146046071
847,"s(curr_lastRippleV1PRE_z):curr_DOWN_no",0.320489618348747,0.0019627352326617,1.55782702164373,0.701642004186185
848,"s(curr_lastRippleV1PRE_z):curr_DOWN_no",0.198052356654856,0.00162730972825138,1.03846077392023,0.70827739998364
849,"s(curr_lastRippleV1PRE_z):curr_DOWN_no",0.0743281875543804,0.000276379320714098,0.401417815372804,0.201016671731016
850,"s(curr_lastRippleV1PRE_z):curr_DOWN_no",0.253294303356834,0.00234522389598886,1.01502921142124,0.530367600771606
851,"s(curr_lastRippleV1PRE_z):curr_DOWN_no",0.368551681588987,0.00242581398189274,1.28494951550164,0.829362255960445
852,"s(curr_lastRippleV1PRE_z):curr_DOWN_no",0.0991369059764136,0.000212916816936254,0.272529714914512,0.129252724814266
853,"s(curr_lastRippleV1PRE_z):curr_DOWN_no",0.108827736993877,0.000803653375104159,0.599779086546888,0.388440860068761
854,"s(curr_lastRippleV1PRE_z):curr_DOWN_no",0.114404672130474,0.000667028202929662,0.739681793189128,0.480544952081744
855,"s(curr_lastRippleV1PRE_z):curr_DOWN_no",0.209992687432755,0.00113217695849056,1.23295599926592,0.627251147909297
856,"s(curr_lastRippleV1PRE_z):curr_DOWN_no",0.149171700505468,0.00080536408202818,1.25816438861743,0.314354594971015
857,"s(curr_lastRippleV1PRE_z):curr_DOWN_no",0.241532087008053,0.00108067289014083,1.43686663233326,0.38581305446388
858,"s(curr_lastRippleV1PRE_z):curr_DOWN_no",0.339019713825434,0.00230313145284382,1.04501285420121,0.636803550793828
859,"s(curr_lastRippleV1PRE_z):curr_DOWN_no",0.369489669662832,0.00260014272515608,1.13182256457362,0.947347092941729
860,"s(curr_lastRippleV1PRE_z):curr_DOWN_no",0.215567726833537,0.000867883652727237,0.795015507152776,0.365444555469957
861,"s(curr_lastRippleV1PRE_z):curr_DOWN_no",0.102422355805489,0.000311053750929078,0.460911547119349,0.268733837050812
862,"s(curr_lastRippleV1PRE_z):curr_DOWN_no",0.0103925894909871,2.59741946652171e-05,0.139179692334777,0.0402708474375135
863,"s(curr_lastRippleV1PRE_z):curr_DOWN_no",0.347055171621514,0.00305824293912391,1.35893564016408,0.718096563573152
864,"s(curr_lastRippleV1PRE_z):curr_DOWN_no",0.198853098539134,0.00166109927343699,1.20068444472514,0.511775507330145
865,"s(curr_lastRippleV1PRE_z):curr_DOWN_no",0.235002205606355,0.00135035335108535,0.957790836943462,0.513674743819733
866,"s(curr_lastRippleV1PRE_z):curr_DOWN_no",0.208780424070648,0.00181399086640272,1.06198714273725,0.500420700948801
867,"s(curr_lastRippleV1PRE_z):curr_DOWN_no",0.0374173328172072,0.000217975918000097,0.252239186196541,0.162121126168394
868,"s(curr_lastRippleV1PRE_z):curr_DOWN_no",0.241123409710445,0.0018703719077185,1.07963303885419,0.963273315989906
869,"s(curr_lastRippleV1PRE_z):curr_DOWN_no",0.203700410079266,0.0017686734585921,0.716280605860689,0.318643191735084
870,"s(curr_lastRippleV1PRE_z):curr_DOWN_no",0.0877080831495833,0.00023863092768416,0.638971798656155,0.226822782816374
871,"s(curr_lastRippleV1PRE_z):curr_DOWN_no",0.258636679905187,0.00247320844256345,1.09558041716762,0.554642830929306
872,"s(curr_lastRippleV1PRE_z):curr_DOWN_no",0.105724941019111,0.000286003709675299,0.704522738045543,0.296787512001245
873,"s(curr_lastRippleV1PRE_z):curr_DOWN_no",0.278086452388894,0.00270095062596083,0.754181814793216,0.186164486732989
874,"s(curr_lastRippleV1PRE_z):curr_DOWN_no",0.173485875515238,0.00126392879220985,0.977022458759118,0.32116040952538
875,"s(curr_lastRippleV1PRE_z):curr_DOWN_no",0.283168300106537,0.00261416055161482,1.34208935573042,0.411681846192624
876,"s(curr_lastRippleV1PRE_z):curr_DOWN_no",0.388014005478321,0.00207408805555616,1.4556738161087,0.788980824477208
877,"s(curr_lastRippleV1PRE_z):curr_DOWN_no",0.282634460544487,0.0027930117332484,1.06560354710696,0.294075449336622
878,"s(curr_lastRippleV1PRE_z):curr_DOWN_no",0.266028888140564,0.00229138693689588,1.70812404157002,0.403532144769136
879,"s(curr_lastRippleV1PRE_z):curr_DOWN_no",0.0765919262211723,0.000319354777303238,0.525687211103435,0.423676482034977
880,"s(curr_lastRippleV1PRE_z):curr_DOWN_no",0.40987609317794,0.00278056012896727,1.32456101323526,0.949327058449349
881,"s(curr_lastRippleV1PRE_z):curr_DOWN_no",0.24057493361176,0.00204851593807782,1.42282617432428,0.374813288520098
882,"s(curr_lastRippleV1PRE_z):curr_DOWN_no",0.0531595722065186,0.000636801608670022,0.358584435569721,0.106654453559152
883,"s(curr_lastRippleV1PRE_z):curr_DOWN_no",0.178108015414718,0.00102373285720166,0.750124106759977,0.371947235920165
884,"s(curr_lastRippleV1PRE_z):curr_DOWN_no",0.195915561436054,0.00116718611542663,1.11486098268649,0.813426108913783
885,"s(curr_lastRippleV1PRE_z):curr_DOWN_no",0.179626519467753,0.00106622623152251,1.14575666366197,0.628600867258269
886,"s(curr_lastRippleV1PRE_z):curr_DOWN_no",0.283230936030722,0.00253125788303501,1.71757364097245,0.870131384262762
887,"s(curr_lastRippleV1PRE_z):curr_DOWN_no",0.135539704340526,0.00100608956299163,0.377109056376356,0.198641982830598
888,"s(curr_lastRippleV1PRE_z):curr_DOWN_no",0.302767939789128,0.00205136531615986,1.08189977769912,0.462314848269435
889,"s(curr_lastRippleV1PRE_z):curr_DOWN_no",0.273070477779111,0.00244602774044854,2.34900798337559,0.718397280205556
890,"s(curr_lastRippleV1PRE_z):curr_DOWN_no",0.25751095635808,0.00227475432406848,1.70973815671086,0.413018781511353
891,"s(curr_lastRippleV1PRE_z):curr_DOWN_no",0.23309558833509,0.00213430017025984,0.777635648284011,0.471251008021921
892,"s(curr_lastRippleV1PRE_z):curr_DOWN_no",0.164122599145618,0.00186972081705076,1.58360285515372,0.563823296876388
893,"s(curr_lastRippleV1PRE_z):curr_DOWN_no",0.219982594132537,0.001694564671875,1.23675449081969,0.713808328781419
894,"s(curr_lastRippleV1PRE_z):curr_DOWN_no",0.0258040810258304,0.00011424023055794,0.184139761475466,0.064654852633703
895,"s(curr_lastRippleV1PRE_z):curr_DOWN_no",0.0307259159477384,0.000107949707148606,0.193342938746125,0.078416339569962
896,"s(curr_lastRippleV1PRE_z):curr_DOWN_no",0.157337295602344,0.00126604247482968,0.748788709821162,0.454965976111978
897,"s(curr_lastRippleV1PRE_z):curr_DOWN_no",0.105097058701747,0.00065794581881564,0.645587724334507,0.32685858079577
898,"s(curr_lastRippleV1PRE_z):curr_DOWN_no",0.303298110918737,0.00195294339811477,1.20434495430065,0.801305199595799
899,"s(curr_lastRippleV1PRE_z):curr_DOWN_no",0.232886961695425,0.00217951393450734,1.1206828264005,0.262116539406943
900,"s(curr_lastRippleV1PRE_z):curr_DOWN_no",0.108667338757279,0.000801257970946523,0.616835673014326,0.266817494723735
901,"s(curr_lastRippleV1PRE_z):curr_DOWN_no",0.00985159213487563,8.7532101995684e-05,0.134713366300848,0.0399757368308902
902,"s(curr_lastRippleV1PRE_z):curr_DOWN_no",0.0451771659946045,0.000145131228957146,0.212213032988533,0.122987698973111
903,"s(curr_lastRippleV1PRE_z):curr_DOWN_no",0.061116612458445,0.000280733472938781,0.287614144139183,0.197282558697204
904,"s(curr_lastRippleV1PRE_z):curr_DOWN_no",0.230024564726532,0.0020044403798662,1.07393142110309,0.765773489240245
905,"s(curr_lastRippleV1PRE_z):curr_DOWN_no",0.0404753725363376,0.000145926986673019,0.250844948947271,0.135186989752933
906,"s(curr_lastRippleV1PRE_z):curr_DOWN_no",0.244108811936805,0.00208481009596435,1.04597981310363,0.903961356093592
907,"s(curr_lastRippleV1PRE_z):curr_DOWN_no",0.215862587579821,0.00199965120082842,0.899929236391017,0.481313560544288
908,"s(curr_lastRippleV1PRE_z):curr_DOWN_no",0.174101089203287,0.0008171403987263,0.958297600288724,0.646052483718283
909,"s(curr_lastRippleV1PRE_z):curr_DOWN_no",0.276049933965034,0.00266348229652108,1.21950750266968,0.643465590506105
910,"s(curr_lastRippleV1PRE_z):curr_DOWN_no",0.114183065668344,0.000815969848441371,0.680553449090548,0.16896932274211
911,"s(curr_lastRippleV1PRE_z):curr_DOWN_no",0.0874747603953958,0.000494600726410074,0.504147436803239,0.336937870154273
912,"s(curr_lastRippleV1PRE_z):curr_DOWN_no",0.36845592116692,0.00376031166440559,1.58668590931067,0.395670618826268
913,"s(curr_lastRippleV1PRE_z):curr_DOWN_no",0.295175494116956,0.00285607993115156,1.14688484700098,0.784778961528039
914,"s(curr_lastRippleV1PRE_z):curr_DOWN_no",0.151880806490061,0.00113359314850341,0.953846943125319,0.302971839019949
915,"s(curr_lastRippleV1PRE_z):curr_DOWN_no",0.156124115381433,0.00122598635735999,0.763480613239759,0.569277475111854
916,"s(curr_lastRippleV1PRE_z):curr_DOWN_no",0.302636004721754,0.00295575502063247,1.27975669915639,0.496495429472653
917,"s(curr_lastRippleV1PRE_z):curr_DOWN_no",0.196023608170504,0.00118307984892666,0.969216255383359,0.794544304170727
918,"s(curr_lastRippleV1PRE_z):curr_DOWN_no",0.24180067605158,0.00232344101257072,0.984742078340043,0.531661750870933
919,"s(curr_lastRippleV1PRE_z):curr_DOWN_no",0.505125695037737,0.00516038531917132,1.80365031941632,0.495185164098131
920,"s(curr_lastRippleV1PRE_z):curr_DOWN_no",0.0637950244827756,0.000217351861551932,0.353646412220491,0.203170883811359
921,"s(curr_lastRippleV1PRE_z):curr_DOWN_no",0.162593316957731,0.00134580404443566,0.763480047208064,0.431492766045497
922,"s(curr_lastRippleV1PRE_z):curr_DOWN_no",0.281205370467531,0.00243784737825903,1.07383288147079,0.784601012099435
923,"s(curr_lastRippleV1PRE_z):curr_DOWN_no",0.221604631240472,0.00107340804340844,0.954452853802551,0.5944911781027
924,"s(curr_lastRippleV1PRE_z):curr_DOWN_no",0.124487995110127,0.00274429552970672,1.14719849921936,0.445612569001887
925,"s(curr_lastRippleV1PRE_z):curr_DOWN_no",0.245013223246699,0.00269151218259835,1.11621596681272,0.500935623936027
926,"s(curr_lastRippleV1PRE_z):curr_DOWN_no",0.129960019822634,0.000707079181854414,1.08494283237601,0.362547490218942
927,"s(curr_lastRippleV1PRE_z):curr_DOWN_no",0.291202446619211,0.00275290627651796,1.09769455357576,0.582680753157733
928,"s(curr_lastRippleV1PRE_z):curr_DOWN_no",0.214395196698448,0.001893908048918,0.833425447603856,0.493591857571842
929,"s(curr_lastRippleV1PRE_z):curr_DOWN_no",0.203803237568794,0.00162935859332301,0.928162441640088,0.603063400622604
930,"s(curr_lastRippleV1PRE_z):curr_DOWN_no",0.255438572263321,0.00189406986303082,1.00004157042882,0.873221142326665
931,"s(curr_lastRippleV1PRE_z):curr_DOWN_no",0.285398553473598,0.00275928551030202,1.27981872440886,0.340223335942797
932,"s(curr_lastRippleV1PRE_z):curr_DOWN_no",0.142191579463292,0.00050349454020799,1.15491681061973,0.277387719760871
933,"s(curr_lastRippleV1PRE_z):curr_DOWN_no",0.213573347782514,0.00173700712164165,1.08219700453875,0.764836618615146
934,"s(curr_lastRippleV1PRE_z):curr_DOWN_no",0.347165779450173,0.00302280808076266,1.13745145557639,0.856553722225293
935,"s(curr_lastRippleV1PRE_z):curr_DOWN_no",0.169260050108723,0.00094349721170256,0.486047306182685,0.169261607819504
936,"s(curr_lastRippleV1PRE_z):curr_DOWN_no",0.197584365275546,0.000946873766968716,0.655590841490394,0.353982932868362
937,"s(curr_lastRippleV1PRE_z):curr_DOWN_no",0.117214597913788,0.000729622146737197,0.64024625489028,0.406314550037874
938,"s(curr_lastRippleV1PRE_z):curr_DOWN_no",0.144245298127879,0.000526324846233025,0.777263641348722,0.495248402012649
939,"s(curr_lastRippleV1PRE_z):curr_DOWN_no",0.109766806243385,0.000791133969123036,0.614478708971531,0.355649652530229
940,"s(curr_lastRippleV1PRE_z):curr_DOWN_no",0.245831523702355,0.00113874556789875,0.998276308985021,0.539814559300247
941,"s(curr_lastRippleV1PRE_z):curr_DOWN_no",0.300553067455315,0.00170316218153736,1.09426620930222,0.61748802244055
942,"s(curr_lastRippleV1PRE_z):curr_DOWN_no",0.22013956382705,0.00192996952425767,0.9198325321785,0.360601380839514
943,"s(curr_lastRippleV1PRE_z):curr_DOWN_no",0.192909128376549,0.00101690331216407,0.923002925562683,0.596372913011249
944,"s(curr_lastRippleV1PRE_z):curr_DOWN_no",0.229150352284805,0.00143417719623738,1.22615100082231,0.743387353535402
945,"s(curr_lastRippleV1PRE_z):curr_DOWN_no",0.268006468284912,0.00225534769011691,1.07025974228275,0.353244795790954
946,"s(curr_lastRippleV1PRE_z):curr_DOWN_no",0.207156528575593,0.00121635300477787,0.801808851145888,0.530136949254773
947,"s(curr_lastRippleV1PRE_z):curr_DOWN_no",0.211177863744586,0.00157812300523381,0.278218148111934,0.0735848441997074
948,"s(curr_lastRippleV1PRE_z):curr_DOWN_no",0.0720817205290833,4.9333570599456e-05,0.853188570938061,0.210480050834401
949,"s(curr_lastRippleV1PRE_z):curr_DOWN_no",0.31840463389322,0.00295002757819926,1.07168843638518,0.919262492769089
950,"s(curr_lastRippleV1PRE_z):curr_DOWN_no",0.162166260117503,0.00121129164578922,0.775227193305824,0.31265163599174
951,"s(curr_lastRippleV1PRE_z):curr_DOWN_no",0.246801901738936,0.000974291927511002,1.59314529357791,0.694237260867598
952,"s(curr_lastRippleV1PRE_z):curr_DOWN_no",0.264795995105968,0.00232038978546255,1.36597260323675,0.554167062053211
953,"s(curr_lastRippleV1PRE_z):curr_DOWN_no",0.122662433545528,0.000886643719804229,0.662753981148408,0.239244190273809
954,"s(curr_lastRippleV1PRE_z):curr_DOWN_no",0.249883034875769,0.00214687285770361,1.49051047655779,0.558717979256616
955,"s(curr_lastRippleV1PRE_z):curr_DOWN_no",0.365542707804499,0.00342878191535726,1.44570822131002,1.12928168374697
956,"s(curr_lastRippleV1PRE_z):curr_DOWN_no",0.151020846878456,0.000520280561314977,0.640679089576857,0.319687469281013
957,"s(curr_lastRippleV1PRE_z):curr_DOWN_no",0.10008285944209,0.000511404502662834,0.518479673635772,0.458652971834956
958,"s(curr_lastRippleV1PRE_z):curr_DOWN_no",0.207541878281972,0.00130566495137932,1.34738605186366,0.345702375164689
959,"s(curr_lastRippleV1PRE_z):curr_DOWN_no",0.313269747134757,0.00306367375036009,1.22055486521474,0.409124526999428
960,"s(curr_lastRippleV1PRE_z):curr_DOWN_no",0.302942438212484,0.002940218311716,0.959449077275517,0.535759325246058
961,"s(curr_lastRippleV1PRE_z):curr_DOWN_no",0.234629544039876,0.00207651888426557,0.989153272084615,0.802780138419586
962,"s(curr_lastRippleV1PRE_z):curr_DOWN_no",0.0986230191372952,0.000583034705044604,0.717227065920295,0.215142691555648
963,"s(curr_lastRippleV1PRE_z):curr_DOWN_no",0.156058442207037,0.00119129474671289,0.714039949407469,0.522986464515774
964,"s(curr_lastRippleV1PRE_z):curr_DOWN_no",0.129577220112076,0.000792544031026226,0.5326318997347,0.5601632241499
965,"s(curr_lastRippleV1PRE_z):curr_DOWN_no",0.086472485433835,0.000371130026547025,0.634813219628925,0.147772181690589
966,"s(curr_lastRippleV1PRE_z):curr_DOWN_no",0.279928896727739,0.00271823293258991,0.913703264298817,0.529416561073257
967,"s(curr_lastRippleV1PRE_z):curr_DOWN_no",0.313994489845433,0.00234214127250981,1.11382179577245,0.668231916427207
968,"s(curr_lastRippleV1PRE_z):curr_DOWN_no",0.0922640835177742,0.000436931118921413,0.503021119524962,0.312820129158755
969,"s(curr_lastRippleV1PRE_z):curr_DOWN_no",0.279365456527531,0.00159632127209701,0.987177355080131,0.710577114173213
970,"s(curr_lastRippleV1PRE_z):curr_DOWN_no",0.141510097686935,0.00120680541771008,0.548601560826258,0.414183302997097
971,"s(curr_lastRippleV1PRE_z):curr_DOWN_no",0.186691496506033,0.00092743919005099,0.992048892952833,0.4697917761166
972,"s(curr_lastRippleV1PRE_z):curr_DOWN_no",0.412912352771205,0.00425021078202655,1.07533906600216,0.376493499173613
973,"s(curr_lastRippleV1PRE_z):curr_DOWN_no",0.124603539131852,0.000469021357996261,0.686626760737748,0.487167342817709
974,"s(curr_lastRippleV1PRE_z):curr_DOWN_no",0.384718895132601,0.00246498029000754,1.47530572181704,0.832739689124499
975,"s(curr_lastRippleV1PRE_z):curr_DOWN_no",0.00717564568756579,5.29552049836017e-06,0.060242225737143,0.0268516010372511
976,"s(curr_lastRippleV1PRE_z):curr_DOWN_no",0.100382353428177,0.000662584866585981,0.655744791166038,0.390387303303534
977,"s(curr_lastRippleV1PRE_z):curr_DOWN_no",0.162097462895876,0.000686543172394107,0.838163350916298,0.409812150329508
978,"s(curr_lastRippleV1PRE_z):curr_DOWN_no",0.493633952188895,0.00523124239648515,1.90296676394212,0.543187175424435
979,"s(curr_lastRippleV1PRE_z):curr_DOWN_no",0.300753460084568,0.00153131362211308,2.02742173658895,0.506928013015441
980,"s(curr_lastRippleV1PRE_z):curr_DOWN_no",0.00791108900793791,8.06678595144575e-05,0.133979880515078,0.0397533473970844
981,"s(curr_lastRippleV1PRE_z):curr_DOWN_no",0.218146076594789,0.000847105451984205,1.06586732720016,0.310236246617408
982,"s(curr_lastRippleV1PRE_z):curr_DOWN_no",0.254831217610727,0.0022863312664402,1.64776829234403,0.396157388291768
983,"s(curr_lastRippleV1PRE_z):curr_DOWN_no",0.127868283930457,0.000793862684495407,0.773919260306366,0.301594255781322
984,"s(curr_lastRippleV1PRE_z):curr_DOWN_no",0.122496792535774,0.000692267128160134,0.429241138250478,0.279865174634747
985,"s(curr_lastRippleV1PRE_z):curr_DOWN_no",0.155489770353965,0.00136298600946286,0.605524467284693,0.274606725016041
986,"s(curr_lastRippleV1PRE_z):curr_DOWN_no",0.0353626683458934,6.59607302850161e-05,0.238781423304238,0.0954031367628508
987,"s(curr_lastRippleV1PRE_z):curr_DOWN_no",0.501359471901218,0.00488474720846432,2.78720382744235,0.786532798518801
988,"s(curr_lastRippleV1PRE_z):curr_DOWN_no",0.30805369253767,0.00165858713293416,0.961387001414577,0.512732944044069
989,"s(curr_lastRippleV1PRE_z):curr_DOWN_no",0.233776663070079,0.00123790929029667,0.836192670201493,0.296833651685073
990,"s(curr_lastRippleV1PRE_z):curr_DOWN_no",0.12470342613916,0.000472872657853108,0.530109923119954,0.202787558896927
991,"s(curr_lastRippleV1PRE_z):curr_DOWN_no",0.24482746983463,0.00199628431933331,1.71573904440356,0.483251804601519
992,"s(curr_lastRippleV1PRE_z):curr_DOWN_no",0.184296476507757,0.000785453335643527,1.14490309667281,0.432267391580525
993,"s(curr_lastRippleV1PRE_z):curr_DOWN_no",0.292460618140719,0.00285685388775525,1.23856789528976,0.387488864272512
994,"s(curr_lastRippleV1PRE_z):curr_DOWN_no",0.281722667723412,0.00160657005614218,0.954925952546166,0.690366629623952
995,"s(curr_lastRippleV1PRE_z):curr_DOWN_no",0.365050906449374,0.00357892268337689,1.14250073519498,0.547914645211866
996,"s(curr_lastRippleV1PRE_z):curr_DOWN_no",0.388754936754142,0.0025822193126945,1.8198270199284,0.676402538904496
997,"s(curr_lastRippleV1PRE_z):curr_DOWN_no",0.142682244172692,0.0011801469951646,0.586246507038375,0.275402141439761
998,"s(curr_lastRippleV1PRE_z):curr_DOWN_no",0.375499869961719,0.00374266569736347,1.35736850612125,0.760770525312512
999,"s(curr_lastRippleV1PRE_z):curr_DOWN_no",0.129723167613051,0.000827102164218803,0.886234369261493,0.285967532083374
1000,"s(curr_lastRippleV1PRE_z):curr_DOWN_no",0.156360980793668,0.000798991496015961,1.05071106569252,0.552020899952433
1,"s(curr_lastRippleV1PRE_z):curr_DOWN_yes",0.201153445757073,0.00151047357992235,0.667324196060359,0.445354348293584
2,"s(curr_lastRippleV1PRE_z):curr_DOWN_yes",0.0702636399583305,0.00103294451632787,0.600449354050073,0.614425870564353
3,"s(curr_lastRippleV1PRE_z):curr_DOWN_yes",0.184545243770387,0.00161770718811298,0.833986507906884,0.273915477813141
4,"s(curr_lastRippleV1PRE_z):curr_DOWN_yes",0.21468317112607,0.00243901674137913,1.10921644429665,0.328970985998501
5,"s(curr_lastRippleV1PRE_z):curr_DOWN_yes",0.170451508500841,0.00180986457057039,0.774819934382306,0.230826028516201
6,"s(curr_lastRippleV1PRE_z):curr_DOWN_yes",0.3386249218143,0.00361501085762136,1.20056459201435,0.357150861708819
7,"s(curr_lastRippleV1PRE_z):curr_DOWN_yes",0.355172327029245,0.00356293526908772,1.30251596198056,0.840866580482321
8,"s(curr_lastRippleV1PRE_z):curr_DOWN_yes",0.294240232970043,0.00220668247539334,0.825472207647097,0.298339464421954
9,"s(curr_lastRippleV1PRE_z):curr_DOWN_yes",0.263713937919174,0.00290195913228962,1.1110492883258,0.509179908440934
10,"s(curr_lastRippleV1PRE_z):curr_DOWN_yes",0.0909839423058907,0.000941664104288786,0.678409369480573,0.206871649064011
11,"s(curr_lastRippleV1PRE_z):curr_DOWN_yes",0.0615406675065708,0.000692515694505224,0.593014359053541,0.1755298402544
12,"s(curr_lastRippleV1PRE_z):curr_DOWN_yes",0.164122319025704,0.00194760363142816,0.790564014463709,0.35135000526888
13,"s(curr_lastRippleV1PRE_z):curr_DOWN_yes",0.251081833366785,0.00230609124388391,1.01958134490238,0.383803351393097
14,"s(curr_lastRippleV1PRE_z):curr_DOWN_yes",0.159595479132492,0.00157090167698443,0.845038086158632,0.250884456403528
15,"s(curr_lastRippleV1PRE_z):curr_DOWN_yes",0.160619044704545,0.00135532761190132,0.299754675700483,0.34819921166568
16,"s(curr_lastRippleV1PRE_z):curr_DOWN_yes",0.117314852815531,0.00180332858113695,0.741269646001387,0.786065928043267
17,"s(curr_lastRippleV1PRE_z):curr_DOWN_yes",0.176243705797213,0.00195597493770682,0.707724060674932,0.975329236039931
18,"s(curr_lastRippleV1PRE_z):curr_DOWN_yes",0.0163596651569806,0.00183242917639719,0.276516909775795,1.50033810735139
19,"s(curr_lastRippleV1PRE_z):curr_DOWN_yes",0.148436120611013,0.00113772792276772,0.545446159218802,0.299433094309427
20,"s(curr_lastRippleV1PRE_z):curr_DOWN_yes",0.285310870380165,0.00209063205798771,0.413624084600315,0.214413253317549
21,"s(curr_lastRippleV1PRE_z):curr_DOWN_yes",0.127255027297102,0.00136677838133377,0.791285979011413,0.235257308577218
22,"s(curr_lastRippleV1PRE_z):curr_DOWN_yes",0.0983634385103569,0.00080826512741162,0.646161294252502,0.248766676105703
23,"s(curr_lastRippleV1PRE_z):curr_DOWN_yes",0.177267122766824,0.00156076690464587,0.415091026128777,0.155860991297405
24,"s(curr_lastRippleV1PRE_z):curr_DOWN_yes",0.123204791521009,0.00160105111076105,0.739660428886636,0.324734202881427
25,"s(curr_lastRippleV1PRE_z):curr_DOWN_yes",0.198797217794526,0.00209370692013268,0.978876715841081,0.290470389512994
26,"s(curr_lastRippleV1PRE_z):curr_DOWN_yes",0.364620193046455,0.00391038730691749,1.33052499454231,0.394489910552436
27,"s(curr_lastRippleV1PRE_z):curr_DOWN_yes",0.457727594374655,0.00334450512491049,0.837410366402956,0.338193583791482
28,"s(curr_lastRippleV1PRE_z):curr_DOWN_yes",0.224146960551844,0.00238306241876453,0.427864036947156,0.948997088822579
29,"s(curr_lastRippleV1PRE_z):curr_DOWN_yes",0.278670940235755,0.00312751919823515,1.2025864732645,0.552899452976567
30,"s(curr_lastRippleV1PRE_z):curr_DOWN_yes",0.181918938823835,0.00260368990331101,0.934765465693858,1.00192474210879
31,"s(curr_lastRippleV1PRE_z):curr_DOWN_yes",0.0916754794383161,0.00122922582563354,0.763177341779953,0.226842160069527
32,"s(curr_lastRippleV1PRE_z):curr_DOWN_yes",0.233383854668207,0.00219237939462233,0.468563055837245,0.771628132423006
33,"s(curr_lastRippleV1PRE_z):curr_DOWN_yes",0.350039535856983,0.00271514813104005,0.46194360333388,0.191076789225448
34,"s(curr_lastRippleV1PRE_z):curr_DOWN_yes",0.115107131273945,0.000535572182324299,0.262368799374913,0.111631702499153
35,"s(curr_lastRippleV1PRE_z):curr_DOWN_yes",0.168527329910294,0.00117389725337277,0.574250292837408,0.241007099577127
36,"s(curr_lastRippleV1PRE_z):curr_DOWN_yes",0.247404791546701,0.00306086768409359,1.15691834578307,0.628401865941596
37,"s(curr_lastRippleV1PRE_z):curr_DOWN_yes",0.0755909928031935,0.0015276862049677,0.597449862988419,0.576061792695702
38,"s(curr_lastRippleV1PRE_z):curr_DOWN_yes",0.19327121753589,0.00208024014874689,0.989586129379731,0.293840448686294
39,"s(curr_lastRippleV1PRE_z):curr_DOWN_yes",0.173586628443062,0.00153272387608447,0.495396421988188,0.462806364872621
40,"s(curr_lastRippleV1PRE_z):curr_DOWN_yes",0.139884034926222,0.00171842718927627,0.87838683319463,0.260108040235668
41,"s(curr_lastRippleV1PRE_z):curr_DOWN_yes",0.108325386417393,0.00107128309551842,0.70480529945099,0.448358545548654
42,"s(curr_lastRippleV1PRE_z):curr_DOWN_yes",0.216414977992958,0.0034205095063119,1.23291828147066,0.463327580249711
43,"s(curr_lastRippleV1PRE_z):curr_DOWN_yes",0.231300081565132,0.000917921089503212,1.0215512278354,0.312580741377328
44,"s(curr_lastRippleV1PRE_z):curr_DOWN_yes",0.168554583060503,0.00140428105013892,0.628672025512043,0.490091203093784
45,"s(curr_lastRippleV1PRE_z):curr_DOWN_yes",0.148604099318124,0.00185740723626503,0.769302343923348,0.467096348180973
46,"s(curr_lastRippleV1PRE_z):curr_DOWN_yes",0.132731084234609,0.00144779247998819,0.83389705674053,0.247236958752824
47,"s(curr_lastRippleV1PRE_z):curr_DOWN_yes",0.160731565593266,0.00249643218637698,0.888974966818416,0.775953968561898
48,"s(curr_lastRippleV1PRE_z):curr_DOWN_yes",0.296963571547454,0.00321046396610778,1.24053734680013,0.367350250765661
49,"s(curr_lastRippleV1PRE_z):curr_DOWN_yes",0.199932543750074,0.00245505116310073,0.952393039723305,0.679069943084191
50,"s(curr_lastRippleV1PRE_z):curr_DOWN_yes",0.291548447864757,0.00210392643559532,0.36079674037726,0.145259645460013
51,"s(curr_lastRippleV1PRE_z):curr_DOWN_yes",0.286214502171443,0.00280490215191461,0.701728615564824,0.735215400648181
52,"s(curr_lastRippleV1PRE_z):curr_DOWN_yes",0.238008979130412,0.00254801660047449,1.1123195777697,0.33065373207936
53,"s(curr_lastRippleV1PRE_z):curr_DOWN_yes",0.0711058748019999,0.000693099733891448,0.559184491614697,0.166040319487405
54,"s(curr_lastRippleV1PRE_z):curr_DOWN_yes",0.0910025581498708,0.00093041583949489,0.631515955510517,0.187146634131848
55,"s(curr_lastRippleV1PRE_z):curr_DOWN_yes",0.264745666518608,0.00246063189257238,0.699894475636341,0.696205978495354
56,"s(curr_lastRippleV1PRE_z):curr_DOWN_yes",0.338552624922792,0.00259927262576987,0.716552655709366,0.330377401656271
57,"s(curr_lastRippleV1PRE_z):curr_DOWN_yes",0.426688718071448,0.00388603020662377,0.89317445324146,0.421705029391276
58,"s(curr_lastRippleV1PRE_z):curr_DOWN_yes",0.266836138581258,0.00267297089269143,0.72280542949025,0.852192062870848
59,"s(curr_lastRippleV1PRE_z):curr_DOWN_yes",0.0484380824925523,0.000538083597247039,0.496366715914134,0.147677769131116
60,"s(curr_lastRippleV1PRE_z):curr_DOWN_yes",0.190238017094979,0.00170697371340284,0.588687792333004,0.261977422561991
61,"s(curr_lastRippleV1PRE_z):curr_DOWN_yes",0.122913493485031,0.000964870884260659,0.411994683391406,0.210677257258913
62,"s(curr_lastRippleV1PRE_z):curr_DOWN_yes",0.174704981145887,0.00203142407142947,0.935827189354914,0.492248648137168
63,"s(curr_lastRippleV1PRE_z):curr_DOWN_yes",0.460062277783496,0.00433438002221076,0.586114637530301,0.437960411046625
64,"s(curr_lastRippleV1PRE_z):curr_DOWN_yes",0.377546515707647,0.00351346932993281,0.871415021655399,0.491781395306288
65,"s(curr_lastRippleV1PRE_z):curr_DOWN_yes",0.261068156248731,0.00279602101710502,1.14384931082835,0.34289665082142
66,"s(curr_lastRippleV1PRE_z):curr_DOWN_yes",0.117061744073656,0.000975076995617905,0.53232131846843,0.224696367548141
67,"s(curr_lastRippleV1PRE_z):curr_DOWN_yes",0.143421421474563,0.00167891540797168,0.864474886142674,0.256218695513579
68,"s(curr_lastRippleV1PRE_z):curr_DOWN_yes",0.248446293523561,0.0017336724925166,0.336114116414001,0.313415001022829
69,"s(curr_lastRippleV1PRE_z):curr_DOWN_yes",0.436763471252578,0.00461015130278012,1.31866974957848,0.908385762754498
70,"s(curr_lastRippleV1PRE_z):curr_DOWN_yes",0.0802340135152599,0.000893831309447773,0.637820897862225,0.189138164095979
71,"s(curr_lastRippleV1PRE_z):curr_DOWN_yes",0.138003166049425,0.00158851071419846,0.840365168242903,0.365527705756982
72,"s(curr_lastRippleV1PRE_z):curr_DOWN_yes",0.42187177619795,0.00429600719454864,1.74422516784215,0.439344205666632
73,"s(curr_lastRippleV1PRE_z):curr_DOWN_yes",0.13696897513741,0.00116654902537714,0.613060472565108,0.287081652190597
74,"s(curr_lastRippleV1PRE_z):curr_DOWN_yes",0.139820132795099,0.00157944994259856,0.823566942008158,0.433535561479302
75,"s(curr_lastRippleV1PRE_z):curr_DOWN_yes",0.0941730160393517,0.000955414781328742,0.675700581457456,0.200594172093127
76,"s(curr_lastRippleV1PRE_z):curr_DOWN_yes",0.275904076615975,0.00273646122808428,0.568109564874232,0.604988747104067
77,"s(curr_lastRippleV1PRE_z):curr_DOWN_yes",0.138925199510028,0.00150706074869453,0.867471600139346,0.2583354299396
78,"s(curr_lastRippleV1PRE_z):curr_DOWN_yes",0.222603644000865,0.00277511988347662,1.10078676574022,0.601896779153644
79,"s(curr_lastRippleV1PRE_z):curr_DOWN_yes",0.122201290766292,0.000952942528398874,0.527543588372343,0.272127505501256
80,"s(curr_lastRippleV1PRE_z):curr_DOWN_yes",0.124081566669537,0.00199247251706785,0.70632656463554,0.329201259419546
81,"s(curr_lastRippleV1PRE_z):curr_DOWN_yes",0.12248201057954,0.000528628276639889,0.563656234614135,0.216173507209856
82,"s(curr_lastRippleV1PRE_z):curr_DOWN_yes",0.277854431599635,0.00294152050550042,1.15520421042299,0.343152203634489
83,"s(curr_lastRippleV1PRE_z):curr_DOWN_yes",0.366174167140271,0.00421066264002409,1.51196866653631,1.40934684789791
84,"s(curr_lastRippleV1PRE_z):curr_DOWN_yes",0.336544441396825,0.00311821604057821,2.58617415979182,0.687622155532083
85,"s(curr_lastRippleV1PRE_z):curr_DOWN_yes",0.021053865586115,0.00147478053449959,0.31507790674184,1.12696196938778
86,"s(curr_lastRippleV1PRE_z):curr_DOWN_yes",0.155432445511862,0.00165038461126483,0.877393418360262,0.298731475875875
87,"s(curr_lastRippleV1PRE_z):curr_DOWN_yes",0.130595313728755,0.00132312786436882,0.721958206648391,0.317910345050758
88,"s(curr_lastRippleV1PRE_z):curr_DOWN_yes",0.253246347731207,0.00161208888367224,0.430690709312828,0.173867579095082
89,"s(curr_lastRippleV1PRE_z):curr_DOWN_yes",0.102511759297879,0.00138499149044632,0.60393107516602,0.450335782212326
90,"s(curr_lastRippleV1PRE_z):curr_DOWN_yes",0.135158661961559,0.00165382088701102,0.757447302658704,0.567469383071131
91,"s(curr_lastRippleV1PRE_z):curr_DOWN_yes",0.228732846419341,0.00188776686842591,0.408430252105965,0.149961456980429
92,"s(curr_lastRippleV1PRE_z):curr_DOWN_yes",0.161841466279586,0.00103390043073366,0.424775531205448,0.247041516658241
93,"s(curr_lastRippleV1PRE_z):curr_DOWN_yes",0.482170670044363,0.00384440998015678,0.807402486415975,0.502036096494812
94,"s(curr_lastRippleV1PRE_z):curr_DOWN_yes",0.278006375206824,0.00287017507776243,0.874691319012312,1.00857503902275
95,"s(curr_lastRippleV1PRE_z):curr_DOWN_yes",0.23059405672037,0.00257693508301864,1.13003435297263,0.334621182580413
96,"s(curr_lastRippleV1PRE_z):curr_DOWN_yes",0.234731932566508,0.00166977949086446,0.998195669159418,0.319299505200063
97,"s(curr_lastRippleV1PRE_z):curr_DOWN_yes",0.0944017206857737,0.00218777133441786,0.847354917703797,0.465296657889485
98,"s(curr_lastRippleV1PRE_z):curr_DOWN_yes",0.245009232378145,0.00213047705306815,1.01978122406462,0.349841167550111
99,"s(curr_lastRippleV1PRE_z):curr_DOWN_yes",0.143659929832257,0.00156875985590797,0.862263677147151,0.256096774279255
100,"s(curr_lastRippleV1PRE_z):curr_DOWN_yes",0.295073813180943,0.00247354602692784,0.709638204503473,0.539526470222238
101,"s(curr_lastRippleV1PRE_z):curr_DOWN_yes",0.0882223892934269,0.0011097480183821,0.388585763780767,0.736253804024878
102,"s(curr_lastRippleV1PRE_z):curr_DOWN_yes",0.214590887917907,0.00133989811538872,0.316102013594627,0.145801340616342
103,"s(curr_lastRippleV1PRE_z):curr_DOWN_yes",0.214635894983811,0.00137993824116374,0.473518894597475,0.32540715111365
104,"s(curr_lastRippleV1PRE_z):curr_DOWN_yes",0.292027626792625,0.00310775284639705,1.15300750124912,0.342223026441475
105,"s(curr_lastRippleV1PRE_z):curr_DOWN_yes",0.321648315237334,0.00296964668509897,0.844201334813298,0.265953867636858
106,"s(curr_lastRippleV1PRE_z):curr_DOWN_yes",0.301057948914028,0.00301406095647525,0.776038613714073,0.689396944034465
107,"s(curr_lastRippleV1PRE_z):curr_DOWN_yes",0.199952147991217,0.00299555085548458,3.14147329336259,1.72318564874672
108,"s(curr_lastRippleV1PRE_z):curr_DOWN_yes",0.224724394846714,0.00236116249833947,1.0144930973862,0.300243258156109
109,"s(curr_lastRippleV1PRE_z):curr_DOWN_yes",0.103519646333143,0.00138624193241181,0.705122886781869,0.524769312077923
110,"s(curr_lastRippleV1PRE_z):curr_DOWN_yes",0.106340362418123,0.00116976168135107,0.712229115903067,0.210359638764459
111,"s(curr_lastRippleV1PRE_z):curr_DOWN_yes",0.279256619929716,0.00197326578712175,0.369578684933202,0.161513625670694
112,"s(curr_lastRippleV1PRE_z):curr_DOWN_yes",0.422818390407546,0.00393306433015912,0.448614479757641,0.467480000404725
113,"s(curr_lastRippleV1PRE_z):curr_DOWN_yes",0.194399707574806,0.00123950007217304,0.755086875441511,0.331103188377244
114,"s(curr_lastRippleV1PRE_z):curr_DOWN_yes",0.55138686096921,0.00515842354292925,1.49966246036314,0.495068993366861
115,"s(curr_lastRippleV1PRE_z):curr_DOWN_yes",0.0720184368009908,0.000570109689721416,0.19416716796597,0.230932633192386
116,"s(curr_lastRippleV1PRE_z):curr_DOWN_yes",0.161136819106917,0.000853804348380255,0.255011802686331,0.106068892337736
117,"s(curr_lastRippleV1PRE_z):curr_DOWN_yes",0.161090248824657,0.000860148717034103,0.898643113255045,0.194064318995753
118,"s(curr_lastRippleV1PRE_z):curr_DOWN_yes",0.0494550878174245,0.000122613703616806,0.452031153299771,0.139048886662382
119,"s(curr_lastRippleV1PRE_z):curr_DOWN_yes",0.171423418024292,0.0020757729421722,0.930557539787522,0.725082030135518
120,"s(curr_lastRippleV1PRE_z):curr_DOWN_yes",0.460661232991298,0.00369708542541743,0.531302345382686,0.344468714259778
121,"s(curr_lastRippleV1PRE_z):curr_DOWN_yes",0.1668957241287,0.00186614723877788,0.837524425367691,0.2500696073257
122,"s(curr_lastRippleV1PRE_z):curr_DOWN_yes",0.339411565889436,0.00369381127618487,1.28958966448176,0.383221838713855
123,"s(curr_lastRippleV1PRE_z):curr_DOWN_yes",0.0628048661105343,0.000193800077652394,0.510230088199446,0.162735603031062
124,"s(curr_lastRippleV1PRE_z):curr_DOWN_yes",0.178842824596628,0.00102281910416386,0.810942831978839,0.248182015778524
125,"s(curr_lastRippleV1PRE_z):curr_DOWN_yes",0.291880890188395,0.0031013749618229,1.1569655123972,0.342663786857332
126,"s(curr_lastRippleV1PRE_z):curr_DOWN_yes",0.169885856747625,0.00146427943971101,0.639761706879872,0.293524145343991
127,"s(curr_lastRippleV1PRE_z):curr_DOWN_yes",0.493191106794686,0.00543507110125393,1.55303194494475,0.505207005512029
128,"s(curr_lastRippleV1PRE_z):curr_DOWN_yes",0.479408231643035,0.0036589875777747,3.40467234734391,0.952747263992313
129,"s(curr_lastRippleV1PRE_z):curr_DOWN_yes",0.260365779918765,0.00288026059047657,1.03125837770394,0.303934876175468
130,"s(curr_lastRippleV1PRE_z):curr_DOWN_yes",0.0699754837682587,0.0012033502834847,0.518157456691081,0.704146473093228
131,"s(curr_lastRippleV1PRE_z):curr_DOWN_yes",0.204726635113206,0.00181778355046406,0.656926036224028,0.363028334424884
132,"s(curr_lastRippleV1PRE_z):curr_DOWN_yes",0.252312232603342,0.00225070753855947,0.672418913490719,0.796810036662159
133,"s(curr_lastRippleV1PRE_z):curr_DOWN_yes",0.192146077501288,0.00261419645589363,0.937171483475578,1.02063661266096
134,"s(curr_lastRippleV1PRE_z):curr_DOWN_yes",0.471042706923075,0.00434801857642493,1.38822048762828,0.427146983852583
135,"s(curr_lastRippleV1PRE_z):curr_DOWN_yes",0.191362410824159,0.00283539968305485,0.96924791363236,0.778945148391125
136,"s(curr_lastRippleV1PRE_z):curr_DOWN_yes",0.287489622805295,0.00328235975506505,1.18644265474008,0.606889384842977
137,"s(curr_lastRippleV1PRE_z):curr_DOWN_yes",0.161313967903439,0.00228158716225895,0.900715818537762,0.834198846664186
138,"s(curr_lastRippleV1PRE_z):curr_DOWN_yes",0.0973548296652185,0.00200036983076509,0.599695288019422,0.857761985829877
139,"s(curr_lastRippleV1PRE_z):curr_DOWN_yes",0.114530675518734,0.00120931282399032,0.774063232619577,0.231090281258416
140,"s(curr_lastRippleV1PRE_z):curr_DOWN_yes",0.16717976597586,0.00148018882002257,0.426617620367996,0.529616027923977
141,"s(curr_lastRippleV1PRE_z):curr_DOWN_yes",0.279871269490791,0.00295466038553341,1.22887596734347,0.454210635329569
142,"s(curr_lastRippleV1PRE_z):curr_DOWN_yes",0.215019775250793,0.00163602732467179,0.373506806898797,0.120754457719063
143,"s(curr_lastRippleV1PRE_z):curr_DOWN_yes",0.273169287535667,0.00247673120829728,0.453766264349349,0.405270860894965
144,"s(curr_lastRippleV1PRE_z):curr_DOWN_yes",0.256302137302728,0.00227636227349332,0.880848738357846,0.359411042436803
145,"s(curr_lastRippleV1PRE_z):curr_DOWN_yes",0.51562202123213,0.0035426963252503,0.89116966242949,0.737613985872207
146,"s(curr_lastRippleV1PRE_z):curr_DOWN_yes",0.130733000854019,0.000721708325408994,0.371309684946582,0.242350150957361
147,"s(curr_lastRippleV1PRE_z):curr_DOWN_yes",0.133566572659625,0.00145910029763177,0.826504295421344,0.245493608566182
148,"s(curr_lastRippleV1PRE_z):curr_DOWN_yes",0.180906393568987,0.00107934335609638,0.63451121635314,0.279670835526857
149,"s(curr_lastRippleV1PRE_z):curr_DOWN_yes",0.346088202156923,0.00346228138461473,0.758644034870668,0.785881173677867
150,"s(curr_lastRippleV1PRE_z):curr_DOWN_yes",0.298137406846355,0.0033990083459708,1.24292971234136,0.580284581459326
151,"s(curr_lastRippleV1PRE_z):curr_DOWN_yes",0.166874400438535,0.00173378856392666,0.75509677132766,0.224054865743627
152,"s(curr_lastRippleV1PRE_z):curr_DOWN_yes",0.286181314834771,0.00282403493205649,0.851765577291369,0.695221394257546
153,"s(curr_lastRippleV1PRE_z):curr_DOWN_yes",0.297827440078857,0.00248978207343305,0.741752276627453,0.311773860165938
154,"s(curr_lastRippleV1PRE_z):curr_DOWN_yes",0.151155105260362,0.0016204748324466,0.859440716675353,0.254954014561151
155,"s(curr_lastRippleV1PRE_z):curr_DOWN_yes",0.0669449761735752,0.000701770286982541,0.563542949914007,0.251008008406352
156,"s(curr_lastRippleV1PRE_z):curr_DOWN_yes",0.262213672929486,0.00192315269425904,2.34196366079764,0.582172485675053
157,"s(curr_lastRippleV1PRE_z):curr_DOWN_yes",0.307376997292577,0.00393000797566706,1.0818686868096,0.651811406275649
158,"s(curr_lastRippleV1PRE_z):curr_DOWN_yes",0.150234789095995,0.000604006220093425,0.666010861375632,0.215306270496166
159,"s(curr_lastRippleV1PRE_z):curr_DOWN_yes",0.17060884706423,0.000786249036914086,0.781818547660471,0.345095439515069
160,"s(curr_lastRippleV1PRE_z):curr_DOWN_yes",0.082469758214013,0.000885352022525413,0.646601561269819,0.191732972284357
161,"s(curr_lastRippleV1PRE_z):curr_DOWN_yes",0.227572328555951,0.000710055601092331,1.00817791888574,0.302892069603117
162,"s(curr_lastRippleV1PRE_z):curr_DOWN_yes",0.182966888686026,0.00194690982315878,0.932997038994858,0.29839992765121
163,"s(curr_lastRippleV1PRE_z):curr_DOWN_yes",0.332497713335859,0.00265222369618271,1.27330207709165,0.378956299032015
164,"s(curr_lastRippleV1PRE_z):curr_DOWN_yes",0.184338412379406,0.00195466594340991,0.932828853574704,0.277119662471666
165,"s(curr_lastRippleV1PRE_z):curr_DOWN_yes",0.287009122711682,0.00313049041590804,1.18196432657286,0.353030755892313
166,"s(curr_lastRippleV1PRE_z):curr_DOWN_yes",0.132224572852135,0.0014763197183809,0.808923297380952,0.240408261962883
167,"s(curr_lastRippleV1PRE_z):curr_DOWN_yes",0.216677458048341,0.0029678304890554,1.01373764214841,0.923517157634535
168,"s(curr_lastRippleV1PRE_z):curr_DOWN_yes",0.449511526689276,0.00436110852996998,0.748190021063591,0.593506711630122
169,"s(curr_lastRippleV1PRE_z):curr_DOWN_yes",0.608494731927827,0.00589322428841889,1.29989576343654,0.563499708758576
170,"s(curr_lastRippleV1PRE_z):curr_DOWN_yes",0.312403551964192,0.00301944597621207,0.733021349116625,0.848433961061832
171,"s(curr_lastRippleV1PRE_z):curr_DOWN_yes",0.237346523111312,0.00312800818514353,0.393892679556427,1.58158201900049
172,"s(curr_lastRippleV1PRE_z):curr_DOWN_yes",0.309868415939695,0.0028072945017746,0.427353609910511,0.287823498781165
173,"s(curr_lastRippleV1PRE_z):curr_DOWN_yes",0.313737107033958,0.00289511920950321,0.482806470148329,0.467419061667496
174,"s(curr_lastRippleV1PRE_z):curr_DOWN_yes",0.192861040780963,0.00122797034764173,0.399441706503021,0.148871520684073
175,"s(curr_lastRippleV1PRE_z):curr_DOWN_yes",0.158594672434829,0.00177619224072003,0.825061292959667,0.474912370970033
176,"s(curr_lastRippleV1PRE_z):curr_DOWN_yes",0.123797233250184,0.00130554814631452,0.753817688087232,0.223478572061718
177,"s(curr_lastRippleV1PRE_z):curr_DOWN_yes",0.193170866203313,0.00211537939819644,1.01465805073542,0.300859158166602
178,"s(curr_lastRippleV1PRE_z):curr_DOWN_yes",0.0520122258211027,0.000552020965236469,0.442627955617245,0.131628400890584
179,"s(curr_lastRippleV1PRE_z):curr_DOWN_yes",0.120865776002494,0.00124427837750536,0.768371017355046,0.227895892526651
180,"s(curr_lastRippleV1PRE_z):curr_DOWN_yes",0.200090286123197,0.00213041085892708,1.00589330649586,0.339831006109943
181,"s(curr_lastRippleV1PRE_z):curr_DOWN_yes",0.146380590270492,0.00222025210712938,0.836950835061754,1.00477887217597
182,"s(curr_lastRippleV1PRE_z):curr_DOWN_yes",0.145635237243571,0.00159122312551185,0.872845355941721,0.258965956014163
183,"s(curr_lastRippleV1PRE_z):curr_DOWN_yes",0.220713080093629,0.00152659933248805,0.910349661195089,0.292429080061919
184,"s(curr_lastRippleV1PRE_z):curr_DOWN_yes",0.214280494428173,0.0019599434897313,0.622984680524165,0.362604612111579
185,"s(curr_lastRippleV1PRE_z):curr_DOWN_yes",0.212594217480824,0.00232323416620326,1.0561768208593,0.313545045662779
186,"s(curr_lastRippleV1PRE_z):curr_DOWN_yes",0.0185382850773532,0.000199565563441255,0.30335123065885,0.0899426342136706
187,"s(curr_lastRippleV1PRE_z):curr_DOWN_yes",0.427923513432694,0.00379572741012505,0.837628891829092,0.402124520799441
188,"s(curr_lastRippleV1PRE_z):curr_DOWN_yes",0.20426451751032,0.00205041625132934,0.966666495824747,0.287016765183336
189,"s(curr_lastRippleV1PRE_z):curr_DOWN_yes",0.258508945597078,0.00272614075158835,1.14089586289358,0.338899941995113
190,"s(curr_lastRippleV1PRE_z):curr_DOWN_yes",0.121992758632461,0.00214236849788518,0.806900851221983,1.09611123193047
191,"s(curr_lastRippleV1PRE_z):curr_DOWN_yes",0.107093418411393,0.00147702018191637,0.723018012253207,0.59222399854358
192,"s(curr_lastRippleV1PRE_z):curr_DOWN_yes",0.148090956593594,0.002128970931677,0.806246487954103,0.825020495264489
193,"s(curr_lastRippleV1PRE_z):curr_DOWN_yes",0.38305513819997,0.00258517242064737,0.50266652894602,0.18715633755421
194,"s(curr_lastRippleV1PRE_z):curr_DOWN_yes",0.391989404022538,0.00340314148312861,0.910547426152447,0.291207427424854
195,"s(curr_lastRippleV1PRE_z):curr_DOWN_yes",0.594770739821302,0.00546555515165034,1.06399219554154,0.629249175593112
196,"s(curr_lastRippleV1PRE_z):curr_DOWN_yes",0.274004877060591,0.00284729586834588,1.13568153183278,0.337664413847619
197,"s(curr_lastRippleV1PRE_z):curr_DOWN_yes",0.213388120414346,0.00178427141800572,0.851473997892924,0.257510921838375
198,"s(curr_lastRippleV1PRE_z):curr_DOWN_yes",0.184111895419353,0.00145418884114087,0.465008663693454,0.499697278547924
199,"s(curr_lastRippleV1PRE_z):curr_DOWN_yes",0.0936053634395044,0.0010121391664007,0.645957870124089,0.19268425710732
200,"s(curr_lastRippleV1PRE_z):curr_DOWN_yes",0.125059453208314,0.00140848982692418,0.57311144704117,0.373733587421062
201,"s(curr_lastRippleV1PRE_z):curr_DOWN_yes",0.220111535623239,0.00342351303231537,1.02089092448271,1.31269297794416
202,"s(curr_lastRippleV1PRE_z):curr_DOWN_yes",0.229722633314597,0.00245070944638151,1.02566316448377,0.304237568035966
203,"s(curr_lastRippleV1PRE_z):curr_DOWN_yes",0.243730632873902,0.00203434109593239,0.718295089182249,0.37107310574632
204,"s(curr_lastRippleV1PRE_z):curr_DOWN_yes",0.244838718240048,0.0022130844521001,0.685888783513225,0.44130892400521
205,"s(curr_lastRippleV1PRE_z):curr_DOWN_yes",0.146603434495378,0.00118465522497342,0.667045618331995,0.328766896279524
206,"s(curr_lastRippleV1PRE_z):curr_DOWN_yes",0.123842964426849,0.0012671162050703,0.779358157573848,0.291663570078228
207,"s(curr_lastRippleV1PRE_z):curr_DOWN_yes",0.0588734493428138,0.000774622454666919,0.49651606964691,0.18757486191812
208,"s(curr_lastRippleV1PRE_z):curr_DOWN_yes",0.273601697854289,0.00233461342452215,0.449117322677297,0.139087331451711
209,"s(curr_lastRippleV1PRE_z):curr_DOWN_yes",0.243823570063226,0.00214061485273045,1.02749972864434,0.336874595029732
210,"s(curr_lastRippleV1PRE_z):curr_DOWN_yes",0.152594828835867,0.001531325483863,0.580125395334723,0.545019636021685
211,"s(curr_lastRippleV1PRE_z):curr_DOWN_yes",0.185341322466023,0.00145080286086591,0.640526396821031,0.35935482069219
212,"s(curr_lastRippleV1PRE_z):curr_DOWN_yes",0.0647854477470551,0.000697126761723247,0.567028504851599,0.168055626057696
213,"s(curr_lastRippleV1PRE_z):curr_DOWN_yes",0.0860604323852066,0.000966629279631544,0.687174727542599,0.203666876846471
214,"s(curr_lastRippleV1PRE_z):curr_DOWN_yes",0.152657623826883,0.00154142705331558,0.858667289611779,0.25536882724751
215,"s(curr_lastRippleV1PRE_z):curr_DOWN_yes",0.0731938677402955,0.000759576058968776,0.570177945825367,0.169785508631341
216,"s(curr_lastRippleV1PRE_z):curr_DOWN_yes",0.303763423608047,0.00219591241292138,1.12817652378815,0.337552277485237
217,"s(curr_lastRippleV1PRE_z):curr_DOWN_yes",0.532626889336704,0.00405819404500984,0.658377788733926,0.247649378065039
218,"s(curr_lastRippleV1PRE_z):curr_DOWN_yes",0.162393155181535,0.00174979691447043,0.912540922573537,0.270624350576674
219,"s(curr_lastRippleV1PRE_z):curr_DOWN_yes",0.414822077417962,0.0044494754196052,1.3914685193189,0.413152626148113
220,"s(curr_lastRippleV1PRE_z):curr_DOWN_yes",0.145656354815648,0.00150348503127501,0.819208475775154,0.242372683815376
221,"s(curr_lastRippleV1PRE_z):curr_DOWN_yes",0.199349009632876,0.00122287458878851,0.592932276751162,0.310284890379322
222,"s(curr_lastRippleV1PRE_z):curr_DOWN_yes",0.197155869387912,0.00114146471761729,1.13795592883212,0.829800218141029
223,"s(curr_lastRippleV1PRE_z):curr_DOWN_yes",0.481886134744718,0.00408241794577243,0.715370519774258,0.861800401932309
224,"s(curr_lastRippleV1PRE_z):curr_DOWN_yes",0.0641208157748574,0.00026483721445591,0.482810412097241,0.154672470666855
225,"s(curr_lastRippleV1PRE_z):curr_DOWN_yes",0.399969607257562,0.00385454159824315,0.59092780183411,0.670587228280024
226,"s(curr_lastRippleV1PRE_z):curr_DOWN_yes",0.164251644318735,0.00194004138117221,0.895466665376558,0.393759354328434
227,"s(curr_lastRippleV1PRE_z):curr_DOWN_yes",0.165168322844194,0.000818864490534903,0.37884667766256,0.219202643073682
228,"s(curr_lastRippleV1PRE_z):curr_DOWN_yes",0.161143184982009,0.00183126332415748,0.882807141602413,0.365005374959392
229,"s(curr_lastRippleV1PRE_z):curr_DOWN_yes",0.192767643792839,0.00246560156997779,0.938269624100088,0.652785452224627
230,"s(curr_lastRippleV1PRE_z):curr_DOWN_yes",0.383095315371624,0.00407971402882287,1.430708391665,0.423630853720692
231,"s(curr_lastRippleV1PRE_z):curr_DOWN_yes",0.173725413447216,0.00138225540731854,0.804930583389363,0.280106505422479
232,"s(curr_lastRippleV1PRE_z):curr_DOWN_yes",0.203112554620005,0.0014851550983151,0.893041803089345,0.283998161906914
233,"s(curr_lastRippleV1PRE_z):curr_DOWN_yes",0.271433370551903,0.0030531160021961,1.03951178615833,0.309646945386539
234,"s(curr_lastRippleV1PRE_z):curr_DOWN_yes",0.152992857192229,0.00140967286193331,0.416604311449072,0.279558658402366
235,"s(curr_lastRippleV1PRE_z):curr_DOWN_yes",0.2958473570692,0.0030349058913428,0.75900019340065,1.09337250464284
236,"s(curr_lastRippleV1PRE_z):curr_DOWN_yes",0.304653526523325,0.00242743384369458,0.599515806483288,0.436927881414601
237,"s(curr_lastRippleV1PRE_z):curr_DOWN_yes",0.251642385114294,0.00296461685297954,0.982584878573835,1.02474206485836
238,"s(curr_lastRippleV1PRE_z):curr_DOWN_yes",0.188878493028309,0.00230045090066736,0.959295726457032,0.745186376290782
239,"s(curr_lastRippleV1PRE_z):curr_DOWN_yes",0.356830332036056,0.00307184188739423,1.18511791013664,0.987026469630343
240,"s(curr_lastRippleV1PRE_z):curr_DOWN_yes",0.132158277394765,0.0016493778486029,0.720668981609945,0.359790662690909
241,"s(curr_lastRippleV1PRE_z):curr_DOWN_yes",0.106930843019861,0.00103478899259429,0.609259817595711,0.181357020390497
242,"s(curr_lastRippleV1PRE_z):curr_DOWN_yes",0.114470393754316,0.000713266588189875,0.533986134432078,0.210671927567109
243,"s(curr_lastRippleV1PRE_z):curr_DOWN_yes",0.3428799828703,0.00282275671529782,0.794828606649689,0.567824544516445
244,"s(curr_lastRippleV1PRE_z):curr_DOWN_yes",0.110365722705726,9.3940414350316e-05,0.768913027529781,0.230280067745252
245,"s(curr_lastRippleV1PRE_z):curr_DOWN_yes",0.0898547187055598,0.00107173175956113,0.692575753253055,0.205204601784558
246,"s(curr_lastRippleV1PRE_z):curr_DOWN_yes",0.251767494494445,0.00210128679417276,0.825660683041576,0.51065364410461
247,"s(curr_lastRippleV1PRE_z):curr_DOWN_yes",0.315790580335706,0.00202450733633514,1.00459161783859,0.632045847168003
248,"s(curr_lastRippleV1PRE_z):curr_DOWN_yes",0.137981208541368,0.00164224548379991,1.4379798068746,1.13031895156637
249,"s(curr_lastRippleV1PRE_z):curr_DOWN_yes",0.162608474071562,0.00175199107441416,0.91420379938835,0.271477438615789
250,"s(curr_lastRippleV1PRE_z):curr_DOWN_yes",0.0941889909229223,0.00100799867415251,0.666374325907165,0.197787175794891
251,"s(curr_lastRippleV1PRE_z):curr_DOWN_yes",0.120183106182148,0.000935439580474178,0.347806151043386,0.133276906992216
252,"s(curr_lastRippleV1PRE_z):curr_DOWN_yes",0.307513261512445,0.00224616021834723,0.575212731559192,0.266486377795079
253,"s(curr_lastRippleV1PRE_z):curr_DOWN_yes",0.28757140205436,0.0023461465319169,0.677207410606755,0.232548972628879
254,"s(curr_lastRippleV1PRE_z):curr_DOWN_yes",0.2263489915448,0.00220780298996588,0.985753895886223,0.551476973984353
255,"s(curr_lastRippleV1PRE_z):curr_DOWN_yes",0.0773617755689635,0.000849065689483422,0.531744367688896,0.158928815076397
256,"s(curr_lastRippleV1PRE_z):curr_DOWN_yes",0.0393943076245131,0.00051714744964834,0.440728740017945,0.268475017987414
257,"s(curr_lastRippleV1PRE_z):curr_DOWN_yes",0.179023697543408,0.00215424513359057,0.782343151965079,0.428495588036455
258,"s(curr_lastRippleV1PRE_z):curr_DOWN_yes",0.149102853015173,0.00163871593167093,0.883715647986458,0.261715957267637
259,"s(curr_lastRippleV1PRE_z):curr_DOWN_yes",0.0679335484617312,0.000677120802521968,0.595162947189875,0.17667411334005
260,"s(curr_lastRippleV1PRE_z):curr_DOWN_yes",0.338061208275695,0.00304601662974195,0.788275868459797,0.555681238659812
261,"s(curr_lastRippleV1PRE_z):curr_DOWN_yes",0.130740678879451,0.00167176916687304,0.745121498432924,0.701561825813709
262,"s(curr_lastRippleV1PRE_z):curr_DOWN_yes",0.105394628624022,0.0016452181840908,0.72091105855002,0.855566556863559
263,"s(curr_lastRippleV1PRE_z):curr_DOWN_yes",0.264210067321616,0.00276220567624665,1.09342191108551,0.324005538388414
264,"s(curr_lastRippleV1PRE_z):curr_DOWN_yes",0.152999774985538,0.00328295657778137,0.85084600342931,1.50603038950472
265,"s(curr_lastRippleV1PRE_z):curr_DOWN_yes",0.180536870575319,0.00190193123375652,0.921166374075473,0.272914701990719
266,"s(curr_lastRippleV1PRE_z):curr_DOWN_yes",0.241388278215024,0.00183403333011274,0.37728476159874,0.173839401722206
267,"s(curr_lastRippleV1PRE_z):curr_DOWN_yes",0.179783879856982,0.00199503088833495,0.865331633972329,0.258663359030356
268,"s(curr_lastRippleV1PRE_z):curr_DOWN_yes",0.048074616472837,0.000479472267157033,0.46193048938391,0.137288780928929
269,"s(curr_lastRippleV1PRE_z):curr_DOWN_yes",0.186780888671005,0.00219645234077295,1.00992096885818,0.470088302346623
270,"s(curr_lastRippleV1PRE_z):curr_DOWN_yes",0.649935638180707,0.00699574985498385,1.81085821179551,0.535552088626723
271,"s(curr_lastRippleV1PRE_z):curr_DOWN_yes",0.344635086541844,0.00304885121655649,0.891938027748047,0.365585784660459
272,"s(curr_lastRippleV1PRE_z):curr_DOWN_yes",0.0589350574293759,0.00130600615991945,0.484775572475549,0.787488946291057
273,"s(curr_lastRippleV1PRE_z):curr_DOWN_yes",0.174136562738384,0.000805762808174708,0.756304308356275,0.343781641983447
274,"s(curr_lastRippleV1PRE_z):curr_DOWN_yes",0.0933029301398678,0.000942055300208661,0.402979467939326,0.474398874785704
275,"s(curr_lastRippleV1PRE_z):curr_DOWN_yes",0.204664722993053,0.00239763443220743,1.01939853809157,0.456333653406866
276,"s(curr_lastRippleV1PRE_z):curr_DOWN_yes",0.1277663536664,0.00138200188844405,0.798264790106746,0.236673477492582
277,"s(curr_lastRippleV1PRE_z):curr_DOWN_yes",0.111989345818277,0.00160486877301022,0.760442807735095,0.803671766638919
278,"s(curr_lastRippleV1PRE_z):curr_DOWN_yes",0.132601792496004,0.00160112903541007,0.824035357889597,0.445701041655807
279,"s(curr_lastRippleV1PRE_z):curr_DOWN_yes",0.156126453276746,0.00225882039530108,0.809524534673606,1.07405937784538
280,"s(curr_lastRippleV1PRE_z):curr_DOWN_yes",0.166246865098619,0.00119645729702299,0.444364437353704,0.224689157191758
281,"s(curr_lastRippleV1PRE_z):curr_DOWN_yes",0.297006968821627,0.00332234530085663,1.29834989670434,0.385539165144541
282,"s(curr_lastRippleV1PRE_z):curr_DOWN_yes",0.249347655261173,0.00270331186447784,1.06432923496326,0.34421950942689
283,"s(curr_lastRippleV1PRE_z):curr_DOWN_yes",0.118556055001108,0.00193993428336741,0.899371506510171,0.26739366942434
284,"s(curr_lastRippleV1PRE_z):curr_DOWN_yes",0.143597824969764,0.00157229564867796,0.863139408548402,0.256546997898561
285,"s(curr_lastRippleV1PRE_z):curr_DOWN_yes",0.0376560728292414,0.000405943157822961,0.438585242447049,0.129831543870524
286,"s(curr_lastRippleV1PRE_z):curr_DOWN_yes",0.204250245903374,0.00170087396180016,0.334042099571262,0.404655076205885
287,"s(curr_lastRippleV1PRE_z):curr_DOWN_yes",0.0940536423911356,0.00149870925666564,0.44014866749161,0.835493433365142
288,"s(curr_lastRippleV1PRE_z):curr_DOWN_yes",0.167650163296806,0.00159195737537947,1.04748989507167,0.26709157061282
289,"s(curr_lastRippleV1PRE_z):curr_DOWN_yes",0.0981479851407983,0.00105504945222314,0.711765000961018,0.211330501597305
290,"s(curr_lastRippleV1PRE_z):curr_DOWN_yes",0.134955882055147,0.00117297384914816,0.744029618108986,0.238514813465923
291,"s(curr_lastRippleV1PRE_z):curr_DOWN_yes",0.0738790139746763,0.000396054043951127,0.538661358121311,0.291661496214714
292,"s(curr_lastRippleV1PRE_z):curr_DOWN_yes",0.519124448674164,0.00470050260912174,0.56803003110728,0.362517717907341
293,"s(curr_lastRippleV1PRE_z):curr_DOWN_yes",0.172183726793654,0.00257297089053289,0.993681398974177,1.0892665793478
294,"s(curr_lastRippleV1PRE_z):curr_DOWN_yes",0.279286982775967,0.00227143279512254,0.524181442817905,0.341711059966255
295,"s(curr_lastRippleV1PRE_z):curr_DOWN_yes",0.288355801493664,0.00305276865505467,0.641982579606919,1.19787272066395
296,"s(curr_lastRippleV1PRE_z):curr_DOWN_yes",0.244576750274073,0.00212358200205782,0.847722245270712,0.520500829785611
297,"s(curr_lastRippleV1PRE_z):curr_DOWN_yes",0.0967463126580093,0.00103278923559807,0.618822862934066,0.184694579562588
298,"s(curr_lastRippleV1PRE_z):curr_DOWN_yes",0.25180232008725,0.00294431104820166,0.93139086456394,0.397995144949289
299,"s(curr_lastRippleV1PRE_z):curr_DOWN_yes",0.151739769037776,0.000923130890392234,0.756364150572681,0.245302208427316
300,"s(curr_lastRippleV1PRE_z):curr_DOWN_yes",0.233441477248989,0.00279319119169658,1.12656693479547,0.589891811522777
301,"s(curr_lastRippleV1PRE_z):curr_DOWN_yes",0.283386123985586,0.00331087877943089,0.474634445970267,1.30917279709729
302,"s(curr_lastRippleV1PRE_z):curr_DOWN_yes",0.0387102470499476,0.000394882765029716,0.452935527841395,0.134616581971095
303,"s(curr_lastRippleV1PRE_z):curr_DOWN_yes",0.256088823973482,0.00180095694301509,0.780655061391479,0.300437730405003
304,"s(curr_lastRippleV1PRE_z):curr_DOWN_yes",0.12905754565982,0.00137896883459727,0.783834843112692,0.233507339729007
305,"s(curr_lastRippleV1PRE_z):curr_DOWN_yes",0.0651939292493333,0.00201061304548583,0.924388200356529,0.274111451876531
306,"s(curr_lastRippleV1PRE_z):curr_DOWN_yes",0.234915885183638,0.00266659966646452,1.26391391533354,0.725354509178318
307,"s(curr_lastRippleV1PRE_z):curr_DOWN_yes",0.148581965107098,0.00138375382782912,0.877891439780596,0.260980085295686
308,"s(curr_lastRippleV1PRE_z):curr_DOWN_yes",0.181115513260954,0.00191806441248466,0.972826272367772,0.288590253667037
309,"s(curr_lastRippleV1PRE_z):curr_DOWN_yes",0.207478354635184,0.00215154170087646,1.05678182932016,0.314784712001728
310,"s(curr_lastRippleV1PRE_z):curr_DOWN_yes",0.306294649717005,0.0025128626834273,0.699130872992361,0.260445741547616
311,"s(curr_lastRippleV1PRE_z):curr_DOWN_yes",0.288204095000515,0.0031313363133341,1.08175754351186,0.321949947811282
312,"s(curr_lastRippleV1PRE_z):curr_DOWN_yes",0.171589508810451,0.00156221340736618,0.709593781743232,0.308287786213475
313,"s(curr_lastRippleV1PRE_z):curr_DOWN_yes",0.280934632500785,0.00182919560587887,1.08602885019018,0.353726998478966
314,"s(curr_lastRippleV1PRE_z):curr_DOWN_yes",0.260354080292577,0.00239836183258104,0.55044143458407,0.948516686747577
315,"s(curr_lastRippleV1PRE_z):curr_DOWN_yes",0.245425035366887,0.00227088416659539,0.323090024919105,0.119615373897165
316,"s(curr_lastRippleV1PRE_z):curr_DOWN_yes",0.0447160786672356,0.000893754039616874,0.537992423553993,0.397691018511809
317,"s(curr_lastRippleV1PRE_z):curr_DOWN_yes",0.244563151499737,0.0018038230833323,1.03342065788546,0.329667861388418
318,"s(curr_lastRippleV1PRE_z):curr_DOWN_yes",0.185264317794084,0.00107884689071358,0.522662433115404,0.220320086396083
319,"s(curr_lastRippleV1PRE_z):curr_DOWN_yes",0.135618151918338,0.00221594569191933,0.858065287302234,0.501534396233772
320,"s(curr_lastRippleV1PRE_z):curr_DOWN_yes",0.197836024480209,0.00208445023815453,0.976827832179137,0.289737770339956
321,"s(curr_lastRippleV1PRE_z):curr_DOWN_yes",0.42592283293862,0.00376659170776045,1.1355568503071,0.552990061817238
322,"s(curr_lastRippleV1PRE_z):curr_DOWN_yes",0.201193277014365,0.00224505277371982,0.981168045371124,0.475971015484851
323,"s(curr_lastRippleV1PRE_z):curr_DOWN_yes",0.321885433530936,0.0027047123174528,0.708986065355887,0.435347446388223
324,"s(curr_lastRippleV1PRE_z):curr_DOWN_yes",0.222997391051411,0.00220466774048311,0.428604153781611,0.540390852161884
325,"s(curr_lastRippleV1PRE_z):curr_DOWN_yes",0.323505747011956,0.00336620991873897,0.758705425845179,0.892169581732564
326,"s(curr_lastRippleV1PRE_z):curr_DOWN_yes",0.547557671786155,0.00575169844856435,1.35247529774318,1.05164819110271
327,"s(curr_lastRippleV1PRE_z):curr_DOWN_yes",0.594122857071332,0.00508156322776134,0.735637464874744,0.278085420256391
328,"s(curr_lastRippleV1PRE_z):curr_DOWN_yes",0.297543909011316,0.00257450490225353,1.16129928684852,0.587117809368914
329,"s(curr_lastRippleV1PRE_z):curr_DOWN_yes",0.269796021170242,0.00250324323888216,0.740008635433703,0.556009982906525
330,"s(curr_lastRippleV1PRE_z):curr_DOWN_yes",0.3689431950697,0.00399097806462304,1.34443076789887,0.399187746079124
331,"s(curr_lastRippleV1PRE_z):curr_DOWN_yes",0.109292202260252,0.00057896229659204,0.59482802110553,0.195688973673105
332,"s(curr_lastRippleV1PRE_z):curr_DOWN_yes",0.229243255297163,0.00253142919284674,1.10843335138016,0.328174676399161
333,"s(curr_lastRippleV1PRE_z):curr_DOWN_yes",0.0631921749100322,0.000471996959371974,0.322326452423179,0.406355299843466
334,"s(curr_lastRippleV1PRE_z):curr_DOWN_yes",0.396840500581606,0.00299089037997535,0.851008495319203,0.374452984773959
335,"s(curr_lastRippleV1PRE_z):curr_DOWN_yes",0.120345786552793,0.00136173622185402,0.665629986195666,0.230892138465221
336,"s(curr_lastRippleV1PRE_z):curr_DOWN_yes",0.118292477597608,0.00103559072691031,0.446683960984923,0.197650105753329
337,"s(curr_lastRippleV1PRE_z):curr_DOWN_yes",0.268229938586648,0.0037410660971326,1.46987816943121,1.30494100902433
338,"s(curr_lastRippleV1PRE_z):curr_DOWN_yes",0.207280190231598,0.00180574226149877,0.296935328094938,0.201760968333981
339,"s(curr_lastRippleV1PRE_z):curr_DOWN_yes",0.148386987378261,0.000932352893775379,0.385271302444825,0.258061869598785
340,"s(curr_lastRippleV1PRE_z):curr_DOWN_yes",0.271598884757243,0.00290752594464848,1.19701208725314,0.376870590272981
341,"s(curr_lastRippleV1PRE_z):curr_DOWN_yes",0.0847487339231101,0.0009145104003941,0.6556247185359,0.194165577004659
342,"s(curr_lastRippleV1PRE_z):curr_DOWN_yes",0.082915626256459,0.00116330564333724,0.633912568808686,0.69149421262866
343,"s(curr_lastRippleV1PRE_z):curr_DOWN_yes",0.220764418539479,0.00233640996879114,0.992642907515153,0.292620157186788
344,"s(curr_lastRippleV1PRE_z):curr_DOWN_yes",0.129735768936983,0.00132519252522264,0.780523884820162,0.231691828464107
345,"s(curr_lastRippleV1PRE_z):curr_DOWN_yes",0.432019265910053,0.00377556665897982,0.912587008258576,0.46628258927616
346,"s(curr_lastRippleV1PRE_z):curr_DOWN_yes",0.22223479804807,0.00189668500630729,0.763888535198654,0.382198436881132
347,"s(curr_lastRippleV1PRE_z):curr_DOWN_yes",0.146400591950122,0.0012697953163005,0.528114256763455,0.480608595931671
348,"s(curr_lastRippleV1PRE_z):curr_DOWN_yes",0.408897815813289,0.00333022526401391,1.13233850926756,1.31962112406011
349,"s(curr_lastRippleV1PRE_z):curr_DOWN_yes",0.405306078474984,0.00347405758504811,0.757788425814361,0.590469021661352
350,"s(curr_lastRippleV1PRE_z):curr_DOWN_yes",0.324056119845868,0.0030537348753549,0.876382830446472,0.890883893256187
351,"s(curr_lastRippleV1PRE_z):curr_DOWN_yes",0.111329453093481,0.00167299741536505,0.655575496969866,0.642395597462143
352,"s(curr_lastRippleV1PRE_z):curr_DOWN_yes",0.2916574696908,0.00179179427929233,0.694822218271944,0.273918057451571
353,"s(curr_lastRippleV1PRE_z):curr_DOWN_yes",0.185125126391942,0.0009577599545765,0.729476224921084,0.219120612309472
354,"s(curr_lastRippleV1PRE_z):curr_DOWN_yes",0.326903510735844,0.0022890414562694,0.558153396002325,0.219965808506413
355,"s(curr_lastRippleV1PRE_z):curr_DOWN_yes",0.277457222256799,0.00254155659447539,1.05053947493444,0.473708207636067
356,"s(curr_lastRippleV1PRE_z):curr_DOWN_yes",0.18332498934613,0.00102728996175733,0.62681124313862,0.275787830704156
357,"s(curr_lastRippleV1PRE_z):curr_DOWN_yes",0.246386822403797,0.00263898566909751,1.12292864776959,0.333391953717393
358,"s(curr_lastRippleV1PRE_z):curr_DOWN_yes",0.164314404053754,0.00141248911742286,0.586511795910529,0.28781052604537
359,"s(curr_lastRippleV1PRE_z):curr_DOWN_yes",0.201047398140211,0.00154154023077764,0.592659318241077,0.233074793587181
360,"s(curr_lastRippleV1PRE_z):curr_DOWN_yes",0.159034611475369,0.0015782473949024,0.353632633601597,0.724716477591012
361,"s(curr_lastRippleV1PRE_z):curr_DOWN_yes",0.217395045886541,0.00234250987970417,1.01035374780101,0.299409980632282
362,"s(curr_lastRippleV1PRE_z):curr_DOWN_yes",0.219603041118284,0.00174127487153448,0.447567810781516,0.179385320259994
363,"s(curr_lastRippleV1PRE_z):curr_DOWN_yes",0.247577687864958,0.00203787913182059,0.942732403863358,0.305663914656935
364,"s(curr_lastRippleV1PRE_z):curr_DOWN_yes",0.0369204835307722,0.000633964269229691,0.273823896339206,0.486003959408135
365,"s(curr_lastRippleV1PRE_z):curr_DOWN_yes",0.213387764102113,0.00225713372632618,1.01309117296743,0.86654325138543
366,"s(curr_lastRippleV1PRE_z):curr_DOWN_yes",0.143635891070897,0.00107214885943645,0.383660759621002,0.16091075412854
367,"s(curr_lastRippleV1PRE_z):curr_DOWN_yes",0.103634387176671,0.000539844731488598,0.614010462751474,0.197183849735585
368,"s(curr_lastRippleV1PRE_z):curr_DOWN_yes",0.44607470601136,0.00455812717079443,1.43095154852186,0.424496347069394
369,"s(curr_lastRippleV1PRE_z):curr_DOWN_yes",0.334159906446502,0.00450361540452206,0.691201673342528,1.22673831049129
370,"s(curr_lastRippleV1PRE_z):curr_DOWN_yes",0.202934257514846,0.00171441011623029,0.590950416976196,0.221391180297584
371,"s(curr_lastRippleV1PRE_z):curr_DOWN_yes",0.340737960795694,0.00352587008420002,1.24694411732928,0.369480661219846
372,"s(curr_lastRippleV1PRE_z):curr_DOWN_yes",0.233713950230649,0.00245031972015732,0.940629005825017,0.279877491601129
373,"s(curr_lastRippleV1PRE_z):curr_DOWN_yes",0.232155753053039,0.00307609440164981,0.723292916687105,1.40296076211838
374,"s(curr_lastRippleV1PRE_z):curr_DOWN_yes",0.151762536138616,0.00112162628356431,0.393744155894714,0.110596432471747
375,"s(curr_lastRippleV1PRE_z):curr_DOWN_yes",0.427715040978719,0.00546552978957101,1.45005413349127,1.44140036404927
376,"s(curr_lastRippleV1PRE_z):curr_DOWN_yes",0.143687585338831,0.00142882044985036,0.39148375922582,0.233940896533964
377,"s(curr_lastRippleV1PRE_z):curr_DOWN_yes",0.128396444828216,0.00136962279414689,0.80059723318075,0.237571039217248
378,"s(curr_lastRippleV1PRE_z):curr_DOWN_yes",0.167148868995007,0.00223863356098237,0.360038839166204,1.11833107674534
379,"s(curr_lastRippleV1PRE_z):curr_DOWN_yes",0.0963206419984974,0.00100033733395159,0.689201160960401,0.204190876436908
380,"s(curr_lastRippleV1PRE_z):curr_DOWN_yes",0.151591414460214,0.00112833680857713,0.625988695526117,0.18811515308089
381,"s(curr_lastRippleV1PRE_z):curr_DOWN_yes",0.0694035364845567,0.000915586196877898,0.565366889146836,0.47899287317115
382,"s(curr_lastRippleV1PRE_z):curr_DOWN_yes",0.180133299011634,0.00117096214844285,0.407935808090911,0.234475022056012
383,"s(curr_lastRippleV1PRE_z):curr_DOWN_yes",0.294481694120531,0.00199369917321081,0.491096268140497,0.331511098508989
384,"s(curr_lastRippleV1PRE_z):curr_DOWN_yes",0.0986661419561301,0.00056055046819055,0.638405137777614,0.213109421923701
385,"s(curr_lastRippleV1PRE_z):curr_DOWN_yes",0.249893369206025,0.00237425131679567,0.73937769919067,0.259175207871035
386,"s(curr_lastRippleV1PRE_z):curr_DOWN_yes",0.157812452070864,0.00197528578268263,0.346063665109737,0.925518622772513
387,"s(curr_lastRippleV1PRE_z):curr_DOWN_yes",0.085491985403082,0.000631651564525867,0.339746823110421,0.154858666852668
388,"s(curr_lastRippleV1PRE_z):curr_DOWN_yes",0.140538242546694,0.00121157331235582,0.652175266916187,0.569779212746442
389,"s(curr_lastRippleV1PRE_z):curr_DOWN_yes",0.18450659508835,0.00231672232635682,0.945139227231738,0.683448295971793
390,"s(curr_lastRippleV1PRE_z):curr_DOWN_yes",0.125064396174879,0.00112567150375632,0.494873177289883,0.419012208004261
391,"s(curr_lastRippleV1PRE_z):curr_DOWN_yes",0.337279571652022,0.00332156036457229,0.418574357605217,0.690024874164019
392,"s(curr_lastRippleV1PRE_z):curr_DOWN_yes",0.320656101664839,0.00303714405237748,0.902049422823683,0.297139521097211
393,"s(curr_lastRippleV1PRE_z):curr_DOWN_yes",0.161043905016093,0.00162956802765234,0.891718146261755,0.265231788871135
394,"s(curr_lastRippleV1PRE_z):curr_DOWN_yes",0.16819245659417,0.00116155162495306,0.267390977445713,0.0734752018120168
395,"s(curr_lastRippleV1PRE_z):curr_DOWN_yes",0.229030977553541,0.00246863569898836,0.899498508648131,0.267088386968176
396,"s(curr_lastRippleV1PRE_z):curr_DOWN_yes",0.374911583739453,0.0027993129065505,0.955829891297179,0.502980857565642
397,"s(curr_lastRippleV1PRE_z):curr_DOWN_yes",0.138059776077619,0.00244083511820455,0.849463966913212,1.04477931037649
398,"s(curr_lastRippleV1PRE_z):curr_DOWN_yes",0.0196852955398583,0.000276840740581949,0.259755522072972,0.229165997421798
399,"s(curr_lastRippleV1PRE_z):curr_DOWN_yes",0.115720022746322,0.00204742605743594,0.979494897249571,0.290123275643565
400,"s(curr_lastRippleV1PRE_z):curr_DOWN_yes",0.0763772958590359,0.000866007675077183,0.615883478023389,0.183083171808028
401,"s(curr_lastRippleV1PRE_z):curr_DOWN_yes",0.136042588686857,0.00148384895041247,0.889792994107146,0.263410254084328
402,"s(curr_lastRippleV1PRE_z):curr_DOWN_yes",0.300183623559257,0.00322999766130834,1.19756919560054,0.422028375836022
403,"s(curr_lastRippleV1PRE_z):curr_DOWN_yes",0.0360857954695799,0.000373142818670224,0.354087016826189,0.105003398858062
404,"s(curr_lastRippleV1PRE_z):curr_DOWN_yes",0.172257125559805,0.00196899331998881,0.927509090932182,0.274583249040196
405,"s(curr_lastRippleV1PRE_z):curr_DOWN_yes",0.131290489194624,0.000949272140029133,0.236781309287441,0.0825957964968423
406,"s(curr_lastRippleV1PRE_z):curr_DOWN_yes",0.321865606193856,0.00245678158465301,1.46044305695158,0.346484027198747
407,"s(curr_lastRippleV1PRE_z):curr_DOWN_yes",0.161325162658146,0.00169421495321275,0.859576307235977,0.254591508777333
408,"s(curr_lastRippleV1PRE_z):curr_DOWN_yes",0.192256702634526,0.00140770553168802,0.407636522428552,0.143710429583989
409,"s(curr_lastRippleV1PRE_z):curr_DOWN_yes",0.124276187475436,0.00210227952064076,0.646233056039326,1.14251522888033
410,"s(curr_lastRippleV1PRE_z):curr_DOWN_yes",0.172248545313597,0.0018394687494689,0.819334727685423,0.244412457558925
411,"s(curr_lastRippleV1PRE_z):curr_DOWN_yes",0.250570322889746,0.00205227192843679,0.778315907510533,0.285228217971636
412,"s(curr_lastRippleV1PRE_z):curr_DOWN_yes",0.298429633886486,0.0032709732972777,1.14359506770872,0.345169659493625
413,"s(curr_lastRippleV1PRE_z):curr_DOWN_yes",0.139927796411112,0.00191646534083546,0.822984744529523,0.708534358829764
414,"s(curr_lastRippleV1PRE_z):curr_DOWN_yes",0.114746790945023,0.00124954005037898,0.773284250714202,0.229411368938604
415,"s(curr_lastRippleV1PRE_z):curr_DOWN_yes",0.333957134879156,0.00436215199900185,0.941148387465549,1.34742876689375
416,"s(curr_lastRippleV1PRE_z):curr_DOWN_yes",0.296645002918619,0.00286257653060271,0.568351468493886,0.928184871306416
417,"s(curr_lastRippleV1PRE_z):curr_DOWN_yes",0.146663604066929,0.00218411912794246,1.04258993718099,0.309136094901507
418,"s(curr_lastRippleV1PRE_z):curr_DOWN_yes",0.107227321206303,0.00158809247212391,0.758932204000632,0.650027192947295
419,"s(curr_lastRippleV1PRE_z):curr_DOWN_yes",0.18937839967417,0.00199750491053725,0.940514301349471,0.279271227515556
420,"s(curr_lastRippleV1PRE_z):curr_DOWN_yes",0.38110713872164,0.0029473318952843,0.755694637641255,0.4744373391173
421,"s(curr_lastRippleV1PRE_z):curr_DOWN_yes",0.124843335428065,0.00138662874742402,0.810621114248353,0.301304647288236
422,"s(curr_lastRippleV1PRE_z):curr_DOWN_yes",0.276539057523365,0.00265941087548304,0.859494277019032,0.411694913263668
423,"s(curr_lastRippleV1PRE_z):curr_DOWN_yes",0.202267555665672,0.00208593385793471,0.959983990799479,0.284883013303022
424,"s(curr_lastRippleV1PRE_z):curr_DOWN_yes",0.105413425764368,0.00116991458262135,0.745905076359918,0.221030531899319
425,"s(curr_lastRippleV1PRE_z):curr_DOWN_yes",0.197094844355754,0.00251592144534285,0.993110595161134,0.863857898400659
426,"s(curr_lastRippleV1PRE_z):curr_DOWN_yes",0.121907606497446,0.000915536106650489,0.608398737146154,0.233857525165678
427,"s(curr_lastRippleV1PRE_z):curr_DOWN_yes",0.181393811034759,0.00130797186376214,0.504373187737517,0.323509447479106
428,"s(curr_lastRippleV1PRE_z):curr_DOWN_yes",0.357144923564403,0.00284609317678739,0.455486761806883,0.221472868777857
429,"s(curr_lastRippleV1PRE_z):curr_DOWN_yes",0.288159371867344,0.00282280122168024,0.491985329091628,0.95156941194804
430,"s(curr_lastRippleV1PRE_z):curr_DOWN_yes",0.448729766634165,0.00404623306341243,0.673205902443029,0.423701528359091
431,"s(curr_lastRippleV1PRE_z):curr_DOWN_yes",0.0399796617222199,0.000397244189486112,0.361435018334624,0.107739438468433
432,"s(curr_lastRippleV1PRE_z):curr_DOWN_yes",0.301475969186152,0.0019033000745644,0.946540800026363,0.903393230399612
433,"s(curr_lastRippleV1PRE_z):curr_DOWN_yes",0.223262401601236,0.00193089003033669,0.59698414562585,0.237124215976836
434,"s(curr_lastRippleV1PRE_z):curr_DOWN_yes",0.16272426503127,0.00176851874065113,0.890461349190906,0.264772269579329
435,"s(curr_lastRippleV1PRE_z):curr_DOWN_yes",0.188097054231363,0.00239106041620889,1.00279740348164,0.58112110298012
436,"s(curr_lastRippleV1PRE_z):curr_DOWN_yes",0.379579810433575,0.00347863189238237,1.11163596502872,0.545559481490952
437,"s(curr_lastRippleV1PRE_z):curr_DOWN_yes",0.347093545795273,0.00280431875998307,2.72978104757921,0.772403219491835
438,"s(curr_lastRippleV1PRE_z):curr_DOWN_yes",0.114620426914283,0.00190668975871082,0.458552665251707,0.948843796847853
439,"s(curr_lastRippleV1PRE_z):curr_DOWN_yes",0.0741476009191793,0.00037076811126584,0.465674948511652,0.182862487570395
440,"s(curr_lastRippleV1PRE_z):curr_DOWN_yes",0.217019497570586,0.00233781281158865,0.988483035672954,0.335986595873365
441,"s(curr_lastRippleV1PRE_z):curr_DOWN_yes",0.240007519614873,0.00240188225058484,1.11756983590156,0.330268055807208
442,"s(curr_lastRippleV1PRE_z):curr_DOWN_yes",0.18707257693904,0.00104760935890702,0.608915421360335,0.32923756863749
443,"s(curr_lastRippleV1PRE_z):curr_DOWN_yes",0.362682643301372,0.00325336015638407,0.818481242157481,0.388514424401176
444,"s(curr_lastRippleV1PRE_z):curr_DOWN_yes",0.219072374166358,0.00233372522330861,1.06819428529023,0.316005877352416
445,"s(curr_lastRippleV1PRE_z):curr_DOWN_yes",0.281480237025109,0.00194954337789821,0.545356363844686,0.963077849228303
446,"s(curr_lastRippleV1PRE_z):curr_DOWN_yes",0.204837695149231,0.00250675773289708,1.08193670747727,0.322080865879931
447,"s(curr_lastRippleV1PRE_z):curr_DOWN_yes",0.119897923481745,0.00121113407049634,0.757643171656688,0.224359549903787
448,"s(curr_lastRippleV1PRE_z):curr_DOWN_yes",0.0730093147128468,0.000798217054204644,0.625180469384045,0.18544063106054
449,"s(curr_lastRippleV1PRE_z):curr_DOWN_yes",0.190317574892869,0.00156443511920667,0.36675306594473,0.452466298411879
450,"s(curr_lastRippleV1PRE_z):curr_DOWN_yes",0.240104477164587,0.00208499791569586,0.395198138018928,0.149265112852392
451,"s(curr_lastRippleV1PRE_z):curr_DOWN_yes",0.22167979040258,0.00280091117052982,1.03116294680218,0.766984345928742
452,"s(curr_lastRippleV1PRE_z):curr_DOWN_yes",0.222795109119882,0.00177724561905532,0.282882182839977,0.147982292641245
453,"s(curr_lastRippleV1PRE_z):curr_DOWN_yes",0.170743727218992,0.00162882573254763,0.821056958514244,0.497821716364421
454,"s(curr_lastRippleV1PRE_z):curr_DOWN_yes",0.187810057599219,0.00317653824221147,0.981759316502419,1.51177318696016
455,"s(curr_lastRippleV1PRE_z):curr_DOWN_yes",0.154897380114676,0.00167839303018367,0.902412048375125,0.347438153895167
456,"s(curr_lastRippleV1PRE_z):curr_DOWN_yes",0.0530627142249562,0.000591441139407121,0.544618300393574,0.161378392391197
457,"s(curr_lastRippleV1PRE_z):curr_DOWN_yes",0.230162106045506,0.00206326576677622,0.769583827457013,0.364624282202391
458,"s(curr_lastRippleV1PRE_z):curr_DOWN_yes",0.235583022219303,0.00206888182157799,1.14521296681515,0.365814885237315
459,"s(curr_lastRippleV1PRE_z):curr_DOWN_yes",0.39298228962882,0.00337367005051103,0.620251404951798,0.273789864180545
460,"s(curr_lastRippleV1PRE_z):curr_DOWN_yes",0.142722996299238,0.00118665496082942,0.656548997937866,0.372305385547332
461,"s(curr_lastRippleV1PRE_z):curr_DOWN_yes",0.223939676491409,0.00289331354382741,1.10690158886367,0.713022788689544
462,"s(curr_lastRippleV1PRE_z):curr_DOWN_yes",0.292385665934151,0.00313050497573414,1.15756197262235,0.553366384147962
463,"s(curr_lastRippleV1PRE_z):curr_DOWN_yes",0.119589258744635,0.00174404823765663,0.763875906029689,0.553957946426055
464,"s(curr_lastRippleV1PRE_z):curr_DOWN_yes",0.329429446878529,0.00298322130216904,0.882782179426651,0.389716204846681
465,"s(curr_lastRippleV1PRE_z):curr_DOWN_yes",0.277276979163626,0.00295132524534566,0.974873639153631,0.67019836002497
466,"s(curr_lastRippleV1PRE_z):curr_DOWN_yes",0.140017607457654,0.00143133114827292,0.799109614422167,0.23707887005208
467,"s(curr_lastRippleV1PRE_z):curr_DOWN_yes",0.171345602341666,0.000874703082337091,1.47147017820353,0.572053536790896
468,"s(curr_lastRippleV1PRE_z):curr_DOWN_yes",0.289035097054739,0.00348831098820224,1.14311375819796,0.652865710103912
469,"s(curr_lastRippleV1PRE_z):curr_DOWN_yes",0.112452909462409,0.00112828861575333,0.750402664934498,0.221872636214926
470,"s(curr_lastRippleV1PRE_z):curr_DOWN_yes",0.172660953395646,0.00180038032423962,0.926914330133806,0.274954993884949
471,"s(curr_lastRippleV1PRE_z):curr_DOWN_yes",0.291181897225518,0.00306091957582218,1.24234310831369,0.367911337504324
472,"s(curr_lastRippleV1PRE_z):curr_DOWN_yes",0.133550437088444,0.0022920016861159,0.807001346551775,0.832965579723316
473,"s(curr_lastRippleV1PRE_z):curr_DOWN_yes",0.148749715462485,0.00122915817643706,0.42225606323643,0.147006699208634
474,"s(curr_lastRippleV1PRE_z):curr_DOWN_yes",0.165456083779772,0.00140408404549558,0.718479609922036,0.291607617077113
475,"s(curr_lastRippleV1PRE_z):curr_DOWN_yes",0.376744776503853,0.00311924003488655,0.369067901125753,0.144295555076792
476,"s(curr_lastRippleV1PRE_z):curr_DOWN_yes",0.460606030520782,0.00415028801229382,1.23720924760308,0.569304109058023
477,"s(curr_lastRippleV1PRE_z):curr_DOWN_yes",0.196242846520933,0.00159154381531788,0.255161826748802,0.166913508874538
478,"s(curr_lastRippleV1PRE_z):curr_DOWN_yes",0.0965973951147188,0.00118418010675405,0.681158621105697,0.352439203776284
479,"s(curr_lastRippleV1PRE_z):curr_DOWN_yes",0.228132377153043,0.00174733864911468,0.490793349495548,0.23725038226064
480,"s(curr_lastRippleV1PRE_z):curr_DOWN_yes",0.230191975580781,0.00249766187144222,1.01327819619327,0.300957052916121
481,"s(curr_lastRippleV1PRE_z):curr_DOWN_yes",0.181826419828533,0.00195727897205795,0.941929825225966,0.387160772705264
482,"s(curr_lastRippleV1PRE_z):curr_DOWN_yes",0.271356584331512,0.00317406490526856,1.16160912210833,0.536781744423213
483,"s(curr_lastRippleV1PRE_z):curr_DOWN_yes",0.257258899187101,0.00278701341983549,1.20121162189068,0.356302022208307
484,"s(curr_lastRippleV1PRE_z):curr_DOWN_yes",0.0472232394284458,0.000519758740396996,0.487334883933576,0.144535765217763
485,"s(curr_lastRippleV1PRE_z):curr_DOWN_yes",0.0671959088002021,0.000712564519650447,0.58077462336643,0.17260496959135
486,"s(curr_lastRippleV1PRE_z):curr_DOWN_yes",0.105067070048957,0.0010714884872492,0.718205151904874,0.213040850930785
487,"s(curr_lastRippleV1PRE_z):curr_DOWN_yes",0.395586741369677,0.00367543795987071,1.01721390616547,0.476554074363647
488,"s(curr_lastRippleV1PRE_z):curr_DOWN_yes",0.118998052684177,0.000862793617879708,0.215081341338131,0.0956808575746984
489,"s(curr_lastRippleV1PRE_z):curr_DOWN_yes",0.282514098288406,0.00298990156131455,1.22630104967308,0.363717965151302
490,"s(curr_lastRippleV1PRE_z):curr_DOWN_yes",0.19533306616966,0.00256797908468252,1.00409617305628,0.693261759876044
491,"s(curr_lastRippleV1PRE_z):curr_DOWN_yes",0.342101115690072,0.00336972918757863,0.502423121039337,0.451347172215591
492,"s(curr_lastRippleV1PRE_z):curr_DOWN_yes",0.151962728498593,0.00131685611947587,0.704665638869406,0.436185588004271
493,"s(curr_lastRippleV1PRE_z):curr_DOWN_yes",0.0936420294412503,0.00102893858163572,0.694725724348263,0.206393395456476
494,"s(curr_lastRippleV1PRE_z):curr_DOWN_yes",0.176105514664564,0.00155718857016585,0.791088729714887,0.315787107588104
495,"s(curr_lastRippleV1PRE_z):curr_DOWN_yes",0.349211880998598,0.00303095780355972,0.863684450576603,0.362071857072013
496,"s(curr_lastRippleV1PRE_z):curr_DOWN_yes",0.187445746931296,0.00190434448627229,0.962872465438234,0.28556265184504
497,"s(curr_lastRippleV1PRE_z):curr_DOWN_yes",0.257015880858861,0.00275710377539782,1.15437614714981,0.342348686101943
498,"s(curr_lastRippleV1PRE_z):curr_DOWN_yes",0.410487895844359,0.0034297818268188,0.434398617462203,0.164379140845609
499,"s(curr_lastRippleV1PRE_z):curr_DOWN_yes",0.238651873373795,0.0022078894540749,0.854163939978069,0.544339549215385
500,"s(curr_lastRippleV1PRE_z):curr_DOWN_yes",0.324263643055012,0.00301779444710599,0.766350747078541,0.510963231030087
501,"s(curr_lastRippleV1PRE_z):curr_DOWN_yes",0.154058599355143,0.000996756616329042,0.316664755694247,0.104287026017536
502,"s(curr_lastRippleV1PRE_z):curr_DOWN_yes",0.164590573045734,0.000968394488766628,0.318570719791918,0.163268548330262
503,"s(curr_lastRippleV1PRE_z):curr_DOWN_yes",0.125704148674063,0.00137993401253898,0.785699049085497,0.233183251310457
504,"s(curr_lastRippleV1PRE_z):curr_DOWN_yes",0.260724185666509,0.00318805570895135,1.01104887582204,0.884532293961338
505,"s(curr_lastRippleV1PRE_z):curr_DOWN_yes",0.0626596925728418,0.000703151504291353,0.563333238155748,0.167779482143512
506,"s(curr_lastRippleV1PRE_z):curr_DOWN_yes",0.123954406729655,0.00179255438872751,0.312303408520803,1.10504236311858
507,"s(curr_lastRippleV1PRE_z):curr_DOWN_yes",0.360191535821311,0.0034304837927562,0.634221624479985,0.657756498641164
508,"s(curr_lastRippleV1PRE_z):curr_DOWN_yes",0.0705080447662594,0.000736138144245679,0.603245088848324,0.178997974781151
509,"s(curr_lastRippleV1PRE_z):curr_DOWN_yes",0.364335045939145,0.00318766827836567,0.723001573848387,0.366045865354542
510,"s(curr_lastRippleV1PRE_z):curr_DOWN_yes",0.202214912638651,0.00100619074639645,0.815286442104889,0.25862845737235
511,"s(curr_lastRippleV1PRE_z):curr_DOWN_yes",0.186196344174571,0.00248509126209684,1.07483147763584,0.533940966642401
512,"s(curr_lastRippleV1PRE_z):curr_DOWN_yes",0.304796128428226,0.00280557824477883,0.427070254822335,0.352171854283277
513,"s(curr_lastRippleV1PRE_z):curr_DOWN_yes",0.272765971836654,0.00254945453561576,0.60882254818668,0.538267248503549
514,"s(curr_lastRippleV1PRE_z):curr_DOWN_yes",0.078279965636141,0.000925102758213399,0.585161054133855,0.209792807050228
515,"s(curr_lastRippleV1PRE_z):curr_DOWN_yes",0.162187213693974,0.00173526170089731,0.912110389526943,0.269978966756911
516,"s(curr_lastRippleV1PRE_z):curr_DOWN_yes",0.462440039635015,0.00488498006194552,1.08663015047363,1.2323324106974
517,"s(curr_lastRippleV1PRE_z):curr_DOWN_yes",0.195955576739801,0.00201874900604198,1.02111197455196,0.308875204998979
518,"s(curr_lastRippleV1PRE_z):curr_DOWN_yes",0.306767880312884,0.00321285628260275,1.07604670407845,0.321259382452736
519,"s(curr_lastRippleV1PRE_z):curr_DOWN_yes",0.212658518253774,0.00228804287958778,0.543567308170825,1.01882018971732
520,"s(curr_lastRippleV1PRE_z):curr_DOWN_yes",0.170367457052214,0.00136655823789335,0.530979940959647,0.241831152080699
521,"s(curr_lastRippleV1PRE_z):curr_DOWN_yes",0.150981601494492,0.0015155106848962,0.836471347607734,0.248394485972491
522,"s(curr_lastRippleV1PRE_z):curr_DOWN_yes",0.408382691185002,0.00435356748501042,1.45684549756469,0.431702080133903
523,"s(curr_lastRippleV1PRE_z):curr_DOWN_yes",0.389511032436143,0.00344260653789041,0.539966881507386,0.503296507992255
524,"s(curr_lastRippleV1PRE_z):curr_DOWN_yes",0.285975655102075,0.00188619726925836,0.663056588968692,0.252424763759772
525,"s(curr_lastRippleV1PRE_z):curr_DOWN_yes",0.326380650415504,0.0027726742839698,0.795768685502311,0.407542811551386
526,"s(curr_lastRippleV1PRE_z):curr_DOWN_yes",0.136489776190536,0.00112878635435267,0.749174712223893,0.2692512814139
527,"s(curr_lastRippleV1PRE_z):curr_DOWN_yes",0.142062718643817,0.00140178946397691,0.813544810841611,0.242368652919314
528,"s(curr_lastRippleV1PRE_z):curr_DOWN_yes",0.119963561763828,0.00101233743411645,0.464468789930044,0.170059844747328
529,"s(curr_lastRippleV1PRE_z):curr_DOWN_yes",0.243445933927418,0.00246721126526706,1.07661671909412,0.319662960177506
530,"s(curr_lastRippleV1PRE_z):curr_DOWN_yes",0.231629700562887,0.00232098746969692,0.560783126232655,0.713482334139956
531,"s(curr_lastRippleV1PRE_z):curr_DOWN_yes",0.216926917380425,0.00325844927621616,1.0641469491761,0.951847831356443
532,"s(curr_lastRippleV1PRE_z):curr_DOWN_yes",0.24069552505954,0.00263786693892407,1.12661200310104,0.335266086605357
533,"s(curr_lastRippleV1PRE_z):curr_DOWN_yes",0.0431422755042048,0.000966254219711323,0.3945141183587,0.686447643003022
534,"s(curr_lastRippleV1PRE_z):curr_DOWN_yes",0.348906922578612,0.00448252742562893,0.487110829223812,1.48926208547509
535,"s(curr_lastRippleV1PRE_z):curr_DOWN_yes",0.0458680782806766,0.00157145370086692,0.799139798955251,0.607068824987552
536,"s(curr_lastRippleV1PRE_z):curr_DOWN_yes",0.30324252954394,0.00215848374069838,0.578706895328225,0.374401477826101
537,"s(curr_lastRippleV1PRE_z):curr_DOWN_yes",0.154312162461845,0.00186776756104787,0.880514200920847,0.632660410902344
538,"s(curr_lastRippleV1PRE_z):curr_DOWN_yes",0.176596239832013,0.00275001707845887,0.957357522187891,0.86466852835573
539,"s(curr_lastRippleV1PRE_z):curr_DOWN_yes",0.265762649283872,0.00284266402899892,1.11796010353898,0.332360205947724
540,"s(curr_lastRippleV1PRE_z):curr_DOWN_yes",0.159529565876653,0.00219359129776071,0.896281464537739,0.68900367681791
541,"s(curr_lastRippleV1PRE_z):curr_DOWN_yes",0.288370911527872,0.00309635485572651,1.19870839724361,0.356659375332973
542,"s(curr_lastRippleV1PRE_z):curr_DOWN_yes",0.010270785608764,0.000112754895378612,0.228204030533081,0.0678642664570548
543,"s(curr_lastRippleV1PRE_z):curr_DOWN_yes",0.148782713572939,0.00163477203616101,0.847619283370527,0.252007280794877
544,"s(curr_lastRippleV1PRE_z):curr_DOWN_yes",0.1704168568316,0.00247236752782498,0.876810761956685,0.950833469578297
545,"s(curr_lastRippleV1PRE_z):curr_DOWN_yes",0.127468999021427,0.00197908362152734,0.801855935161571,1.63374590484526
546,"s(curr_lastRippleV1PRE_z):curr_DOWN_yes",0.082713537582527,0.000948608551007105,0.643149492628417,0.240216122188981
547,"s(curr_lastRippleV1PRE_z):curr_DOWN_yes",0.224395816280153,0.00177660973096305,0.514390728494493,0.187291229317477
548,"s(curr_lastRippleV1PRE_z):curr_DOWN_yes",0.503229944683723,0.0044063532379665,1.54940282813756,0.57144599352446
549,"s(curr_lastRippleV1PRE_z):curr_DOWN_yes",0.452630528652288,0.0042731495873906,0.810186604500854,0.759832354977156
550,"s(curr_lastRippleV1PRE_z):curr_DOWN_yes",0.303444699584489,0.00356741462461513,0.54903950160767,0.915418459243361
551,"s(curr_lastRippleV1PRE_z):curr_DOWN_yes",0.0821372060028969,0.000904226228366066,0.619311915763624,0.246789752167692
552,"s(curr_lastRippleV1PRE_z):curr_DOWN_yes",0.217761495779395,0.00228646760238783,1.04737757746743,0.311047669047152
553,"s(curr_lastRippleV1PRE_z):curr_DOWN_yes",0.107292483856197,0.000892875438796882,0.453390509895587,0.208437951680984
554,"s(curr_lastRippleV1PRE_z):curr_DOWN_yes",0.195360404172517,0.00259934051754727,0.994031032027812,0.956503036815404
555,"s(curr_lastRippleV1PRE_z):curr_DOWN_yes",0.3095103108505,0.00395870060411298,0.948084249166673,1.24106794305148
556,"s(curr_lastRippleV1PRE_z):curr_DOWN_yes",0.213106480308604,0.00228931633192773,1.0622550456717,0.315496860506367
557,"s(curr_lastRippleV1PRE_z):curr_DOWN_yes",0.114244455674917,0.00130686745872865,0.757440261188123,0.2245189303856
558,"s(curr_lastRippleV1PRE_z):curr_DOWN_yes",0.204390142977612,0.00219650668423665,0.538380241239013,0.797783273285642
559,"s(curr_lastRippleV1PRE_z):curr_DOWN_yes",0.14848910852843,0.00159671388927845,0.865104977817719,0.255831174015822
560,"s(curr_lastRippleV1PRE_z):curr_DOWN_yes",0.0818334104177101,0.000658101138362054,0.54713132126909,0.249084073032748
561,"s(curr_lastRippleV1PRE_z):curr_DOWN_yes",0.0418874408420757,0.00148240311787667,0.481743915461339,0.920914349466695
562,"s(curr_lastRippleV1PRE_z):curr_DOWN_yes",0.202454424517752,0.00210693749223941,0.981655034112891,0.291214988411361
563,"s(curr_lastRippleV1PRE_z):curr_DOWN_yes",0.0247272274614732,0.000986332389539057,0.313717079466664,0.689947557224701
564,"s(curr_lastRippleV1PRE_z):curr_DOWN_yes",0.160259984579696,0.000472634035311718,0.886917729915987,0.267059673234043
565,"s(curr_lastRippleV1PRE_z):curr_DOWN_yes",0.140344789725313,0.00149684504853211,0.850456283088599,0.252271287633265
566,"s(curr_lastRippleV1PRE_z):curr_DOWN_yes",0.238369135460019,0.00253966849848149,1.04256581860378,0.310557924876319
567,"s(curr_lastRippleV1PRE_z):curr_DOWN_yes",0.359097702336891,0.00549963785763143,0.925091611897613,1.94416647754651
568,"s(curr_lastRippleV1PRE_z):curr_DOWN_yes",0.0789214114257888,0.000840183246873101,0.584876368020394,0.174364068346462
569,"s(curr_lastRippleV1PRE_z):curr_DOWN_yes",0.226866208909065,0.00241560563554651,1.06586721794405,0.33691366523321
570,"s(curr_lastRippleV1PRE_z):curr_DOWN_yes",0.0522695603322143,0.000570104805689779,0.50305592928805,0.149339639276441
571,"s(curr_lastRippleV1PRE_z):curr_DOWN_yes",0.19145717339559,0.00167042399215219,0.671626847706827,0.288338885001102
572,"s(curr_lastRippleV1PRE_z):curr_DOWN_yes",0.0872707651443623,0.000631324522293303,0.427385542574009,0.156912313509415
573,"s(curr_lastRippleV1PRE_z):curr_DOWN_yes",0.2162407565422,0.00214487309121293,0.589713688503709,0.60900455146056
574,"s(curr_lastRippleV1PRE_z):curr_DOWN_yes",0.240916757178399,0.00306677267203027,1.17948665584464,0.812079946763983
575,"s(curr_lastRippleV1PRE_z):curr_DOWN_yes",0.115958950321606,0.000800813545133745,0.19497957411365,0.177933463840243
576,"s(curr_lastRippleV1PRE_z):curr_DOWN_yes",0.315138709356356,0.0033781511444352,1.25431386941818,0.371287014019041
577,"s(curr_lastRippleV1PRE_z):curr_DOWN_yes",0.207472515319668,0.00186956159962755,0.476873232416074,0.523669476686395
578,"s(curr_lastRippleV1PRE_z):curr_DOWN_yes",0.15259233048608,0.00133488621823308,0.587618258606412,0.264931860936836
579,"s(curr_lastRippleV1PRE_z):curr_DOWN_yes",0.345138039287285,0.00251008042230433,0.732883468157849,0.271114231940455
580,"s(curr_lastRippleV1PRE_z):curr_DOWN_yes",0.125185331898124,0.00133505121121933,0.773049232391687,0.228672535716458
581,"s(curr_lastRippleV1PRE_z):curr_DOWN_yes",0.136326338511914,0.00189403076204341,0.833700614020913,0.727590543561638
582,"s(curr_lastRippleV1PRE_z):curr_DOWN_yes",0.144952273996739,0.00178322386403576,0.855125484207379,0.514266409991548
583,"s(curr_lastRippleV1PRE_z):curr_DOWN_yes",0.334125301885032,0.00285286799287928,0.692663490077424,0.290343925129325
584,"s(curr_lastRippleV1PRE_z):curr_DOWN_yes",0.337188374293708,0.00324183487593118,1.12542799188482,0.807232925222184
585,"s(curr_lastRippleV1PRE_z):curr_DOWN_yes",0.210025318589488,0.00225699201313134,0.239808036331942,0.523631153813001
586,"s(curr_lastRippleV1PRE_z):curr_DOWN_yes",0.305284323827779,0.00392016730770833,1.05071779421462,1.3333568641829
587,"s(curr_lastRippleV1PRE_z):curr_DOWN_yes",0.193118085753929,0.00206416028925173,0.956166683181443,0.293929225218756
588,"s(curr_lastRippleV1PRE_z):curr_DOWN_yes",0.119979962181818,0.00133686294469448,0.740289123753634,0.219632393283033
589,"s(curr_lastRippleV1PRE_z):curr_DOWN_yes",0.229152964471604,0.00190210372861343,0.818624970167836,0.24451020794868
590,"s(curr_lastRippleV1PRE_z):curr_DOWN_yes",0.181652803151181,0.00304099437649343,0.937488427796334,1.14296129622433
591,"s(curr_lastRippleV1PRE_z):curr_DOWN_yes",0.137974732227629,0.00109912419276704,0.213916156173751,0.0817765218449566
592,"s(curr_lastRippleV1PRE_z):curr_DOWN_yes",0.22499473463541,0.00236963616345263,1.06814856123122,0.317123278931716
593,"s(curr_lastRippleV1PRE_z):curr_DOWN_yes",0.200913632655767,0.00247841700959134,0.992535881641328,0.54174016164029
594,"s(curr_lastRippleV1PRE_z):curr_DOWN_yes",0.330892951024603,0.00280461910501664,0.579748495175499,0.160939018710357
595,"s(curr_lastRippleV1PRE_z):curr_DOWN_yes",0.125240247541219,0.00104008439385689,0.421872785198093,0.164916761406267
596,"s(curr_lastRippleV1PRE_z):curr_DOWN_yes",0.21815869592072,0.00231509475081687,1.02054654163119,0.303297232926747
597,"s(curr_lastRippleV1PRE_z):curr_DOWN_yes",0.424316896599756,0.00390800962275824,1.06904263995477,0.607506526158425
598,"s(curr_lastRippleV1PRE_z):curr_DOWN_yes",0.286221111017335,0.00361708990480658,1.19120407841408,0.842104505467576
599,"s(curr_lastRippleV1PRE_z):curr_DOWN_yes",0.455031155881325,0.00399619706196569,0.840762087043872,0.5074320810684
600,"s(curr_lastRippleV1PRE_z):curr_DOWN_yes",0.156198580925516,0.00273321320377324,0.888234175842821,0.950674150550386
601,"s(curr_lastRippleV1PRE_z):curr_DOWN_yes",0.237127171721837,0.00256941628846467,1.1140659980703,0.329983659756706
602,"s(curr_lastRippleV1PRE_z):curr_DOWN_yes",0.08068130927869,0.000852583192352077,0.633265876678278,0.188293889931175
603,"s(curr_lastRippleV1PRE_z):curr_DOWN_yes",0.258706008835141,0.00159222476132213,0.345951666198962,0.118897376476232
604,"s(curr_lastRippleV1PRE_z):curr_DOWN_yes",0.232501005165005,0.00243659395160572,1.07837515554499,0.319991771933791
605,"s(curr_lastRippleV1PRE_z):curr_DOWN_yes",0.108656642742268,0.00395802382256868,0.756443295060948,1.65389881000578
606,"s(curr_lastRippleV1PRE_z):curr_DOWN_yes",0.125036487546566,0.00057449767973115,0.523144390560163,0.155348892433089
607,"s(curr_lastRippleV1PRE_z):curr_DOWN_yes",0.254222672418672,0.00363621213725174,0.793032534733503,1.06358312587281
608,"s(curr_lastRippleV1PRE_z):curr_DOWN_yes",0.383057849507905,0.00318258016733801,0.965854555682763,0.886558941437391
609,"s(curr_lastRippleV1PRE_z):curr_DOWN_yes",0.227146987099062,0.00170262664585162,0.615396715554711,0.333256854559155
610,"s(curr_lastRippleV1PRE_z):curr_DOWN_yes",0.48046134624886,0.0044830340605489,0.517260514699664,0.673279000053645
611,"s(curr_lastRippleV1PRE_z):curr_DOWN_yes",0.198506137293531,0.0017894839167016,0.674316833239313,0.691852365826836
612,"s(curr_lastRippleV1PRE_z):curr_DOWN_yes",0.177126943753097,0.00194181732846957,0.954361590124427,0.282777189508714
613,"s(curr_lastRippleV1PRE_z):curr_DOWN_yes",0.0519928689626221,0.000799441129024846,0.494210902896635,0.536403798598488
614,"s(curr_lastRippleV1PRE_z):curr_DOWN_yes",0.371763406772007,0.00302105242078911,0.743086774580288,0.410094036182313
615,"s(curr_lastRippleV1PRE_z):curr_DOWN_yes",0.172659523900085,0.00127562953085859,0.717726174607184,0.223854856122296
616,"s(curr_lastRippleV1PRE_z):curr_DOWN_yes",0.0863479357018608,0.000957368123680317,0.672532165587514,0.199766219056037
617,"s(curr_lastRippleV1PRE_z):curr_DOWN_yes",0.262969663059269,0.00275400252759716,1.13031563131536,0.469631083234252
618,"s(curr_lastRippleV1PRE_z):curr_DOWN_yes",0.287748999472957,0.00283884468080948,1.11313380933595,0.696199627501501
619,"s(curr_lastRippleV1PRE_z):curr_DOWN_yes",0.113514035346882,0.00127413108011265,0.773323086166002,0.229591704257187
620,"s(curr_lastRippleV1PRE_z):curr_DOWN_yes",0.154917277969439,0.00168071423595261,0.875864398709143,0.26010496913436
621,"s(curr_lastRippleV1PRE_z):curr_DOWN_yes",0.176824963780134,0.00149767283710825,0.349427438291543,0.104172245183374
622,"s(curr_lastRippleV1PRE_z):curr_DOWN_yes",0.287808864744998,0.0024932326380921,0.475353648574664,0.20223172202293
623,"s(curr_lastRippleV1PRE_z):curr_DOWN_yes",0.226589502014063,0.00213843084774721,0.613400576704443,0.165246388311564
624,"s(curr_lastRippleV1PRE_z):curr_DOWN_yes",0.353842529955029,0.00284587752523126,0.785204001798827,0.32174870593162
625,"s(curr_lastRippleV1PRE_z):curr_DOWN_yes",0.382400391600421,0.00350882197929526,0.559617229918737,0.454005063000149
626,"s(curr_lastRippleV1PRE_z):curr_DOWN_yes",0.10573870756458,0.00121884996726237,0.738273538872715,0.219101024297423
627,"s(curr_lastRippleV1PRE_z):curr_DOWN_yes",0.231704127385232,0.00198627429226138,0.900950260407508,0.319717112508802
628,"s(curr_lastRippleV1PRE_z):curr_DOWN_yes",0.111897487214955,0.00103465430800626,0.583739723284987,0.311435192616531
629,"s(curr_lastRippleV1PRE_z):curr_DOWN_yes",0.191607563162483,0.00148241444659696,0.81835728129241,0.283317003564704
630,"s(curr_lastRippleV1PRE_z):curr_DOWN_yes",0.191673581925714,0.00214477846684293,1.03843336738802,0.3076396013441
631,"s(curr_lastRippleV1PRE_z):curr_DOWN_yes",0.232008811783652,0.00255716963851144,1.05111958526248,0.442325162345526
632,"s(curr_lastRippleV1PRE_z):curr_DOWN_yes",0.199119302334398,0.00155566878217689,0.408542755784153,0.230629430514076
633,"s(curr_lastRippleV1PRE_z):curr_DOWN_yes",0.157272915153935,0.00164467813925977,0.883763692253446,0.262450468507583
634,"s(curr_lastRippleV1PRE_z):curr_DOWN_yes",0.106618693312019,0.00136693931764116,0.735558573287626,0.358272545059538
635,"s(curr_lastRippleV1PRE_z):curr_DOWN_yes",0.305025349041357,0.00231846496038468,0.511300704924245,0.409522393525906
636,"s(curr_lastRippleV1PRE_z):curr_DOWN_yes",0.184989606955829,0.00172919171789492,0.271837098193784,0.332557162523847
637,"s(curr_lastRippleV1PRE_z):curr_DOWN_yes",0.228535765392369,0.00328753827776682,1.08649699256892,1.13460000241315
638,"s(curr_lastRippleV1PRE_z):curr_DOWN_yes",0.0619602854757959,0.000731588863932619,0.461806141261892,0.266499530006658
639,"s(curr_lastRippleV1PRE_z):curr_DOWN_yes",0.194017280507647,0.00242728845385441,0.431845067072061,0.977090285068969
640,"s(curr_lastRippleV1PRE_z):curr_DOWN_yes",0.124140963096323,0.00137525549355879,0.788620010952567,0.234215903138221
641,"s(curr_lastRippleV1PRE_z):curr_DOWN_yes",0.300854332228666,0.00319570570444635,1.25475208994258,0.370933297059355
642,"s(curr_lastRippleV1PRE_z):curr_DOWN_yes",0.120425433900752,0.00105180670539558,0.378225905654819,0.134018854516628
643,"s(curr_lastRippleV1PRE_z):curr_DOWN_yes",0.299731665809112,0.00258115026376571,0.755548126117856,0.42554560930934
644,"s(curr_lastRippleV1PRE_z):curr_DOWN_yes",0.13175295695261,0.00178093175909904,0.507612929337127,0.777298545006661
645,"s(curr_lastRippleV1PRE_z):curr_DOWN_yes",0.167273674162086,0.00278938177849981,0.873115076039925,1.36456605523302
646,"s(curr_lastRippleV1PRE_z):curr_DOWN_yes",0.187882060964713,0.00180767576817183,0.630981026996801,0.545756014391847
647,"s(curr_lastRippleV1PRE_z):curr_DOWN_yes",0.240804670882504,0.0016105407054931,0.536482078221803,0.208551046908724
648,"s(curr_lastRippleV1PRE_z):curr_DOWN_yes",0.24203352164221,0.0020378219571352,0.736326237237679,0.321629099285027
649,"s(curr_lastRippleV1PRE_z):curr_DOWN_yes",0.218745397312613,0.00184633719579466,1.1089178376088,0.542437159895879
650,"s(curr_lastRippleV1PRE_z):curr_DOWN_yes",0.0856570517440467,0.00186410156333615,0.675252011304454,0.961683880130622
651,"s(curr_lastRippleV1PRE_z):curr_DOWN_yes",0.180773667402503,0.00140484722223971,0.669467466874942,0.417810157043654
652,"s(curr_lastRippleV1PRE_z):curr_DOWN_yes",0.0546694577542146,0.00187755198239695,0.51443309872812,1.20770168504601
653,"s(curr_lastRippleV1PRE_z):curr_DOWN_yes",0.0947807201154705,0.0011456165117743,0.631184780175262,0.188760799150883
654,"s(curr_lastRippleV1PRE_z):curr_DOWN_yes",0.212326220515354,0.00231809204132617,1.02955359430579,0.305743000375395
655,"s(curr_lastRippleV1PRE_z):curr_DOWN_yes",0.126584955890674,0.00136016421280273,0.787525481965427,0.233490452274561
656,"s(curr_lastRippleV1PRE_z):curr_DOWN_yes",0.134066481334877,0.00133424351885585,0.800153073088788,0.238027326335813
657,"s(curr_lastRippleV1PRE_z):curr_DOWN_yes",0.386340617932618,0.00280961207061983,1.10605250842008,0.866523984887899
658,"s(curr_lastRippleV1PRE_z):curr_DOWN_yes",0.0832864154972679,0.00114887918719465,0.623701308257687,1.14131175386311
659,"s(curr_lastRippleV1PRE_z):curr_DOWN_yes",0.259732062519659,0.00228592679168116,0.67397806184938,0.268844182073785
660,"s(curr_lastRippleV1PRE_z):curr_DOWN_yes",0.184504032731597,0.00172764590271522,0.699499172097522,0.317931443755068
661,"s(curr_lastRippleV1PRE_z):curr_DOWN_yes",0.250187497074839,0.00269415485187268,1.11353086782486,0.330940313457968
662,"s(curr_lastRippleV1PRE_z):curr_DOWN_yes",0.0965283291822061,0.00106251857981277,0.690218395154323,0.204959993591599
663,"s(curr_lastRippleV1PRE_z):curr_DOWN_yes",0.515673419405273,0.00502723438878726,0.508129410412487,0.239790863778495
664,"s(curr_lastRippleV1PRE_z):curr_DOWN_yes",0.49271010328151,0.00517157189475655,1.51959441608599,0.452179687844729
665,"s(curr_lastRippleV1PRE_z):curr_DOWN_yes",0.281821041812001,0.00354730059674934,1.34783148966097,0.399681691180525
666,"s(curr_lastRippleV1PRE_z):curr_DOWN_yes",0.586171285955009,0.00530645108320746,0.981504822998643,0.683773165922001
667,"s(curr_lastRippleV1PRE_z):curr_DOWN_yes",0.121829242469874,0.000495908564850284,0.512321365053561,0.223023994060692
668,"s(curr_lastRippleV1PRE_z):curr_DOWN_yes",0.425554935505203,0.00403069871484429,2.26520656814532,0.715667895457247
669,"s(curr_lastRippleV1PRE_z):curr_DOWN_yes",0.215118757927987,0.00233363315263505,1.01481870270116,0.30131245628986
670,"s(curr_lastRippleV1PRE_z):curr_DOWN_yes",0.163558722698873,0.00168465556115766,0.733883728048896,0.21883525826079
671,"s(curr_lastRippleV1PRE_z):curr_DOWN_yes",0.226920955506044,0.00195671526907294,0.925383276294664,0.32876868023971
672,"s(curr_lastRippleV1PRE_z):curr_DOWN_yes",0.0919699792539577,0.000995941690672746,0.700093507056236,0.207690464226383
673,"s(curr_lastRippleV1PRE_z):curr_DOWN_yes",0.215657510273247,0.00176673697004709,0.536653948056899,0.305090048830559
674,"s(curr_lastRippleV1PRE_z):curr_DOWN_yes",0.3167473789763,0.00337249720760683,1.23735489606583,0.36610875337841
675,"s(curr_lastRippleV1PRE_z):curr_DOWN_yes",0.32224061185511,0.00179029919450796,1.91400692866874,1.23379893798591
676,"s(curr_lastRippleV1PRE_z):curr_DOWN_yes",0.494585307981037,0.00442111188301454,1.09166767705102,0.575237604284963
677,"s(curr_lastRippleV1PRE_z):curr_DOWN_yes",0.141039285001018,0.00151558288414928,0.846497955669259,0.250637059758013
678,"s(curr_lastRippleV1PRE_z):curr_DOWN_yes",0.22102962470615,0.00153975623935948,0.879137679175095,0.20446027666373
679,"s(curr_lastRippleV1PRE_z):curr_DOWN_yes",0.392543068782908,0.00330790969438459,0.895805550701129,0.864096015513701
680,"s(curr_lastRippleV1PRE_z):curr_DOWN_yes",0.437945526596012,0.00305466529845987,1.30812156461024,0.411107542780455
681,"s(curr_lastRippleV1PRE_z):curr_DOWN_yes",0.10746050711794,0.0012019740557178,0.580528586281764,0.310054249023722
682,"s(curr_lastRippleV1PRE_z):curr_DOWN_yes",0.184690823414779,0.0019451901356272,0.972480296328821,0.289492702871568
683,"s(curr_lastRippleV1PRE_z):curr_DOWN_yes",0.488353588960878,0.004103566417612,0.890753209703424,0.621846241599525
684,"s(curr_lastRippleV1PRE_z):curr_DOWN_yes",0.161594975651253,0.00176829590651507,0.78322187752766,0.233469869704214
685,"s(curr_lastRippleV1PRE_z):curr_DOWN_yes",0.209464080691932,0.00225751601912021,1.10401707655796,0.328126358877773
686,"s(curr_lastRippleV1PRE_z):curr_DOWN_yes",0.307956678855735,0.00389659508542299,1.01674632675402,0.817826853510009
687,"s(curr_lastRippleV1PRE_z):curr_DOWN_yes",0.227188095492613,0.0013125653628758,0.681043404384625,0.397069899684733
688,"s(curr_lastRippleV1PRE_z):curr_DOWN_yes",0.0835210353170268,0.00118821071625063,0.654786079249039,0.572376022382394
689,"s(curr_lastRippleV1PRE_z):curr_DOWN_yes",0.29267900227998,0.00264413134713474,0.976050158564609,0.46180918671904
690,"s(curr_lastRippleV1PRE_z):curr_DOWN_yes",0.343592456966077,0.00297726481387793,1.4559194696525,0.703156549616698
691,"s(curr_lastRippleV1PRE_z):curr_DOWN_yes",0.234062979619416,0.00309133490133813,1.12392484830504,0.769964329327847
692,"s(curr_lastRippleV1PRE_z):curr_DOWN_yes",0.233105388024281,0.00261972204274965,0.928125405290805,0.352773229123698
693,"s(curr_lastRippleV1PRE_z):curr_DOWN_yes",0.393170636816134,0.00417922362947271,1.41604592390055,0.419221502488714
694,"s(curr_lastRippleV1PRE_z):curr_DOWN_yes",0.133721426532738,0.000937268763888516,0.260261812784475,0.134278743572594
695,"s(curr_lastRippleV1PRE_z):curr_DOWN_yes",0.183315928265459,0.00203386996591007,0.95326034944606,0.283695499898424
696,"s(curr_lastRippleV1PRE_z):curr_DOWN_yes",0.315581375869654,0.0034057407203478,0.661093886705643,0.827960557285409
697,"s(curr_lastRippleV1PRE_z):curr_DOWN_yes",0.349179538789922,0.000995234920404913,1.22752424964088,0.363840570728974
698,"s(curr_lastRippleV1PRE_z):curr_DOWN_yes",0.149867702067269,0.00177727103939553,0.929288683441678,0.275502728270757
699,"s(curr_lastRippleV1PRE_z):curr_DOWN_yes",0.187622685448641,0.0017456263420475,0.907430176697392,0.471721983126662
700,"s(curr_lastRippleV1PRE_z):curr_DOWN_yes",0.347381223289832,0.00225811906000797,0.984714923449135,0.348211281376992
701,"s(curr_lastRippleV1PRE_z):curr_DOWN_yes",0.283106223940048,0.00232159211221704,0.620891553477987,0.337598150302441
702,"s(curr_lastRippleV1PRE_z):curr_DOWN_yes",0.438872131629712,0.00479278778201166,1.33289485249749,0.771072662668475
703,"s(curr_lastRippleV1PRE_z):curr_DOWN_yes",0.180919892673246,0.000112119067376751,0.927775303511826,0.27690876757874
704,"s(curr_lastRippleV1PRE_z):curr_DOWN_yes",0.0289571100665489,0.000821608121525933,0.360714014461159,0.686766119016921
705,"s(curr_lastRippleV1PRE_z):curr_DOWN_yes",0.411325856368913,0.00368243010222799,0.69550459692897,0.255556890220229
706,"s(curr_lastRippleV1PRE_z):curr_DOWN_yes",0.149662949951295,0.00161971328892407,0.853051176332349,0.252408585579656
707,"s(curr_lastRippleV1PRE_z):curr_DOWN_yes",0.17412505852021,0.00236584751509587,0.744053623723568,0.993116327118373
708,"s(curr_lastRippleV1PRE_z):curr_DOWN_yes",0.189501638344252,0.00218901556438234,1.00284590502435,0.297476548322125
709,"s(curr_lastRippleV1PRE_z):curr_DOWN_yes",0.16794715747408,0.00183255771224086,0.909826655292841,0.270290822591201
710,"s(curr_lastRippleV1PRE_z):curr_DOWN_yes",0.21067163605948,0.00243466285914025,0.978195597599571,0.597165110250993
711,"s(curr_lastRippleV1PRE_z):curr_DOWN_yes",0.249304152212861,0.0018876104463587,0.905586978434216,0.379450185034488
712,"s(curr_lastRippleV1PRE_z):curr_DOWN_yes",0.0697486146905364,0.00039473193327081,0.479975741552271,0.164436083846501
713,"s(curr_lastRippleV1PRE_z):curr_DOWN_yes",0.354255723353988,0.00366393660842124,0.770277624506177,1.23550803131562
714,"s(curr_lastRippleV1PRE_z):curr_DOWN_yes",0.335664060153191,0.00362385588257442,1.29227514823766,0.382380440100603
715,"s(curr_lastRippleV1PRE_z):curr_DOWN_yes",0.178421882008552,0.00187597980669465,0.948541848938859,0.280783451042865
716,"s(curr_lastRippleV1PRE_z):curr_DOWN_yes",0.302638286851533,0.00283059622739395,0.599510913301807,0.464500490212089
717,"s(curr_lastRippleV1PRE_z):curr_DOWN_yes",0.290673714903633,0.00325821801515174,0.559863364828738,1.11433328227927
718,"s(curr_lastRippleV1PRE_z):curr_DOWN_yes",0.393319879780646,0.00361110242382319,2.08675235924955,0.932351741829606
719,"s(curr_lastRippleV1PRE_z):curr_DOWN_yes",0.11342531417889,0.00122366232769592,0.717394359313523,0.213109593331292
720,"s(curr_lastRippleV1PRE_z):curr_DOWN_yes",0.0924804531077426,0.00102346160094967,0.606995848577104,0.181081452585707
721,"s(curr_lastRippleV1PRE_z):curr_DOWN_yes",0.2116749897913,0.00224180912666058,1.02172311704046,0.303064186316905
722,"s(curr_lastRippleV1PRE_z):curr_DOWN_yes",0.353077686674212,0.0024649276545483,0.636482535686778,0.251199715872232
723,"s(curr_lastRippleV1PRE_z):curr_DOWN_yes",0.261984451375525,0.00179991164658299,1.04575427133656,0.522355273084344
724,"s(curr_lastRippleV1PRE_z):curr_DOWN_yes",0.238529749983004,0.00183690391555361,0.901449746018601,0.207313657368208
725,"s(curr_lastRippleV1PRE_z):curr_DOWN_yes",0.400987630254382,0.00364736265712775,0.464750471465187,0.47045626561508
726,"s(curr_lastRippleV1PRE_z):curr_DOWN_yes",0.392409138957002,0.00323602371213021,0.847176738437584,0.369406165573257
727,"s(curr_lastRippleV1PRE_z):curr_DOWN_yes",0.257569748213752,0.00260001761077288,0.953473416196898,0.636742615301593
728,"s(curr_lastRippleV1PRE_z):curr_DOWN_yes",0.0706790375009314,0.00117519255515751,0.587681825240787,0.715423629309365
729,"s(curr_lastRippleV1PRE_z):curr_DOWN_yes",0.499684931779806,0.00404872965977606,0.740891072669621,0.283824569502849
730,"s(curr_lastRippleV1PRE_z):curr_DOWN_yes",0.364116410467452,0.00398163777738173,1.14460842155305,0.343426422132244
731,"s(curr_lastRippleV1PRE_z):curr_DOWN_yes",0.172024186432703,0.0014602484959954,0.644687431372274,0.324976901888434
732,"s(curr_lastRippleV1PRE_z):curr_DOWN_yes",0.109196121307837,0.00059113920208388,0.49708582461056,0.128639511306082
733,"s(curr_lastRippleV1PRE_z):curr_DOWN_yes",0.177788757014047,0.00140219738793372,0.269946666322169,0.0953680642601339
734,"s(curr_lastRippleV1PRE_z):curr_DOWN_yes",0.270261833855981,0.00224478104774052,1.2529741651933,0.315559310969206
735,"s(curr_lastRippleV1PRE_z):curr_DOWN_yes",0.271353267660592,0.00303984504764583,1.16344879252488,0.5853799988164
736,"s(curr_lastRippleV1PRE_z):curr_DOWN_yes",0.0955404294569986,0.00168906207010669,0.612302525908709,0.552410653539271
737,"s(curr_lastRippleV1PRE_z):curr_DOWN_yes",0.450224328489672,0.00387568646123536,1.93041003476856,0.468642716086874
738,"s(curr_lastRippleV1PRE_z):curr_DOWN_yes",0.123665979809337,0.00135864398354046,0.799911825412127,0.238159290992422
739,"s(curr_lastRippleV1PRE_z):curr_DOWN_yes",0.129044888271555,0.00144942227604065,0.799068980931591,0.237512481784924
740,"s(curr_lastRippleV1PRE_z):curr_DOWN_yes",0.378944235922571,0.00323293260345727,0.600363299410058,0.161871432246392
741,"s(curr_lastRippleV1PRE_z):curr_DOWN_yes",0.33305698578035,0.00355931937801313,1.26529749301753,0.37597156397927
742,"s(curr_lastRippleV1PRE_z):curr_DOWN_yes",0.0989201080033597,0.00104411517512594,0.722714449247558,0.213803858106617
743,"s(curr_lastRippleV1PRE_z):curr_DOWN_yes",0.155523301533197,0.00130448254708984,0.399309640294623,0.173597028707035
744,"s(curr_lastRippleV1PRE_z):curr_DOWN_yes",0.0998070533712285,0.00102227057525799,0.665948067660581,0.197467927757796
745,"s(curr_lastRippleV1PRE_z):curr_DOWN_yes",0.36612353683262,0.0032503628693969,0.840761551844967,0.346047101862917
746,"s(curr_lastRippleV1PRE_z):curr_DOWN_yes",0.277897555514805,0.00254537145047669,1.04396152744974,0.460325120485768
747,"s(curr_lastRippleV1PRE_z):curr_DOWN_yes",0.16215577850071,0.0019870474601477,0.943078858019939,0.486444052143223
748,"s(curr_lastRippleV1PRE_z):curr_DOWN_yes",0.20522824250395,0.00146831200035176,1.54437847119362,0.347727037257135
749,"s(curr_lastRippleV1PRE_z):curr_DOWN_yes",0.252792335570973,0.00307583787687279,1.05376497658032,0.874577990579685
750,"s(curr_lastRippleV1PRE_z):curr_DOWN_yes",0.0993291472726243,0.0015310026448977,0.690793366594822,0.733846630064685
751,"s(curr_lastRippleV1PRE_z):curr_DOWN_yes",0.476029102019004,0.006131114474425,1.53281292477411,1.37295031018099
752,"s(curr_lastRippleV1PRE_z):curr_DOWN_yes",0.175304752898438,0.00253246835622616,0.902472592289616,0.832647989170986
753,"s(curr_lastRippleV1PRE_z):curr_DOWN_yes",0.473796861688228,0.00417011105748701,0.712836581333147,0.279547728048074
754,"s(curr_lastRippleV1PRE_z):curr_DOWN_yes",0.0750114046632033,0.000813844486441885,0.634877838821654,0.188618053327868
755,"s(curr_lastRippleV1PRE_z):curr_DOWN_yes",0.16310337599075,0.00177040280574553,0.910388608645557,0.270371796671896
756,"s(curr_lastRippleV1PRE_z):curr_DOWN_yes",0.304059398816475,0.00218234880218017,2.10317433925059,1.1469533299526
757,"s(curr_lastRippleV1PRE_z):curr_DOWN_yes",0.19272448695168,0.00183370574344198,0.385976833803707,0.559683237248669
758,"s(curr_lastRippleV1PRE_z):curr_DOWN_yes",0.435558995355424,0.00416583647807558,0.635215531233353,0.869996046554721
759,"s(curr_lastRippleV1PRE_z):curr_DOWN_yes",0.172941613779122,0.00187114446626357,0.958818718437323,0.290728623815934
760,"s(curr_lastRippleV1PRE_z):curr_DOWN_yes",0.186706617722559,0.00142008396146254,0.378506175637903,0.14679133322436
761,"s(curr_lastRippleV1PRE_z):curr_DOWN_yes",0.126229526659598,0.00138669312884564,0.840585697448696,0.249840043745207
762,"s(curr_lastRippleV1PRE_z):curr_DOWN_yes",0.391858118826354,0.00425697025901589,1.43226170876311,0.425170179727364
763,"s(curr_lastRippleV1PRE_z):curr_DOWN_yes",0.295918033395611,0.0027053787143237,0.83571397893995,0.195228866097272
764,"s(curr_lastRippleV1PRE_z):curr_DOWN_yes",0.271957191195303,0.00250025091880622,0.937857030139193,0.376987744053544
765,"s(curr_lastRippleV1PRE_z):curr_DOWN_yes",0.290035077464543,0.00308342306749613,1.25398516113844,0.371881737173778
766,"s(curr_lastRippleV1PRE_z):curr_DOWN_yes",0.132834897981593,0.0013811784982212,0.552799361147741,0.807902568606597
767,"s(curr_lastRippleV1PRE_z):curr_DOWN_yes",0.136821511265673,0.000768200522924402,0.302090498348734,0.143962828777614
768,"s(curr_lastRippleV1PRE_z):curr_DOWN_yes",0.264468422722684,0.00292744858938807,1.16532378147929,0.345438133350495
769,"s(curr_lastRippleV1PRE_z):curr_DOWN_yes",0.432236503285639,0.00374034842404619,2.44572019490365,1.8153404183709
770,"s(curr_lastRippleV1PRE_z):curr_DOWN_yes",0.227609282467278,0.00257091357434269,1.08317004649158,0.321201861591954
771,"s(curr_lastRippleV1PRE_z):curr_DOWN_yes",0.253723793253847,0.00268806878676797,1.16229850161642,0.344294247287092
772,"s(curr_lastRippleV1PRE_z):curr_DOWN_yes",0.510667441092259,0.00484979248982051,0.701365729914361,0.20942560590639
773,"s(curr_lastRippleV1PRE_z):curr_DOWN_yes",0.281428791288062,0.0023167066934484,0.77586031063171,0.370242663794364
774,"s(curr_lastRippleV1PRE_z):curr_DOWN_yes",0.20203715625387,0.00313520089637667,1.01527063872677,1.03897013641306
775,"s(curr_lastRippleV1PRE_z):curr_DOWN_yes",0.449885040440186,0.00434849551122979,0.724591119210411,0.411644561185228
776,"s(curr_lastRippleV1PRE_z):curr_DOWN_yes",0.144247427114277,0.00189440107073589,0.852583025946976,1.14182742906433
777,"s(curr_lastRippleV1PRE_z):curr_DOWN_yes",0.160759348058615,0.00181417259789759,0.911197252616929,0.27049864252269
778,"s(curr_lastRippleV1PRE_z):curr_DOWN_yes",0.268721955514709,0.00212652793748403,0.50639297418795,0.247658654814762
779,"s(curr_lastRippleV1PRE_z):curr_DOWN_yes",0.30088514533788,0.00249590320024649,0.528742760309967,0.252621695874492
780,"s(curr_lastRippleV1PRE_z):curr_DOWN_yes",0.243613670844687,0.00311410725010133,1.10615902908002,0.733766755663503
781,"s(curr_lastRippleV1PRE_z):curr_DOWN_yes",0.250362014746439,0.00199420419679764,0.468620755870307,0.261087256886139
782,"s(curr_lastRippleV1PRE_z):curr_DOWN_yes",0.329479822400684,0.00369885767462471,1.35297291955206,0.487545248946623
783,"s(curr_lastRippleV1PRE_z):curr_DOWN_yes",0.194303554530165,0.00207141694603463,0.933263134789844,0.281486531738691
784,"s(curr_lastRippleV1PRE_z):curr_DOWN_yes",0.26254732653998,0.00196135013681233,1.19227400075082,0.564539831486468
785,"s(curr_lastRippleV1PRE_z):curr_DOWN_yes",0.179682082627981,0.00194742804545756,0.981236843469386,0.291832286069771
786,"s(curr_lastRippleV1PRE_z):curr_DOWN_yes",0.214776688472843,0.00132345479121243,0.55838633635155,0.323393893876447
787,"s(curr_lastRippleV1PRE_z):curr_DOWN_yes",0.317370378418136,0.0034443734601018,1.29293782416272,0.383254056438042
788,"s(curr_lastRippleV1PRE_z):curr_DOWN_yes",0.212219599013832,0.00254239363080188,0.622596095794593,1.02875748296013
789,"s(curr_lastRippleV1PRE_z):curr_DOWN_yes",0.123525567063297,0.00129923578698905,0.791510258941778,0.234464502371508
790,"s(curr_lastRippleV1PRE_z):curr_DOWN_yes",0.189962360456711,0.00209401245499182,0.971731375559451,0.368542856062059
791,"s(curr_lastRippleV1PRE_z):curr_DOWN_yes",0.175113695185285,0.00145229494629229,0.350375990835893,0.416950294541874
792,"s(curr_lastRippleV1PRE_z):curr_DOWN_yes",0.0652931190135222,0.000674047808362442,0.568549715112613,0.169421789678543
793,"s(curr_lastRippleV1PRE_z):curr_DOWN_yes",0.404246966279051,0.00420685440770217,0.714078027635082,1.07267018019762
794,"s(curr_lastRippleV1PRE_z):curr_DOWN_yes",0.104707121685801,0.00112126050356971,0.510942453884892,0.525619366586115
795,"s(curr_lastRippleV1PRE_z):curr_DOWN_yes",0.136522148645783,0.00179418737039206,0.814735994369797,0.751249899549926
796,"s(curr_lastRippleV1PRE_z):curr_DOWN_yes",0.135545310808348,0.00152872979074758,0.808619997538757,0.401274309738196
797,"s(curr_lastRippleV1PRE_z):curr_DOWN_yes",0.108753090991497,0.000568997149384053,0.331286902744536,0.168452370799066
798,"s(curr_lastRippleV1PRE_z):curr_DOWN_yes",0.0923510073898752,0.000945957665953731,0.672213897495622,0.199334600876897
799,"s(curr_lastRippleV1PRE_z):curr_DOWN_yes",0.441690804427462,0.00322015946828706,0.649556543239798,0.378045141032143
800,"s(curr_lastRippleV1PRE_z):curr_DOWN_yes",0.258814045155212,0.000973471620083589,1.13093892977916,0.338382149520538
801,"s(curr_lastRippleV1PRE_z):curr_DOWN_yes",0.167250262401246,0.00184801843957206,0.935296997187959,0.277683465744313
802,"s(curr_lastRippleV1PRE_z):curr_DOWN_yes",0.214131777484696,0.00149744598486378,0.913273111096376,0.295270443086263
803,"s(curr_lastRippleV1PRE_z):curr_DOWN_yes",0.213642326364775,0.00270955028114133,1.03094391856004,0.584818297414034
804,"s(curr_lastRippleV1PRE_z):curr_DOWN_yes",0.204072161470819,0.00166055938132569,0.836159053025035,0.225368257015453
805,"s(curr_lastRippleV1PRE_z):curr_DOWN_yes",0.0914724512859788,0.00190366877996519,0.786585358701937,0.425011327704192
806,"s(curr_lastRippleV1PRE_z):curr_DOWN_yes",0.236111854998375,0.00195911394007875,0.537648978787903,0.236599465196399
807,"s(curr_lastRippleV1PRE_z):curr_DOWN_yes",0.589599695731225,0.00577327440729422,0.536897372253263,0.643539949166716
808,"s(curr_lastRippleV1PRE_z):curr_DOWN_yes",0.209450913843126,0.00221995202148201,0.985481573677564,0.292343571426344
809,"s(curr_lastRippleV1PRE_z):curr_DOWN_yes",0.081091795286893,0.00158377772930806,0.399545198384425,1.24889936463359
810,"s(curr_lastRippleV1PRE_z):curr_DOWN_yes",0.174969327522625,0.00173241111156531,0.423249193827863,0.722105310371627
811,"s(curr_lastRippleV1PRE_z):curr_DOWN_yes",0.0853669452735168,0.000913155355950057,0.673552148643864,0.19999985369136
812,"s(curr_lastRippleV1PRE_z):curr_DOWN_yes",0.134309577088133,0.00149163131614366,0.801084708349876,0.244809528925355
813,"s(curr_lastRippleV1PRE_z):curr_DOWN_yes",0.175582635140312,0.00154048297317573,0.550431263880051,0.537859415585051
814,"s(curr_lastRippleV1PRE_z):curr_DOWN_yes",0.195147886242135,0.00176058817043356,0.744091360021117,0.613411480432446
815,"s(curr_lastRippleV1PRE_z):curr_DOWN_yes",0.511048245163514,0.00419871321828926,1.11105570415759,0.855617598204617
816,"s(curr_lastRippleV1PRE_z):curr_DOWN_yes",0.18433678494416,0.00153231701362209,1.07851235321181,0.479319534660016
817,"s(curr_lastRippleV1PRE_z):curr_DOWN_yes",0.218101115706597,0.00209907508275923,0.401088126302431,0.413597502881643
818,"s(curr_lastRippleV1PRE_z):curr_DOWN_yes",0.166475904404013,0.00129576706955578,0.395150857154887,0.168261154951899
819,"s(curr_lastRippleV1PRE_z):curr_DOWN_yes",0.187188542971121,0.00253187643621678,0.994010549548592,0.878799782374627
820,"s(curr_lastRippleV1PRE_z):curr_DOWN_yes",0.0445217344211208,0.000487542086334557,0.488684178189559,0.145177789419736
821,"s(curr_lastRippleV1PRE_z):curr_DOWN_yes",0.249862747110209,0.00221059198892056,0.37410397002268,0.444195563712154
822,"s(curr_lastRippleV1PRE_z):curr_DOWN_yes",0.0385212593237814,0.000429022525296059,0.44841810323567,0.133640559575065
823,"s(curr_lastRippleV1PRE_z):curr_DOWN_yes",0.216689264809939,0.00193266974094857,0.75788919580674,0.256925532705537
824,"s(curr_lastRippleV1PRE_z):curr_DOWN_yes",0.110137817863149,0.00117981076010202,0.640878140487014,0.190311788983659
825,"s(curr_lastRippleV1PRE_z):curr_DOWN_yes",0.16104162655304,0.00250164317845253,0.930540021994347,1.16448002474877
826,"s(curr_lastRippleV1PRE_z):curr_DOWN_yes",0.529975576746532,0.0048877640611287,1.78233928848502,0.421967421882192
827,"s(curr_lastRippleV1PRE_z):curr_DOWN_yes",0.117718702732515,0.00132301238674934,0.764761431121741,0.228776241958606
828,"s(curr_lastRippleV1PRE_z):curr_DOWN_yes",0.220435956483637,0.00249411605115753,1.08785085694448,0.426014066057087
829,"s(curr_lastRippleV1PRE_z):curr_DOWN_yes",0.402794877959593,0.00376026832611919,1.67487907745442,0.43178584010554
830,"s(curr_lastRippleV1PRE_z):curr_DOWN_yes",0.156090306080642,0.00165056472400136,0.868852933872845,0.257297385338244
831,"s(curr_lastRippleV1PRE_z):curr_DOWN_yes",0.191678006075633,0.0020436392490337,0.994131722370303,0.294179109397339
832,"s(curr_lastRippleV1PRE_z):curr_DOWN_yes",0.154627362119926,0.00172446366575814,0.791552395679087,0.236115357897296
833,"s(curr_lastRippleV1PRE_z):curr_DOWN_yes",0.0552698128680973,0.000758304174398818,0.546607097788533,0.538994446416129
834,"s(curr_lastRippleV1PRE_z):curr_DOWN_yes",0.509087498589992,0.00432869430544329,0.496876770643804,0.315655824978626
835,"s(curr_lastRippleV1PRE_z):curr_DOWN_yes",0.406149363781189,0.00483572940468593,1.25392804099751,0.605787266906995
836,"s(curr_lastRippleV1PRE_z):curr_DOWN_yes",0.139717058752454,0.00165908119974712,0.814825495365863,0.456180279071767
837,"s(curr_lastRippleV1PRE_z):curr_DOWN_yes",0.707182411776569,0.00632758760987655,0.562916618856108,0.433247089174695
838,"s(curr_lastRippleV1PRE_z):curr_DOWN_yes",0.0345029579518039,0.000519753458919696,0.364505717277849,0.279620562963615
839,"s(curr_lastRippleV1PRE_z):curr_DOWN_yes",0.272708474585183,0.00225686252134492,0.441576231383097,0.229072549561064
840,"s(curr_lastRippleV1PRE_z):curr_DOWN_yes",0.198092321335402,0.001679376164917,0.339897612541788,0.144983441779262
841,"s(curr_lastRippleV1PRE_z):curr_DOWN_yes",0.171052399547616,0.0011404893743735,1.44304296142475,0.60338261528702
842,"s(curr_lastRippleV1PRE_z):curr_DOWN_yes",0.143901958816084,0.000907092232577094,0.465343123005512,0.266992857765479
843,"s(curr_lastRippleV1PRE_z):curr_DOWN_yes",0.015220180513329,0.000474038741456015,0.294082066746038,0.527232852489555
844,"s(curr_lastRippleV1PRE_z):curr_DOWN_yes",0.182042117943198,0.00103821602309939,0.878785405122883,0.274639754913333
845,"s(curr_lastRippleV1PRE_z):curr_DOWN_yes",0.152072295478112,0.00180510737786277,0.899355921398845,0.437326878424756
846,"s(curr_lastRippleV1PRE_z):curr_DOWN_yes",0.232123025213064,0.00249599821418074,1.03585638598397,0.33090150574661
847,"s(curr_lastRippleV1PRE_z):curr_DOWN_yes",0.320485203731425,0.00225368622928927,0.971604796704447,0.716783527263568
848,"s(curr_lastRippleV1PRE_z):curr_DOWN_yes",0.145965735067665,0.00153620212810949,0.715297760824336,0.715086740668696
849,"s(curr_lastRippleV1PRE_z):curr_DOWN_yes",0.185502972788179,0.00195381405948134,0.932035012517526,0.300887415804341
850,"s(curr_lastRippleV1PRE_z):curr_DOWN_yes",0.153294468324902,0.00149316205047383,0.499736030672433,0.556558228530651
851,"s(curr_lastRippleV1PRE_z):curr_DOWN_yes",0.326799776653739,0.00116158886932552,1.28377657097289,0.386361514309177
852,"s(curr_lastRippleV1PRE_z):curr_DOWN_yes",0.298216129995597,0.00286541721080622,1.1814232617385,0.349401228502197
853,"s(curr_lastRippleV1PRE_z):curr_DOWN_yes",0.168534610966303,0.00218642238580548,0.911963218181591,0.590411573076457
854,"s(curr_lastRippleV1PRE_z):curr_DOWN_yes",0.0817271153176966,0.00123301072340639,0.479902720391039,1.07177742067598
855,"s(curr_lastRippleV1PRE_z):curr_DOWN_yes",0.103242072502982,0.00111008589733604,0.682912028797794,0.20289916580382
856,"s(curr_lastRippleV1PRE_z):curr_DOWN_yes",0.295688561471942,0.00244897973852607,0.473238539820615,0.183177118733039
857,"s(curr_lastRippleV1PRE_z):curr_DOWN_yes",0.19122700882008,0.00127201963367286,1.37340392256008,0.483213155564868
858,"s(curr_lastRippleV1PRE_z):curr_DOWN_yes",0.0721930691352579,0.000759515282700129,0.603044659595079,0.178910887795461
859,"s(curr_lastRippleV1PRE_z):curr_DOWN_yes",0.117982225631824,0.00122859739364696,0.802231201068961,0.238197013904979
860,"s(curr_lastRippleV1PRE_z):curr_DOWN_yes",0.339842487797854,0.00372200098093886,1.23980844268763,0.370973229366718
861,"s(curr_lastRippleV1PRE_z):curr_DOWN_yes",0.155468438689328,0.00164594194230267,0.898471258170216,0.266204241587352
862,"s(curr_lastRippleV1PRE_z):curr_DOWN_yes",0.464802448563057,0.00481556900678448,1.2346086630754,0.75697822516702
863,"s(curr_lastRippleV1PRE_z):curr_DOWN_yes",0.217086706027488,0.00256279493071542,1.0145984182455,0.577491867342885
864,"s(curr_lastRippleV1PRE_z):curr_DOWN_yes",0.240756376214542,0.00280794606313124,1.09253628351382,0.588653029150922
865,"s(curr_lastRippleV1PRE_z):curr_DOWN_yes",0.242860794521288,0.00160405616518963,0.474781676097389,0.243429838676348
866,"s(curr_lastRippleV1PRE_z):curr_DOWN_yes",0.218237185303298,0.00204824500960118,0.816601988871561,0.353392504240239
867,"s(curr_lastRippleV1PRE_z):curr_DOWN_yes",0.208042026701719,0.00220647972914587,0.956049682253705,0.286175534667484
868,"s(curr_lastRippleV1PRE_z):curr_DOWN_yes",0.210729249653646,0.00157388351919191,0.748920732537348,0.432653071020516
869,"s(curr_lastRippleV1PRE_z):curr_DOWN_yes",0.247314530949462,0.0020273481742422,1.21073382224046,0.703645635023362
870,"s(curr_lastRippleV1PRE_z):curr_DOWN_yes",0.130730913443989,0.00137566006042846,0.805977891631219,0.239189079754685
871,"s(curr_lastRippleV1PRE_z):curr_DOWN_yes",0.0359801238362101,0.000407490351979477,0.381118108272934,0.113861169932585
872,"s(curr_lastRippleV1PRE_z):curr_DOWN_yes",0.130211870195125,0.00160084730660305,0.87127607481911,0.259035878845996
873,"s(curr_lastRippleV1PRE_z):curr_DOWN_yes",0.165291832491334,0.000982644025409349,0.239817767026607,0.111636755456887
874,"s(curr_lastRippleV1PRE_z):curr_DOWN_yes",0.143735936185689,0.00164042258060546,0.840381392653769,0.365857758499163
875,"s(curr_lastRippleV1PRE_z):curr_DOWN_yes",0.150987660086405,0.00129197233759401,0.617674984426483,0.225886853867014
876,"s(curr_lastRippleV1PRE_z):curr_DOWN_yes",0.368287494934698,0.00256258770751884,0.686919482754011,0.453338609021403
877,"s(curr_lastRippleV1PRE_z):curr_DOWN_yes",0.273460215699323,0.00248799746230843,0.982812333236846,0.511794533511445
878,"s(curr_lastRippleV1PRE_z):curr_DOWN_yes",0.388465896582395,0.00330078602163193,0.60604112126738,0.336909027537234
879,"s(curr_lastRippleV1PRE_z):curr_DOWN_yes",0.175215080731832,0.00184787496180081,0.923857089350204,0.274329933023352
880,"s(curr_lastRippleV1PRE_z):curr_DOWN_yes",0.140623906708869,0.0020761895450342,0.852580196048704,0.702031608301314
881,"s(curr_lastRippleV1PRE_z):curr_DOWN_yes",0.140814727375418,0.00157593417149273,0.826608482761825,0.315592307303597
882,"s(curr_lastRippleV1PRE_z):curr_DOWN_yes",0.314154756200539,0.0025879091304742,0.965713619994905,0.968684670370088
883,"s(curr_lastRippleV1PRE_z):curr_DOWN_yes",0.0449837358353617,0.000514875156593903,0.476337283025711,0.141278183253856
884,"s(curr_lastRippleV1PRE_z):curr_DOWN_yes",0.217201000963885,0.00234971503536072,1.03866044212412,0.308145519221138
885,"s(curr_lastRippleV1PRE_z):curr_DOWN_yes",0.062075457058981,0.000362642467418988,0.413491089169534,0.143041857959052
886,"s(curr_lastRippleV1PRE_z):curr_DOWN_yes",0.320420427393526,0.00341465135246748,1.2822515865289,0.379640924731647
887,"s(curr_lastRippleV1PRE_z):curr_DOWN_yes",0.170021857320042,0.00143008715573702,0.497398531767023,0.148334427798749
888,"s(curr_lastRippleV1PRE_z):curr_DOWN_yes",0.162303868064026,0.00175350832199159,0.946271953931955,0.28038165994304
889,"s(curr_lastRippleV1PRE_z):curr_DOWN_yes",0.101185349760498,0.000893935169190277,0.53318565713251,0.236485640103094
890,"s(curr_lastRippleV1PRE_z):curr_DOWN_yes",0.162620087524847,0.0012492992784647,0.749311068319297,0.222557744793961
891,"s(curr_lastRippleV1PRE_z):curr_DOWN_yes",0.356713201777668,0.00345448850321756,1.39429699334438,0.392100475661222
892,"s(curr_lastRippleV1PRE_z):curr_DOWN_yes",0.044472474063503,0.00140720996505168,0.701780731530544,0.208985442247223
893,"s(curr_lastRippleV1PRE_z):curr_DOWN_yes",0.373344653451293,0.00310253452355249,0.557437305939417,0.189268943196854
894,"s(curr_lastRippleV1PRE_z):curr_DOWN_yes",0.204516498636573,0.00161313694449308,0.378125894190564,0.206723454269434
895,"s(curr_lastRippleV1PRE_z):curr_DOWN_yes",0.246522152460699,0.00259918937342244,1.03736407698496,0.30874452144703
896,"s(curr_lastRippleV1PRE_z):curr_DOWN_yes",0.336862414325255,0.00319269752454555,0.929745210053942,0.366229114321583
897,"s(curr_lastRippleV1PRE_z):curr_DOWN_yes",0.188361622530417,0.00213279354642375,0.998205828971374,0.296001482298083
898,"s(curr_lastRippleV1PRE_z):curr_DOWN_yes",0.241496878265793,0.00152193101572384,0.466127942222207,0.145605095146412
899,"s(curr_lastRippleV1PRE_z):curr_DOWN_yes",0.115812805590204,0.000954713566952274,0.325388988277044,0.300920623405399
900,"s(curr_lastRippleV1PRE_z):curr_DOWN_yes",0.458684109124331,0.00400827219584109,0.629732215074756,0.366691257931644
901,"s(curr_lastRippleV1PRE_z):curr_DOWN_yes",0.0773262403774098,0.000314008092681843,0.402278945940071,0.182480928047228
902,"s(curr_lastRippleV1PRE_z):curr_DOWN_yes",0.20995576102102,0.00226080137567074,0.853122888497728,0.251267246047312
903,"s(curr_lastRippleV1PRE_z):curr_DOWN_yes",0.0779041914393979,0.000783941612780185,0.622873638825056,0.184779833487814
904,"s(curr_lastRippleV1PRE_z):curr_DOWN_yes",0.217370681460663,0.00234519536563337,0.524241588844371,0.806610811403088
905,"s(curr_lastRippleV1PRE_z):curr_DOWN_yes",0.396024942912828,0.00276720472021326,0.880464497594768,0.728292874188295
906,"s(curr_lastRippleV1PRE_z):curr_DOWN_yes",0.170053919005252,0.00253125809346352,0.765567000379269,0.930227974017428
907,"s(curr_lastRippleV1PRE_z):curr_DOWN_yes",0.391680518321295,0.00349316401865587,1.17058690164336,0.30221663182293
908,"s(curr_lastRippleV1PRE_z):curr_DOWN_yes",0.27295109865046,0.00342195462320366,1.17589194348816,0.758827610552424
909,"s(curr_lastRippleV1PRE_z):curr_DOWN_yes",0.0794682176028028,0.000840077190019292,0.639398701901643,0.189415628705616
910,"s(curr_lastRippleV1PRE_z):curr_DOWN_yes",0.0240668859840607,0.000382658485633776,0.331749995866452,0.359812289829399
911,"s(curr_lastRippleV1PRE_z):curr_DOWN_yes",0.0823772666561364,0.00136288635789112,0.653423853457631,0.588168567043522
912,"s(curr_lastRippleV1PRE_z):curr_DOWN_yes",0.126436422473758,0.0014371000944217,0.825140114599676,0.245109675657224
913,"s(curr_lastRippleV1PRE_z):curr_DOWN_yes",0.0964527291776633,0.00119326782531126,0.397233472897271,0.643571978475611
914,"s(curr_lastRippleV1PRE_z):curr_DOWN_yes",0.440446949811831,0.00394623040336187,0.664685126556187,0.226143970844461
915,"s(curr_lastRippleV1PRE_z):curr_DOWN_yes",0.0396151793289379,0.000390494421036196,0.411731616435139,0.122116774819242
916,"s(curr_lastRippleV1PRE_z):curr_DOWN_yes",0.222500142669731,0.00290339198874866,1.0328492281981,0.889057769384285
917,"s(curr_lastRippleV1PRE_z):curr_DOWN_yes",0.379200430897763,0.00440453978351685,1.29595175528925,0.889519262122332
918,"s(curr_lastRippleV1PRE_z):curr_DOWN_yes",0.321482350778021,0.00302902589797983,0.797899354713163,0.321927325956691
919,"s(curr_lastRippleV1PRE_z):curr_DOWN_yes",0.300369118207065,0.00267117060300737,0.553112288210068,0.165393774259115
920,"s(curr_lastRippleV1PRE_z):curr_DOWN_yes",0.114048875549726,0.000895355904374588,0.672935090499156,0.276609149151025
921,"s(curr_lastRippleV1PRE_z):curr_DOWN_yes",0.161541984831164,0.00245681245813297,0.888911551645558,0.762869649794081
922,"s(curr_lastRippleV1PRE_z):curr_DOWN_yes",0.126934738217282,0.00151496699054671,0.61085009782318,0.819085264988661
923,"s(curr_lastRippleV1PRE_z):curr_DOWN_yes",0.39153435885258,0.00177628131645017,0.974816998672595,0.329149737481583
924,"s(curr_lastRippleV1PRE_z):curr_DOWN_yes",0.030164573744023,0.000323192254041608,0.337693029048969,0.100267436830922
925,"s(curr_lastRippleV1PRE_z):curr_DOWN_yes",0.142118274565727,0.00202072422198132,0.975481782737417,0.289499301928104
926,"s(curr_lastRippleV1PRE_z):curr_DOWN_yes",0.117651232328218,0.00131915008157911,0.749544313916768,0.455651009781152
927,"s(curr_lastRippleV1PRE_z):curr_DOWN_yes",0.202468445163689,0.00228352597549745,1.02052933662036,0.303242653260265
928,"s(curr_lastRippleV1PRE_z):curr_DOWN_yes",0.307957592927835,0.0032334493007019,1.08197309516698,0.320846052794473
929,"s(curr_lastRippleV1PRE_z):curr_DOWN_yes",0.337676622652849,0.00313259807402575,1.24086415066847,0.433900748298883
930,"s(curr_lastRippleV1PRE_z):curr_DOWN_yes",0.288961965541402,0.00363973156212944,1.190296196499,0.809004349725788
931,"s(curr_lastRippleV1PRE_z):curr_DOWN_yes",0.308530425439821,0.0026646766511009,0.541998683122578,0.140092350944044
932,"s(curr_lastRippleV1PRE_z):curr_DOWN_yes",0.275099131056598,0.00220313467726891,0.669619800317551,0.229835644984979
933,"s(curr_lastRippleV1PRE_z):curr_DOWN_yes",0.202019719423524,0.00309127931494195,1.00696580953888,1.05690748702297
934,"s(curr_lastRippleV1PRE_z):curr_DOWN_yes",0.0991618623163761,0.00111531938008287,0.633924120188735,0.189758207737583
935,"s(curr_lastRippleV1PRE_z):curr_DOWN_yes",0.138344555769995,0.00196147701864024,0.742545925627799,0.465444103731263
936,"s(curr_lastRippleV1PRE_z):curr_DOWN_yes",0.168896072123577,0.00178948949097601,0.901711042131254,0.309463049754026
937,"s(curr_lastRippleV1PRE_z):curr_DOWN_yes",0.352756060288521,0.00354746613049867,1.03969925987404,0.783245213249948
938,"s(curr_lastRippleV1PRE_z):curr_DOWN_yes",0.056316878457717,0.000260416819220758,0.50522561997818,0.160607219336909
939,"s(curr_lastRippleV1PRE_z):curr_DOWN_yes",0.162163459948831,0.00170251689689604,0.901805674127274,0.268665662093018
940,"s(curr_lastRippleV1PRE_z):curr_DOWN_yes",0.0848159782416804,0.00103085470795382,0.673908546938371,0.353201341726677
941,"s(curr_lastRippleV1PRE_z):curr_DOWN_yes",0.336674856487526,0.00246055231239469,0.748206067050248,0.180978165425005
942,"s(curr_lastRippleV1PRE_z):curr_DOWN_yes",0.202542163856338,0.00164119363531322,0.420151623855155,0.2038800967343
943,"s(curr_lastRippleV1PRE_z):curr_DOWN_yes",0.0904339072761191,0.000978167001142961,0.672190003680043,0.200100826825704
944,"s(curr_lastRippleV1PRE_z):curr_DOWN_yes",0.165839693927544,0.00170129210358946,0.580887057497718,0.809380847920628
945,"s(curr_lastRippleV1PRE_z):curr_DOWN_yes",0.220756529207637,0.00190124896203027,0.880373204939272,0.240578146830789
946,"s(curr_lastRippleV1PRE_z):curr_DOWN_yes",0.077211851186882,0.000823135945180059,0.605235069002303,0.179327051235842
947,"s(curr_lastRippleV1PRE_z):curr_DOWN_yes",0.236497520666131,0.00136309453955638,0.314554060163825,0.230413859805674
948,"s(curr_lastRippleV1PRE_z):curr_DOWN_yes",0.305730255707569,0.00328927855278358,1.23500727545495,0.377298941964067
949,"s(curr_lastRippleV1PRE_z):curr_DOWN_yes",0.205497288511295,0.00281770530336759,1.03430318801974,0.844967159039755
950,"s(curr_lastRippleV1PRE_z):curr_DOWN_yes",0.0449444531994372,0.000521672792246431,0.434141477342603,0.129235638702574
951,"s(curr_lastRippleV1PRE_z):curr_DOWN_yes",0.159191118105715,0.00190023478730333,0.919569773094001,0.660340861231786
952,"s(curr_lastRippleV1PRE_z):curr_DOWN_yes",0.242765852560432,0.00279277494681923,1.09235529512886,0.613582886015115
953,"s(curr_lastRippleV1PRE_z):curr_DOWN_yes",0.232432951396728,0.00264865350346971,0.869360964594189,1.01413920877188
954,"s(curr_lastRippleV1PRE_z):curr_DOWN_yes",0.172986292934852,0.00161814068696032,0.877163299051779,0.627120190936986
955,"s(curr_lastRippleV1PRE_z):curr_DOWN_yes",0.185202931394585,0.00143331113549792,0.547468503825957,0.332445365172829
956,"s(curr_lastRippleV1PRE_z):curr_DOWN_yes",0.11496349405659,0.00134226668270308,0.795869795525617,0.236326855137396
957,"s(curr_lastRippleV1PRE_z):curr_DOWN_yes",0.179061883332878,0.00195631642733373,0.951331051043174,0.282267955472867
958,"s(curr_lastRippleV1PRE_z):curr_DOWN_yes",0.250915960858988,0.00226662029963331,1.41421918706595,1.2234964179682
959,"s(curr_lastRippleV1PRE_z):curr_DOWN_yes",0.264092579748649,0.00227393806714118,1.0302830537935,0.591782193910997
960,"s(curr_lastRippleV1PRE_z):curr_DOWN_yes",0.383457717001355,0.00402854262666879,1.38564345057093,0.410985390309984
961,"s(curr_lastRippleV1PRE_z):curr_DOWN_yes",0.27477728246357,0.00219205781677215,0.598465996586407,0.30419148339561
962,"s(curr_lastRippleV1PRE_z):curr_DOWN_yes",0.321755538448314,0.00286708222713561,0.499517088016524,0.502864035899096
963,"s(curr_lastRippleV1PRE_z):curr_DOWN_yes",0.301708486662509,0.00312732235241324,1.12415651773745,0.543279440710858
964,"s(curr_lastRippleV1PRE_z):curr_DOWN_yes",0.0647720547761566,0.000973644123010922,0.582817683703623,0.493510632414503
965,"s(curr_lastRippleV1PRE_z):curr_DOWN_yes",0.187700788619828,0.00145334267610032,0.626603311757493,0.362805805351973
966,"s(curr_lastRippleV1PRE_z):curr_DOWN_yes",0.23824909283895,0.00271463144904522,1.1092004758296,0.504482434367261
967,"s(curr_lastRippleV1PRE_z):curr_DOWN_yes",0.215464142101724,0.00208078504406253,0.773536016833634,0.299154312839324
968,"s(curr_lastRippleV1PRE_z):curr_DOWN_yes",0.117572414674213,0.00107043748523965,0.515355119660307,0.314024676351948
969,"s(curr_lastRippleV1PRE_z):curr_DOWN_yes",0.207443760892584,0.00208672994315428,0.635914448244626,0.77062297458686
970,"s(curr_lastRippleV1PRE_z):curr_DOWN_yes",0.228443657107133,0.00237459026087349,1.0744331977098,0.318823348429634
971,"s(curr_lastRippleV1PRE_z):curr_DOWN_yes",0.226141047155904,0.0012985382695817,0.419380082438051,0.235323811173144
972,"s(curr_lastRippleV1PRE_z):curr_DOWN_yes",0.431287908629869,0.00367268582862341,0.886146299849175,0.526044607859712
973,"s(curr_lastRippleV1PRE_z):curr_DOWN_yes",0.32948028665805,0.00354081173983958,1.30289915533078,0.386326014369839
974,"s(curr_lastRippleV1PRE_z):curr_DOWN_yes",0.148323781190053,0.00103382377665534,0.531153375078211,0.470405495148227
975,"s(curr_lastRippleV1PRE_z):curr_DOWN_yes",0.0785740945537299,0.00084473589283965,0.591203669362566,0.175697399119592
976,"s(curr_lastRippleV1PRE_z):curr_DOWN_yes",0.165966841355904,0.000937510230842768,0.729308956179858,0.217411343357743
977,"s(curr_lastRippleV1PRE_z):curr_DOWN_yes",0.127601139292879,0.00129923040461994,0.434569653047135,0.699491070658285
978,"s(curr_lastRippleV1PRE_z):curr_DOWN_yes",0.306282093823901,0.00319854715614058,1.01731912122572,0.302599594535025
979,"s(curr_lastRippleV1PRE_z):curr_DOWN_yes",0.0807219827302585,0.00080262115510928,0.593202953653948,0.175621897736501
980,"s(curr_lastRippleV1PRE_z):curr_DOWN_yes",0.308210170714833,0.00376242395833271,1.27529142642312,0.465909109280443
981,"s(curr_lastRippleV1PRE_z):curr_DOWN_yes",0.207782953283297,0.00221498598300211,1.02633738302839,0.305319829739109
982,"s(curr_lastRippleV1PRE_z):curr_DOWN_yes",0.195345529456334,0.00201539880845603,0.947106251053403,0.279358920037587
983,"s(curr_lastRippleV1PRE_z):curr_DOWN_yes",0.0703562709636127,0.000786396833801655,0.533583093313524,0.158419985866196
984,"s(curr_lastRippleV1PRE_z):curr_DOWN_yes",0.297793944956821,0.00237328065587221,0.597850370306294,0.165521594517262
985,"s(curr_lastRippleV1PRE_z):curr_DOWN_yes",0.102959894904227,0.00107588797770584,0.678823050608068,0.200015376387251
986,"s(curr_lastRippleV1PRE_z):curr_DOWN_yes",0.407513634624887,0.00330635343999732,1.18387401638576,1.03770537931446
987,"s(curr_lastRippleV1PRE_z):curr_DOWN_yes",0.319026456679416,0.00339781679600277,1.26664881270786,0.39148755331131
988,"s(curr_lastRippleV1PRE_z):curr_DOWN_yes",0.193793307740075,0.00115602330555419,0.780344805745343,0.168448552940434
989,"s(curr_lastRippleV1PRE_z):curr_DOWN_yes",0.198139831250359,0.00207179367906864,0.944320018005261,0.330536489758354
990,"s(curr_lastRippleV1PRE_z):curr_DOWN_yes",0.437230246957967,0.00323952350081452,0.773278349292675,0.582521221750394
991,"s(curr_lastRippleV1PRE_z):curr_DOWN_yes",0.185944534021697,0.00197745075731182,0.952604912913066,0.284295965453487
992,"s(curr_lastRippleV1PRE_z):curr_DOWN_yes",0.174724498400071,0.000950576409221208,0.581373817382417,0.230206456432749
993,"s(curr_lastRippleV1PRE_z):curr_DOWN_yes",0.344460639034448,0.00245849599357076,1.33814242818953,0.621409842465799
994,"s(curr_lastRippleV1PRE_z):curr_DOWN_yes",0.0711309171174692,0.000835693896027834,0.612029516063948,0.181208999162131
995,"s(curr_lastRippleV1PRE_z):curr_DOWN_yes",0.10322606906858,0.00193235886821021,0.687702047002392,1.08318819662977
996,"s(curr_lastRippleV1PRE_z):curr_DOWN_yes",0.502923074937943,0.00468342918755641,2.06809555533426,0.621776476998961
997,"s(curr_lastRippleV1PRE_z):curr_DOWN_yes",0.169230479998443,0.00160113324917717,0.566402900407115,0.372632344469577
998,"s(curr_lastRippleV1PRE_z):curr_DOWN_yes",0.310574475681194,0.00280757159102616,0.564822698617767,0.608654854471618
999,"s(curr_lastRippleV1PRE_z):curr_DOWN_yes",0.21125357907675,0.00160106608637286,0.240358115379965,0.0742209083026675
1000,"s(curr_lastRippleV1PRE_z):curr_DOWN_yes",0.182441235958349,0.000977166930192404,0.627621890810223,0.226318982268852
1,"s(prev_lastRippleHPC_z):prev_DOWN_no",0.107323277088554,0.0010566010888339,0.337198385645375,0.88489892994286
2,"s(prev_lastRippleHPC_z):prev_DOWN_no",0.103688780642822,0.000737269652726227,0.428742857709119,0.581497363704958
3,"s(prev_lastRippleHPC_z):prev_DOWN_no",0.116291479827769,0.000522593657606079,0.257210534164944,0.0938786132512292
4,"s(prev_lastRippleHPC_z):prev_DOWN_no",0.00738925548117653,0.000118078270501282,0.0820587727691303,0.0809672090109474
5,"s(prev_lastRippleHPC_z):prev_DOWN_no",0.00853174425933023,0.000782893723754198,0.0800461539964132,1.10789701481036
6,"s(prev_lastRippleHPC_z):prev_DOWN_no",0.00377659402358699,0.000215708599605674,0.0173343428880389,0.502070513428538
7,"s(prev_lastRippleHPC_z):prev_DOWN_no",0.0103630262270586,0.000110258183622346,0.0999506162079336,0.0294528347914406
8,"s(prev_lastRippleHPC_z):prev_DOWN_no",0.00210080409788382,0.000294067860619697,0.0446147065722174,0.473229238830371
9,"s(prev_lastRippleHPC_z):prev_DOWN_no",0.0209160934404347,0.000509037144004747,0.149014173402277,0.615535833661415
10,"s(prev_lastRippleHPC_z):prev_DOWN_no",0.0224567857835769,4.63458646748128e-05,0.140935705684745,0.0411918951217761
11,"s(prev_lastRippleHPC_z):prev_DOWN_no",0.183339713045438,0.00130056707371045,0.731692415944576,0.529001923563229
12,"s(prev_lastRippleHPC_z):prev_DOWN_no",0.000156629626557603,4.87250525354758e-06,0.0208123127201696,0.00613531786992909
13,"s(prev_lastRippleHPC_z):prev_DOWN_no",0.000265773167193117,0.000442535493875043,0.0137862848797904,0.485180666530831
14,"s(prev_lastRippleHPC_z):prev_DOWN_no",0.0520888933616739,0.00011410071321066,0.239502127953217,0.0630053171199197
15,"s(prev_lastRippleHPC_z):prev_DOWN_no",0.00020431676916477,5.60302187111455e-06,0.0226521707762051,0.00668177559216688
16,"s(prev_lastRippleHPC_z):prev_DOWN_no",0.0169648302932606,0.000182896765522438,0.12922168197935,0.0381081224885504
17,"s(prev_lastRippleHPC_z):prev_DOWN_no",0.0686516758633982,0.000229205539612688,0.209526488244529,0.100067205972438
18,"s(prev_lastRippleHPC_z):prev_DOWN_no",0.137148190143283,0.00106393888585497,0.440899436756937,0.130050584101899
19,"s(prev_lastRippleHPC_z):prev_DOWN_no",0.0157423089167965,1.18172254316105e-05,0.0673499303957384,0.0392654225985718
20,"s(prev_lastRippleHPC_z):prev_DOWN_no",0.00898077245921947,1.6075612379991e-05,0.0952255807354587,0.0275581821033031
21,"s(prev_lastRippleHPC_z):prev_DOWN_no",0.165276552322575,0.001309693842067,0.154451896445555,0.134227064732986
22,"s(prev_lastRippleHPC_z):prev_DOWN_no",0.00119569104612616,0.000221332395822394,0.0303095779854627,0.599285298025227
23,"s(prev_lastRippleHPC_z):prev_DOWN_no",0.00833070251865031,0.00070444249025291,0.103762864394827,0.652660355622667
24,"s(prev_lastRippleHPC_z):prev_DOWN_no",0.120781018424402,0.000796948140990705,0.419864102424131,0.404253444222505
25,"s(prev_lastRippleHPC_z):prev_DOWN_no",0.0225973429782229,6.62081235183095e-05,0.0979343959327099,0.0670822435729383
26,"s(prev_lastRippleHPC_z):prev_DOWN_no",0.00859439801376904,8.56568909765087e-05,0.0880312345397451,0.0259624050566249
27,"s(prev_lastRippleHPC_z):prev_DOWN_no",0.305608281920951,0.0031352308314263,1.18634561114944,0.662117081278751
28,"s(prev_lastRippleHPC_z):prev_DOWN_no",0.239574537817823,0.00208640591446862,0.639000504488625,0.838762801405899
29,"s(prev_lastRippleHPC_z):prev_DOWN_no",0.00265386299977965,4.31900568109238e-05,0.0642811303822521,0.0189801102635316
30,"s(prev_lastRippleHPC_z):prev_DOWN_no",0.0161431203832185,0.00016242901460415,0.124309281344511,0.0366980566622148
31,"s(prev_lastRippleHPC_z):prev_DOWN_no",0.0476245046595984,0.000423370157554705,0.123259526491317,0.710225049238155
32,"s(prev_lastRippleHPC_z):prev_DOWN_no",0.0734379916961636,0.000801254802674956,0.270109738578554,0.0797385545735784
33,"s(prev_lastRippleHPC_z):prev_DOWN_no",0.00207893386493918,2.38397481870054e-05,0.0473001676873448,0.0139464678405343
34,"s(prev_lastRippleHPC_z):prev_DOWN_no",0.290751075632283,0.00252261488421386,0.924417921812392,0.796435203721377
35,"s(prev_lastRippleHPC_z):prev_DOWN_no",0.196108559881515,0.00133897297272509,0.732662776515152,0.250753710815851
36,"s(prev_lastRippleHPC_z):prev_DOWN_no",0.0468674345047608,0.00114823359798763,0.221606492758694,0.829333482497227
37,"s(prev_lastRippleHPC_z):prev_DOWN_no",0.124640654321997,0.000840319566118436,0.429213999147301,0.238878731407103
38,"s(prev_lastRippleHPC_z):prev_DOWN_no",0.0321448581128552,0.000332994272510724,0.166082101042867,0.219367599194274
39,"s(prev_lastRippleHPC_z):prev_DOWN_no",-0.000154782133963138,0.000985488675031567,0.00922195084646149,1.22159695856105
40,"s(prev_lastRippleHPC_z):prev_DOWN_no",0.00270347707603058,4.07007662321286e-05,0.0607536862308687,0.0179096000467946
41,"s(prev_lastRippleHPC_z):prev_DOWN_no",0.202042625194117,0.0018003693676217,0.534739019312182,0.318394281110439
42,"s(prev_lastRippleHPC_z):prev_DOWN_no",0.181128114966974,0.00129509045859911,0.782912821459261,0.459512475810807
43,"s(prev_lastRippleHPC_z):prev_DOWN_no",0.0258397782440341,0.0002815075178582,0.160336929226233,0.0473065351162759
44,"s(prev_lastRippleHPC_z):prev_DOWN_no",0.0335354100675165,0.000231652277382854,0.158541395048676,0.317174755666663
45,"s(prev_lastRippleHPC_z):prev_DOWN_no",0.0937096246711846,0.000988569178263315,0.370962654321262,0.63124945567243
46,"s(prev_lastRippleHPC_z):prev_DOWN_no",0.00137503902176306,1.92063801643531e-05,0.0426851983214249,0.0125815606956689
47,"s(prev_lastRippleHPC_z):prev_DOWN_no",0.0802921973064334,0.000297521902801861,0.311865634033753,0.171616186370729
48,"s(prev_lastRippleHPC_z):prev_DOWN_no",0.028630797633844,0.000337823069518288,0.181396489865873,0.060377344982275
49,"s(prev_lastRippleHPC_z):prev_DOWN_no",0.0168015478663097,0.000315708076233559,0.0603393295905568,0.680649981555667
50,"s(prev_lastRippleHPC_z):prev_DOWN_no",0.0345048514256314,3.79074559473105e-05,0.125012182763876,0.0472803007950983
51,"s(prev_lastRippleHPC_z):prev_DOWN_no",0.0906462208344747,0.00102281840768037,0.313974625704355,0.0926531529040203
52,"s(prev_lastRippleHPC_z):prev_DOWN_no",0.0203637829452052,0.000937062283269067,0.151529685664167,0.853548597686801
53,"s(prev_lastRippleHPC_z):prev_DOWN_no",0.0968594383818839,0.000505206680016692,0.344269525150325,0.231109081860488
54,"s(prev_lastRippleHPC_z):prev_DOWN_no",0.00210693584362698,0.000590249311762324,0.0449295300515657,1.0878978086078
55,"s(prev_lastRippleHPC_z):prev_DOWN_no",0.0909903762164852,0.000325622035245286,0.340992615575952,0.112109861006556
56,"s(prev_lastRippleHPC_z):prev_DOWN_no",0.183893887558184,0.00113308517725986,0.629632850723847,0.489567102991121
57,"s(prev_lastRippleHPC_z):prev_DOWN_no",0.273611912760186,0.00211950167080359,0.71021344382691,0.448790472007757
58,"s(prev_lastRippleHPC_z):prev_DOWN_no",0.00263215610318834,0.00243792808661581,0.055470477650446,1.97480328193745
59,"s(prev_lastRippleHPC_z):prev_DOWN_no",0.00242850119905746,3.01861588946705e-05,0.0526177597393883,0.0155166718735281
60,"s(prev_lastRippleHPC_z):prev_DOWN_no",0.103824312645324,0.000448117401862915,0.531624988437313,0.191129280311049
61,"s(prev_lastRippleHPC_z):prev_DOWN_no",0.00113276016657959,0.00076743228315629,0.0388505713501099,1.24931938776065
62,"s(prev_lastRippleHPC_z):prev_DOWN_no",0.0434584187086946,6.62708326074226e-05,0.150708399636331,0.0535068164079331
63,"s(prev_lastRippleHPC_z):prev_DOWN_no",0.0404240629814154,0.000262030226716778,0.169946783566656,0.197490395016943
64,"s(prev_lastRippleHPC_z):prev_DOWN_no",0.0688594211862341,0.00135698016205364,0.313677679755637,1.1470253309953
65,"s(prev_lastRippleHPC_z):prev_DOWN_no",0.0186507362819297,0.000187575083584154,0.130910304382724,0.0386287003363854
66,"s(prev_lastRippleHPC_z):prev_DOWN_no",-4.47387854904946e-05,0.00037944651515586,0.00305049117341494,0.583961883447876
67,"s(prev_lastRippleHPC_z):prev_DOWN_no",0.000503626000797119,0.000434579823795367,0.0312304029430492,0.787603699553488
68,"s(prev_lastRippleHPC_z):prev_DOWN_no",0.00844130008240107,8.68138338536507e-05,0.0912068730849332,0.0268823908818386
69,"s(prev_lastRippleHPC_z):prev_DOWN_no",0.0549565379011181,0.000819441505750269,0.233525867568955,0.998950042390639
70,"s(prev_lastRippleHPC_z):prev_DOWN_no",0.0881874751236875,0.000472226066289577,0.249610586059131,0.218900092457175
71,"s(prev_lastRippleHPC_z):prev_DOWN_no",0.000254046180454992,2.41614197006839e-06,0.0145627607512629,0.00429923261698402
72,"s(prev_lastRippleHPC_z):prev_DOWN_no",0.174543028408907,0.00116809182222254,0.664505092977491,0.585315492815806
73,"s(prev_lastRippleHPC_z):prev_DOWN_no",0.00643186489866743,0.00162644215764134,0.0727192950433415,1.83557932848291
74,"s(prev_lastRippleHPC_z):prev_DOWN_no",0.0270693634936299,2.81501236563574e-05,0.108061178778611,0.0432749819149157
75,"s(prev_lastRippleHPC_z):prev_DOWN_no",0.00803273593750742,0.000247987491585991,0.0856176091060902,0.505887217177048
76,"s(prev_lastRippleHPC_z):prev_DOWN_no",0.00034068888544958,3.47102257284758e-07,0.00567662586087644,0.00167430627164983
77,"s(prev_lastRippleHPC_z):prev_DOWN_no",0.282245493900812,0.00217606721504484,0.951599441195576,0.548997067407798
78,"s(prev_lastRippleHPC_z):prev_DOWN_no",0.016094606038358,0.00017118587414092,0.125090756141346,0.0368544748151998
79,"s(prev_lastRippleHPC_z):prev_DOWN_no",0.0184679427983889,0.000201578992177385,0.139621162542655,0.0411841910050187
80,"s(prev_lastRippleHPC_z):prev_DOWN_no",0.0197616404463767,0.000377528523525524,0.156558750478564,0.344462717499697
81,"s(prev_lastRippleHPC_z):prev_DOWN_no",0.000718584670386768,1.27434185477852e-05,0.0347789649317568,0.0102620808626046
82,"s(prev_lastRippleHPC_z):prev_DOWN_no",0.0386490127181611,0.000197779721507653,0.152724386254228,0.0673399814216947
83,"s(prev_lastRippleHPC_z):prev_DOWN_no",0.166546045660254,0.00116197098899508,0.553494549991037,0.660747189369593
84,"s(prev_lastRippleHPC_z):prev_DOWN_no",0.00773494944473363,8.45417412396081e-05,0.0882895612363836,0.0260316658174239
85,"s(prev_lastRippleHPC_z):prev_DOWN_no",0.00560048382951805,6.37090771938711e-05,0.07771467555593,0.0229415531847392
86,"s(prev_lastRippleHPC_z):prev_DOWN_no",0.0738266652088351,0.000461650718349349,0.0759917733491153,0.108238685067106
87,"s(prev_lastRippleHPC_z):prev_DOWN_no",0.174580671856273,0.00182331153231226,0.685720572496833,0.538336993253181
88,"s(prev_lastRippleHPC_z):prev_DOWN_no",-5.89887129720523e-05,4.03136882588112e-06,0.0190532264138731,0.00561254949144739
89,"s(prev_lastRippleHPC_z):prev_DOWN_no",0.0105160058889915,0.000561219514775462,0.097195377445528,0.653611300013048
90,"s(prev_lastRippleHPC_z):prev_DOWN_no",0.0188223528080407,0.000552264589377608,0.130417955358739,0.620739921662023
91,"s(prev_lastRippleHPC_z):prev_DOWN_no",0.011632960146275,0.000122083732103061,0.110766190725587,0.0326342058521335
92,"s(prev_lastRippleHPC_z):prev_DOWN_no",0.00547828158387009,5.10743232962012e-05,0.0679007063086585,0.0200301159419904
93,"s(prev_lastRippleHPC_z):prev_DOWN_no",0.0102425484603961,0.000107582695528486,0.101515483336169,0.0299395477071178
94,"s(prev_lastRippleHPC_z):prev_DOWN_no",0.00272361290851819,0.000789782633150845,0.0542867219274495,0.950760546828338
95,"s(prev_lastRippleHPC_z):prev_DOWN_no",0.177637370172323,0.00101137427954069,0.671798640093404,0.174487116376088
96,"s(prev_lastRippleHPC_z):prev_DOWN_no",0.127123723893383,0.00102713551356986,0.183479564148741,0.193314401698956
97,"s(prev_lastRippleHPC_z):prev_DOWN_no",0.000228532488355526,2.10661336169059e-06,0.0138834327751525,0.00409047523077123
98,"s(prev_lastRippleHPC_z):prev_DOWN_no",0.0538951437079271,0.00054063419178919,0.221961591677875,0.065439974315227
99,"s(prev_lastRippleHPC_z):prev_DOWN_no",0.153929726548308,0.0012225980773715,0.715609731570915,0.486268638287075
100,"s(prev_lastRippleHPC_z):prev_DOWN_no",0.16561775506192,0.0013470591488233,0.507037180434055,0.752158597218698
101,"s(prev_lastRippleHPC_z):prev_DOWN_no",0.00637085427614803,6.97267878508967e-05,0.0807501788975911,0.0238298321807953
102,"s(prev_lastRippleHPC_z):prev_DOWN_no",0.0781628528418983,0.00151397483732689,0.132904577979048,1.41019655706749
103,"s(prev_lastRippleHPC_z):prev_DOWN_no",0.0907722949165226,0.000991205849065782,0.297049299929794,0.0876338828941399
104,"s(prev_lastRippleHPC_z):prev_DOWN_no",0.163020662241756,0.00170462019251851,0.571001038198909,0.947900387364454
105,"s(prev_lastRippleHPC_z):prev_DOWN_no",0.00837674135147903,9.94977154937611e-05,0.0957012011424042,0.0281972764786325
106,"s(prev_lastRippleHPC_z):prev_DOWN_no",0.140715836888758,0.00114893565794589,0.264002065013975,0.235645260277112
107,"s(prev_lastRippleHPC_z):prev_DOWN_no",0.0756728709022854,0.000270488292884501,0.34386818666723,0.114100516971712
108,"s(prev_lastRippleHPC_z):prev_DOWN_no",0.0219204196985787,0.000231710542085845,0.149667887921352,0.0442157740934264
109,"s(prev_lastRippleHPC_z):prev_DOWN_no",0.19549941298916,0.00158389407235918,0.678119165760895,0.477250591737864
110,"s(prev_lastRippleHPC_z):prev_DOWN_no",0.0412893542072474,0.000410079557083916,0.192082634860199,0.0566817364280582
111,"s(prev_lastRippleHPC_z):prev_DOWN_no",0.00865705458781374,9.17553369215545e-05,0.0912627007995041,0.0268850134412255
112,"s(prev_lastRippleHPC_z):prev_DOWN_no",0.308933860307709,0.0029951248764743,0.854426310536746,0.872568982682334
113,"s(prev_lastRippleHPC_z):prev_DOWN_no",0.207033683485523,0.00178865162052123,0.359387472799884,0.112132236039581
114,"s(prev_lastRippleHPC_z):prev_DOWN_no",0.0831615808012556,0.00078226528216075,0.417018590301514,0.221588640675024
115,"s(prev_lastRippleHPC_z):prev_DOWN_no",0.20576865012087,0.0021683314632309,0.448406161409032,0.132064431054527
116,"s(prev_lastRippleHPC_z):prev_DOWN_no",0.000682880308009892,0.000214438990073168,0.0260480371808306,0.56470553691347
117,"s(prev_lastRippleHPC_z):prev_DOWN_no",0.0534572369274695,0.000669939755099789,0.196259344269118,0.462380349214385
118,"s(prev_lastRippleHPC_z):prev_DOWN_no",0.0420763534057231,0.000462370698103871,0.154145708998589,0.400303828304524
119,"s(prev_lastRippleHPC_z):prev_DOWN_no",0.000362190720859523,3.00803394550858e-06,0.0166049970339939,0.00490485317042583
120,"s(prev_lastRippleHPC_z):prev_DOWN_no",0.212571755082601,0.00156555485780338,0.704128996011779,0.500783980458494
121,"s(prev_lastRippleHPC_z):prev_DOWN_no",-0.0001665165283109,2.61016079467349e-06,0.0155452172200762,0.00460026265639332
122,"s(prev_lastRippleHPC_z):prev_DOWN_no",0.0533110188035595,0.000197716779137583,0.176556800007843,0.0980134248340647
123,"s(prev_lastRippleHPC_z):prev_DOWN_no",0.143641930561841,0.00092085447520331,0.652888730593655,0.210850390210761
124,"s(prev_lastRippleHPC_z):prev_DOWN_no",0.0153449364053202,0.00190875254117087,0.116704386669828,1.88771314839344
125,"s(prev_lastRippleHPC_z):prev_DOWN_no",0.022617581939798,7.49043044017118e-05,0.0885083962904938,0.0308121988627271
126,"s(prev_lastRippleHPC_z):prev_DOWN_no",0.0210254244972639,0.00021910363975486,0.144168290611562,0.0425192359285988
127,"s(prev_lastRippleHPC_z):prev_DOWN_no",0.0038324511622676,4.17549272207469e-05,0.0624686875168066,0.0184300503058561
128,"s(prev_lastRippleHPC_z):prev_DOWN_no",0.151449039284845,0.00100004599843723,0.701924926874362,0.20464539027688
129,"s(prev_lastRippleHPC_z):prev_DOWN_no",0.00140367729387325,2.62145196613076e-05,0.0349730840427144,0.0999624434242603
130,"s(prev_lastRippleHPC_z):prev_DOWN_no",0.0049803252711742,4.71215592627917e-05,0.0642763613362634,0.018996326933665
131,"s(prev_lastRippleHPC_z):prev_DOWN_no",0.000529349279440261,1.07790823255041e-05,0.0323644389536658,0.00954319581432903
132,"s(prev_lastRippleHPC_z):prev_DOWN_no",0.0345867928422283,0.000355336540128697,0.18127461106675,0.0534142076265412
133,"s(prev_lastRippleHPC_z):prev_DOWN_no",0.102624446416482,0.000707774655858208,0.341839311447208,0.292155384649848
134,"s(prev_lastRippleHPC_z):prev_DOWN_no",8.57967183813813e-05,0.000393057968218934,0.00798441446251497,0.726820468273207
135,"s(prev_lastRippleHPC_z):prev_DOWN_no",0.0245456127050296,0.000859767951154521,0.147608734289855,0.698024661733286
136,"s(prev_lastRippleHPC_z):prev_DOWN_no",0.131055311385848,0.00082790173353,0.558334089300516,0.461614910655859
137,"s(prev_lastRippleHPC_z):prev_DOWN_no",0.0589118702822944,0.00084209194553232,0.124032981286821,0.920481220172664
138,"s(prev_lastRippleHPC_z):prev_DOWN_no",0.114213014195594,0.000806903869528392,0.306290354152003,0.371405806349918
139,"s(prev_lastRippleHPC_z):prev_DOWN_no",0.0378038330484882,0.00176830233368765,0.201908926828133,1.40249755495846
140,"s(prev_lastRippleHPC_z):prev_DOWN_no",0.182681641153964,0.0014121696322672,0.286061662789078,0.408810247781422
141,"s(prev_lastRippleHPC_z):prev_DOWN_no",0.000917334029421291,8.18498107843209e-06,0.0285416232762746,0.00841459023386123
142,"s(prev_lastRippleHPC_z):prev_DOWN_no",0.00300794865903331,8.05718654002097e-05,0.0834554179111132,0.024585042232636
143,"s(prev_lastRippleHPC_z):prev_DOWN_no",0.0251175893445232,2.039780206475e-05,0.1035531645371,0.0462151153576614
144,"s(prev_lastRippleHPC_z):prev_DOWN_no",0.115169457979563,0.000859606272056534,0.204917854745133,0.0613934947009031
145,"s(prev_lastRippleHPC_z):prev_DOWN_no",0.00553578597886695,0.00041144991680334,0.0804927311678986,0.558021491016902
146,"s(prev_lastRippleHPC_z):prev_DOWN_no",0.286234357714066,0.00245827054141222,0.527818059972347,0.997372210575538
147,"s(prev_lastRippleHPC_z):prev_DOWN_no",0.0445879845485706,0.000916751694287858,0.171128698318231,0.969729464755957
148,"s(prev_lastRippleHPC_z):prev_DOWN_no",0.0791411794615682,0.000614944395942819,0.201283330728845,0.0734441218368737
149,"s(prev_lastRippleHPC_z):prev_DOWN_no",0.245340216741753,0.00185417411019644,0.459302097729386,0.356061284032374
150,"s(prev_lastRippleHPC_z):prev_DOWN_no",0.0287755111282717,0.000441460341506788,0.146244748076314,0.644129523670115
151,"s(prev_lastRippleHPC_z):prev_DOWN_no",0.00401861547083371,1.86946394541811e-06,0.0530266617574746,0.0160732771637462
152,"s(prev_lastRippleHPC_z):prev_DOWN_no",0.00116694363466952,1.06462069225729e-05,0.0322354418959125,0.00952701075437364
153,"s(prev_lastRippleHPC_z):prev_DOWN_no",0.0144500995395989,0.000163562051297731,0.125729669832855,0.0370872132736607
154,"s(prev_lastRippleHPC_z):prev_DOWN_no",0.0147470344935812,2.87890529453944e-05,0.0986380234434584,0.0327770977723724
155,"s(prev_lastRippleHPC_z):prev_DOWN_no",0.0350246771912719,0.000354603183666631,0.166743031253915,0.225246531917138
156,"s(prev_lastRippleHPC_z):prev_DOWN_no",0.0261481789363911,0.000306340033970249,0.0642551548859706,0.412466887482501
157,"s(prev_lastRippleHPC_z):prev_DOWN_no",0.047870523530694,8.93814544354487e-05,0.19573427073995,0.0821115856537085
158,"s(prev_lastRippleHPC_z):prev_DOWN_no",0.0842047756307771,0.00180274559825631,0.241149442376875,1.41484135606872
159,"s(prev_lastRippleHPC_z):prev_DOWN_no",0.183423437796678,0.00217478738727041,0.797970753606964,0.723129360904817
160,"s(prev_lastRippleHPC_z):prev_DOWN_no",0.0034149685631446,3.8257249309224e-05,0.0592574413770926,0.0174686428877906
161,"s(prev_lastRippleHPC_z):prev_DOWN_no",0.0120518484483121,0.000110586779484269,0.0978925616708015,0.0288322948680419
162,"s(prev_lastRippleHPC_z):prev_DOWN_no",0.210540871565883,0.00185164990610078,0.521957377384591,0.489321608411029
163,"s(prev_lastRippleHPC_z):prev_DOWN_no",0.00693794379018176,0.00247579313698261,0.0876248598914444,1.87191138984679
164,"s(prev_lastRippleHPC_z):prev_DOWN_no",0.0327821722524577,0.000353986327785422,0.185870700038212,0.0547935075955278
165,"s(prev_lastRippleHPC_z):prev_DOWN_no",0.0283097794022966,0.000145634865919766,0.104219378472128,0.0515629289284317
166,"s(prev_lastRippleHPC_z):prev_DOWN_no",0.00855168206458501,0.000107527465887891,0.098019404347897,0.0289275269033789
167,"s(prev_lastRippleHPC_z):prev_DOWN_no",0.0719441227321012,0.000174654648990213,0.343029859354827,0.108715011842195
168,"s(prev_lastRippleHPC_z):prev_DOWN_no",0.0269934490384784,5.55076247674565e-05,0.0525212769271199,0.0187474056291763
169,"s(prev_lastRippleHPC_z):prev_DOWN_no",0.162310984031066,0.00178638787932184,0.349682859515559,1.11040690583815
170,"s(prev_lastRippleHPC_z):prev_DOWN_no",0.0209423075787578,0.00024131802680747,0.151321899750096,0.0446361869668022
171,"s(prev_lastRippleHPC_z):prev_DOWN_no",0.0541023353726553,0.00020384474720163,0.150670158010206,0.0879082265648162
172,"s(prev_lastRippleHPC_z):prev_DOWN_no",-0.0621093867458047,5.52829557060015e-05,0.0729588490449813,0.0215001389659168
173,"s(prev_lastRippleHPC_z):prev_DOWN_no",0.04041375851659,0.000954051174148109,0.205738137246863,0.547550912001092
174,"s(prev_lastRippleHPC_z):prev_DOWN_no",0.0195822907376435,3.31131886276123e-05,0.0787455127460939,0.0499430602978173
175,"s(prev_lastRippleHPC_z):prev_DOWN_no",0.212189817461804,0.00182313697687552,0.487162966960535,0.547430165249372
176,"s(prev_lastRippleHPC_z):prev_DOWN_no",0.0291381057087969,0.00030424556551152,0.168187066604078,0.0495973836163178
177,"s(prev_lastRippleHPC_z):prev_DOWN_no",0.104298847767399,0.000439291244578487,0.469265329464834,0.211522427152747
178,"s(prev_lastRippleHPC_z):prev_DOWN_no",0.00124441033639133,9.4737465946715e-06,0.0289849364693831,0.00854600411727653
179,"s(prev_lastRippleHPC_z):prev_DOWN_no",0.0778133696299941,0.000102601971523017,0.298416857205414,0.0880329471801943
180,"s(prev_lastRippleHPC_z):prev_DOWN_no",0.0130889251904209,0.000138990377322629,0.116060529815775,0.0342148833380102
181,"s(prev_lastRippleHPC_z):prev_DOWN_no",0.1236401543252,0.00136569114521748,0.65886511612595,1.18693987254027
182,"s(prev_lastRippleHPC_z):prev_DOWN_no",0.0048985941919506,0.000419917778821652,0.0262077012394143,0.754225467653
183,"s(prev_lastRippleHPC_z):prev_DOWN_no",0.230581449988903,0.00198796186093914,0.529788651946312,0.622639961842914
184,"s(prev_lastRippleHPC_z):prev_DOWN_no",0.206571016689441,0.00144353899322103,0.438647481375655,0.603432554325315
185,"s(prev_lastRippleHPC_z):prev_DOWN_no",0.0872871159739095,0.000366941970313091,0.446255225671954,0.254423014642367
186,"s(prev_lastRippleHPC_z):prev_DOWN_no",0.120286393842345,0.000914628784214845,0.265154873775272,0.559862892677624
187,"s(prev_lastRippleHPC_z):prev_DOWN_no",0.00164732226231212,3.23399383546095e-06,0.0174008248503939,0.00513028760610129
188,"s(prev_lastRippleHPC_z):prev_DOWN_no",0.0406284970293544,6.12280624500265e-05,0.0829236181076072,0.0363249112500858
189,"s(prev_lastRippleHPC_z):prev_DOWN_no",0.187052252407738,0.00156699090264692,0.640297618212516,0.730939847476477
190,"s(prev_lastRippleHPC_z):prev_DOWN_no",0.0138204368939103,0.000129246736444308,0.110426267180806,0.0325296031569352
191,"s(prev_lastRippleHPC_z):prev_DOWN_no",0.00967081876908527,1.34138096929483e-06,0.0235375629649433,0.0078600342451564
192,"s(prev_lastRippleHPC_z):prev_DOWN_no",0.081058151693056,0.000395122141608623,0.337683309045696,0.174948965862125
193,"s(prev_lastRippleHPC_z):prev_DOWN_no",0.077624593769313,0.000545170885132499,0.334903637921802,0.506407309700138
194,"s(prev_lastRippleHPC_z):prev_DOWN_no",0.169975941186304,0.00146545285653002,0.455720196918855,0.158767899424753
195,"s(prev_lastRippleHPC_z):prev_DOWN_no",0.169113433638278,0.00143275546744697,0.563622356530487,0.276912010175933
196,"s(prev_lastRippleHPC_z):prev_DOWN_no",0.00947976704890596,0.000594081967438409,0.0449120952358539,1.03913310001532
197,"s(prev_lastRippleHPC_z):prev_DOWN_no",0.00346852198880576,2.43521106558295e-05,0.0470093310140294,0.013882131429486
198,"s(prev_lastRippleHPC_z):prev_DOWN_no",0.000621270634433735,8.87441731163245e-06,0.0283465237306896,0.00837185730654416
199,"s(prev_lastRippleHPC_z):prev_DOWN_no",0.0934326561672183,0.00187589247511797,0.317216138656597,1.84390898342574
200,"s(prev_lastRippleHPC_z):prev_DOWN_no",0.061888107998473,0.000195348116425324,0.19464794602617,0.0567261574529628
201,"s(prev_lastRippleHPC_z):prev_DOWN_no",0.149204487851774,0.00116945682333914,0.550221815379694,0.635690629010455
202,"s(prev_lastRippleHPC_z):prev_DOWN_no",0.0640287346042161,0.00102408953159463,0.251097989909088,0.894197735205099
203,"s(prev_lastRippleHPC_z):prev_DOWN_no",0.0391823861097036,0.00034047352133327,0.124520103129893,0.352063868156449
204,"s(prev_lastRippleHPC_z):prev_DOWN_no",0.194295948776372,0.0012562523150894,0.43870508709104,0.286483806673946
205,"s(prev_lastRippleHPC_z):prev_DOWN_no",0.00900302900598948,0.00031954751637299,0.0948358343741386,0.437715015071537
206,"s(prev_lastRippleHPC_z):prev_DOWN_no",0.0319729447388593,0.000298323800078372,0.16118850653467,0.0474759560342832
207,"s(prev_lastRippleHPC_z):prev_DOWN_no",0.131519589343766,0.000918376830690962,0.385279129474202,0.307370427755023
208,"s(prev_lastRippleHPC_z):prev_DOWN_no",0.00131967084895823,1.62549053436715e-05,0.0381932755907046,0.0112538179453716
209,"s(prev_lastRippleHPC_z):prev_DOWN_no",0.014592841978839,0.000175304096758807,0.1281388238468,0.0378508730226767
210,"s(prev_lastRippleHPC_z):prev_DOWN_no",0.0788996343106305,0.000814319847847432,0.348142230830505,0.773630781571643
211,"s(prev_lastRippleHPC_z):prev_DOWN_no",0.00305045092154721,4.48583179764747e-05,0.0635745580477518,0.0187509381751239
212,"s(prev_lastRippleHPC_z):prev_DOWN_no",0.154550928850937,0.00156379167657661,0.670131346345159,1.05957307233393
213,"s(prev_lastRippleHPC_z):prev_DOWN_no",0.00221838676956931,2.47451233449332e-05,0.0502765263479782,0.01480937172415
214,"s(prev_lastRippleHPC_z):prev_DOWN_no",0.0598658296013195,0.00064145568215073,0.244273717108216,0.0719972751052254
215,"s(prev_lastRippleHPC_z):prev_DOWN_no",0.00328376584178081,3.45975050664703e-05,0.058407075125076,0.0172167071940504
216,"s(prev_lastRippleHPC_z):prev_DOWN_no",0.0763891000652519,0.000758335616632265,0.337206270310091,0.491584680718507
217,"s(prev_lastRippleHPC_z):prev_DOWN_no",0.13859794877435,0.000810567849705325,0.459776024573256,0.14618667859765
218,"s(prev_lastRippleHPC_z):prev_DOWN_no",0.00565327964070494,6.70911947574552e-05,0.0788258730749125,0.0232071567882737
219,"s(prev_lastRippleHPC_z):prev_DOWN_no",0.0310845015344112,0.00070065965953178,0.155216015361391,0.927544042869278
220,"s(prev_lastRippleHPC_z):prev_DOWN_no",0.00423358747429248,5.14941765697688e-05,0.0698463195866697,0.0206105681209731
221,"s(prev_lastRippleHPC_z):prev_DOWN_no",0.00273826689756529,3.12564016395371e-05,0.0536339552127603,0.0158220958995036
222,"s(prev_lastRippleHPC_z):prev_DOWN_no",0.00849063480784906,4.42270808809243e-06,0.0475255680794017,0.0201446968974739
223,"s(prev_lastRippleHPC_z):prev_DOWN_no",-1.9297167340504e-05,0.000309726345235192,0.00103712835160275,0.476286850832521
224,"s(prev_lastRippleHPC_z):prev_DOWN_no",0.0726663855569152,0.00162323067347555,0.13853802820995,1.59086046967178
225,"s(prev_lastRippleHPC_z):prev_DOWN_no",0.00476457021968546,4.2439656379845e-05,0.0624033459011123,0.0184122744740869
226,"s(prev_lastRippleHPC_z):prev_DOWN_no",0.0193932740831695,0.00020568834759404,0.140187226572143,0.0413203846435822
227,"s(prev_lastRippleHPC_z):prev_DOWN_no",0.0143704888541052,0.000179274734709369,0.130031786219993,0.0383574177593159
228,"s(prev_lastRippleHPC_z):prev_DOWN_no",0.12485417755786,0.000945838282339742,0.468061395513715,0.384736276435023
229,"s(prev_lastRippleHPC_z):prev_DOWN_no",0.0866287415147644,0.00194131202906147,0.217015201727229,2.42390984865049
230,"s(prev_lastRippleHPC_z):prev_DOWN_no",0.0210760047513627,2.22604559570084e-05,0.0918836558339941,0.0346522325635446
231,"s(prev_lastRippleHPC_z):prev_DOWN_no",0.0435543562597784,5.79454559900334e-05,0.156645599606423,0.0385892405176552
232,"s(prev_lastRippleHPC_z):prev_DOWN_no",5.65735502791043e-05,2.54216030314973e-06,0.0149320244607614,0.00440380982236616
233,"s(prev_lastRippleHPC_z):prev_DOWN_no",0.113717677751976,0.000686567516975596,0.425491063725015,0.166758244346003
234,"s(prev_lastRippleHPC_z):prev_DOWN_no",0.0398596894064935,0.000150669717089453,0.153277938735277,0.0473743807239895
235,"s(prev_lastRippleHPC_z):prev_DOWN_no",-3.76787174989346e-05,9.85058585498725e-08,0.0030359248349325,0.000897498219365518
236,"s(prev_lastRippleHPC_z):prev_DOWN_no",0.17926287609879,0.00146054579945701,0.581064626742854,0.678900187109767
237,"s(prev_lastRippleHPC_z):prev_DOWN_no",0.22932429446198,0.00197556639625142,0.520150192220244,0.7250935217356
238,"s(prev_lastRippleHPC_z):prev_DOWN_no",0.0330793130208731,0.00033570399928994,0.1738391203861,0.0513631179461119
239,"s(prev_lastRippleHPC_z):prev_DOWN_no",0.232948110424872,0.00218536276795636,0.58735421418399,0.703622839254067
240,"s(prev_lastRippleHPC_z):prev_DOWN_no",0.142797545589036,0.000819611804015422,0.524065000136007,0.329288032096626
241,"s(prev_lastRippleHPC_z):prev_DOWN_no",0.00109826824594261,0.000376966990944399,0.0337976343990518,0.467142751849172
242,"s(prev_lastRippleHPC_z):prev_DOWN_no",0.125671453629036,0.000740841709168341,0.329057630817606,0.0790449020110658
243,"s(prev_lastRippleHPC_z):prev_DOWN_no",7.86990464636261e-05,2.4957187426303e-06,0.0151063757354188,0.00445263551306118
244,"s(prev_lastRippleHPC_z):prev_DOWN_no",0.027069709212233,4.76701339516685e-05,0.111517844875102,0.0677707479541076
245,"s(prev_lastRippleHPC_z):prev_DOWN_no",0.041989014875929,0.000173749597954732,0.116359939044951,0.0495944237077616
246,"s(prev_lastRippleHPC_z):prev_DOWN_no",0.00640694565565436,6.25483370023318e-05,0.0787788529048476,0.0232473587671421
247,"s(prev_lastRippleHPC_z):prev_DOWN_no",0.145987201748329,0.00220504297846951,0.549494697975999,1.35565021409859
248,"s(prev_lastRippleHPC_z):prev_DOWN_no",0.0056499705082782,0.00104127962263416,0.0671391392610365,1.22022135133606
249,"s(prev_lastRippleHPC_z):prev_DOWN_no",0.00498363823636527,0.00121833153063044,0.0625065828761342,1.11001231057761
250,"s(prev_lastRippleHPC_z):prev_DOWN_no",0.00183004164993505,2.52274383402104e-05,0.0480230299604915,0.0141528042984475
251,"s(prev_lastRippleHPC_z):prev_DOWN_no",0.1488964440862,0.00119936379538786,0.460621062186873,0.216507811439231
252,"s(prev_lastRippleHPC_z):prev_DOWN_no",0.00424842567151451,4.74350879771935e-05,0.0650315096427476,0.0191709349944439
253,"s(prev_lastRippleHPC_z):prev_DOWN_no",0.0700852451410219,8.76065226365515e-05,0.375530509406504,0.116567643697508
254,"s(prev_lastRippleHPC_z):prev_DOWN_no",0.170385237761615,0.00181037367279412,0.558445827230648,0.891371652912954
255,"s(prev_lastRippleHPC_z):prev_DOWN_no",0.0969938830327735,0.000830243273960743,0.393414782909348,0.223613980305514
256,"s(prev_lastRippleHPC_z):prev_DOWN_no",0.00384056376776964,0.000632927846157926,0.0597852908851563,0.8612870038856
257,"s(prev_lastRippleHPC_z):prev_DOWN_no",0.08344745241972,0.00045150937344201,0.240680594208234,0.0786024341191608
258,"s(prev_lastRippleHPC_z):prev_DOWN_no",0.00509057729811424,5.73403611650762e-05,0.073329572040579,0.0216187656389694
259,"s(prev_lastRippleHPC_z):prev_DOWN_no",0.00992942274610442,0.00069980954780159,0.0939243502865874,0.854460412040186
260,"s(prev_lastRippleHPC_z):prev_DOWN_no",0.0642437137206278,0.000306779799975244,0.237119323948321,0.0711724847144484
261,"s(prev_lastRippleHPC_z):prev_DOWN_no",0.0365257495370237,0.000172444165633254,0.0769135222282407,0.0265846908735923
262,"s(prev_lastRippleHPC_z):prev_DOWN_no",0.00151406936057619,0.00112067786168528,0.0377658017699005,1.47192642506666
263,"s(prev_lastRippleHPC_z):prev_DOWN_no",0.404345738249119,0.00351494511481051,0.958301770301308,0.928799826743457
264,"s(prev_lastRippleHPC_z):prev_DOWN_no",0.148807365349841,0.00221781428276287,0.500658106683962,1.69023568513644
265,"s(prev_lastRippleHPC_z):prev_DOWN_no",0.247608874801984,0.00209262828158649,0.396742757642724,0.713262430625996
266,"s(prev_lastRippleHPC_z):prev_DOWN_no",0.0144026464797928,0.00032189357880658,0.124145978698618,0.37430822292144
267,"s(prev_lastRippleHPC_z):prev_DOWN_no",0.159622651489308,0.000916450021958674,0.647013456874175,0.281887268936265
268,"s(prev_lastRippleHPC_z):prev_DOWN_no",0.0394331101336745,0.000420510050244838,0.198250838784478,0.0584740810598861
269,"s(prev_lastRippleHPC_z):prev_DOWN_no",0.0162628687984414,0.00105463920822109,0.125313824050819,1.13463110472871
270,"s(prev_lastRippleHPC_z):prev_DOWN_no",0.00513218164392981,5.0403110588333e-05,0.0660682792291796,0.0194962519587023
271,"s(prev_lastRippleHPC_z):prev_DOWN_no",0.0974871000963411,0.000613065162386301,0.311488341155937,0.101148067448793
272,"s(prev_lastRippleHPC_z):prev_DOWN_no",0.258086896134803,0.00210990034773802,0.714882216040884,0.609861379107468
273,"s(prev_lastRippleHPC_z):prev_DOWN_no",0.0458948065022531,0.000249292900784844,0.104531706612159,0.0303811273312986
274,"s(prev_lastRippleHPC_z):prev_DOWN_no",0.0200628319100282,0.000849466252999226,0.144726940060587,0.809483355936644
275,"s(prev_lastRippleHPC_z):prev_DOWN_no",0.0644182881315247,0.000428485819951487,0.259831771401806,0.112565594545409
276,"s(prev_lastRippleHPC_z):prev_DOWN_no",0.146568366938969,0.000974415696855672,0.285145190836157,0.535389952582108
277,"s(prev_lastRippleHPC_z):prev_DOWN_no",0.119032407306263,0.000564149723438066,0.481315212509672,0.310813776571212
278,"s(prev_lastRippleHPC_z):prev_DOWN_no",4.12734213517396e-05,4.48489163336189e-06,0.0202878009284898,0.00598098859663585
279,"s(prev_lastRippleHPC_z):prev_DOWN_no",0.0565573963881931,0.00106799581555945,0.200025565793511,1.28446437536835
280,"s(prev_lastRippleHPC_z):prev_DOWN_no",0.055943777367788,0.000576514607868996,0.227143017923619,0.0669903226957631
281,"s(prev_lastRippleHPC_z):prev_DOWN_no",0.00137651951226214,1.67855750928197e-05,0.0400172321851467,0.0118138203638153
282,"s(prev_lastRippleHPC_z):prev_DOWN_no",0.000307149364958903,3.60445288482232e-06,0.0174084621447972,0.00513491599091435
283,"s(prev_lastRippleHPC_z):prev_DOWN_no",0.0427777777028346,0.000445137443284382,0.20464999399829,0.0603335169814689
284,"s(prev_lastRippleHPC_z):prev_DOWN_no",0.143146606276333,0.000987945901755477,0.603413168967938,0.680189500366983
285,"s(prev_lastRippleHPC_z):prev_DOWN_no",0.00117646156305984,1.97390642470857e-05,0.0436288102108488,0.0128498739441935
286,"s(prev_lastRippleHPC_z):prev_DOWN_no",0.00576229696714492,6.70016654863919e-05,0.0810854994467658,0.0238911610593837
287,"s(prev_lastRippleHPC_z):prev_DOWN_no",0.00175618460118088,0.000971161477929279,0.0378772732715323,0.943401998743781
288,"s(prev_lastRippleHPC_z):prev_DOWN_no",0.0131936577713585,0.000146616669426397,0.11705299747747,0.0345327791038435
289,"s(prev_lastRippleHPC_z):prev_DOWN_no",0.00758372084040282,8.26317219621913e-05,0.0874664973642072,0.0258009045414498
290,"s(prev_lastRippleHPC_z):prev_DOWN_no",0.0527964543275115,0.000633617917064277,0.194518570723379,0.65361482017719
291,"s(prev_lastRippleHPC_z):prev_DOWN_no",0.14363522238223,0.00088252080984389,0.492990042405415,0.357278749191964
292,"s(prev_lastRippleHPC_z):prev_DOWN_no",0.0447840668853674,0.000589722324798429,0.209624250076081,0.280040134520782
293,"s(prev_lastRippleHPC_z):prev_DOWN_no",0.00797141466270368,5.50433528161187e-06,0.0243945373502199,0.0124377568227824
294,"s(prev_lastRippleHPC_z):prev_DOWN_no",0.0114153042544238,0.000143540186262532,0.115530922055281,0.0340335276841035
295,"s(prev_lastRippleHPC_z):prev_DOWN_no",0.0207432090172084,0.00146060540997527,0.232937561934871,1.15609849977265
296,"s(prev_lastRippleHPC_z):prev_DOWN_no",1.87236471216323e-06,0.000157412457328123,0.00796999083909378,0.393703340539979
297,"s(prev_lastRippleHPC_z):prev_DOWN_no",0.0054888840742775,5.82900002737649e-05,0.0746409009168141,0.0220026245241617
298,"s(prev_lastRippleHPC_z):prev_DOWN_no",0.0316929968437885,0.000330994456125585,0.177522945288411,0.0523108920156385
299,"s(prev_lastRippleHPC_z):prev_DOWN_no",0.140052469103956,0.00108448533905956,0.370579709539132,0.52902615546917
300,"s(prev_lastRippleHPC_z):prev_DOWN_no",0.124672127048719,0.00112910908084893,0.359588178632043,0.858935954980465
301,"s(prev_lastRippleHPC_z):prev_DOWN_no",0.0029171957811478,2.65450393791727e-05,0.0479843928321061,0.0141468942167283
302,"s(prev_lastRippleHPC_z):prev_DOWN_no",0.0224253529561738,0.00198018198535278,0.146933758763242,1.75878743816615
303,"s(prev_lastRippleHPC_z):prev_DOWN_no",9.26874228355246e-05,0.00167243490045429,0.0117963221062547,1.27077199324096
304,"s(prev_lastRippleHPC_z):prev_DOWN_no",-3.12022116588651e-05,0.000259988492147227,0.011222118626613,0.412573704515874
305,"s(prev_lastRippleHPC_z):prev_DOWN_no",0.166935289029651,0.00133430018102364,0.462358245226865,0.595442331253218
306,"s(prev_lastRippleHPC_z):prev_DOWN_no",0.150819815076446,0.000964853151307911,0.13790262759068,0.177119001756208
307,"s(prev_lastRippleHPC_z):prev_DOWN_no",0.111319062977297,0.000977939627729786,0.373197035666173,0.248964060579059
308,"s(prev_lastRippleHPC_z):prev_DOWN_no",0.00887049120647632,0.000154000264353572,0.0974891140515058,0.11131556375954
309,"s(prev_lastRippleHPC_z):prev_DOWN_no",0.0687163102883872,0.000322955414968063,0.195153200029255,0.202660872679666
310,"s(prev_lastRippleHPC_z):prev_DOWN_no",0.0885884603927094,0.000335769576534134,0.365680643421365,0.258222644470018
311,"s(prev_lastRippleHPC_z):prev_DOWN_no",0.024114176566556,5.93674537177121e-05,0.0591019060016078,0.0214533624171363
312,"s(prev_lastRippleHPC_z):prev_DOWN_no",0.00414852612733174,5.12720236584991e-05,0.0707546883652096,0.0208474498638609
313,"s(prev_lastRippleHPC_z):prev_DOWN_no",0.145660663292382,0.00181244242143349,0.51047965768209,1.39179354345302
314,"s(prev_lastRippleHPC_z):prev_DOWN_no",0.201325674402185,0.00164582880543145,0.632654899641939,0.633484285725043
315,"s(prev_lastRippleHPC_z):prev_DOWN_no",0.188312898490304,0.00157113917012344,0.353541577036873,0.106726722623687
316,"s(prev_lastRippleHPC_z):prev_DOWN_no",0.130871986307592,0.00102182594858336,0.111607003125944,0.213940507462565
317,"s(prev_lastRippleHPC_z):prev_DOWN_no",0.112907403279222,0.000839927583377617,0.221502146924866,0.074142503370682
318,"s(prev_lastRippleHPC_z):prev_DOWN_no",0.141897299591281,0.00235566224424061,0.283156368131346,0.959466526297742
319,"s(prev_lastRippleHPC_z):prev_DOWN_no",0.0915330022422651,0.00117062250486461,0.229708114772505,0.773522695881908
320,"s(prev_lastRippleHPC_z):prev_DOWN_no",0.000132245700890543,7.70781369919312e-07,0.00869173088311877,0.00256214399036198
321,"s(prev_lastRippleHPC_z):prev_DOWN_no",0.0304030003913915,0.000495953130780949,0.078223703518024,0.595963553518714
322,"s(prev_lastRippleHPC_z):prev_DOWN_no",1.26804179112483e-05,0.00015188870446214,0.00226182786574169,0.633707158730003
323,"s(prev_lastRippleHPC_z):prev_DOWN_no",0.00880341316530853,0.000268523862646128,0.0480509594441078,0.392333234951519
324,"s(prev_lastRippleHPC_z):prev_DOWN_no",0.0613533604470806,0.000194410809481408,0.174375894218125,0.132939908441388
325,"s(prev_lastRippleHPC_z):prev_DOWN_no",3.12645193734085e-06,0.000629971048518472,0.0158488260663818,0.871222661608089
326,"s(prev_lastRippleHPC_z):prev_DOWN_no",0.168324797169794,0.000653583663966129,0.663549365873437,0.192256913785764
327,"s(prev_lastRippleHPC_z):prev_DOWN_no",0.146714204234248,0.000756451402088556,0.509245703367286,0.379110253069828
328,"s(prev_lastRippleHPC_z):prev_DOWN_no",0.0188675856186329,0.000514136196043818,0.140506838621968,0.624191079597179
329,"s(prev_lastRippleHPC_z):prev_DOWN_no",0.0997722451748331,0.000383431132463682,0.364731597346169,0.105638902218991
330,"s(prev_lastRippleHPC_z):prev_DOWN_no",0.0320564722442835,0.00051865051595832,0.132441772932012,0.598746574272071
331,"s(prev_lastRippleHPC_z):prev_DOWN_no",0.0277447425854431,0.000313071091166864,0.170058777901144,0.0501161342444112
332,"s(prev_lastRippleHPC_z):prev_DOWN_no",0.158017124039674,0.00172899968014799,0.283260363757472,1.40778309622004
333,"s(prev_lastRippleHPC_z):prev_DOWN_no",0.112668589267551,0.000700878887779467,0.352657134981062,0.234117683739667
334,"s(prev_lastRippleHPC_z):prev_DOWN_no",0.129179680868622,0.000937462925827937,0.270023565669615,0.399028845619434
335,"s(prev_lastRippleHPC_z):prev_DOWN_no",0.0222153426599654,0.000233277142377966,0.148389305817302,0.0437577336924105
336,"s(prev_lastRippleHPC_z):prev_DOWN_no",0.161305702725224,0.00166377723214514,0.341073374214956,1.16946149891791
337,"s(prev_lastRippleHPC_z):prev_DOWN_no",0.0618561944471718,0.000133201374548893,0.276139467555495,0.0998272143267007
338,"s(prev_lastRippleHPC_z):prev_DOWN_no",0.0680477585179187,0.000308201035028859,0.127344102144549,0.0512961067852622
339,"s(prev_lastRippleHPC_z):prev_DOWN_no",0.0204736042751819,0.000181885723276108,0.127577888634581,0.0376722891733734
340,"s(prev_lastRippleHPC_z):prev_DOWN_no",0.0781008938687213,0.000389024032302281,0.211245241751798,0.0607030058115129
341,"s(prev_lastRippleHPC_z):prev_DOWN_no",0.317607456177351,0.00275818624386243,0.912683929815815,0.707964933261345
342,"s(prev_lastRippleHPC_z):prev_DOWN_no",0.192414776374165,0.00131716777274633,0.248621653086229,0.345414893980308
343,"s(prev_lastRippleHPC_z):prev_DOWN_no",-0.00014404949676905,4.44560320186217e-07,0.0063110784753981,0.00186363444889331
344,"s(prev_lastRippleHPC_z):prev_DOWN_no",0.0366500611201062,0.000336593928632606,0.12409477090611,0.588185368051321
345,"s(prev_lastRippleHPC_z):prev_DOWN_no",0.287803949940186,0.00238460553013821,0.778458353513962,1.209701948031
346,"s(prev_lastRippleHPC_z):prev_DOWN_no",0.0128671896225185,2.63458159248913e-05,0.0708689267522216,0.0260603660712517
347,"s(prev_lastRippleHPC_z):prev_DOWN_no",0.0902273114683121,0.0009996995590346,0.306880509302987,0.0904857355399475
348,"s(prev_lastRippleHPC_z):prev_DOWN_no",0.00492107645940099,4.26091415501779e-05,0.062538018334574,0.0184513687542371
349,"s(prev_lastRippleHPC_z):prev_DOWN_no",0.0246422678098508,4.3687782904511e-05,0.105722062730976,0.0366497553856
350,"s(prev_lastRippleHPC_z):prev_DOWN_no",0.113902908558506,0.000795998555006983,0.26934836298763,0.396733197488616
351,"s(prev_lastRippleHPC_z):prev_DOWN_no",0.0189484014028869,0.000957520231771553,0.0331530287031434,1.17889957138012
352,"s(prev_lastRippleHPC_z):prev_DOWN_no",0.0275209181930567,0.000722412734031849,0.137262264448587,0.792453874128949
353,"s(prev_lastRippleHPC_z):prev_DOWN_no",0.000952637435315928,0.00110583964229708,0.0308017553420035,1.11356035180912
354,"s(prev_lastRippleHPC_z):prev_DOWN_no",0.0157741353614167,1.33649239210153e-05,0.119692534517002,0.0354486487486616
355,"s(prev_lastRippleHPC_z):prev_DOWN_no",0.138625563532639,0.000703148774095667,0.711139528822727,0.169147307820739
356,"s(prev_lastRippleHPC_z):prev_DOWN_no",0.145221280646804,0.00118087211708136,0.42325241707,0.505495251503027
357,"s(prev_lastRippleHPC_z):prev_DOWN_no",0.00271312398488099,2.15552753841338e-05,0.0441225947742449,0.0130111141992858
358,"s(prev_lastRippleHPC_z):prev_DOWN_no",0.184946800422737,0.00130036389244325,0.639674840535735,0.418799763444193
359,"s(prev_lastRippleHPC_z):prev_DOWN_no",0.000331742572801552,3.33636630996704e-06,0.0170982072521233,0.00504757514456203
360,"s(prev_lastRippleHPC_z):prev_DOWN_no",0.179517910488439,0.00168517283319868,0.421463824918711,0.682760346743903
361,"s(prev_lastRippleHPC_z):prev_DOWN_no",0.11580795548597,0.000784499252701776,0.479685013580866,0.120181680142357
362,"s(prev_lastRippleHPC_z):prev_DOWN_no",0.0640381294845085,0.000315731732668925,0.198230770255009,0.109636664632556
363,"s(prev_lastRippleHPC_z):prev_DOWN_no",0.0173183899579747,0.000190178883947536,0.131076824272304,0.0386163115981978
364,"s(prev_lastRippleHPC_z):prev_DOWN_no",0.0872353768176026,0.000465391057718502,0.393903467109982,0.32844105803539
365,"s(prev_lastRippleHPC_z):prev_DOWN_no",0.273150450058679,0.00249040108922277,0.497051240322934,0.783530078478582
366,"s(prev_lastRippleHPC_z):prev_DOWN_no",0.0012567086949522,0.000539894954464818,0.0345625646455884,0.522783915676241
367,"s(prev_lastRippleHPC_z):prev_DOWN_no",0.00597441145311883,6.97767413325919e-05,0.0788458303071386,0.0232266886173012
368,"s(prev_lastRippleHPC_z):prev_DOWN_no",0.010964434659634,0.00100642926178408,0.106026515416332,1.42191998025626
369,"s(prev_lastRippleHPC_z):prev_DOWN_no",0.160471054182111,0.00115245108744592,0.181445771507989,0.0627419914883189
370,"s(prev_lastRippleHPC_z):prev_DOWN_no",0.0347263590309081,4.59347701216777e-05,0.102611919818142,0.0335025286734973
371,"s(prev_lastRippleHPC_z):prev_DOWN_no",0.0516922474187158,0.000244921785470583,0.180672494792499,0.0729128725309029
372,"s(prev_lastRippleHPC_z):prev_DOWN_no",0.000388305930500543,4.27705674095904e-06,0.0197374947926856,0.00583021633851165
373,"s(prev_lastRippleHPC_z):prev_DOWN_no",0.174078260493298,0.00118246038003511,0.704429652309343,0.654462227104429
374,"s(prev_lastRippleHPC_z):prev_DOWN_no",0.0604663871470024,0.00024923905173326,0.219085738444571,0.0651413346494802
375,"s(prev_lastRippleHPC_z):prev_DOWN_no",0.111813781496434,0.00305527557655741,0.353239309731322,2.63790447302151
376,"s(prev_lastRippleHPC_z):prev_DOWN_no",0.073499389333378,0.000538256364479865,0.251135657198795,0.0776723276013151
377,"s(prev_lastRippleHPC_z):prev_DOWN_no",0.182482075919253,0.00141934282134108,0.578761650922599,0.642402011688384
378,"s(prev_lastRippleHPC_z):prev_DOWN_no",0.00597667409371194,6.46914345618674e-05,0.0771394513968587,0.0227701800222496
379,"s(prev_lastRippleHPC_z):prev_DOWN_no",0.0585074163867345,0.000554123355944222,0.229722952917375,0.0677813650359833
380,"s(prev_lastRippleHPC_z):prev_DOWN_no",0.289402647566111,0.00360300571106421,0.280404387327188,1.55014526735326
381,"s(prev_lastRippleHPC_z):prev_DOWN_no",0.00621565555328818,4.57616931862432e-05,0.0652738853253171,0.0192453547715925
382,"s(prev_lastRippleHPC_z):prev_DOWN_no",0.234774616578227,0.00196838916664004,0.737497111591612,0.85622040821163
383,"s(prev_lastRippleHPC_z):prev_DOWN_no",0.17674490483768,0.00140530195718806,0.52213009558034,0.578330697878834
384,"s(prev_lastRippleHPC_z):prev_DOWN_no",0.0150679851639053,0.000786695943118138,0.109366948971439,1.00100172897123
385,"s(prev_lastRippleHPC_z):prev_DOWN_no",0.0483961542268361,0.00101491168877258,0.181476967832611,1.1566816167969
386,"s(prev_lastRippleHPC_z):prev_DOWN_no",0.0152563053027173,3.38306330739518e-05,0.0864446466557555,0.0406856437429555
387,"s(prev_lastRippleHPC_z):prev_DOWN_no",0.101239050814755,0.000443209476697361,0.392530468789738,0.105311500144622
388,"s(prev_lastRippleHPC_z):prev_DOWN_no",0.00575822842803753,6.71270030867682e-05,0.0784583481864092,0.0231514278069903
389,"s(prev_lastRippleHPC_z):prev_DOWN_no",0.00554264006853877,0.000478018808126,0.0694074106266527,0.660366311725651
390,"s(prev_lastRippleHPC_z):prev_DOWN_no",0.238402780912701,0.00166372635624509,0.586697926584249,0.587763817472751
391,"s(prev_lastRippleHPC_z):prev_DOWN_no",0.00174929313100858,2.22698089584754e-05,0.0465769512829536,0.0137337195500314
392,"s(prev_lastRippleHPC_z):prev_DOWN_no",0.0904866139389435,0.000300316141112755,0.504653641871909,0.12992053999098
393,"s(prev_lastRippleHPC_z):prev_DOWN_no",0.037143903162665,5.95530594225908e-05,0.157309146999144,0.0485975182228827
394,"s(prev_lastRippleHPC_z):prev_DOWN_no",0.115913301864036,0.000559572798583394,0.561064823658082,0.183208945466121
395,"s(prev_lastRippleHPC_z):prev_DOWN_no",0.00948041042242309,0.000579284126044879,0.093283422622081,0.902638226161511
396,"s(prev_lastRippleHPC_z):prev_DOWN_no",0.0188359105804699,9.0575315629299e-05,0.106817245282787,0.133103966134825
397,"s(prev_lastRippleHPC_z):prev_DOWN_no",0.212857190417255,0.00182106287593796,0.337717535070234,0.452012355960645
398,"s(prev_lastRippleHPC_z):prev_DOWN_no",0.228415582196853,0.00160714899767187,0.465819444814209,0.381906486532126
399,"s(prev_lastRippleHPC_z):prev_DOWN_no",-0.0404130432336913,0.000524237020052148,0.0804130719212307,0.862358725915625
400,"s(prev_lastRippleHPC_z):prev_DOWN_no",8.10208118746658e-05,9.19198707956573e-07,0.00909703175471009,0.00268369184177276
401,"s(prev_lastRippleHPC_z):prev_DOWN_no",0.0258197196720458,7.89787692910129e-05,0.138809989226852,0.0433339050669447
402,"s(prev_lastRippleHPC_z):prev_DOWN_no",0.158006042676616,0.00124089398257011,0.377865195638389,0.512672565069012
403,"s(prev_lastRippleHPC_z):prev_DOWN_no",0.0976461630679735,0.000448523704193901,0.399154153755869,0.325944291054738
404,"s(prev_lastRippleHPC_z):prev_DOWN_no",0.0960390277518002,0.000441432351171592,0.419821686304945,0.132673362257643
405,"s(prev_lastRippleHPC_z):prev_DOWN_no",0.058422777052404,0.00094687682462727,0.274459771013693,0.766709359283803
406,"s(prev_lastRippleHPC_z):prev_DOWN_no",0.112650381789365,0.000414798396418692,0.451832181400075,0.291645943310488
407,"s(prev_lastRippleHPC_z):prev_DOWN_no",0.168753193315567,0.00107693314211762,0.396268201534433,0.187390106379371
408,"s(prev_lastRippleHPC_z):prev_DOWN_no",0.204954658831984,0.00160336162971115,0.71283998414307,0.760197157394237
409,"s(prev_lastRippleHPC_z):prev_DOWN_no",0.0148722393048768,0.00165940038373431,0.108770423239955,1.34153646707825
410,"s(prev_lastRippleHPC_z):prev_DOWN_no",0.0974829392466807,0.000381872418307623,0.462080012501558,0.125306898197405
411,"s(prev_lastRippleHPC_z):prev_DOWN_no",0.0104629514004433,0.000416572544502201,0.038370645909752,0.684985955960144
412,"s(prev_lastRippleHPC_z):prev_DOWN_no",0.146004132497954,0.00180788528497562,0.303596370514631,1.0397870182677
413,"s(prev_lastRippleHPC_z):prev_DOWN_no",0.29229803105213,0.00398169070059796,0.659599456069021,1.50056096258394
414,"s(prev_lastRippleHPC_z):prev_DOWN_no",0.0984217287576667,0.00030822602082425,0.273880968559689,0.0908335334597647
415,"s(prev_lastRippleHPC_z):prev_DOWN_no",0.0055248745242551,0.00164400518826186,0.0686203918638848,1.13816737281768
416,"s(prev_lastRippleHPC_z):prev_DOWN_no",0.00427600495734737,4.50537087331189e-05,0.0638392828800916,0.0188186878950695
417,"s(prev_lastRippleHPC_z):prev_DOWN_no",0.0228427847314627,2.82582393155553e-05,0.0920915440997685,0.0365089995857883
418,"s(prev_lastRippleHPC_z):prev_DOWN_no",0.0124093580107978,0.000697974772089201,0.107991621096569,0.817948538204125
419,"s(prev_lastRippleHPC_z):prev_DOWN_no",0.128814368916125,0.00074868575199417,0.473128505327511,0.286040454262379
420,"s(prev_lastRippleHPC_z):prev_DOWN_no",0.0148544497116694,0.000715681118989542,0.12461012040731,0.545138355657263
421,"s(prev_lastRippleHPC_z):prev_DOWN_no",0.0369087833272497,0.000137243879389383,0.141964502958262,0.0448405116258142
422,"s(prev_lastRippleHPC_z):prev_DOWN_no",0.0432168340131796,0.000459863581130782,0.216281632077072,0.0637632073851921
423,"s(prev_lastRippleHPC_z):prev_DOWN_no",0.131809959885735,0.000990183330043713,0.466738870001062,0.198070897409762
424,"s(prev_lastRippleHPC_z):prev_DOWN_no",0.00418420405256281,0.00039540259663614,0.0645709838426441,0.609813070121529
425,"s(prev_lastRippleHPC_z):prev_DOWN_no",0.0306316760970953,0.000885597161639237,0.172630611366673,0.897626946933004
426,"s(prev_lastRippleHPC_z):prev_DOWN_no",0.031430385624251,0.000550043029720258,0.178237304757283,0.374011454771401
427,"s(prev_lastRippleHPC_z):prev_DOWN_no",0.174424994440029,0.0010537351977271,0.553138768289711,0.313789814210026
428,"s(prev_lastRippleHPC_z):prev_DOWN_no",0.269607624840927,0.00255049966205383,0.558595087342415,0.666772584496217
429,"s(prev_lastRippleHPC_z):prev_DOWN_no",0.00620630671948152,7.59423674681926e-05,0.0835289842189281,0.024607154533358
430,"s(prev_lastRippleHPC_z):prev_DOWN_no",0.245379476332208,0.0018114317836838,0.912398815951965,0.727221194006799
431,"s(prev_lastRippleHPC_z):prev_DOWN_no",0.105065816806243,0.00085711529263511,0.223140635198148,0.108825579633477
432,"s(prev_lastRippleHPC_z):prev_DOWN_no",0.129785992224381,0.000968036926670894,0.411125828180728,0.340102901936918
433,"s(prev_lastRippleHPC_z):prev_DOWN_no",0.130180798562929,0.0011065347635916,0.574582872899716,0.931469309735471
434,"s(prev_lastRippleHPC_z):prev_DOWN_no",0.00543890238893407,5.56502761963876e-05,0.0700436025276337,0.0206404706040314
435,"s(prev_lastRippleHPC_z):prev_DOWN_no",0.0234437185814995,1.22527731100458e-05,0.146761931483193,0.0431853110374544
436,"s(prev_lastRippleHPC_z):prev_DOWN_no",0.00123120217235151,1.56246414977381e-05,0.0377540378853457,0.0111175140369365
437,"s(prev_lastRippleHPC_z):prev_DOWN_no",0.0552472597585316,0.0003072603927898,0.173196311731671,0.0543786321457934
438,"s(prev_lastRippleHPC_z):prev_DOWN_no",0.183791018388813,0.00147039105477974,0.322347180657039,0.100576088029211
439,"s(prev_lastRippleHPC_z):prev_DOWN_no",0.255670466143887,0.00162670635020255,0.939277366728637,0.593272814326775
440,"s(prev_lastRippleHPC_z):prev_DOWN_no",0.0016225317964329,1.90665944701161e-05,0.0419046908154614,0.0123451421999677
441,"s(prev_lastRippleHPC_z):prev_DOWN_no",0.0408439368765903,0.000638315709619054,0.167927817808917,0.727430047300616
442,"s(prev_lastRippleHPC_z):prev_DOWN_no",0.0370301925383023,0.000138364221019488,0.104071300368815,0.035722409790984
443,"s(prev_lastRippleHPC_z):prev_DOWN_no",0.0469231549195328,8.37621001414024e-05,0.245777436309644,0.0911222210417941
444,"s(prev_lastRippleHPC_z):prev_DOWN_no",0.142729785627332,0.0011742507866177,0.312166771844663,0.205612414488193
445,"s(prev_lastRippleHPC_z):prev_DOWN_no",0.367796112786528,0.00255683356238776,0.321611217831163,1.27574245082284
446,"s(prev_lastRippleHPC_z):prev_DOWN_no",0.204881407406395,0.00167346446815232,0.266854115982381,0.0797602605887503
447,"s(prev_lastRippleHPC_z):prev_DOWN_no",0.141235322721517,0.000934921972110523,0.244300537606858,0.101704524289188
448,"s(prev_lastRippleHPC_z):prev_DOWN_no",0.20088177209964,0.00127206738344195,0.695938450428742,0.489651154579054
449,"s(prev_lastRippleHPC_z):prev_DOWN_no",0.111797970762138,0.000542290749193375,0.393471891339802,0.326163389364024
450,"s(prev_lastRippleHPC_z):prev_DOWN_no",0.425880024905465,0.00392515795549559,1.17113217603066,0.510707179212163
451,"s(prev_lastRippleHPC_z):prev_DOWN_no",0.000463950518047263,0.000465374531127015,0.0270634529611672,0.775072699296827
452,"s(prev_lastRippleHPC_z):prev_DOWN_no",0.152047122872615,0.0012199324249798,0.179641337033601,0.67973663277564
453,"s(prev_lastRippleHPC_z):prev_DOWN_no",0.0165626493478301,0.000691335982966963,0.125190101618004,0.664282274305037
454,"s(prev_lastRippleHPC_z):prev_DOWN_no",0.00256263718817973,2.9784176384738e-05,0.0514936155671407,0.0151953831328908
455,"s(prev_lastRippleHPC_z):prev_DOWN_no",0.00111341567796419,0.00140021348541906,0.0438978107195815,1.7562179935908
456,"s(prev_lastRippleHPC_z):prev_DOWN_no",0.00268694939497927,1.7929604300304e-05,0.0409905942595631,0.0120913815053449
457,"s(prev_lastRippleHPC_z):prev_DOWN_no",0.00620418068123385,0.00092739407665276,0.0812516541404138,1.35701997652519
458,"s(prev_lastRippleHPC_z):prev_DOWN_no",0.0849542924868825,0.000183524703922712,0.326783031326808,0.193412582825123
459,"s(prev_lastRippleHPC_z):prev_DOWN_no",0.00277520068223414,0.000462744693586032,0.0477175880761259,0.642933410103257
460,"s(prev_lastRippleHPC_z):prev_DOWN_no",0.117801396989115,0.00162354209395436,0.116731096707481,1.0891285838007
461,"s(prev_lastRippleHPC_z):prev_DOWN_no",0.147659512994208,0.00108021291046863,0.163630216682528,0.232086939215008
462,"s(prev_lastRippleHPC_z):prev_DOWN_no",0.0546384392578672,0.000603344526573303,0.118763921147914,0.566646797187083
463,"s(prev_lastRippleHPC_z):prev_DOWN_no",0.0327942163206734,0.000335578161764297,0.178951635666582,0.0527633840677688
464,"s(prev_lastRippleHPC_z):prev_DOWN_no",0.0891869088007207,0.000397987558529477,0.245476452412724,0.135666043898596
465,"s(prev_lastRippleHPC_z):prev_DOWN_no",0.0781709067075589,0.0003359270211824,0.138754834612901,0.0454860551021673
466,"s(prev_lastRippleHPC_z):prev_DOWN_no",0.113256222743236,0.00132388651652122,0.200043015805547,0.838314522120615
467,"s(prev_lastRippleHPC_z):prev_DOWN_no",0.15885897239197,0.00119735352026223,0.400306052435733,0.246608278436336
468,"s(prev_lastRippleHPC_z):prev_DOWN_no",0.00165654488497768,1.72564734041635e-05,0.0402052429639573,0.0118544642613586
469,"s(prev_lastRippleHPC_z):prev_DOWN_no",0.0609917522276184,0.000601075908999166,0.132568580667611,0.560813228631222
470,"s(prev_lastRippleHPC_z):prev_DOWN_no",0.299224315670733,0.00268623448971742,0.478860107871872,0.775306592660695
471,"s(prev_lastRippleHPC_z):prev_DOWN_no",0.00521855290795958,5.37428106294681e-05,0.0708268817275251,0.0209143409292775
472,"s(prev_lastRippleHPC_z):prev_DOWN_no",0.013095576073991,0.000145905169169652,0.114070567829179,0.0336337282945736
473,"s(prev_lastRippleHPC_z):prev_DOWN_no",0.0118622947572673,0.000412777882880409,0.109570728119388,0.489113992017861
474,"s(prev_lastRippleHPC_z):prev_DOWN_no",0.000578346164467725,8.85983709324659e-06,0.0297056911709555,0.00877539740984525
475,"s(prev_lastRippleHPC_z):prev_DOWN_no",0.137492424939256,0.00077141984613368,0.356540711952763,0.103077906355479
476,"s(prev_lastRippleHPC_z):prev_DOWN_no",0.0293170269000651,0.000338356392167359,0.167636622111818,0.207946097714937
477,"s(prev_lastRippleHPC_z):prev_DOWN_no",-0.000126529504574258,3.54959900452872e-05,0.00581386631137651,0.214781850994894
478,"s(prev_lastRippleHPC_z):prev_DOWN_no",8.72380718686117e-05,7.16857703323762e-07,0.00782504332933603,0.00231264959712871
479,"s(prev_lastRippleHPC_z):prev_DOWN_no",-0.000577308260140796,0.000319738746355226,0.0252446116554396,0.351914542771094
480,"s(prev_lastRippleHPC_z):prev_DOWN_no",0.0176977918486685,9.28617977915788e-06,0.0790238913294623,0.0337349565937232
481,"s(prev_lastRippleHPC_z):prev_DOWN_no",0.237635198767958,0.0023806363265433,0.553115739648393,1.07301460470866
482,"s(prev_lastRippleHPC_z):prev_DOWN_no",0.133024703790363,0.000813971645494051,0.553311746538984,0.182715983667174
483,"s(prev_lastRippleHPC_z):prev_DOWN_no",0.0515875118564963,6.50702870032836e-05,0.214131571725596,0.0638200370729597
484,"s(prev_lastRippleHPC_z):prev_DOWN_no",3.20404878069169e-05,2.35300427534611e-08,0.00135315126125231,0.000444909624717484
485,"s(prev_lastRippleHPC_z):prev_DOWN_no",0.101828850295599,0.00128758887133295,0.265051280218503,0.927937537346384
486,"s(prev_lastRippleHPC_z):prev_DOWN_no",0.0103823528049265,0.000110033130890252,0.103503434215966,0.0305153293668003
487,"s(prev_lastRippleHPC_z):prev_DOWN_no",0.0886459203106877,0.000364690676534811,0.438498026407954,0.0969671251965039
488,"s(prev_lastRippleHPC_z):prev_DOWN_no",0.00620394964140836,9.9469420317245e-05,0.0985832631463837,0.0290602606630627
489,"s(prev_lastRippleHPC_z):prev_DOWN_no",0.001585232805426,3.03520595333985e-05,0.0532792883587202,0.0157181615022425
490,"s(prev_lastRippleHPC_z):prev_DOWN_no",0.0852994311077113,0.000283951021548493,0.412831914976181,0.238402050454816
491,"s(prev_lastRippleHPC_z):prev_DOWN_no",0.121362914665206,0.00122488899971038,0.536955788953665,0.824012453240575
492,"s(prev_lastRippleHPC_z):prev_DOWN_no",0.0362904037676399,0.000382918793369088,0.188902416444544,0.0556903459557714
493,"s(prev_lastRippleHPC_z):prev_DOWN_no",0.00134623974926829,2.02072511915151e-05,0.0441102698878862,0.0130179484338297
494,"s(prev_lastRippleHPC_z):prev_DOWN_no",0.140414389575477,0.000689420121576073,0.492041127351808,0.361334660119316
495,"s(prev_lastRippleHPC_z):prev_DOWN_no",0.00602962399947593,5.94566022068595e-05,0.0742652945149506,0.0218862824415519
496,"s(prev_lastRippleHPC_z):prev_DOWN_no",0.206094334355823,0.00168768019972887,0.619321397774207,0.831201495890028
497,"s(prev_lastRippleHPC_z):prev_DOWN_no",0.0061882026291622,6.58410666303895e-05,0.077796157178041,0.0229571563019555
498,"s(prev_lastRippleHPC_z):prev_DOWN_no",0.0192688418809519,7.46735923145503e-05,0.0438167754674779,0.135665238022438
499,"s(prev_lastRippleHPC_z):prev_DOWN_no",0.00302513824755035,2.31753824680044e-05,0.046614512920084,0.0137712326572462
500,"s(prev_lastRippleHPC_z):prev_DOWN_no",0.0230762666706683,0.000633149498247307,0.133516174800915,0.822079381548217
501,"s(prev_lastRippleHPC_z):prev_DOWN_no",0.0263272442170335,0.000399120161928427,0.165115062448027,0.389423024779279
502,"s(prev_lastRippleHPC_z):prev_DOWN_no",0.0857850445268538,0.000301633626706321,0.433182870996902,0.097297988896215
503,"s(prev_lastRippleHPC_z):prev_DOWN_no",0.15336322865123,0.00119243957981734,0.463026694548882,0.503573876824777
504,"s(prev_lastRippleHPC_z):prev_DOWN_no",0.0244787323224172,0.000250282265343577,0.151363155577641,0.0446417017896773
505,"s(prev_lastRippleHPC_z):prev_DOWN_no",0.209807746086713,0.00170078374829101,0.744647607409126,0.798733713585056
506,"s(prev_lastRippleHPC_z):prev_DOWN_no",0.000125153646385101,7.95301495541761e-07,0.00860241686825181,0.00253539865658089
507,"s(prev_lastRippleHPC_z):prev_DOWN_no",0.120122175007847,0.00080173059625843,0.428346751192217,0.259280090773031
508,"s(prev_lastRippleHPC_z):prev_DOWN_no",0.184343156679123,0.00141632950274024,0.349688446622865,0.568637745748508
509,"s(prev_lastRippleHPC_z):prev_DOWN_no",0.011974624731474,0.000318845549783348,0.111223485061716,0.467061158768047
510,"s(prev_lastRippleHPC_z):prev_DOWN_no",0.244402440884611,0.00254095051642862,0.376200623854701,0.80885464042347
511,"s(prev_lastRippleHPC_z):prev_DOWN_no",0.00313642522689861,0.00114059028280516,0.00873628769061652,1.40104116396483
512,"s(prev_lastRippleHPC_z):prev_DOWN_no",0.00765237726351931,2.93167159391783e-05,0.0492957322801269,0.0211168983963893
513,"s(prev_lastRippleHPC_z):prev_DOWN_no",0.177550002371726,0.00133187313245755,0.650032792940627,0.807122644393059
514,"s(prev_lastRippleHPC_z):prev_DOWN_no",0.0366187671273348,0.000422942903327819,0.201715991940766,0.0595251340976049
515,"s(prev_lastRippleHPC_z):prev_DOWN_no",0.00378528754325647,0.000806279043146239,0.0626415258989677,1.07695608684984
516,"s(prev_lastRippleHPC_z):prev_DOWN_no",0.0448407953636876,0.00112471708371211,0.183478205314391,1.27637157907851
517,"s(prev_lastRippleHPC_z):prev_DOWN_no",0.0118414248988739,0.000107039091773427,0.0980166951898807,0.10354707478284
518,"s(prev_lastRippleHPC_z):prev_DOWN_no",0.0274359373298374,0.000849517440632508,0.168294687682075,0.804394814434947
519,"s(prev_lastRippleHPC_z):prev_DOWN_no",0.0624732685710532,0.000717025128871724,0.256219763232209,0.075556632910896
520,"s(prev_lastRippleHPC_z):prev_DOWN_no",-0.00155156741399587,6.31192315865973e-05,0.0194870039813066,0.291267706238517
521,"s(prev_lastRippleHPC_z):prev_DOWN_no",0.000160853337685118,0.000111738387849005,0.0118293617619822,0.381728014889395
522,"s(prev_lastRippleHPC_z):prev_DOWN_no",0.0328051960397753,5.67449220296318e-05,0.104315926629652,0.0358303309086129
523,"s(prev_lastRippleHPC_z):prev_DOWN_no",0.0152995710760804,0.000162550969376031,0.122197273731874,0.0360223670521088
524,"s(prev_lastRippleHPC_z):prev_DOWN_no",0.00527194846785317,0.00035737446994998,0.06482363222264,0.402686347443413
525,"s(prev_lastRippleHPC_z):prev_DOWN_no",0.234380342132509,0.00191629494645297,0.465436929876359,0.119684299624757
526,"s(prev_lastRippleHPC_z):prev_DOWN_no",0.132863958464014,0.00115339380786006,0.353870959784901,0.248385763918325
527,"s(prev_lastRippleHPC_z):prev_DOWN_no",0.0828758208925819,0.0010076430737677,0.254399119340462,1.42856432643405
528,"s(prev_lastRippleHPC_z):prev_DOWN_no",0.143232735536753,0.00155047871152393,0.309307039607449,1.18423953373908
529,"s(prev_lastRippleHPC_z):prev_DOWN_no",0.0213140040885245,4.54295167592434e-05,0.0994971612971639,0.0302666155192666
530,"s(prev_lastRippleHPC_z):prev_DOWN_no",0.0205511791841424,4.30449503756853e-06,0.0707936782993504,0.0339799432316676
531,"s(prev_lastRippleHPC_z):prev_DOWN_no",0.0448450296303236,0.00139058024625544,0.217645658215329,1.10168171434812
532,"s(prev_lastRippleHPC_z):prev_DOWN_no",0.0825973980193311,0.000888011393617849,0.10425705069284,0.765878509934221
533,"s(prev_lastRippleHPC_z):prev_DOWN_no",0.0243283478025313,0.0002319028488168,0.144453912200968,0.042586806722558
534,"s(prev_lastRippleHPC_z):prev_DOWN_no",0.161953008558942,0.00164564272899797,0.387436501274579,0.114358678974376
535,"s(prev_lastRippleHPC_z):prev_DOWN_no",0.0838309655335117,0.000806062749256915,0.299502702420745,0.693384676504653
536,"s(prev_lastRippleHPC_z):prev_DOWN_no",0.0270095411677609,0.000277515308057876,0.161647518994402,0.047651525979981
537,"s(prev_lastRippleHPC_z):prev_DOWN_no",0.00613532663703786,6.36087765596925e-05,0.0785821968447543,0.0231636859508848
538,"s(prev_lastRippleHPC_z):prev_DOWN_no",0.0523289542998144,0.000576635549894675,0.228686448237369,0.0674851763803724
539,"s(prev_lastRippleHPC_z):prev_DOWN_no",0.0738736169576093,0.000789526985146031,0.26666864134841,0.0786024938560887
540,"s(prev_lastRippleHPC_z):prev_DOWN_no",0.0537527758683405,0.000552487504161032,0.225964631136259,0.0665837426258383
541,"s(prev_lastRippleHPC_z):prev_DOWN_no",0.113172346023762,0.000468286402250582,0.196221726477787,0.0685749658631057
542,"s(prev_lastRippleHPC_z):prev_DOWN_no",0.0739182805248095,0.00147951808456841,0.264888621102437,0.949401763286649
543,"s(prev_lastRippleHPC_z):prev_DOWN_no",0.0259151971416944,0.00060199065004421,0.142981295507036,0.524495927015155
544,"s(prev_lastRippleHPC_z):prev_DOWN_no",0.179224973760684,0.00221313022078089,0.362756933956804,1.45837620311226
545,"s(prev_lastRippleHPC_z):prev_DOWN_no",0.00515283999412564,0.00108507000658599,0.0702357151339896,1.61218223989999
546,"s(prev_lastRippleHPC_z):prev_DOWN_no",0.00364614963156384,0.000155105769957152,0.0667626532688654,0.20148254356486
547,"s(prev_lastRippleHPC_z):prev_DOWN_no",-0.0255319559017959,0.000148212859187122,0.205808132635598,0.0578486546656808
548,"s(prev_lastRippleHPC_z):prev_DOWN_no",0.0113093439438856,0.000139821384761619,0.115150290755076,0.0339369998540533
549,"s(prev_lastRippleHPC_z):prev_DOWN_no",0.00208326600703312,1.83788377128036e-05,0.041580256881601,0.0122696881402643
550,"s(prev_lastRippleHPC_z):prev_DOWN_no",0.0433429215650261,0.000139468033628274,0.183772254320377,0.051909216153588
551,"s(prev_lastRippleHPC_z):prev_DOWN_no",0.177033275196317,0.00131118799726445,0.678873535927829,0.225996368311116
552,"s(prev_lastRippleHPC_z):prev_DOWN_no",0.0128587949862133,0.000147284613259449,0.117370549446401,0.0346273213932344
553,"s(prev_lastRippleHPC_z):prev_DOWN_no",0.0944588260104933,0.000463921900387921,0.247184081169327,0.102477514308971
554,"s(prev_lastRippleHPC_z):prev_DOWN_no",0.00112371388371368,0.000748496648512095,0.0356265575093011,1.06119663345058
555,"s(prev_lastRippleHPC_z):prev_DOWN_no",0.0666957288823466,0.000642817830331459,0.245261287329471,0.0723234305881452
556,"s(prev_lastRippleHPC_z):prev_DOWN_no",0.118335546619775,0.000890460315684477,0.170469992245529,0.105341184144394
557,"s(prev_lastRippleHPC_z):prev_DOWN_no",0.0750490731427957,0.000391911771322414,0.203812631811442,0.140425930042635
558,"s(prev_lastRippleHPC_z):prev_DOWN_no",0.142085628624337,0.0012317784835534,0.370893282997801,0.691956250437019
559,"s(prev_lastRippleHPC_z):prev_DOWN_no",0.0119557218776407,0.00116178063164784,0.124376890998561,0.795475189231824
560,"s(prev_lastRippleHPC_z):prev_DOWN_no",0.00237988856195681,0.000232810830252642,0.0542327181337692,0.591957341707522
561,"s(prev_lastRippleHPC_z):prev_DOWN_no",-0.0476275451952972,0.00135270076038597,0.0799471192018804,1.28608490726761
562,"s(prev_lastRippleHPC_z):prev_DOWN_no",0.000239647192461945,6.41737733486853e-07,0.00770413293555895,0.00226115468873693
563,"s(prev_lastRippleHPC_z):prev_DOWN_no",0.00144775608675296,1.89150953070167e-05,0.0418776859821444,0.0123458430217662
564,"s(prev_lastRippleHPC_z):prev_DOWN_no",0.0582109724065711,0.00122183000830822,0.156078294905456,1.25629175978058
565,"s(prev_lastRippleHPC_z):prev_DOWN_no",-5.40459665918647e-05,5.55588086309952e-08,0.00229444205946258,0.000675743629807651
566,"s(prev_lastRippleHPC_z):prev_DOWN_no",0.0197861279946236,0.00076285182499303,0.139907725813697,1.12158647695236
567,"s(prev_lastRippleHPC_z):prev_DOWN_no",0.275984600074287,0.00184826259562537,1.04346042655479,0.304883961419462
568,"s(prev_lastRippleHPC_z):prev_DOWN_no",0.0046690077225513,5.31076386740817e-05,0.0710602323712571,0.0209595203437432
569,"s(prev_lastRippleHPC_z):prev_DOWN_no",0.000208584882948948,3.69082777758683e-06,0.0188066373193155,0.00554291948048287
570,"s(prev_lastRippleHPC_z):prev_DOWN_no",0.000258813146514214,0.000188345416391743,0.0195207557391411,0.465437170832205
571,"s(prev_lastRippleHPC_z):prev_DOWN_no",0.00098763066436014,1.66280681355725e-05,0.0397474909308282,0.0117137649205612
572,"s(prev_lastRippleHPC_z):prev_DOWN_no",0.0373835998339791,0.000391421459609191,0.195831871842661,0.0577378945223284
573,"s(prev_lastRippleHPC_z):prev_DOWN_no",0.253552156495402,0.00192447413383369,0.577627591482848,0.73026683355384
574,"s(prev_lastRippleHPC_z):prev_DOWN_no",0.028061909775519,0.000119335460483552,0.107005956328947,0.106216201649029
575,"s(prev_lastRippleHPC_z):prev_DOWN_no",0.113227297863162,0.00166121390535368,0.418504527094431,1.01850992174836
576,"s(prev_lastRippleHPC_z):prev_DOWN_no",8.07353888374607e-05,2.17111407045088e-06,0.0143447936581309,0.00424030207943944
577,"s(prev_lastRippleHPC_z):prev_DOWN_no",0.000355560743168226,1.72500492111969e-06,0.0123270878702056,0.00363560640745066
578,"s(prev_lastRippleHPC_z):prev_DOWN_no",0.0183736346605983,0.000186152512118255,0.129801336595488,0.0383057714977845
579,"s(prev_lastRippleHPC_z):prev_DOWN_no",0.00155483121155697,2.55258548654417e-05,0.0497363927362363,0.0146659369593842
580,"s(prev_lastRippleHPC_z):prev_DOWN_no",0.0789705256011137,0.000557743792663959,0.138103516511892,0.0625602000904395
581,"s(prev_lastRippleHPC_z):prev_DOWN_no",0.155128199313061,0.00104585285620594,0.634097016549995,0.208671015751919
582,"s(prev_lastRippleHPC_z):prev_DOWN_no",0.075157678315942,0.000345542215324649,0.352571336574181,0.0858348499201082
583,"s(prev_lastRippleHPC_z):prev_DOWN_no",0.0208988414750539,0.000143584719685999,0.0972623514546379,0.102786895248825
584,"s(prev_lastRippleHPC_z):prev_DOWN_no",0.0146742983013244,0.000144674385547803,0.114300430063611,0.0337399411335711
585,"s(prev_lastRippleHPC_z):prev_DOWN_no",0.0519695123082666,0.000145945496139383,0.153425738501389,0.0619293166120313
586,"s(prev_lastRippleHPC_z):prev_DOWN_no",0.111462153442065,0.00069481540859545,0.407913875409301,0.13582296516779
587,"s(prev_lastRippleHPC_z):prev_DOWN_no",0.104328225644031,0.000733747663367985,0.193512345751425,0.0855032688465028
588,"s(prev_lastRippleHPC_z):prev_DOWN_no",0.0417727694034644,0.00170600188065791,0.208031399598309,1.30279545041331
589,"s(prev_lastRippleHPC_z):prev_DOWN_no",-2.51697400317497e-05,2.19931831292974e-07,0.00456734864547524,0.00134579697915806
590,"s(prev_lastRippleHPC_z):prev_DOWN_no",0.0799692585201512,0.000430870004403938,0.154205780147607,0.0871974042662678
591,"s(prev_lastRippleHPC_z):prev_DOWN_no",0.115807673623753,0.000508178015229285,0.472602490051961,0.133665581626902
592,"s(prev_lastRippleHPC_z):prev_DOWN_no",0.0424017241559289,0.000621888875742313,0.186437876260515,0.766344406536788
593,"s(prev_lastRippleHPC_z):prev_DOWN_no",0.0528293384729537,0.000555725586290346,0.145192552792532,0.464699799611969
594,"s(prev_lastRippleHPC_z):prev_DOWN_no",0.0581379981506691,0.000629429295377729,0.20307424387443,0.385498076446077
595,"s(prev_lastRippleHPC_z):prev_DOWN_no",0.147734340338253,0.00103305260965237,0.564775639828951,0.28718170908959
596,"s(prev_lastRippleHPC_z):prev_DOWN_no",0.0126052253870679,5.06011289955439e-05,0.0888668615753989,0.0311414869724498
597,"s(prev_lastRippleHPC_z):prev_DOWN_no",-0.000159785828053316,1.92991005144687e-07,0.0042172544156485,0.00124390821202489
598,"s(prev_lastRippleHPC_z):prev_DOWN_no",0.000573146491479548,1.28981871623401e-05,0.0351506603329395,0.0103704589675816
599,"s(prev_lastRippleHPC_z):prev_DOWN_no",0.122986747995825,0.000583064171850236,0.590863279691152,0.263043227978207
600,"s(prev_lastRippleHPC_z):prev_DOWN_no",0.00068855383011357,6.1587268352982e-06,0.0236524638542575,0.00697638463748526
601,"s(prev_lastRippleHPC_z):prev_DOWN_no",0.00236110174627147,0.000220126165612885,0.0467429832071833,0.202649027464816
602,"s(prev_lastRippleHPC_z):prev_DOWN_no",0.0923235107089102,0.000594153038825497,0.204444970860175,0.134687288960234
603,"s(prev_lastRippleHPC_z):prev_DOWN_no",9.89775677426863e-05,2.5559822301239e-07,0.00487039637062711,0.00143805852468053
604,"s(prev_lastRippleHPC_z):prev_DOWN_no",0.000429322171886959,8.52806904808208e-06,0.0286983013390639,0.00846938842531357
605,"s(prev_lastRippleHPC_z):prev_DOWN_no",0.09473350905348,0.000982739281349489,0.299962833613794,0.0883527705324434
606,"s(prev_lastRippleHPC_z):prev_DOWN_no",0.052390781176924,0.000555909598452863,0.226858230004387,0.0668527103711132
607,"s(prev_lastRippleHPC_z):prev_DOWN_no",0.128964701830194,0.000697257601669978,0.53309957480692,0.496448317879481
608,"s(prev_lastRippleHPC_z):prev_DOWN_no",0.00176372595877261,1.19307564952575e-05,0.0333631145091068,0.00982551021072289
609,"s(prev_lastRippleHPC_z):prev_DOWN_no",0.000801783395032452,8.6126837267664e-06,0.0282998319050101,0.00834711834171338
610,"s(prev_lastRippleHPC_z):prev_DOWN_no",0.305214233439371,0.00294181286307303,0.64127891707377,0.708783236412422
611,"s(prev_lastRippleHPC_z):prev_DOWN_no",0.0689617798366946,0.00138841181512587,0.231619451065867,1.44340797187543
612,"s(prev_lastRippleHPC_z):prev_DOWN_no",0.00927778045879268,8.98961423614577e-05,0.0907337117094977,0.026778390550489
613,"s(prev_lastRippleHPC_z):prev_DOWN_no",0.0500713825221464,0.000154502167838766,0.171710241757514,0.0815080589341442
614,"s(prev_lastRippleHPC_z):prev_DOWN_no",0.0491718393732326,0.001578832571486,0.153413107752746,1.1226540583849
615,"s(prev_lastRippleHPC_z):prev_DOWN_no",0.0793868349118565,0.00109948083772653,0.382560874887521,0.958945652067065
616,"s(prev_lastRippleHPC_z):prev_DOWN_no",0.251675683552136,0.00187503117023237,0.822494057161162,0.507624644151453
617,"s(prev_lastRippleHPC_z):prev_DOWN_no",0.133568470701759,0.00110975770847502,0.164493820492282,0.32634716230578
618,"s(prev_lastRippleHPC_z):prev_DOWN_no",0.0158687103635398,0.000481713063872472,0.0591721061429363,0.678695845916964
619,"s(prev_lastRippleHPC_z):prev_DOWN_no",0.110638124700754,0.00067089593355343,0.429965378676499,0.112002700876045
620,"s(prev_lastRippleHPC_z):prev_DOWN_no",0.118562592550827,0.00063309875262857,0.466935811440291,0.408659057647794
621,"s(prev_lastRippleHPC_z):prev_DOWN_no",0.0579037943302936,0.000309649584469674,0.30100416423042,0.110676197945037
622,"s(prev_lastRippleHPC_z):prev_DOWN_no",0.13346063472372,0.00177104634062328,0.676234279422501,0.992017129715788
623,"s(prev_lastRippleHPC_z):prev_DOWN_no",0.142199634368771,0.000999988103124212,0.551891666829665,0.618117978066135
624,"s(prev_lastRippleHPC_z):prev_DOWN_no",0.0247153357723713,7.88084182110447e-05,0.116308324937613,0.346693711001742
625,"s(prev_lastRippleHPC_z):prev_DOWN_no",0.147506776004835,0.00114141177046258,0.196207888063102,0.0552213353203837
626,"s(prev_lastRippleHPC_z):prev_DOWN_no",0.00272662071699603,2.56045538712006e-05,0.0489698100216176,0.0144489386485352
627,"s(prev_lastRippleHPC_z):prev_DOWN_no",0.114117190857443,0.000684945304911621,0.416635782488602,0.344662068594328
628,"s(prev_lastRippleHPC_z):prev_DOWN_no",0.116024182048395,0.00132497953954745,0.156364546929227,1.11931450584892
629,"s(prev_lastRippleHPC_z):prev_DOWN_no",0.128696038381202,0.000978267231218527,0.558081673715796,0.28086274448387
630,"s(prev_lastRippleHPC_z):prev_DOWN_no",0.00376578075824163,1.41896399415464e-06,0.0475102075204561,0.0139473977901568
631,"s(prev_lastRippleHPC_z):prev_DOWN_no",0.0813880793023944,0.000385951512201544,0.252676552776553,0.104446225903651
632,"s(prev_lastRippleHPC_z):prev_DOWN_no",0.300392134912258,0.00303123009995201,0.678303658749614,0.433474552725359
633,"s(prev_lastRippleHPC_z):prev_DOWN_no",0.0720768825824365,0.000702673438538134,0.258054117012286,0.0761331843424073
634,"s(prev_lastRippleHPC_z):prev_DOWN_no",0.000743311657870116,1.16787349746777e-05,0.0344026858480393,0.0101493360942469
635,"s(prev_lastRippleHPC_z):prev_DOWN_no",0.116439344094002,0.000624420019490417,0.567653034971499,0.250772841715349
636,"s(prev_lastRippleHPC_z):prev_DOWN_no",0.0310675107773708,0.000426393970215693,0.196483520132837,0.058027349991463
637,"s(prev_lastRippleHPC_z):prev_DOWN_no",0.178624511993396,0.00140094226573945,0.600158556825317,0.642505399424274
638,"s(prev_lastRippleHPC_z):prev_DOWN_no",0.290394577627233,0.00188635462754336,0.917183790530353,0.583431415928321
639,"s(prev_lastRippleHPC_z):prev_DOWN_no",0.00575518855820967,0.00111969637412347,0.0693169553312367,0.95235017118675
640,"s(prev_lastRippleHPC_z):prev_DOWN_no",0.00619840341699707,0.000412948848805595,0.0848626073287654,0.442716448961477
641,"s(prev_lastRippleHPC_z):prev_DOWN_no",0.0154898892057291,0.000149715595367043,0.116829221421597,0.0344135229970237
642,"s(prev_lastRippleHPC_z):prev_DOWN_no",0.0706062081775896,0.000235445060158761,0.384238701829214,0.127621502401826
643,"s(prev_lastRippleHPC_z):prev_DOWN_no",0.0149976689766467,0.000583877333922838,0.119814533707965,0.665708865750451
644,"s(prev_lastRippleHPC_z):prev_DOWN_no",0.0304939254519558,0.00140331893403538,0.158898135509505,1.32334262771661
645,"s(prev_lastRippleHPC_z):prev_DOWN_no",0.152575085452349,0.00227334347266897,0.424165574667027,1.63343618301758
646,"s(prev_lastRippleHPC_z):prev_DOWN_no",0.0238664356695448,0.000565914327987851,0.138677127819886,0.60871807804077
647,"s(prev_lastRippleHPC_z):prev_DOWN_no",0.0592913589597304,0.000358029673942306,0.159431792607166,0.0547123355177892
648,"s(prev_lastRippleHPC_z):prev_DOWN_no",0.14196268140793,0.00101917019711106,0.585131700346461,0.162068757676726
649,"s(prev_lastRippleHPC_z):prev_DOWN_no",0.0168412581473127,0.000166002669150074,0.125823837608259,0.0371615872621885
650,"s(prev_lastRippleHPC_z):prev_DOWN_no",0.118944822587815,0.000870328122052967,0.385403534101386,0.277393638215652
651,"s(prev_lastRippleHPC_z):prev_DOWN_no",0.00239927796689887,2.5005002014861e-05,0.0491535927777922,0.0144977726190212
652,"s(prev_lastRippleHPC_z):prev_DOWN_no",0.00504196287894043,5.24564962519558e-05,0.0678194900193086,0.0200049298468133
653,"s(prev_lastRippleHPC_z):prev_DOWN_no",0.0312635379328565,0.00031715105296656,0.173293130585529,0.0510714739724259
654,"s(prev_lastRippleHPC_z):prev_DOWN_no",0.0160470610745476,0.000175931103140433,0.123249016586502,0.0363356847337866
655,"s(prev_lastRippleHPC_z):prev_DOWN_no",0.200808595537338,0.00216373708378858,0.858503977663095,0.860630160952482
656,"s(prev_lastRippleHPC_z):prev_DOWN_no",0.158937621692447,0.00101229426813553,0.601187216034346,0.499092157883527
657,"s(prev_lastRippleHPC_z):prev_DOWN_no",0.129997445604363,0.00173725802134912,0.260396572621943,1.13820045969124
658,"s(prev_lastRippleHPC_z):prev_DOWN_no",0.00745932894068968,7.2457334230846e-05,0.0826413747110573,0.0243475627265402
659,"s(prev_lastRippleHPC_z):prev_DOWN_no",0.000434530200727146,0.000506517013968084,0.01381615088354,0.756539707866667
660,"s(prev_lastRippleHPC_z):prev_DOWN_no",0.0277933979303437,8.66607334595445e-05,0.124296406800526,0.0432281676283082
661,"s(prev_lastRippleHPC_z):prev_DOWN_no",0.0808195371045999,0.000879566365063689,0.459312892767671,0.616156632315091
662,"s(prev_lastRippleHPC_z):prev_DOWN_no",0.014387573908671,0.000366313250332771,0.0527365010870912,0.429242968753296
663,"s(prev_lastRippleHPC_z):prev_DOWN_no",0.108365412634014,0.000506995446461176,0.427550894422221,0.251686672749644
664,"s(prev_lastRippleHPC_z):prev_DOWN_no",0.000753360533051861,6.41792848265255e-06,0.0255965120260256,0.00754184573641258
665,"s(prev_lastRippleHPC_z):prev_DOWN_no",0.153099198970308,0.00119721773197748,0.706669374082531,0.472052340891602
666,"s(prev_lastRippleHPC_z):prev_DOWN_no",0.281382836939883,0.00239464769273563,0.839441472014322,0.990794781995469
667,"s(prev_lastRippleHPC_z):prev_DOWN_no",0.0404158433337178,0.000168299585076186,0.125799836294455,0.0477086738698538
668,"s(prev_lastRippleHPC_z):prev_DOWN_no",0.15158290188345,0.00109731353625317,0.478706599051841,0.573277294225026
669,"s(prev_lastRippleHPC_z):prev_DOWN_no",0.169082314422053,0.00122082661846526,0.34727677884944,0.3786472440569
670,"s(prev_lastRippleHPC_z):prev_DOWN_no",0.00326432117620712,0.000106224701710606,0.0617484833486647,0.214974289602001
671,"s(prev_lastRippleHPC_z):prev_DOWN_no",0.0330499591362932,0.000586198439177363,0.187924306962461,0.68162659002398
672,"s(prev_lastRippleHPC_z):prev_DOWN_no",0.00146435567265701,1.70403858558483e-05,0.0396291970914488,0.0116843803483699
673,"s(prev_lastRippleHPC_z):prev_DOWN_no",0.0178757340822049,0.000183647568063523,0.12859262817872,0.037925327264784
674,"s(prev_lastRippleHPC_z):prev_DOWN_no",0.04396286833774,0.000408812644719974,0.192859621318181,0.0568430944165791
675,"s(prev_lastRippleHPC_z):prev_DOWN_no",0.142153164510676,0.00103852528394811,0.217491083570559,0.319273167357486
676,"s(prev_lastRippleHPC_z):prev_DOWN_no",-7.86960281535798e-05,0.000367073147751945,0.00930111118977561,0.449292875642001
677,"s(prev_lastRippleHPC_z):prev_DOWN_no",0.0576101469795534,0.000603046502086691,0.231790078215936,0.0684489296085068
678,"s(prev_lastRippleHPC_z):prev_DOWN_no",0.0660189983925585,0.00134774610793095,0.249233830242064,0.77984249577794
679,"s(prev_lastRippleHPC_z):prev_DOWN_no",0.164105031281171,0.000883648516730623,0.576529938327644,0.340905300944903
680,"s(prev_lastRippleHPC_z):prev_DOWN_no",0.0493854900488939,0.00077188026282782,0.211704704383222,0.393546350955045
681,"s(prev_lastRippleHPC_z):prev_DOWN_no",0.003267108374164,3.17893003624517e-05,0.0548911033266071,0.0161993350295523
682,"s(prev_lastRippleHPC_z):prev_DOWN_no",0.0258096746454051,5.98284194943392e-05,0.0410722438776989,0.0167727443042232
683,"s(prev_lastRippleHPC_z):prev_DOWN_no",0.162417616652264,0.00130297398201056,0.486487585349391,0.702195869779516
684,"s(prev_lastRippleHPC_z):prev_DOWN_no",0.00255611320215809,0.000379049009600984,0.042899041261541,0.523617103277472
685,"s(prev_lastRippleHPC_z):prev_DOWN_no",0.00187973210402426,0.000257303084830191,0.040487018363634,0.452976338840267
686,"s(prev_lastRippleHPC_z):prev_DOWN_no",0.273454805651424,0.00237387398099705,0.710444786829686,1.06508949084408
687,"s(prev_lastRippleHPC_z):prev_DOWN_no",0.0181486711693424,0.000582096028354597,0.0837983642459285,0.710845474048025
688,"s(prev_lastRippleHPC_z):prev_DOWN_no",0.00909305543014849,0.000106607935839032,0.0998647402657545,0.0294295663195631
689,"s(prev_lastRippleHPC_z):prev_DOWN_no",0.0785729964554731,0.000295993840790995,0.17530154280351,0.115158492245008
690,"s(prev_lastRippleHPC_z):prev_DOWN_no",0.0806593682835723,0.000327159440140753,0.132751408933487,0.110503655546071
691,"s(prev_lastRippleHPC_z):prev_DOWN_no",0.0382134667435547,0.000555543947885465,0.120744335682837,0.661459083718711
692,"s(prev_lastRippleHPC_z):prev_DOWN_no",0.16255355736206,0.00177017191845745,0.645853573327903,0.761310426942736
693,"s(prev_lastRippleHPC_z):prev_DOWN_no",0.00317054930630434,0.000130941250221566,0.0592606052148874,0.34964067939621
694,"s(prev_lastRippleHPC_z):prev_DOWN_no",0.223040626144563,0.0018513136730906,0.628117074195324,0.176547922724249
695,"s(prev_lastRippleHPC_z):prev_DOWN_no",0.0360122946602806,0.000167345818287589,0.178837887427769,0.15898570110937
696,"s(prev_lastRippleHPC_z):prev_DOWN_no",0.0045008422912618,3.73196986296072e-05,0.0574749455410675,0.0169540359299767
697,"s(prev_lastRippleHPC_z):prev_DOWN_no",0.00394920017501832,4.26412964408911e-05,0.0636627265047904,0.018807331420331
698,"s(prev_lastRippleHPC_z):prev_DOWN_no",0.191049410062558,0.00111904513573957,0.619919377062872,0.330246158107031
699,"s(prev_lastRippleHPC_z):prev_DOWN_no",0.184006610161115,0.00149283796631501,0.55328707416641,0.322983815531186
700,"s(prev_lastRippleHPC_z):prev_DOWN_no",0.105714441542744,0.000859424022923513,0.481946489628945,0.688857605582327
701,"s(prev_lastRippleHPC_z):prev_DOWN_no",0.00498250951847456,5.53183141157371e-05,0.0705622654882182,0.0208095782923756
702,"s(prev_lastRippleHPC_z):prev_DOWN_no",0.0104161472660209,0.000111889006768342,0.100565624214103,0.0296323755338926
703,"s(prev_lastRippleHPC_z):prev_DOWN_no",0.291823394877596,0.00325319532647481,0.747609897002326,1.56172607450693
704,"s(prev_lastRippleHPC_z):prev_DOWN_no",0.0238589450776958,6.10195042840866e-05,0.0610817156160323,0.021577977129396
705,"s(prev_lastRippleHPC_z):prev_DOWN_no",-0.000178760972767478,0.000559096086362852,0.00657849245860909,0.757056626947594
706,"s(prev_lastRippleHPC_z):prev_DOWN_no",0.015005035099354,0.000411889413485135,0.119265369501168,0.49762838139106
707,"s(prev_lastRippleHPC_z):prev_DOWN_no",0.0452635705678821,0.000481887927184802,0.21144795784951,0.0624901735312766
708,"s(prev_lastRippleHPC_z):prev_DOWN_no",0.0362854688154899,0.000385858731196785,0.186659466466619,0.0550562991616994
709,"s(prev_lastRippleHPC_z):prev_DOWN_no",0.195615188425395,0.00168947186569176,0.587651371948134,0.710258864615888
710,"s(prev_lastRippleHPC_z):prev_DOWN_no",0.0173594676740487,0.000164413560652021,0.118516418365987,0.0349704876464433
711,"s(prev_lastRippleHPC_z):prev_DOWN_no",0.0179177269905537,0.000179035813920548,0.130975666405119,0.0386126978194482
712,"s(prev_lastRippleHPC_z):prev_DOWN_no",0.218621639662143,0.00156756362889771,0.811364772515847,0.866913426839816
713,"s(prev_lastRippleHPC_z):prev_DOWN_no",0.0544623724798674,0.00116785948970494,0.224419195900828,1.13776160254792
714,"s(prev_lastRippleHPC_z):prev_DOWN_no",0.306865622549885,0.00265362698445187,0.871706259637068,1.05265326718967
715,"s(prev_lastRippleHPC_z):prev_DOWN_no",0.000298001743723297,0.000648339756521312,0.0199218106329183,0.621302843273358
716,"s(prev_lastRippleHPC_z):prev_DOWN_no",0.195542140950892,0.00131293045124886,0.658029554738408,0.731316438231803
717,"s(prev_lastRippleHPC_z):prev_DOWN_no",0.254969491410516,0.00217890176070064,0.570140363581511,0.639375117103151
718,"s(prev_lastRippleHPC_z):prev_DOWN_no",0.00534424709105785,6.02810511200157e-05,0.0740326312950955,0.0218351524538158
719,"s(prev_lastRippleHPC_z):prev_DOWN_no",0.0368977114418403,0.000277722033476929,0.124955355231858,0.270219556715627
720,"s(prev_lastRippleHPC_z):prev_DOWN_no",0.00315409711178116,0.000623969746964106,0.0614469009791726,0.812638055221562
721,"s(prev_lastRippleHPC_z):prev_DOWN_no",0.122988783433298,0.000933622696449555,0.454258129740434,0.769739003165812
722,"s(prev_lastRippleHPC_z):prev_DOWN_no",0.221909554581354,0.00196551222585575,0.610122719805366,0.695200014250715
723,"s(prev_lastRippleHPC_z):prev_DOWN_no",0.300850861214405,0.00273487544372215,0.799212890983529,0.722762749964022
724,"s(prev_lastRippleHPC_z):prev_DOWN_no",0.00260119570416872,2.41491328992145e-05,0.0469889816412445,0.0138598599391248
725,"s(prev_lastRippleHPC_z):prev_DOWN_no",0.211330379871521,0.00160699728654752,0.748718353921732,0.338354142526446
726,"s(prev_lastRippleHPC_z):prev_DOWN_no",0.0928651712639894,0.00106266628660438,0.337815083953301,0.523833059644341
727,"s(prev_lastRippleHPC_z):prev_DOWN_no",0.00469934849908071,4.50411880298875e-05,0.0641697927464596,0.0189262148468849
728,"s(prev_lastRippleHPC_z):prev_DOWN_no",0.106819774992839,0.00112883110943422,0.28940238437206,1.14775197083948
729,"s(prev_lastRippleHPC_z):prev_DOWN_no",0.0486790090729325,0.000267417395456221,0.152531338809629,0.0505465853646243
730,"s(prev_lastRippleHPC_z):prev_DOWN_no",0.173197129753308,0.00115801326416051,0.578587426614153,0.415269686937516
731,"s(prev_lastRippleHPC_z):prev_DOWN_no",0.121826107443147,0.000673701991351582,0.404311940984232,0.107932057992007
732,"s(prev_lastRippleHPC_z):prev_DOWN_no",-2.01330667621846e-05,7.92949071250443e-08,0.00270351902215784,0.000794806643763109
733,"s(prev_lastRippleHPC_z):prev_DOWN_no",0.0194388207808789,0.000197001484225938,0.133428595766088,0.0393573621962977
734,"s(prev_lastRippleHPC_z):prev_DOWN_no",0.00685866746482944,0.000276592597449233,0.0893317574026742,0.407557303260598
735,"s(prev_lastRippleHPC_z):prev_DOWN_no",0.0714759624843202,0.00099202946291879,0.257351612099705,0.477328515129566
736,"s(prev_lastRippleHPC_z):prev_DOWN_no",0.25581955838215,0.00224810597652908,0.933369804014872,0.909507857776611
737,"s(prev_lastRippleHPC_z):prev_DOWN_no",0.00329514838915124,3.37016423744387e-05,0.0559693624373607,0.0165201968563731
738,"s(prev_lastRippleHPC_z):prev_DOWN_no",0.0530717678957711,0.000125797473942918,0.196142052285554,0.0821007020558105
739,"s(prev_lastRippleHPC_z):prev_DOWN_no",0.00349547865542199,2.5452809297004e-05,0.0476265361733533,0.0140410188094177
740,"s(prev_lastRippleHPC_z):prev_DOWN_no",0.000493289709413425,2.96816174683608e-05,0.0245471527338302,0.147235118356421
741,"s(prev_lastRippleHPC_z):prev_DOWN_no",0.0802355894411937,0.000399184753135806,0.371315460177374,0.292932271289648
742,"s(prev_lastRippleHPC_z):prev_DOWN_no",0.0022113529317469,2.93911531101771e-05,0.0514123064432596,0.0151424944369446
743,"s(prev_lastRippleHPC_z):prev_DOWN_no",0.000584366109518619,9.16900197517592e-06,0.02967243154398,0.00874502127789885
744,"s(prev_lastRippleHPC_z):prev_DOWN_no",0.0453842414923464,0.000451069569726744,0.202208285956715,0.0596766152441529
745,"s(prev_lastRippleHPC_z):prev_DOWN_no",0.00816617909698003,8.88781675659965e-05,0.0924512792559585,0.0272858642646891
746,"s(prev_lastRippleHPC_z):prev_DOWN_no",0.0814412200556056,0.00060278965437693,0.211182926513585,0.355003621272105
747,"s(prev_lastRippleHPC_z):prev_DOWN_no",0.0930618600281159,0.0010705984213349,0.188111195144597,0.907918877689269
748,"s(prev_lastRippleHPC_z):prev_DOWN_no",0.00581311611583679,6.45714363153121e-05,0.078290480383032,0.0231020776163954
749,"s(prev_lastRippleHPC_z):prev_DOWN_no",0.0612325222785168,0.00086596094441165,0.22594814916075,1.0403221840936
750,"s(prev_lastRippleHPC_z):prev_DOWN_no",0.154251678037087,0.00112054124697063,0.417176739348679,0.630116787532269
751,"s(prev_lastRippleHPC_z):prev_DOWN_no",0.146775957915963,0.00117004641358836,0.388634995317857,0.441173967168567
752,"s(prev_lastRippleHPC_z):prev_DOWN_no",0.00171887174856611,4.44316551003779e-05,0.0667076850458639,0.0196741185523729
753,"s(prev_lastRippleHPC_z):prev_DOWN_no",0.0126116002229075,0.000140842057337629,0.112483225220973,0.0331680737971587
754,"s(prev_lastRippleHPC_z):prev_DOWN_no",0.00535881208488931,6.232292063086e-05,0.0761629170799521,0.0224722752134498
755,"s(prev_lastRippleHPC_z):prev_DOWN_no",0.346557671139189,0.00310552543105566,0.718646287467552,1.10329676713695
756,"s(prev_lastRippleHPC_z):prev_DOWN_no",0.287285364250617,0.0026636324402125,0.724627445069038,0.811739743051339
757,"s(prev_lastRippleHPC_z):prev_DOWN_no",0.101290463977281,0.000959648648419088,0.352310671305696,0.835467944364249
758,"s(prev_lastRippleHPC_z):prev_DOWN_no",0.00220191359456834,2.14505713963737e-05,0.0457444123044689,0.0134743576535062
759,"s(prev_lastRippleHPC_z):prev_DOWN_no",0.00206341786267927,9.06832278900159e-05,0.0459898743292977,0.191137094130732
760,"s(prev_lastRippleHPC_z):prev_DOWN_no",0.000226318264550329,0.000232078372108176,0.0136286011860733,0.446794386013806
761,"s(prev_lastRippleHPC_z):prev_DOWN_no",0.0746566398804065,0.000821567321814015,0.274006246743496,0.0809137174996966
762,"s(prev_lastRippleHPC_z):prev_DOWN_no",0.0440613750893517,0.000586715829404948,0.174256858402711,0.421821404409606
763,"s(prev_lastRippleHPC_z):prev_DOWN_no",0.0979068503850327,0.000501550207791582,0.504690175808336,0.131221738889135
764,"s(prev_lastRippleHPC_z):prev_DOWN_no",-4.03955807559697e-05,0.000463435242523422,0.000364215049931449,0.721661047118243
765,"s(prev_lastRippleHPC_z):prev_DOWN_no",0.00307995253181481,3.84886578759736e-05,0.0579769675843176,0.0170762193248541
766,"s(prev_lastRippleHPC_z):prev_DOWN_no",0.225529000424703,0.00193778467550361,0.199679808865207,0.237086689822578
767,"s(prev_lastRippleHPC_z):prev_DOWN_no",0.0683564387550293,9.87055515454877e-05,0.303227032866258,0.127623781727277
768,"s(prev_lastRippleHPC_z):prev_DOWN_no",0.032736857829315,0.000591920527704749,0.153344944778175,0.631859558396943
769,"s(prev_lastRippleHPC_z):prev_DOWN_no",0.0475401826281505,0.000490615471504474,0.213449724749935,0.062918609884256
770,"s(prev_lastRippleHPC_z):prev_DOWN_no",0.0897688614680883,0.00100720760415685,0.11776629028111,0.898099864336254
771,"s(prev_lastRippleHPC_z):prev_DOWN_no",0.0273274082761787,0.000294519872520217,0.165908155652516,0.0489735143813084
772,"s(prev_lastRippleHPC_z):prev_DOWN_no",0.11427020728805,0.000420466985062942,0.241170032805377,0.087023342854579
773,"s(prev_lastRippleHPC_z):prev_DOWN_no",0.00083143411477149,0.000374066054896854,0.0290542238415788,0.495706676186788
774,"s(prev_lastRippleHPC_z):prev_DOWN_no",0.0617680896523254,3.8492813128893e-05,0.345553289023585,0.0922700164470528
775,"s(prev_lastRippleHPC_z):prev_DOWN_no",0.00637319568504324,6.53176891056428e-05,0.0758228669083102,0.0223598770392416
776,"s(prev_lastRippleHPC_z):prev_DOWN_no",0.188547155346088,0.00229375535143361,0.600694348862737,0.966335394101033
777,"s(prev_lastRippleHPC_z):prev_DOWN_no",0.121990845114309,0.00079119704083669,0.579613933333826,0.271130695399581
778,"s(prev_lastRippleHPC_z):prev_DOWN_no",0.015907048927553,0.000158092331743757,0.120836958026548,0.035650230605952
779,"s(prev_lastRippleHPC_z):prev_DOWN_no",6.58494306797763e-05,1.13231309690444e-06,0.0102440883925498,0.00302154987012088
780,"s(prev_lastRippleHPC_z):prev_DOWN_no",0.0911376789802656,0.000452794015960207,0.325525960757111,0.315613818953282
781,"s(prev_lastRippleHPC_z):prev_DOWN_no",0.0929290162636374,0.00104577619914228,0.30962423162275,0.091345230324219
782,"s(prev_lastRippleHPC_z):prev_DOWN_no",0.089154351036826,0.000309765328515147,0.182348642184936,0.141477198285679
783,"s(prev_lastRippleHPC_z):prev_DOWN_no",0.118488228755847,0.00056650988259354,0.490746923663218,0.218094934209038
784,"s(prev_lastRippleHPC_z):prev_DOWN_no",0.155275559029509,0.0006771105377435,0.5414038013347,0.115018102738234
785,"s(prev_lastRippleHPC_z):prev_DOWN_no",0.148440746490506,0.000839336033055488,0.663875787376671,0.224003974013177
786,"s(prev_lastRippleHPC_z):prev_DOWN_no",0.00900850672653686,0.000117992866349944,0.102857228692446,0.0303284211065699
787,"s(prev_lastRippleHPC_z):prev_DOWN_no",0.0117697863443782,0.000116652863059081,0.104610218743907,0.0308653203853432
788,"s(prev_lastRippleHPC_z):prev_DOWN_no",0.194152866982749,0.00154814852815055,0.373020672616939,0.679919336807256
789,"s(prev_lastRippleHPC_z):prev_DOWN_no",-5.59773919404094e-05,0.00130977201218128,0.00125686126409441,1.20544857624871
790,"s(prev_lastRippleHPC_z):prev_DOWN_no",0.00373042294035475,2.53690768663797e-05,0.0485433915166325,0.0143270748099682
791,"s(prev_lastRippleHPC_z):prev_DOWN_no",0.187955756672305,0.00135602108640058,0.538739514972574,0.317937099793132
792,"s(prev_lastRippleHPC_z):prev_DOWN_no",0.125934945591011,0.000967211797850308,0.382501942130153,0.397534105014115
793,"s(prev_lastRippleHPC_z):prev_DOWN_no",0.115222427807538,0.0014218656823283,0.304118978340054,1.2065179310913
794,"s(prev_lastRippleHPC_z):prev_DOWN_no",-2.23292621459592e-06,5.99679834015464e-07,0.00731248298897939,0.00215629479350732
795,"s(prev_lastRippleHPC_z):prev_DOWN_no",0.154941306529873,0.0011201412491698,0.389965161698248,0.490633625027168
796,"s(prev_lastRippleHPC_z):prev_DOWN_no",0.0188291525958535,0.000505143180758769,0.130059392257659,1.0443555566937
797,"s(prev_lastRippleHPC_z):prev_DOWN_no",0.0230953777726599,0.000851735641640739,0.136007045065736,0.787405245020547
798,"s(prev_lastRippleHPC_z):prev_DOWN_no",0.000664361982647854,0.00160954517955672,0.0225579717008619,1.64782046469708
799,"s(prev_lastRippleHPC_z):prev_DOWN_no",0.119988228446697,0.000573073740796781,0.391642205550199,0.244629795814199
800,"s(prev_lastRippleHPC_z):prev_DOWN_no",0.151342893951806,0.000647167007218028,0.460318467198079,0.185220967207863
801,"s(prev_lastRippleHPC_z):prev_DOWN_no",0.221527189134609,0.0019159250307919,0.307206676079774,0.149028863985472
802,"s(prev_lastRippleHPC_z):prev_DOWN_no",0.0305681828907369,0.000362281282060492,0.169190424228395,0.412543732013394
803,"s(prev_lastRippleHPC_z):prev_DOWN_no",0.0489499280033048,0.000524903352615223,0.2253435966355,0.066463445569895
804,"s(prev_lastRippleHPC_z):prev_DOWN_no",0.0550351772319431,0.000575233655775519,0.235231759044945,0.0693659443680754
805,"s(prev_lastRippleHPC_z):prev_DOWN_no",0.00188517974565627,2.05398508379262e-05,0.0438970163332107,0.012928765735953
806,"s(prev_lastRippleHPC_z):prev_DOWN_no",0.000589333598455255,8.12888188023996e-06,0.0281379937830352,0.00830227731209554
807,"s(prev_lastRippleHPC_z):prev_DOWN_no",0.096357309227578,0.00128557898111985,0.230006836920056,1.4924954375506
808,"s(prev_lastRippleHPC_z):prev_DOWN_no",0.00484097035508135,5.62304223176397e-05,0.0722432302720846,0.0213270860964852
809,"s(prev_lastRippleHPC_z):prev_DOWN_no",0.106379947418786,0.00156857069142186,0.598770647909874,1.06378817319994
810,"s(prev_lastRippleHPC_z):prev_DOWN_no",0.157716998657201,0.00107676682809396,0.213354532778805,0.295752777974102
811,"s(prev_lastRippleHPC_z):prev_DOWN_no",0.0247541029511389,0.000247327221583417,0.151168773229479,0.0446019867436335
812,"s(prev_lastRippleHPC_z):prev_DOWN_no",0.0458610981849956,0.00074460868821054,0.20610965105671,0.529202730167848
813,"s(prev_lastRippleHPC_z):prev_DOWN_no",0.000125104808786247,3.30206069621285e-07,0.00555281329008435,0.00163642334971242
814,"s(prev_lastRippleHPC_z):prev_DOWN_no",0.000647108034321775,6.93560554150554e-06,0.02563616287755,0.00756281287036151
815,"s(prev_lastRippleHPC_z):prev_DOWN_no",0.146862680225189,0.00117639523261115,0.448801602834683,0.678199940826194
816,"s(prev_lastRippleHPC_z):prev_DOWN_no",0.168808725281658,0.00137450498416594,0.449049684044683,0.26145826041142
817,"s(prev_lastRippleHPC_z):prev_DOWN_no",0.00325677789149115,3.11320665231382e-05,0.0526946864992561,0.0155533143550514
818,"s(prev_lastRippleHPC_z):prev_DOWN_no",0.0730984715365102,0.000384171286099118,0.281788112083607,0.129562481458112
819,"s(prev_lastRippleHPC_z):prev_DOWN_no",0.0609744600361948,0.000143164239101916,0.164880968126274,0.0949911326830818
820,"s(prev_lastRippleHPC_z):prev_DOWN_no",0.108415830868264,0.00204657606123449,0.329011575228343,1.74770853293817
821,"s(prev_lastRippleHPC_z):prev_DOWN_no",0.214515105721261,0.00191982025258983,0.389122603169876,0.627321405455241
822,"s(prev_lastRippleHPC_z):prev_DOWN_no",0.121839981622105,0.000763208278773333,0.403308336936939,0.661176627724473
823,"s(prev_lastRippleHPC_z):prev_DOWN_no",0.000390617945839722,7.74040965832809e-06,0.0264144798659811,0.00778711204186913
824,"s(prev_lastRippleHPC_z):prev_DOWN_no",0.000100254221126583,5.52222592789549e-07,0.00730342503542893,0.00215441007800306
825,"s(prev_lastRippleHPC_z):prev_DOWN_no",0.0632447494106199,0.00025303587095919,0.357294492286055,0.0992950174335297
826,"s(prev_lastRippleHPC_z):prev_DOWN_no",0.000947098676139291,1.01782221748968e-05,0.0300876414742918,0.00886670666220109
827,"s(prev_lastRippleHPC_z):prev_DOWN_no",0.0256670533732803,0.000296986975540024,0.159104355371615,0.124087483627083
828,"s(prev_lastRippleHPC_z):prev_DOWN_no",0.0185740987349172,0.000184660314917395,0.132142452980375,0.0389612135496087
829,"s(prev_lastRippleHPC_z):prev_DOWN_no",0.0915638095572451,0.000326024643192101,0.51396521742917,0.131227082452147
830,"s(prev_lastRippleHPC_z):prev_DOWN_no",0.0108374667933502,0.000114860400241379,0.105596148664545,0.0311228672691604
831,"s(prev_lastRippleHPC_z):prev_DOWN_no",0.100172411927743,0.00119575217553638,0.303105705596535,0.612362464689328
832,"s(prev_lastRippleHPC_z):prev_DOWN_no",0.0231970957816099,5.68759944712495e-05,0.0997157105000824,0.0582298726393905
833,"s(prev_lastRippleHPC_z):prev_DOWN_no",0.167772222330365,0.00136703449126434,0.693245758028673,0.661908008248947
834,"s(prev_lastRippleHPC_z):prev_DOWN_no",0.000478049671078118,0.000176859888296738,0.0221863660185445,0.385225788495955
835,"s(prev_lastRippleHPC_z):prev_DOWN_no",0.0293189163176848,4.06101603614401e-05,0.0837975981321606,0.0536490080655696
836,"s(prev_lastRippleHPC_z):prev_DOWN_no",0.265778568313292,0.00231290347325296,0.522809891192606,0.95097252985372
837,"s(prev_lastRippleHPC_z):prev_DOWN_no",0.0196768113566792,0.000205243066617251,0.136795808061549,0.040333788464536
838,"s(prev_lastRippleHPC_z):prev_DOWN_no",-9.68039735749215e-06,9.60870929396597e-07,0.0093762898052521,0.0027684501128798
839,"s(prev_lastRippleHPC_z):prev_DOWN_no",0.0636665164284693,0.000274578270297031,0.227457925763354,0.0689877138733995
840,"s(prev_lastRippleHPC_z):prev_DOWN_no",0.0611784551007322,0.000565451209376227,0.273954581985677,0.864184496550025
841,"s(prev_lastRippleHPC_z):prev_DOWN_no",0.0133552009131117,0.000164347389232571,0.122186226693935,0.0360462908247869
842,"s(prev_lastRippleHPC_z):prev_DOWN_no",0.00710689923702823,8.87768307995611e-05,0.0892394144363529,0.0262999438771098
843,"s(prev_lastRippleHPC_z):prev_DOWN_no",0.333061187975023,0.0030146267321478,0.429457063981897,0.925202296455506
844,"s(prev_lastRippleHPC_z):prev_DOWN_no",0.00542049247242371,0.000331356832047186,0.0704474310205185,0.65888352050484
845,"s(prev_lastRippleHPC_z):prev_DOWN_no",0.0226586771350679,0.000242783497974364,0.149671141152497,0.0441346071977912
846,"s(prev_lastRippleHPC_z):prev_DOWN_no",0.198926409943545,0.00177079216971565,0.659938594474195,0.499257811785611
847,"s(prev_lastRippleHPC_z):prev_DOWN_no",0.00313859582805165,2.4018511451761e-05,0.047432657933388,0.0139841972323333
848,"s(prev_lastRippleHPC_z):prev_DOWN_no",0.0944242709782008,0.000354279934894038,0.316372434690915,0.0937828359768252
849,"s(prev_lastRippleHPC_z):prev_DOWN_no",0.18763300933495,0.00156539611423988,0.427777566953069,0.559680729935166
850,"s(prev_lastRippleHPC_z):prev_DOWN_no",0.188259403081904,0.00132118497900959,0.823447895432497,0.44903997364605
851,"s(prev_lastRippleHPC_z):prev_DOWN_no",0.139500115012625,0.00148808186379059,0.297213161017789,1.3215524551026
852,"s(prev_lastRippleHPC_z):prev_DOWN_no",0.167640213320382,0.00129264063912268,0.506145888820886,0.519690719741396
853,"s(prev_lastRippleHPC_z):prev_DOWN_no",0.0732859777777346,0.000411488509337047,0.144045808535982,0.0410557339272441
854,"s(prev_lastRippleHPC_z):prev_DOWN_no",0.245397663994891,0.00200248688475332,0.554737607854028,0.854863864077205
855,"s(prev_lastRippleHPC_z):prev_DOWN_no",0.0614639120037133,0.000123445546466755,0.186505766774854,0.0770017718354175
856,"s(prev_lastRippleHPC_z):prev_DOWN_no",0.0390162155187825,9.22254806409376e-05,0.126094529925915,0.0612706052863214
857,"s(prev_lastRippleHPC_z):prev_DOWN_no",0.0354192897526522,0.000360605363038483,0.193345238869603,0.0570499285627693
858,"s(prev_lastRippleHPC_z):prev_DOWN_no",0.00350836165345036,4.91992638888996e-05,0.0678846929392657,0.0200040331044
859,"s(prev_lastRippleHPC_z):prev_DOWN_no",0.00149959090535745,0.000810217655796663,0.0389868168255179,0.838387648804903
860,"s(prev_lastRippleHPC_z):prev_DOWN_no",0.171434496560023,0.00155669631224716,0.629884648045983,0.707638674035523
861,"s(prev_lastRippleHPC_z):prev_DOWN_no",0.0194725375827289,0.00021723513423875,0.144206923893299,0.0425299747698185
862,"s(prev_lastRippleHPC_z):prev_DOWN_no",0.182076569583987,0.00104731674407187,0.739108479331522,0.225668636234318
863,"s(prev_lastRippleHPC_z):prev_DOWN_no",0.0860192483797579,0.000912320316085045,0.33163310168987,0.645797606733264
864,"s(prev_lastRippleHPC_z):prev_DOWN_no",0.0462586091282731,0.000620758769185496,0.200858871264614,0.483543786083314
865,"s(prev_lastRippleHPC_z):prev_DOWN_no",0.0216293542046619,0.000218448380814765,0.1413849516332,0.041699935230565
866,"s(prev_lastRippleHPC_z):prev_DOWN_no",0.00250244993843651,0.000206940913682643,0.0527401367459334,0.274603374492568
867,"s(prev_lastRippleHPC_z):prev_DOWN_no",0.00973497895233066,0.00011591216658685,0.104083049977674,0.0306956068635815
868,"s(prev_lastRippleHPC_z):prev_DOWN_no",0.0386516904853034,0.000420804221850546,0.197482181699099,0.0582853109494536
869,"s(prev_lastRippleHPC_z):prev_DOWN_no",0.00080595521267135,0.000408558782517124,0.0292875333762204,0.702773192509545
870,"s(prev_lastRippleHPC_z):prev_DOWN_no",0.00505962836892415,0.000614281316949997,0.0734942502997735,0.752058430606835
871,"s(prev_lastRippleHPC_z):prev_DOWN_no",0.0106538412954107,0.000107819944656063,0.101281466553705,0.0298525962079779
872,"s(prev_lastRippleHPC_z):prev_DOWN_no",0.033898132501009,0.00137653657826882,0.189676029301546,0.921356264999143
873,"s(prev_lastRippleHPC_z):prev_DOWN_no",0.121613440058313,0.000640908666406517,0.406161289905449,0.448375740929506
874,"s(prev_lastRippleHPC_z):prev_DOWN_no",0.025670223432976,0.000277132853583044,0.160262626210163,0.0472408761180153
875,"s(prev_lastRippleHPC_z):prev_DOWN_no",0.0607061531365449,0.000170569536215992,0.187360637190348,0.114745050084476
876,"s(prev_lastRippleHPC_z):prev_DOWN_no",0.307441219163092,0.00283621368562005,0.696967295387884,1.02926549921918
877,"s(prev_lastRippleHPC_z):prev_DOWN_no",0.000557402438098542,7.16049345641121e-06,0.0269227595030087,0.0079379591833686
878,"s(prev_lastRippleHPC_z):prev_DOWN_no",0.0525623642077724,0.00121348097851143,0.189778485434576,1.28461000760094
879,"s(prev_lastRippleHPC_z):prev_DOWN_no",0.0452709606489492,0.00236375999508104,0.210420305575984,1.26291734070328
880,"s(prev_lastRippleHPC_z):prev_DOWN_no",0.000594140983147362,1.01919456372245e-05,0.0309418992787405,0.00912442715023139
881,"s(prev_lastRippleHPC_z):prev_DOWN_no",6.49259881679853e-06,2.49650432306606e-05,0.0100521702036623,0.129080251615167
882,"s(prev_lastRippleHPC_z):prev_DOWN_no",0.116926936548159,0.000913358534860925,0.268033719616808,0.12495065883618
883,"s(prev_lastRippleHPC_z):prev_DOWN_no",0.0820285465303803,0.000859592355073287,0.364176313743189,0.784166903324887
884,"s(prev_lastRippleHPC_z):prev_DOWN_no",0.181287422957303,0.000903368935195153,0.646706119604879,0.294770482893354
885,"s(prev_lastRippleHPC_z):prev_DOWN_no",0.00878353281189526,7.57832810322458e-05,0.0827809094029605,0.0244036715278227
886,"s(prev_lastRippleHPC_z):prev_DOWN_no",0.0268146060157406,0.000539504577770492,0.154508440380377,0.715181160999109
887,"s(prev_lastRippleHPC_z):prev_DOWN_no",0.00053674826747141,1.45045675529709e-05,0.0245491237615207,0.0609199511959055
888,"s(prev_lastRippleHPC_z):prev_DOWN_no",-3.5236501356728e-05,1.20181335215129e-07,0.00328464992363235,0.00097696431293155
889,"s(prev_lastRippleHPC_z):prev_DOWN_no",0.109537474871227,0.000600273504472777,0.402896729641483,0.379247767753086
890,"s(prev_lastRippleHPC_z):prev_DOWN_no",0.116215929549759,0.000601211608701408,0.388808696662696,0.309883030276534
891,"s(prev_lastRippleHPC_z):prev_DOWN_no",0.150523837529842,0.00117496094038513,0.453313623403111,0.325484271980517
892,"s(prev_lastRippleHPC_z):prev_DOWN_no",0.00538204034813639,6.18965980886354e-05,0.0739222488847618,0.0218401565586486
893,"s(prev_lastRippleHPC_z):prev_DOWN_no",0.00624359675705399,0.00128293061880602,0.0831584952413305,1.31296049963828
894,"s(prev_lastRippleHPC_z):prev_DOWN_no",0.189174902678747,0.00162354272531556,0.708002536189776,0.254719254286422
895,"s(prev_lastRippleHPC_z):prev_DOWN_no",0.0890649436637805,0.000367723794381416,0.461364545503291,0.153265743821567
896,"s(prev_lastRippleHPC_z):prev_DOWN_no",0.00469319691613634,3.58456197976933e-05,0.0566734839935713,0.0167092667547451
897,"s(prev_lastRippleHPC_z):prev_DOWN_no",0.0243403139108507,0.000269934578215141,0.160768455885519,0.0475310831108023
898,"s(prev_lastRippleHPC_z):prev_DOWN_no",0.0253879463526312,0.00208726176452263,0.14399001129274,1.38652212208321
899,"s(prev_lastRippleHPC_z):prev_DOWN_no",0.0042886734652452,8.90898315227218e-05,0.0686094304837516,0.217497368984126
900,"s(prev_lastRippleHPC_z):prev_DOWN_no",0.00659646558309746,6.70637483273322e-05,0.0796310713539844,0.0234950477040558
901,"s(prev_lastRippleHPC_z):prev_DOWN_no",-0.0624633629370503,8.17873576568855e-06,0.0276263947064277,0.0081436251974443
902,"s(prev_lastRippleHPC_z):prev_DOWN_no",0.000124685585229045,0.000445396802901772,0.0119240488436915,0.522841345850216
903,"s(prev_lastRippleHPC_z):prev_DOWN_no",0.0556380011984583,0.000600399226831541,0.238759952317242,0.0704178836999588
904,"s(prev_lastRippleHPC_z):prev_DOWN_no",0.00141589325289626,0.000682054437912411,0.0458018241761502,0.879082257272242
905,"s(prev_lastRippleHPC_z):prev_DOWN_no",0.167914493798956,0.0010994851358345,0.171976383501104,0.130567974325124
906,"s(prev_lastRippleHPC_z):prev_DOWN_no",-1.01189773502597e-05,0.000996679732508459,0.00269513056837423,0.938454530049905
907,"s(prev_lastRippleHPC_z):prev_DOWN_no",0.0614311631609246,0.000645356673948239,0.24747912824647,0.073004325807351
908,"s(prev_lastRippleHPC_z):prev_DOWN_no",0.00264835262922158,0.000442582684678417,0.044054117365701,0.675548315692659
909,"s(prev_lastRippleHPC_z):prev_DOWN_no",0.0922110908301628,0.000667111561321135,0.319864260833043,0.559113073671164
910,"s(prev_lastRippleHPC_z):prev_DOWN_no",0.159215816490687,0.00108394366548955,0.622893913812312,0.474191252848175
911,"s(prev_lastRippleHPC_z):prev_DOWN_no",0.061192054089438,0.00060467063382856,0.241073111649323,0.0712094245648593
912,"s(prev_lastRippleHPC_z):prev_DOWN_no",0.00119126822962912,1.98847650565954e-05,0.0430990502916874,0.0126963863254964
913,"s(prev_lastRippleHPC_z):prev_DOWN_no",0.0698281823250548,0.000538393689257441,0.253674050003036,0.113649199925658
914,"s(prev_lastRippleHPC_z):prev_DOWN_no",0.0154141362053704,0.000166724076458112,0.126474684576114,0.0373221081063019
915,"s(prev_lastRippleHPC_z):prev_DOWN_no",0.17996610386472,0.00125864472034896,0.161466352825894,0.319305336982508
916,"s(prev_lastRippleHPC_z):prev_DOWN_no",0.045397204127716,0.00125472125392822,0.228922026969414,1.01061400142062
917,"s(prev_lastRippleHPC_z):prev_DOWN_no",0.137249752484642,0.00138808396126823,0.312105822361547,0.84473746327684
918,"s(prev_lastRippleHPC_z):prev_DOWN_no",0.00313484002931919,3.16191383957212e-05,0.0520857633002433,0.0153604184510747
919,"s(prev_lastRippleHPC_z):prev_DOWN_no",0.00204723601585322,7.0264740561425e-05,0.0453792784587416,0.225703917285566
920,"s(prev_lastRippleHPC_z):prev_DOWN_no",0.2917448032143,0.00257630150621788,0.668610327302623,0.308605068042362
921,"s(prev_lastRippleHPC_z):prev_DOWN_no",0.0522410763317209,0.000544674811659943,0.219628255227444,0.0647580121810402
922,"s(prev_lastRippleHPC_z):prev_DOWN_no",0.00908996061307032,9.79243467863643e-05,0.0937332246909416,0.0276809181275731
923,"s(prev_lastRippleHPC_z):prev_DOWN_no",0.314025207857727,0.00175583418265468,0.444762311826106,0.879026373163911
924,"s(prev_lastRippleHPC_z):prev_DOWN_no",-3.985733408296e-05,2.28742721774594e-07,0.00457278254286274,0.00134950953097685
925,"s(prev_lastRippleHPC_z):prev_DOWN_no",0.0104334923439628,0.00110369412959645,0.0967395545636922,1.35196574769394
926,"s(prev_lastRippleHPC_z):prev_DOWN_no",0.000127071874871376,1.69759873970371e-06,0.0123843314929031,0.00364977968016075
927,"s(prev_lastRippleHPC_z):prev_DOWN_no",0.000249838161730409,0.000209390366787478,0.0202444168821193,0.480332775261943
928,"s(prev_lastRippleHPC_z):prev_DOWN_no",0.00700834072412171,6.39273399799801e-05,0.0773626957300095,0.0228061667360128
929,"s(prev_lastRippleHPC_z):prev_DOWN_no",0.075800704561841,0.000209828818214234,0.257194155268895,0.0785613893467092
930,"s(prev_lastRippleHPC_z):prev_DOWN_no",0.185423656987792,0.00243098828987098,0.679466924017217,0.870621297607823
931,"s(prev_lastRippleHPC_z):prev_DOWN_no",0.242681701046341,0.00160618288203343,0.605413182779958,0.212709556608442
932,"s(prev_lastRippleHPC_z):prev_DOWN_no",0.00143258831740933,1.20318341746348e-05,0.0229494491867859,0.0663816732810496
933,"s(prev_lastRippleHPC_z):prev_DOWN_no",0.00316229894014164,2.91420027066481e-05,0.0539390756544178,0.0159136716351945
934,"s(prev_lastRippleHPC_z):prev_DOWN_no",0.0031200988598572,0.000753045736063188,0.0645108921448171,0.835413400206118
935,"s(prev_lastRippleHPC_z):prev_DOWN_no",0.145007942850103,0.000783225035119177,0.463553021642407,0.460977118261321
936,"s(prev_lastRippleHPC_z):prev_DOWN_no",0.172415068510259,0.00133394729742656,0.57331113777192,0.163638479346781
937,"s(prev_lastRippleHPC_z):prev_DOWN_no",0.129442493732267,0.00101018574656138,0.191065486704189,0.523754792511879
938,"s(prev_lastRippleHPC_z):prev_DOWN_no",0.0239571736795003,0.000611295926059466,0.1470255728966,0.609251706543931
939,"s(prev_lastRippleHPC_z):prev_DOWN_no",0.0290075390879592,0.000336303347237847,0.178424427014074,0.0525826995699389
940,"s(prev_lastRippleHPC_z):prev_DOWN_no",0.022350568664212,0.000348429342186065,0.146845834873027,0.298354819905158
941,"s(prev_lastRippleHPC_z):prev_DOWN_no",0.00274187665850256,2.86785985684577e-05,0.0507713511409037,0.014969720377395
942,"s(prev_lastRippleHPC_z):prev_DOWN_no",0.083134549141481,0.000397630969900658,0.363506233733348,0.0952477408952054
943,"s(prev_lastRippleHPC_z):prev_DOWN_no",-2.21852467552353e-05,7.18399134246356e-09,0.000832274810260523,0.000244786614566409
944,"s(prev_lastRippleHPC_z):prev_DOWN_no",0.147624761973569,0.00120578995690258,0.381909877498678,0.133014802352682
945,"s(prev_lastRippleHPC_z):prev_DOWN_no",0.108179553062332,0.000412319671903745,0.400950864297387,0.170599426589629
946,"s(prev_lastRippleHPC_z):prev_DOWN_no",0.00719620796298681,7.55864110171065e-05,0.0838050572069314,0.0247293361132397
947,"s(prev_lastRippleHPC_z):prev_DOWN_no",-2.0865683453053e-05,0.000193129234178938,0.00852832971237799,0.34328140924135
948,"s(prev_lastRippleHPC_z):prev_DOWN_no",0.16653889194405,0.00124153539190896,0.613354247546831,0.77396893209907
949,"s(prev_lastRippleHPC_z):prev_DOWN_no",0.0424781336556217,0.000461317679306952,0.217076918177661,0.0639778115344916
950,"s(prev_lastRippleHPC_z):prev_DOWN_no",0.0716455750925098,0.000353375078576263,0.362471906629147,0.0894231813876424
951,"s(prev_lastRippleHPC_z):prev_DOWN_no",0.0273429595411985,7.01268740031843e-05,0.139887456739484,0.0577153554535486
952,"s(prev_lastRippleHPC_z):prev_DOWN_no",0.169280110128185,0.000896382344341597,0.361593848702663,0.322492716026714
953,"s(prev_lastRippleHPC_z):prev_DOWN_no",0.232027246439593,0.00160285136503172,0.72324030834737,0.727626626037414
954,"s(prev_lastRippleHPC_z):prev_DOWN_no",0.000361179656335864,0.00153123363201961,0.0398408638130678,1.9034179403151
955,"s(prev_lastRippleHPC_z):prev_DOWN_no",0.000490502374327129,7.54901437397269e-06,0.0270671177054643,0.00797419500011701
956,"s(prev_lastRippleHPC_z):prev_DOWN_no",0.00526666282227062,0.000138031660629344,0.0706928213277598,0.191336657424381
957,"s(prev_lastRippleHPC_z):prev_DOWN_no",0.0894066284214254,0.000454176697078994,0.431178644298159,0.110704367514058
958,"s(prev_lastRippleHPC_z):prev_DOWN_no",0.0916355158327535,0.000296362317911835,0.279155502214001,0.177757967417907
959,"s(prev_lastRippleHPC_z):prev_DOWN_no",0.255379561580767,0.00235531671864655,0.579098288242786,0.630578831685965
960,"s(prev_lastRippleHPC_z):prev_DOWN_no",0.000126431136251881,0.000327226225210413,0.0103005029711633,0.511870162766074
961,"s(prev_lastRippleHPC_z):prev_DOWN_no",0.00450837794954673,3.80112655834967e-05,0.0601014771327039,0.0177081060253931
962,"s(prev_lastRippleHPC_z):prev_DOWN_no",0.0108730467862221,0.000100879314567018,0.0950612464676304,0.0280115297638518
963,"s(prev_lastRippleHPC_z):prev_DOWN_no",0.000342024118106465,5.44594187682857e-06,0.022107410426524,0.00652118903471484
964,"s(prev_lastRippleHPC_z):prev_DOWN_no",0.173640667587822,0.00130150119228416,0.719473770036549,0.191373578108062
965,"s(prev_lastRippleHPC_z):prev_DOWN_no",0.0305552464831669,0.000311474658670169,0.16951213301354,0.0500063097182537
966,"s(prev_lastRippleHPC_z):prev_DOWN_no",0.00566747089240227,0.000230140322395563,0.0755512293631623,0.35683568533416
967,"s(prev_lastRippleHPC_z):prev_DOWN_no",0.0895633745997708,4.72012288324604e-06,0.103796146898992,0.038823252161365
968,"s(prev_lastRippleHPC_z):prev_DOWN_no",0.0284866462230324,0.000519881620266751,0.170498892107036,0.36941377778894
969,"s(prev_lastRippleHPC_z):prev_DOWN_no",0.010790425828815,0.000711428202437747,0.100035256246235,0.72327337190295
970,"s(prev_lastRippleHPC_z):prev_DOWN_no",0.0450552018199231,0.000904581278696758,0.205288015075039,0.650122861400292
971,"s(prev_lastRippleHPC_z):prev_DOWN_no",0.00816282440349081,8.46514730663445e-05,0.0871527898394753,0.0256486138794325
972,"s(prev_lastRippleHPC_z):prev_DOWN_no",0.0449882620452717,7.98160359345224e-05,0.155754222968161,0.0597160642619219
973,"s(prev_lastRippleHPC_z):prev_DOWN_no",0.103187115604433,0.00118425063563065,0.403746332873041,0.835187743475499
974,"s(prev_lastRippleHPC_z):prev_DOWN_no",0.0108465446163635,0.000134269992687874,0.110882465655223,0.0327107970901468
975,"s(prev_lastRippleHPC_z):prev_DOWN_no",0.00646753939556977,9.70136334476603e-05,0.0918851090338904,0.0270750154459184
976,"s(prev_lastRippleHPC_z):prev_DOWN_no",0.0623243724016547,0.000106986349531619,0.31294036261943,0.120558069930647
977,"s(prev_lastRippleHPC_z):prev_DOWN_no",0.0337382249197065,0.000340282142844123,0.180417042534515,0.0532039636528043
978,"s(prev_lastRippleHPC_z):prev_DOWN_no",0.0725596056752478,0.00078430571017995,0.264220773114768,0.0778919312126662
979,"s(prev_lastRippleHPC_z):prev_DOWN_no",0.038778082718455,4.53959624430531e-05,0.0907928837467436,0.0304491579034265
980,"s(prev_lastRippleHPC_z):prev_DOWN_no",0.00101449866776182,0.000216055890620054,0.0425456496005403,0.208226945563319
981,"s(prev_lastRippleHPC_z):prev_DOWN_no",0.00285392484651936,3.45816766484217e-05,0.0569216494190457,0.0167807297212989
982,"s(prev_lastRippleHPC_z):prev_DOWN_no",0.217012648906335,0.00157916120171833,0.738233447172228,0.683850876356171
983,"s(prev_lastRippleHPC_z):prev_DOWN_no",0.128505802215136,0.000622655947613743,0.451418564102713,0.405992232677754
984,"s(prev_lastRippleHPC_z):prev_DOWN_no",0.00365122284507091,3.19551214375354e-05,0.0535635743518842,0.0158572274382927
985,"s(prev_lastRippleHPC_z):prev_DOWN_no",0.0204594505390228,0.000207767122799768,0.138057382622979,0.0407558130593879
986,"s(prev_lastRippleHPC_z):prev_DOWN_no",0.305125229672325,0.00262920773883104,0.846801635287613,1.18660565727321
987,"s(prev_lastRippleHPC_z):prev_DOWN_no",0.306704202578097,0.00220464905220067,0.692689214464639,0.50363665021883
988,"s(prev_lastRippleHPC_z):prev_DOWN_no",0.07828511792441,0.000473519163735359,0.123344998057952,0.0475236892476014
989,"s(prev_lastRippleHPC_z):prev_DOWN_no",0.0109346396659795,0.000192328301451231,0.096502519888701,0.344031232314396
990,"s(prev_lastRippleHPC_z):prev_DOWN_no",0.103858428026554,0.000479989872475108,0.365128492165646,0.128500898680085
991,"s(prev_lastRippleHPC_z):prev_DOWN_no",0.0713633903103803,0.000453034007249238,0.133493332657134,0.0532161990323607
992,"s(prev_lastRippleHPC_z):prev_DOWN_no",0.17002777715679,0.000806916923826569,0.4759324687024,0.148354434727463
993,"s(prev_lastRippleHPC_z):prev_DOWN_no",0.128142334095905,0.00134057179699179,0.360577302731892,0.106344776008543
994,"s(prev_lastRippleHPC_z):prev_DOWN_no",0.078370397934223,0.000241406178027989,0.357944878141837,0.21404874253092
995,"s(prev_lastRippleHPC_z):prev_DOWN_no",0.00448943364464949,0.00101416267073983,0.0768756279893679,1.02712739670089
996,"s(prev_lastRippleHPC_z):prev_DOWN_no",-0.165766361115045,0.000137233998896348,0.111218500730449,0.0328021282097676
997,"s(prev_lastRippleHPC_z):prev_DOWN_no",0.0702117240451585,0.000768500898925122,0.268496461137663,0.0791053433569206
998,"s(prev_lastRippleHPC_z):prev_DOWN_no",0.0130512483770193,0.000782982720836868,0.105147340147172,0.818284513922453
999,"s(prev_lastRippleHPC_z):prev_DOWN_no",0.102016257649655,0.000881973223998956,0.237627387524642,0.376961110012255
1000,"s(prev_lastRippleHPC_z):prev_DOWN_no",0.138370020912365,0.00106133356755513,0.121010629478505,0.135565516333204
1,"s(prev_lastRippleHPC_z):prev_DOWN_yes",0.26323615561832,0.00270339001435372,0.503318798039322,0.712386977240443
2,"s(prev_lastRippleHPC_z):prev_DOWN_yes",0.16655853595512,0.00202050844019165,0.480202881435465,0.566730278027143
3,"s(prev_lastRippleHPC_z):prev_DOWN_yes",0.0759974053900283,0.000476237427654304,0.15834790782269,0.174430698052208
4,"s(prev_lastRippleHPC_z):prev_DOWN_yes",0.0400738063742585,0.000443098354782455,0.228792589504664,0.0934360274151548
5,"s(prev_lastRippleHPC_z):prev_DOWN_yes",0.00752259549972223,8.32329957641902e-05,0.0982976995220075,0.0289929550002917
6,"s(prev_lastRippleHPC_z):prev_DOWN_yes",0.027877993493834,0.000119901814120153,0.109339523431858,0.0724806200165422
7,"s(prev_lastRippleHPC_z):prev_DOWN_yes",0.0459629492200895,0.000472573921654696,0.243336671914279,0.0717065818090368
8,"s(prev_lastRippleHPC_z):prev_DOWN_yes",0.0300273605910082,0.000182896208110728,0.149278589371993,0.0584966587601187
9,"s(prev_lastRippleHPC_z):prev_DOWN_yes",0.0162138008535955,0.000188077166878995,0.15467297032749,0.0456130684075736
10,"s(prev_lastRippleHPC_z):prev_DOWN_yes",0.0323769220134791,0.000326414177982293,0.21537998612353,0.0635185232793592
11,"s(prev_lastRippleHPC_z):prev_DOWN_yes",0.173282557117219,0.0010451947595991,0.602392834086476,0.44528377022385
12,"s(prev_lastRippleHPC_z):prev_DOWN_yes",0.0287592543796604,0.000268431417915135,0.0821663667552831,0.643502650321452
13,"s(prev_lastRippleHPC_z):prev_DOWN_yes",0.177580232296447,0.00168092308146889,0.166920384842265,0.445207830205627
14,"s(prev_lastRippleHPC_z):prev_DOWN_yes",0.31859926710813,0.00288309046328135,0.501819729387571,0.603432089584188
15,"s(prev_lastRippleHPC_z):prev_DOWN_yes",0.0997497833421717,0.000621256984390949,0.362829578550166,0.218206553424294
16,"s(prev_lastRippleHPC_z):prev_DOWN_yes",0.0847683721631389,0.000319014202406665,0.174943485705445,0.0752298263882028
17,"s(prev_lastRippleHPC_z):prev_DOWN_yes",0.000449107413293959,1.10258418379303e-05,0.0370003355119761,0.0109353171100618
18,"s(prev_lastRippleHPC_z):prev_DOWN_yes",0.117358054271299,0.000505800514375239,0.635914664862249,0.161362543953068
19,"s(prev_lastRippleHPC_z):prev_DOWN_yes",0.0289440737289226,0.000574679975900869,0.201399190085448,0.368012192860374
20,"s(prev_lastRippleHPC_z):prev_DOWN_yes",0.0482760447423765,0.000665253830350731,0.261906191022465,0.304641686906276
21,"s(prev_lastRippleHPC_z):prev_DOWN_yes",0.111210191845621,0.000831282911034311,0.371944808568079,0.339685127337856
22,"s(prev_lastRippleHPC_z):prev_DOWN_yes",0.120127519603824,0.00130913157168464,0.365519907415061,0.175253543241055
23,"s(prev_lastRippleHPC_z):prev_DOWN_yes",0.163067764080366,0.000831929286667829,0.396311279050447,0.176692840762159
24,"s(prev_lastRippleHPC_z):prev_DOWN_yes",0.138280456717917,0.000801972836289505,0.227095830363509,0.0761855152165581
25,"s(prev_lastRippleHPC_z):prev_DOWN_yes",0.0393813104518514,0.000427560602481912,0.230419724172224,0.0680988764193344
26,"s(prev_lastRippleHPC_z):prev_DOWN_yes",0.0737731595420668,0.000782120229138122,0.316164734077802,0.0932409202774497
27,"s(prev_lastRippleHPC_z):prev_DOWN_yes",0.317562195276349,0.00197467769763659,0.715030198645587,0.535784019056395
28,"s(prev_lastRippleHPC_z):prev_DOWN_yes",0.186684785711545,0.00304657427789235,0.224413573490068,1.65044140718328
29,"s(prev_lastRippleHPC_z):prev_DOWN_yes",0.207135578857616,0.00129226944280778,0.485634138972708,0.153109594348629
30,"s(prev_lastRippleHPC_z):prev_DOWN_yes",0.09481468025787,0.000995295739206665,0.349053019581328,0.103058782182705
31,"s(prev_lastRippleHPC_z):prev_DOWN_yes",0.00429268830556229,4.70920506574438e-05,0.0762999345506762,0.0225015410893141
32,"s(prev_lastRippleHPC_z):prev_DOWN_yes",0.140513948199889,0.000970350715880456,0.330924742839765,0.144430592724037
33,"s(prev_lastRippleHPC_z):prev_DOWN_yes",0.0208563428083703,0.000220490324259008,0.166951285257938,0.0492300371516948
34,"s(prev_lastRippleHPC_z):prev_DOWN_yes",0.218667217784511,0.00119385915098522,0.382838485943163,0.172619909124165
35,"s(prev_lastRippleHPC_z):prev_DOWN_yes",0.0147162763072917,2.51337298991058e-05,0.10506364037825,0.0387227604038516
36,"s(prev_lastRippleHPC_z):prev_DOWN_yes",0.266214783641139,0.00147769267939603,0.304177619842551,0.130459074185794
37,"s(prev_lastRippleHPC_z):prev_DOWN_yes",0.0161828791560605,0.000145672159895706,0.132595931050675,0.0391319606292402
38,"s(prev_lastRippleHPC_z):prev_DOWN_yes",0.100348430182898,0.0011286463358286,0.371088891477929,0.134922427548883
39,"s(prev_lastRippleHPC_z):prev_DOWN_yes",0.0258811544523825,0.000500945001130395,0.187086310995736,0.306915572043575
40,"s(prev_lastRippleHPC_z):prev_DOWN_yes",0.122405886722364,0.00054524892309418,0.367383143375682,0.23002323514192
41,"s(prev_lastRippleHPC_z):prev_DOWN_yes",0.0417716844502278,2.44814778556762e-05,0.162825632711612,0.0666679888635102
42,"s(prev_lastRippleHPC_z):prev_DOWN_yes",0.116495557450496,0.000769306737346305,0.236679613710861,0.116043597763999
43,"s(prev_lastRippleHPC_z):prev_DOWN_yes",0.0955969848578961,0.000275476391049258,0.265200432824327,0.0983901993061687
44,"s(prev_lastRippleHPC_z):prev_DOWN_yes",0.00745244152014202,0.000273496584957472,0.129076852023413,0.500848522118974
45,"s(prev_lastRippleHPC_z):prev_DOWN_yes",0.35507707193104,0.00331922678507701,0.48407833601722,0.20077857987026
46,"s(prev_lastRippleHPC_z):prev_DOWN_yes",0.076971516115937,0.000777422749375126,0.317372727496223,0.0936064510790738
47,"s(prev_lastRippleHPC_z):prev_DOWN_yes",0.325932276596603,0.00266681021144678,0.535467796850097,0.412028740290036
48,"s(prev_lastRippleHPC_z):prev_DOWN_yes",0.209400962152231,0.001640952210357,0.376529516375806,0.174558531210253
49,"s(prev_lastRippleHPC_z):prev_DOWN_yes",0.0265289711062566,0.000309904272269932,0.194177598412259,0.0573079860100799
50,"s(prev_lastRippleHPC_z):prev_DOWN_yes",0.0851102451240777,0.000259202053869891,0.164185653140685,0.0716790476519538
51,"s(prev_lastRippleHPC_z):prev_DOWN_yes",0.00192209442217273,1.69883245241287e-05,0.0461508897306125,0.0136260814871262
52,"s(prev_lastRippleHPC_z):prev_DOWN_yes",0.0171393201939987,0.000198184322928427,0.155984013824806,0.0460245544046721
53,"s(prev_lastRippleHPC_z):prev_DOWN_yes",0.0124448571701326,0.000407345926778138,0.13323771606454,0.653462395285704
54,"s(prev_lastRippleHPC_z):prev_DOWN_yes",0.0492995321947074,3.44290908661469e-05,0.212553445165997,0.0626631889041197
55,"s(prev_lastRippleHPC_z):prev_DOWN_yes",0.169355111930633,0.000663481826125385,0.552119263534982,0.27349993587754
56,"s(prev_lastRippleHPC_z):prev_DOWN_yes",0.0571220165680844,0.00112168045359935,0.293510944209763,1.05443269489431
57,"s(prev_lastRippleHPC_z):prev_DOWN_yes",0.0604632157127636,0.000680053448606868,0.281696456557138,0.083074428261347
58,"s(prev_lastRippleHPC_z):prev_DOWN_yes",0.0437318089212377,0.000550772139807444,0.263416396887779,0.0776498491983028
59,"s(prev_lastRippleHPC_z):prev_DOWN_yes",0.0488951174041645,9.6512148689556e-05,0.165577753216245,0.106015756220765
60,"s(prev_lastRippleHPC_z):prev_DOWN_yes",0.0452812124366506,0.000499729188739362,0.254213292489746,0.0750333458288415
61,"s(prev_lastRippleHPC_z):prev_DOWN_yes",0.21738369434926,0.00240867612582664,0.533712794417901,0.157788919059552
62,"s(prev_lastRippleHPC_z):prev_DOWN_yes",0.0326814929815997,0.000119528315091719,0.120360174754882,0.048239911416279
63,"s(prev_lastRippleHPC_z):prev_DOWN_yes",0.172763119072907,0.00104811010994835,0.372616709045162,0.223335666468569
64,"s(prev_lastRippleHPC_z):prev_DOWN_yes",0.00415777075292745,5.68405695769636e-05,0.0828560248603464,0.0244140713990389
65,"s(prev_lastRippleHPC_z):prev_DOWN_yes",0.0585068850394475,0.000160845134795347,0.13808342918243,0.113303023569128
66,"s(prev_lastRippleHPC_z):prev_DOWN_yes",0.120984319557111,0.00132988663343849,0.409333228683032,0.120855089237593
67,"s(prev_lastRippleHPC_z):prev_DOWN_yes",0.0372895238850557,0.000380501875322996,0.21523922483129,0.0634795512159703
68,"s(prev_lastRippleHPC_z):prev_DOWN_yes",0.002318080371011,0.000799997605707908,0.08302475883461,1.16359926643199
69,"s(prev_lastRippleHPC_z):prev_DOWN_yes",0.0468361615396038,0.000524081587726697,0.248891004144928,0.0734226738644441
70,"s(prev_lastRippleHPC_z):prev_DOWN_yes",0.194248658176059,0.00165943829057059,0.586865214801631,0.365244627821032
71,"s(prev_lastRippleHPC_z):prev_DOWN_yes",0.14163367522315,0.000751434517369217,0.328696557844702,0.0867903943558928
72,"s(prev_lastRippleHPC_z):prev_DOWN_yes",0.0388177342944331,0.000420591945845199,0.160136887507912,0.208141596633921
73,"s(prev_lastRippleHPC_z):prev_DOWN_yes",0.0481127607308309,9.22587189923067e-05,0.136252809084485,0.0897848744298602
74,"s(prev_lastRippleHPC_z):prev_DOWN_yes",0.169654427814414,0.00111231777565864,0.600626532656917,0.493104691760326
75,"s(prev_lastRippleHPC_z):prev_DOWN_yes",0.0620474156854636,0.000705667944196538,0.299667589654303,0.0882970937078972
76,"s(prev_lastRippleHPC_z):prev_DOWN_yes",0.21591872175746,0.00187655506853268,0.894590679737389,0.729022137259592
77,"s(prev_lastRippleHPC_z):prev_DOWN_yes",0.0554085797705683,0.000587473200102699,0.271502864276553,0.0800836575425784
78,"s(prev_lastRippleHPC_z):prev_DOWN_yes",0.201578344456328,0.00157340587828873,0.286437946080733,0.197901658484498
79,"s(prev_lastRippleHPC_z):prev_DOWN_yes",0.0160350892894678,0.000138590116730835,0.130336493076765,0.0384439407719126
80,"s(prev_lastRippleHPC_z):prev_DOWN_yes",0.281754535614729,0.0016648324788166,0.482434584391423,0.169998832323212
81,"s(prev_lastRippleHPC_z):prev_DOWN_yes",0.198960475423084,0.000998290791678012,0.507126116337273,0.225760984436868
82,"s(prev_lastRippleHPC_z):prev_DOWN_yes",0.0722436903370482,0.000177983898076005,0.259511561438857,0.0588285046503652
83,"s(prev_lastRippleHPC_z):prev_DOWN_yes",0.188137046786646,0.00148816403290615,0.375283952408344,0.244275444321062
84,"s(prev_lastRippleHPC_z):prev_DOWN_yes",0.0891375759619795,0.000199652405068171,0.271966810429025,0.166523869038992
85,"s(prev_lastRippleHPC_z):prev_DOWN_yes",0.0220675868413958,0.00024916708026489,0.176162261701403,0.0520028229759302
86,"s(prev_lastRippleHPC_z):prev_DOWN_yes",0.177046247895492,0.00120453598913964,0.612303421543101,0.501774444975079
87,"s(prev_lastRippleHPC_z):prev_DOWN_yes",0.083234604613394,0.000569235795321783,0.156020005058183,0.062682764034866
88,"s(prev_lastRippleHPC_z):prev_DOWN_yes",0.0819533118942699,0.000666154919872817,0.258615141649299,0.122948973384622
89,"s(prev_lastRippleHPC_z):prev_DOWN_yes",0.148639223282661,0.000835342544366306,0.739830731347676,0.296559119226476
90,"s(prev_lastRippleHPC_z):prev_DOWN_yes",0.0532651112575815,0.000254321322696543,0.197361448879759,0.090863034940434
91,"s(prev_lastRippleHPC_z):prev_DOWN_yes",0.144477537849931,0.000699396038730395,0.281316923786412,0.134451559154719
92,"s(prev_lastRippleHPC_z):prev_DOWN_yes",0.0159757553844075,0.000200437095972165,0.162545174642778,0.047950273042839
93,"s(prev_lastRippleHPC_z):prev_DOWN_yes",0.099201993530718,0.000613048331549876,0.260279476684077,0.110933528434227
94,"s(prev_lastRippleHPC_z):prev_DOWN_yes",0.0555745010325603,0.000575840886971968,0.270013391799942,0.0796070725948595
95,"s(prev_lastRippleHPC_z):prev_DOWN_yes",0.0899323742205267,0.000490974143506493,0.320835361794104,0.0978933425650779
96,"s(prev_lastRippleHPC_z):prev_DOWN_yes",0.0824083210214486,0.000459124764962362,0.217638867365126,0.0870455595629648
97,"s(prev_lastRippleHPC_z):prev_DOWN_yes",0.0906840618434055,0.000988463046483474,0.344301237516783,0.101407975266756
98,"s(prev_lastRippleHPC_z):prev_DOWN_yes",0.0282198914798704,0.000964826189221894,0.190380230541156,1.82917743175221
99,"s(prev_lastRippleHPC_z):prev_DOWN_yes",0.00965196484515118,0.000105494481053447,0.114634081818704,0.0338686993272804
100,"s(prev_lastRippleHPC_z):prev_DOWN_yes",0.120018174348706,0.0012414352979731,0.26418044704429,0.80892078524667
101,"s(prev_lastRippleHPC_z):prev_DOWN_yes",0.0729978270114158,0.000161354477022838,0.29531417852818,0.0873324713877953
102,"s(prev_lastRippleHPC_z):prev_DOWN_yes",0.113933616375449,0.000486965925497431,0.21751943324467,0.108798454824155
103,"s(prev_lastRippleHPC_z):prev_DOWN_yes",0.0392206426924231,0.000450770416049468,0.238352644967219,0.0703196444241169
104,"s(prev_lastRippleHPC_z):prev_DOWN_yes",0.176628055630424,0.000875472761208534,0.568721442823899,0.344975343922357
105,"s(prev_lastRippleHPC_z):prev_DOWN_yes",0.0871348137857453,0.000443853081872169,0.106344355812646,0.0863674988715546
106,"s(prev_lastRippleHPC_z):prev_DOWN_yes",0.278696475327751,0.00165266191777541,0.556204486324718,0.34649597489309
107,"s(prev_lastRippleHPC_z):prev_DOWN_yes",0.144477111407854,0.00091960882482939,0.300836338127694,0.105134435093795
108,"s(prev_lastRippleHPC_z):prev_DOWN_yes",0.00891671856983578,0.000101764941370288,0.112486113423898,0.0332321833194765
109,"s(prev_lastRippleHPC_z):prev_DOWN_yes",0.230899415020863,0.00176315189817983,0.441182882322236,0.111045702343612
110,"s(prev_lastRippleHPC_z):prev_DOWN_yes",0.0591300742329013,0.00058862060139574,0.266947969057806,0.0787863839503055
111,"s(prev_lastRippleHPC_z):prev_DOWN_yes",0.000112088620138451,3.8737593492081e-06,0.0221276614387622,0.00651863711553378
112,"s(prev_lastRippleHPC_z):prev_DOWN_yes",0.263857643349057,0.0018444443013713,0.616423595805124,0.171742740556047
113,"s(prev_lastRippleHPC_z):prev_DOWN_yes",0.182901943050701,0.00159685010848049,0.648243810377612,0.41437469130366
114,"s(prev_lastRippleHPC_z):prev_DOWN_yes",0.036890264355252,0.00065876724284812,0.288607673368231,0.0850780199692205
115,"s(prev_lastRippleHPC_z):prev_DOWN_yes",0.0562808197894462,0.000738747601395369,0.152665614290828,0.960281711349641
116,"s(prev_lastRippleHPC_z):prev_DOWN_yes",0.0153799443841081,0.000167401443597583,0.142562161768713,0.041999275026331
117,"s(prev_lastRippleHPC_z):prev_DOWN_yes",0.0649394880557983,0.000816335834868394,0.319687662080973,0.186571397838993
118,"s(prev_lastRippleHPC_z):prev_DOWN_yes",0.0990477465123698,0.00111731292745742,0.369465131166357,0.108974613306918
119,"s(prev_lastRippleHPC_z):prev_DOWN_yes",0.0860347157990393,0.000917257215230169,0.334009486714706,0.0986579854189771
120,"s(prev_lastRippleHPC_z):prev_DOWN_yes",0.0235566398844576,0.000769057411051291,0.163717715138377,0.802094907333731
121,"s(prev_lastRippleHPC_z):prev_DOWN_yes",0.0594891835844988,9.82249497188016e-05,0.393169191068118,0.0982043427195122
122,"s(prev_lastRippleHPC_z):prev_DOWN_yes",0.0299852639389089,0.000316080498977104,0.193540602215365,0.057160926010746
123,"s(prev_lastRippleHPC_z):prev_DOWN_yes",0.0288266633085161,0.000314791061238919,0.202228568925041,0.0596854054485981
124,"s(prev_lastRippleHPC_z):prev_DOWN_yes",0.0314546491731065,0.000355120587410591,0.207869221140813,0.0613403989670424
125,"s(prev_lastRippleHPC_z):prev_DOWN_yes",0.252661238271236,0.00265310301890757,0.588196655523084,0.17336828490185
126,"s(prev_lastRippleHPC_z):prev_DOWN_yes",0.0123594868268633,4.8518336509998e-06,0.110702819756398,0.0328457516024313
127,"s(prev_lastRippleHPC_z):prev_DOWN_yes",0.209080719292076,0.00166380206591916,0.538010579466266,0.377646217577243
128,"s(prev_lastRippleHPC_z):prev_DOWN_yes",0.167345291519516,0.001536765944955,0.494025017717817,0.308532952820362
129,"s(prev_lastRippleHPC_z):prev_DOWN_yes",0.222495558133782,0.00118708547648371,0.275167582664659,0.164234208624122
130,"s(prev_lastRippleHPC_z):prev_DOWN_yes",0.0748512582708898,0.00075113061963808,0.299380545066013,0.0884229588347054
131,"s(prev_lastRippleHPC_z):prev_DOWN_yes",0.0778697533578381,0.000873619637284474,0.344658360058188,0.101637525869404
132,"s(prev_lastRippleHPC_z):prev_DOWN_yes",0.0908148282123307,0.00103647799791104,0.3663981490516,0.107966233106834
133,"s(prev_lastRippleHPC_z):prev_DOWN_yes",0.228141175000911,0.00121313842275494,0.323652173585529,0.102595556412936
134,"s(prev_lastRippleHPC_z):prev_DOWN_yes",0.0420722292680731,0.00118894038760856,0.393629741786515,0.116096279888612
135,"s(prev_lastRippleHPC_z):prev_DOWN_yes",0.0320670756273556,0.000387070304744783,0.213365567553214,0.0628997050507583
136,"s(prev_lastRippleHPC_z):prev_DOWN_yes",0.156413479059151,0.0018507769427534,0.451162285243619,0.467654340084747
137,"s(prev_lastRippleHPC_z):prev_DOWN_yes",0.0403756121282051,8.89320839251878e-05,0.131028575184718,0.0521719773321754
138,"s(prev_lastRippleHPC_z):prev_DOWN_yes",0.0525101115141,0.000585884163086146,0.277723966520173,0.0819513996812715
139,"s(prev_lastRippleHPC_z):prev_DOWN_yes",0.0107164661268611,0.000135850901060304,0.131741509080869,0.0388202771421182
140,"s(prev_lastRippleHPC_z):prev_DOWN_yes",0.0107949475428519,0.000166375552578068,0.140588489616683,0.0414090153948863
141,"s(prev_lastRippleHPC_z):prev_DOWN_yes",0.000860280025954729,1.72724815178243e-05,0.045560902652651,0.0134330621276061
142,"s(prev_lastRippleHPC_z):prev_DOWN_yes",-0.0136560672727786,0.000367384910823334,0.203035672889836,0.0598118230725099
143,"s(prev_lastRippleHPC_z):prev_DOWN_yes",0.0344041286135983,0.000360451749359073,0.21557643744683,0.0636200797533922
144,"s(prev_lastRippleHPC_z):prev_DOWN_yes",0.0495254687926847,0.000154535509613057,0.135020067713465,0.0441818693555132
145,"s(prev_lastRippleHPC_z):prev_DOWN_yes",0.173253714296319,0.00177668629374811,0.29129090865509,0.598999988200282
146,"s(prev_lastRippleHPC_z):prev_DOWN_yes",0.0467248144926966,6.41469937124357e-05,0.146331509560914,0.0796942323496475
147,"s(prev_lastRippleHPC_z):prev_DOWN_yes",0.0503191730229773,0.000547034453870503,0.264186472871595,0.0778656239132522
148,"s(prev_lastRippleHPC_z):prev_DOWN_yes",0.0808578072476847,0.000258561554116032,0.189044434916302,0.132911421043848
149,"s(prev_lastRippleHPC_z):prev_DOWN_yes",0.0341157857515402,0.00034763094755262,0.213021779442421,0.062780094130803
150,"s(prev_lastRippleHPC_z):prev_DOWN_yes",0.0176624042113973,0.000344384524728139,0.156941862479224,0.411654841573359
151,"s(prev_lastRippleHPC_z):prev_DOWN_yes",0.161201010764554,0.00180931284014591,0.480395463505117,0.141616665666991
152,"s(prev_lastRippleHPC_z):prev_DOWN_yes",0.135478346365927,0.0015146075309199,0.438123533603379,0.129347824964566
153,"s(prev_lastRippleHPC_z):prev_DOWN_yes",0.00971199995889016,0.000110315170254112,0.118788251528497,0.0350391889032882
154,"s(prev_lastRippleHPC_z):prev_DOWN_yes",0.313625398755628,0.003356359057314,0.639769504703873,0.778010637290343
155,"s(prev_lastRippleHPC_z):prev_DOWN_yes",0.0400828246890601,0.000281582287044046,0.241559428449024,0.0794647518697313
156,"s(prev_lastRippleHPC_z):prev_DOWN_yes",0.161157854461993,0.00171274722473349,0.463802207749945,0.136693450988281
157,"s(prev_lastRippleHPC_z):prev_DOWN_yes",0.0987234283866574,0.000277932238863058,0.409804149854808,0.192382548397401
158,"s(prev_lastRippleHPC_z):prev_DOWN_yes",0.0353899292310249,0.000127214772916609,0.147986942155161,0.0569881618070337
159,"s(prev_lastRippleHPC_z):prev_DOWN_yes",9.22517828207958e-05,1.06896026238184e-06,0.0116152806735975,0.00343204391007658
160,"s(prev_lastRippleHPC_z):prev_DOWN_yes",0.0273715708287616,0.000431582793449317,0.186937537572087,0.225883171053958
161,"s(prev_lastRippleHPC_z):prev_DOWN_yes",0.148866544694713,0.000830633480109464,0.264029283500763,0.146916063966661
162,"s(prev_lastRippleHPC_z):prev_DOWN_yes",0.0606000658472592,0.000638796695778312,0.290937590916384,0.0857964174571168
163,"s(prev_lastRippleHPC_z):prev_DOWN_yes",0.218193403983197,0.0019306688182605,0.661843207884375,0.208330592976205
164,"s(prev_lastRippleHPC_z):prev_DOWN_yes",0.0227864672221596,0.000260823884582832,0.176702057887649,0.052092551674966
165,"s(prev_lastRippleHPC_z):prev_DOWN_yes",0.00394035242855129,5.21320812530523e-05,0.0777364628584439,0.0229558653366671
166,"s(prev_lastRippleHPC_z):prev_DOWN_yes",0.100237500857118,0.000667014280266863,0.176314717746461,0.0733643749320206
167,"s(prev_lastRippleHPC_z):prev_DOWN_yes",0.185847208677104,0.00193738143208178,0.498752109349242,0.147166644455073
168,"s(prev_lastRippleHPC_z):prev_DOWN_yes",0.0982290701779185,0.000244214932762911,0.250376707711413,0.122239706460399
169,"s(prev_lastRippleHPC_z):prev_DOWN_yes",0.039785694185233,0.000469075397999986,0.243315491307688,0.07178288142952
170,"s(prev_lastRippleHPC_z):prev_DOWN_yes",0.0263337986526855,0.000296519725969235,0.193379184348169,0.0570419396166781
171,"s(prev_lastRippleHPC_z):prev_DOWN_yes",0.0986461443976667,0.000578921139634592,0.294449601628994,0.0961039249664433
172,"s(prev_lastRippleHPC_z):prev_DOWN_yes",0.0288705827866202,0.00073063309042436,0.3508275281878,0.112738171154328
173,"s(prev_lastRippleHPC_z):prev_DOWN_yes",0.114192863623287,0.00118587158374946,0.388547661159307,0.114843467968963
174,"s(prev_lastRippleHPC_z):prev_DOWN_yes",0.129926757298251,0.000634980187530175,0.23890187567456,0.190736588618051
175,"s(prev_lastRippleHPC_z):prev_DOWN_yes",0.0291395052203525,0.000346446496815163,0.212620133699331,0.0626655972797315
176,"s(prev_lastRippleHPC_z):prev_DOWN_yes",0.25766856415895,0.00189826292548816,0.286676796210045,0.185375885838469
177,"s(prev_lastRippleHPC_z):prev_DOWN_yes",0.0421459872810219,0.000429659356219566,0.236118160335962,0.0695727217024564
178,"s(prev_lastRippleHPC_z):prev_DOWN_yes",0.00734719992148758,8.57963767453046e-05,0.10451859899814,0.0308165667355545
179,"s(prev_lastRippleHPC_z):prev_DOWN_yes",0.0356864375319121,0.000705524964280038,0.224769420288847,0.66577865481287
180,"s(prev_lastRippleHPC_z):prev_DOWN_yes",0.121516664191954,0.00159728385041225,0.43655028176619,0.197534238850903
181,"s(prev_lastRippleHPC_z):prev_DOWN_yes",0.0306953220531883,0.000869319833779103,0.203852684376002,1.12923293713009
182,"s(prev_lastRippleHPC_z):prev_DOWN_yes",0.132942709502333,0.00146832663110656,0.326049721924637,0.708873247748263
183,"s(prev_lastRippleHPC_z):prev_DOWN_yes",0.108691275146258,0.000491774356275661,0.152837089724235,0.0728549088016728
184,"s(prev_lastRippleHPC_z):prev_DOWN_yes",0.117629515115631,0.000727298286455952,0.456471990464716,0.247772715691152
185,"s(prev_lastRippleHPC_z):prev_DOWN_yes",0.0631404350446507,0.000171622513681695,0.22898741658165,0.12435589555835
186,"s(prev_lastRippleHPC_z):prev_DOWN_yes",0.0709547667546104,0.000738650890035197,0.308028576000744,0.0907995466514103
187,"s(prev_lastRippleHPC_z):prev_DOWN_yes",0.126565393862392,0.00101732930157368,0.281777925980713,0.12289339833183
188,"s(prev_lastRippleHPC_z):prev_DOWN_yes",0.0124318603894844,0.000187959747014761,0.138159902786159,0.0482770386299184
189,"s(prev_lastRippleHPC_z):prev_DOWN_yes",0.0608969996154061,0.00146736789070489,0.171829264675249,0.689443648006074
190,"s(prev_lastRippleHPC_z):prev_DOWN_yes",0.0389283460242602,0.000440732233169074,0.234384789743051,0.0690471216616216
191,"s(prev_lastRippleHPC_z):prev_DOWN_yes",0.0117101616241166,4.28151532587242e-06,0.0454475130124571,0.0305273298456593
192,"s(prev_lastRippleHPC_z):prev_DOWN_yes",0.0732051316147979,0.000832271589777056,0.308980774304498,0.341965120032858
193,"s(prev_lastRippleHPC_z):prev_DOWN_yes",0.264128445371082,0.00230972003599974,0.233762932292442,0.0740219367105384
194,"s(prev_lastRippleHPC_z):prev_DOWN_yes",0.012111769485486,0.000118882033775467,0.120522629222912,0.035520917402902
195,"s(prev_lastRippleHPC_z):prev_DOWN_yes",-1.35350378487331e-05,4.72239806924561e-07,0.00770707414966673,0.00227093739598636
196,"s(prev_lastRippleHPC_z):prev_DOWN_yes",0.0402283675536488,2.84242865569262e-05,0.170979527413824,0.039244537825227
197,"s(prev_lastRippleHPC_z):prev_DOWN_yes",0.0983216717113633,0.000678291393114697,0.314200943570399,0.103282788915771
198,"s(prev_lastRippleHPC_z):prev_DOWN_yes",0.237207611758247,0.00134442440926673,0.311640299965066,0.13000866037123
199,"s(prev_lastRippleHPC_z):prev_DOWN_yes",0.038990186846358,0.000433339948176959,0.227270826023366,0.0670137752142137
200,"s(prev_lastRippleHPC_z):prev_DOWN_yes",0.0596950762716961,0.000616224491529255,0.282783245560157,0.083493394015438
201,"s(prev_lastRippleHPC_z):prev_DOWN_yes",0.131168705868443,0.00066712234136828,0.17489054757556,0.0695427166242112
202,"s(prev_lastRippleHPC_z):prev_DOWN_yes",0.0826850679994608,0.000861121545385578,0.331009719087643,0.0975547066341859
203,"s(prev_lastRippleHPC_z):prev_DOWN_yes",0.0340814034037153,0.000370630600439811,0.205037044073543,0.0604988753445564
204,"s(prev_lastRippleHPC_z):prev_DOWN_yes",0.00996910900675374,0.000118981608403757,0.118502766431236,0.0349502988763388
205,"s(prev_lastRippleHPC_z):prev_DOWN_yes",0.136949558092055,0.000544468903318837,0.358050780394519,0.166009202682802
206,"s(prev_lastRippleHPC_z):prev_DOWN_yes",0.0139199379836592,0.000157835689108864,0.142870040346759,0.0420830559592877
207,"s(prev_lastRippleHPC_z):prev_DOWN_yes",0.227846869430976,0.001270925407842,0.864724408344252,0.200096052308074
208,"s(prev_lastRippleHPC_z):prev_DOWN_yes",0.00127216116049578,0.000144119316543375,0.0522724852760383,0.288605757840452
209,"s(prev_lastRippleHPC_z):prev_DOWN_yes",0.0344953018865581,0.000171328377545716,0.167201829432843,0.0592233065690492
210,"s(prev_lastRippleHPC_z):prev_DOWN_yes",0.027963432018427,9.73859529182612e-05,0.129267266954988,0.0419568378828493
211,"s(prev_lastRippleHPC_z):prev_DOWN_yes",0.0304140413325626,0.000772586736919302,0.193245042532314,0.612145363733458
212,"s(prev_lastRippleHPC_z):prev_DOWN_yes",0.00987032184135916,0.000107475089936114,0.116073756510521,0.0342687316459401
213,"s(prev_lastRippleHPC_z):prev_DOWN_yes",0.100839210437607,0.00110623171654758,0.377447154185997,0.111194876229895
214,"s(prev_lastRippleHPC_z):prev_DOWN_yes",0.0779053371015364,0.00037044654412804,0.20238617325967,0.052008191805884
215,"s(prev_lastRippleHPC_z):prev_DOWN_yes",0.0900217956465816,0.00051442258984337,0.334865011066994,0.174381764072026
216,"s(prev_lastRippleHPC_z):prev_DOWN_yes",0.0214558093561843,0.000261559627394834,0.182975329824462,0.0539409563089055
217,"s(prev_lastRippleHPC_z):prev_DOWN_yes",0.101166023462415,0.000456345777211716,0.166085002267871,0.116836015836223
218,"s(prev_lastRippleHPC_z):prev_DOWN_yes",0.043412102045628,0.000443553675711216,0.243137659929305,0.0716247278437579
219,"s(prev_lastRippleHPC_z):prev_DOWN_yes",0.163545538291141,0.00108009963686486,0.590919743808288,0.375290257617129
220,"s(prev_lastRippleHPC_z):prev_DOWN_yes",0.164584679113064,0.00178858093938028,0.492397820716514,0.145280057857179
221,"s(prev_lastRippleHPC_z):prev_DOWN_yes",0.0480737022240021,0.00033222575290058,0.189284314766795,0.0703527316384921
222,"s(prev_lastRippleHPC_z):prev_DOWN_yes",0.0181486013122862,0.000210921055435106,0.159768140289586,0.0471041050851127
223,"s(prev_lastRippleHPC_z):prev_DOWN_yes",0.0435521348288335,0.000471438849737583,0.241783405371696,0.0714813974445628
224,"s(prev_lastRippleHPC_z):prev_DOWN_yes",0.217689469340423,0.00140179562548539,0.400701090417658,0.13259997451403
225,"s(prev_lastRippleHPC_z):prev_DOWN_yes",0.0153319599830368,0.000205916550341352,0.14513470656367,0.152451980135202
226,"s(prev_lastRippleHPC_z):prev_DOWN_yes",0.0745902954225448,0.000474402288547349,0.245090016817682,0.086650810634103
227,"s(prev_lastRippleHPC_z):prev_DOWN_yes",0.123117150285706,0.000404002318576773,0.495804061363303,0.200558653809047
228,"s(prev_lastRippleHPC_z):prev_DOWN_yes",0.0745373423571989,0.000817626889016274,0.327544059507612,0.0966332788723437
229,"s(prev_lastRippleHPC_z):prev_DOWN_yes",0.0998910111123452,0.00108737207447982,0.388072967581277,0.114427710918088
230,"s(prev_lastRippleHPC_z):prev_DOWN_yes",0.0983495628348656,0.0010882225135679,0.373728766514381,0.110240170135503
231,"s(prev_lastRippleHPC_z):prev_DOWN_yes",0.00813668715409221,0.000412131706151149,0.112833960794644,0.54674801394086
232,"s(prev_lastRippleHPC_z):prev_DOWN_yes",0.109959776801929,0.00101884099165824,0.254737709038172,0.1053023339316
233,"s(prev_lastRippleHPC_z):prev_DOWN_yes",0.130877854562598,0.00141724945881958,0.416853452844606,0.123030136248809
234,"s(prev_lastRippleHPC_z):prev_DOWN_yes",0.0736329246496794,0.000817355185072616,0.307605318536063,0.0906993811229492
235,"s(prev_lastRippleHPC_z):prev_DOWN_yes",0.167209260644882,0.000686273284200079,0.359949411957504,0.134070508856966
236,"s(prev_lastRippleHPC_z):prev_DOWN_yes",0.169805403281391,0.00273577564282944,0.213612870420479,1.16532183437542
237,"s(prev_lastRippleHPC_z):prev_DOWN_yes",0.0924539555402655,0.00108065890469495,0.366342607767184,0.108177983557353
238,"s(prev_lastRippleHPC_z):prev_DOWN_yes",0.0199961742059731,5.50226649771819e-05,0.126473951872381,0.03935228976707
239,"s(prev_lastRippleHPC_z):prev_DOWN_yes",0.102760445559302,0.00107179018997875,0.369638573007182,0.108991985524964
240,"s(prev_lastRippleHPC_z):prev_DOWN_yes",0.188001569995062,0.000855329796620652,0.557393887600219,0.119281117299931
241,"s(prev_lastRippleHPC_z):prev_DOWN_yes",0.305964912573579,0.00287159026738512,0.443388878284283,0.716324936587034
242,"s(prev_lastRippleHPC_z):prev_DOWN_yes",0.0521405077708152,0.000713734788355283,0.277362871242475,0.404203700426875
243,"s(prev_lastRippleHPC_z):prev_DOWN_yes",0.0454724104333195,0.000212607895164525,0.0770544752178057,0.0363237015011394
244,"s(prev_lastRippleHPC_z):prev_DOWN_yes",0.412836293517258,0.00345612268965699,0.941863719193803,0.231366163640688
245,"s(prev_lastRippleHPC_z):prev_DOWN_yes",0.0876838473923014,0.000883787472198964,0.321560090673519,0.0948385613128195
246,"s(prev_lastRippleHPC_z):prev_DOWN_yes",0.147725271591879,0.000886421652992212,0.348965607468823,0.22909149557542
247,"s(prev_lastRippleHPC_z):prev_DOWN_yes",0.000244890831810451,5.1151112486731e-06,0.0249172227047558,0.00735543978101292
248,"s(prev_lastRippleHPC_z):prev_DOWN_yes",0.103643778658071,0.000422104083918646,0.236633909216225,0.176983195845982
249,"s(prev_lastRippleHPC_z):prev_DOWN_yes",0.137616444351177,0.00147110426939622,0.430367773060574,0.126864736641546
250,"s(prev_lastRippleHPC_z):prev_DOWN_yes",0.010385628138847,0.000107810890766976,0.119587642535012,0.0352468116007394
251,"s(prev_lastRippleHPC_z):prev_DOWN_yes",0.0950731564446432,0.00096115252092544,0.35430013294569,0.104496541676719
252,"s(prev_lastRippleHPC_z):prev_DOWN_yes",0.033712824618334,0.000359651062965678,0.212357220724014,0.0625988929966834
253,"s(prev_lastRippleHPC_z):prev_DOWN_yes",0.174063751143198,0.00110667794070145,0.362427923117842,0.0940652786044271
254,"s(prev_lastRippleHPC_z):prev_DOWN_yes",0.0670625199911772,0.00103829495697305,0.283077771330627,0.448906093378776
255,"s(prev_lastRippleHPC_z):prev_DOWN_yes",0.100343160045786,0.000397740326088369,0.227016853811936,0.069204481713555
256,"s(prev_lastRippleHPC_z):prev_DOWN_yes",0.0182252439216279,0.000190445589561415,0.15340920117822,0.0452078895776342
257,"s(prev_lastRippleHPC_z):prev_DOWN_yes",0.0595562915910346,0.000658212202446782,0.275550043060252,0.0812537398275045
258,"s(prev_lastRippleHPC_z):prev_DOWN_yes",0.00160002812425031,2.03125253438695e-05,0.0511160196071967,0.0150690375612356
259,"s(prev_lastRippleHPC_z):prev_DOWN_yes",0.0254638991278267,6.73922042808721e-05,0.174935720790594,0.0518690157337789
260,"s(prev_lastRippleHPC_z):prev_DOWN_yes",0.163869294023665,0.00137770669589084,0.427334664021033,0.204191330640419
261,"s(prev_lastRippleHPC_z):prev_DOWN_yes",0.036754693807679,0.000142588028665764,0.143175347506316,0.0640447102106561
262,"s(prev_lastRippleHPC_z):prev_DOWN_yes",0.0176483690101099,0.000173519737642912,0.140894937865889,0.0415963273812322
263,"s(prev_lastRippleHPC_z):prev_DOWN_yes",0.0748615510375696,0.000213666754780412,0.305969682044918,0.0903583924391002
264,"s(prev_lastRippleHPC_z):prev_DOWN_yes",0.0540005585557184,0.00057503190570718,0.266746549042749,0.0787473689741497
265,"s(prev_lastRippleHPC_z):prev_DOWN_yes",0.00179217819273791,0.000209455793995772,0.0482559598188182,0.402071731362067
266,"s(prev_lastRippleHPC_z):prev_DOWN_yes",0.140845998232196,0.00147661694665356,0.391547929163098,0.230038457982257
267,"s(prev_lastRippleHPC_z):prev_DOWN_yes",0.104447698336115,0.000751901456267315,0.209000891154192,0.262888053789005
268,"s(prev_lastRippleHPC_z):prev_DOWN_yes",0.12848179615375,0.000900896231643657,0.36210809751651,0.115380785953278
269,"s(prev_lastRippleHPC_z):prev_DOWN_yes",0.0864484331307356,0.000933290260356124,0.335793840102255,0.099069226283174
270,"s(prev_lastRippleHPC_z):prev_DOWN_yes",0.0383864882969513,0.000565369023815974,0.228348881741061,0.472439127429253
271,"s(prev_lastRippleHPC_z):prev_DOWN_yes",0.178454544088277,0.000978226344571524,0.374657704464721,0.239191380526539
272,"s(prev_lastRippleHPC_z):prev_DOWN_yes",0.105065873420421,0.000443621475252207,0.202383406061423,0.123995467970478
273,"s(prev_lastRippleHPC_z):prev_DOWN_yes",0.0992779398218193,0.000760909985086122,0.275738197283955,0.0979684727536367
274,"s(prev_lastRippleHPC_z):prev_DOWN_yes",0.37507237969638,0.0022366340911547,0.485463174635473,0.15216451357947
275,"s(prev_lastRippleHPC_z):prev_DOWN_yes",0.00182285329868481,2.25192549577702e-06,0.0174578440451729,0.00737017791403198
276,"s(prev_lastRippleHPC_z):prev_DOWN_yes",0.00688351189264402,1.16595828887545e-05,0.0486390697567729,0.0286598573519501
277,"s(prev_lastRippleHPC_z):prev_DOWN_yes",0.0929226907261214,0.000364532631096996,0.128775458928694,0.0593188968216833
278,"s(prev_lastRippleHPC_z):prev_DOWN_yes",0.118153306317027,0.000665563247748554,0.258394321412535,0.101247011915189
279,"s(prev_lastRippleHPC_z):prev_DOWN_yes",0.123533916230596,0.00202763474581641,0.400538853907679,0.982232606351926
280,"s(prev_lastRippleHPC_z):prev_DOWN_yes",0.0478297970599062,0.000275778797117898,0.206220134512234,0.0978001146967844
281,"s(prev_lastRippleHPC_z):prev_DOWN_yes",0.0656103048328474,0.000287320078861339,0.225523263450758,0.0943625155343659
282,"s(prev_lastRippleHPC_z):prev_DOWN_yes",0.0919680996001526,0.000961970836930544,0.334871180709984,0.0987720487157987
283,"s(prev_lastRippleHPC_z):prev_DOWN_yes",0.00945804810491069,7.57409431669363e-06,0.0572413262448234,0.0311494382314068
284,"s(prev_lastRippleHPC_z):prev_DOWN_yes",0.0324721498958587,0.000147139552907721,0.177484768378332,0.119448060615339
285,"s(prev_lastRippleHPC_z):prev_DOWN_yes",0.0443618770278755,0.00048285375182089,0.24401740030816,0.0718792540613954
286,"s(prev_lastRippleHPC_z):prev_DOWN_yes",0.00102499639672349,7.59670178900619e-06,0.0320675347970841,0.00945411914404119
287,"s(prev_lastRippleHPC_z):prev_DOWN_yes",0.188225053843392,0.00204094565666737,0.504664332095217,0.148917030661605
288,"s(prev_lastRippleHPC_z):prev_DOWN_yes",0.0118444541007667,0.000133264965600644,0.130280894947517,0.0384582722608735
289,"s(prev_lastRippleHPC_z):prev_DOWN_yes",0.196587158012924,0.00216070273454666,0.528892264823585,0.15600744371203
290,"s(prev_lastRippleHPC_z):prev_DOWN_yes",0.133817002857041,0.000493755702833742,0.366442592743905,0.120614987474453
291,"s(prev_lastRippleHPC_z):prev_DOWN_yes",0.137403160513813,0.00127435903769087,0.256145572454123,0.656496376629843
292,"s(prev_lastRippleHPC_z):prev_DOWN_yes",0.0769994989666341,0.000844513232647693,0.329352980513678,0.0972475204146061
293,"s(prev_lastRippleHPC_z):prev_DOWN_yes",0.00350735320548967,3.32887897155335e-05,0.0631256201421213,0.0185948041416426
294,"s(prev_lastRippleHPC_z):prev_DOWN_yes",0.0547605800575708,0.000404374903243197,0.147749369519055,0.0556313345657863
295,"s(prev_lastRippleHPC_z):prev_DOWN_yes",0.0555737621611812,0.00170930997562309,0.266067598911957,1.09353212660959
296,"s(prev_lastRippleHPC_z):prev_DOWN_yes",0.0164787820740315,0.000186755626783898,0.152165906431146,0.044831288596775
297,"s(prev_lastRippleHPC_z):prev_DOWN_yes",0.0739814029061021,0.000157453724151248,0.18198236918234,0.0793664224839829
298,"s(prev_lastRippleHPC_z):prev_DOWN_yes",0.0329016039769288,0.000389150881182855,0.207610387746941,0.0613669807718087
299,"s(prev_lastRippleHPC_z):prev_DOWN_yes",0.0500656161830593,0.000622465035007023,0.275918253872347,0.0814037082799108
300,"s(prev_lastRippleHPC_z):prev_DOWN_yes",0.182024666419483,0.00198464647850211,0.485087625396275,0.143561512080489
301,"s(prev_lastRippleHPC_z):prev_DOWN_yes",0.0190637483430232,0.000225971104923236,0.169574825227052,0.0499990165453963
302,"s(prev_lastRippleHPC_z):prev_DOWN_yes",0.0512712053342632,0.000527853940064763,0.258956611667057,0.0763145754750262
303,"s(prev_lastRippleHPC_z):prev_DOWN_yes",0.0917670189505433,0.000157563066432235,0.33434972196321,0.0736029861903007
304,"s(prev_lastRippleHPC_z):prev_DOWN_yes",0.149995936440463,0.000777219200729097,0.193167219908545,0.136903837552793
305,"s(prev_lastRippleHPC_z):prev_DOWN_yes",-0.0771154043688549,0.000746153210015036,0.228743781651503,0.390030397587287
306,"s(prev_lastRippleHPC_z):prev_DOWN_yes",0.226969468043988,0.00145778570127814,0.586494222709072,0.430185295017054
307,"s(prev_lastRippleHPC_z):prev_DOWN_yes",0.00189139397760929,0.000368397171427614,0.0477795744537391,0.411878104838037
308,"s(prev_lastRippleHPC_z):prev_DOWN_yes",0.0453254723181935,0.00043534218829799,0.231718659431423,0.0682721775912536
309,"s(prev_lastRippleHPC_z):prev_DOWN_yes",0.0483065005830188,0.00013815230392451,0.227184165979931,0.0684562753722207
310,"s(prev_lastRippleHPC_z):prev_DOWN_yes",0.0183163851164734,0.000192571006592188,0.155741501400215,0.045915898506084
311,"s(prev_lastRippleHPC_z):prev_DOWN_yes",0.168325187063601,0.00151220356297194,0.241579083660433,0.34668250951933
312,"s(prev_lastRippleHPC_z):prev_DOWN_yes",0.104877555692562,0.000333178123468696,0.217727795547563,0.0850365540533837
313,"s(prev_lastRippleHPC_z):prev_DOWN_yes",0.0871657035755904,0.000298272045083925,0.200521014336517,0.112579747451991
314,"s(prev_lastRippleHPC_z):prev_DOWN_yes",0.0358295050925959,5.60026107143387e-05,0.116959835923536,0.0501327518253837
315,"s(prev_lastRippleHPC_z):prev_DOWN_yes",0.0285220743018817,0.000280903144422568,0.190050156987175,0.0560693562851738
316,"s(prev_lastRippleHPC_z):prev_DOWN_yes",0.0682579672714727,0.000898101353599518,0.177199996645343,0.069963540838106
317,"s(prev_lastRippleHPC_z):prev_DOWN_yes",0.125340737866335,0.00100447231023952,0.374481324718726,0.13943764813506
318,"s(prev_lastRippleHPC_z):prev_DOWN_yes",0.107596198018292,0.000335300701305566,0.318023421766019,0.18909925504583
319,"s(prev_lastRippleHPC_z):prev_DOWN_yes",0.0390975845205457,0.000413011994435636,0.227997000924211,0.0673098285158879
320,"s(prev_lastRippleHPC_z):prev_DOWN_yes",0.0451682244379681,0.000251935933415812,0.141985947173468,0.0544771547136252
321,"s(prev_lastRippleHPC_z):prev_DOWN_yes",0.0361937935263397,0.000519956163838491,0.224910543711322,0.454831471205081
322,"s(prev_lastRippleHPC_z):prev_DOWN_yes",0.0609596451043801,0.000271374858394438,0.267500125617002,0.0792952606933019
323,"s(prev_lastRippleHPC_z):prev_DOWN_yes",0.0896990792420338,0.00068255824118058,0.182325335633589,0.101510431748233
324,"s(prev_lastRippleHPC_z):prev_DOWN_yes",0.135608779987357,0.00110243163401043,0.350295387802238,0.126172793448705
325,"s(prev_lastRippleHPC_z):prev_DOWN_yes",0.135809419473477,0.00127594342219582,0.276870657671131,0.114340998702967
326,"s(prev_lastRippleHPC_z):prev_DOWN_yes",0.0885898521425732,0.000615806223878092,0.261703146594313,0.0855054238535802
327,"s(prev_lastRippleHPC_z):prev_DOWN_yes",0.0613957950826016,0.00030117546463453,0.269095791604415,0.0809512606407396
328,"s(prev_lastRippleHPC_z):prev_DOWN_yes",0.238371481041155,0.0019979488255269,0.609586101133054,0.191343022162958
329,"s(prev_lastRippleHPC_z):prev_DOWN_yes",0.0389790584191809,0.000407765728900503,0.230034479021018,0.0677931192002505
330,"s(prev_lastRippleHPC_z):prev_DOWN_yes",0.103725606493986,0.00137516214500629,0.369860890319868,0.536512386829247
331,"s(prev_lastRippleHPC_z):prev_DOWN_yes",0.00517204697706664,0.000435398151962552,0.101399961796496,0.577012794354831
332,"s(prev_lastRippleHPC_z):prev_DOWN_yes",0.00405122952157555,4.76157737966553e-05,0.0795257680706833,0.0234656194284648
333,"s(prev_lastRippleHPC_z):prev_DOWN_yes",0.0637704341512473,0.000749979152381009,0.299588074272417,0.0883451576365011
334,"s(prev_lastRippleHPC_z):prev_DOWN_yes",0.0401096218067831,0.000420132940639877,0.229853471324247,0.0678739952843536
335,"s(prev_lastRippleHPC_z):prev_DOWN_yes",0.0187718236155296,0.000188567621028087,0.15377350075171,0.0453439781471672
336,"s(prev_lastRippleHPC_z):prev_DOWN_yes",0.0837817746702374,0.000843616781917794,0.339042424499511,0.10002927587181
337,"s(prev_lastRippleHPC_z):prev_DOWN_yes",0.0683210065375635,0.000731473239258008,0.293739448815595,0.086550662045424
338,"s(prev_lastRippleHPC_z):prev_DOWN_yes",0.00112987914274765,1.40280642417946e-05,0.042014762478095,0.0123933370730229
339,"s(prev_lastRippleHPC_z):prev_DOWN_yes",0.00967236741408239,0.000109710614287329,0.11608814422987,0.0342826217225574
340,"s(prev_lastRippleHPC_z):prev_DOWN_yes",0.0890689213351106,0.00100470685840254,0.346949558517539,0.140304272774391
341,"s(prev_lastRippleHPC_z):prev_DOWN_yes",0.00260552439895267,3.88676463897293e-05,0.0676547078399912,0.0199433331755488
342,"s(prev_lastRippleHPC_z):prev_DOWN_yes",0.17498903324838,0.000959387868634592,0.241468048384839,0.127556689662808
343,"s(prev_lastRippleHPC_z):prev_DOWN_yes",0.270037340552512,0.00206512998071766,0.333199087014823,0.147443298835002
344,"s(prev_lastRippleHPC_z):prev_DOWN_yes",0.0485321751445715,0.00048949084277882,0.23894492399925,0.0705287227376412
345,"s(prev_lastRippleHPC_z):prev_DOWN_yes",0.259397032139312,0.00444023976438603,0.210067551702571,1.33239949460501
346,"s(prev_lastRippleHPC_z):prev_DOWN_yes",0.139050133391789,0.00166906995565203,0.362452585798592,1.00896349773238
347,"s(prev_lastRippleHPC_z):prev_DOWN_yes",0.0926418713135213,0.000742181404856184,0.261433281852992,0.0993919342140674
348,"s(prev_lastRippleHPC_z):prev_DOWN_yes",0.0487445478024124,0.000504416485084413,0.254353696942433,0.0750547685024564
349,"s(prev_lastRippleHPC_z):prev_DOWN_yes",0.0505861570731163,0.000357182403546404,0.0760519954919171,0.253105412040266
350,"s(prev_lastRippleHPC_z):prev_DOWN_yes",0.000252800836189948,1.75818471148582e-06,0.0151203782492449,0.00446084286253862
351,"s(prev_lastRippleHPC_z):prev_DOWN_yes",0.0835250446743663,0.000593195959319428,0.19098235985531,0.129702439932294
352,"s(prev_lastRippleHPC_z):prev_DOWN_yes",0.0108763134996224,0.000154323560284864,0.125014405141005,0.28712443147468
353,"s(prev_lastRippleHPC_z):prev_DOWN_yes",0.00304971188106062,0.000529045761530483,0.0669110154517474,0.741685226726084
354,"s(prev_lastRippleHPC_z):prev_DOWN_yes",0.035556939778286,0.000414805293808047,0.226609752832529,0.0668169911173911
355,"s(prev_lastRippleHPC_z):prev_DOWN_yes",0.0146612514543527,3.5579167480831e-05,0.0749939568593958,0.044729133451739
356,"s(prev_lastRippleHPC_z):prev_DOWN_yes",0.127208442672252,0.00134657255772416,0.399221960591934,0.117676820375365
357,"s(prev_lastRippleHPC_z):prev_DOWN_yes",0.346837929188023,0.00276680708191632,0.625126104916513,0.365350192337332
358,"s(prev_lastRippleHPC_z):prev_DOWN_yes",0.0590966379102937,0.000432351979258166,0.189082092142288,0.107816418703154
359,"s(prev_lastRippleHPC_z):prev_DOWN_yes",0.01439504200422,0.000153488932963593,0.136016493209336,0.0401506659015542
360,"s(prev_lastRippleHPC_z):prev_DOWN_yes",0.220619548368275,0.00153500400651152,0.281937968712616,0.111328506394064
361,"s(prev_lastRippleHPC_z):prev_DOWN_yes",0.0581956719477956,0.000631938510308723,0.274016150048814,0.080856753567138
362,"s(prev_lastRippleHPC_z):prev_DOWN_yes",0.0892022149386653,0.000690704500535895,0.21366220656397,0.0901881742495063
363,"s(prev_lastRippleHPC_z):prev_DOWN_yes",0.0111848218979178,0.000154802719131358,0.129892309664428,0.099547869420269
364,"s(prev_lastRippleHPC_z):prev_DOWN_yes",0.0362231630453689,0.000832143740642178,0.226822611906574,0.522751630556632
365,"s(prev_lastRippleHPC_z):prev_DOWN_yes",0.0610065426379247,0.00142809670731737,0.263505043428191,1.93757321934987
366,"s(prev_lastRippleHPC_z):prev_DOWN_yes",0.171411222582213,0.000879001400806639,0.440495981682421,0.177086781714818
367,"s(prev_lastRippleHPC_z):prev_DOWN_yes",0.0427443247434969,0.000523762421585186,0.260609366627887,0.117562978031933
368,"s(prev_lastRippleHPC_z):prev_DOWN_yes",0.197442807069477,0.00164488975399164,0.203164292768856,0.1109870548672
369,"s(prev_lastRippleHPC_z):prev_DOWN_yes",0.0805093822378851,0.00229190801551186,0.280354745132023,1.07921351583655
370,"s(prev_lastRippleHPC_z):prev_DOWN_yes",0.148703140578141,0.000566219861900487,0.401626278558328,0.0873971910938148
371,"s(prev_lastRippleHPC_z):prev_DOWN_yes",0.0039329947919482,6.53271919303596e-05,0.064308375215759,0.157157455378207
372,"s(prev_lastRippleHPC_z):prev_DOWN_yes",0.0395363776847244,0.000435627875879019,0.234811030810422,0.0693880487985784
373,"s(prev_lastRippleHPC_z):prev_DOWN_yes",0.104283334793224,0.000561919163996674,0.122639709516713,0.142031120086321
374,"s(prev_lastRippleHPC_z):prev_DOWN_yes",0.144650366650979,0.000828185579613123,0.180665422958265,0.0596401583778216
375,"s(prev_lastRippleHPC_z):prev_DOWN_yes",0.181300971825148,0.00132177334537455,0.350556693228165,0.17185644092007
376,"s(prev_lastRippleHPC_z):prev_DOWN_yes",0.0544674243093537,0.000578004112746047,0.268347759061331,0.0791237795540834
377,"s(prev_lastRippleHPC_z):prev_DOWN_yes",0.217071828907662,0.00167343240900201,0.612499724455049,0.335258342477222
378,"s(prev_lastRippleHPC_z):prev_DOWN_yes",0.0263130862494876,0.000294423612112297,0.197790133371607,0.0586843464481105
379,"s(prev_lastRippleHPC_z):prev_DOWN_yes",0.101827062352797,0.00106756556120347,0.349353615141527,0.103093258718534
380,"s(prev_lastRippleHPC_z):prev_DOWN_yes",0.120039218279584,0.000648394548221969,0.132995855426542,0.082249256231015
381,"s(prev_lastRippleHPC_z):prev_DOWN_yes",0.0502290738421758,0.000533706139329275,0.262653620871186,0.0774431230355676
382,"s(prev_lastRippleHPC_z):prev_DOWN_yes",0.134912984484266,0.00138241484803715,0.176181092899577,0.623095773327637
383,"s(prev_lastRippleHPC_z):prev_DOWN_yes",0.0216659415860718,0.000516424169676574,0.174016196622743,0.451962735950142
384,"s(prev_lastRippleHPC_z):prev_DOWN_yes",0.0352813866467114,0.000843167215242289,0.228355371632139,0.65255297830413
385,"s(prev_lastRippleHPC_z):prev_DOWN_yes",0.020241488630143,0.000226038648083447,0.165058577908917,0.0486399089000668
386,"s(prev_lastRippleHPC_z):prev_DOWN_yes",0.0406218193907151,0.000442668953824966,0.234503705426771,0.0691351755621458
387,"s(prev_lastRippleHPC_z):prev_DOWN_yes",0.0723226907899326,0.000762292532965848,0.311450760697755,0.0918693755106859
388,"s(prev_lastRippleHPC_z):prev_DOWN_yes",0.0685589344757265,0.00103392911817421,0.173585050452716,2.35330544873385
389,"s(prev_lastRippleHPC_z):prev_DOWN_yes",0.0793399275268474,0.000564045981667355,0.183682434402079,0.0644185649795676
390,"s(prev_lastRippleHPC_z):prev_DOWN_yes",0.102496279264523,0.00117668883502298,0.388819481289234,0.114586552739269
391,"s(prev_lastRippleHPC_z):prev_DOWN_yes",0.017436294418478,0.000321919800933035,0.169864735962907,0.418945524168798
392,"s(prev_lastRippleHPC_z):prev_DOWN_yes",0.0333892584739841,0.00042829797453848,0.22654803518671,0.0667428283080662
393,"s(prev_lastRippleHPC_z):prev_DOWN_yes",0.0373302356700203,0.000159064829339877,0.132656453311786,0.0531332351513343
394,"s(prev_lastRippleHPC_z):prev_DOWN_yes",0.0657718980333906,0.000344612451503004,0.356639218743791,0.0982887008316519
395,"s(prev_lastRippleHPC_z):prev_DOWN_yes",0.114624631764407,0.00117449770473873,0.159218081406503,0.0571768551606362
396,"s(prev_lastRippleHPC_z):prev_DOWN_yes",0.0718895766524676,0.000814872755368269,0.316241735612376,0.15972084777938
397,"s(prev_lastRippleHPC_z):prev_DOWN_yes",0.286647244244927,0.00236721673531632,0.529205050662147,0.269342877091398
398,"s(prev_lastRippleHPC_z):prev_DOWN_yes",0.0236020339187979,8.44389876844103e-05,0.118097344935448,0.0404861466484913
399,"s(prev_lastRippleHPC_z):prev_DOWN_yes",-0.0463148311131123,0.000337837323591317,0.20510117551306,0.0604469677503383
400,"s(prev_lastRippleHPC_z):prev_DOWN_yes",0.0519214331841438,0.000299761235124222,0.116970939725466,0.0875696777071588
401,"s(prev_lastRippleHPC_z):prev_DOWN_yes",0.0501724849842882,0.000567927880844011,0.259608924712104,0.392221151875495
402,"s(prev_lastRippleHPC_z):prev_DOWN_yes",0.0876347975587475,0.000456665574840621,0.218518273727258,0.0538334770959986
403,"s(prev_lastRippleHPC_z):prev_DOWN_yes",0.149238119095727,0.000579297851416061,0.502088335186502,0.160985918610875
404,"s(prev_lastRippleHPC_z):prev_DOWN_yes",0.0772452878348293,0.000296985990120099,0.119391225422432,0.0465661047831215
405,"s(prev_lastRippleHPC_z):prev_DOWN_yes",0.0021750145479551,3.24836896172401e-05,0.0639881917799421,0.0188782940880374
406,"s(prev_lastRippleHPC_z):prev_DOWN_yes",0.0723954462606953,0.00115545839038192,0.312731601242439,0.499644268168189
407,"s(prev_lastRippleHPC_z):prev_DOWN_yes",0.000168742317391057,5.31051771690248e-06,0.0255498157836268,0.00755157656545529
408,"s(prev_lastRippleHPC_z):prev_DOWN_yes",0.021192006037154,0.00028579163886461,0.154263422316706,0.447071182575183
409,"s(prev_lastRippleHPC_z):prev_DOWN_yes",0.179464745152364,0.00102350921097778,0.289957964708156,0.210082981459534
410,"s(prev_lastRippleHPC_z):prev_DOWN_yes",0.0282495943140866,0.000360232779978539,0.214581308942237,0.0633322353192549
411,"s(prev_lastRippleHPC_z):prev_DOWN_yes",0.155049051152975,0.00165311377402258,0.259357970970314,0.655492350597166
412,"s(prev_lastRippleHPC_z):prev_DOWN_yes",0.00616360565774876,7.1404526814427e-05,0.0931001079412695,0.027423554610794
413,"s(prev_lastRippleHPC_z):prev_DOWN_yes",0.197635609190991,0.00257751188734458,0.508724801003109,0.698084969608839
414,"s(prev_lastRippleHPC_z):prev_DOWN_yes",0.0585623589961504,0.000562919890944189,0.270150691882895,0.0796801083505825
415,"s(prev_lastRippleHPC_z):prev_DOWN_yes",0.044158138759939,0.00216637734267601,0.249586150428664,1.16012608938404
416,"s(prev_lastRippleHPC_z):prev_DOWN_yes",0.0884473843824942,0.000749255671573745,0.255292917259252,0.143737161137469
417,"s(prev_lastRippleHPC_z):prev_DOWN_yes",0.034429497278933,0.000369143309048972,0.213292051610796,0.063009927940653
418,"s(prev_lastRippleHPC_z):prev_DOWN_yes",0.0270457263836041,0.000362714144084014,0.2190478726191,0.0645725733535001
419,"s(prev_lastRippleHPC_z):prev_DOWN_yes",0.112129949974619,0.00112689932378406,0.372087201017332,0.109746281233656
420,"s(prev_lastRippleHPC_z):prev_DOWN_yes",0.0926297950368218,0.000315526015097519,0.227267223653342,0.122298284721096
421,"s(prev_lastRippleHPC_z):prev_DOWN_yes",0.0564227515083831,0.00071508658721352,0.276885386053861,0.201782171579481
422,"s(prev_lastRippleHPC_z):prev_DOWN_yes",0.0375057299931303,0.000437822211434568,0.227702154750929,0.067623936254893
423,"s(prev_lastRippleHPC_z):prev_DOWN_yes",0.0502402029258553,0.000535698120292448,0.256557046931068,0.0757659355960622
424,"s(prev_lastRippleHPC_z):prev_DOWN_yes",0.0305810809045566,0.00037477106053846,0.224411948653547,0.0661032502141731
425,"s(prev_lastRippleHPC_z):prev_DOWN_yes",0.190159058966717,0.00206491780333471,0.507505015121805,0.149635451103135
426,"s(prev_lastRippleHPC_z):prev_DOWN_yes",0.143849853708005,0.000761081770848919,0.267176332181767,0.133734297883485
427,"s(prev_lastRippleHPC_z):prev_DOWN_yes",0.0245287184676366,9.71449669868072e-05,0.142773675124792,0.0460620111085361
428,"s(prev_lastRippleHPC_z):prev_DOWN_yes",0.168257491505658,0.000967886983574146,0.305514318330303,0.120648665263478
429,"s(prev_lastRippleHPC_z):prev_DOWN_yes",0.0844599694181474,0.000957733200371033,0.341733452096713,0.100672039863851
430,"s(prev_lastRippleHPC_z):prev_DOWN_yes",0.0647924759940564,0.000760304206397386,0.30291289534983,0.0892903785564505
431,"s(prev_lastRippleHPC_z):prev_DOWN_yes",0.00041804210110552,0.000533592343182647,0.0217051034698188,0.78102090051478
432,"s(prev_lastRippleHPC_z):prev_DOWN_yes",0.0522595452015784,0.00218580325499996,0.28221511304995,1.89023262658419
433,"s(prev_lastRippleHPC_z):prev_DOWN_yes",0.220589816290631,0.000870334726287525,0.760561343795113,0.183971586977865
434,"s(prev_lastRippleHPC_z):prev_DOWN_yes",0.173282426443559,0.00192335181639936,0.484386686876312,0.142741885982783
435,"s(prev_lastRippleHPC_z):prev_DOWN_yes",0.217255523988907,0.00141153186898169,0.218609213361161,0.0783403177366945
436,"s(prev_lastRippleHPC_z):prev_DOWN_yes",0.0173670192422843,0.00019621579417358,0.158086064014594,0.0465687315176455
437,"s(prev_lastRippleHPC_z):prev_DOWN_yes",0.00132237940272706,1.48024675568279e-05,0.0425579609712392,0.0125448631828881
438,"s(prev_lastRippleHPC_z):prev_DOWN_yes",0.228670766114879,0.00199410776687695,0.253193092388922,0.367113236580531
439,"s(prev_lastRippleHPC_z):prev_DOWN_yes",0.0195905464021848,0.000217581571437395,0.16740763941733,0.0493604376679851
440,"s(prev_lastRippleHPC_z):prev_DOWN_yes",0.0348138993996914,0.000383270071351293,0.222434083920078,0.0655294004307479
441,"s(prev_lastRippleHPC_z):prev_DOWN_yes",0.140399465539372,0.00100390249689681,0.31281568459518,0.103937354982271
442,"s(prev_lastRippleHPC_z):prev_DOWN_yes",0.0273358693772554,0.000337421170419628,0.210794329407782,0.110024004096794
443,"s(prev_lastRippleHPC_z):prev_DOWN_yes",0.152632294824905,0.000966756947779231,0.33497175937008,0.0732766562774114
444,"s(prev_lastRippleHPC_z):prev_DOWN_yes",0.00897662122613774,0.000121869076218063,0.129053560368215,0.0380523760446965
445,"s(prev_lastRippleHPC_z):prev_DOWN_yes",0.00747946327623872,9.44626688876088e-05,0.109195620980961,0.0322025733519278
446,"s(prev_lastRippleHPC_z):prev_DOWN_yes",0.207544880518081,0.00134524578338852,0.347071066879401,0.231835324700849
447,"s(prev_lastRippleHPC_z):prev_DOWN_yes",0.0619729056035121,0.00100838134683137,0.281513709274627,0.625175205295258
448,"s(prev_lastRippleHPC_z):prev_DOWN_yes",0.226268868303925,0.00195694730805296,0.353959703046533,0.181260381836619
449,"s(prev_lastRippleHPC_z):prev_DOWN_yes",0.183400401557638,0.00113171622296296,0.25259080290014,0.108663148566849
450,"s(prev_lastRippleHPC_z):prev_DOWN_yes",0.0715012992435122,0.000804749443021798,0.311513722059544,0.0918720283851246
451,"s(prev_lastRippleHPC_z):prev_DOWN_yes",0.166194927062939,0.000998575903124122,0.55438934548365,0.300529963637257
452,"s(prev_lastRippleHPC_z):prev_DOWN_yes",0.159412598322588,0.000761788804715263,0.295317154680682,0.232405702678639
453,"s(prev_lastRippleHPC_z):prev_DOWN_yes",0.134859639335715,0.0011909516193046,0.349815084236263,0.147560052751004
454,"s(prev_lastRippleHPC_z):prev_DOWN_yes",0.141088853931566,0.000643686019970254,0.259533464159823,0.119131969179634
455,"s(prev_lastRippleHPC_z):prev_DOWN_yes",0.0251210893135374,0.00030484783705847,0.190811802377564,0.0563806722779474
456,"s(prev_lastRippleHPC_z):prev_DOWN_yes",0.132845988945698,0.00079820298705661,0.357947807332457,0.112781068146108
457,"s(prev_lastRippleHPC_z):prev_DOWN_yes",0.0812640110925971,0.00024435135292959,0.217821564215247,0.126981657490388
458,"s(prev_lastRippleHPC_z):prev_DOWN_yes",0.00799757430708503,9.90498268895937e-05,0.115250007471284,0.0339860735830945
459,"s(prev_lastRippleHPC_z):prev_DOWN_yes",0.230739447652022,0.00158458189600405,0.714283756641936,0.604218344775804
460,"s(prev_lastRippleHPC_z):prev_DOWN_yes",0.212528923128001,0.00142441123973359,0.196040294694479,0.115163250384086
461,"s(prev_lastRippleHPC_z):prev_DOWN_yes",0.0476809558780573,0.000175743711662613,0.228965690902595,0.0722773699815029
462,"s(prev_lastRippleHPC_z):prev_DOWN_yes",0.000580391807385006,1.55479009099992e-05,0.0454162538663409,0.0133832679967585
463,"s(prev_lastRippleHPC_z):prev_DOWN_yes",0.0987913052315852,0.000336897506471156,0.211959014983849,0.114942609681907
464,"s(prev_lastRippleHPC_z):prev_DOWN_yes",0.0661194025544471,0.000665490334760363,0.295609471040672,0.0872452248189561
465,"s(prev_lastRippleHPC_z):prev_DOWN_yes",0.1065824794166,0.000395581154022524,0.238503880521052,0.167730547908594
466,"s(prev_lastRippleHPC_z):prev_DOWN_yes",0.328092546930409,0.00240321879690559,0.551636312144797,0.303807981344939
467,"s(prev_lastRippleHPC_z):prev_DOWN_yes",0.0166711712925576,0.000168515153600223,0.149943436780228,0.0442216311787325
468,"s(prev_lastRippleHPC_z):prev_DOWN_yes",0.185385604517041,0.00128803330076629,0.753161428319362,0.544169452335296
469,"s(prev_lastRippleHPC_z):prev_DOWN_yes",0.0826719727625616,0.000159358827152702,0.241485610604981,0.0573659023262875
470,"s(prev_lastRippleHPC_z):prev_DOWN_yes",0.0966439325718715,0.00102819438953866,0.362536174855239,0.106960181907725
471,"s(prev_lastRippleHPC_z):prev_DOWN_yes",0.121977186080123,0.000439196376613267,0.282524782611418,0.0884975097093721
472,"s(prev_lastRippleHPC_z):prev_DOWN_yes",0.0537597610345779,0.000622149443663985,0.279485352519905,0.082405022204424
473,"s(prev_lastRippleHPC_z):prev_DOWN_yes",0.247786214370742,0.00144112787069189,0.26197114042978,0.0984519575641847
474,"s(prev_lastRippleHPC_z):prev_DOWN_yes",0.0281180223740867,0.000142539046416698,0.147020166877623,0.0526978944498303
475,"s(prev_lastRippleHPC_z):prev_DOWN_yes",0.0345742645826803,0.000475915970156185,0.236277380368741,0.26651198011801
476,"s(prev_lastRippleHPC_z):prev_DOWN_yes",0.000154037980503396,9.47292419201103e-06,0.0339502458261655,0.0100166962027572
477,"s(prev_lastRippleHPC_z):prev_DOWN_yes",0.175149052879536,0.00100112154162301,0.182992108608509,0.117629485167431
478,"s(prev_lastRippleHPC_z):prev_DOWN_yes",0.0789902404250968,0.000848685309250855,0.32270228052132,0.0952524595566834
479,"s(prev_lastRippleHPC_z):prev_DOWN_yes",0.116508818471178,0.00088224852862969,0.219670165804954,0.1271733747832
480,"s(prev_lastRippleHPC_z):prev_DOWN_yes",0.14969158987286,0.000780474515388012,0.196504921943605,0.0730237416463623
481,"s(prev_lastRippleHPC_z):prev_DOWN_yes",0.187686515438573,0.00199804320684466,0.513381479236921,0.151428095600041
482,"s(prev_lastRippleHPC_z):prev_DOWN_yes",0.154559458126095,0.00161963594832402,0.44006491931226,0.129730705667865
483,"s(prev_lastRippleHPC_z):prev_DOWN_yes",0.0227969574883158,0.000531309813665683,0.174844954212977,0.298389343924006
484,"s(prev_lastRippleHPC_z):prev_DOWN_yes",0.115347768155105,0.000956887124664723,0.327981675597416,0.12236606892916
485,"s(prev_lastRippleHPC_z):prev_DOWN_yes",0.00884526535718244,0.000673906616465615,0.117907667844572,0.784641098897347
486,"s(prev_lastRippleHPC_z):prev_DOWN_yes",0.0192006319328488,0.000203832957977915,0.159688689929848,0.0470607786991487
487,"s(prev_lastRippleHPC_z):prev_DOWN_yes",0.158978512777014,0.00220917353801958,0.506433359175428,0.344947852452418
488,"s(prev_lastRippleHPC_z):prev_DOWN_yes",0.201549195853208,0.0010516219999386,0.804410999064414,0.221667172912813
489,"s(prev_lastRippleHPC_z):prev_DOWN_yes",0.0375566563735772,0.000390688765473099,0.225874535427714,0.0666358927465485
490,"s(prev_lastRippleHPC_z):prev_DOWN_yes",0.242658640412116,0.00238470792593476,0.417842356354952,0.919870526685638
491,"s(prev_lastRippleHPC_z):prev_DOWN_yes",0.085586192779842,0.000181507621067709,0.436363117074442,0.16987609452732
492,"s(prev_lastRippleHPC_z):prev_DOWN_yes",0.0750975845231441,0.000553076768776046,0.176430182981388,0.067987466860352
493,"s(prev_lastRippleHPC_z):prev_DOWN_yes",0.193973445403515,0.00105497740929423,0.273698840063757,0.188033010661622
494,"s(prev_lastRippleHPC_z):prev_DOWN_yes",0.252732823245791,0.00247134321468843,0.294077338194647,0.504297962066939
495,"s(prev_lastRippleHPC_z):prev_DOWN_yes",0.101453409350315,0.000559048637925821,0.116683815173417,0.0711328265021457
496,"s(prev_lastRippleHPC_z):prev_DOWN_yes",0.0508857146538153,0.000239436419688296,0.138862064841728,0.0864703844667501
497,"s(prev_lastRippleHPC_z):prev_DOWN_yes",-0.000182646895650507,3.06295514926708e-06,0.0199730175214056,0.0058943426711073
498,"s(prev_lastRippleHPC_z):prev_DOWN_yes",0.109857460719274,0.000640915788337208,0.305449519768963,0.178732157713912
499,"s(prev_lastRippleHPC_z):prev_DOWN_yes",0.00642048035907195,0.000233805011660048,0.0898319031859989,0.398215685064375
500,"s(prev_lastRippleHPC_z):prev_DOWN_yes",0.0678333772417927,0.000311188342966266,0.314356331186583,0.0923734285498746
501,"s(prev_lastRippleHPC_z):prev_DOWN_yes",0.0877238579215716,0.000306692472917299,0.168368371754039,0.101479209733946
502,"s(prev_lastRippleHPC_z):prev_DOWN_yes",0.138486120483766,0.00163523410717738,0.454975597479328,0.134118931033409
503,"s(prev_lastRippleHPC_z):prev_DOWN_yes",0.089295815319919,0.000941805540665768,0.344649919834103,0.101558774080188
504,"s(prev_lastRippleHPC_z):prev_DOWN_yes",0.00902747146590688,2.45189861991168e-05,0.10693057578443,0.0321132711095423
505,"s(prev_lastRippleHPC_z):prev_DOWN_yes",0.240850969122947,0.00306535329484715,0.242107961396894,0.731737856034698
506,"s(prev_lastRippleHPC_z):prev_DOWN_yes",0.226742025582589,0.0017952550344083,0.547800147803174,0.691376034891963
507,"s(prev_lastRippleHPC_z):prev_DOWN_yes",0.117928387077217,0.00101633184319016,0.269207327744108,0.277409443926832
508,"s(prev_lastRippleHPC_z):prev_DOWN_yes",0.0991001613127285,0.000481619658182255,0.455970133048718,0.20594586091372
509,"s(prev_lastRippleHPC_z):prev_DOWN_yes",0.135368816834402,0.000920405728846557,0.186479160976514,0.11870593119904
510,"s(prev_lastRippleHPC_z):prev_DOWN_yes",0.130659108193936,0.00138902500965757,0.416738836882377,0.122889343138414
511,"s(prev_lastRippleHPC_z):prev_DOWN_yes",0.0610458093413557,0.000663922476214808,0.290524066593609,0.0856942803763803
512,"s(prev_lastRippleHPC_z):prev_DOWN_yes",0.00824371731698292,9.72779049814506e-05,0.108830106187604,0.0320768387445694
513,"s(prev_lastRippleHPC_z):prev_DOWN_yes",0.120368305312825,0.000470652213995348,0.277411364415184,0.0885609930759548
514,"s(prev_lastRippleHPC_z):prev_DOWN_yes",0.0567377436850602,0.00209869787391069,0.264155302326023,1.60481634904182
515,"s(prev_lastRippleHPC_z):prev_DOWN_yes",0.0386735739841884,0.00041134507891192,0.227341965047208,0.0670562693554373
516,"s(prev_lastRippleHPC_z):prev_DOWN_yes",0.183505781837655,0.00196886522409904,0.483609446561864,0.14267178618791
517,"s(prev_lastRippleHPC_z):prev_DOWN_yes",0.0590548778735327,0.000325599212604867,0.239159697903664,0.0762522172939566
518,"s(prev_lastRippleHPC_z):prev_DOWN_yes",0.0371277129806593,0.000418354959622968,0.227763244322084,0.06716847800938
519,"s(prev_lastRippleHPC_z):prev_DOWN_yes",0.100681025943068,0.00122099658667445,0.365664550071208,0.165516889307692
520,"s(prev_lastRippleHPC_z):prev_DOWN_yes",0.185628614885935,0.00144508869706585,0.340602015512877,0.256497496227736
521,"s(prev_lastRippleHPC_z):prev_DOWN_yes",0.219820126327781,0.00232994747739456,0.518633743420416,0.152939500299132
522,"s(prev_lastRippleHPC_z):prev_DOWN_yes",0.12476430953245,0.00171819030326257,0.295837578733311,0.967569319644537
523,"s(prev_lastRippleHPC_z):prev_DOWN_yes",0.00140000211209657,2.29631058719173e-05,0.0523303699271275,0.0154267492567199
524,"s(prev_lastRippleHPC_z):prev_DOWN_yes",0.164762299534889,0.00121866091375269,0.199962625371091,0.0730237167715763
525,"s(prev_lastRippleHPC_z):prev_DOWN_yes",0.162966139907014,0.000729146912639591,0.563933267842094,0.345149324498444
526,"s(prev_lastRippleHPC_z):prev_DOWN_yes",0.110644659914359,0.00053725690557748,0.276519251335321,0.11440272731331
527,"s(prev_lastRippleHPC_z):prev_DOWN_yes",0.152574308910666,0.000254941581887624,0.135390004349799,0.0695345807918099
528,"s(prev_lastRippleHPC_z):prev_DOWN_yes",0.0329913638753068,0.000756716402730194,0.206793889906785,0.545245513233869
529,"s(prev_lastRippleHPC_z):prev_DOWN_yes",0.0936336273281304,0.000996625633459315,0.347994867029194,0.102838971924551
530,"s(prev_lastRippleHPC_z):prev_DOWN_yes",0.282245855867327,0.00224751425953609,0.385864037536224,0.133740125204719
531,"s(prev_lastRippleHPC_z):prev_DOWN_yes",0.0938712254657155,0.00105147702144925,0.363391464472651,0.107188630981606
532,"s(prev_lastRippleHPC_z):prev_DOWN_yes",0.0110921000552366,1.87122696343378e-05,0.100993028998489,0.0302844481926509
533,"s(prev_lastRippleHPC_z):prev_DOWN_yes",0.163012129273837,0.00144852425360036,0.219100466884914,0.209328147974696
534,"s(prev_lastRippleHPC_z):prev_DOWN_yes",0.0249474484468575,0.000299905774164164,0.192006982845676,0.0566759212476577
535,"s(prev_lastRippleHPC_z):prev_DOWN_yes",0.0452079657128248,0.000499337420523047,0.250923817282891,0.0739462217685845
536,"s(prev_lastRippleHPC_z):prev_DOWN_yes",0.181631140989237,0.000945454773092094,0.232106152594255,0.105276440368115
537,"s(prev_lastRippleHPC_z):prev_DOWN_yes",0.00336501888694762,5.72831233832753e-05,0.0767214430461376,0.150980553379671
538,"s(prev_lastRippleHPC_z):prev_DOWN_yes",0.0589506465914607,0.000390219700330162,0.153842741494333,0.0814313853093057
539,"s(prev_lastRippleHPC_z):prev_DOWN_yes",0.329083441527983,0.00354473293356244,0.65165744630894,0.192084278044905
540,"s(prev_lastRippleHPC_z):prev_DOWN_yes",-1.49342324977653e-05,7.36215677965349e-08,0.00306762108664333,0.000903992328145494
541,"s(prev_lastRippleHPC_z):prev_DOWN_yes",0.00999982014040324,9.33401927111949e-05,0.111175873746077,0.0327804806053477
542,"s(prev_lastRippleHPC_z):prev_DOWN_yes",0.0572246751980003,0.000614259805684585,0.283452274671798,0.0834826660036332
543,"s(prev_lastRippleHPC_z):prev_DOWN_yes",0.0082896589229593,0.000277298908797219,0.110629395597485,0.480423760955741
544,"s(prev_lastRippleHPC_z):prev_DOWN_yes",0.0261474677159557,0.00025790459622268,0.183841251357,0.0541924737390771
545,"s(prev_lastRippleHPC_z):prev_DOWN_yes",0.0295835818521146,0.000310688482100846,0.196261691755623,0.0578638828310348
546,"s(prev_lastRippleHPC_z):prev_DOWN_yes",0.159941931412217,0.00117122273116789,0.343348183719962,0.138496267124771
547,"s(prev_lastRippleHPC_z):prev_DOWN_yes",0.0129233608385491,1.68337800512377e-05,0.084774947720891,0.0263484019333583
548,"s(prev_lastRippleHPC_z):prev_DOWN_yes",0.00664482245941223,4.95419045776366e-05,0.0796226718631739,0.0234670138535586
549,"s(prev_lastRippleHPC_z):prev_DOWN_yes",0.0381261673128206,0.000753009048301871,0.244245839488786,0.447424653603181
550,"s(prev_lastRippleHPC_z):prev_DOWN_yes",0.202735456802157,0.001282981542178,0.720297386690772,0.270243735643504
551,"s(prev_lastRippleHPC_z):prev_DOWN_yes",0.0364170824708037,0.000382019787451063,0.217782405387232,0.0642975762409152
552,"s(prev_lastRippleHPC_z):prev_DOWN_yes",0.140945713645769,0.00100118303862384,0.161689710741474,0.0569605434361242
553,"s(prev_lastRippleHPC_z):prev_DOWN_yes",0.0334957833644927,0.000539507621390031,0.209043677646044,0.59563138896368
554,"s(prev_lastRippleHPC_z):prev_DOWN_yes",0.149881050514778,0.000647780517692996,0.221141446617062,0.0712028912817915
555,"s(prev_lastRippleHPC_z):prev_DOWN_yes",0.134098547668012,0.00126027283594816,0.270101587801333,1.18883448875043
556,"s(prev_lastRippleHPC_z):prev_DOWN_yes",0.0166239183519332,0.000162730252839753,0.142145174936177,0.0419402582481277
557,"s(prev_lastRippleHPC_z):prev_DOWN_yes",0.0815323823251486,0.000263596366728289,0.237345883195146,0.115555781506959
558,"s(prev_lastRippleHPC_z):prev_DOWN_yes",0.0480845783771668,0.000484824745910512,0.245829770586788,0.0724430424153911
559,"s(prev_lastRippleHPC_z):prev_DOWN_yes",0.100390650102136,0.00114063877309881,0.3707160670222,0.109235156839103
560,"s(prev_lastRippleHPC_z):prev_DOWN_yes",0.104210460034058,0.000907628470737713,0.286748476447993,0.0829443789471112
561,"s(prev_lastRippleHPC_z):prev_DOWN_yes",0.00750086870980482,0.00010268443272333,0.111582903609986,0.0328975589105012
562,"s(prev_lastRippleHPC_z):prev_DOWN_yes",0.121295209078101,0.00112055323826619,0.404154986116253,0.210804301989145
563,"s(prev_lastRippleHPC_z):prev_DOWN_yes",0.0195540876853615,0.00114932716795242,0.169016141743006,1.63224689548491
564,"s(prev_lastRippleHPC_z):prev_DOWN_yes",0.034990824175825,0.00120148069060598,0.206246467872997,1.01806031687611
565,"s(prev_lastRippleHPC_z):prev_DOWN_yes",0.130516056060774,0.000847188079516463,0.353985180830815,0.106400806596679
566,"s(prev_lastRippleHPC_z):prev_DOWN_yes",0.197118265397349,0.00107613003290504,0.567625361588954,0.272025554111169
567,"s(prev_lastRippleHPC_z):prev_DOWN_yes",0.05262783422324,0.00070055281106891,0.284031140338504,0.212745927302252
568,"s(prev_lastRippleHPC_z):prev_DOWN_yes",0.187303480696301,0.00104702855104423,0.17951247573518,0.0721517079827008
569,"s(prev_lastRippleHPC_z):prev_DOWN_yes",0.103178848660697,0.00061997840043746,0.396105206282439,0.343300666785718
570,"s(prev_lastRippleHPC_z):prev_DOWN_yes",0.040564308669004,0.000458557184619581,0.238816997198723,0.0705158035831411
571,"s(prev_lastRippleHPC_z):prev_DOWN_yes",0.0363612997573979,0.000407400046753893,0.239000846620682,0.0704367584501678
572,"s(prev_lastRippleHPC_z):prev_DOWN_yes",0.0120447537457471,0.000201801671583333,0.156461108028166,0.0461302521428761
573,"s(prev_lastRippleHPC_z):prev_DOWN_yes",0.305705109507589,0.00246749651923803,1.02993136997574,0.584100813111241
574,"s(prev_lastRippleHPC_z):prev_DOWN_yes",0.00567538165616721,0.000215116639910932,0.0892675952355667,0.671381312967421
575,"s(prev_lastRippleHPC_z):prev_DOWN_yes",0.0922637510642836,0.000306603872255058,0.135015221814347,0.067689720084524
576,"s(prev_lastRippleHPC_z):prev_DOWN_yes",0.0504033388527043,0.000581172199729614,0.264254423026062,0.0781133481187687
577,"s(prev_lastRippleHPC_z):prev_DOWN_yes",0.0526430550589918,0.00131443677307735,0.270421745605111,0.757090614641884
578,"s(prev_lastRippleHPC_z):prev_DOWN_yes",0.166179342554461,0.00100195967434214,0.416773314809816,0.0896350906791253
579,"s(prev_lastRippleHPC_z):prev_DOWN_yes",0.000989664077626351,1.74177507010256e-05,0.0454574500687142,0.0134183074310496
580,"s(prev_lastRippleHPC_z):prev_DOWN_yes",0.0244627884680479,0.000266367508336836,0.178288666772372,0.0525652518438791
581,"s(prev_lastRippleHPC_z):prev_DOWN_yes",0.0465492187932295,0.000689075223074231,0.244601104994686,0.438984012723458
582,"s(prev_lastRippleHPC_z):prev_DOWN_yes",0.0529294176655135,0.000872121442599724,0.281601591778163,0.63818757210533
583,"s(prev_lastRippleHPC_z):prev_DOWN_yes",0.0624598462538177,0.000233914305177058,0.163527896164339,0.167825362784069
584,"s(prev_lastRippleHPC_z):prev_DOWN_yes",0.147986488603164,0.00157430410286413,0.44838512115807,0.132355848152049
585,"s(prev_lastRippleHPC_z):prev_DOWN_yes",0.0774254575779425,0.000822251636564358,0.324408729297662,0.0955747632176413
586,"s(prev_lastRippleHPC_z):prev_DOWN_yes",0.0798743757504079,0.000326914273107726,0.143960527231766,0.192686860323636
587,"s(prev_lastRippleHPC_z):prev_DOWN_yes",-4.08580751898313e-05,3.4269186606443e-08,0.00205340540232742,0.000606788939926408
588,"s(prev_lastRippleHPC_z):prev_DOWN_yes",0.215341448079329,0.00116303505465482,0.415643648793537,0.208413837551846
589,"s(prev_lastRippleHPC_z):prev_DOWN_yes",0.0597966529915253,0.000252172112866052,0.172940793370771,0.0745781855767306
590,"s(prev_lastRippleHPC_z):prev_DOWN_yes",0.0656263560415971,0.000687842539810599,0.285872792115259,0.08432730130042
591,"s(prev_lastRippleHPC_z):prev_DOWN_yes",-0.115206435841996,0.000597824319681846,0.259550006816726,0.130194857005665
592,"s(prev_lastRippleHPC_z):prev_DOWN_yes",0.0775705511554348,0.000420263242240047,0.210872537451251,0.0618312999875962
593,"s(prev_lastRippleHPC_z):prev_DOWN_yes",0.053708976459899,0.000909427092064938,0.272139826778372,0.934441527601644
594,"s(prev_lastRippleHPC_z):prev_DOWN_yes",0.154006310712958,0.000779034177096782,0.19839863278354,0.1000933016647
595,"s(prev_lastRippleHPC_z):prev_DOWN_yes",0.0491714392657521,0.000641946291996848,0.282822665920948,0.0833892062058424
596,"s(prev_lastRippleHPC_z):prev_DOWN_yes",0.0783949397374117,0.000588232391586488,0.206793030687654,0.0912850817551858
597,"s(prev_lastRippleHPC_z):prev_DOWN_yes",0.0814400345775566,0.000897041921478464,0.330847183450572,0.0975871567850459
598,"s(prev_lastRippleHPC_z):prev_DOWN_yes",0.0735177673110492,0.000191778954163928,0.245591542812986,0.132722112350806
599,"s(prev_lastRippleHPC_z):prev_DOWN_yes",0.128589277390018,0.000667230059149835,0.137172430025121,0.0465233370998205
600,"s(prev_lastRippleHPC_z):prev_DOWN_yes",0.0108286266100341,0.000134914047370438,0.133428908352555,0.0393579797852665
601,"s(prev_lastRippleHPC_z):prev_DOWN_yes",0.00945723559290101,0.000105613050395804,0.115925205053499,0.0341988248097169
602,"s(prev_lastRippleHPC_z):prev_DOWN_yes",0.0971003503565484,0.00064272208675178,0.281617248711882,0.0951527680174445
603,"s(prev_lastRippleHPC_z):prev_DOWN_yes",0.0313237153329391,0.00195394879179059,0.195663488073617,2.00706674319499
604,"s(prev_lastRippleHPC_z):prev_DOWN_yes",0.0210842517988032,2.21714738655547e-05,0.0773730832225229,0.0481143565728867
605,"s(prev_lastRippleHPC_z):prev_DOWN_yes",0.180621013290023,0.00106946917363469,0.422319279844871,0.163912792171636
606,"s(prev_lastRippleHPC_z):prev_DOWN_yes",0.227369115541812,0.00101791666543431,0.357877632176363,0.332148767129859
607,"s(prev_lastRippleHPC_z):prev_DOWN_yes",0.244681075530434,0.0024190745852625,0.407395046098925,0.18076829898634
608,"s(prev_lastRippleHPC_z):prev_DOWN_yes",0.405849849065727,0.00223490588515765,0.87535066066692,0.792479340969202
609,"s(prev_lastRippleHPC_z):prev_DOWN_yes",0.0117439550892868,0.000159613659351723,0.1384183994898,0.0408246187148578
610,"s(prev_lastRippleHPC_z):prev_DOWN_yes",0.0402805821595686,0.000556315130382611,0.227422169021249,0.34926051173389
611,"s(prev_lastRippleHPC_z):prev_DOWN_yes",0.176764070104788,0.0017726529492227,0.204607850922627,0.506557809635702
612,"s(prev_lastRippleHPC_z):prev_DOWN_yes",0.0524599811234614,0.000612217057957022,0.259332295348881,0.162939836815489
613,"s(prev_lastRippleHPC_z):prev_DOWN_yes",0.152937684834153,0.00168402638458601,0.450466384579951,0.132813122090183
614,"s(prev_lastRippleHPC_z):prev_DOWN_yes",0.0447087736972271,0.000157403543709768,0.182737537451472,0.170552891987037
615,"s(prev_lastRippleHPC_z):prev_DOWN_yes",0.0600396669010443,0.000596075248390355,0.27419135494187,0.0808099246238469
616,"s(prev_lastRippleHPC_z):prev_DOWN_yes",0.0206079512063368,0.000236472774545264,0.169926264462605,0.0501389180693179
617,"s(prev_lastRippleHPC_z):prev_DOWN_yes",0.111507665175894,0.000899974602473655,0.29320208772326,0.20633395203655
618,"s(prev_lastRippleHPC_z):prev_DOWN_yes",0.123593255174018,0.000578751647187354,0.21414305483584,0.0652911102271422
619,"s(prev_lastRippleHPC_z):prev_DOWN_yes",0.0639748452570714,0.000293957074827388,0.264336526494888,0.0808887117985093
620,"s(prev_lastRippleHPC_z):prev_DOWN_yes",0.0260248950478017,0.000313257652851717,0.199503826140404,0.066705104759168
621,"s(prev_lastRippleHPC_z):prev_DOWN_yes",0.0433867914983352,0.00014296419064327,0.148993287344692,0.042356596356569
622,"s(prev_lastRippleHPC_z):prev_DOWN_yes",0.150929649477236,0.00149283509342232,0.539216046263454,0.560749865798008
623,"s(prev_lastRippleHPC_z):prev_DOWN_yes",0.0686557134118013,0.000224709941141967,0.366879968611938,0.189123782160174
624,"s(prev_lastRippleHPC_z):prev_DOWN_yes",0.0743264378622177,0.000248952695691191,0.187914692809192,0.0731250329747436
625,"s(prev_lastRippleHPC_z):prev_DOWN_yes",0.275879841815539,0.00255941037205509,0.754130131031215,0.561635026095959
626,"s(prev_lastRippleHPC_z):prev_DOWN_yes",0.103215556063166,0.000969825360706704,0.236601868718396,0.499844065721844
627,"s(prev_lastRippleHPC_z):prev_DOWN_yes",0.0927668790855884,0.00100960045699707,0.353250688186391,0.104268839302952
628,"s(prev_lastRippleHPC_z):prev_DOWN_yes",0.0291207143485659,0.000233778782577673,0.196953451469213,0.0581302979955461
629,"s(prev_lastRippleHPC_z):prev_DOWN_yes",0.0895006049487597,0.000166601623604484,0.35965939626622,0.192398969953023
630,"s(prev_lastRippleHPC_z):prev_DOWN_yes",0.118926658197736,0.000381597521516071,0.341413028487922,0.225279224357462
631,"s(prev_lastRippleHPC_z):prev_DOWN_yes",0.0893857286690309,0.000458540775954836,0.209126526497367,0.0648031697341827
632,"s(prev_lastRippleHPC_z):prev_DOWN_yes",0.0492214723614603,1.47863716736252e-05,0.35021933562611,0.0823935356968954
633,"s(prev_lastRippleHPC_z):prev_DOWN_yes",0.0493062738014851,0.000589343860008417,0.269481216035023,0.180431941133187
634,"s(prev_lastRippleHPC_z):prev_DOWN_yes",0.0714446153912247,0.000413421069161327,0.105416550146194,0.147794551164741
635,"s(prev_lastRippleHPC_z):prev_DOWN_yes",0.166728395954024,0.00175593640997031,0.224479020995185,0.598629459264475
636,"s(prev_lastRippleHPC_z):prev_DOWN_yes",0.000591931077608798,0.000328547626174029,0.0201104471476272,0.275557039872595
637,"s(prev_lastRippleHPC_z):prev_DOWN_yes",0.0613833690066805,0.000353842936941363,0.144000805142024,0.0629408061807321
638,"s(prev_lastRippleHPC_z):prev_DOWN_yes",0.167387614344071,0.00138741628451287,0.422395123623334,0.177723530846858
639,"s(prev_lastRippleHPC_z):prev_DOWN_yes",0.10010895066169,0.000757031725932737,0.271566404348819,0.105777566165085
640,"s(prev_lastRippleHPC_z):prev_DOWN_yes",0.056309699640404,0.00060758704801121,0.281827655878587,0.083089628439011
641,"s(prev_lastRippleHPC_z):prev_DOWN_yes",0.0181342423027271,0.000216842478346427,0.16572059379595,0.0488179541282171
642,"s(prev_lastRippleHPC_z):prev_DOWN_yes",0.000170638921276556,2.70438337531201e-05,0.0207728149689234,0.0801640319410182
643,"s(prev_lastRippleHPC_z):prev_DOWN_yes",0.111823554538808,0.000401087597162584,0.334791388644324,0.223786360134607
644,"s(prev_lastRippleHPC_z):prev_DOWN_yes",0.210687473824124,0.00162228878787778,0.46334820676175,0.149077077229071
645,"s(prev_lastRippleHPC_z):prev_DOWN_yes",0.0908301772373585,0.000553663257218879,0.258055192820878,0.112209412819629
646,"s(prev_lastRippleHPC_z):prev_DOWN_yes",0.0405243686661105,0.000499995505278378,0.246973046090023,0.0744068935455009
647,"s(prev_lastRippleHPC_z):prev_DOWN_yes",0.185663127752734,0.00188393162806211,0.489301981289716,0.144339153215945
648,"s(prev_lastRippleHPC_z):prev_DOWN_yes",0.188540469843201,0.00130262885830375,0.176593799106498,0.0877411794612011
649,"s(prev_lastRippleHPC_z):prev_DOWN_yes",0.0027525818932288,3.28057044560601e-05,0.0629875947466849,0.01860267253992
650,"s(prev_lastRippleHPC_z):prev_DOWN_yes",0.119833608960117,0.000548734436747474,0.213766779241355,0.0777728545327815
651,"s(prev_lastRippleHPC_z):prev_DOWN_yes",0.281794715528554,0.00245835506179849,0.278718335463199,0.136907291794341
652,"s(prev_lastRippleHPC_z):prev_DOWN_yes",0.00775911912571203,9.06734898804658e-05,0.105028305191125,0.0309866600142101
653,"s(prev_lastRippleHPC_z):prev_DOWN_yes",0.0235132677399594,4.10798276539467e-05,0.143908308837284,0.046957332752898
654,"s(prev_lastRippleHPC_z):prev_DOWN_yes",0.0387204334187627,0.00044477784442971,0.232346692454366,0.068500513959979
655,"s(prev_lastRippleHPC_z):prev_DOWN_yes",0.0555800744748991,0.000198395888915242,0.175551799398657,0.0984294500457175
656,"s(prev_lastRippleHPC_z):prev_DOWN_yes",0.126031465774857,0.000419267084475089,0.381575194589665,0.219738162047432
657,"s(prev_lastRippleHPC_z):prev_DOWN_yes",0.0884441709218686,0.000929553029105118,0.34914964183741,0.102876082985645
658,"s(prev_lastRippleHPC_z):prev_DOWN_yes",0.00783575402250047,6.80757568262e-05,0.0911748974898034,0.0268631984332644
659,"s(prev_lastRippleHPC_z):prev_DOWN_yes",0.102590472935382,0.00105743839545038,0.367303362693118,0.108214640179761
660,"s(prev_lastRippleHPC_z):prev_DOWN_yes",0.236178710221958,0.00238236363040531,0.455893353029694,0.523378388980484
661,"s(prev_lastRippleHPC_z):prev_DOWN_yes",0.134787108207867,0.000573652492570059,0.205823156105759,0.0726900355460711
662,"s(prev_lastRippleHPC_z):prev_DOWN_yes",0.138659204697,0.000828176020624155,0.151612638143192,0.0579193054638955
663,"s(prev_lastRippleHPC_z):prev_DOWN_yes",0.104596728452209,0.00112497425940319,0.369411503416773,0.108882163727651
664,"s(prev_lastRippleHPC_z):prev_DOWN_yes",0.025933116535227,0.000579811426801612,0.277006270284221,0.0658093042530753
665,"s(prev_lastRippleHPC_z):prev_DOWN_yes",0.0595876593033049,0.000174082172058705,0.255515470716635,0.112089038353066
666,"s(prev_lastRippleHPC_z):prev_DOWN_yes",0.173924985971853,0.00137169995554699,0.275247679212757,0.19257146588019
667,"s(prev_lastRippleHPC_z):prev_DOWN_yes",0.013487827146359,0.000159688127498414,0.13742398711451,0.0405699113856198
668,"s(prev_lastRippleHPC_z):prev_DOWN_yes",0.00490525473890457,0.000950729094578948,0.112391979748174,0.514283447799535
669,"s(prev_lastRippleHPC_z):prev_DOWN_yes",0.00238708223692008,0.000217747762406977,0.0595283983141622,0.322700717276448
670,"s(prev_lastRippleHPC_z):prev_DOWN_yes",0.0618809366740614,0.000630085165433419,0.28279651572097,0.0833975150380963
671,"s(prev_lastRippleHPC_z):prev_DOWN_yes",0.00818406839392516,8.62087308449379e-05,0.104869444031186,0.0308981668730489
672,"s(prev_lastRippleHPC_z):prev_DOWN_yes",0.052285034045255,0.000902329565821145,0.260898699721234,0.651069733211336
673,"s(prev_lastRippleHPC_z):prev_DOWN_yes",0.0474856851209431,0.000893780733400657,0.160297027029694,0.861562321780454
674,"s(prev_lastRippleHPC_z):prev_DOWN_yes",0.00290693965050259,2.50475370614427e-05,0.0547017873429401,0.0161232842302643
675,"s(prev_lastRippleHPC_z):prev_DOWN_yes",0.0810241581506643,0.000899605893549302,0.330691644596143,0.0976015836379809
676,"s(prev_lastRippleHPC_z):prev_DOWN_yes",0.122236953449375,0.000657732577998244,0.14927710281728,0.0692039713725145
677,"s(prev_lastRippleHPC_z):prev_DOWN_yes",0.0275981262400089,4.02970046420357e-05,0.1692080098853,0.0513429696854229
678,"s(prev_lastRippleHPC_z):prev_DOWN_yes",0.0958631086119919,0.000380991652833702,0.192738828714747,0.138261820816295
679,"s(prev_lastRippleHPC_z):prev_DOWN_yes",0.00751671740974036,9.918518509534e-05,0.11216795588495,0.0330652675060979
680,"s(prev_lastRippleHPC_z):prev_DOWN_yes",0.170880357772119,0.000791904071413242,0.319206052357019,0.0704605932612288
681,"s(prev_lastRippleHPC_z):prev_DOWN_yes",0.0335235633188198,0.000338134136693612,0.204651992265472,0.060399534373415
682,"s(prev_lastRippleHPC_z):prev_DOWN_yes",0.00194759064255035,1.54497008288484e-05,0.0419727589358269,0.0123744107022746
683,"s(prev_lastRippleHPC_z):prev_DOWN_yes",0.0906384145131973,0.00106299068407981,0.365427735339782,0.107750925396704
684,"s(prev_lastRippleHPC_z):prev_DOWN_yes",0.167375662359981,0.0011919609798602,0.706757722671767,0.498951794802214
685,"s(prev_lastRippleHPC_z):prev_DOWN_yes",0.272902299110957,0.0023059008906763,0.397279463299143,0.458963746767254
686,"s(prev_lastRippleHPC_z):prev_DOWN_yes",0.0673136187389733,0.000453150186799179,0.114994524016007,0.0445081438487308
687,"s(prev_lastRippleHPC_z):prev_DOWN_yes",0.00630196513797543,7.38320061160775e-05,0.091455205813119,0.0269647182242339
688,"s(prev_lastRippleHPC_z):prev_DOWN_yes",0.00349469119326073,3.839924537791e-05,0.0696127554775498,0.020515354986443
689,"s(prev_lastRippleHPC_z):prev_DOWN_yes",0.0719806201725381,0.000363635269817141,0.257474986477495,0.0800100659774562
690,"s(prev_lastRippleHPC_z):prev_DOWN_yes",0.0336617985239673,0.000387857874031854,0.21341729560897,0.0629264824821798
691,"s(prev_lastRippleHPC_z):prev_DOWN_yes",0.161874798550552,0.00143548040633504,0.457103359816197,0.154042570450152
692,"s(prev_lastRippleHPC_z):prev_DOWN_yes",0.160505000150398,0.00115292693529667,0.478222270122285,0.130703569131019
693,"s(prev_lastRippleHPC_z):prev_DOWN_yes",0.173812753793706,0.00189663469034334,0.49324889296648,0.145438116731068
694,"s(prev_lastRippleHPC_z):prev_DOWN_yes",0.316572121597916,0.0019602531458466,0.215343040331583,0.116168724260779
695,"s(prev_lastRippleHPC_z):prev_DOWN_yes",0.0486877290604388,0.000518782070527188,0.250475126891328,0.0738538594450365
696,"s(prev_lastRippleHPC_z):prev_DOWN_yes",0.146757199840956,0.00180373872854061,0.467159106451701,0.137796559532837
697,"s(prev_lastRippleHPC_z):prev_DOWN_yes",0.048737114458711,0.000492522232894208,0.242475705475523,0.071629061265196
698,"s(prev_lastRippleHPC_z):prev_DOWN_yes",0.0604166749673505,0.000614837636560828,0.274976481092843,0.0811376744903234
699,"s(prev_lastRippleHPC_z):prev_DOWN_yes",0.0285522422086837,0.000336605549463743,0.201163438586949,0.0593558262047391
700,"s(prev_lastRippleHPC_z):prev_DOWN_yes",0.200820337842939,0.00180277368743691,0.201581387424974,0.682466754815571
701,"s(prev_lastRippleHPC_z):prev_DOWN_yes",0.389006349181484,0.00330771193626534,0.624938409421852,0.444231040081538
702,"s(prev_lastRippleHPC_z):prev_DOWN_yes",0.109956600471226,0.000530045190011104,0.543904800694814,0.263986509762377
703,"s(prev_lastRippleHPC_z):prev_DOWN_yes",0.0034482005898866,3.34741142924577e-05,0.0626744400026429,0.01849233027572
704,"s(prev_lastRippleHPC_z):prev_DOWN_yes",0.18125124603326,0.00111830528989764,0.185998325364319,0.0891446871308818
705,"s(prev_lastRippleHPC_z):prev_DOWN_yes",0.019426109338947,0.00019447714594671,0.154490640746717,0.0455783390308452
706,"s(prev_lastRippleHPC_z):prev_DOWN_yes",0.0516118304591169,0.000568537175280523,0.263904934456911,0.0778977911501594
707,"s(prev_lastRippleHPC_z):prev_DOWN_yes",0.0321032790612916,0.000332364372343579,0.208107480377642,0.0615044606919682
708,"s(prev_lastRippleHPC_z):prev_DOWN_yes",0.414689566230797,0.00290157971209013,0.463565670848224,0.391796074078598
709,"s(prev_lastRippleHPC_z):prev_DOWN_yes",0.0141574228374566,0.000160075661405677,0.144105246510867,0.0424978475534619
710,"s(prev_lastRippleHPC_z):prev_DOWN_yes",0.113675891436744,0.000676911044720596,0.397172392164013,0.110510812936591
711,"s(prev_lastRippleHPC_z):prev_DOWN_yes",0.172627145295554,0.00108999596300329,0.436127794991032,0.555495802004857
712,"s(prev_lastRippleHPC_z):prev_DOWN_yes",0.0416429149031456,0.0004738911259178,0.241773525489632,0.0712939799798523
713,"s(prev_lastRippleHPC_z):prev_DOWN_yes",-6.38299619257765e-05,0.000554969992461715,0.00149637835129823,1.06448226311443
714,"s(prev_lastRippleHPC_z):prev_DOWN_yes",0.0665310979090874,0.000729998469092339,0.304008509346847,0.0896176142166369
715,"s(prev_lastRippleHPC_z):prev_DOWN_yes",0.00216091132870222,0.000259864859345527,0.0586375097071637,0.570904563999905
716,"s(prev_lastRippleHPC_z):prev_DOWN_yes",0.163934502023165,0.00125353113552734,0.195148552475613,0.138081072365457
717,"s(prev_lastRippleHPC_z):prev_DOWN_yes",0.0336278823545317,0.000720020231822402,0.221625359434795,0.93771343535517
718,"s(prev_lastRippleHPC_z):prev_DOWN_yes",0.170582873350543,0.0012920405478722,0.804725072703331,0.368590809660485
719,"s(prev_lastRippleHPC_z):prev_DOWN_yes",0.218766347186008,0.00179024191888948,0.309110698504229,0.380712668804329
720,"s(prev_lastRippleHPC_z):prev_DOWN_yes",0.144537707082632,0.00133596302697165,0.555238939171365,0.574797289925496
721,"s(prev_lastRippleHPC_z):prev_DOWN_yes",0.205376744166214,0.00114284301937826,0.678762163769221,0.167546983427065
722,"s(prev_lastRippleHPC_z):prev_DOWN_yes",0.183791303446196,0.00206648199932712,0.5145969682632,0.250360306695054
723,"s(prev_lastRippleHPC_z):prev_DOWN_yes",0.0451827375281875,0.000514013704633314,0.246620362303661,0.0727346782043327
724,"s(prev_lastRippleHPC_z):prev_DOWN_yes",7.80213525501949e-05,4.37433968375056e-07,0.00748904380253044,0.00220757190996116
725,"s(prev_lastRippleHPC_z):prev_DOWN_yes",0.154009400292581,0.000906834100382041,0.169167026130431,0.062583188036421
726,"s(prev_lastRippleHPC_z):prev_DOWN_yes",0.0336845136303943,0.000371592417393342,0.224245102205605,0.0660798598247242
727,"s(prev_lastRippleHPC_z):prev_DOWN_yes",0.094876190892264,0.000481927158190654,0.117975714640043,0.0972945105054477
728,"s(prev_lastRippleHPC_z):prev_DOWN_yes",0.0108446551519776,0.000467401302252278,0.0583297016929685,0.684761294194854
729,"s(prev_lastRippleHPC_z):prev_DOWN_yes",0.193279717050165,0.000839739721495242,0.424898618997354,0.171461028801785
730,"s(prev_lastRippleHPC_z):prev_DOWN_yes",0.161957479976516,0.00175720760935557,0.465257899756724,0.137245018530464
731,"s(prev_lastRippleHPC_z):prev_DOWN_yes",0.116761811609267,0.000343333368788225,0.44037692956845,0.253551771861709
732,"s(prev_lastRippleHPC_z):prev_DOWN_yes",0.0692717418448021,0.000711599289235431,0.289784773793401,0.0853911334586033
733,"s(prev_lastRippleHPC_z):prev_DOWN_yes",0.105662312204324,0.00113402783902252,0.361000718058712,0.106487698162503
734,"s(prev_lastRippleHPC_z):prev_DOWN_yes",0.0196596773447713,0.000378601452988,0.164494413582489,0.307415560560601
735,"s(prev_lastRippleHPC_z):prev_DOWN_yes",0.135126020996185,0.000440616225211102,0.243901321718129,0.0779869449370713
736,"s(prev_lastRippleHPC_z):prev_DOWN_yes",0.0432370153874002,0.000490890322268285,0.237965516330223,0.0701788565226737
737,"s(prev_lastRippleHPC_z):prev_DOWN_yes",0.0967200610419461,0.00107666306486884,0.370198073042545,0.109271213985834
738,"s(prev_lastRippleHPC_z):prev_DOWN_yes",0.00701948193368462,8.50318632379448e-05,0.103626566905101,0.0306372746985352
739,"s(prev_lastRippleHPC_z):prev_DOWN_yes",0.170437374927814,0.00151711651135902,0.34504596708483,0.158151655590179
740,"s(prev_lastRippleHPC_z):prev_DOWN_yes",0.0372667149648018,0.000236695225274507,0.128705593656018,0.294822582824931
741,"s(prev_lastRippleHPC_z):prev_DOWN_yes",0.19333251552615,0.00160942083870665,0.357668597957445,0.131892230461058
742,"s(prev_lastRippleHPC_z):prev_DOWN_yes",0.233554310852988,0.00151187253508779,0.193939893206983,0.0679213766696247
743,"s(prev_lastRippleHPC_z):prev_DOWN_yes",0.166661226391361,0.00132909395904055,0.313415088993893,0.369909301844881
744,"s(prev_lastRippleHPC_z):prev_DOWN_yes",0.0125334786057598,0.000139171628871836,0.132497859987246,0.0391040830908225
745,"s(prev_lastRippleHPC_z):prev_DOWN_yes",0.0702245203432978,0.000775788821657004,0.310789734670122,0.0917246524800678
746,"s(prev_lastRippleHPC_z):prev_DOWN_yes",0.0518371104089095,0.000253220112845272,0.197215857182887,0.127247383648525
747,"s(prev_lastRippleHPC_z):prev_DOWN_yes",0.0640769523044566,0.000193888237871924,0.159721371164058,0.127351865751415
748,"s(prev_lastRippleHPC_z):prev_DOWN_yes",0.196779631593906,0.00148457605788459,0.683190816062419,0.595446745405858
749,"s(prev_lastRippleHPC_z):prev_DOWN_yes",0.0876499973000016,0.000567196101027227,0.288424187396675,0.140953518816257
750,"s(prev_lastRippleHPC_z):prev_DOWN_yes",0.0141426381274998,0.000157569068925537,0.138033379379865,0.0406539089590799
751,"s(prev_lastRippleHPC_z):prev_DOWN_yes",0.0568237499538906,0.000127813959323176,0.164676358733757,0.0805495446611806
752,"s(prev_lastRippleHPC_z):prev_DOWN_yes",0.0236691771202944,0.00025264905674086,0.180300928735848,0.0531711693854033
753,"s(prev_lastRippleHPC_z):prev_DOWN_yes",0.205350553858638,0.00134660815279412,0.703170598367693,0.633052388518339
754,"s(prev_lastRippleHPC_z):prev_DOWN_yes",0.0194654137628731,0.000225347853413962,0.169194334626718,0.0499275733215551
755,"s(prev_lastRippleHPC_z):prev_DOWN_yes",0.0397045585080402,0.000463440258276258,0.240640149814523,0.071059170854549
756,"s(prev_lastRippleHPC_z):prev_DOWN_yes",0.104554688225396,0.000391688017052735,0.226509861505004,0.0508528986233656
757,"s(prev_lastRippleHPC_z):prev_DOWN_yes",0.00565816133195174,7.68955620601608e-05,0.090633037744854,0.18405437751297
758,"s(prev_lastRippleHPC_z):prev_DOWN_yes",0.0579528519632682,0.000152534378193225,0.129935849064671,0.100471272517071
759,"s(prev_lastRippleHPC_z):prev_DOWN_yes",0.170662880987696,0.00103974680504811,0.271361466604776,0.254611152700441
760,"s(prev_lastRippleHPC_z):prev_DOWN_yes",0.0512556630397381,0.000799160936030831,0.270863106280351,0.454697403740146
761,"s(prev_lastRippleHPC_z):prev_DOWN_yes",0.0747733425436703,0.000297910278026049,0.264314471975674,0.112466478568457
762,"s(prev_lastRippleHPC_z):prev_DOWN_yes",0.00584883959006,6.18746878801053e-05,0.0892689026224246,0.0263266513288357
763,"s(prev_lastRippleHPC_z):prev_DOWN_yes",0.0100008822259392,0.000132315951633541,0.114223487765116,0.0964589200083781
764,"s(prev_lastRippleHPC_z):prev_DOWN_yes",0.142209241592458,0.000667334247339739,0.280943846427274,0.0725069255007482
765,"s(prev_lastRippleHPC_z):prev_DOWN_yes",0.00978033867122363,0.000105733741011578,0.113839536140842,0.0335423238706443
766,"s(prev_lastRippleHPC_z):prev_DOWN_yes",0.0982234509705586,0.000904929849626217,0.26111827146683,0.117446134766014
767,"s(prev_lastRippleHPC_z):prev_DOWN_yes",0.0864665605162269,0.00100405291568975,0.351841430287364,0.103708845307084
768,"s(prev_lastRippleHPC_z):prev_DOWN_yes",0.0856464417195975,0.000391854700786124,0.186627737157089,0.0722040930403445
769,"s(prev_lastRippleHPC_z):prev_DOWN_yes",-7.2569235213038e-05,2.09910766873074e-06,0.0163796652847141,0.00482819047404472
770,"s(prev_lastRippleHPC_z):prev_DOWN_yes",0.374247919408626,0.00378086442309671,0.339903850525518,0.677633230477468
771,"s(prev_lastRippleHPC_z):prev_DOWN_yes",0.0774503836958784,0.000606259941778878,0.199458440025518,0.0664316802551089
772,"s(prev_lastRippleHPC_z):prev_DOWN_yes",0.0777729845099771,0.000308890224367886,0.163996669445877,0.0799051427408129
773,"s(prev_lastRippleHPC_z):prev_DOWN_yes",0.156337770190444,0.000823325441328984,0.375327566483839,0.196035018719024
774,"s(prev_lastRippleHPC_z):prev_DOWN_yes",0.279241233260282,0.00247698970691668,0.602996536458105,0.639194945849861
775,"s(prev_lastRippleHPC_z):prev_DOWN_yes",0.0781771531497348,0.000807951129895723,0.318421114360397,0.0938987118413169
776,"s(prev_lastRippleHPC_z):prev_DOWN_yes",0.0189245067873935,0.000231514155748308,0.168329427170855,0.0685649059037591
777,"s(prev_lastRippleHPC_z):prev_DOWN_yes",0.0952317965637448,0.000317583661549215,0.187322845559201,0.0707905649161329
778,"s(prev_lastRippleHPC_z):prev_DOWN_yes",0.026271185316725,0.000324145419502457,0.189218634924898,0.0984332559687923
779,"s(prev_lastRippleHPC_z):prev_DOWN_yes",0.0140000731893011,0.000287109232849442,0.127590595937824,0.321693075303153
780,"s(prev_lastRippleHPC_z):prev_DOWN_yes",0.143354485642877,0.00158561929800739,0.451510113635139,0.13314719339334
781,"s(prev_lastRippleHPC_z):prev_DOWN_yes",0.0905390137095967,0.00064662619077936,0.31018296977027,0.120134565862417
782,"s(prev_lastRippleHPC_z):prev_DOWN_yes",0.0308949887015659,0.000321313015875257,0.196659363327465,0.0580593769591101
783,"s(prev_lastRippleHPC_z):prev_DOWN_yes",0.222061282234065,0.00181057760654315,0.693680496764155,0.523236749523991
784,"s(prev_lastRippleHPC_z):prev_DOWN_yes",0.0661151944673115,0.000635892680520915,0.282006284797295,0.0832322820915901
785,"s(prev_lastRippleHPC_z):prev_DOWN_yes",0.00674098511799848,7.48719008898639e-05,0.0966938191343527,0.0285284085161702
786,"s(prev_lastRippleHPC_z):prev_DOWN_yes",0.0531636290261366,0.000579470651479795,0.274662451212214,0.0809843416801958
787,"s(prev_lastRippleHPC_z):prev_DOWN_yes",0.273908245934497,0.00259697855558318,0.673228476968069,0.907172243812709
788,"s(prev_lastRippleHPC_z):prev_DOWN_yes",0.142491377217239,0.000530674204685378,0.331432694277407,0.181615704501987
789,"s(prev_lastRippleHPC_z):prev_DOWN_yes",0.0261437103041668,0.000606303208326313,0.31469528339168,0.0988535064344857
790,"s(prev_lastRippleHPC_z):prev_DOWN_yes",0.273667684881961,0.00218021972554764,0.336744269118389,0.143979097358339
791,"s(prev_lastRippleHPC_z):prev_DOWN_yes",0.0104228870598071,1.03596686065934e-05,0.0609898601851551,0.0250944940017385
792,"s(prev_lastRippleHPC_z):prev_DOWN_yes",0.210829372936029,0.00236182804293798,1.00683633917224,1.04759936600509
793,"s(prev_lastRippleHPC_z):prev_DOWN_yes",0.0201194373425562,0.00130221455801751,0.169658934311594,0.965050129456974
794,"s(prev_lastRippleHPC_z):prev_DOWN_yes",0.0154598153961487,2.20804957314615e-05,0.0744120461338008,0.0313092493271575
795,"s(prev_lastRippleHPC_z):prev_DOWN_yes",0.000198444176661816,9.57352817798951e-06,0.0337462572209194,0.00995791720482128
796,"s(prev_lastRippleHPC_z):prev_DOWN_yes",0.0827572134467882,0.000916015475429217,0.334482327243217,0.098713139206376
797,"s(prev_lastRippleHPC_z):prev_DOWN_yes",0.0676162482106948,0.000734744915895783,0.295089566648197,0.0869838078245189
798,"s(prev_lastRippleHPC_z):prev_DOWN_yes",0.131079690604804,0.000663047877388526,0.679716513220656,0.354770827301353
799,"s(prev_lastRippleHPC_z):prev_DOWN_yes",0.0275024002614268,0.000343921890097333,0.206013070097627,0.0607237918861333
800,"s(prev_lastRippleHPC_z):prev_DOWN_yes",0.00646352341671097,9.02450524361519e-05,0.101922885818242,0.030104777621036
801,"s(prev_lastRippleHPC_z):prev_DOWN_yes",0.115605841721148,0.00118183408269682,0.385969361297791,0.113958321143701
802,"s(prev_lastRippleHPC_z):prev_DOWN_yes",0.00278329337751249,4.70897518083303e-05,0.0767512197770743,0.0226313045988442
803,"s(prev_lastRippleHPC_z):prev_DOWN_yes",0.0617561412933778,7.97688889334119e-05,0.197046868768484,0.0743598053479555
804,"s(prev_lastRippleHPC_z):prev_DOWN_yes",0.211007941807916,0.00230799887013954,0.541295288997495,0.159610614568384
805,"s(prev_lastRippleHPC_z):prev_DOWN_yes",0.216594151709058,0.0013996306133239,0.665727391621656,0.147642444767396
806,"s(prev_lastRippleHPC_z):prev_DOWN_yes",0.0325574083967943,0.000455359137970491,0.232423842246193,0.0685963172203876
807,"s(prev_lastRippleHPC_z):prev_DOWN_yes",0.0785497823336492,0.000262817419447428,0.109732984671439,0.0603830353440315
808,"s(prev_lastRippleHPC_z):prev_DOWN_yes",0.0726604875989763,0.000825914165974532,0.319703292124859,0.0943715168932108
809,"s(prev_lastRippleHPC_z):prev_DOWN_yes",0.0947762240379841,0.000219097165189196,0.353638779699807,0.201909072909702
810,"s(prev_lastRippleHPC_z):prev_DOWN_yes",0.0632006006796715,0.000992185676860439,0.286107144520602,0.559895882021659
811,"s(prev_lastRippleHPC_z):prev_DOWN_yes",0.0532228809278923,0.000110533856167983,0.201348835652,0.124669691715912
812,"s(prev_lastRippleHPC_z):prev_DOWN_yes",0.0555198047611185,0.000620077138917784,0.284096368888854,0.0837625096834998
813,"s(prev_lastRippleHPC_z):prev_DOWN_yes",0.0201909053812557,0.000101173888000157,0.110147831538358,0.0509006360510335
814,"s(prev_lastRippleHPC_z):prev_DOWN_yes",0.121304779727398,0.000840639008351969,0.260689448330348,0.158281874293714
815,"s(prev_lastRippleHPC_z):prev_DOWN_yes",0.0814961091012965,0.000618961684542722,0.175658032341094,0.304141019362622
816,"s(prev_lastRippleHPC_z):prev_DOWN_yes",0.0936006647634997,0.001409994163778,0.367884501089243,0.431325154899642
817,"s(prev_lastRippleHPC_z):prev_DOWN_yes",0.258515853432033,0.00148310695047727,0.77707184260301,0.545821978039484
818,"s(prev_lastRippleHPC_z):prev_DOWN_yes",0.113193523811962,0.000526325196825682,0.206902610901553,0.1722782142835
819,"s(prev_lastRippleHPC_z):prev_DOWN_yes",0.0431829444105132,0.00227150646417909,0.234755637564585,2.66239276752459
820,"s(prev_lastRippleHPC_z):prev_DOWN_yes",0.075224871964191,0.00080037790532848,0.317088311019361,0.121755146417985
821,"s(prev_lastRippleHPC_z):prev_DOWN_yes",0.0446938178070031,0.00139376563644767,0.244448781751183,1.10437629995517
822,"s(prev_lastRippleHPC_z):prev_DOWN_yes",0.0501951592042671,0.000530675488324218,0.254851540682182,0.0752296979715718
823,"s(prev_lastRippleHPC_z):prev_DOWN_yes",0.0380838536722496,0.000162407932405855,0.127674759940214,0.0619899413508442
824,"s(prev_lastRippleHPC_z):prev_DOWN_yes",0.0386476964436486,0.000447037848294069,0.232601991901258,0.1201558424479
825,"s(prev_lastRippleHPC_z):prev_DOWN_yes",0.137000530810548,0.00112613110684325,0.495458760864135,0.363855511685505
826,"s(prev_lastRippleHPC_z):prev_DOWN_yes",0.0436941044363355,0.000217973576479155,0.131685183274166,0.0568198935942002
827,"s(prev_lastRippleHPC_z):prev_DOWN_yes",0.0457938486926892,0.000502000996605754,0.247330641233321,0.0729513194437383
828,"s(prev_lastRippleHPC_z):prev_DOWN_yes",0.0386002239728844,0.000118313190514154,0.179058715440585,0.0581097461068997
829,"s(prev_lastRippleHPC_z):prev_DOWN_yes",0.0635755249988339,0.000351871149423451,0.334742277008298,0.114550945000806
830,"s(prev_lastRippleHPC_z):prev_DOWN_yes",0.0526929037931909,0.000615531721271646,0.278872548143758,0.0821960280591242
831,"s(prev_lastRippleHPC_z):prev_DOWN_yes",0.0183052281668923,0.000199905977280743,0.157601630855807,0.0464967804900382
832,"s(prev_lastRippleHPC_z):prev_DOWN_yes",0.0537723844312543,0.000625402120119281,0.224926465955696,0.387493302928788
833,"s(prev_lastRippleHPC_z):prev_DOWN_yes",0.000173089916372327,1.56830089598614e-06,0.0140587943029392,0.00414261894906777
834,"s(prev_lastRippleHPC_z):prev_DOWN_yes",0.0644492015791753,0.000215491522012278,0.146533545480568,0.0640308166804433
835,"s(prev_lastRippleHPC_z):prev_DOWN_yes",0.160315295984128,0.0014375950069657,0.33021560791294,0.703465044236928
836,"s(prev_lastRippleHPC_z):prev_DOWN_yes",0.00254440613760387,3.2971590526693e-05,0.0669868163370272,0.0197339713677444
837,"s(prev_lastRippleHPC_z):prev_DOWN_yes",0.189703440759435,0.00134607275985774,0.439985545148051,0.355157889050022
838,"s(prev_lastRippleHPC_z):prev_DOWN_yes",0.142943293442426,0.00163327425667274,0.442286929984036,0.130516856614495
839,"s(prev_lastRippleHPC_z):prev_DOWN_yes",0.134083355294559,0.000726711380556701,0.254396288827069,0.227721682011248
840,"s(prev_lastRippleHPC_z):prev_DOWN_yes",-9.47428834123798e-05,5.09726578855457e-06,0.0256555272031206,0.00756614148202886
841,"s(prev_lastRippleHPC_z):prev_DOWN_yes",0.148066920397885,0.00189713837920574,0.161657536490328,1.54589761126597
842,"s(prev_lastRippleHPC_z):prev_DOWN_yes",0.0622345447275894,0.000660116397379035,0.286109684396514,0.0843235616643266
843,"s(prev_lastRippleHPC_z):prev_DOWN_yes",0.167076720174211,0.00104453984998293,0.474234890140292,0.217822496426754
844,"s(prev_lastRippleHPC_z):prev_DOWN_yes",0.216894176430586,0.00155357700041224,0.192795874026575,0.104026343750789
845,"s(prev_lastRippleHPC_z):prev_DOWN_yes",0.0359626029555233,0.000402178685622698,0.22270544664931,0.0656699260173742
846,"s(prev_lastRippleHPC_z):prev_DOWN_yes",0.0987180766403108,0.000857612576439873,0.371056429330886,0.130222426964938
847,"s(prev_lastRippleHPC_z):prev_DOWN_yes",0.108926129726068,0.00138382810786379,0.280013689616801,0.650813422504859
848,"s(prev_lastRippleHPC_z):prev_DOWN_yes",0.00444391347212836,4.39057641502652e-05,0.072988361990965,0.0215046778821043
849,"s(prev_lastRippleHPC_z):prev_DOWN_yes",0.121056025342696,0.00038694829294416,0.213208561604119,0.0752521401744121
850,"s(prev_lastRippleHPC_z):prev_DOWN_yes",0.012854395079156,0.000143256435937873,0.133360548203631,0.0393017265890162
851,"s(prev_lastRippleHPC_z):prev_DOWN_yes",0.0336345463349241,0.00130747306224671,0.210438504910783,1.04537705488562
852,"s(prev_lastRippleHPC_z):prev_DOWN_yes",0.0551409494606689,0.000190018081139561,0.0865412251697267,0.0317514129857131
853,"s(prev_lastRippleHPC_z):prev_DOWN_yes",0.0543305572037172,0.000609158384144852,0.26849751977232,0.0791336785581156
854,"s(prev_lastRippleHPC_z):prev_DOWN_yes",0.114959426712457,0.000469671441459891,0.168686575432915,0.0520571112878284
855,"s(prev_lastRippleHPC_z):prev_DOWN_yes",0.195211622629108,0.00125373907066125,0.907438896280361,0.197916535072041
856,"s(prev_lastRippleHPC_z):prev_DOWN_yes",0.131380221703941,0.000405368946403983,0.311662545581002,0.136323386812266
857,"s(prev_lastRippleHPC_z):prev_DOWN_yes",0.0441622402574664,0.000510532802025154,0.25416371143511,0.0750165459710006
858,"s(prev_lastRippleHPC_z):prev_DOWN_yes",0.198449798377585,0.00224635305571781,0.534382286822,0.157465834601494
859,"s(prev_lastRippleHPC_z):prev_DOWN_yes",0.108278101920066,0.00192044101421297,0.379539993919396,0.814634473677494
860,"s(prev_lastRippleHPC_z):prev_DOWN_yes",0.434748462095672,0.00355533024777331,0.822438978334811,0.489863523384943
861,"s(prev_lastRippleHPC_z):prev_DOWN_yes",0.149442789582779,0.00137605812858458,0.365495870027125,0.157100400115181
862,"s(prev_lastRippleHPC_z):prev_DOWN_yes",0.0407820208742802,0.000199081092219712,0.199300156817907,0.0670151179188416
863,"s(prev_lastRippleHPC_z):prev_DOWN_yes",0.109128258225166,0.000465389597360577,0.393134126771467,0.174124714621591
864,"s(prev_lastRippleHPC_z):prev_DOWN_yes",0.0332312769485199,0.000301700538195168,0.118797477881313,0.491548301200772
865,"s(prev_lastRippleHPC_z):prev_DOWN_yes",0.00230072474916199,1.81074549605377e-05,0.0460282920136537,0.0135747819875124
866,"s(prev_lastRippleHPC_z):prev_DOWN_yes",0.138190512578166,0.00144652288820004,0.418976175955439,0.123512660530339
867,"s(prev_lastRippleHPC_z):prev_DOWN_yes",0.00696865438983707,6.78217485001597e-05,0.0921508336889668,0.027278474224277
868,"s(prev_lastRippleHPC_z):prev_DOWN_yes",0.124924074147461,0.0013239476961205,0.397959572921336,0.117460840380393
869,"s(prev_lastRippleHPC_z):prev_DOWN_yes",0.0439363758121383,0.000499793147406157,0.243594037796611,0.0717447405584324
870,"s(prev_lastRippleHPC_z):prev_DOWN_yes",0.117311433442781,0.000477784545899352,0.221813095380157,0.0981688473459597
871,"s(prev_lastRippleHPC_z):prev_DOWN_yes",0.155275525042463,0.000477918233887316,0.530587078347245,0.275290959344809
872,"s(prev_lastRippleHPC_z):prev_DOWN_yes",0.121135452220359,0.00126740671185788,0.382291617691749,0.370436382511475
873,"s(prev_lastRippleHPC_z):prev_DOWN_yes",0.0519464209861802,0.000624220573836598,0.275936705929422,0.0813469123821124
874,"s(prev_lastRippleHPC_z):prev_DOWN_yes",0.194212233505298,0.00144668466962675,0.229122380506684,0.14237274494421
875,"s(prev_lastRippleHPC_z):prev_DOWN_yes",0.124880796886093,0.000705089150775884,0.170675856439796,0.0949673885307291
876,"s(prev_lastRippleHPC_z):prev_DOWN_yes",0.204326685187137,0.00127323029328154,0.18500907233763,0.0630954374074448
877,"s(prev_lastRippleHPC_z):prev_DOWN_yes",0.0219393566572696,0.000254561761182045,0.175835720724273,0.051785449033445
878,"s(prev_lastRippleHPC_z):prev_DOWN_yes",0.0423436160486048,0.00129125515441249,0.0981357854848142,1.24106215157765
879,"s(prev_lastRippleHPC_z):prev_DOWN_yes",0.048112136371655,0.000114058008085141,0.140612242791118,0.116450021939549
880,"s(prev_lastRippleHPC_z):prev_DOWN_yes",0.284264334640381,0.00310423829864096,0.633555583321975,0.186835390256568
881,"s(prev_lastRippleHPC_z):prev_DOWN_yes",0.00781505289460416,9.67027162351988e-05,0.10913806367024,0.0321636187730926
882,"s(prev_lastRippleHPC_z):prev_DOWN_yes",0.0624962751011306,0.000662386143253071,0.261870654502696,0.322938041791817
883,"s(prev_lastRippleHPC_z):prev_DOWN_yes",0.00603576125563077,0.000170572228884866,0.078020874007415,0.255028907104692
884,"s(prev_lastRippleHPC_z):prev_DOWN_yes",0.0169696652567666,0.000197691073913426,0.156545661426501,0.0462372558320926
885,"s(prev_lastRippleHPC_z):prev_DOWN_yes",0.0211209779292165,0.000229625670376914,0.168725959893299,0.0497408609895281
886,"s(prev_lastRippleHPC_z):prev_DOWN_yes",0.182727896661153,0.00114026640327055,0.571136358001945,0.12499932368816
887,"s(prev_lastRippleHPC_z):prev_DOWN_yes",0.0205020490379333,0.000272470328659994,0.191042159520609,0.056314955145697
888,"s(prev_lastRippleHPC_z):prev_DOWN_yes",0.0719714845184782,0.000200830451803217,0.364508810774248,0.172549212089195
889,"s(prev_lastRippleHPC_z):prev_DOWN_yes",0.0855190786260911,0.000988724478626174,0.253785741696525,0.691993292493182
890,"s(prev_lastRippleHPC_z):prev_DOWN_yes",0.157552348203585,0.000877285501699462,0.341323572607292,0.128043343934981
891,"s(prev_lastRippleHPC_z):prev_DOWN_yes",0.0360214114528725,0.000428716253283455,0.236157615931828,0.0696003528819894
892,"s(prev_lastRippleHPC_z):prev_DOWN_yes",0.0393610443132824,0.000275193201038231,0.173604570330493,0.442917274804024
893,"s(prev_lastRippleHPC_z):prev_DOWN_yes",0.0440199054100541,0.00052916380899478,0.230205026280589,0.294699129156111
894,"s(prev_lastRippleHPC_z):prev_DOWN_yes",0.0408451018010432,0.000512625017956314,0.246130011259155,0.0725396299747678
895,"s(prev_lastRippleHPC_z):prev_DOWN_yes",0.334779367735799,0.00308247984050477,0.880436740133361,0.257865598914705
896,"s(prev_lastRippleHPC_z):prev_DOWN_yes",0.173929908292767,0.00098570435112608,0.426864484520172,0.302713649614637
897,"s(prev_lastRippleHPC_z):prev_DOWN_yes",0.0316931907619837,0.000324217301023668,0.200632392679177,0.0591549478436569
898,"s(prev_lastRippleHPC_z):prev_DOWN_yes",0.140034540678459,0.000876750556727454,0.288509650965451,0.108348827284888
899,"s(prev_lastRippleHPC_z):prev_DOWN_yes",0.112262632704757,0.00126809372845484,0.415178673201065,0.122416498360434
900,"s(prev_lastRippleHPC_z):prev_DOWN_yes",0.0442726098152075,0.000529385905797469,0.257761191883836,0.0760511497679594
901,"s(prev_lastRippleHPC_z):prev_DOWN_yes",0.062806498694826,0.000216298644993904,0.233131219314809,0.107501470616536
902,"s(prev_lastRippleHPC_z):prev_DOWN_yes",0.181522069385935,0.00101148523357843,0.190060723290962,0.110094386590865
903,"s(prev_lastRippleHPC_z):prev_DOWN_yes",0.126344598053178,0.000878570382421048,0.231321679300809,0.172531791662735
904,"s(prev_lastRippleHPC_z):prev_DOWN_yes",0.0938199169334055,0.00110657941086076,0.226116311862715,0.716987215378171
905,"s(prev_lastRippleHPC_z):prev_DOWN_yes",0.0684651154400084,0.000735718134689595,0.303807227401342,0.089624744176592
906,"s(prev_lastRippleHPC_z):prev_DOWN_yes",0.147351473723491,0.000777208285793313,0.295240100645867,0.126278992536534
907,"s(prev_lastRippleHPC_z):prev_DOWN_yes",0.113771982833666,0.000309524284512695,0.28902309620559,0.0691246058467649
908,"s(prev_lastRippleHPC_z):prev_DOWN_yes",0.0228434257865882,5.77732023826535e-05,0.156236258525312,0.0473360955733148
909,"s(prev_lastRippleHPC_z):prev_DOWN_yes",0.0668262038994714,0.00070105399964791,0.30005025059644,0.0884386848077829
910,"s(prev_lastRippleHPC_z):prev_DOWN_yes",0.0152660153674153,0.000150386119956013,0.134093585654903,0.0395189531744103
911,"s(prev_lastRippleHPC_z):prev_DOWN_yes",0.0616614013648658,0.000656463309453824,0.280903839005956,0.082979941504866
912,"s(prev_lastRippleHPC_z):prev_DOWN_yes",0.0787877339210477,0.00044755425855724,0.230591237390324,0.0967700496368298
913,"s(prev_lastRippleHPC_z):prev_DOWN_yes",0.124638814742063,0.000797175812054519,0.548711126281589,0.259435911949207
914,"s(prev_lastRippleHPC_z):prev_DOWN_yes",0.0358104919250799,0.00026709743114402,0.147129859512543,0.200817687296976
915,"s(prev_lastRippleHPC_z):prev_DOWN_yes",0.081655885118411,0.000897224175787532,0.331564605590072,0.0978178411968869
916,"s(prev_lastRippleHPC_z):prev_DOWN_yes",0.159329115178802,0.000745278147472617,0.516043707240446,0.110027414461131
917,"s(prev_lastRippleHPC_z):prev_DOWN_yes",0.0302144718897113,0.00039985264021696,0.221217809119352,0.065257321975887
918,"s(prev_lastRippleHPC_z):prev_DOWN_yes",0.000108099152781094,1.38137570956408e-06,0.0130570136036489,0.00385098974197595
919,"s(prev_lastRippleHPC_z):prev_DOWN_yes",0.110869524287586,0.00126060413344315,0.404132344112027,0.11934701270695
920,"s(prev_lastRippleHPC_z):prev_DOWN_yes",0.0940670039033833,0.00102207543800041,0.346449780263614,0.102381341040409
921,"s(prev_lastRippleHPC_z):prev_DOWN_yes",0.130086214925837,0.000662082751751943,0.136032792031693,0.0725144090510977
922,"s(prev_lastRippleHPC_z):prev_DOWN_yes",0.272299665972787,0.00296459071921781,0.596216144815857,0.176076285572482
923,"s(prev_lastRippleHPC_z):prev_DOWN_yes",-0.0313194582569469,0.000196269566073764,0.150060894756669,0.0442327494153837
924,"s(prev_lastRippleHPC_z):prev_DOWN_yes",0.0990911439282547,0.000780425790256417,0.291155233899779,0.100592132943239
925,"s(prev_lastRippleHPC_z):prev_DOWN_yes",0.0234836034274144,0.000236494848570455,0.169836906183931,0.0500592545845308
926,"s(prev_lastRippleHPC_z):prev_DOWN_yes",0.0171511381547473,0.000196471681902763,0.152754806198766,0.0450178741038392
927,"s(prev_lastRippleHPC_z):prev_DOWN_yes",0.220668401152387,0.00186958727942414,0.733304125287161,0.279328744539681
928,"s(prev_lastRippleHPC_z):prev_DOWN_yes",0.0631607736732125,0.000805270540014169,0.292665309833416,0.281104352248019
929,"s(prev_lastRippleHPC_z):prev_DOWN_yes",0.0173678088676654,0.000190644868816528,0.153910064585111,0.0513746676831449
930,"s(prev_lastRippleHPC_z):prev_DOWN_yes",0.0924563343766662,0.000309777975430254,0.305712922938808,0.0889173749870997
931,"s(prev_lastRippleHPC_z):prev_DOWN_yes",0.068281400131279,0.000383789067927639,0.219392963772632,0.0978691190493622
932,"s(prev_lastRippleHPC_z):prev_DOWN_yes",0.0125288015441232,0.000158310549897236,0.138561186765618,0.0408242232554699
933,"s(prev_lastRippleHPC_z):prev_DOWN_yes",0.0133305600094644,0.00012120919839086,0.122900715559493,0.0362603700731057
934,"s(prev_lastRippleHPC_z):prev_DOWN_yes",0.0274994532461958,0.000300963972684213,0.199990000462786,0.059044684600621
935,"s(prev_lastRippleHPC_z):prev_DOWN_yes",0.00403428389880656,3.64476209665626e-05,0.0656145593443427,0.0193861099582882
936,"s(prev_lastRippleHPC_z):prev_DOWN_yes",0.0832134446082682,0.000886425362205537,0.339934466835139,0.100136954315068
937,"s(prev_lastRippleHPC_z):prev_DOWN_yes",0.146858298566415,0.000833921096057144,0.442127482211697,0.0982875043795881
938,"s(prev_lastRippleHPC_z):prev_DOWN_yes",0.048258659432153,0.000226077598724698,0.200958812586795,0.0959717193147367
939,"s(prev_lastRippleHPC_z):prev_DOWN_yes",0.0228553566548566,0.000250339247259619,0.184215450061961,0.0542895197694644
940,"s(prev_lastRippleHPC_z):prev_DOWN_yes",0.161703258820495,0.00107535754821801,0.514478974210346,0.389335462414969
941,"s(prev_lastRippleHPC_z):prev_DOWN_yes",0.241375431605612,0.00212452745086602,0.225606294155456,0.164487181667932
942,"s(prev_lastRippleHPC_z):prev_DOWN_yes",0.210062929226185,0.00112338347358416,0.319652718612307,0.113472065436287
943,"s(prev_lastRippleHPC_z):prev_DOWN_yes",0.00525885441271168,6.56522008886018e-05,0.0890256306122685,0.0262316322294175
944,"s(prev_lastRippleHPC_z):prev_DOWN_yes",0.153994161720905,0.00101670272790256,0.172172732910417,0.12042501658704
945,"s(prev_lastRippleHPC_z):prev_DOWN_yes",0.139965227988912,0.000879699361608107,0.212705332072463,0.158793385395736
946,"s(prev_lastRippleHPC_z):prev_DOWN_yes",0.00993874334273137,8.18510576006616e-06,0.111764299692078,0.0331110050534481
947,"s(prev_lastRippleHPC_z):prev_DOWN_yes",0.0279716707407314,0.000323236477962344,0.197265184256553,0.0581181762242211
948,"s(prev_lastRippleHPC_z):prev_DOWN_yes",0.103083965101253,0.00121142507600139,0.270314059411892,0.821373995975823
949,"s(prev_lastRippleHPC_z):prev_DOWN_yes",0.116196993988563,0.00119528138964584,0.383885848836048,0.113172186733572
950,"s(prev_lastRippleHPC_z):prev_DOWN_yes",0.189363142958071,0.00112156733387951,0.2909531678124,0.0722181878491147
951,"s(prev_lastRippleHPC_z):prev_DOWN_yes",0.22008308287758,0.00163563410201684,0.282339474564093,0.24778466298756
952,"s(prev_lastRippleHPC_z):prev_DOWN_yes",0.129001681617516,0.000769324981912302,0.248867067618673,0.154396644277885
953,"s(prev_lastRippleHPC_z):prev_DOWN_yes",0.0212287817436367,0.000227100857149258,0.168328499346334,0.049600611994657
954,"s(prev_lastRippleHPC_z):prev_DOWN_yes",0.143180269597044,0.00115290349623759,0.562215848847722,0.631846391557129
955,"s(prev_lastRippleHPC_z):prev_DOWN_yes",0.0358480379439987,0.0030594743737802,0.212524954224279,1.69992088417956
956,"s(prev_lastRippleHPC_z):prev_DOWN_yes",0.119034023994241,0.000801860983694724,0.406396383783678,0.152353320165424
957,"s(prev_lastRippleHPC_z):prev_DOWN_yes",0.0495252737502891,0.000194936418364653,0.196687204009071,0.0726248168626415
958,"s(prev_lastRippleHPC_z):prev_DOWN_yes",0.147728473227046,0.00173508817882677,0.443451915851441,0.52779413286677
959,"s(prev_lastRippleHPC_z):prev_DOWN_yes",0.0570107597925134,2.93654254825536e-05,0.265929444661963,0.0789139506714351
960,"s(prev_lastRippleHPC_z):prev_DOWN_yes",0.171386932818582,0.00157748470213263,0.19316519098579,0.445531583615663
961,"s(prev_lastRippleHPC_z):prev_DOWN_yes",0.163643874121507,0.000767682219035436,0.45356522502345,0.294291467502262
962,"s(prev_lastRippleHPC_z):prev_DOWN_yes",0.107877534703715,0.00125566864705013,0.342407735937848,0.335955975082387
963,"s(prev_lastRippleHPC_z):prev_DOWN_yes",0.247314158554586,0.00205860474416651,0.52738939870748,0.224192941663392
964,"s(prev_lastRippleHPC_z):prev_DOWN_yes",0.0134639567897885,0.000155707997483418,0.138690223787177,0.0408953032615158
965,"s(prev_lastRippleHPC_z):prev_DOWN_yes",0.103013282945067,0.00121054008930812,0.381120434575541,0.112435689720477
966,"s(prev_lastRippleHPC_z):prev_DOWN_yes",0.120474594502132,0.00142366126902703,0.378626100310135,0.42990691162844
967,"s(prev_lastRippleHPC_z):prev_DOWN_yes",0.187550011232541,0.00127247929332006,0.392296744435404,0.115785759327828
968,"s(prev_lastRippleHPC_z):prev_DOWN_yes",0.01915188618666,0.000199860365466418,0.152800011527561,0.0450282101537229
969,"s(prev_lastRippleHPC_z):prev_DOWN_yes",0.0233433617419569,0.000616359052979775,0.176250289370159,0.497029108018804
970,"s(prev_lastRippleHPC_z):prev_DOWN_yes",0.0443742153881201,0.000521399918087572,0.24693650513494,0.0727663805016713
971,"s(prev_lastRippleHPC_z):prev_DOWN_yes",0.0904294999481987,0.000572001744016993,0.255099492109411,0.0864916121962086
972,"s(prev_lastRippleHPC_z):prev_DOWN_yes",0.000586334691774049,8.67311549699829e-06,0.0321374487365633,0.0273507101314123
973,"s(prev_lastRippleHPC_z):prev_DOWN_yes",0.0964228804143739,0.000843964606452483,0.19134484232855,0.467226449655735
974,"s(prev_lastRippleHPC_z):prev_DOWN_yes",0.231147669087104,0.00142552573750196,0.435085036380134,0.117740784040213
975,"s(prev_lastRippleHPC_z):prev_DOWN_yes",0.215751378028488,0.00116550565527083,0.310233232827108,0.0981277448276691
976,"s(prev_lastRippleHPC_z):prev_DOWN_yes",0.018456946423516,0.000382270702645177,0.159669436285398,0.316226128734659
977,"s(prev_lastRippleHPC_z):prev_DOWN_yes",0.079039140024169,0.000863710499277151,0.331168765061055,0.0976744446343076
978,"s(prev_lastRippleHPC_z):prev_DOWN_yes",0.0191477274216192,0.000488902253444633,0.170976761442369,0.531129257693136
979,"s(prev_lastRippleHPC_z):prev_DOWN_yes",0.273195716769027,0.00196813019833449,0.607764775234238,0.588640133274582
980,"s(prev_lastRippleHPC_z):prev_DOWN_yes",0.0596715796392617,0.00060559166753589,0.275001070909028,0.0810678251939127
981,"s(prev_lastRippleHPC_z):prev_DOWN_yes",0.194583470426376,0.00147732538424321,0.545611698993898,0.165782460114275
982,"s(prev_lastRippleHPC_z):prev_DOWN_yes",0.0940993301286666,0.000372459875296235,0.172677773141305,0.0641584825383828
983,"s(prev_lastRippleHPC_z):prev_DOWN_yes",0.0020880925443123,2.59259345605232e-05,0.0558892308630526,0.0164741662619123
984,"s(prev_lastRippleHPC_z):prev_DOWN_yes",0.0466337209576775,0.000486301711263282,0.247796200484101,0.0732213376104853
985,"s(prev_lastRippleHPC_z):prev_DOWN_yes",0.000457268514860942,1.25218225390313e-05,0.0392358527839476,0.0115833946096816
986,"s(prev_lastRippleHPC_z):prev_DOWN_yes",0.0509089163697141,0.000629873878873249,0.279154587311056,0.0823406401323358
987,"s(prev_lastRippleHPC_z):prev_DOWN_yes",0.190464149735971,0.000749370118294366,0.837719580628461,0.266813007238332
988,"s(prev_lastRippleHPC_z):prev_DOWN_yes",0.213800114180163,0.000848222012661124,0.673369240682063,0.27761460581099
989,"s(prev_lastRippleHPC_z):prev_DOWN_yes",0.00096377344210552,6.09498381850627e-06,0.0272897134477724,0.00803843074985122
990,"s(prev_lastRippleHPC_z):prev_DOWN_yes",0.0359055895944165,0.000385517760058238,0.219164755225524,0.0645687767853954
991,"s(prev_lastRippleHPC_z):prev_DOWN_yes",0.0120331255290598,0.000131125259487242,0.127663937227567,0.0376358227191031
992,"s(prev_lastRippleHPC_z):prev_DOWN_yes",0.282573072945603,0.00257765731218804,0.865570177473251,0.251139136037573
993,"s(prev_lastRippleHPC_z):prev_DOWN_yes",0.174888387817393,0.00109110902549535,0.179322780809793,0.151278215888674
994,"s(prev_lastRippleHPC_z):prev_DOWN_yes",0.079275488699766,0.000877685079295968,0.302862828718567,0.402551908843908
995,"s(prev_lastRippleHPC_z):prev_DOWN_yes",0.1160873506476,0.000880927041885568,0.251839947751221,0.10177137446604
996,"s(prev_lastRippleHPC_z):prev_DOWN_yes",0.000331086846984796,0.000886240051316161,0.0330951648598035,1.47194267372189
997,"s(prev_lastRippleHPC_z):prev_DOWN_yes",0.183470405754325,0.00218000667497599,0.537678859540806,0.158414495637741
998,"s(prev_lastRippleHPC_z):prev_DOWN_yes",0.165940969307922,0.00183093164964942,0.180360309105624,0.677393229574834
999,"s(prev_lastRippleHPC_z):prev_DOWN_yes",0.27133825295589,0.00211903687746805,0.290133321378187,0.0895826741883079
1000,"s(prev_lastRippleHPC_z):prev_DOWN_yes",0.0960163288728504,0.000372852361138976,0.186637642903542,0.09822421777382
1,"s(prev_lastRippleV1PRE_z):prev_DOWN_no",0.0168400676801683,3.41769426307751e-05,0.134722870749053,0.091756997121301
2,"s(prev_lastRippleV1PRE_z):prev_DOWN_no",0.021997581187291,0.000196260621894219,0.226817012078576,0.0676470767625507
3,"s(prev_lastRippleV1PRE_z):prev_DOWN_no",0.226441222981323,0.00190088826379916,0.721966956967885,0.21771803102771
4,"s(prev_lastRippleV1PRE_z):prev_DOWN_no",0.0139270825761226,2.33832851665762e-05,0.121478536597816,0.0635495211244168
5,"s(prev_lastRippleV1PRE_z):prev_DOWN_no",0.22407507970108,0.00161944605143414,1.29341343603813,1.3792480141067
6,"s(prev_lastRippleV1PRE_z):prev_DOWN_no",0.0304774664357614,0.000344861344825945,0.290156045598921,0.0859216103627025
7,"s(prev_lastRippleV1PRE_z):prev_DOWN_no",0.229746246854528,0.00175945944721609,1.98037598877584,1.79528762029073
8,"s(prev_lastRippleV1PRE_z):prev_DOWN_no",0.129926638482568,0.000733321007711057,0.512426560686882,0.376165541171844
9,"s(prev_lastRippleV1PRE_z):prev_DOWN_no",0.00178385588627528,1.64615255703192e-05,0.0682643064738076,0.020372646184363
10,"s(prev_lastRippleV1PRE_z):prev_DOWN_no",0.104697880085486,0.000601477674410276,0.416352775393247,0.198223855520622
11,"s(prev_lastRippleV1PRE_z):prev_DOWN_no",0.12934330803012,0.000404228369895617,0.854162739538412,0.526437521301054
12,"s(prev_lastRippleV1PRE_z):prev_DOWN_no",0.0185015020327022,0.000516550496651448,0.0960587365357291,0.53008710856531
13,"s(prev_lastRippleV1PRE_z):prev_DOWN_no",0.00378451080628039,3.44819106573044e-05,0.088328038115092,0.026395364717205
14,"s(prev_lastRippleV1PRE_z):prev_DOWN_no",0.112142546247935,0.000407796379493841,0.598822264463396,0.33639873748241
15,"s(prev_lastRippleV1PRE_z):prev_DOWN_no",0.066138108698035,0.000434570697134895,0.380978742154527,0.215728027345368
16,"s(prev_lastRippleV1PRE_z):prev_DOWN_no",0.162633343468073,0.00173713917528585,0.665366345235349,0.59052793199886
17,"s(prev_lastRippleV1PRE_z):prev_DOWN_no",0.35330186142756,0.00418728440607009,1.82505160490938,0.658013448723488
18,"s(prev_lastRippleV1PRE_z):prev_DOWN_no",0.266718168470164,0.00405874535080105,1.12299957566976,1.62645789819165
19,"s(prev_lastRippleV1PRE_z):prev_DOWN_no",0.144236503449481,0.00132859991182883,0.561598149996756,0.33547699019359
20,"s(prev_lastRippleV1PRE_z):prev_DOWN_no",0.105886166797712,0.000856755818170263,0.609463303033424,0.264447165153664
21,"s(prev_lastRippleV1PRE_z):prev_DOWN_no",0.0947774735223215,0.000914783645366118,0.360998867098865,0.341122932723531
22,"s(prev_lastRippleV1PRE_z):prev_DOWN_no",0.25341845683973,0.00125261233335876,1.08634377375065,0.772768752903005
23,"s(prev_lastRippleV1PRE_z):prev_DOWN_no",0.143515296837127,0.00118780690065845,0.642569251202718,0.537624256919327
24,"s(prev_lastRippleV1PRE_z):prev_DOWN_no",0.355518303110832,0.00137286614760322,0.853616156532688,0.697134665553648
25,"s(prev_lastRippleV1PRE_z):prev_DOWN_no",0.0224169412003246,0.000546843685265303,0.156166632383117,0.509422963157834
26,"s(prev_lastRippleV1PRE_z):prev_DOWN_no",0.19827942705853,0.0021473430802327,0.782887540118833,0.66212564592673
27,"s(prev_lastRippleV1PRE_z):prev_DOWN_no",0.0971600869903151,0.000675244752440635,0.372705496078677,0.297142498032018
28,"s(prev_lastRippleV1PRE_z):prev_DOWN_no",0.12682535441326,0.000918705433226375,0.739772498754187,0.398816165342962
29,"s(prev_lastRippleV1PRE_z):prev_DOWN_no",0.127747699420309,0.000556314242837099,0.790050370238176,0.325107284234778
30,"s(prev_lastRippleV1PRE_z):prev_DOWN_no",0.178294800407154,0.00175148333581945,0.489475441662709,0.974046333771036
31,"s(prev_lastRippleV1PRE_z):prev_DOWN_no",0.0867843115867837,0.000236172828892426,0.452896248706372,0.263397295573686
32,"s(prev_lastRippleV1PRE_z):prev_DOWN_no",0.393124016612634,0.00349056381823011,1.37919453278167,0.491970929369325
33,"s(prev_lastRippleV1PRE_z):prev_DOWN_no",0.0350077408744349,0.000190913170894847,0.201831434979887,0.0577498156081557
34,"s(prev_lastRippleV1PRE_z):prev_DOWN_no",0.0203701377068324,0.00143285615340801,0.127555253141201,1.16673183763381
35,"s(prev_lastRippleV1PRE_z):prev_DOWN_no",0.00530211441592776,9.06859542606488e-05,0.147353362318046,0.0438370305632599
36,"s(prev_lastRippleV1PRE_z):prev_DOWN_no",0.124274394243389,0.000694557744520161,0.714690177416458,0.36649850860619
37,"s(prev_lastRippleV1PRE_z):prev_DOWN_no",0.0079720548938047,0.00100390583551688,0.134700009739703,0.759840813122124
38,"s(prev_lastRippleV1PRE_z):prev_DOWN_no",0.123390941964728,0.000675788822296153,0.391770225845154,0.214983705283855
39,"s(prev_lastRippleV1PRE_z):prev_DOWN_no",0.180707451727445,0.00113062322302714,1.03395935912275,1.20622013991179
40,"s(prev_lastRippleV1PRE_z):prev_DOWN_no",0.0892778218201951,0.000296591609445701,0.508658731394532,0.414766110192089
41,"s(prev_lastRippleV1PRE_z):prev_DOWN_no",0.0997230569380347,0.00121023276655819,0.410610295045253,0.624286690488561
42,"s(prev_lastRippleV1PRE_z):prev_DOWN_no",0.261772821312372,0.00140089116510424,1.21211919244852,0.461067977362586
43,"s(prev_lastRippleV1PRE_z):prev_DOWN_no",0.0839261073716955,0.000481642641621324,0.372440855565262,0.257859221667068
44,"s(prev_lastRippleV1PRE_z):prev_DOWN_no",0.0484527077820287,0.000185326218776747,0.367456923720935,0.105781064959938
45,"s(prev_lastRippleV1PRE_z):prev_DOWN_no",0.0771092118630738,0.000267065107801138,0.393104780006014,0.289422515966874
46,"s(prev_lastRippleV1PRE_z):prev_DOWN_no",0.119189303662553,0.00124561308970633,0.40299249976424,0.567104500955156
47,"s(prev_lastRippleV1PRE_z):prev_DOWN_no",0.314528607612139,0.00238206480197268,1.30604460070137,1.01601139825399
48,"s(prev_lastRippleV1PRE_z):prev_DOWN_no",0.286831693514637,0.0017168606113934,0.421650235960407,0.115119625853432
49,"s(prev_lastRippleV1PRE_z):prev_DOWN_no",0.132060986503456,0.000855159680459217,0.96099820503676,0.386922798050917
50,"s(prev_lastRippleV1PRE_z):prev_DOWN_no",9.22848534834486e-05,1.85778582917329e-07,0.00595682915002053,0.00174794403484984
51,"s(prev_lastRippleV1PRE_z):prev_DOWN_no",0.12936073064697,0.000641058501124781,0.835582698505718,0.670284903082201
52,"s(prev_lastRippleV1PRE_z):prev_DOWN_no",0.182096019427919,0.0015488956512867,1.05006538323487,0.669239482558355
53,"s(prev_lastRippleV1PRE_z):prev_DOWN_no",0.17072214494697,0.000662207541963299,0.882528805457047,0.453823638457302
54,"s(prev_lastRippleV1PRE_z):prev_DOWN_no",0.0533958177356739,0.000139427235955558,0.350472715402002,0.19952583740122
55,"s(prev_lastRippleV1PRE_z):prev_DOWN_no",0.162838856129071,0.0015047639899622,0.604110104362343,0.532239237278961
56,"s(prev_lastRippleV1PRE_z):prev_DOWN_no",0.0523813608262031,6.23110513394684e-05,0.471722420668811,0.169975056289074
57,"s(prev_lastRippleV1PRE_z):prev_DOWN_no",0.0234174367582387,0.000257688729139282,0.253935277019703,0.0754649886817978
58,"s(prev_lastRippleV1PRE_z):prev_DOWN_no",0.239711259713726,0.00210990749190979,1.24777080780538,1.52561273010734
59,"s(prev_lastRippleV1PRE_z):prev_DOWN_no",0.0613326402483594,0.000358497123090929,0.311493362458469,0.219435545957297
60,"s(prev_lastRippleV1PRE_z):prev_DOWN_no",0.339612577963934,0.00369435066653244,1.31375845810718,0.934482863491584
61,"s(prev_lastRippleV1PRE_z):prev_DOWN_no",0.194665814509007,0.00108399108321031,0.995412856381163,0.937324207601542
62,"s(prev_lastRippleV1PRE_z):prev_DOWN_no",0.16637548675109,0.00130762243262291,0.753190981648281,0.428338676418949
63,"s(prev_lastRippleV1PRE_z):prev_DOWN_no",0.000681023681632809,1.05289272867593e-05,0.0520056074313265,0.0155402024745051
64,"s(prev_lastRippleV1PRE_z):prev_DOWN_no",0.00281093583125891,1.76069546398202e-06,0.0408944133912453,0.0154612303391223
65,"s(prev_lastRippleV1PRE_z):prev_DOWN_no",0.260335133733694,0.00198849063632589,1.29408335901182,0.336415069841609
66,"s(prev_lastRippleV1PRE_z):prev_DOWN_no",0.115504207522451,0.00101286507299611,0.343245616461586,0.181572840190485
67,"s(prev_lastRippleV1PRE_z):prev_DOWN_no",0.0905232534061602,0.000264758729429341,0.469112901190306,0.233973751752115
68,"s(prev_lastRippleV1PRE_z):prev_DOWN_no",0.05486059793739,0.000197731461627722,0.247662697559537,0.146688187414994
69,"s(prev_lastRippleV1PRE_z):prev_DOWN_no",0.211987248366929,0.00128305208416667,0.872649701249999,0.690303102069467
70,"s(prev_lastRippleV1PRE_z):prev_DOWN_no",0.0439167686136228,0.000422772108981339,0.324893862293199,0.0969987290094145
71,"s(prev_lastRippleV1PRE_z):prev_DOWN_no",0.221075980522562,0.00105768934803791,0.969862727102046,0.558337876501244
72,"s(prev_lastRippleV1PRE_z):prev_DOWN_no",0.048095339697646,0.000697262531393398,0.278661381945727,0.811786229550553
73,"s(prev_lastRippleV1PRE_z):prev_DOWN_no",0.230245284325918,0.00168935765727189,0.854801906461217,0.723049727266644
74,"s(prev_lastRippleV1PRE_z):prev_DOWN_no",0.183922710219268,0.00111848517963385,1.37463983537455,1.13771625310469
75,"s(prev_lastRippleV1PRE_z):prev_DOWN_no",0.0982610874233414,0.000422649855507568,0.498164758811025,0.413125781869583
76,"s(prev_lastRippleV1PRE_z):prev_DOWN_no",0.117362535750615,0.000713984777388034,1.12686943260821,1.03549287075977
77,"s(prev_lastRippleV1PRE_z):prev_DOWN_no",0.0936431205960515,0.000278829758747383,0.363350765005368,0.115819996800164
78,"s(prev_lastRippleV1PRE_z):prev_DOWN_no",0.00931372118592755,0.000232030180690388,0.0525513648588103,0.458582761450915
79,"s(prev_lastRippleV1PRE_z):prev_DOWN_no",0.0140376088342249,0.00192473954391311,0.177036676927801,1.27236269538668
80,"s(prev_lastRippleV1PRE_z):prev_DOWN_no",0.0763829388836736,0.000235873322461488,0.28723437861684,0.160272834744224
81,"s(prev_lastRippleV1PRE_z):prev_DOWN_no",0.150937671482438,0.00166297960302265,1.00988775913213,1.02279838985726
82,"s(prev_lastRippleV1PRE_z):prev_DOWN_no",0.000407693956459454,0.000146708160468498,0.0159453687940196,0.206646538265173
83,"s(prev_lastRippleV1PRE_z):prev_DOWN_no",0.132007855251012,0.00195715756891751,0.605027187298099,1.70733979494027
84,"s(prev_lastRippleV1PRE_z):prev_DOWN_no",0.149183398209068,0.000621933093625071,0.715358887289736,0.383318523845515
85,"s(prev_lastRippleV1PRE_z):prev_DOWN_no",-2.35203251683913e-05,7.66570890855621e-09,0.00135508200763348,0.0004055687586028
86,"s(prev_lastRippleV1PRE_z):prev_DOWN_no",0.00309090061444817,0.000110476402416055,0.169247773979337,0.0504298181586772
87,"s(prev_lastRippleV1PRE_z):prev_DOWN_no",0.15259895444992,0.00122931237899335,0.712216854143022,0.46108027737954
88,"s(prev_lastRippleV1PRE_z):prev_DOWN_no",0.138379264382326,0.000769584721097892,0.855117908464144,0.299920278005408
89,"s(prev_lastRippleV1PRE_z):prev_DOWN_no",0.117353249569687,0.000745163104591136,0.434992670908364,0.291083677125204
90,"s(prev_lastRippleV1PRE_z):prev_DOWN_no",0.082056479102266,0.000479999164108618,0.410628207704047,0.26861443291183
91,"s(prev_lastRippleV1PRE_z):prev_DOWN_no",0.0746258428602111,0.00226723212234695,0.496739037288647,1.15345530034674
92,"s(prev_lastRippleV1PRE_z):prev_DOWN_no",0.170160596903381,0.00104183092110882,0.46990892845846,0.360486467369195
93,"s(prev_lastRippleV1PRE_z):prev_DOWN_no",0.0937690686129757,0.00052587989968201,0.328038966195552,0.240688085900044
94,"s(prev_lastRippleV1PRE_z):prev_DOWN_no",0.0922260976869618,0.000389359622936434,0.556952252944551,0.331335775152095
95,"s(prev_lastRippleV1PRE_z):prev_DOWN_no",0.101850288136937,0.000405482969668588,0.376636185716098,0.18944355318628
96,"s(prev_lastRippleV1PRE_z):prev_DOWN_no",0.0631563168227416,0.000423162380790225,0.453790474008384,0.13300699545297
97,"s(prev_lastRippleV1PRE_z):prev_DOWN_no",0.0273151782617616,0.000862829962124715,0.253634781922153,0.376451077582744
98,"s(prev_lastRippleV1PRE_z):prev_DOWN_no",0.0584426489136298,0.000333498896645102,0.343681256100787,0.171812983855518
99,"s(prev_lastRippleV1PRE_z):prev_DOWN_no",0.0417057238853538,0.000113756425613681,0.209291519987637,0.145519256389199
100,"s(prev_lastRippleV1PRE_z):prev_DOWN_no",0.0510228742445777,0.000107525883120182,0.1446163083205,0.116609185833989
101,"s(prev_lastRippleV1PRE_z):prev_DOWN_no",0.0442064111971296,0.000133720329614019,0.314435182401071,0.188553098349677
102,"s(prev_lastRippleV1PRE_z):prev_DOWN_no",0.184804123163726,0.0010206833458205,1.07263679746685,0.502328172321155
103,"s(prev_lastRippleV1PRE_z):prev_DOWN_no",0.121961674441666,0.000852746289156901,0.670331783954481,0.38221780194979
104,"s(prev_lastRippleV1PRE_z):prev_DOWN_no",0.0204320635506239,0.000262835412603236,0.246035331185487,0.0733209181787113
105,"s(prev_lastRippleV1PRE_z):prev_DOWN_no",0.0970861832429781,0.000409862158410616,0.208111054543659,0.118517373235765
106,"s(prev_lastRippleV1PRE_z):prev_DOWN_no",0.00604696381237169,0.000451197576041571,0.0427587786577974,0.641947716696828
107,"s(prev_lastRippleV1PRE_z):prev_DOWN_no",0.0153743795232604,0.000870875642024244,0.215061439650044,0.684467641336422
108,"s(prev_lastRippleV1PRE_z):prev_DOWN_no",0.244954508443068,0.00143213543995774,0.56278159971825,0.462004703192396
109,"s(prev_lastRippleV1PRE_z):prev_DOWN_no",0.00596924809533039,7.85505245909487e-05,0.139143287614669,0.0414470081878117
110,"s(prev_lastRippleV1PRE_z):prev_DOWN_no",0.089970208606835,0.000759980814741554,0.493298874406418,0.248257770936448
111,"s(prev_lastRippleV1PRE_z):prev_DOWN_no",0.0701172795534495,0.000208224850512636,0.512005997337573,0.251216773599763
112,"s(prev_lastRippleV1PRE_z):prev_DOWN_no",0.265270931641142,0.00164434473349741,0.890079317689585,0.776705200260311
113,"s(prev_lastRippleV1PRE_z):prev_DOWN_no",0.0731618614081997,0.000957740244760396,0.19788735582532,0.671882336738817
114,"s(prev_lastRippleV1PRE_z):prev_DOWN_no",0.18899244201559,0.00168652893129738,0.958382974040883,0.631217569446725
115,"s(prev_lastRippleV1PRE_z):prev_DOWN_no",0.00718868773729842,3.57410619616215e-05,0.091762170946093,0.129374212231801
116,"s(prev_lastRippleV1PRE_z):prev_DOWN_no",0.134471554658257,0.000488004413256185,0.916790649014887,0.623554148353516
117,"s(prev_lastRippleV1PRE_z):prev_DOWN_no",0.13731523077306,0.000514358640745947,0.742048084884157,0.348125786500315
118,"s(prev_lastRippleV1PRE_z):prev_DOWN_no",0.0432143771129239,0.000144805188805036,0.311455536830225,0.183113105523844
119,"s(prev_lastRippleV1PRE_z):prev_DOWN_no",0.138526442351548,0.00107747085749497,0.596766009496052,0.63512869541326
120,"s(prev_lastRippleV1PRE_z):prev_DOWN_no",0.090747867790955,0.000516613322454207,0.675082314813489,0.456665061200452
121,"s(prev_lastRippleV1PRE_z):prev_DOWN_no",0.153043299048599,0.00084117016427443,1.16095200504837,0.697404773673028
122,"s(prev_lastRippleV1PRE_z):prev_DOWN_no",0.138619787533726,0.000564710395317511,0.475104454622214,0.235184936452161
123,"s(prev_lastRippleV1PRE_z):prev_DOWN_no",0.0870231824082328,0.000366966933617517,0.452972457445826,0.292601382962884
124,"s(prev_lastRippleV1PRE_z):prev_DOWN_no",0.364676026077914,0.00284808021139296,1.69984773471676,1.27106788057748
125,"s(prev_lastRippleV1PRE_z):prev_DOWN_no",0.14555076528547,0.000614599340850215,0.511544821905689,0.338182989037056
126,"s(prev_lastRippleV1PRE_z):prev_DOWN_no",0.257514760540368,0.00221810856299192,0.722383947393171,0.21271168638674
127,"s(prev_lastRippleV1PRE_z):prev_DOWN_no",0.100228621088814,0.000327447497386045,0.50451582710103,0.287749194152656
128,"s(prev_lastRippleV1PRE_z):prev_DOWN_no",0.0073426324138941,7.65788050935546e-05,0.138505440784633,0.0413185089474706
129,"s(prev_lastRippleV1PRE_z):prev_DOWN_no",0.0507532581098449,0.000496287554719244,0.348399354941319,0.104023089671972
130,"s(prev_lastRippleV1PRE_z):prev_DOWN_no",0.335193812041778,0.00269112196613211,1.0128915363147,0.300198372179465
131,"s(prev_lastRippleV1PRE_z):prev_DOWN_no",0.190662695230609,0.00138182195976385,0.886926618705754,0.240191375947544
132,"s(prev_lastRippleV1PRE_z):prev_DOWN_no",0.0013197080571361,0.000361428582588851,0.0442362738496463,0.681726926799915
133,"s(prev_lastRippleV1PRE_z):prev_DOWN_no",0.199606827628354,0.00218368774647211,1.16908122229156,1.21717161545126
134,"s(prev_lastRippleV1PRE_z):prev_DOWN_no",0.147430344840794,0.00077473360023462,0.652250371685252,0.299143227786551
135,"s(prev_lastRippleV1PRE_z):prev_DOWN_no",0.0919337738333725,0.000370060045195162,0.293111054129684,0.130956622273922
136,"s(prev_lastRippleV1PRE_z):prev_DOWN_no",0.134531002881351,0.00131238829135223,0.58183220785079,0.173289024114367
137,"s(prev_lastRippleV1PRE_z):prev_DOWN_no",0.0783528479844087,0.000244176241274237,0.348020945835347,0.165712552103032
138,"s(prev_lastRippleV1PRE_z):prev_DOWN_no",0.146175396996814,0.00214367742464224,1.01699178686699,1.16628544526403
139,"s(prev_lastRippleV1PRE_z):prev_DOWN_no",0.126483745778319,0.000753708905667866,0.680014392186289,0.559704145604015
140,"s(prev_lastRippleV1PRE_z):prev_DOWN_no",0.138672903631484,0.000492885270570952,0.635390858707927,0.33913743623985
141,"s(prev_lastRippleV1PRE_z):prev_DOWN_no",0.0327421474894836,0.000308171671906524,0.27257715340999,0.0812822934311001
142,"s(prev_lastRippleV1PRE_z):prev_DOWN_no",-0.000387008962252189,7.07501708248924e-06,0.0413198713437395,0.0123043148983565
143,"s(prev_lastRippleV1PRE_z):prev_DOWN_no",0.122965096631961,0.000510478269338553,0.685030654835663,0.525756257087515
144,"s(prev_lastRippleV1PRE_z):prev_DOWN_no",0.157271385706694,0.000827485995555553,0.758837003161437,0.714807772303224
145,"s(prev_lastRippleV1PRE_z):prev_DOWN_no",0.0792113619116437,0.000318779245414962,0.643775916242814,0.36533758405572
146,"s(prev_lastRippleV1PRE_z):prev_DOWN_no",0.0714796936270945,0.00277714099981078,0.348961748239851,2.28558741592343
147,"s(prev_lastRippleV1PRE_z):prev_DOWN_no",0.0313315843107738,7.12833297774324e-05,0.176838125864072,0.128609707435574
148,"s(prev_lastRippleV1PRE_z):prev_DOWN_no",0.168732788252253,0.00190176102826383,0.412265568383985,0.919062534643244
149,"s(prev_lastRippleV1PRE_z):prev_DOWN_no",0.264693010819673,0.00147372032592077,0.929954874848849,0.555041568004352
150,"s(prev_lastRippleV1PRE_z):prev_DOWN_no",0.0735669969071591,0.000182074732581315,0.434450045696688,0.250009562920523
151,"s(prev_lastRippleV1PRE_z):prev_DOWN_no",0.188552317995542,0.00179648355458008,0.966087549236289,0.579042199287219
152,"s(prev_lastRippleV1PRE_z):prev_DOWN_no",0.208237766997665,0.00177300788811946,0.866075306007757,0.424154778697614
153,"s(prev_lastRippleV1PRE_z):prev_DOWN_no",0.0506193815950775,0.000221999252123043,0.300878558761456,0.217292550438442
154,"s(prev_lastRippleV1PRE_z):prev_DOWN_no",0.119148896304284,0.00161325099974834,0.523391850911658,0.597242815518759
155,"s(prev_lastRippleV1PRE_z):prev_DOWN_no",-0.000488869209421594,3.93446191295941e-06,0.0269786071442799,0.00801407540973974
156,"s(prev_lastRippleV1PRE_z):prev_DOWN_no",0.0127800394627338,0.000144489132403344,0.185053279328827,0.0550166966797098
157,"s(prev_lastRippleV1PRE_z):prev_DOWN_no",0.0656284791778319,0.000698890357231077,0.413588571132083,0.122992569208448
158,"s(prev_lastRippleV1PRE_z):prev_DOWN_no",0.138439741544155,0.00111340130792045,0.78159526276057,0.624901552014573
159,"s(prev_lastRippleV1PRE_z):prev_DOWN_no",0.182508346873722,0.00100232593340147,1.15768065595517,0.783022610922111
160,"s(prev_lastRippleV1PRE_z):prev_DOWN_no",0.0974429798502721,0.000754986560238761,0.551253445931208,0.167549038366087
161,"s(prev_lastRippleV1PRE_z):prev_DOWN_no",0.196464907741734,0.00157855885524678,0.712876999793357,0.237471988605437
162,"s(prev_lastRippleV1PRE_z):prev_DOWN_no",0.245384769127199,0.00212103487069549,0.848511017971872,0.387111450376399
163,"s(prev_lastRippleV1PRE_z):prev_DOWN_no",0.120781193815728,0.000888461151822124,0.893049972794842,0.780792645275978
164,"s(prev_lastRippleV1PRE_z):prev_DOWN_no",0.00515791442308622,0.000563542909590189,0.125385085355848,0.432163853527465
165,"s(prev_lastRippleV1PRE_z):prev_DOWN_no",0.00891355176821218,1.7283420872948e-05,0.0904347636262806,0.0407784246384393
166,"s(prev_lastRippleV1PRE_z):prev_DOWN_no",0.0648589949194225,0.000575647764747021,0.29674148003466,0.103498262271186
167,"s(prev_lastRippleV1PRE_z):prev_DOWN_no",0.151919670318067,0.000876023206032887,0.43379122887285,0.330783999726564
168,"s(prev_lastRippleV1PRE_z):prev_DOWN_no",0.0797655563420792,0.000751733334794647,0.317758220800208,0.442337508840307
169,"s(prev_lastRippleV1PRE_z):prev_DOWN_no",0.170884222829481,0.000724798730943241,0.850229152536871,0.49814440143962
170,"s(prev_lastRippleV1PRE_z):prev_DOWN_no",0.0141212504032513,0.000542663212132463,0.081590599847239,0.694846453345308
171,"s(prev_lastRippleV1PRE_z):prev_DOWN_no",-0.00158115721458785,0.00154747558612506,0.132843440088239,1.23668469840879
172,"s(prev_lastRippleV1PRE_z):prev_DOWN_no",-0.0533458998162324,1.26826374078936e-05,0.0863690847248839,0.0575470823253467
173,"s(prev_lastRippleV1PRE_z):prev_DOWN_no",0.00039919609569683,5.35481913431892e-06,0.036292063978118,0.0108048432773702
174,"s(prev_lastRippleV1PRE_z):prev_DOWN_no",0.282576809461105,0.00159501520058112,1.18366620722898,0.785730032199896
175,"s(prev_lastRippleV1PRE_z):prev_DOWN_no",0.129354156905118,0.00127052937352275,0.692666495276646,0.798925582070637
176,"s(prev_lastRippleV1PRE_z):prev_DOWN_no",0.0953779132055148,0.00060915476803052,0.644160252656367,0.582172849340705
177,"s(prev_lastRippleV1PRE_z):prev_DOWN_no",0.00101082236032468,0.000162646237285559,0.0356731760001659,0.310451126397624
178,"s(prev_lastRippleV1PRE_z):prev_DOWN_no",0.262962072820677,0.00248144523375271,1.19800521006171,0.593794655958942
179,"s(prev_lastRippleV1PRE_z):prev_DOWN_no",0.184685641833689,0.00175101755643144,0.662850922215591,0.568770209464287
180,"s(prev_lastRippleV1PRE_z):prev_DOWN_no",0.270825426162353,0.00220976365856099,0.98237127731638,0.272405098392485
181,"s(prev_lastRippleV1PRE_z):prev_DOWN_no",0.194081359610376,0.000984884098174154,0.966850449959772,0.342838822373069
182,"s(prev_lastRippleV1PRE_z):prev_DOWN_no",0.00563473804731007,3.31674155519e-06,0.0591524435877231,0.0270440448698085
183,"s(prev_lastRippleV1PRE_z):prev_DOWN_no",0.143205619491391,0.00142120608921346,0.673603372327851,1.17564082845682
184,"s(prev_lastRippleV1PRE_z):prev_DOWN_no",0.0813331340689025,0.000245121844125201,0.335154947897119,0.232906821350613
185,"s(prev_lastRippleV1PRE_z):prev_DOWN_no",0.217699512476551,0.000950666506247676,0.945983994613441,1.19972893026661
186,"s(prev_lastRippleV1PRE_z):prev_DOWN_no",0.346841745928992,0.00183759459915822,1.23143699822312,0.662706526114496
187,"s(prev_lastRippleV1PRE_z):prev_DOWN_no",0.321610529613031,0.00208705960632294,1.1548002426717,1.02803495792693
188,"s(prev_lastRippleV1PRE_z):prev_DOWN_no",0.122477197645648,0.00130154329232248,0.590177363494766,0.59639453200479
189,"s(prev_lastRippleV1PRE_z):prev_DOWN_no",0.114184142131667,0.0011687887804729,0.532154376057842,0.15872395078336
190,"s(prev_lastRippleV1PRE_z):prev_DOWN_no",0.190797887759753,0.00191059999396275,0.736626636292067,0.604622143516248
191,"s(prev_lastRippleV1PRE_z):prev_DOWN_no",0.270751079390728,0.0025738496946887,0.751346067063619,0.361368650898707
192,"s(prev_lastRippleV1PRE_z):prev_DOWN_no",0.107616514401728,0.000765719174737207,0.585120174616976,0.367215378411965
193,"s(prev_lastRippleV1PRE_z):prev_DOWN_no",0.120419443851869,0.000339452534913471,0.713642613291581,0.449887591079993
194,"s(prev_lastRippleV1PRE_z):prev_DOWN_no",0.0874845084434881,0.00035291057580618,0.436306794709071,0.333442576373257
195,"s(prev_lastRippleV1PRE_z):prev_DOWN_no",0.271692328380702,0.00161140910872838,0.846566242887802,0.621849532912809
196,"s(prev_lastRippleV1PRE_z):prev_DOWN_no",0.308847393486436,0.00178218680323025,1.16232092202672,0.48158981270851
197,"s(prev_lastRippleV1PRE_z):prev_DOWN_no",0.011442755024345,0.000679417326252847,0.156536281593964,0.435064173176023
198,"s(prev_lastRippleV1PRE_z):prev_DOWN_no",0.0285338100644905,0.000857659709931428,0.151531443382475,0.813492223871885
199,"s(prev_lastRippleV1PRE_z):prev_DOWN_no",0.20197864307154,0.00136014960195259,1.05888071904872,0.914148869693454
200,"s(prev_lastRippleV1PRE_z):prev_DOWN_no",0.103616542150106,0.000855966126993806,0.517334996869791,0.32699094451804
201,"s(prev_lastRippleV1PRE_z):prev_DOWN_no",0.00352495674711495,4.82769559230246e-05,0.106200945249929,0.0315786604688152
202,"s(prev_lastRippleV1PRE_z):prev_DOWN_no",0.179146521056244,0.00140235013414969,0.675796808687938,0.333051979966558
203,"s(prev_lastRippleV1PRE_z):prev_DOWN_no",0.0885326055003715,0.000956814402252239,0.496565322444396,0.147737486114659
204,"s(prev_lastRippleV1PRE_z):prev_DOWN_no",0.0556447579220052,0.000597950977352318,0.387605704130671,0.115503272559942
205,"s(prev_lastRippleV1PRE_z):prev_DOWN_no",0.0757694200635548,0.000209475914476959,0.471384369715084,0.209168612578732
206,"s(prev_lastRippleV1PRE_z):prev_DOWN_no",0.00141731560308322,1.06467243157927e-05,0.0430886918288298,0.0127916061629351
207,"s(prev_lastRippleV1PRE_z):prev_DOWN_no",0.136547512356008,0.00135931807321802,0.663418802558686,0.410118609977519
208,"s(prev_lastRippleV1PRE_z):prev_DOWN_no",0.148647629962065,0.000484039794102052,0.745028363647003,0.45292646094186
209,"s(prev_lastRippleV1PRE_z):prev_DOWN_no",0.291322464617464,0.00223837053292181,1.29457503410644,0.95177814499791
210,"s(prev_lastRippleV1PRE_z):prev_DOWN_no",0.210949083333792,0.00139052110911448,1.14879415640211,0.577287717959598
211,"s(prev_lastRippleV1PRE_z):prev_DOWN_no",0.151892025481087,0.000786229927039844,0.808556061446639,0.685267473789113
212,"s(prev_lastRippleV1PRE_z):prev_DOWN_no",0.0638836717417606,0.000178193659411095,0.514835481748544,0.195214150512929
213,"s(prev_lastRippleV1PRE_z):prev_DOWN_no",0.0577244902081082,0.000273619131711177,0.251141695700501,0.117514807907345
214,"s(prev_lastRippleV1PRE_z):prev_DOWN_no",0.0745184435114226,0.000150431483982002,0.463936657036959,0.267742797765934
215,"s(prev_lastRippleV1PRE_z):prev_DOWN_no",0.128560189702384,0.000543883188269141,0.744496532094897,0.300860811062865
216,"s(prev_lastRippleV1PRE_z):prev_DOWN_no",0.00539068923278219,4.92030299753296e-05,0.0930360034132688,0.0276051833893582
217,"s(prev_lastRippleV1PRE_z):prev_DOWN_no",0.100527948369985,0.000353321519678221,0.25419328777485,0.132123852589843
218,"s(prev_lastRippleV1PRE_z):prev_DOWN_no",0.0270401528359496,0.000214790666275701,0.229435031696332,0.0696560047903307
219,"s(prev_lastRippleV1PRE_z):prev_DOWN_no",0.166373132362439,0.000923042863065086,0.476052919090779,0.319130752883645
220,"s(prev_lastRippleV1PRE_z):prev_DOWN_no",0.133489028908706,0.000915644760147712,1.45002394128886,1.37376073083469
221,"s(prev_lastRippleV1PRE_z):prev_DOWN_no",0.112175337514865,0.000726404726005516,0.307329787098953,0.165826592555044
222,"s(prev_lastRippleV1PRE_z):prev_DOWN_no",0.174398208192405,0.0013134759258046,1.2275032804031,0.434675804853737
223,"s(prev_lastRippleV1PRE_z):prev_DOWN_no",0.123120695674752,0.000490960312867162,0.655141681542294,0.54663766745512
224,"s(prev_lastRippleV1PRE_z):prev_DOWN_no",0.167171267384693,0.00121579295938946,0.945704429603406,0.932583603338972
225,"s(prev_lastRippleV1PRE_z):prev_DOWN_no",0.0271434377065258,0.000302297442036423,0.273383219244355,0.0813963468238073
226,"s(prev_lastRippleV1PRE_z):prev_DOWN_no",0.0500252218689763,0.000179833582015977,0.319226021702548,0.11487508766497
227,"s(prev_lastRippleV1PRE_z):prev_DOWN_no",0.11751454317695,0.000608946930756712,0.152424897740045,0.064035429426768
228,"s(prev_lastRippleV1PRE_z):prev_DOWN_no",0.0633702384748691,0.000482738806511668,0.358597749552223,0.147920328992375
229,"s(prev_lastRippleV1PRE_z):prev_DOWN_no",0.33279629925742,0.00273489898051206,2.33613614584787,2.33201253588004
230,"s(prev_lastRippleV1PRE_z):prev_DOWN_no",0.0153822340992997,0.000163306407909444,0.19633215219002,0.0813522448629222
231,"s(prev_lastRippleV1PRE_z):prev_DOWN_no",0.3886998634096,0.00320895164100786,1.25729711500536,0.406333608440594
232,"s(prev_lastRippleV1PRE_z):prev_DOWN_no",0.0516053076670575,0.00079385865895629,0.31584245319756,0.571231771661425
233,"s(prev_lastRippleV1PRE_z):prev_DOWN_no",0.000600669885314709,0.000323308140518344,0.0670460150227473,0.583403584796619
234,"s(prev_lastRippleV1PRE_z):prev_DOWN_no",0.111114833574948,0.000534640554023217,0.8496007849071,0.474245093573305
235,"s(prev_lastRippleV1PRE_z):prev_DOWN_no",0.0990971536366319,0.00163423147132458,0.496576217787724,0.855459283866127
236,"s(prev_lastRippleV1PRE_z):prev_DOWN_no",0.122226962620321,0.000770533840346913,0.715471874024643,0.715809466015408
237,"s(prev_lastRippleV1PRE_z):prev_DOWN_no",0.0596119072781258,0.00186044942344284,0.354864436250723,1.51117217532537
238,"s(prev_lastRippleV1PRE_z):prev_DOWN_no",0.142360155112766,0.000873116517663948,0.788721520216724,0.831088892447421
239,"s(prev_lastRippleV1PRE_z):prev_DOWN_no",0.0133625691070076,7.91286006574588e-06,0.0835719236000541,0.0452402512264716
240,"s(prev_lastRippleV1PRE_z):prev_DOWN_no",0.0382906983348654,0.000391561483986499,0.267203191635484,0.0793202054474515
241,"s(prev_lastRippleV1PRE_z):prev_DOWN_no",0.000784274815856634,8.31944717148656e-06,0.04614246491345,0.0137036015229688
242,"s(prev_lastRippleV1PRE_z):prev_DOWN_no",0.0368611562579746,0.000457182038086201,0.287559473510247,0.435364601296888
243,"s(prev_lastRippleV1PRE_z):prev_DOWN_no",0.210223379239171,0.00239924905042505,0.62143868351586,0.883679860861811
244,"s(prev_lastRippleV1PRE_z):prev_DOWN_no",0.00348648096638993,4.42083157723936e-05,0.10363346404759,0.0308705837413396
245,"s(prev_lastRippleV1PRE_z):prev_DOWN_no",0.153736647268311,0.00123153137563689,1.01661378014476,0.528093257779643
246,"s(prev_lastRippleV1PRE_z):prev_DOWN_no",0.21511208495845,0.000832031180146796,0.979772151016985,0.64898383642638
247,"s(prev_lastRippleV1PRE_z):prev_DOWN_no",0.197672678291713,0.00168785922099395,0.777328468798783,0.782545638934351
248,"s(prev_lastRippleV1PRE_z):prev_DOWN_no",0.141934541718661,0.000491738741076111,0.72220717413523,0.371124788233305
249,"s(prev_lastRippleV1PRE_z):prev_DOWN_no",0.0504755597389117,0.000221268600336803,0.204105974911473,0.120112280809114
250,"s(prev_lastRippleV1PRE_z):prev_DOWN_no",0.0257959538087524,0.000382244980323568,0.264737866921342,0.266363029179433
251,"s(prev_lastRippleV1PRE_z):prev_DOWN_no",0.00516011213568213,0.000151780138199291,0.106687739929657,0.314482929669297
252,"s(prev_lastRippleV1PRE_z):prev_DOWN_no",0.0390379213979486,0.000143464515298416,0.228480447995791,0.129334521520138
253,"s(prev_lastRippleV1PRE_z):prev_DOWN_no",0.110652591144049,0.000874022604025337,0.533733662400757,0.173922352517452
254,"s(prev_lastRippleV1PRE_z):prev_DOWN_no",0.159320993793159,0.00100929238604193,0.739293171931375,0.575446530162148
255,"s(prev_lastRippleV1PRE_z):prev_DOWN_no",0.0665597283824111,0.000259449086183187,0.349576110306295,0.252268948662155
256,"s(prev_lastRippleV1PRE_z):prev_DOWN_no",0.170959539097275,0.00122020859776661,0.704747777925751,0.723387169354829
257,"s(prev_lastRippleV1PRE_z):prev_DOWN_no",0.0110877023423193,0.000127263372279606,0.17617232365995,0.0524899359372617
258,"s(prev_lastRippleV1PRE_z):prev_DOWN_no",0.0760286554506777,0.000446704208005744,0.317504928706181,0.0896127152127462
259,"s(prev_lastRippleV1PRE_z):prev_DOWN_no",0.251680074826741,0.00145314585508279,1.28279247901155,0.62329653295904
260,"s(prev_lastRippleV1PRE_z):prev_DOWN_no",0.0137222216129871,5.66747342183033e-05,0.0905442271696149,0.0471799422528493
261,"s(prev_lastRippleV1PRE_z):prev_DOWN_no",0.210412185185462,0.00167296137909741,0.93504246700708,0.620407404403942
262,"s(prev_lastRippleV1PRE_z):prev_DOWN_no",0.180780309157038,0.00102767550691573,0.943984748384783,0.882075993630399
263,"s(prev_lastRippleV1PRE_z):prev_DOWN_no",0.370130414518514,0.00240784049484454,0.56229503689124,0.413982145188315
264,"s(prev_lastRippleV1PRE_z):prev_DOWN_no",0.196351411900607,0.00105701242012756,0.734652250303168,0.483165538206763
265,"s(prev_lastRippleV1PRE_z):prev_DOWN_no",0.110246863787104,0.000320968541956695,0.597838484036377,0.334031489816653
266,"s(prev_lastRippleV1PRE_z):prev_DOWN_no",0.176151565901198,0.00103902658132387,0.523838090536674,0.333850626984878
267,"s(prev_lastRippleV1PRE_z):prev_DOWN_no",0.0408028639966567,0.000401610731401288,0.319127307943623,0.0949615342842237
268,"s(prev_lastRippleV1PRE_z):prev_DOWN_no",0.246760825378292,0.00227371773038301,1.17849904037018,1.02460545213646
269,"s(prev_lastRippleV1PRE_z):prev_DOWN_no",0.192473430016515,0.0012370103090224,1.04629538280168,1.03584476608781
270,"s(prev_lastRippleV1PRE_z):prev_DOWN_no",0.262077991842196,0.00255545663694038,1.74271600440361,0.816143951851343
271,"s(prev_lastRippleV1PRE_z):prev_DOWN_no",0.234357850620317,0.00204257328270264,0.833005185451286,0.799873146250466
272,"s(prev_lastRippleV1PRE_z):prev_DOWN_no",0.11176694275605,0.00200329053768931,0.507914520685452,1.20552728780576
273,"s(prev_lastRippleV1PRE_z):prev_DOWN_no",0.184956206355867,0.00118418788913809,1.01927296139516,0.720920970152521
274,"s(prev_lastRippleV1PRE_z):prev_DOWN_no",0.0990585080269755,0.000472635463288929,0.422668816139886,0.374909881472144
275,"s(prev_lastRippleV1PRE_z):prev_DOWN_no",0.0186265389637548,2.78565710547947e-05,0.162591873798105,0.0786644030774067
276,"s(prev_lastRippleV1PRE_z):prev_DOWN_no",0.0371248296309314,8.61877302387904e-05,0.21349559896717,0.185016853166931
277,"s(prev_lastRippleV1PRE_z):prev_DOWN_no",0.0343886479104869,0.000594554358018511,0.223393256334466,0.952208056223399
278,"s(prev_lastRippleV1PRE_z):prev_DOWN_no",0.227446657572787,0.0023175334061987,1.28078649588676,0.407638660328279
279,"s(prev_lastRippleV1PRE_z):prev_DOWN_no",0.143172505833157,0.000513187680415028,0.787276359947652,0.431507876313372
280,"s(prev_lastRippleV1PRE_z):prev_DOWN_no",0.000548868580506401,0.000612016624686881,0.0146616734104501,0.611973589145682
281,"s(prev_lastRippleV1PRE_z):prev_DOWN_no",0.0319206043295104,0.000444990024171246,0.180073254277256,0.461594254703867
282,"s(prev_lastRippleV1PRE_z):prev_DOWN_no",0.19332497970979,0.000799894091894147,0.925310068061612,0.48128582547637
283,"s(prev_lastRippleV1PRE_z):prev_DOWN_no",0.0266667397447042,3.6248383279844e-05,0.138448524259752,0.0881720281661635
284,"s(prev_lastRippleV1PRE_z):prev_DOWN_no",0.232629154920523,0.00127402012786088,0.73785304832374,0.398031523570122
285,"s(prev_lastRippleV1PRE_z):prev_DOWN_no",0.0460462094600222,0.000918679955558702,0.269310734921174,0.851141764152939
286,"s(prev_lastRippleV1PRE_z):prev_DOWN_no",0.0627390911887069,0.000410516170414006,0.405419913813554,0.261574049512487
287,"s(prev_lastRippleV1PRE_z):prev_DOWN_no",0.000229503570707834,7.57214615370556e-06,0.0429373074379625,0.0128260110755932
288,"s(prev_lastRippleV1PRE_z):prev_DOWN_no",0.0909609971480103,0.0011240520436081,0.31533330953284,0.704003080945457
289,"s(prev_lastRippleV1PRE_z):prev_DOWN_no",0.052573216470269,0.00134999231407385,0.369200055644678,0.979400958685149
290,"s(prev_lastRippleV1PRE_z):prev_DOWN_no",0.123427726562988,0.000766242687153622,0.581766912825594,0.36825182721436
291,"s(prev_lastRippleV1PRE_z):prev_DOWN_no",0.00440862253781216,4.830438645951e-05,0.0915448882664225,0.0271169829495972
292,"s(prev_lastRippleV1PRE_z):prev_DOWN_no",0.00168613367646397,1.90291373168914e-05,0.0665421205785105,0.0198892598647509
293,"s(prev_lastRippleV1PRE_z):prev_DOWN_no",0.189198513930797,0.00216194672024642,0.967062725117829,0.555885469058495
294,"s(prev_lastRippleV1PRE_z):prev_DOWN_no",0.174609569886572,0.000799538635173994,0.882832930958634,0.59324898221572
295,"s(prev_lastRippleV1PRE_z):prev_DOWN_no",0.000505600877052537,5.1145189554376e-06,0.0350026613465467,0.0104265837716418
296,"s(prev_lastRippleV1PRE_z):prev_DOWN_no",0.243181923356475,0.00143370779722328,0.554599825509908,0.387657622467672
297,"s(prev_lastRippleV1PRE_z):prev_DOWN_no",0.0312059624815522,9.24515161017939e-05,0.187443094460902,0.0821945747929395
298,"s(prev_lastRippleV1PRE_z):prev_DOWN_no",0.00969079541776185,0.000100533635693665,0.156245190409475,0.0464472853796721
299,"s(prev_lastRippleV1PRE_z):prev_DOWN_no",0.00423138763946174,4.65170552596332e-05,0.108051451563113,0.0322685386594505
300,"s(prev_lastRippleV1PRE_z):prev_DOWN_no",0.176958704069229,0.000924548547815414,1.0169417411869,0.563266251121346
301,"s(prev_lastRippleV1PRE_z):prev_DOWN_no",0.0103856552936428,0.000133820990576786,0.173691740050073,0.052903515613417
302,"s(prev_lastRippleV1PRE_z):prev_DOWN_no",0.151577251966247,0.000863759391204807,0.841987174938491,0.52691323684092
303,"s(prev_lastRippleV1PRE_z):prev_DOWN_no",0.0695155251093054,0.000747661952532167,0.428120047004349,0.127338748253529
304,"s(prev_lastRippleV1PRE_z):prev_DOWN_no",0.106581263912106,0.000349685751046492,0.568780375246424,0.438803497318486
305,"s(prev_lastRippleV1PRE_z):prev_DOWN_no",0.102879882896164,0.000324264857892209,0.457032513388987,0.249059274310357
306,"s(prev_lastRippleV1PRE_z):prev_DOWN_no",0.222300255267061,0.00136662399335656,1.14334194212728,0.904460693780358
307,"s(prev_lastRippleV1PRE_z):prev_DOWN_no",0.0406772868022038,0.000565722480413818,0.307014859887977,0.533670797969618
308,"s(prev_lastRippleV1PRE_z):prev_DOWN_no",0.00254188509016195,2.95467400775285e-05,0.0814977533829681,0.0242825958842425
309,"s(prev_lastRippleV1PRE_z):prev_DOWN_no",0.196459932171017,0.00102626266530303,0.916961641536452,0.379643649403707
310,"s(prev_lastRippleV1PRE_z):prev_DOWN_no",0.0195274817979429,0.000185643757110368,0.212138409678559,0.0631202897411899
311,"s(prev_lastRippleV1PRE_z):prev_DOWN_no",0.102896167083705,0.0014029728499504,0.821655513992543,0.36772590866914
312,"s(prev_lastRippleV1PRE_z):prev_DOWN_no",0.0643137350890575,0.000359104380618172,0.302549147616887,0.115024668479313
313,"s(prev_lastRippleV1PRE_z):prev_DOWN_no",0.144391488141883,0.0010815535908761,0.771544315525981,0.819443477079037
314,"s(prev_lastRippleV1PRE_z):prev_DOWN_no",0.114190177801945,0.00130508954003944,0.670613492706936,1.27170569129071
315,"s(prev_lastRippleV1PRE_z):prev_DOWN_no",0.0470468964764796,0.000277677578572145,0.240183886891338,0.123834247877701
316,"s(prev_lastRippleV1PRE_z):prev_DOWN_no",0.13700834033005,0.00139896708395411,0.605538229565189,0.278998155551441
317,"s(prev_lastRippleV1PRE_z):prev_DOWN_no",0.358282977112004,0.00362560759010543,1.17071628857745,0.574299998128519
318,"s(prev_lastRippleV1PRE_z):prev_DOWN_no",0.076702612185759,0.000826779479250058,0.461234995631325,0.137153648350575
319,"s(prev_lastRippleV1PRE_z):prev_DOWN_no",0.15196235298785,0.000640317760952219,0.618497439680278,0.479071858884934
320,"s(prev_lastRippleV1PRE_z):prev_DOWN_no",2.62349557900166e-06,0.000504122919461483,0.0126198635099245,0.694520371953481
321,"s(prev_lastRippleV1PRE_z):prev_DOWN_no",0.159302533774659,0.000562600602080612,0.733597196823501,0.325300922977365
322,"s(prev_lastRippleV1PRE_z):prev_DOWN_no",0.303359319130755,0.00143167717972825,1.04032050275482,0.524173803444586
323,"s(prev_lastRippleV1PRE_z):prev_DOWN_no",0.0973827117970965,0.000363252951309859,0.290841169703977,0.176107417168101
324,"s(prev_lastRippleV1PRE_z):prev_DOWN_no",0.236928747268712,0.00113191326055988,1.01103788453424,0.240687260379829
325,"s(prev_lastRippleV1PRE_z):prev_DOWN_no",0.0639944083693056,0.000292818229928572,0.488658873068936,0.392577911653594
326,"s(prev_lastRippleV1PRE_z):prev_DOWN_no",0.0893870764820859,0.00137511306823753,0.427218829616656,1.07332025726267
327,"s(prev_lastRippleV1PRE_z):prev_DOWN_no",0.0207182633464074,0.000202067594073709,0.223441964446193,0.0666250092751598
328,"s(prev_lastRippleV1PRE_z):prev_DOWN_no",0.114894413223867,0.000686719964549933,0.735494188796789,0.464218551426028
329,"s(prev_lastRippleV1PRE_z):prev_DOWN_no",0.259332760488062,0.00193984508217881,1.44963025437498,0.41515496766763
330,"s(prev_lastRippleV1PRE_z):prev_DOWN_no",0.0222237360271631,0.000226748764484743,0.229167877830546,0.0681990323858621
331,"s(prev_lastRippleV1PRE_z):prev_DOWN_no",0.24205223486473,0.0016339839418931,0.986367150343041,0.700957596725433
332,"s(prev_lastRippleV1PRE_z):prev_DOWN_no",0.392427700600435,0.00274523431587674,1.40678153012547,0.992572765064552
333,"s(prev_lastRippleV1PRE_z):prev_DOWN_no",0.241781606351779,0.00201881451008915,0.902639836259503,0.501855025241579
334,"s(prev_lastRippleV1PRE_z):prev_DOWN_no",0.165669430790337,0.00172603318958739,0.755814773087426,0.69564986233113
335,"s(prev_lastRippleV1PRE_z):prev_DOWN_no",0.0576218161932696,0.0003276182963156,0.285728314093524,0.103367910650004
336,"s(prev_lastRippleV1PRE_z):prev_DOWN_no",0.131086416541303,0.00121291536734485,0.816081570735559,0.603434064834061
337,"s(prev_lastRippleV1PRE_z):prev_DOWN_no",0.0355284841220822,0.000355784056797335,0.294815461036564,0.0876935382676207
338,"s(prev_lastRippleV1PRE_z):prev_DOWN_no",0.0151165014350854,0.00137419515827211,0.648721114739758,0.532941855333847
339,"s(prev_lastRippleV1PRE_z):prev_DOWN_no",0.259961643319189,0.00228149472352856,1.18446279666745,1.15811099356425
340,"s(prev_lastRippleV1PRE_z):prev_DOWN_no",0.306155483304797,0.00238791154333832,1.37705551683481,0.346333210722252
341,"s(prev_lastRippleV1PRE_z):prev_DOWN_no",0.0823525258375861,0.00105281754495518,0.595961122264122,0.992236611843503
342,"s(prev_lastRippleV1PRE_z):prev_DOWN_no",0.0919044999393952,0.000471886475066304,0.629091365457123,0.270581208390142
343,"s(prev_lastRippleV1PRE_z):prev_DOWN_no",0.0552023549985226,0.000240919708145482,0.392357789182681,0.139063487878796
344,"s(prev_lastRippleV1PRE_z):prev_DOWN_no",0.0318842636846215,3.89569132635637e-05,0.274830100220664,0.0772356105946773
345,"s(prev_lastRippleV1PRE_z):prev_DOWN_no",0.0900355477771591,0.000539062434699423,0.521204687025494,0.369441893817561
346,"s(prev_lastRippleV1PRE_z):prev_DOWN_no",0.212205638703486,0.00140882338442861,0.942942412583105,0.759818404706288
347,"s(prev_lastRippleV1PRE_z):prev_DOWN_no",0.103229419174073,0.000839289849798124,0.360207371753425,0.346826324709442
348,"s(prev_lastRippleV1PRE_z):prev_DOWN_no",0.0458405510744644,9.53409695229563e-05,0.316822446134473,0.172322587305979
349,"s(prev_lastRippleV1PRE_z):prev_DOWN_no",0.0323504179133778,0.000420748214097207,0.258221900088166,0.271620814973387
350,"s(prev_lastRippleV1PRE_z):prev_DOWN_no",0.133165653313803,0.000968718787332155,0.778873430376251,0.577491146780978
351,"s(prev_lastRippleV1PRE_z):prev_DOWN_no",0.127003285741052,0.000529493633500263,0.464802003682495,0.531099501763768
352,"s(prev_lastRippleV1PRE_z):prev_DOWN_no",0.0484338839782721,9.46864764128906e-05,0.221244072894374,0.138978888124414
353,"s(prev_lastRippleV1PRE_z):prev_DOWN_no",0.0896229163240356,0.000272719816351039,0.526154336118409,0.398760082067236
354,"s(prev_lastRippleV1PRE_z):prev_DOWN_no",0.0418540906476226,0.000453486481386484,0.270263905336407,0.427416064379124
355,"s(prev_lastRippleV1PRE_z):prev_DOWN_no",0.0978065879056569,0.000289935265991918,0.649898656813301,0.313443242550753
356,"s(prev_lastRippleV1PRE_z):prev_DOWN_no",0.0119752707093044,0.000126803952318069,0.151303826375481,0.0448104946746422
357,"s(prev_lastRippleV1PRE_z):prev_DOWN_no",0.147577576193569,0.000941304798776768,0.995019101448833,0.389497738194185
358,"s(prev_lastRippleV1PRE_z):prev_DOWN_no",0.0616304642201415,0.00102472020896958,0.188124653366764,1.06518737896397
359,"s(prev_lastRippleV1PRE_z):prev_DOWN_no",0.000377567073056362,0.000242453230399513,0.0199115912033914,0.412200531581506
360,"s(prev_lastRippleV1PRE_z):prev_DOWN_no",0.0267415212083035,0.000359469266195209,0.249195610005743,0.0739563903381625
361,"s(prev_lastRippleV1PRE_z):prev_DOWN_no",0.089349260229767,0.00146274147610677,0.301481058184131,1.27973821602026
362,"s(prev_lastRippleV1PRE_z):prev_DOWN_no",0.0832967241397791,0.000354142127054009,0.310042309663135,0.244428598055125
363,"s(prev_lastRippleV1PRE_z):prev_DOWN_no",0.0866062035125479,0.000358497336563644,0.362105822645054,0.185843162561585
364,"s(prev_lastRippleV1PRE_z):prev_DOWN_no",0.174055763400339,0.0019002169720342,0.456547767084057,0.717866123037279
365,"s(prev_lastRippleV1PRE_z):prev_DOWN_no",0.100323476329119,0.000565422519068473,0.552654357834831,0.312184915663698
366,"s(prev_lastRippleV1PRE_z):prev_DOWN_no",0.136777370973896,0.00104853482803703,0.321687109426356,0.221964909405881
367,"s(prev_lastRippleV1PRE_z):prev_DOWN_no",0.184372162346182,0.0019635546582958,0.831705368418806,0.692263282602376
368,"s(prev_lastRippleV1PRE_z):prev_DOWN_no",0.232339850218922,0.00149900196923274,1.41706874322938,0.98139308266915
369,"s(prev_lastRippleV1PRE_z):prev_DOWN_no",0.119921389804355,0.00214291006300249,0.656225645998599,1.07553088032716
370,"s(prev_lastRippleV1PRE_z):prev_DOWN_no",0.0011988175780262,1.17398603629634e-05,0.0528990730330228,0.0157569909990475
371,"s(prev_lastRippleV1PRE_z):prev_DOWN_no",0.0733255745422374,0.000235797631641086,0.540793246471985,0.411873079752305
372,"s(prev_lastRippleV1PRE_z):prev_DOWN_no",0.157812649725964,0.00122208563693328,0.851142518897655,0.654570734971368
373,"s(prev_lastRippleV1PRE_z):prev_DOWN_no",0.00461494044918265,0.00177010282734998,0.10379034530064,1.86643190423898
374,"s(prev_lastRippleV1PRE_z):prev_DOWN_no",0.0269876758029968,6.25553880511356e-05,0.149229100547733,0.121317885110404
375,"s(prev_lastRippleV1PRE_z):prev_DOWN_no",0.244937332401518,0.00210019003795237,1.26630782750239,1.38666946284532
376,"s(prev_lastRippleV1PRE_z):prev_DOWN_no",0.00191909604858864,2.4174905618353e-05,0.0775189598427652,0.0230302038601467
377,"s(prev_lastRippleV1PRE_z):prev_DOWN_no",0.000441073828589822,9.13759724389326e-06,0.0414255899346637,0.0122615084184471
378,"s(prev_lastRippleV1PRE_z):prev_DOWN_no",0.0669653528608922,0.00114618263034029,0.431186531242831,0.913517973381698
379,"s(prev_lastRippleV1PRE_z):prev_DOWN_no",0.00724276174431537,8.88660042361941e-05,0.107496508075906,0.120896207114494
380,"s(prev_lastRippleV1PRE_z):prev_DOWN_no",0.266112712827068,0.00149399725255709,1.36039703141044,1.1828003617096
381,"s(prev_lastRippleV1PRE_z):prev_DOWN_no",0.154580638878148,0.00123499922761868,0.489867567006764,0.359601945389253
382,"s(prev_lastRippleV1PRE_z):prev_DOWN_no",0.139643282208865,0.00214039274944953,0.730889750103432,1.23367799778643
383,"s(prev_lastRippleV1PRE_z):prev_DOWN_no",0.0144059272242707,0.00015225268748366,0.193832706715014,0.0576045677346605
384,"s(prev_lastRippleV1PRE_z):prev_DOWN_no",0.262554103765073,0.00223960672698276,1.33778688112441,0.618975635762352
385,"s(prev_lastRippleV1PRE_z):prev_DOWN_no",0.193088154026113,0.000930758383173217,0.57740602604647,0.370475210727049
386,"s(prev_lastRippleV1PRE_z):prev_DOWN_no",0.0916093123538779,0.00134281391290223,0.320800214660615,0.782591147545073
387,"s(prev_lastRippleV1PRE_z):prev_DOWN_no",0.0210265120442061,0.000560709259358943,0.208557085507314,0.616194967979082
388,"s(prev_lastRippleV1PRE_z):prev_DOWN_no",0.309639045565137,0.00174837484989429,1.07233573085645,0.636011780904247
389,"s(prev_lastRippleV1PRE_z):prev_DOWN_no",0.0537450154751626,7.62642348395129e-05,0.229366722840538,0.0780845724758605
390,"s(prev_lastRippleV1PRE_z):prev_DOWN_no",0.0445626550039222,0.000195018252481039,0.296536079920112,0.211872078317125
391,"s(prev_lastRippleV1PRE_z):prev_DOWN_no",0.159511711228003,0.00169987779211987,0.765088171872358,0.460239090267444
392,"s(prev_lastRippleV1PRE_z):prev_DOWN_no",0.040313914216612,0.000371112391895838,0.208046238225708,0.298728283027602
393,"s(prev_lastRippleV1PRE_z):prev_DOWN_no",0.0584576191569672,0.000434988646086718,0.391027417975586,0.420349817991313
394,"s(prev_lastRippleV1PRE_z):prev_DOWN_no",0.115606249986354,0.000661211209696252,0.408425921464673,0.209508641354353
395,"s(prev_lastRippleV1PRE_z):prev_DOWN_no",0.186102845053875,0.00079194149235523,1.06915810965943,0.693380334914087
396,"s(prev_lastRippleV1PRE_z):prev_DOWN_no",0.0198674429265724,0.000198920498436215,0.218095424307416,0.0649272513334564
397,"s(prev_lastRippleV1PRE_z):prev_DOWN_no",0.0361251554014457,0.00138472680031513,0.216094567745112,1.39962570293504
398,"s(prev_lastRippleV1PRE_z):prev_DOWN_no",0.0762011496894806,0.000927992545486524,0.495694410979306,0.684390161705962
399,"s(prev_lastRippleV1PRE_z):prev_DOWN_no",0.261396690984684,0.00160640870719378,0.793811039153996,0.632215873150009
400,"s(prev_lastRippleV1PRE_z):prev_DOWN_no",0.0208160884437927,0.0014942138709848,0.229357527788909,1.19550209594905
401,"s(prev_lastRippleV1PRE_z):prev_DOWN_no",0.111125911470291,0.00191417537065295,0.413324087933691,0.982418044436896
402,"s(prev_lastRippleV1PRE_z):prev_DOWN_no",0.00871664566048302,0.00012241273519108,0.178958406265879,0.0533058215324825
403,"s(prev_lastRippleV1PRE_z):prev_DOWN_no",0.0801716553067866,0.000353855408474881,0.523479730807267,0.406792825123984
404,"s(prev_lastRippleV1PRE_z):prev_DOWN_no",0.000986142592957151,3.58644580636644e-05,0.0937857327422842,0.0279426583578359
405,"s(prev_lastRippleV1PRE_z):prev_DOWN_no",0.066920253247817,0.000472474992406162,0.535791471867808,0.249497939371217
406,"s(prev_lastRippleV1PRE_z):prev_DOWN_no",0.136624372561183,0.000442134294785471,0.67025795911188,0.424578036577212
407,"s(prev_lastRippleV1PRE_z):prev_DOWN_no",0.184635182693592,0.00142024536247322,0.893620732490085,0.689752814900666
408,"s(prev_lastRippleV1PRE_z):prev_DOWN_no",0.0257208343125557,0.000987633016733486,0.178677117487997,1.21812033518606
409,"s(prev_lastRippleV1PRE_z):prev_DOWN_no",0.0999448985109277,0.000731748941441971,0.685951781376875,0.466872154868071
410,"s(prev_lastRippleV1PRE_z):prev_DOWN_no",0.113986183297059,0.000853164684923985,0.582271260603919,0.249031938371634
411,"s(prev_lastRippleV1PRE_z):prev_DOWN_no",0.0825358084533745,0.000140747139173021,0.484286829259611,0.193558495692383
412,"s(prev_lastRippleV1PRE_z):prev_DOWN_no",0.00808356664267329,5.85682962463848e-06,0.0794056631352629,0.0357319013525387
413,"s(prev_lastRippleV1PRE_z):prev_DOWN_no",0.279456182048615,0.00232932904112294,1.3552862232517,1.03417411482535
414,"s(prev_lastRippleV1PRE_z):prev_DOWN_no",0.128705155653806,0.00149883007167105,0.389890247244666,0.733963882100323
415,"s(prev_lastRippleV1PRE_z):prev_DOWN_no",0.00571921096994732,6.98572097475909e-05,0.128873511307828,0.0385000093759175
416,"s(prev_lastRippleV1PRE_z):prev_DOWN_no",0.0894154437542038,0.00111071625630844,0.387913364844498,0.82385440574692
417,"s(prev_lastRippleV1PRE_z):prev_DOWN_no",0.00930100898565733,0.00129897762796765,0.147446306051436,1.19855241899215
418,"s(prev_lastRippleV1PRE_z):prev_DOWN_no",0.090828855467012,0.000411071353244471,0.45411397357281,0.358498715489367
419,"s(prev_lastRippleV1PRE_z):prev_DOWN_no",0.00336752361928383,0.000106751173541043,0.081519334018541,0.308703157266585
420,"s(prev_lastRippleV1PRE_z):prev_DOWN_no",0.0263836162384488,5.53035888337159e-05,0.175735319847427,0.118360927062737
421,"s(prev_lastRippleV1PRE_z):prev_DOWN_no",0.122673150273261,0.000461245806237633,0.578583078830156,0.342227267296314
422,"s(prev_lastRippleV1PRE_z):prev_DOWN_no",0.00607619638476553,6.74269525384435e-05,0.131677660367315,0.0392356878077621
423,"s(prev_lastRippleV1PRE_z):prev_DOWN_no",0.127769385198501,0.000599574125670069,0.702167558742685,0.542970598396328
424,"s(prev_lastRippleV1PRE_z):prev_DOWN_no",0.160774809495957,0.00107700987436462,0.623009992592695,0.442335843229107
425,"s(prev_lastRippleV1PRE_z):prev_DOWN_no",0.134033905150509,0.000567605104689479,0.466677980810316,0.102335896810079
426,"s(prev_lastRippleV1PRE_z):prev_DOWN_no",0.000603060909524444,5.66103469557334e-06,0.0379742140711521,0.0112956981944739
427,"s(prev_lastRippleV1PRE_z):prev_DOWN_no",0.000583710290100292,6.41919696362113e-06,0.0401030098616182,0.0119351763818308
428,"s(prev_lastRippleV1PRE_z):prev_DOWN_no",0.0711054512805136,0.000299465524844751,0.362081187254989,0.166859557436324
429,"s(prev_lastRippleV1PRE_z):prev_DOWN_no",8.0341582604504e-05,8.95524525769211e-07,0.0147197152777704,0.00439521396484199
430,"s(prev_lastRippleV1PRE_z):prev_DOWN_no",0.104077736351774,0.00140679196807108,0.326973483810542,0.89547028122146
431,"s(prev_lastRippleV1PRE_z):prev_DOWN_no",0.297098141904414,0.00260660413247102,1.23102975368666,0.925645029756556
432,"s(prev_lastRippleV1PRE_z):prev_DOWN_no",0.213032376781658,0.00179422812422563,0.973759521709705,1.02586936135406
433,"s(prev_lastRippleV1PRE_z):prev_DOWN_no",0.218409926759056,0.00103044887057989,0.846127258313438,0.645274652002523
434,"s(prev_lastRippleV1PRE_z):prev_DOWN_no",0.00311763786413355,6.39671880441141e-05,0.127235490724178,0.0379457513978172
435,"s(prev_lastRippleV1PRE_z):prev_DOWN_no",0.215051849011423,0.00205127679094033,0.510768164995693,0.354079830431165
436,"s(prev_lastRippleV1PRE_z):prev_DOWN_no",0.128398737291521,0.00140489199033415,0.311065226486248,0.585796473148106
437,"s(prev_lastRippleV1PRE_z):prev_DOWN_no",0.120450446226156,0.000445616349639198,0.649799061497201,0.380909003130772
438,"s(prev_lastRippleV1PRE_z):prev_DOWN_no",0.230015629258735,0.00121681007605299,0.832881192740424,0.58596886682209
439,"s(prev_lastRippleV1PRE_z):prev_DOWN_no",0.184675977540587,0.00190611440253351,0.849878793757726,0.411756453809562
440,"s(prev_lastRippleV1PRE_z):prev_DOWN_no",0.235428100077385,0.00192857269853201,0.906248542830794,0.234476625868669
441,"s(prev_lastRippleV1PRE_z):prev_DOWN_no",0.27868198765284,0.0015423922438516,1.09814718885628,0.773571461946977
442,"s(prev_lastRippleV1PRE_z):prev_DOWN_no",0.0293445465935909,0.000322916652738967,0.280358492579363,0.122536664199972
443,"s(prev_lastRippleV1PRE_z):prev_DOWN_no",0.176248030065397,0.00153960243083193,0.680696691894494,0.213818224596981
444,"s(prev_lastRippleV1PRE_z):prev_DOWN_no",0.135052709230683,0.0011702017823531,0.521824677355152,0.340799446282786
445,"s(prev_lastRippleV1PRE_z):prev_DOWN_no",0.294368009176829,0.00127343734830843,0.660839015699673,0.393039364529317
446,"s(prev_lastRippleV1PRE_z):prev_DOWN_no",0.23519070208425,0.0017165387493282,1.06843686059764,0.356478236241689
447,"s(prev_lastRippleV1PRE_z):prev_DOWN_no",0.174175542370175,0.0012744783761326,1.08976346412826,0.449372604026162
448,"s(prev_lastRippleV1PRE_z):prev_DOWN_no",0.0337940783943047,0.000132432994291603,0.149808159518188,0.128502302311138
449,"s(prev_lastRippleV1PRE_z):prev_DOWN_no",0.0220076724140021,0.000964696169677078,0.164556534633717,0.990955133200801
450,"s(prev_lastRippleV1PRE_z):prev_DOWN_no",0.0244474653155731,3.7191321940761e-05,0.159138216846739,0.0841676710661887
451,"s(prev_lastRippleV1PRE_z):prev_DOWN_no",0.0692242721258927,0.000330079888622626,0.324963395621587,0.116270826673288
452,"s(prev_lastRippleV1PRE_z):prev_DOWN_no",0.122300627682105,0.000772882979345605,0.713929831105732,0.58175463324836
453,"s(prev_lastRippleV1PRE_z):prev_DOWN_no",0.104374577405007,0.000312467726843206,0.500410215214514,0.365435995349426
454,"s(prev_lastRippleV1PRE_z):prev_DOWN_no",0.0513349820837634,0.000144370173662327,0.20311864401842,0.121087373933819
455,"s(prev_lastRippleV1PRE_z):prev_DOWN_no",0.201646684714068,0.00158380447116819,1.33923242035155,1.76586462791317
456,"s(prev_lastRippleV1PRE_z):prev_DOWN_no",0.282735811152765,0.00239739534126396,1.15446439254958,0.430854016451405
457,"s(prev_lastRippleV1PRE_z):prev_DOWN_no",0.332951324435355,0.00234757964953448,1.47125472197749,1.34644449647201
458,"s(prev_lastRippleV1PRE_z):prev_DOWN_no",0.00897695902599693,0.000340217193870141,0.0789661468545307,0.528218723824292
459,"s(prev_lastRippleV1PRE_z):prev_DOWN_no",0.0778110145428741,5.26475009758694e-05,0.45384150471679,0.136765306117851
460,"s(prev_lastRippleV1PRE_z):prev_DOWN_no",0.157099452643068,0.00101068398350163,1.00099231128287,0.895834051542619
461,"s(prev_lastRippleV1PRE_z):prev_DOWN_no",0.0551295674198009,0.000236992439542115,0.190197351031028,0.135403429529069
462,"s(prev_lastRippleV1PRE_z):prev_DOWN_no",0.141939928681182,0.000509663363368933,0.690618290065442,0.284853743480223
463,"s(prev_lastRippleV1PRE_z):prev_DOWN_no",0.0696422888152028,0.00025979419512779,0.263369292851115,0.201293901900336
464,"s(prev_lastRippleV1PRE_z):prev_DOWN_no",0.00345722422512118,0.000110135873581393,0.105138996338116,0.214144728648813
465,"s(prev_lastRippleV1PRE_z):prev_DOWN_no",0.016830628924998,0.000192360405379493,0.213192003314969,0.0634651417093841
466,"s(prev_lastRippleV1PRE_z):prev_DOWN_no",0.173107342418937,0.000754691476188287,0.942572804891023,0.440412897203794
467,"s(prev_lastRippleV1PRE_z):prev_DOWN_no",0.0192527316844595,0.000668560925484412,0.248619786618271,0.551902173477767
468,"s(prev_lastRippleV1PRE_z):prev_DOWN_no",0.361293626189248,0.00311849945663271,1.63191937500701,0.477395381858082
469,"s(prev_lastRippleV1PRE_z):prev_DOWN_no",0.0552311869882427,9.56619897044815e-05,0.468180921579335,0.141648399271476
470,"s(prev_lastRippleV1PRE_z):prev_DOWN_no",0.119960235182331,0.000554900848013163,0.663112206878157,0.456387226955272
471,"s(prev_lastRippleV1PRE_z):prev_DOWN_no",-3.57397182888519e-05,1.31341985620262e-06,0.0187196528304376,0.00557891915187475
472,"s(prev_lastRippleV1PRE_z):prev_DOWN_no",0.177911453680226,0.00145153263470171,0.789357528924518,0.434846611481662
473,"s(prev_lastRippleV1PRE_z):prev_DOWN_no",0.0810394736724325,0.000236344433401739,0.637976472291601,0.338368179268759
474,"s(prev_lastRippleV1PRE_z):prev_DOWN_no",-3.31555036536813e-05,7.91115727725932e-08,0.00431503213578909,0.00128920806741258
475,"s(prev_lastRippleV1PRE_z):prev_DOWN_no",0.100600839619978,0.000362760612765146,0.61252834725651,0.428105241746116
476,"s(prev_lastRippleV1PRE_z):prev_DOWN_no",0.00226942422976872,2.39003823775204e-05,0.0770444610498608,0.022936789131734
477,"s(prev_lastRippleV1PRE_z):prev_DOWN_no",0.00282695630950247,3.84334259660702e-05,0.0942470331884454,0.0281260291532918
478,"s(prev_lastRippleV1PRE_z):prev_DOWN_no",0.183337050694909,0.00100491481516901,1.05480953224484,0.735411457931605
479,"s(prev_lastRippleV1PRE_z):prev_DOWN_no",0.0596525034379347,0.000149582686496193,0.409402629470913,0.302111718250022
480,"s(prev_lastRippleV1PRE_z):prev_DOWN_no",0.216124953879815,0.00162898162679771,0.489722790090684,0.319805836951431
481,"s(prev_lastRippleV1PRE_z):prev_DOWN_no",0.174645059799912,0.00103214116195153,0.865206431012397,0.72806638410761
482,"s(prev_lastRippleV1PRE_z):prev_DOWN_no",0.0264379622071678,0.000250698067844909,0.240776759062059,0.0716422353307002
483,"s(prev_lastRippleV1PRE_z):prev_DOWN_no",0.0898697959391423,0.000341053248598804,0.577990089978811,0.352681742072466
484,"s(prev_lastRippleV1PRE_z):prev_DOWN_no",0.0878386091760843,0.00035449802837969,0.230217264786217,0.182217063219211
485,"s(prev_lastRippleV1PRE_z):prev_DOWN_no",0.0779150121360654,0.000248769862988342,0.490991746362362,0.257261613227189
486,"s(prev_lastRippleV1PRE_z):prev_DOWN_no",0.0467321854088807,0.00033041269872849,0.213556813626237,0.279488404392513
487,"s(prev_lastRippleV1PRE_z):prev_DOWN_no",0.00890765798607607,6.50239639006871e-05,0.133465892167664,0.0398149441419471
488,"s(prev_lastRippleV1PRE_z):prev_DOWN_no",0.00309321067117363,1.37069726899296e-05,0.0586677567826027,0.0175420125810259
489,"s(prev_lastRippleV1PRE_z):prev_DOWN_no",0.0921421469895005,0.000674947617674325,0.641836968912372,0.612938925111254
490,"s(prev_lastRippleV1PRE_z):prev_DOWN_no",0.141132522320894,0.000888337480026809,0.766941156179622,0.511228912902548
491,"s(prev_lastRippleV1PRE_z):prev_DOWN_no",0.153837377108268,0.00129008645205057,0.952197902629863,0.550959846831073
492,"s(prev_lastRippleV1PRE_z):prev_DOWN_no",0.00487595842713162,5.07222237607608e-05,0.109351722580569,0.0324920106122874
493,"s(prev_lastRippleV1PRE_z):prev_DOWN_no",0.0956763902930833,0.00122926832006003,0.345746703170364,0.517196583514938
494,"s(prev_lastRippleV1PRE_z):prev_DOWN_no",0.0967559328980085,0.00134600420261725,0.685378179585444,0.818195173121916
495,"s(prev_lastRippleV1PRE_z):prev_DOWN_no",0.0344169732415187,0.000396312457012445,0.264460777483003,0.496724235041656
496,"s(prev_lastRippleV1PRE_z):prev_DOWN_no",0.179742962878083,0.00123164147381531,0.858453095317426,0.875369123933459
497,"s(prev_lastRippleV1PRE_z):prev_DOWN_no",0.00759122299485337,0.000352510422690428,0.137565388828467,0.49906249685943
498,"s(prev_lastRippleV1PRE_z):prev_DOWN_no",0.0143079210554342,2.96217448528076e-05,0.107319619333181,0.0462215593406894
499,"s(prev_lastRippleV1PRE_z):prev_DOWN_no",0.165382351107059,0.00150879195653728,0.76835992609671,0.334052095989918
500,"s(prev_lastRippleV1PRE_z):prev_DOWN_no",0.0993400420725958,0.00049424371504169,0.698613750265598,0.388464488349135
501,"s(prev_lastRippleV1PRE_z):prev_DOWN_no",0.105830210005555,0.00037536228362829,0.542020728270922,0.305085658460907
502,"s(prev_lastRippleV1PRE_z):prev_DOWN_no",0.234547782878853,0.0024393966380102,1.19577626687134,0.557455096856034
503,"s(prev_lastRippleV1PRE_z):prev_DOWN_no",0.0216148728834504,0.00020307801962622,0.223676561917969,0.0664823361395712
504,"s(prev_lastRippleV1PRE_z):prev_DOWN_no",0.138757626782131,0.000645240616917688,0.610547511617465,0.343942379795477
505,"s(prev_lastRippleV1PRE_z):prev_DOWN_no",0.0583217688450057,1.26538547157309e-05,0.0677798404212201,0.0505817735792257
506,"s(prev_lastRippleV1PRE_z):prev_DOWN_no",0.117468186287361,0.0005123064371016,0.639924185276552,0.517526454085402
507,"s(prev_lastRippleV1PRE_z):prev_DOWN_no",0.168580952901311,0.00181947002386343,0.314146076561753,0.707857149747392
508,"s(prev_lastRippleV1PRE_z):prev_DOWN_no",0.0860604678169334,0.00103478278173634,0.147742856757135,0.705383663553339
509,"s(prev_lastRippleV1PRE_z):prev_DOWN_no",0.0821412265256782,0.000161667613017848,0.499920178793046,0.261536174169136
510,"s(prev_lastRippleV1PRE_z):prev_DOWN_no",0.04475279902619,0.000113420711805136,0.232739772388749,0.117931129670977
511,"s(prev_lastRippleV1PRE_z):prev_DOWN_no",0.259552312822383,0.00187302519468148,1.47606831100495,1.3138992659168
512,"s(prev_lastRippleV1PRE_z):prev_DOWN_no",0.172096506300337,0.00124886665224719,0.808700355223821,0.226646592995091
513,"s(prev_lastRippleV1PRE_z):prev_DOWN_no",0.0683815662898262,0.0016882491534005,0.422355901745918,1.07503445912714
514,"s(prev_lastRippleV1PRE_z):prev_DOWN_no",0.00600824255807808,7.861766468318e-05,0.121021484728749,0.0358692569549443
515,"s(prev_lastRippleV1PRE_z):prev_DOWN_no",0.184737882446681,0.00103112901451594,0.337095950920562,0.168521042882811
516,"s(prev_lastRippleV1PRE_z):prev_DOWN_no",0.124535230732602,0.000598488945883579,0.641672630060319,0.511439504447864
517,"s(prev_lastRippleV1PRE_z):prev_DOWN_no",0.00732646569227935,5.84410474621804e-05,0.119673547459556,0.0357243337577905
518,"s(prev_lastRippleV1PRE_z):prev_DOWN_no",0.17157651915454,0.000907490289911112,0.817248597618533,0.301563653133441
519,"s(prev_lastRippleV1PRE_z):prev_DOWN_no",0.0518168960574341,0.000150096076421142,0.256338926750811,0.188073954314782
520,"s(prev_lastRippleV1PRE_z):prev_DOWN_no",0.00700354997924002,0.000114017608287273,0.172663369870553,0.0515064175512988
521,"s(prev_lastRippleV1PRE_z):prev_DOWN_no",-6.48495918493808e-05,1.36724758663584e-06,0.0181230971676616,0.00538684838374081
522,"s(prev_lastRippleV1PRE_z):prev_DOWN_no",0.150868483026277,0.0016898525503215,1.06906535231237,0.873441872416293
523,"s(prev_lastRippleV1PRE_z):prev_DOWN_no",0.0164877980653513,0.000206889719865485,0.194498640947091,0.252251869449049
524,"s(prev_lastRippleV1PRE_z):prev_DOWN_no",0.0956459788684532,0.000681987175076861,0.171822350078944,0.0750109468872126
525,"s(prev_lastRippleV1PRE_z):prev_DOWN_no",0.076507797511983,0.000776754840345478,0.434200799701654,0.12893865074283
526,"s(prev_lastRippleV1PRE_z):prev_DOWN_no",0.0529681513416698,0.000386435990260517,0.235880838283378,0.417988759783766
527,"s(prev_lastRippleV1PRE_z):prev_DOWN_no",0.170240858586133,0.00111490104187038,1.16686604784408,0.718297565529441
528,"s(prev_lastRippleV1PRE_z):prev_DOWN_no",0.122649989147765,0.00057388030976826,0.813140458369866,0.748402902600867
529,"s(prev_lastRippleV1PRE_z):prev_DOWN_no",0.0852094948433333,0.000868265663115075,0.573521531084566,0.60497962717741
530,"s(prev_lastRippleV1PRE_z):prev_DOWN_no",0.0294992202217719,0.000718629966938803,0.292128112603664,0.52425628825219
531,"s(prev_lastRippleV1PRE_z):prev_DOWN_no",0.10814110114519,0.000257142351664422,0.60946123256212,0.338434144112838
532,"s(prev_lastRippleV1PRE_z):prev_DOWN_no",0.180872537407549,0.000802139333124156,0.727225614200544,0.369074736051961
533,"s(prev_lastRippleV1PRE_z):prev_DOWN_no",0.0958099645648902,0.000344466284363259,0.525255274133153,0.350059522273802
534,"s(prev_lastRippleV1PRE_z):prev_DOWN_no",0.0620604485647878,0.000164985963359179,0.456538872105762,0.212082765874413
535,"s(prev_lastRippleV1PRE_z):prev_DOWN_no",0.188642718866317,0.000872382379962724,0.736947510797842,0.357834751262139
536,"s(prev_lastRippleV1PRE_z):prev_DOWN_no",0.305003705259023,0.00108275390065487,0.781983725131567,0.630012368131098
537,"s(prev_lastRippleV1PRE_z):prev_DOWN_no",0.0038530819106537,0.000302627948086073,0.0906763708631194,0.535465936078018
538,"s(prev_lastRippleV1PRE_z):prev_DOWN_no",0.0647829662076109,0.0010780895747041,0.407448518148245,0.701005708486318
539,"s(prev_lastRippleV1PRE_z):prev_DOWN_no",0.322325849364429,0.00307154800229589,0.592714117195741,0.401695664478251
540,"s(prev_lastRippleV1PRE_z):prev_DOWN_no",0.130294086326005,0.00051511518468191,0.635321789264597,0.33716376837357
541,"s(prev_lastRippleV1PRE_z):prev_DOWN_no",0.15021370830192,0.00114559110727864,0.389362549145441,0.304348395772782
542,"s(prev_lastRippleV1PRE_z):prev_DOWN_no",0.129410504205023,0.000691171706368293,0.800148264031128,0.450862318936033
543,"s(prev_lastRippleV1PRE_z):prev_DOWN_no",0.0482346910538256,0.000234991342780301,0.147730946592204,0.109368099753096
544,"s(prev_lastRippleV1PRE_z):prev_DOWN_no",0.259980527035736,0.00150219676075127,0.826632443578378,0.787203039283389
545,"s(prev_lastRippleV1PRE_z):prev_DOWN_no",0.164686528801626,0.000740220770880731,0.776781529167199,0.325638748104549
546,"s(prev_lastRippleV1PRE_z):prev_DOWN_no",0.0409875695969664,0.000211028380067678,0.170289192615588,0.144398810120122
547,"s(prev_lastRippleV1PRE_z):prev_DOWN_no",0.0794759682480812,0.00138754106784503,0.368081379155152,1.0360004921308
548,"s(prev_lastRippleV1PRE_z):prev_DOWN_no",0.0357108943674911,0.000183827533430013,0.240262923579464,0.109202924069703
549,"s(prev_lastRippleV1PRE_z):prev_DOWN_no",0.170266950242469,0.000836893489160689,1.08744399582434,0.681633644646484
550,"s(prev_lastRippleV1PRE_z):prev_DOWN_no",0.0280269193300349,9.66711186482355e-05,0.151522004894102,0.107220030190691
551,"s(prev_lastRippleV1PRE_z):prev_DOWN_no",0.0727083510238726,0.000276696600540089,0.353987316881986,0.176885843038201
552,"s(prev_lastRippleV1PRE_z):prev_DOWN_no",0.132417862953331,0.00136298086554778,0.3790340173472,0.740377341118784
553,"s(prev_lastRippleV1PRE_z):prev_DOWN_no",0.00156041491295422,0.000236221538988967,0.0539473732759044,0.606911609917654
554,"s(prev_lastRippleV1PRE_z):prev_DOWN_no",0.0566408558217537,0.000231461950110252,0.382422176835308,0.192865276721639
555,"s(prev_lastRippleV1PRE_z):prev_DOWN_no",0.173758889166852,0.00101756888093205,1.16024802153363,1.47526933770555
556,"s(prev_lastRippleV1PRE_z):prev_DOWN_no",0.0241120415596061,0.000254096626402579,0.253772186409117,0.07564293614221
557,"s(prev_lastRippleV1PRE_z):prev_DOWN_no",0.0793964967818876,0.000849770957622827,0.423031817911108,0.390072185204863
558,"s(prev_lastRippleV1PRE_z):prev_DOWN_no",0.249863370971156,0.00131621265014688,0.8816768312971,0.346410445712205
559,"s(prev_lastRippleV1PRE_z):prev_DOWN_no",0.00627367699849302,7.21915471316502e-05,0.132509080383384,0.0394876249832618
560,"s(prev_lastRippleV1PRE_z):prev_DOWN_no",0.0356617521062823,0.000145760468058163,0.16626419348108,0.0741706555015165
561,"s(prev_lastRippleV1PRE_z):prev_DOWN_no",0.100757461962407,0.000898793894388713,0.909753397962951,0.575565660850087
562,"s(prev_lastRippleV1PRE_z):prev_DOWN_no",0.177349589791371,0.00106698969907009,0.543527516621885,0.44131550061772
563,"s(prev_lastRippleV1PRE_z):prev_DOWN_no",0.247157082236607,0.0013669995934487,0.783166908566058,0.499726891871628
564,"s(prev_lastRippleV1PRE_z):prev_DOWN_no",0.0942490021622255,0.000326349014124114,0.582392951173988,0.320210418525396
565,"s(prev_lastRippleV1PRE_z):prev_DOWN_no",0.0985123553854343,0.000608361070220312,0.569201134031953,0.176290325187319
566,"s(prev_lastRippleV1PRE_z):prev_DOWN_no",0.214515942487551,0.0013722515511893,0.997796700473405,1.24074885525266
567,"s(prev_lastRippleV1PRE_z):prev_DOWN_no",0.0682911501938488,0.000309748743111345,0.393003844122981,0.156472717700042
568,"s(prev_lastRippleV1PRE_z):prev_DOWN_no",0.15499947897155,0.00178269460477455,0.680429028133756,0.664065959256408
569,"s(prev_lastRippleV1PRE_z):prev_DOWN_no",0.172254703048467,0.000833176838934725,0.685417558759682,0.430952963608649
570,"s(prev_lastRippleV1PRE_z):prev_DOWN_no",0.0401058472837841,3.22742337306847e-05,0.319702029362086,0.10810358126248
571,"s(prev_lastRippleV1PRE_z):prev_DOWN_no",0.333773020965896,0.00331665135739896,1.53685234337045,0.700457532127276
572,"s(prev_lastRippleV1PRE_z):prev_DOWN_no",0.0509625054339562,8.01529641277266e-05,0.411919286348648,0.228252684545831
573,"s(prev_lastRippleV1PRE_z):prev_DOWN_no",0.0219243452243907,0.00121160168946225,0.218893791562663,1.05541707634456
574,"s(prev_lastRippleV1PRE_z):prev_DOWN_no",0.0432699215793209,0.000462832200203515,0.300848537920164,0.712224117465619
575,"s(prev_lastRippleV1PRE_z):prev_DOWN_no",0.0573824473613094,0.000286638839305251,0.280157548642482,0.216557507980689
576,"s(prev_lastRippleV1PRE_z):prev_DOWN_no",0.0736851918911769,0.00030416988013962,0.289468786147443,0.223378360267855
577,"s(prev_lastRippleV1PRE_z):prev_DOWN_no",0.00330631856536989,0.00077018843390864,0.0761240665604723,0.757975660706501
578,"s(prev_lastRippleV1PRE_z):prev_DOWN_no",0.199940842664005,0.00138602981858008,1.29332168767321,0.337664821885527
579,"s(prev_lastRippleV1PRE_z):prev_DOWN_no",0.0109297172949177,8.59172315306144e-06,0.151045932098594,0.0445879545923742
580,"s(prev_lastRippleV1PRE_z):prev_DOWN_no",0.0057095455514995,0.000962729210358487,0.126203057346079,0.900911321383847
581,"s(prev_lastRippleV1PRE_z):prev_DOWN_no",0.12988321929518,0.000918184824123163,0.60908729391762,0.436518397077142
582,"s(prev_lastRippleV1PRE_z):prev_DOWN_no",0.336391859745734,0.0033313756468305,2.19831282154852,0.607545996222694
583,"s(prev_lastRippleV1PRE_z):prev_DOWN_no",0.0503932757002952,0.000555879106848256,0.309096685840879,0.0915259074778052
584,"s(prev_lastRippleV1PRE_z):prev_DOWN_no",0.0628779719091312,0.000776008511655904,0.632548225993652,0.534853189317657
585,"s(prev_lastRippleV1PRE_z):prev_DOWN_no",0.0187223151047995,0.000216209219433138,0.236575163668233,0.0704068427229914
586,"s(prev_lastRippleV1PRE_z):prev_DOWN_no",0.201570168216964,0.0013811237810426,1.09392720163144,0.915670677706693
587,"s(prev_lastRippleV1PRE_z):prev_DOWN_no",0.120917957505814,0.000558033807201097,0.780174482569792,0.471171386757366
588,"s(prev_lastRippleV1PRE_z):prev_DOWN_no",0.120022684095711,0.000529353768664737,0.417628143509707,0.268125045087943
589,"s(prev_lastRippleV1PRE_z):prev_DOWN_no",0.000465217810879714,4.40414600708988e-06,0.0332443960430201,0.00986948859628035
590,"s(prev_lastRippleV1PRE_z):prev_DOWN_no",0.123762601855607,0.00169560816459118,0.760632751831409,0.990986397754727
591,"s(prev_lastRippleV1PRE_z):prev_DOWN_no",0.186789155179001,0.000814280344299254,0.697023694305542,0.182600082266814
592,"s(prev_lastRippleV1PRE_z):prev_DOWN_no",0.205110473849913,0.000945566663141113,0.638827817980295,0.269357035840559
593,"s(prev_lastRippleV1PRE_z):prev_DOWN_no",0.00490127186552769,4.06795205271294e-06,0.0317839564490999,0.019012462339233
594,"s(prev_lastRippleV1PRE_z):prev_DOWN_no",0.0346627491774685,4.83833173831411e-05,0.182926741925953,0.102441641058485
595,"s(prev_lastRippleV1PRE_z):prev_DOWN_no",0.108700965952186,0.00200194873688654,0.576217473766896,1.0740042398986
596,"s(prev_lastRippleV1PRE_z):prev_DOWN_no",0.261092657578387,0.00224184170974377,0.848508093923288,0.721145785915401
597,"s(prev_lastRippleV1PRE_z):prev_DOWN_no",0.136374844440422,0.000885541829524898,0.87075125289549,0.427708603854745
598,"s(prev_lastRippleV1PRE_z):prev_DOWN_no",0.103378161008249,0.000562345102375501,0.470518614110876,0.300328310408768
599,"s(prev_lastRippleV1PRE_z):prev_DOWN_no",0.164452261558776,0.00174738788584884,0.701417980532009,0.681773854240814
600,"s(prev_lastRippleV1PRE_z):prev_DOWN_no",0.196734230007862,0.00278559736966847,0.442836649030772,0.797517783900981
601,"s(prev_lastRippleV1PRE_z):prev_DOWN_no",0.0197507505894583,5.69766326027264e-05,0.199302029652113,0.0682803977581717
602,"s(prev_lastRippleV1PRE_z):prev_DOWN_no",0.167070020520988,0.00103542190748405,1.12288509560916,0.824157332639895
603,"s(prev_lastRippleV1PRE_z):prev_DOWN_no",0.153895730742316,0.000798620801506978,0.862854084831998,0.974385364930716
604,"s(prev_lastRippleV1PRE_z):prev_DOWN_no",0.349235376594446,0.0033774215347907,1.37682746005561,1.10307489239209
605,"s(prev_lastRippleV1PRE_z):prev_DOWN_no",0.0226810985764256,0.00238045190232915,0.187103549289713,1.55776269288239
606,"s(prev_lastRippleV1PRE_z):prev_DOWN_no",0.140164334397385,0.000473914584655883,0.740432151884233,0.361586535085068
607,"s(prev_lastRippleV1PRE_z):prev_DOWN_no",0.147508393525448,0.000837297089457804,0.656886867970378,0.34835737757022
608,"s(prev_lastRippleV1PRE_z):prev_DOWN_no",0.201219975350678,0.00148194352642393,0.966264718371447,0.255145022045054
609,"s(prev_lastRippleV1PRE_z):prev_DOWN_no",0.0779927181199875,0.000247638532744148,0.577317238819256,0.442745486929304
610,"s(prev_lastRippleV1PRE_z):prev_DOWN_no",0.142073173000632,0.00158891503324059,0.410302392719567,0.98888551722059
611,"s(prev_lastRippleV1PRE_z):prev_DOWN_no",0.22286121615172,0.00174546851409709,1.18083858874924,1.10273516835995
612,"s(prev_lastRippleV1PRE_z):prev_DOWN_no",0.11514358640894,0.000558142987558274,0.495849789076252,0.278171178528709
613,"s(prev_lastRippleV1PRE_z):prev_DOWN_no",0.192771227098677,0.00145849604119624,1.11053706774118,0.50251805719791
614,"s(prev_lastRippleV1PRE_z):prev_DOWN_no",0.000319415289300906,8.75384851731783e-06,0.0459141678189802,0.0136905031251396
615,"s(prev_lastRippleV1PRE_z):prev_DOWN_no",0.198243537183409,0.00140060167568916,1.43252123648055,1.12860813723154
616,"s(prev_lastRippleV1PRE_z):prev_DOWN_no",0.00394609085495645,1.13194863977647e-06,0.0432751212339989,0.0175740598366486
617,"s(prev_lastRippleV1PRE_z):prev_DOWN_no",0.00132485163357376,2.64306192537136e-05,0.0804763595243667,0.0239374160355854
618,"s(prev_lastRippleV1PRE_z):prev_DOWN_no",0.135590370044311,0.000460175287350858,0.639014989338527,0.312396849726675
619,"s(prev_lastRippleV1PRE_z):prev_DOWN_no",0.0328539359635229,0.000166770175060656,0.20751130149211,0.175030812668279
620,"s(prev_lastRippleV1PRE_z):prev_DOWN_no",0.0257823831222339,0.000540579669960673,0.194483714999746,0.78378850105764
621,"s(prev_lastRippleV1PRE_z):prev_DOWN_no",0.00762035423636487,1.07946396310292e-05,0.0733303305414007,0.0425258616982752
622,"s(prev_lastRippleV1PRE_z):prev_DOWN_no",0.182625503123401,0.00161897337850808,0.582635848905605,0.307592283363449
623,"s(prev_lastRippleV1PRE_z):prev_DOWN_no",0.241702879112514,0.00376313293339705,0.987646229656433,1.46161911528075
624,"s(prev_lastRippleV1PRE_z):prev_DOWN_no",0.0715968642732143,0.000148714950248503,0.322245590640366,0.187694284585229
625,"s(prev_lastRippleV1PRE_z):prev_DOWN_no",0.156002969245551,0.00118823233147423,1.05964871465004,0.439518295965184
626,"s(prev_lastRippleV1PRE_z):prev_DOWN_no",0.132699353830752,0.00119196316765326,0.580518224022768,0.326496311446768
627,"s(prev_lastRippleV1PRE_z):prev_DOWN_no",0.233716704561838,0.00122708692516239,1.11735419479081,0.798208045737258
628,"s(prev_lastRippleV1PRE_z):prev_DOWN_no",0.146928729465712,0.000656296670279334,0.672849238851561,0.366708233037801
629,"s(prev_lastRippleV1PRE_z):prev_DOWN_no",0.196659389295101,0.0015209220702226,1.80136836653887,0.49930758526497
630,"s(prev_lastRippleV1PRE_z):prev_DOWN_no",0.0518008122304456,0.000886504086161085,0.31553908017046,0.603990357669537
631,"s(prev_lastRippleV1PRE_z):prev_DOWN_no",0.025895120726025,0.000242135282454823,0.244387653989037,0.0729164875052172
632,"s(prev_lastRippleV1PRE_z):prev_DOWN_no",0.0105431175934765,7.4446703651615e-06,0.0761114887511658,0.0404788354330229
633,"s(prev_lastRippleV1PRE_z):prev_DOWN_no",0.00979103079804133,0.000244743890710119,0.131302515488013,0.367163442491924
634,"s(prev_lastRippleV1PRE_z):prev_DOWN_no",0.0529913566055704,0.000186473625728991,0.324058609213201,0.191549562294191
635,"s(prev_lastRippleV1PRE_z):prev_DOWN_no",0.193699279280397,0.00206402203876236,0.706576236496565,0.694974600648294
636,"s(prev_lastRippleV1PRE_z):prev_DOWN_no",0.165644983330988,0.00144017861787536,0.362059458909011,0.176235868028155
637,"s(prev_lastRippleV1PRE_z):prev_DOWN_no",0.215213151574853,0.00122133645788944,0.515687617645568,0.166466446564468
638,"s(prev_lastRippleV1PRE_z):prev_DOWN_no",0.32128671948401,0.00134265032458153,0.829910662869851,0.328451093804242
639,"s(prev_lastRippleV1PRE_z):prev_DOWN_no",0.00316429616163827,3.26208264433036e-05,0.0901035305360702,0.0267986042929081
640,"s(prev_lastRippleV1PRE_z):prev_DOWN_no",0.0223028858620937,0.000245000920494563,0.236790271462632,0.070571916384101
641,"s(prev_lastRippleV1PRE_z):prev_DOWN_no",0.0888856341830904,0.000630662959578706,0.572022499764623,0.53251151662587
642,"s(prev_lastRippleV1PRE_z):prev_DOWN_no",0.158479786907627,0.00122641804951014,0.836685387374835,0.194636524029101
643,"s(prev_lastRippleV1PRE_z):prev_DOWN_no",0.249140294339759,0.00220704470284721,1.17545872390136,0.778010230289247
644,"s(prev_lastRippleV1PRE_z):prev_DOWN_no",0.212965254153143,0.00123268684196927,0.736774146764989,0.827661738691448
645,"s(prev_lastRippleV1PRE_z):prev_DOWN_no",0.0941245591760635,0.000444019848720222,0.353338671135217,0.364550619768305
646,"s(prev_lastRippleV1PRE_z):prev_DOWN_no",0.206930681536767,0.00120150124254414,0.399695895712487,0.320119439200407
647,"s(prev_lastRippleV1PRE_z):prev_DOWN_no",0.0877346031358046,0.000916956653109668,0.568146848372638,0.640992834257236
648,"s(prev_lastRippleV1PRE_z):prev_DOWN_no",0.0841677398809813,0.00100072378215692,0.289943469643385,0.638660409683121
649,"s(prev_lastRippleV1PRE_z):prev_DOWN_no",0.225869657194285,0.00276736786602546,1.28781622465621,0.954150970656884
650,"s(prev_lastRippleV1PRE_z):prev_DOWN_no",0.023640732037812,0.000222898199573822,0.223196522558091,0.0665064005402854
651,"s(prev_lastRippleV1PRE_z):prev_DOWN_no",0.265702625129035,0.00146350736971249,1.15610363570352,0.59895693624119
652,"s(prev_lastRippleV1PRE_z):prev_DOWN_no",0.096142097675572,0.00181058373108815,0.469695674162115,1.10230364987656
653,"s(prev_lastRippleV1PRE_z):prev_DOWN_no",0.0639135345858559,0.00026510379187721,0.324171413751514,0.164926400738289
654,"s(prev_lastRippleV1PRE_z):prev_DOWN_no",0.094940488701142,0.000707013322727337,0.486281473151352,0.183885257341572
655,"s(prev_lastRippleV1PRE_z):prev_DOWN_no",0.156083406052971,0.000982679579690349,0.813585612018057,0.675429452533525
656,"s(prev_lastRippleV1PRE_z):prev_DOWN_no",0.208044309246034,0.00174411379618146,0.652884752851143,0.335161400736104
657,"s(prev_lastRippleV1PRE_z):prev_DOWN_no",0.0976312173662235,0.000505253114231678,0.759376581545141,0.4508405090639
658,"s(prev_lastRippleV1PRE_z):prev_DOWN_no",0.100970013141845,0.0009372836821221,0.520073144667694,0.425873308108254
659,"s(prev_lastRippleV1PRE_z):prev_DOWN_no",0.200338365801747,0.0013039721676204,1.17624371091404,0.546808325386758
660,"s(prev_lastRippleV1PRE_z):prev_DOWN_no",0.204768598640692,0.00200962756820801,1.15144379754703,0.428157597754589
661,"s(prev_lastRippleV1PRE_z):prev_DOWN_no",0.00550077929737558,4.17759682495023e-05,0.102302932083459,0.0304031506202993
662,"s(prev_lastRippleV1PRE_z):prev_DOWN_no",0.0693400419185659,0.000247667895227292,0.224112756925021,0.133635778501354
663,"s(prev_lastRippleV1PRE_z):prev_DOWN_no",0.0740729612295237,0.000800341885145772,0.378646464984205,0.112442067761911
664,"s(prev_lastRippleV1PRE_z):prev_DOWN_no",0.0992029605786033,0.000334856562249907,0.502466479227247,0.34327630293077
665,"s(prev_lastRippleV1PRE_z):prev_DOWN_no",0.00040711887315048,1.99097195411202e-06,0.021455745072181,0.00643239011377628
666,"s(prev_lastRippleV1PRE_z):prev_DOWN_no",0.249039100707955,0.00169281340080357,1.03377120847535,1.06475751117051
667,"s(prev_lastRippleV1PRE_z):prev_DOWN_no",0.325367544615722,0.00193077673638577,1.1664339045882,1.12948896917586
668,"s(prev_lastRippleV1PRE_z):prev_DOWN_no",0.023741893132688,0.000265384412083345,0.243383597789227,0.0722116231473092
669,"s(prev_lastRippleV1PRE_z):prev_DOWN_no",0.0277681580360598,0.000286701789363188,0.258089258480081,0.076704203808595
670,"s(prev_lastRippleV1PRE_z):prev_DOWN_no",0.0623519074557581,0.000226886163265832,0.404593272108757,0.267986855247711
671,"s(prev_lastRippleV1PRE_z):prev_DOWN_no",0.0741964552188135,0.000177229190661396,0.420533322698986,0.28206999767592
672,"s(prev_lastRippleV1PRE_z):prev_DOWN_no",0.152643886724246,0.00155185366818409,0.388337210313105,0.543330449490979
673,"s(prev_lastRippleV1PRE_z):prev_DOWN_no",0.0566112035846302,0.000372405724731829,0.170996391879309,0.147978761600648
674,"s(prev_lastRippleV1PRE_z):prev_DOWN_no",0.0276749112137988,0.000456180350079523,0.231247762368786,0.384700132900716
675,"s(prev_lastRippleV1PRE_z):prev_DOWN_no",0.0456183212356072,0.000638044621955777,0.288316028374834,0.765087887966421
676,"s(prev_lastRippleV1PRE_z):prev_DOWN_no",0.0378929455163481,0.000167431941881638,0.194102693689024,0.104853822336434
677,"s(prev_lastRippleV1PRE_z):prev_DOWN_no",0.11585954479265,0.000377510345985161,0.838374706743249,0.252902141373359
678,"s(prev_lastRippleV1PRE_z):prev_DOWN_no",0.171244083544216,0.000817334082171217,0.65957090539044,0.377963799339289
679,"s(prev_lastRippleV1PRE_z):prev_DOWN_no",0.0221273534651658,0.000805502502214815,0.167242948506811,1.09125338910925
680,"s(prev_lastRippleV1PRE_z):prev_DOWN_no",0.000558700424138969,2.84624083090554e-06,0.0315559874738334,0.00972536337088838
681,"s(prev_lastRippleV1PRE_z):prev_DOWN_no",0.126815415658394,0.000748204832429971,0.624330270653114,0.390763041692713
682,"s(prev_lastRippleV1PRE_z):prev_DOWN_no",0.103770916494022,0.000742660418559954,0.409992529755464,0.392898072681471
683,"s(prev_lastRippleV1PRE_z):prev_DOWN_no",0.0115821918772383,0.000123189015101925,0.169877853246568,0.0504724261067364
684,"s(prev_lastRippleV1PRE_z):prev_DOWN_no",0.0525697094140556,0.000152831352483039,0.301519399319075,0.202362085476355
685,"s(prev_lastRippleV1PRE_z):prev_DOWN_no",0.00172349071787004,2.30872627680164e-06,0.0119888400913704,0.00632035867129161
686,"s(prev_lastRippleV1PRE_z):prev_DOWN_no",0.104558879070517,0.000344839315642488,0.555004679966688,0.282495310630724
687,"s(prev_lastRippleV1PRE_z):prev_DOWN_no",0.0441763325582762,8.29228845618973e-05,0.173210555430825,0.100720565614615
688,"s(prev_lastRippleV1PRE_z):prev_DOWN_no",0.0602394154914201,0.000566376829133304,0.412390511799299,0.429841299618163
689,"s(prev_lastRippleV1PRE_z):prev_DOWN_no",0.114512588037799,0.00119732158544053,0.580580127245314,0.362592390374593
690,"s(prev_lastRippleV1PRE_z):prev_DOWN_no",0.0109851998660968,0.000100025121701215,0.160872979494544,0.0479439334705829
691,"s(prev_lastRippleV1PRE_z):prev_DOWN_no",0.00798783830086158,9.38574485252743e-05,0.153502264996671,0.0457410694785473
692,"s(prev_lastRippleV1PRE_z):prev_DOWN_no",0.145381228109555,0.000717072609919217,0.601044935831851,0.46271715228204
693,"s(prev_lastRippleV1PRE_z):prev_DOWN_no",0.129309031976911,0.00040651026509142,0.962673718740026,0.266347542856014
694,"s(prev_lastRippleV1PRE_z):prev_DOWN_no",0.14407439728743,0.00127863609621012,0.928558677416623,0.767240657428909
695,"s(prev_lastRippleV1PRE_z):prev_DOWN_no",0.00725537498622231,7.01406537228583e-05,0.133634047788635,0.039910631432872
696,"s(prev_lastRippleV1PRE_z):prev_DOWN_no",0.114004904310079,0.000542185436739675,0.625027420206727,0.420257590331554
697,"s(prev_lastRippleV1PRE_z):prev_DOWN_no",0.107155268681791,0.000282457681345412,0.494635020989891,0.276626179943692
698,"s(prev_lastRippleV1PRE_z):prev_DOWN_no",0.161578755402561,0.00171213974738385,0.539891062881293,0.688971774554141
699,"s(prev_lastRippleV1PRE_z):prev_DOWN_no",0.00941914859950899,0.000114085531268864,0.167440216839548,0.0498671336687994
700,"s(prev_lastRippleV1PRE_z):prev_DOWN_no",0.236054381382234,0.00123088973340539,1.0179132403349,0.547603278007305
701,"s(prev_lastRippleV1PRE_z):prev_DOWN_no",0.00288010000461192,2.80724573790028e-05,0.0818872356212407,0.0243697064198077
702,"s(prev_lastRippleV1PRE_z):prev_DOWN_no",0.00595911328116028,0.000613125329381893,0.110580329031926,0.547514882995687
703,"s(prev_lastRippleV1PRE_z):prev_DOWN_no",0.20354312991381,0.0011416485202125,1.09807191095621,0.762845533103797
704,"s(prev_lastRippleV1PRE_z):prev_DOWN_no",0.218901509798465,0.00213626168404216,1.23263254611412,0.531891495388531
705,"s(prev_lastRippleV1PRE_z):prev_DOWN_no",0.120813602009988,0.000448467301609992,0.763876544889336,0.495343989142729
706,"s(prev_lastRippleV1PRE_z):prev_DOWN_no",0.0060691054348494,6.51988399659787e-05,0.131762161731127,0.0392327653318535
707,"s(prev_lastRippleV1PRE_z):prev_DOWN_no",0.10150607274619,0.00185885089592342,0.503999567735477,0.843286794405431
708,"s(prev_lastRippleV1PRE_z):prev_DOWN_no",0.0625545950140785,0.000288632022682764,0.371475929514294,0.270715645220603
709,"s(prev_lastRippleV1PRE_z):prev_DOWN_no",0.167798160608096,0.00148209337171911,0.748388400300771,0.426273234559523
710,"s(prev_lastRippleV1PRE_z):prev_DOWN_no",0.0913910655505301,0.000211893312657238,0.604223744891707,0.291345102789274
711,"s(prev_lastRippleV1PRE_z):prev_DOWN_no",0.131578433058598,0.000788107517952135,0.503862655325154,0.430834423415656
712,"s(prev_lastRippleV1PRE_z):prev_DOWN_no",0.281685902956511,0.0031520398690672,1.06122803312214,1.12356685331268
713,"s(prev_lastRippleV1PRE_z):prev_DOWN_no",0.0570365635947505,0.000432482180657744,0.341639614130846,0.203756227099697
714,"s(prev_lastRippleV1PRE_z):prev_DOWN_no",0.260232099079518,0.00137230997914534,0.87454226529259,0.797001151737128
715,"s(prev_lastRippleV1PRE_z):prev_DOWN_no",0.00242110460547273,2.41173385195397e-05,0.0786346457917474,0.0233831720739602
716,"s(prev_lastRippleV1PRE_z):prev_DOWN_no",0.328781401906272,0.00384625438647386,1.85251124824618,0.648467372229469
717,"s(prev_lastRippleV1PRE_z):prev_DOWN_no",0.479140986955817,0.00557971009327873,1.58446796668533,1.54597773170355
718,"s(prev_lastRippleV1PRE_z):prev_DOWN_no",0.0100976931468528,0.000755786678062264,0.154430870050746,0.805496973554086
719,"s(prev_lastRippleV1PRE_z):prev_DOWN_no",0.17526768047191,0.0014623068684728,0.554495348001127,0.421449440537702
720,"s(prev_lastRippleV1PRE_z):prev_DOWN_no",0.120156864102968,0.0003930827458067,0.719687545713052,0.433699623645508
721,"s(prev_lastRippleV1PRE_z):prev_DOWN_no",0.0962987987297197,0.000346700094116912,0.470072250470945,0.188757945777206
722,"s(prev_lastRippleV1PRE_z):prev_DOWN_no",0.29653671211541,0.00371019126734958,1.24477924297465,1.14717000598548
723,"s(prev_lastRippleV1PRE_z):prev_DOWN_no",0.383146009840122,0.00280422881305152,1.62234321923323,1.09107936761428
724,"s(prev_lastRippleV1PRE_z):prev_DOWN_no",0.00355152611759912,2.98079054157795e-05,0.0854945224407471,0.0254270786606595
725,"s(prev_lastRippleV1PRE_z):prev_DOWN_no",0.00136983244768984,2.41206486547487e-05,0.0758553247389601,0.0225765153055129
726,"s(prev_lastRippleV1PRE_z):prev_DOWN_no",0.011567293474954,0.000117826677078054,0.171402597368229,0.0508783526401379
727,"s(prev_lastRippleV1PRE_z):prev_DOWN_no",0.0972053681488809,0.000861892460959186,0.60730600777226,0.448564656303335
728,"s(prev_lastRippleV1PRE_z):prev_DOWN_no",0.231238243002774,0.00110347227441083,1.09477015735281,0.560917169782386
729,"s(prev_lastRippleV1PRE_z):prev_DOWN_no",0.0920852503880978,0.000485330474856151,0.658274182682372,0.400682781339425
730,"s(prev_lastRippleV1PRE_z):prev_DOWN_no",0.154421402013926,0.000751711687846542,0.633916300202356,0.372011264959227
731,"s(prev_lastRippleV1PRE_z):prev_DOWN_no",0.065120154889228,0.000164843721211642,0.515464777301263,0.249055826072426
732,"s(prev_lastRippleV1PRE_z):prev_DOWN_no",0.110010222174241,0.000782066620225326,0.683503640716713,0.326918686563438
733,"s(prev_lastRippleV1PRE_z):prev_DOWN_no",0.0270213406085711,0.000563419863385599,0.260427234229326,0.278672251680517
734,"s(prev_lastRippleV1PRE_z):prev_DOWN_no",0.0554629242879354,0.000230150531681462,0.358256440009349,0.215663081584647
735,"s(prev_lastRippleV1PRE_z):prev_DOWN_no",0.0345716573796464,3.17949685280875e-05,0.13086485222366,0.0617000729380484
736,"s(prev_lastRippleV1PRE_z):prev_DOWN_no",0.0189631738016676,0.000178926893763076,0.21347599303439,0.0634829953506461
737,"s(prev_lastRippleV1PRE_z):prev_DOWN_no",0.0425709319790215,0.000240551220157785,0.251656426088087,0.152313635639052
738,"s(prev_lastRippleV1PRE_z):prev_DOWN_no",0.118519137646623,0.000912069963179732,0.257598851768317,0.430787176311964
739,"s(prev_lastRippleV1PRE_z):prev_DOWN_no",0.0188299215209815,7.10375840869694e-05,0.0954454649314007,0.0535892717487185
740,"s(prev_lastRippleV1PRE_z):prev_DOWN_no",-1.64590621132277e-06,4.69846629195518e-06,0.0342144459488913,0.0101878127154032
741,"s(prev_lastRippleV1PRE_z):prev_DOWN_no",0.0542701836225588,0.000512862686733662,0.347397472611764,0.103135692370531
742,"s(prev_lastRippleV1PRE_z):prev_DOWN_no",0.166655979596231,0.000843910211818345,0.507802607336814,0.371073764633564
743,"s(prev_lastRippleV1PRE_z):prev_DOWN_no",0.150541944543385,0.000714391331151114,1.05078430046642,0.564862531939359
744,"s(prev_lastRippleV1PRE_z):prev_DOWN_no",0.0775848249817024,0.00044482753130509,0.31277453765272,0.13172727167513
745,"s(prev_lastRippleV1PRE_z):prev_DOWN_no",0.290545228169586,0.0021180301577844,1.31824834758643,0.439299148877068
746,"s(prev_lastRippleV1PRE_z):prev_DOWN_no",0.00169220883206123,2.34601021186743e-05,0.0771395304268096,0.0229170546856542
747,"s(prev_lastRippleV1PRE_z):prev_DOWN_no",0.194049296508598,0.00101476093927909,0.77840949350477,0.738147285627285
748,"s(prev_lastRippleV1PRE_z):prev_DOWN_no",0.21883668635152,0.00169333603696669,1.16381067239924,1.16865730032467
749,"s(prev_lastRippleV1PRE_z):prev_DOWN_no",0.19203608603799,0.00114937767019202,0.805836901047414,0.618433314199666
750,"s(prev_lastRippleV1PRE_z):prev_DOWN_no",0.142722608435262,0.000924602532610523,0.86202260074359,0.979646363988525
751,"s(prev_lastRippleV1PRE_z):prev_DOWN_no",0.00155982268180921,1.0912741758727e-05,0.051749929186699,0.0154127868811198
752,"s(prev_lastRippleV1PRE_z):prev_DOWN_no",0.178904582694558,0.00172792188983872,1.07049083637912,0.670737786454431
753,"s(prev_lastRippleV1PRE_z):prev_DOWN_no",-5.28228237488548e-05,1.77550235799226e-08,0.00208197608278783,0.000621399651558376
754,"s(prev_lastRippleV1PRE_z):prev_DOWN_no",0.0137843372891862,0.000141713544520266,0.184488129654104,0.0549937050188589
755,"s(prev_lastRippleV1PRE_z):prev_DOWN_no",0.15311875475262,0.00276315556592809,0.77828465058054,1.72988112436506
756,"s(prev_lastRippleV1PRE_z):prev_DOWN_no",0.164808213406518,0.00429273422019748,0.53012901583719,2.30529114279552
757,"s(prev_lastRippleV1PRE_z):prev_DOWN_no",0.0517377765826694,0.000209293262175272,0.240724313850177,0.191728522821762
758,"s(prev_lastRippleV1PRE_z):prev_DOWN_no",0.168916288995899,0.0015354133398327,0.87006679249974,0.540471527133276
759,"s(prev_lastRippleV1PRE_z):prev_DOWN_no",0.0810423646421246,0.000518211580703978,0.453083809066861,0.278045541628127
760,"s(prev_lastRippleV1PRE_z):prev_DOWN_no",0.0188826019169799,0.000193851579321183,0.211438770689033,0.0629623644923847
761,"s(prev_lastRippleV1PRE_z):prev_DOWN_no",0.0815985517100781,0.000853742595140336,0.309341761291308,0.311120276881489
762,"s(prev_lastRippleV1PRE_z):prev_DOWN_no",0.0419009668769617,0.000162658258597665,0.29250436721883,0.223275918124815
763,"s(prev_lastRippleV1PRE_z):prev_DOWN_no",0.0352077320810293,6.08330526794171e-05,0.186869045538779,0.110585332092525
764,"s(prev_lastRippleV1PRE_z):prev_DOWN_no",0.161654828586196,0.000866598390001286,0.675235787006981,0.63409148532623
765,"s(prev_lastRippleV1PRE_z):prev_DOWN_no",0.107241657781605,0.00152819343079508,0.530780729308221,0.802241966522613
766,"s(prev_lastRippleV1PRE_z):prev_DOWN_no",0.0373153229450187,0.00111250907520001,0.30660139241686,1.08807514339325
767,"s(prev_lastRippleV1PRE_z):prev_DOWN_no",0.0728187703612226,6.85351582025984e-05,0.615614601920937,0.14623446580447
768,"s(prev_lastRippleV1PRE_z):prev_DOWN_no",0.0546025704348958,0.000367995124610784,0.344728416139738,0.120960683597192
769,"s(prev_lastRippleV1PRE_z):prev_DOWN_no",0.0183010782291877,0.000565323280663579,0.206578938056094,0.599709323647785
770,"s(prev_lastRippleV1PRE_z):prev_DOWN_no",0.0953081015561343,0.000601030099545837,0.426935637335482,0.407878137855982
771,"s(prev_lastRippleV1PRE_z):prev_DOWN_no",0.143874355040446,0.00134566543334301,0.633596685127727,0.189632938548776
772,"s(prev_lastRippleV1PRE_z):prev_DOWN_no",0.106524299683773,0.0017794256490701,0.790351697604373,1.20870258021352
773,"s(prev_lastRippleV1PRE_z):prev_DOWN_no",0.0104849224995318,0.000105985714141164,0.137059537604091,0.0404542099875477
774,"s(prev_lastRippleV1PRE_z):prev_DOWN_no",0.0269716688396802,0.000264174558215934,0.249959938968887,0.0745416581718604
775,"s(prev_lastRippleV1PRE_z):prev_DOWN_no",0.00905186946909886,0.000105945361353329,0.159090987826059,0.0473721521560897
776,"s(prev_lastRippleV1PRE_z):prev_DOWN_no",0.0667756246661959,0.000386677885617207,0.315732924839194,0.13362812715237
777,"s(prev_lastRippleV1PRE_z):prev_DOWN_no",0.0587519669444365,0.000643904340511784,0.328894574355345,0.134990227448945
778,"s(prev_lastRippleV1PRE_z):prev_DOWN_no",0.0521260938408981,0.000194336743178727,0.305020234596897,0.166657032311977
779,"s(prev_lastRippleV1PRE_z):prev_DOWN_no",6.25708365298294e-06,0.000226091704891529,0.0276920054113142,0.354398165535165
780,"s(prev_lastRippleV1PRE_z):prev_DOWN_no",0.0970683649264217,0.000421032669735715,0.182290950608752,0.0779854360934629
781,"s(prev_lastRippleV1PRE_z):prev_DOWN_no",0.179005665447166,0.000759018886891247,1.20748093721843,0.534689899277833
782,"s(prev_lastRippleV1PRE_z):prev_DOWN_no",0.000662735829561001,0.000253453266946874,0.0963629978319397,0.381607473153257
783,"s(prev_lastRippleV1PRE_z):prev_DOWN_no",0.0983464300785508,0.00100946312803437,0.427396389974005,0.387234865744328
784,"s(prev_lastRippleV1PRE_z):prev_DOWN_no",0.0563396175401945,0.000824901189988967,0.319121995670719,0.948585010699877
785,"s(prev_lastRippleV1PRE_z):prev_DOWN_no",0.184011010320735,0.00182039457565406,0.89108016703009,0.592956940276024
786,"s(prev_lastRippleV1PRE_z):prev_DOWN_no",0.149333111554814,0.000828189634845856,0.784485954786832,0.613974063737744
787,"s(prev_lastRippleV1PRE_z):prev_DOWN_no",0.0103089761985045,0.000122786885398069,0.179589632974527,0.0535560159472701
788,"s(prev_lastRippleV1PRE_z):prev_DOWN_no",0.00395135451379414,4.36622881172162e-05,0.089632923755717,0.0266808564040736
789,"s(prev_lastRippleV1PRE_z):prev_DOWN_no",0.000810076205834953,8.42604155374243e-06,0.0445048402127362,0.0132710536429298
790,"s(prev_lastRippleV1PRE_z):prev_DOWN_no",0.0837951328864612,0.000607504097377481,0.233807805941366,0.176734130485714
791,"s(prev_lastRippleV1PRE_z):prev_DOWN_no",0.0063615315048402,6.71049330118542e-05,0.130034405493988,0.0386947815283109
792,"s(prev_lastRippleV1PRE_z):prev_DOWN_no",0.0596508133061047,0.000382681080052879,0.337755660711852,0.178128419932255
793,"s(prev_lastRippleV1PRE_z):prev_DOWN_no",0.0879911510450482,0.000242834249629168,0.514841770802411,0.252612542286828
794,"s(prev_lastRippleV1PRE_z):prev_DOWN_no",2.07969628158722e-05,0.000241836537695311,0.00294928226617286,0.400430968793614
795,"s(prev_lastRippleV1PRE_z):prev_DOWN_no",0.0305997381869707,0.000681435975427208,0.245557675823154,0.601171097235168
796,"s(prev_lastRippleV1PRE_z):prev_DOWN_no",0.251095853510434,0.00190626955828255,1.4335666033028,1.71845197070352
797,"s(prev_lastRippleV1PRE_z):prev_DOWN_no",0.103427673124521,0.000468171065963463,0.393494666126356,0.360058724507508
798,"s(prev_lastRippleV1PRE_z):prev_DOWN_no",0.172804466550018,0.00137063491380556,0.88121134702001,1.0910892123877
799,"s(prev_lastRippleV1PRE_z):prev_DOWN_no",0.0364252920546368,0.00013550153729531,0.213737026485119,0.100156673048014
800,"s(prev_lastRippleV1PRE_z):prev_DOWN_no",0.162727101526683,0.000486851089737022,0.644515502128141,0.270608554846522
801,"s(prev_lastRippleV1PRE_z):prev_DOWN_no",0.00602798721950215,0.000488114288194521,0.0976490989020724,0.623339220514542
802,"s(prev_lastRippleV1PRE_z):prev_DOWN_no",0.133698385979525,0.000881722999337941,0.696820451613037,0.576512289939447
803,"s(prev_lastRippleV1PRE_z):prev_DOWN_no",0.0561915468368079,0.000209868458848643,0.312816507220755,0.185252937892609
804,"s(prev_lastRippleV1PRE_z):prev_DOWN_no",0.184687854128124,0.00100048136043923,0.968270171522889,0.535814819842373
805,"s(prev_lastRippleV1PRE_z):prev_DOWN_no",0.0823976418245262,0.000742494039389289,0.765998266012333,0.347671375762605
806,"s(prev_lastRippleV1PRE_z):prev_DOWN_no",0.162467829708131,0.0013127253891348,0.835340198268081,0.298553313151005
807,"s(prev_lastRippleV1PRE_z):prev_DOWN_no",0.255980105211834,0.00173430286483652,1.34359208492847,1.12805901475376
808,"s(prev_lastRippleV1PRE_z):prev_DOWN_no",0.115484135165285,0.000810714269669465,0.708707120579294,0.24115347651024
809,"s(prev_lastRippleV1PRE_z):prev_DOWN_no",0.138409878933148,0.00111006488760684,0.56201390013485,0.419382519566479
810,"s(prev_lastRippleV1PRE_z):prev_DOWN_no",0.117176328047677,0.000773770799487584,0.547806530899823,0.496097287842668
811,"s(prev_lastRippleV1PRE_z):prev_DOWN_no",0.000129558665387108,0.000151424115201455,0.0327091901194942,0.234924212195328
812,"s(prev_lastRippleV1PRE_z):prev_DOWN_no",0.140751049092883,0.000765832680160427,0.576357773767717,0.564167671527073
813,"s(prev_lastRippleV1PRE_z):prev_DOWN_no",0.0150078393648005,0.000171059783511178,0.211611834738696,0.063074842828996
814,"s(prev_lastRippleV1PRE_z):prev_DOWN_no",0.0178042362655288,1.64482661123436e-05,0.0784674082613989,0.0586518525611864
815,"s(prev_lastRippleV1PRE_z):prev_DOWN_no",0.226363247892308,0.00194768242705457,0.479887452332495,0.38402838775004
816,"s(prev_lastRippleV1PRE_z):prev_DOWN_no",0.105871296546627,0.000558029579960877,0.370317558666649,0.2770552425899
817,"s(prev_lastRippleV1PRE_z):prev_DOWN_no",0.186952323793846,0.000941505286429553,0.886608962967582,0.631912481782842
818,"s(prev_lastRippleV1PRE_z):prev_DOWN_no",0.169340138395274,0.00111195406769302,0.512577849372824,0.222493706348289
819,"s(prev_lastRippleV1PRE_z):prev_DOWN_no",0.236997888371469,0.00180245346450639,1.06835967203905,0.929420194700505
820,"s(prev_lastRippleV1PRE_z):prev_DOWN_no",0.292552214224088,0.00248563490004066,1.9394465213415,1.89300330923664
821,"s(prev_lastRippleV1PRE_z):prev_DOWN_no",0.0024247032101874,4.22620782066185e-05,0.104735733425699,0.0311545563716535
822,"s(prev_lastRippleV1PRE_z):prev_DOWN_no",0.20988559031811,0.00089641158614617,0.872134221279799,0.29152596158404
823,"s(prev_lastRippleV1PRE_z):prev_DOWN_no",0.0621933767480183,0.000307564919723226,0.402976987152306,0.198427382594722
824,"s(prev_lastRippleV1PRE_z):prev_DOWN_no",0.00487256876263586,5.59663934795778e-05,0.116503932403121,0.0346574768501635
825,"s(prev_lastRippleV1PRE_z):prev_DOWN_no",0.0347082010285353,3.2830786364206e-05,0.130937482135811,0.0875135806152234
826,"s(prev_lastRippleV1PRE_z):prev_DOWN_no",0.287023813082825,0.0015629935237192,0.900808474130334,0.342961540061217
827,"s(prev_lastRippleV1PRE_z):prev_DOWN_no",0.0372723614389656,4.98749805665835e-05,0.182079968925971,0.109857725759336
828,"s(prev_lastRippleV1PRE_z):prev_DOWN_no",0.119697923969587,0.00063249635322087,1.07410265262313,0.504794249074996
829,"s(prev_lastRippleV1PRE_z):prev_DOWN_no",0.0872704637513779,0.000457339251446495,0.318614861620414,0.210729974938374
830,"s(prev_lastRippleV1PRE_z):prev_DOWN_no",0.0126371914861689,0.000472581174114326,0.178897066828169,0.412481863716286
831,"s(prev_lastRippleV1PRE_z):prev_DOWN_no",0.00495437339818494,6.04855504902936e-05,0.121317813329369,0.0361068357255473
832,"s(prev_lastRippleV1PRE_z):prev_DOWN_no",0.0267586445087398,0.000343796660976166,0.19107703344925,0.319379760169163
833,"s(prev_lastRippleV1PRE_z):prev_DOWN_no",0.440571201054942,0.00451548706124388,0.843767623826072,0.879688119866834
834,"s(prev_lastRippleV1PRE_z):prev_DOWN_no",0.067286360619268,0.000164116595052831,0.470398642856294,0.300999274098806
835,"s(prev_lastRippleV1PRE_z):prev_DOWN_no",0.0814864152123969,0.000773385871009915,0.590919139880381,0.435255175931155
836,"s(prev_lastRippleV1PRE_z):prev_DOWN_no",0.0602181802581079,0.00135074589533385,0.366033756834275,1.1796174789422
837,"s(prev_lastRippleV1PRE_z):prev_DOWN_no",0.130933880853213,0.00120410233574362,0.604412344436829,0.407973268514946
838,"s(prev_lastRippleV1PRE_z):prev_DOWN_no",0.0981564860726341,0.000334835847045196,0.510218022880294,0.355295118973203
839,"s(prev_lastRippleV1PRE_z):prev_DOWN_no",0.00931868425283611,0.000190303222578436,0.164662393391467,0.193188218515202
840,"s(prev_lastRippleV1PRE_z):prev_DOWN_no",0.241878089508059,0.00113792872032173,1.24460396204434,0.88832638002324
841,"s(prev_lastRippleV1PRE_z):prev_DOWN_no",0.267566881083241,0.00143409785246201,0.937298511139996,0.815870312229352
842,"s(prev_lastRippleV1PRE_z):prev_DOWN_no",0.107515417370722,0.000591036632976885,0.665097207441807,0.184074991522408
843,"s(prev_lastRippleV1PRE_z):prev_DOWN_no",0.132682513351373,0.000660558063892573,0.568189660918226,0.393762826294617
844,"s(prev_lastRippleV1PRE_z):prev_DOWN_no",0.0851185338354483,0.00063543395100711,0.274413503612338,0.124739310833221
845,"s(prev_lastRippleV1PRE_z):prev_DOWN_no",0.0801712305137592,0.000608611028472361,0.322815177721619,0.268841701137464
846,"s(prev_lastRippleV1PRE_z):prev_DOWN_no",0.0742636110963932,0.000390435001148875,0.416989096381281,0.344347994870152
847,"s(prev_lastRippleV1PRE_z):prev_DOWN_no",0.235363320686591,0.00205296469024487,0.993265775076224,0.58598835376742
848,"s(prev_lastRippleV1PRE_z):prev_DOWN_no",0.160446122504236,0.00160557505154769,0.748611639775563,0.500123747959665
849,"s(prev_lastRippleV1PRE_z):prev_DOWN_no",0.0633084236452408,0.000284697486921953,0.33255938630833,0.191270164048842
850,"s(prev_lastRippleV1PRE_z):prev_DOWN_no",0.00170813147483972,1.76519081031465e-05,0.0661525926139092,0.019697521983096
851,"s(prev_lastRippleV1PRE_z):prev_DOWN_no",0.234488289789926,0.0012310454152337,0.720575960124588,0.42343076243767
852,"s(prev_lastRippleV1PRE_z):prev_DOWN_no",0.112334142054008,0.00058436868974087,0.667284472153664,0.654333159128233
853,"s(prev_lastRippleV1PRE_z):prev_DOWN_no",0.00188786003152419,0.000523058899519815,0.0654570153745119,0.599124430926162
854,"s(prev_lastRippleV1PRE_z):prev_DOWN_no",0.0408984024102992,7.33547675719431e-05,0.246773936726447,0.0945084789262167
855,"s(prev_lastRippleV1PRE_z):prev_DOWN_no",0.345437386582653,0.00214183642725202,1.46783669372478,1.00963361042202
856,"s(prev_lastRippleV1PRE_z):prev_DOWN_no",-3.51563584928272e-05,4.79724589280646e-05,0.013348576968412,0.235969778575826
857,"s(prev_lastRippleV1PRE_z):prev_DOWN_no",0.0770299860029651,0.000739858603815033,0.42946165012259,0.559965439452438
858,"s(prev_lastRippleV1PRE_z):prev_DOWN_no",0.140820171667665,0.0011851496846954,0.95172223541745,0.62700569902085
859,"s(prev_lastRippleV1PRE_z):prev_DOWN_no",0.0132150121940748,0.000137105106830181,0.157041239417032,0.0464578977956543
860,"s(prev_lastRippleV1PRE_z):prev_DOWN_no",0.0588069431897669,0.00033186623576187,0.464188831654058,0.187564633827164
861,"s(prev_lastRippleV1PRE_z):prev_DOWN_no",0.136716256236734,0.000688327973388918,0.72691038791536,0.656590942613268
862,"s(prev_lastRippleV1PRE_z):prev_DOWN_no",0.100562060899495,0.000401769997729658,0.45606864406724,0.145917840147658
863,"s(prev_lastRippleV1PRE_z):prev_DOWN_no",0.101015779821057,0.000346861124352072,0.410026735490951,0.214797605390757
864,"s(prev_lastRippleV1PRE_z):prev_DOWN_no",0.00607324377193397,6.27014081144306e-05,0.123052862554057,0.0367259567825388
865,"s(prev_lastRippleV1PRE_z):prev_DOWN_no",0.0948661274256013,0.00038055898757276,0.544602263184124,0.492034136905237
866,"s(prev_lastRippleV1PRE_z):prev_DOWN_no",0.00647359808790871,8.93315419837276e-05,0.15110666183976,0.0449363706780206
867,"s(prev_lastRippleV1PRE_z):prev_DOWN_no",0.00285402180035277,1.63356071236084e-05,0.0638548521208389,0.0189927979496255
868,"s(prev_lastRippleV1PRE_z):prev_DOWN_no",0.196910993479515,0.000986208846418133,0.590839645883858,0.316411624822682
869,"s(prev_lastRippleV1PRE_z):prev_DOWN_no",0.176897864869614,0.00119147731080573,0.962127488759593,0.713609259410712
870,"s(prev_lastRippleV1PRE_z):prev_DOWN_no",0.219730142205124,0.0018860294932102,0.947596762615462,0.827115846482942
871,"s(prev_lastRippleV1PRE_z):prev_DOWN_no",0.111406521652436,0.00132243160367814,0.580986774650643,0.654236822302827
872,"s(prev_lastRippleV1PRE_z):prev_DOWN_no",0.0672783409183477,0.000330399036386391,0.348815005290259,0.21950643512804
873,"s(prev_lastRippleV1PRE_z):prev_DOWN_no",0.304412218884559,0.00221609542932387,1.44220054821854,1.14027364917743
874,"s(prev_lastRippleV1PRE_z):prev_DOWN_no",0.134253932211983,0.000915755892037689,0.69209489337751,0.205063493638553
875,"s(prev_lastRippleV1PRE_z):prev_DOWN_no",0.205550055384075,0.00088823800416534,0.685427997196897,0.358888215818921
876,"s(prev_lastRippleV1PRE_z):prev_DOWN_no",0.0584669658113617,0.000632984994695009,0.403124990796435,0.120071783895738
877,"s(prev_lastRippleV1PRE_z):prev_DOWN_no",0.0666053744801305,0.000435370894926227,0.444073222094362,0.160411525792742
878,"s(prev_lastRippleV1PRE_z):prev_DOWN_no",0.083984889216369,0.000894771045419872,0.457398464934956,0.13626307573185
879,"s(prev_lastRippleV1PRE_z):prev_DOWN_no",0.0168158353221655,0.000181364367588411,0.207653489590519,0.0618325140346912
880,"s(prev_lastRippleV1PRE_z):prev_DOWN_no",0.00193498524486202,0.000531463186400193,0.0254175589480994,0.638358670502221
881,"s(prev_lastRippleV1PRE_z):prev_DOWN_no",0.0766795042981405,0.000821655922175191,0.457610415797099,0.136722695742238
882,"s(prev_lastRippleV1PRE_z):prev_DOWN_no",0.126767433988118,0.000694864137259353,0.477817859154061,0.333053851588282
883,"s(prev_lastRippleV1PRE_z):prev_DOWN_no",0.291503019733765,0.00181972895079404,0.907594453742521,0.682824585816534
884,"s(prev_lastRippleV1PRE_z):prev_DOWN_no",0.0720203726435287,0.00103507516388637,0.382544693034299,1.02514932435403
885,"s(prev_lastRippleV1PRE_z):prev_DOWN_no",0.0287669180049219,0.000106628063506449,0.185154010003851,0.100320545177405
886,"s(prev_lastRippleV1PRE_z):prev_DOWN_no",0.0295642364774054,8.4756173470405e-05,0.17840499702848,0.162782946778978
887,"s(prev_lastRippleV1PRE_z):prev_DOWN_no",0.000127981807611199,8.09763135806117e-07,0.0145418410406973,0.00430532317018701
888,"s(prev_lastRippleV1PRE_z):prev_DOWN_no",0.150933794819527,0.000755473184760689,0.336261957567085,0.255697668565157
889,"s(prev_lastRippleV1PRE_z):prev_DOWN_no",0.169411380179686,0.000810459237337667,0.753216749083145,0.598650691547572
890,"s(prev_lastRippleV1PRE_z):prev_DOWN_no",0.275907679535661,0.00195025928511884,1.45804988163313,1.18612386159269
891,"s(prev_lastRippleV1PRE_z):prev_DOWN_no",0.144132146589745,0.0011793033140874,0.712582902897459,0.349404328042356
892,"s(prev_lastRippleV1PRE_z):prev_DOWN_no",0.0221511620829071,0.000422656676053233,0.194115378933847,0.408772104794625
893,"s(prev_lastRippleV1PRE_z):prev_DOWN_no",0.221252780023395,0.00151754966235442,1.21137503795922,0.503973208155394
894,"s(prev_lastRippleV1PRE_z):prev_DOWN_no",0.10434794927188,0.000327274042898886,0.838393593941829,0.290919747895411
895,"s(prev_lastRippleV1PRE_z):prev_DOWN_no",0.0558407287732416,0.000138879607210073,0.279933850417542,0.173063127384845
896,"s(prev_lastRippleV1PRE_z):prev_DOWN_no",0.132648661762089,0.000999432760551558,0.433691142614495,0.335524503216326
897,"s(prev_lastRippleV1PRE_z):prev_DOWN_no",0.239890039038715,0.00212039826173874,1.11499160194246,0.337822175847505
898,"s(prev_lastRippleV1PRE_z):prev_DOWN_no",0.00797253287968847,6.96930120889414e-05,0.126239487670275,0.0376129000986509
899,"s(prev_lastRippleV1PRE_z):prev_DOWN_no",0.0524691635398504,0.000133514347210563,0.183216833071422,0.14292890757045
900,"s(prev_lastRippleV1PRE_z):prev_DOWN_no",0.0436728942799469,0.000240646351547875,0.319583481100976,0.121928449641483
901,"s(prev_lastRippleV1PRE_z):prev_DOWN_no",0.114942854405559,0.00136537327023952,0.978429085330699,0.239166105778114
902,"s(prev_lastRippleV1PRE_z):prev_DOWN_no",0.0723163194898664,0.000250896544247323,0.585752548890406,0.326417732373283
903,"s(prev_lastRippleV1PRE_z):prev_DOWN_no",0.144256548626001,0.00118861432538989,0.616404535791564,0.161616422114371
904,"s(prev_lastRippleV1PRE_z):prev_DOWN_no",0.117648493982556,0.000413338296498949,0.524309203590223,0.294142957006212
905,"s(prev_lastRippleV1PRE_z):prev_DOWN_no",0.062970250261972,0.000537082230189519,0.0926756844979187,0.320665112538505
906,"s(prev_lastRippleV1PRE_z):prev_DOWN_no",0.0489043250893806,0.000139278574425254,0.24451491253506,0.140410120615178
907,"s(prev_lastRippleV1PRE_z):prev_DOWN_no",0.0784969801412796,0.000796101219674758,0.420885835170819,0.125035064079312
908,"s(prev_lastRippleV1PRE_z):prev_DOWN_no",0.101675068641019,0.000423589396455009,0.215529775817228,0.110377246862807
909,"s(prev_lastRippleV1PRE_z):prev_DOWN_no",0.262802835984384,0.00167042846330728,0.509272576339817,0.370739714650269
910,"s(prev_lastRippleV1PRE_z):prev_DOWN_no",0.219165454059068,0.00111695149311784,0.733899757210135,0.309821535729498
911,"s(prev_lastRippleV1PRE_z):prev_DOWN_no",0.012518170300158,0.00047118907136563,0.0960695108949241,0.515154149584477
912,"s(prev_lastRippleV1PRE_z):prev_DOWN_no",0.0619549007964268,0.000225940366647015,0.385497342495146,0.200557153594376
913,"s(prev_lastRippleV1PRE_z):prev_DOWN_no",0.046437840152846,0.000825026329702573,0.278237274798723,0.61522023654621
914,"s(prev_lastRippleV1PRE_z):prev_DOWN_no",0.0836165337846975,0.000331139775936624,0.74028229118974,0.287562703320951
915,"s(prev_lastRippleV1PRE_z):prev_DOWN_no",0.179881180074542,0.00135166324899703,1.27496055411366,0.966599191602085
916,"s(prev_lastRippleV1PRE_z):prev_DOWN_no",0.0939699145834387,0.00043094182034943,0.520275496746909,0.362023255429812
917,"s(prev_lastRippleV1PRE_z):prev_DOWN_no",0.0037715957282094,3.27491305991119e-05,0.0870655661470712,0.0258874697180144
918,"s(prev_lastRippleV1PRE_z):prev_DOWN_no",0.161973521323965,0.000684306300585943,0.657407279985728,0.434857162384543
919,"s(prev_lastRippleV1PRE_z):prev_DOWN_no",0.188104946803728,0.00114646223920769,0.624577618780926,0.366301130204622
920,"s(prev_lastRippleV1PRE_z):prev_DOWN_no",0.0617274774776178,0.00102740424574607,0.459998976541103,0.77287891055481
921,"s(prev_lastRippleV1PRE_z):prev_DOWN_no",0.0551337819557816,0.000711483729202676,0.413747670518097,0.583318177293488
922,"s(prev_lastRippleV1PRE_z):prev_DOWN_no",0.0929766982622988,0.000559139471407297,0.392396971471963,0.254995164533282
923,"s(prev_lastRippleV1PRE_z):prev_DOWN_no",0.164212570863451,0.000591951990031961,0.675312913137909,0.276501231122985
924,"s(prev_lastRippleV1PRE_z):prev_DOWN_no",0.0957715996741264,0.000497145822365556,0.482579697572617,0.484310609509132
925,"s(prev_lastRippleV1PRE_z):prev_DOWN_no",0.186638646441155,0.00124036692473961,0.896994471761804,0.704696550539694
926,"s(prev_lastRippleV1PRE_z):prev_DOWN_no",0.0715664095461026,0.000163599268270535,0.505994155340368,0.18817632540198
927,"s(prev_lastRippleV1PRE_z):prev_DOWN_no",0.0729751854194918,0.000219008225204488,0.267041075788966,0.147631018404441
928,"s(prev_lastRippleV1PRE_z):prev_DOWN_no",0.195867218906677,0.000922557805600942,0.871038839940306,0.583815188538869
929,"s(prev_lastRippleV1PRE_z):prev_DOWN_no",4.04977326295963e-05,9.49130764113872e-07,0.0156313123327853,0.00465177301912156
930,"s(prev_lastRippleV1PRE_z):prev_DOWN_no",0.072290100780755,0.000202927466690006,0.256193116899184,0.147640689608315
931,"s(prev_lastRippleV1PRE_z):prev_DOWN_no",0.144936662327989,0.000528975822940008,0.560057388971712,0.279597766439293
932,"s(prev_lastRippleV1PRE_z):prev_DOWN_no",0.0761778336457075,0.000236637520874885,0.3081308374278,0.130346423587561
933,"s(prev_lastRippleV1PRE_z):prev_DOWN_no",0.118206246965033,0.00152562294819394,0.633652322450535,0.582910713001357
934,"s(prev_lastRippleV1PRE_z):prev_DOWN_no",0.0612065205330214,0.000103763435499088,0.544538983441498,0.229218592080296
935,"s(prev_lastRippleV1PRE_z):prev_DOWN_no",0.0359963730077233,0.0009196328102269,0.211542354238214,0.811454927355532
936,"s(prev_lastRippleV1PRE_z):prev_DOWN_no",0.0835102424215277,0.000610597968396393,0.287595226027154,0.21686547979507
937,"s(prev_lastRippleV1PRE_z):prev_DOWN_no",0.042503600283573,7.86529824624786e-05,0.272709927033803,0.0899352271671547
938,"s(prev_lastRippleV1PRE_z):prev_DOWN_no",0.0822434942133183,0.000260906649738882,0.418567197053459,0.204342039545003
939,"s(prev_lastRippleV1PRE_z):prev_DOWN_no",0.109796485450714,0.00194637989350334,0.619265110061241,0.97327378792177
940,"s(prev_lastRippleV1PRE_z):prev_DOWN_no",0.00312207128077269,3.44768953914548e-05,0.0931651703437077,0.0277406008881703
941,"s(prev_lastRippleV1PRE_z):prev_DOWN_no",0.0905425074287143,0.00055939058312728,0.587839733517237,0.383417007558204
942,"s(prev_lastRippleV1PRE_z):prev_DOWN_no",0.119831962616183,0.000560691610748424,0.876659541332716,0.997698135667422
943,"s(prev_lastRippleV1PRE_z):prev_DOWN_no",0.137845265169305,0.00061316442040979,0.783115087115117,0.665718758366596
944,"s(prev_lastRippleV1PRE_z):prev_DOWN_no",0.119590144018211,0.000871833789503761,0.700725180615392,0.639307345918164
945,"s(prev_lastRippleV1PRE_z):prev_DOWN_no",0.0694272505475881,0.000619594435337569,0.433906071278779,0.482563171256718
946,"s(prev_lastRippleV1PRE_z):prev_DOWN_no",0.00013257716985926,0.000531168955054578,0.0164753538926543,0.698821169286926
947,"s(prev_lastRippleV1PRE_z):prev_DOWN_no",0.0687776686944543,0.000326505662940989,0.427129002186517,0.283140088918684
948,"s(prev_lastRippleV1PRE_z):prev_DOWN_no",0.00973399309682765,9.37681491950999e-05,0.148142187354147,0.0441426656827237
949,"s(prev_lastRippleV1PRE_z):prev_DOWN_no",0.03754547181937,0.000417197421437166,0.270108724717756,0.0796331941683198
950,"s(prev_lastRippleV1PRE_z):prev_DOWN_no",0.0766070693402545,0.000726144269599265,0.27160954086788,0.273288975859175
951,"s(prev_lastRippleV1PRE_z):prev_DOWN_no",0.0860765264801815,0.000332009108433027,0.46285253909488,0.353107560743462
952,"s(prev_lastRippleV1PRE_z):prev_DOWN_no",0.204898643195887,0.00201922717890279,1.30401701257783,0.885311173756753
953,"s(prev_lastRippleV1PRE_z):prev_DOWN_no",0.11393625561192,0.000639402802035162,0.520818992764815,0.443094928998153
954,"s(prev_lastRippleV1PRE_z):prev_DOWN_no",0.328227729533928,0.00269808601391697,1.27763236775726,1.48821150124109
955,"s(prev_lastRippleV1PRE_z):prev_DOWN_no",0.140618678998913,0.00320560393534138,0.499687845255944,1.74023818468909
956,"s(prev_lastRippleV1PRE_z):prev_DOWN_no",0.0248613544802891,0.00025258073010862,0.252001267114757,0.0749859097321071
957,"s(prev_lastRippleV1PRE_z):prev_DOWN_no",0.265515562976538,0.00220642140615122,0.886665759718828,0.506163136417425
958,"s(prev_lastRippleV1PRE_z):prev_DOWN_no",0.0918117524495834,0.00151770174627584,0.279086352205262,1.03986038743313
959,"s(prev_lastRippleV1PRE_z):prev_DOWN_no",0.190473926014904,0.000905502444580367,0.918429558209029,0.505462300997747
960,"s(prev_lastRippleV1PRE_z):prev_DOWN_no",2.38788514828059e-06,2.10432466456842e-06,0.0244074093645398,0.00723224081959246
961,"s(prev_lastRippleV1PRE_z):prev_DOWN_no",0.0103099901478467,0.000101632858638294,0.152839590676251,0.0454836949623782
962,"s(prev_lastRippleV1PRE_z):prev_DOWN_no",0.0652154824714994,0.000669375768320804,0.419746709516321,0.34491626281824
963,"s(prev_lastRippleV1PRE_z):prev_DOWN_no",0.165346598554673,0.000835888445338965,0.9416473067873,0.555140695532113
964,"s(prev_lastRippleV1PRE_z):prev_DOWN_no",0.255266088487293,0.00189830919757603,1.27825826552223,0.932460470246709
965,"s(prev_lastRippleV1PRE_z):prev_DOWN_no",0.126336470653061,0.000898557071286898,0.803511709090309,0.209837388457357
966,"s(prev_lastRippleV1PRE_z):prev_DOWN_no",0.00177303924099714,2.27365172747067e-05,0.0771314458885234,0.0229834572370135
967,"s(prev_lastRippleV1PRE_z):prev_DOWN_no",0.179048371015465,0.00100728944918736,0.473777213027656,0.471734191101839
968,"s(prev_lastRippleV1PRE_z):prev_DOWN_no",0.0912617583976871,0.000248563046562783,0.531694203205139,0.289899937289142
969,"s(prev_lastRippleV1PRE_z):prev_DOWN_no",0.0953525412049814,0.000676530446619478,0.378597570458448,0.343707238384279
970,"s(prev_lastRippleV1PRE_z):prev_DOWN_no",0.118105256567117,0.000634190257704144,0.463039507648778,0.408641605129454
971,"s(prev_lastRippleV1PRE_z):prev_DOWN_no",0.109425004243434,0.00153923884503156,0.435506595920847,0.875902041730168
972,"s(prev_lastRippleV1PRE_z):prev_DOWN_no",0.286108604693819,0.0019319694081891,1.14866675814033,0.29055087579812
973,"s(prev_lastRippleV1PRE_z):prev_DOWN_no",0.186120890555904,0.00159492897589079,0.621431247311978,0.574569770383896
974,"s(prev_lastRippleV1PRE_z):prev_DOWN_no",0.193728538640315,0.00118354996150393,0.527992382832124,0.286897823051877
975,"s(prev_lastRippleV1PRE_z):prev_DOWN_no",0.0413214530672432,0.000125969663201717,0.148465230667591,0.11335620140556
976,"s(prev_lastRippleV1PRE_z):prev_DOWN_no",0.0942007833615488,0.000520078866518316,0.45585873583275,0.366203738695327
977,"s(prev_lastRippleV1PRE_z):prev_DOWN_no",0.0272246751503866,4.03927946271331e-05,0.16464549700272,0.111296190501342
978,"s(prev_lastRippleV1PRE_z):prev_DOWN_no",0.104663487833391,0.000263431838307911,0.6522666842689,0.313271299055674
979,"s(prev_lastRippleV1PRE_z):prev_DOWN_no",0.166811497519732,0.000892290569711508,1.08059454128603,0.483773493830187
980,"s(prev_lastRippleV1PRE_z):prev_DOWN_no",0.0545173581086411,0.000130592123798684,0.206968461972076,0.134597431190441
981,"s(prev_lastRippleV1PRE_z):prev_DOWN_no",0.050851645134264,0.000312457381875736,0.262393065476709,0.148532429430889
982,"s(prev_lastRippleV1PRE_z):prev_DOWN_no",0.0209796196255088,0.000492746155550304,0.256584832823937,0.572082976398008
983,"s(prev_lastRippleV1PRE_z):prev_DOWN_no",0.131225529200076,0.00130424720035166,0.629830403902301,0.404736050232316
984,"s(prev_lastRippleV1PRE_z):prev_DOWN_no",0.161270907397488,0.000621811409463381,0.882165769351055,0.314481077309617
985,"s(prev_lastRippleV1PRE_z):prev_DOWN_no",0.100509069958877,0.00029024976683777,0.553614465014947,0.372445052225206
986,"s(prev_lastRippleV1PRE_z):prev_DOWN_no",2.367647360213e-05,9.6943644435438e-07,0.0152953322242486,0.00454907475967747
987,"s(prev_lastRippleV1PRE_z):prev_DOWN_no",0.0718334422137854,0.000518787514386963,0.290447981634898,0.244377587104329
988,"s(prev_lastRippleV1PRE_z):prev_DOWN_no",0.194660286958166,0.000912962390641453,0.839884909083911,0.409603883851727
989,"s(prev_lastRippleV1PRE_z):prev_DOWN_no",0.0502723738208353,6.07648192510107e-05,0.371236469936386,0.173966193096557
990,"s(prev_lastRippleV1PRE_z):prev_DOWN_no",0.0241889176068302,5.60251477982303e-05,0.17565384862694,0.0814103157448273
991,"s(prev_lastRippleV1PRE_z):prev_DOWN_no",0.0974364724339649,0.000710340291508369,0.439577010797806,0.333123583479541
992,"s(prev_lastRippleV1PRE_z):prev_DOWN_no",0.0745296870968453,0.000296045984262081,0.323495071078896,0.185786564830265
993,"s(prev_lastRippleV1PRE_z):prev_DOWN_no",0.146413235756147,0.00121029972015205,0.59365948874299,0.401125911035055
994,"s(prev_lastRippleV1PRE_z):prev_DOWN_no",0.0779201031366989,0.00100159763454491,0.355164497177853,0.568511793035523
995,"s(prev_lastRippleV1PRE_z):prev_DOWN_no",-2.59960804385173e-05,4.1410536289558e-07,0.00972731463006701,0.00291527451420686
996,"s(prev_lastRippleV1PRE_z):prev_DOWN_no",-0.108078967669988,0.000293657127707246,0.382703607368935,0.227450801755306
997,"s(prev_lastRippleV1PRE_z):prev_DOWN_no",0.221473913395776,0.00190474926546166,0.728299160113305,0.225024775748426
998,"s(prev_lastRippleV1PRE_z):prev_DOWN_no",0.0692218048960465,0.000245476372671272,0.2696228621489,0.207264325813157
999,"s(prev_lastRippleV1PRE_z):prev_DOWN_no",0.107994934956284,0.000289654019246046,0.581707175110147,0.288948166647839
1000,"s(prev_lastRippleV1PRE_z):prev_DOWN_no",0.0442405457180621,0.000429030982167476,0.321939311451238,0.0958450863668726
1,"s(prev_lastRippleV1PRE_z):prev_DOWN_yes",0.115164717302759,0.00116983220406506,0.686154502634128,0.204021688064803
2,"s(prev_lastRippleV1PRE_z):prev_DOWN_yes",0.22786309568319,0.00242741784123884,0.936863838743726,0.279375618001612
3,"s(prev_lastRippleV1PRE_z):prev_DOWN_yes",0.296290402337753,0.00201365977533791,1.33325728789634,0.374596681669276
4,"s(prev_lastRippleV1PRE_z):prev_DOWN_yes",0.242663203659231,0.000619580736282338,0.97221017308212,0.286788535974145
5,"s(prev_lastRippleV1PRE_z):prev_DOWN_yes",0.149951112546278,0.00158288843171415,0.772750405994744,0.230559165071829
6,"s(prev_lastRippleV1PRE_z):prev_DOWN_yes",0.196091944165445,0.000747086841573692,0.904109211670098,0.273745119332245
7,"s(prev_lastRippleV1PRE_z):prev_DOWN_yes",0.363112581878474,0.00293950535512387,1.59572658843224,0.431842086615758
8,"s(prev_lastRippleV1PRE_z):prev_DOWN_yes",0.111242272239908,0.00124912626969755,0.679406689028587,0.279666986070297
9,"s(prev_lastRippleV1PRE_z):prev_DOWN_yes",0.222449965459222,0.00181322231621995,1.72634413542792,0.783341985614272
10,"s(prev_lastRippleV1PRE_z):prev_DOWN_yes",0.122782820304534,0.00131090998090609,0.732116231338899,0.218328412759189
11,"s(prev_lastRippleV1PRE_z):prev_DOWN_yes",0.0409285800552057,0.000453008825341527,0.434952515095057,0.129888939909897
12,"s(prev_lastRippleV1PRE_z):prev_DOWN_yes",0.292012320512541,0.00216306102992689,2.25953768289378,1.52262588504207
13,"s(prev_lastRippleV1PRE_z):prev_DOWN_yes",0.123746607726088,0.000759234725513121,0.599396291399723,0.199260450686623
14,"s(prev_lastRippleV1PRE_z):prev_DOWN_yes",0.322577999477327,0.00131401550390197,1.14231260430148,0.34965341197951
15,"s(prev_lastRippleV1PRE_z):prev_DOWN_yes",0.103948120950369,0.00114658458266058,0.657839848530747,0.19611398075279
16,"s(prev_lastRippleV1PRE_z):prev_DOWN_yes",0.0867049796243098,0.000967789779366589,0.599143900153132,0.178903608943565
17,"s(prev_lastRippleV1PRE_z):prev_DOWN_yes",0.351299850535663,0.00351861194241969,1.08105574549054,0.73711070650933
18,"s(prev_lastRippleV1PRE_z):prev_DOWN_yes",0.034571613147639,0.00190869878360598,0.342803199730279,1.48922274836581
19,"s(prev_lastRippleV1PRE_z):prev_DOWN_yes",0.0630354847519854,0.000664076170031107,0.495661993378453,0.147525172959498
20,"s(prev_lastRippleV1PRE_z):prev_DOWN_yes",0.146262532746389,0.0015345717082379,0.775972723088809,0.23191595327439
21,"s(prev_lastRippleV1PRE_z):prev_DOWN_yes",0.0895368536628611,0.000971971122090201,0.545504905218604,0.1618037468752
22,"s(prev_lastRippleV1PRE_z):prev_DOWN_yes",0.0714151574801312,0.000368434574452754,0.514758275394021,0.178227030734366
23,"s(prev_lastRippleV1PRE_z):prev_DOWN_yes",0.192451600078958,0.00181028200492016,0.562255702120374,0.211452741691986
24,"s(prev_lastRippleV1PRE_z):prev_DOWN_yes",0.158925956059582,0.0021647316760191,0.77578893363015,0.856272075661711
25,"s(prev_lastRippleV1PRE_z):prev_DOWN_yes",0.14692035283132,0.00182350109861799,0.630405319932807,0.507094783409682
26,"s(prev_lastRippleV1PRE_z):prev_DOWN_yes",0.367987620497961,0.0034158256102522,1.73463962104474,0.911558990591793
27,"s(prev_lastRippleV1PRE_z):prev_DOWN_yes",0.470330121350927,0.00457159785873919,1.13708456176545,0.341057535441954
28,"s(prev_lastRippleV1PRE_z):prev_DOWN_yes",0.2531209031744,0.00188707856694868,1.47493642524927,0.857806742175049
29,"s(prev_lastRippleV1PRE_z):prev_DOWN_yes",0.192552413308318,0.00151332044224705,1.68416938595923,0.939058550743187
30,"s(prev_lastRippleV1PRE_z):prev_DOWN_yes",0.101760862423479,0.00178334359459251,0.661748277334804,0.942763104785408
31,"s(prev_lastRippleV1PRE_z):prev_DOWN_yes",0.0563430197111066,0.000615059003920504,0.495060591976533,0.147417189095873
32,"s(prev_lastRippleV1PRE_z):prev_DOWN_yes",0.102007910263044,0.00129068886659732,0.627301385713113,0.56500069453387
33,"s(prev_lastRippleV1PRE_z):prev_DOWN_yes",0.0806111236790974,0.000894116691982051,0.578760505548503,0.170459301344344
34,"s(prev_lastRippleV1PRE_z):prev_DOWN_yes",0.144710239829118,0.00180237688921615,0.700633194883503,0.490501974917945
35,"s(prev_lastRippleV1PRE_z):prev_DOWN_yes",0.117686092460263,0.00065828132571197,0.989751733930205,0.401183379100741
36,"s(prev_lastRippleV1PRE_z):prev_DOWN_yes",0.226522132034833,0.00152499129656928,1.72823323678534,0.480556370173101
37,"s(prev_lastRippleV1PRE_z):prev_DOWN_yes",0.173076707883745,0.000848416478820053,0.774985519932532,0.315968356645946
38,"s(prev_lastRippleV1PRE_z):prev_DOWN_yes",0.183987997754074,0.00104002305552639,0.592724815339203,0.221847876825619
39,"s(prev_lastRippleV1PRE_z):prev_DOWN_yes",0.250889210274369,0.00263276283820052,1.01297473537591,0.301495847592904
40,"s(prev_lastRippleV1PRE_z):prev_DOWN_yes",0.177333952003622,0.00209765037962765,0.880565756447067,0.262416634459087
41,"s(prev_lastRippleV1PRE_z):prev_DOWN_yes",0.088854193190615,0.000319336519453344,0.511903991755239,0.209994715722453
42,"s(prev_lastRippleV1PRE_z):prev_DOWN_yes",0.133733162503098,0.000926532163867008,0.342057178844628,0.176555876955953
43,"s(prev_lastRippleV1PRE_z):prev_DOWN_yes",0.335506493633268,0.00322832663469798,2.45883760056984,0.635754443152469
44,"s(prev_lastRippleV1PRE_z):prev_DOWN_yes",0.347878146329308,0.00305704162887741,1.55283146965242,0.857447500706018
45,"s(prev_lastRippleV1PRE_z):prev_DOWN_yes",0.324121428383121,0.00297337971316494,1.79446047491777,0.93829681645094
46,"s(prev_lastRippleV1PRE_z):prev_DOWN_yes",0.234398397739201,0.00295575162543724,1.00376942782786,0.670456390552114
47,"s(prev_lastRippleV1PRE_z):prev_DOWN_yes",0.142736150026926,0.00149540382596571,0.761450383010724,0.226914392586027
48,"s(prev_lastRippleV1PRE_z):prev_DOWN_yes",0.558525945972246,0.00495394857441332,1.78425263848783,0.543174934697054
49,"s(prev_lastRippleV1PRE_z):prev_DOWN_yes",0.156006553299613,0.00120923752908968,2.0143989420922,0.75926511525829
50,"s(prev_lastRippleV1PRE_z):prev_DOWN_yes",0.463666894302231,0.00411910070711252,2.5370244669003,1.6331853747497
51,"s(prev_lastRippleV1PRE_z):prev_DOWN_yes",0.0588461321185596,0.000205810794543653,0.414921109925606,0.21153103076408
52,"s(prev_lastRippleV1PRE_z):prev_DOWN_yes",0.14932685518786,0.00161792527623123,0.689130658824334,0.205322441295112
53,"s(prev_lastRippleV1PRE_z):prev_DOWN_yes",0.467625491452906,0.00404861718305079,1.53617799207181,0.46042715103722
54,"s(prev_lastRippleV1PRE_z):prev_DOWN_yes",0.150571660355782,0.00117001967220611,1.02853024812603,0.291731699477459
55,"s(prev_lastRippleV1PRE_z):prev_DOWN_yes",0.26733046866895,0.0022736571707172,1.91095913423427,1.60429222031075
56,"s(prev_lastRippleV1PRE_z):prev_DOWN_yes",0.567263321944965,0.00531199107591699,1.10620104963677,0.421749512859059
57,"s(prev_lastRippleV1PRE_z):prev_DOWN_yes",0.100204618278251,8.229663256897e-05,0.641749803498366,0.191549626544605
58,"s(prev_lastRippleV1PRE_z):prev_DOWN_yes",0.0962336335948564,0.00100991457751326,0.551244746211558,0.163458218177027
59,"s(prev_lastRippleV1PRE_z):prev_DOWN_yes",0.31045720914981,0.00334203264061896,1.0806346139512,0.322358431749205
60,"s(prev_lastRippleV1PRE_z):prev_DOWN_yes",0.206576720617409,0.00154495655925213,1.43592418480616,0.407382821971647
61,"s(prev_lastRippleV1PRE_z):prev_DOWN_yes",0.164835057831486,0.000965026571848584,1.73195430405395,0.472914431347747
62,"s(prev_lastRippleV1PRE_z):prev_DOWN_yes",0.393254649000429,0.00320890932916641,5.38078585034295,2.35584649983209
63,"s(prev_lastRippleV1PRE_z):prev_DOWN_yes",0.168576919145025,0.00145033282880892,0.950444519430903,0.306715170260697
64,"s(prev_lastRippleV1PRE_z):prev_DOWN_yes",0.563019447363167,0.00598531897013011,2.10342297745625,1.23664609264637
65,"s(prev_lastRippleV1PRE_z):prev_DOWN_yes",0.166257235155594,0.00066731162973177,0.59646004635658,0.24579222657342
66,"s(prev_lastRippleV1PRE_z):prev_DOWN_yes",0.217625438338483,0.00132810183766866,1.50762167200193,0.4216152013888
67,"s(prev_lastRippleV1PRE_z):prev_DOWN_yes",0.0760555599525672,0.00081918314483739,0.554084580523159,0.164914514524591
68,"s(prev_lastRippleV1PRE_z):prev_DOWN_yes",0.594668201427709,0.00552770154906763,2.47234653192802,1.23574479934382
69,"s(prev_lastRippleV1PRE_z):prev_DOWN_yes",0.401565362865945,0.0032516941587841,2.0222402279325,0.710094106335926
70,"s(prev_lastRippleV1PRE_z):prev_DOWN_yes",0.435322484932572,0.00379622340945209,2.26336920095687,0.650110881446388
71,"s(prev_lastRippleV1PRE_z):prev_DOWN_yes",0.314464633772265,0.00313107153066783,2.36057287076755,0.742504484136191
72,"s(prev_lastRippleV1PRE_z):prev_DOWN_yes",0.228365472840024,0.00146563439691075,0.610757629071376,0.171461928514133
73,"s(prev_lastRippleV1PRE_z):prev_DOWN_yes",0.363426565537583,0.00254320837839102,1.87575677407709,0.537638395362385
74,"s(prev_lastRippleV1PRE_z):prev_DOWN_yes",0.045369277207957,0.000495572906181193,0.42906676325457,0.12757981001685
75,"s(prev_lastRippleV1PRE_z):prev_DOWN_yes",0.206834673760181,0.0013361007045157,1.69402635516682,0.556252513654048
76,"s(prev_lastRippleV1PRE_z):prev_DOWN_yes",0.0757996833074257,0.000766222929340872,0.530255382248483,0.158253366665457
77,"s(prev_lastRippleV1PRE_z):prev_DOWN_yes",0.0824475714021693,0.000895679675850376,0.573063766634703,0.17143515106473
78,"s(prev_lastRippleV1PRE_z):prev_DOWN_yes",0.359740899448305,0.00299378180882651,1.33294890794256,0.679510969996496
79,"s(prev_lastRippleV1PRE_z):prev_DOWN_yes",0.376698121102815,0.00456891578525795,2.44914736812566,1.58325836557564
80,"s(prev_lastRippleV1PRE_z):prev_DOWN_yes",0.416602415598754,0.00201497094869245,1.22011252306594,0.352831713381516
81,"s(prev_lastRippleV1PRE_z):prev_DOWN_yes",0.103009037237761,0.00112837257188514,0.654159533197041,0.194911791042298
82,"s(prev_lastRippleV1PRE_z):prev_DOWN_yes",0.210247932262702,0.00196274976322739,0.923400878674512,0.276544222816687
83,"s(prev_lastRippleV1PRE_z):prev_DOWN_yes",0.428036071046606,0.00393627632778683,2.11767800800918,0.571648842163908
84,"s(prev_lastRippleV1PRE_z):prev_DOWN_yes",0.218305472993107,0.00113890510828982,1.13750385889916,0.361821057744329
85,"s(prev_lastRippleV1PRE_z):prev_DOWN_yes",0.0512313677781959,0.000351388218158435,0.42341555010099,0.137177692480465
86,"s(prev_lastRippleV1PRE_z):prev_DOWN_yes",0.142514088487395,0.00150571263748823,0.786381804061845,0.234324135048637
87,"s(prev_lastRippleV1PRE_z):prev_DOWN_yes",0.121777826057346,0.00109110873517027,0.654146270383889,0.194930919742278
88,"s(prev_lastRippleV1PRE_z):prev_DOWN_yes",0.109472339862738,0.0013251793006185,0.711854349533125,0.306448036684534
89,"s(prev_lastRippleV1PRE_z):prev_DOWN_yes",0.134463426257351,0.00148449440545607,0.774200423564906,0.230566734849423
90,"s(prev_lastRippleV1PRE_z):prev_DOWN_yes",0.128015041179359,0.000957844009144927,0.627796128908158,0.217496033068344
91,"s(prev_lastRippleV1PRE_z):prev_DOWN_yes",0.148137551494498,0.00091353786637996,0.997005799811563,0.290513808957046
92,"s(prev_lastRippleV1PRE_z):prev_DOWN_yes",0.0485800384630597,0.000621813062362301,0.436097851167178,0.246154786254863
93,"s(prev_lastRippleV1PRE_z):prev_DOWN_yes",0.418812159466031,0.00373335097858872,1.17888426618259,0.401572909318853
94,"s(prev_lastRippleV1PRE_z):prev_DOWN_yes",0.0597189749054214,0.00126022068117277,0.504404773583853,0.770308372014174
95,"s(prev_lastRippleV1PRE_z):prev_DOWN_yes",0.390064914198585,0.00352804242363056,1.04680929510352,0.394113501037079
96,"s(prev_lastRippleV1PRE_z):prev_DOWN_yes",0.350938501488877,0.00368606783894252,1.16446229626205,0.372053118949521
97,"s(prev_lastRippleV1PRE_z):prev_DOWN_yes",0.215401697408269,0.00142047629092885,0.818524245187771,0.349517224203623
98,"s(prev_lastRippleV1PRE_z):prev_DOWN_yes",0.529660181054435,0.00466627298336765,2.86043114253389,2.63060924590163
99,"s(prev_lastRippleV1PRE_z):prev_DOWN_yes",0.0449242300924135,0.000618316064804208,0.392097642875531,0.378102490385212
100,"s(prev_lastRippleV1PRE_z):prev_DOWN_yes",0.146318076062856,0.00147036304783318,0.777507461828733,0.230853998398345
101,"s(prev_lastRippleV1PRE_z):prev_DOWN_yes",0.077867765387392,0.000840655939910123,0.56172766466451,0.167113851236075
102,"s(prev_lastRippleV1PRE_z):prev_DOWN_yes",0.267069490580729,0.00175591313780054,0.691907771263211,0.401456534130604
103,"s(prev_lastRippleV1PRE_z):prev_DOWN_yes",0.133278918772325,0.00139734845530809,0.758246305995687,0.225800785828215
104,"s(prev_lastRippleV1PRE_z):prev_DOWN_yes",0.131069052344729,0.00136134641785648,0.712826380888475,0.212432706038771
105,"s(prev_lastRippleV1PRE_z):prev_DOWN_yes",0.123820494859288,0.0013776844249994,0.763120917582806,0.227204580245983
106,"s(prev_lastRippleV1PRE_z):prev_DOWN_yes",0.207534990590974,0.00159806263604824,0.933325144309564,0.277684873367242
107,"s(prev_lastRippleV1PRE_z):prev_DOWN_yes",0.204355972711504,0.00204609848109492,0.917472950938228,0.561045492231089
108,"s(prev_lastRippleV1PRE_z):prev_DOWN_yes",0.166590222982124,0.00179023666799222,0.836270854195165,0.249211935266921
109,"s(prev_lastRippleV1PRE_z):prev_DOWN_yes",0.330521857265871,0.00354702606171016,1.13601998815875,0.338343985456328
110,"s(prev_lastRippleV1PRE_z):prev_DOWN_yes",0.261687534758045,0.00285738694525259,1.0537436882073,0.314143323927022
111,"s(prev_lastRippleV1PRE_z):prev_DOWN_yes",0.260266837675391,0.00276003745574179,1.05344268033322,0.314081064727904
112,"s(prev_lastRippleV1PRE_z):prev_DOWN_yes",0.0956755173403767,0.00100963021020453,0.640771131225527,0.191245708087717
113,"s(prev_lastRippleV1PRE_z):prev_DOWN_yes",0.0570598197382095,0.000295164345895967,0.260870760495131,0.163667225320247
114,"s(prev_lastRippleV1PRE_z):prev_DOWN_yes",0.187106383774523,0.00239499349970424,0.719157681084372,0.608551418985349
115,"s(prev_lastRippleV1PRE_z):prev_DOWN_yes",0.318158456801367,0.00268828160189565,1.42084785415662,1.31027512572709
116,"s(prev_lastRippleV1PRE_z):prev_DOWN_yes",0.113117532260127,0.00123869053655809,0.721233764093763,0.214937332991887
117,"s(prev_lastRippleV1PRE_z):prev_DOWN_yes",0.0544188999205693,0.000612143100264845,0.510640076784137,0.152010999238964
118,"s(prev_lastRippleV1PRE_z):prev_DOWN_yes",0.294621634956663,0.00244619576338051,1.80258432164758,0.646110793992974
119,"s(prev_lastRippleV1PRE_z):prev_DOWN_yes",0.235774344611321,0.00174003222400173,1.72638374581064,0.653212019351346
120,"s(prev_lastRippleV1PRE_z):prev_DOWN_yes",0.156714349681032,0.00117147362353262,0.492631626935542,0.164338109583211
121,"s(prev_lastRippleV1PRE_z):prev_DOWN_yes",0.0720127430699797,0.00100658837869611,0.547602539337797,0.544584899832753
122,"s(prev_lastRippleV1PRE_z):prev_DOWN_yes",0.381098086124871,0.00349450510825072,1.89973453049399,1.03891522313019
123,"s(prev_lastRippleV1PRE_z):prev_DOWN_yes",0.353363288700516,0.00327123448112345,1.46055770655006,0.726067708956022
124,"s(prev_lastRippleV1PRE_z):prev_DOWN_yes",0.516261291475918,0.00526761022911511,2.45249022470468,1.04891803022256
125,"s(prev_lastRippleV1PRE_z):prev_DOWN_yes",0.288637195954836,0.00232320534113817,2.08803397078078,0.889885235516094
126,"s(prev_lastRippleV1PRE_z):prev_DOWN_yes",0.0286728499609312,0.000350423529350964,0.360864474306898,0.11006378463752
127,"s(prev_lastRippleV1PRE_z):prev_DOWN_yes",0.133382798176484,0.00171413747495332,0.721186535042132,0.496834948065679
128,"s(prev_lastRippleV1PRE_z):prev_DOWN_yes",0.215480269030609,0.00112162977755727,0.682520458963407,0.236458948461514
129,"s(prev_lastRippleV1PRE_z):prev_DOWN_yes",0.149378132497036,0.00156450774870208,0.759803277483206,0.226845611748922
130,"s(prev_lastRippleV1PRE_z):prev_DOWN_yes",0.210228649627603,0.00154937354122121,1.6538665902287,0.46499138728874
131,"s(prev_lastRippleV1PRE_z):prev_DOWN_yes",0.125899680328041,0.00140637379664652,0.712495902565889,0.212927942197809
132,"s(prev_lastRippleV1PRE_z):prev_DOWN_yes",0.244285783652833,0.00144594777529012,1.03469787785792,0.308588560687643
133,"s(prev_lastRippleV1PRE_z):prev_DOWN_yes",0.0498559460742491,0.000965990212101655,0.44206699914995,0.937669845649988
134,"s(prev_lastRippleV1PRE_z):prev_DOWN_yes",0.112910059619294,0.000588725187056962,0.600634239425871,0.180781725717324
135,"s(prev_lastRippleV1PRE_z):prev_DOWN_yes",0.22743168894912,0.00161121171176436,1.03089859593758,0.317906264530971
136,"s(prev_lastRippleV1PRE_z):prev_DOWN_yes",0.118478520008282,0.00124960241700272,0.666830118752347,0.198572064526308
137,"s(prev_lastRippleV1PRE_z):prev_DOWN_yes",0.390992597772405,0.00343908962758441,1.72549333384186,1.72383687072642
138,"s(prev_lastRippleV1PRE_z):prev_DOWN_yes",0.219624157540931,0.00306048417700227,0.989353524758691,0.882986360327288
139,"s(prev_lastRippleV1PRE_z):prev_DOWN_yes",0.174001039232873,0.00275406160876584,0.729124319874772,0.977866842792839
140,"s(prev_lastRippleV1PRE_z):prev_DOWN_yes",0.479213213051666,0.0042432787490563,2.57395127962972,0.930380771438277
141,"s(prev_lastRippleV1PRE_z):prev_DOWN_yes",0.376960241323255,0.00352701861332988,2.06456202066679,0.558040168746071
142,"s(prev_lastRippleV1PRE_z):prev_DOWN_yes",0.116352955181996,0.000803960377592309,0.604900554846903,0.251055114265632
143,"s(prev_lastRippleV1PRE_z):prev_DOWN_yes",0.218387417267298,0.00208575406829549,0.986664854083195,0.432448754319449
144,"s(prev_lastRippleV1PRE_z):prev_DOWN_yes",0.359586638343917,0.00327225668069442,1.79723499307454,1.59970828612975
145,"s(prev_lastRippleV1PRE_z):prev_DOWN_yes",0.453187888028349,0.00412166727198701,1.86709790379247,1.21097260762423
146,"s(prev_lastRippleV1PRE_z):prev_DOWN_yes",0.147521784464225,0.00195099825017012,0.80474348382339,1.20633178429493
147,"s(prev_lastRippleV1PRE_z):prev_DOWN_yes",0.259548597047801,0.00292594901911215,1.82596891972886,1.12356339617457
148,"s(prev_lastRippleV1PRE_z):prev_DOWN_yes",0.181148529472007,0.00183795371885074,0.832591564105664,0.251212729934245
149,"s(prev_lastRippleV1PRE_z):prev_DOWN_yes",0.586560373950905,0.00560191943191406,2.38153826033499,0.969739180437177
150,"s(prev_lastRippleV1PRE_z):prev_DOWN_yes",0.275162329942561,0.00250515292830202,0.990577340048041,0.318142578026251
151,"s(prev_lastRippleV1PRE_z):prev_DOWN_yes",0.358298508012146,0.00335099486150273,2.0513180906793,0.682097533379601
152,"s(prev_lastRippleV1PRE_z):prev_DOWN_yes",0.197960433767037,0.00150269553544129,2.10514589123309,0.726480430242601
153,"s(prev_lastRippleV1PRE_z):prev_DOWN_yes",0.163091677331726,0.00173715960414749,0.810522296151263,0.241391171501214
154,"s(prev_lastRippleV1PRE_z):prev_DOWN_yes",0.148357753732039,0.00161257174793508,0.794860154429048,0.236839684328822
155,"s(prev_lastRippleV1PRE_z):prev_DOWN_yes",0.235192782659391,0.00277795142610061,0.86681105440089,0.327673807870891
156,"s(prev_lastRippleV1PRE_z):prev_DOWN_yes",0.2136636140786,0.0023144015957163,0.913130138033001,0.271458575072033
157,"s(prev_lastRippleV1PRE_z):prev_DOWN_yes",0.227152789930066,0.0019385626534293,1.31192960376927,0.612831979812585
158,"s(prev_lastRippleV1PRE_z):prev_DOWN_yes",0.459675330939893,0.0046530767434057,2.88194143746996,1.50397436827558
159,"s(prev_lastRippleV1PRE_z):prev_DOWN_yes",0.0381587257771541,0.00046098386261584,0.340595249915826,0.195822408500138
160,"s(prev_lastRippleV1PRE_z):prev_DOWN_yes",0.0587971244649008,0.00063462601138068,0.494406632367126,0.14740644107741
161,"s(prev_lastRippleV1PRE_z):prev_DOWN_yes",0.0857646820115221,0.000702089976739245,0.630162547242618,0.211634768385095
162,"s(prev_lastRippleV1PRE_z):prev_DOWN_yes",0.0130656198418437,0.000144735745401458,0.22843166225808,0.0772843665009697
163,"s(prev_lastRippleV1PRE_z):prev_DOWN_yes",0.175152081110943,0.00149178046064319,0.801314291342805,0.230738461940935
164,"s(prev_lastRippleV1PRE_z):prev_DOWN_yes",0.111107163001207,0.000158969023568807,0.68809503921688,0.20598772635381
165,"s(prev_lastRippleV1PRE_z):prev_DOWN_yes",0.347786293909047,0.0037678791222967,1.20082375355198,0.358033837863885
166,"s(prev_lastRippleV1PRE_z):prev_DOWN_yes",0.335173463294591,0.00268665202478605,1.75805281146522,0.467041811366008
167,"s(prev_lastRippleV1PRE_z):prev_DOWN_yes",0.210026183548202,0.00222144831354101,0.939756707072216,0.280375131998282
168,"s(prev_lastRippleV1PRE_z):prev_DOWN_yes",0.0514391458437071,0.00053742354395816,0.44946150287949,0.133905000661415
169,"s(prev_lastRippleV1PRE_z):prev_DOWN_yes",0.147511269356001,0.000723310387856573,1.05662417080851,0.327498828187235
170,"s(prev_lastRippleV1PRE_z):prev_DOWN_yes",0.0722286094835294,0.000760067310143752,0.469801709537654,0.139365614224729
171,"s(prev_lastRippleV1PRE_z):prev_DOWN_yes",0.128372185792202,0.00135599798339496,0.719012305534235,0.214107044192366
172,"s(prev_lastRippleV1PRE_z):prev_DOWN_yes",0.101856633806313,0.00102126896281953,0.638818900881434,0.19023830572184
173,"s(prev_lastRippleV1PRE_z):prev_DOWN_yes",0.25640600672089,0.00132479751238136,1.11006915700061,0.387227522622011
174,"s(prev_lastRippleV1PRE_z):prev_DOWN_yes",0.184378970489938,0.000510071920690159,0.824422889629732,0.24919492597721
175,"s(prev_lastRippleV1PRE_z):prev_DOWN_yes",0.251005819836499,0.00263454733902258,1.02429248837188,0.30568147269008
176,"s(prev_lastRippleV1PRE_z):prev_DOWN_yes",0.308358209575152,0.00235397644339037,2.24458602305293,1.01010983367273
177,"s(prev_lastRippleV1PRE_z):prev_DOWN_yes",0.153415128403694,0.00112467862392289,0.866906106744481,0.272487741171653
178,"s(prev_lastRippleV1PRE_z):prev_DOWN_yes",0.101218680040854,0.00113747580789087,0.569722128764725,0.168866414666899
179,"s(prev_lastRippleV1PRE_z):prev_DOWN_yes",0.197600383311845,0.000958210332895858,0.882351430256002,0.329790694694203
180,"s(prev_lastRippleV1PRE_z):prev_DOWN_yes",0.0939705061063316,0.000994794217701277,0.62330334502892,0.185472691715113
181,"s(prev_lastRippleV1PRE_z):prev_DOWN_yes",0.226291513790976,0.00144617161551864,1.0411751602461,0.582054233650395
182,"s(prev_lastRippleV1PRE_z):prev_DOWN_yes",0.03548546209867,0.000413762432376734,0.399406709292514,0.119233114929644
183,"s(prev_lastRippleV1PRE_z):prev_DOWN_yes",0.0621173592576767,0.000656675591372351,0.430171548689279,0.686945939261658
184,"s(prev_lastRippleV1PRE_z):prev_DOWN_yes",0.032614425445459,0.00125143144521363,0.385461482690987,0.953525101258473
185,"s(prev_lastRippleV1PRE_z):prev_DOWN_yes",0.0314882990362806,0.0013235273098285,0.352606135343452,1.30927303610546
186,"s(prev_lastRippleV1PRE_z):prev_DOWN_yes",0.0269222776932283,0.000206844522645394,0.328394410200602,0.124700305049057
187,"s(prev_lastRippleV1PRE_z):prev_DOWN_yes",-0.0214442408367654,0.000856924618085199,0.559541111071355,0.775150989843399
188,"s(prev_lastRippleV1PRE_z):prev_DOWN_yes",0.196059872515473,0.00165963010922973,0.998310548986698,0.886421908256391
189,"s(prev_lastRippleV1PRE_z):prev_DOWN_yes",0.168249273276827,0.00186444217344342,0.86292648197253,0.257375498442591
190,"s(prev_lastRippleV1PRE_z):prev_DOWN_yes",0.470677635001832,0.00394703850357649,1.88824185713705,0.981489413219683
191,"s(prev_lastRippleV1PRE_z):prev_DOWN_yes",0.00135078627076002,2.68125358445224e-05,0.104051904714168,0.0309399072265129
192,"s(prev_lastRippleV1PRE_z):prev_DOWN_yes",0.197197777659603,0.00179858891986407,1.43733474183495,0.510484542273877
193,"s(prev_lastRippleV1PRE_z):prev_DOWN_yes",0.336302469335795,0.0025679915021903,2.43653536930965,0.635692657468711
194,"s(prev_lastRippleV1PRE_z):prev_DOWN_yes",0.163844755468658,0.0010948112244725,0.787867499136712,0.25117429923524
195,"s(prev_lastRippleV1PRE_z):prev_DOWN_yes",0.260122457706501,0.00242377441862243,2.04960919277448,0.825852905276598
196,"s(prev_lastRippleV1PRE_z):prev_DOWN_yes",0.077980655209525,0.000224746231020953,0.670650783790145,0.245554061421406
197,"s(prev_lastRippleV1PRE_z):prev_DOWN_yes",0.293549894881489,0.00241822316125498,1.26443598461615,0.730206139633418
198,"s(prev_lastRippleV1PRE_z):prev_DOWN_yes",0.264091609754669,0.00223173665595926,1.58891540925008,0.77701041976545
199,"s(prev_lastRippleV1PRE_z):prev_DOWN_yes",0.079171499019294,0.000766572253055016,0.535830078052288,0.16093680154497
200,"s(prev_lastRippleV1PRE_z):prev_DOWN_yes",0.0555803320834309,0.000146433234850482,0.401248615937931,0.1745962843785
201,"s(prev_lastRippleV1PRE_z):prev_DOWN_yes",0.306714218672009,0.00318184556777753,1.25859956582144,0.765192150787928
202,"s(prev_lastRippleV1PRE_z):prev_DOWN_yes",0.0174101190885612,0.000520107516399395,0.261356589607636,0.718054832516325
203,"s(prev_lastRippleV1PRE_z):prev_DOWN_yes",0.252617715148455,0.00259081814419099,0.993107168905841,0.295458791720291
204,"s(prev_lastRippleV1PRE_z):prev_DOWN_yes",0.0902142778467621,0.000375494180500842,0.554853894004021,0.265199327483713
205,"s(prev_lastRippleV1PRE_z):prev_DOWN_yes",0.0676525240710175,0.000778596792311902,0.505045558905189,0.278377630196234
206,"s(prev_lastRippleV1PRE_z):prev_DOWN_yes",0.117457205183549,0.000765552352560712,0.580692984996685,0.167562649624559
207,"s(prev_lastRippleV1PRE_z):prev_DOWN_yes",0.477567929347196,0.00463304791782237,3.85762875775162,1.73993859731288
208,"s(prev_lastRippleV1PRE_z):prev_DOWN_yes",0.0227052362319524,4.08726320938019e-05,0.272827091756954,0.0923395422519987
209,"s(prev_lastRippleV1PRE_z):prev_DOWN_yes",0.353283552963314,0.00222028667418813,0.997511289015049,0.664201630248942
210,"s(prev_lastRippleV1PRE_z):prev_DOWN_yes",0.164081589883561,0.00208053712823999,0.876904627924434,0.438400083280495
211,"s(prev_lastRippleV1PRE_z):prev_DOWN_yes",0.0490496241815652,0.000520823093803539,0.452415878611973,0.135315303075191
212,"s(prev_lastRippleV1PRE_z):prev_DOWN_yes",0.14212110517346,0.00144917729028831,0.752723880278306,0.224034531929597
213,"s(prev_lastRippleV1PRE_z):prev_DOWN_yes",0.0791699788052895,0.000836589952216709,0.594181209427371,0.181176883370289
214,"s(prev_lastRippleV1PRE_z):prev_DOWN_yes",0.257622825590968,0.000478071655391985,1.02608812676639,0.311013393046931
215,"s(prev_lastRippleV1PRE_z):prev_DOWN_yes",0.278594455925712,0.00223209067865303,1.73351441278102,0.603664214633596
216,"s(prev_lastRippleV1PRE_z):prev_DOWN_yes",0.111960593889899,0.000646997165747033,0.459195811528961,0.145323367721426
217,"s(prev_lastRippleV1PRE_z):prev_DOWN_yes",0.0373831233829653,0.000403516366080955,0.396936536762306,0.118358602367719
218,"s(prev_lastRippleV1PRE_z):prev_DOWN_yes",0.229903432178821,0.00167267687853585,1.04817279545216,0.335470776311691
219,"s(prev_lastRippleV1PRE_z):prev_DOWN_yes",0.1757508027046,0.00121642032534824,0.322084292513673,0.219430108909787
220,"s(prev_lastRippleV1PRE_z):prev_DOWN_yes",0.102394514138564,0.00188967698471781,0.625466680431727,1.06964656331518
221,"s(prev_lastRippleV1PRE_z):prev_DOWN_yes",0.246311373334629,0.00260964576771111,1.01052288558728,0.299590504956516
222,"s(prev_lastRippleV1PRE_z):prev_DOWN_yes",0.185999223834547,0.000950539033932794,0.844950562829846,0.48228517515315
223,"s(prev_lastRippleV1PRE_z):prev_DOWN_yes",0.0685702380171547,0.000737041097874411,0.526154561541588,0.157408168488103
224,"s(prev_lastRippleV1PRE_z):prev_DOWN_yes",0.155676766863449,0.00174150747273981,0.691455340989949,0.204615326558985
225,"s(prev_lastRippleV1PRE_z):prev_DOWN_yes",0.216411545322852,0.00107952485729941,1.24369053919181,0.586936060214838
226,"s(prev_lastRippleV1PRE_z):prev_DOWN_yes",0.282982180989338,0.00201521774062946,2.04871065739913,0.537569049660738
227,"s(prev_lastRippleV1PRE_z):prev_DOWN_yes",0.317194835200945,0.002408923604364,1.84633115084481,0.526587124360365
228,"s(prev_lastRippleV1PRE_z):prev_DOWN_yes",0.0314328892115627,0.000540327494283765,0.381935065651371,0.36978323979765
229,"s(prev_lastRippleV1PRE_z):prev_DOWN_yes",0.124848988738598,0.00172116905195244,0.75599209994703,0.570352988985292
230,"s(prev_lastRippleV1PRE_z):prev_DOWN_yes",0.0990626059169761,0.000508381875054484,0.580483450634523,0.212289511769973
231,"s(prev_lastRippleV1PRE_z):prev_DOWN_yes",0.147471487432918,0.000592156194475613,0.780448127657015,0.364514345117249
232,"s(prev_lastRippleV1PRE_z):prev_DOWN_yes",0.203470117676835,0.00114151958191114,0.601472694420876,0.229887432545039
233,"s(prev_lastRippleV1PRE_z):prev_DOWN_yes",0.110932246040297,0.00123430966560488,0.679898053894605,0.202825512233004
234,"s(prev_lastRippleV1PRE_z):prev_DOWN_yes",0.107698724001045,0.000738685048877217,1.60237861294836,0.488680855419903
235,"s(prev_lastRippleV1PRE_z):prev_DOWN_yes",-4.08018289990153e-05,2.18674798572883e-07,0.00964424062966201,0.00287088746834475
236,"s(prev_lastRippleV1PRE_z):prev_DOWN_yes",0.122316308529609,0.000948870289322048,0.546018307392304,0.192789050377664
237,"s(prev_lastRippleV1PRE_z):prev_DOWN_yes",0.446417730051077,0.00414487185968727,2.87312733515171,1.66247447922381
238,"s(prev_lastRippleV1PRE_z):prev_DOWN_yes",0.0945337238116837,0.000363643737893127,0.507759703974208,0.204369597673301
239,"s(prev_lastRippleV1PRE_z):prev_DOWN_yes",0.256914818705998,0.0027155675515272,1.05027491277016,0.653725318957333
240,"s(prev_lastRippleV1PRE_z):prev_DOWN_yes",0.0752230158741538,0.000784485520054596,0.48892596650385,0.145131906029597
241,"s(prev_lastRippleV1PRE_z):prev_DOWN_yes",0.053326452399153,0.000119954166643924,0.747116923303717,0.382390646724546
242,"s(prev_lastRippleV1PRE_z):prev_DOWN_yes",0.278201074556597,0.00273271172367261,1.04776076142751,0.312625014351092
243,"s(prev_lastRippleV1PRE_z):prev_DOWN_yes",0.158417991529026,0.00163866260880178,1.58452062213849,1.05010196444882
244,"s(prev_lastRippleV1PRE_z):prev_DOWN_yes",0.169832073116806,0.00182161602432008,0.832227252786995,0.247548348220934
245,"s(prev_lastRippleV1PRE_z):prev_DOWN_yes",0.0950322844533895,0.00148808038156179,0.680725150502848,0.677145131043268
246,"s(prev_lastRippleV1PRE_z):prev_DOWN_yes",0.0872313619127612,0.000899220160993437,0.604842182852488,0.18012194252197
247,"s(prev_lastRippleV1PRE_z):prev_DOWN_yes",0.274773591128564,0.00258508528923959,0.997869838762168,0.619718972238512
248,"s(prev_lastRippleV1PRE_z):prev_DOWN_yes",0.18698577936174,0.00122287215588453,1.58560726875504,0.819044829725067
249,"s(prev_lastRippleV1PRE_z):prev_DOWN_yes",0.156826877426637,0.00131582724882886,0.513938380713564,0.185889468965066
250,"s(prev_lastRippleV1PRE_z):prev_DOWN_yes",0.0522803699836514,0.000596748750249947,0.475145684668195,0.14232529890099
251,"s(prev_lastRippleV1PRE_z):prev_DOWN_yes",0.162418515332444,0.000737911243442117,0.607456851339069,0.284806448585331
252,"s(prev_lastRippleV1PRE_z):prev_DOWN_yes",0.362014187938263,0.00331212090876549,1.24314943228888,0.387308372130143
253,"s(prev_lastRippleV1PRE_z):prev_DOWN_yes",0.105980639738718,0.000352922589500352,0.583208234188603,0.261228320049925
254,"s(prev_lastRippleV1PRE_z):prev_DOWN_yes",0.38432514041858,0.00423914692100695,1.0937069253214,0.324265694544228
255,"s(prev_lastRippleV1PRE_z):prev_DOWN_yes",0.0992376193227305,0.000394323000543027,0.78108159190887,0.2285580332978
256,"s(prev_lastRippleV1PRE_z):prev_DOWN_yes",0.203530327679169,0.00166760285679943,1.44007237534658,0.511704414630294
257,"s(prev_lastRippleV1PRE_z):prev_DOWN_yes",0.413342578404105,0.00376744252178937,2.07063880627394,1.33743170403193
258,"s(prev_lastRippleV1PRE_z):prev_DOWN_yes",0.537917046607875,0.00469364564108718,1.61957409223016,0.734263470702971
259,"s(prev_lastRippleV1PRE_z):prev_DOWN_yes",0.103538196152125,0.00168483689322575,0.69910893976748,0.553530853315102
260,"s(prev_lastRippleV1PRE_z):prev_DOWN_yes",0.289533536129756,0.00262542076419766,1.8637288518711,0.71842899287137
261,"s(prev_lastRippleV1PRE_z):prev_DOWN_yes",0.487948734548325,0.00518168750005346,1.42131189391276,0.424124881126797
262,"s(prev_lastRippleV1PRE_z):prev_DOWN_yes",0.0267978486645344,0.000284364093813135,0.336878073137642,0.100164565978503
263,"s(prev_lastRippleV1PRE_z):prev_DOWN_yes",0.0889464546468597,0.000370667226350819,0.17855478981191,0.0677006227634993
264,"s(prev_lastRippleV1PRE_z):prev_DOWN_yes",0.136900516313993,0.00257025658371098,1.0049424850251,1.40094222868885
265,"s(prev_lastRippleV1PRE_z):prev_DOWN_yes",0.171507466752908,0.00115030901852156,0.717334166411289,0.235220810746151
266,"s(prev_lastRippleV1PRE_z):prev_DOWN_yes",0.15702604014332,0.00116014428871634,0.826382670467584,0.259565563299516
267,"s(prev_lastRippleV1PRE_z):prev_DOWN_yes",0.109735454732318,0.00110420150503024,0.650425866704543,0.1935433527129
268,"s(prev_lastRippleV1PRE_z):prev_DOWN_yes",0.0132185665099387,0.000975341224166257,0.209827080419045,0.710204193290351
269,"s(prev_lastRippleV1PRE_z):prev_DOWN_yes",0.0564560624157204,0.000564363090218822,0.364396174743103,0.379924575303291
270,"s(prev_lastRippleV1PRE_z):prev_DOWN_yes",0.482029057237428,0.00443736267812601,2.51628436702641,1.55317710722821
271,"s(prev_lastRippleV1PRE_z):prev_DOWN_yes",0.126489441196208,0.00221744666655913,0.630694905409182,0.887250282685722
272,"s(prev_lastRippleV1PRE_z):prev_DOWN_yes",0.0888313490801886,0.000948309182975852,0.581112765579489,0.173258178134112
273,"s(prev_lastRippleV1PRE_z):prev_DOWN_yes",0.217754342286053,0.00271551052347403,0.951219043827969,0.703243658304242
274,"s(prev_lastRippleV1PRE_z):prev_DOWN_yes",0.0545476533851481,0.00058696321178584,0.466729882390769,0.139113790645697
275,"s(prev_lastRippleV1PRE_z):prev_DOWN_yes",0.0935482155530796,0.000473313115146648,0.41774029424058,0.327012758311763
276,"s(prev_lastRippleV1PRE_z):prev_DOWN_yes",0.137785948625541,0.0015178281163346,0.73112837320224,0.351124759768865
277,"s(prev_lastRippleV1PRE_z):prev_DOWN_yes",0.235636295537953,0.00188331244609063,1.77651073900918,2.19970042497138
278,"s(prev_lastRippleV1PRE_z):prev_DOWN_yes",0.276421251804712,0.00244963710763817,0.708893240851353,0.32528056083133
279,"s(prev_lastRippleV1PRE_z):prev_DOWN_yes",0.103644168322345,0.00111553610943951,0.677100162976703,0.201134408103172
280,"s(prev_lastRippleV1PRE_z):prev_DOWN_yes",0.258469594264212,0.00242270573343426,0.872067468513451,0.258260193420943
281,"s(prev_lastRippleV1PRE_z):prev_DOWN_yes",0.0307680625133822,2.63194224534714e-05,0.347724986403792,0.104495484983951
282,"s(prev_lastRippleV1PRE_z):prev_DOWN_yes",0.274595173316103,0.00214200933396377,1.87873128880944,0.860847278330521
283,"s(prev_lastRippleV1PRE_z):prev_DOWN_yes",0.0902980301509375,0.00098585471489484,0.59113156261543,0.189977414468054
284,"s(prev_lastRippleV1PRE_z):prev_DOWN_yes",0.222485420682498,0.00162685733322037,1.31073006319429,0.773915653019292
285,"s(prev_lastRippleV1PRE_z):prev_DOWN_yes",0.0964777948855495,0.00199513780721952,0.657443889223284,0.904011441241515
286,"s(prev_lastRippleV1PRE_z):prev_DOWN_yes",0.127566135104247,0.0013403977661848,0.72232167251847,0.215616091445635
287,"s(prev_lastRippleV1PRE_z):prev_DOWN_yes",0.0759517752037864,0.000805929567148675,0.572701461275905,0.171028275787128
288,"s(prev_lastRippleV1PRE_z):prev_DOWN_yes",0.0744463083618641,0.000815267310154058,0.555002256466507,0.164768116264083
289,"s(prev_lastRippleV1PRE_z):prev_DOWN_yes",0.431204866339443,0.00360744963920359,1.3112853745165,0.505944741664298
290,"s(prev_lastRippleV1PRE_z):prev_DOWN_yes",0.139856270210985,0.00166003517517794,0.780553879604683,0.409507512159803
291,"s(prev_lastRippleV1PRE_z):prev_DOWN_yes",0.344169332258007,0.00303411063705629,2.34192423130073,1.49360619627979
292,"s(prev_lastRippleV1PRE_z):prev_DOWN_yes",0.257173831492994,0.00182516091223965,2.58505098186698,1.72475115721657
293,"s(prev_lastRippleV1PRE_z):prev_DOWN_yes",0.113931729869075,0.00129262500799662,0.701703569426871,0.209560444143832
294,"s(prev_lastRippleV1PRE_z):prev_DOWN_yes",0.0753914155833817,0.00101823052108637,0.579907966291925,0.420743314381701
295,"s(prev_lastRippleV1PRE_z):prev_DOWN_yes",0.0564959016720268,0.000526277014165507,0.438727974310787,0.130813162819889
296,"s(prev_lastRippleV1PRE_z):prev_DOWN_yes",0.126286971586415,0.00139517790538014,0.727881734396916,0.255115646506001
297,"s(prev_lastRippleV1PRE_z):prev_DOWN_yes",0.174283549282151,0.000991074564938998,0.735119526616181,0.304005147996425
298,"s(prev_lastRippleV1PRE_z):prev_DOWN_yes",0.0292646509890888,0.000321865600428357,0.357275350527776,0.106182081091165
299,"s(prev_lastRippleV1PRE_z):prev_DOWN_yes",0.0358648300144981,0.000862998793200719,0.377534306456215,0.578443160328073
300,"s(prev_lastRippleV1PRE_z):prev_DOWN_yes",0.0430784991045305,5.70866044379709e-05,0.319351840594562,0.154003269900022
301,"s(prev_lastRippleV1PRE_z):prev_DOWN_yes",0.297965470365098,0.00185157274507484,1.30542613639677,0.445223065682366
302,"s(prev_lastRippleV1PRE_z):prev_DOWN_yes",0.175403961010798,0.00362302416922788,0.841671166869495,1.32097637834254
303,"s(prev_lastRippleV1PRE_z):prev_DOWN_yes",0.128669199266891,0.00134304210390779,0.755112136087102,0.224583273107299
304,"s(prev_lastRippleV1PRE_z):prev_DOWN_yes",0.0415543812927037,0.00045354044678296,0.441243921933325,0.131057138872227
305,"s(prev_lastRippleV1PRE_z):prev_DOWN_yes",0.0710267984739694,0.000750825631719265,0.546655542925806,0.162998344456885
306,"s(prev_lastRippleV1PRE_z):prev_DOWN_yes",0.140743237215753,0.00249416432125841,0.771716283471091,1.26861076497211
307,"s(prev_lastRippleV1PRE_z):prev_DOWN_yes",0.0716682202499266,0.000765486044540066,0.554244521247506,0.165271503393104
308,"s(prev_lastRippleV1PRE_z):prev_DOWN_yes",0.131033252924609,0.000567572667157019,1.19294236712616,0.553914909552661
309,"s(prev_lastRippleV1PRE_z):prev_DOWN_yes",0.0834102489667075,0.00106144074899016,0.560392636840505,0.426921157092405
310,"s(prev_lastRippleV1PRE_z):prev_DOWN_yes",0.559555559022515,0.00498810694648395,2.35302309888193,0.654521146345771
311,"s(prev_lastRippleV1PRE_z):prev_DOWN_yes",0.20165809082043,0.00101628975070811,1.12035825341617,0.427249828415996
312,"s(prev_lastRippleV1PRE_z):prev_DOWN_yes",0.131118196848784,0.00137163643719736,0.737054425495348,0.219305995197312
313,"s(prev_lastRippleV1PRE_z):prev_DOWN_yes",0.119541441228455,0.00168915636272343,0.583876988488437,0.802788578798002
314,"s(prev_lastRippleV1PRE_z):prev_DOWN_yes",0.347503914285877,0.0035981981255249,1.17832732283291,0.349838041969524
315,"s(prev_lastRippleV1PRE_z):prev_DOWN_yes",0.209088435384895,0.00184856458455276,0.899244913941683,0.267095120390648
316,"s(prev_lastRippleV1PRE_z):prev_DOWN_yes",0.387456670638543,0.00433743305600913,1.29575253073354,0.386536107786854
317,"s(prev_lastRippleV1PRE_z):prev_DOWN_yes",0.034367720331451,0.00049620253643547,0.368147362500534,0.422437462241527
318,"s(prev_lastRippleV1PRE_z):prev_DOWN_yes",0.237008354335448,0.00204330045868356,0.921278284917898,0.42953272555097
319,"s(prev_lastRippleV1PRE_z):prev_DOWN_yes",0.0972830753998597,0.0010481960541538,0.641599489400159,0.191860746687921
320,"s(prev_lastRippleV1PRE_z):prev_DOWN_yes",0.0665195625778408,0.00119725138197123,0.544105666427941,0.682828893282551
321,"s(prev_lastRippleV1PRE_z):prev_DOWN_yes",0.256533265223128,0.00281039285620145,1.03928585772839,0.310116724819835
322,"s(prev_lastRippleV1PRE_z):prev_DOWN_yes",0.208252969350915,0.00233356189480872,0.953355549174967,0.429288018687271
323,"s(prev_lastRippleV1PRE_z):prev_DOWN_yes",0.277746624031329,0.00208263412666611,2.00319293857653,0.65803490668604
324,"s(prev_lastRippleV1PRE_z):prev_DOWN_yes",0.253424601072589,0.0018939754388703,1.34170946613941,0.396995590942824
325,"s(prev_lastRippleV1PRE_z):prev_DOWN_yes",0.343212870037039,0.00339713307945233,0.851145987871624,0.53875862597823
326,"s(prev_lastRippleV1PRE_z):prev_DOWN_yes",0.0709922690884026,0.000894919020352587,0.587981163200631,0.174902181947238
327,"s(prev_lastRippleV1PRE_z):prev_DOWN_yes",0.0620199308437517,0.00100314763585332,0.516622541858525,0.373937812550317
328,"s(prev_lastRippleV1PRE_z):prev_DOWN_yes",0.158074836642313,0.0012899738329668,1.10156951032576,0.306776877829902
329,"s(prev_lastRippleV1PRE_z):prev_DOWN_yes",0.346894564999104,0.00293542651968142,1.12866637111318,0.438525386453369
330,"s(prev_lastRippleV1PRE_z):prev_DOWN_yes",0.169328740060101,0.00085223819997866,0.646825268252445,0.244796800794664
331,"s(prev_lastRippleV1PRE_z):prev_DOWN_yes",0.111908145343953,0.000415718129411047,0.892408057689026,0.258070718535301
332,"s(prev_lastRippleV1PRE_z):prev_DOWN_yes",0.482308996180416,0.00447444119078493,3.01565174062695,1.66320427373654
333,"s(prev_lastRippleV1PRE_z):prev_DOWN_yes",0.21229058671738,0.00150758349653177,1.70317041357121,0.576408590089012
334,"s(prev_lastRippleV1PRE_z):prev_DOWN_yes",0.396620904645403,0.00357499428564509,2.36229914914191,0.921507295474588
335,"s(prev_lastRippleV1PRE_z):prev_DOWN_yes",0.292227079057654,0.00241246183197617,2.33983535959764,1.40815929756235
336,"s(prev_lastRippleV1PRE_z):prev_DOWN_yes",0.0749285600650005,0.00125287796239185,0.493208009925741,0.766495182224437
337,"s(prev_lastRippleV1PRE_z):prev_DOWN_yes",0.109052314253072,0.00119421071878076,0.67361231521199,0.198465774645879
338,"s(prev_lastRippleV1PRE_z):prev_DOWN_yes",0.15884988181528,0.00156518574917515,0.769169071258431,0.22941251862288
339,"s(prev_lastRippleV1PRE_z):prev_DOWN_yes",0.256566793070807,0.00315005011922523,1.58068665165996,0.763559740548448
340,"s(prev_lastRippleV1PRE_z):prev_DOWN_yes",0.34574359478226,0.00208474288845834,1.10391454119182,0.425040882840114
341,"s(prev_lastRippleV1PRE_z):prev_DOWN_yes",0.0362887936471186,0.000550199535878195,0.385473389584197,0.424164019349915
342,"s(prev_lastRippleV1PRE_z):prev_DOWN_yes",0.0222891262428169,0.000697200283104848,0.284507151792088,0.771820775537921
343,"s(prev_lastRippleV1PRE_z):prev_DOWN_yes",0.289318839059535,0.0016725223184349,1.11275709974963,0.403788206091484
344,"s(prev_lastRippleV1PRE_z):prev_DOWN_yes",0.508367984834658,0.00434601717177206,1.52454145140222,0.510075566355929
345,"s(prev_lastRippleV1PRE_z):prev_DOWN_yes",0.114653135990372,0.00127879396708461,0.649515210167417,0.192282493183474
346,"s(prev_lastRippleV1PRE_z):prev_DOWN_yes",0.447798471987369,0.00349827314293054,2.19584668028943,0.727605160470279
347,"s(prev_lastRippleV1PRE_z):prev_DOWN_yes",0.503617428596206,0.00454941379705637,2.27326867500161,0.828436688095887
348,"s(prev_lastRippleV1PRE_z):prev_DOWN_yes",0.235995045697655,0.00274919479552878,1.04307927502463,0.310557271269082
349,"s(prev_lastRippleV1PRE_z):prev_DOWN_yes",0.2474010795653,0.00194245655714476,1.76136896906358,0.713794787157164
350,"s(prev_lastRippleV1PRE_z):prev_DOWN_yes",0.430317942061325,0.00447892620895064,5.12028635636169,1.88162532622546
351,"s(prev_lastRippleV1PRE_z):prev_DOWN_yes",0.0569676462126054,0.000622554213954667,0.507967186452362,0.151483613300392
352,"s(prev_lastRippleV1PRE_z):prev_DOWN_yes",0.581281057176765,0.00478987087897653,3.19797096044168,0.898937779012264
353,"s(prev_lastRippleV1PRE_z):prev_DOWN_yes",0.199212664939459,0.00138425835233193,0.680727501940594,0.256597199362117
354,"s(prev_lastRippleV1PRE_z):prev_DOWN_yes",0.222868014298633,0.00180164082155153,0.938213147016988,0.323137854521735
355,"s(prev_lastRippleV1PRE_z):prev_DOWN_yes",0.410276900829237,0.00368274539824072,2.57433834837118,3.10265662778883
356,"s(prev_lastRippleV1PRE_z):prev_DOWN_yes",0.29180293770981,0.00263498324236704,2.1009671688013,1.50411802041641
357,"s(prev_lastRippleV1PRE_z):prev_DOWN_yes",0.0748305444006707,0.000773949022217721,0.538968996095465,0.160469339818736
358,"s(prev_lastRippleV1PRE_z):prev_DOWN_yes",0.134008605951785,0.000318181290316976,0.76305007498891,0.227308228341766
359,"s(prev_lastRippleV1PRE_z):prev_DOWN_yes",0.181203723185019,0.00196229378134527,0.903359903034838,0.268511871956421
360,"s(prev_lastRippleV1PRE_z):prev_DOWN_yes",0.139468855769012,0.0015350671287235,0.571006857107388,0.753167910209851
361,"s(prev_lastRippleV1PRE_z):prev_DOWN_yes",0.0259301532535092,0.000273798765286641,0.322454863545843,0.095916474456064
362,"s(prev_lastRippleV1PRE_z):prev_DOWN_yes",0.32342802674931,0.00268144808290433,1.44847758092989,0.582335408175833
363,"s(prev_lastRippleV1PRE_z):prev_DOWN_yes",0.170046678967386,0.00177548367514545,0.699075806397822,0.207205232938457
364,"s(prev_lastRippleV1PRE_z):prev_DOWN_yes",0.0320785758232898,0.000337828407055399,0.374641415494027,0.111454614932803
365,"s(prev_lastRippleV1PRE_z):prev_DOWN_yes",0.309680973908677,0.00278126613773243,1.84805544700606,1.04616460241017
366,"s(prev_lastRippleV1PRE_z):prev_DOWN_yes",-2.77370594350401e-05,0.000113082660161168,0.0026633822001465,0.265725723306446
367,"s(prev_lastRippleV1PRE_z):prev_DOWN_yes",0.371024763780045,0.00315586633078852,2.50596416596226,1.05738733837174
368,"s(prev_lastRippleV1PRE_z):prev_DOWN_yes",0.137817704086464,0.00131545419534525,0.836879144421334,0.60199914460312
369,"s(prev_lastRippleV1PRE_z):prev_DOWN_yes",0.129831581491059,0.00136380310580844,0.636636509985679,0.188855578656492
370,"s(prev_lastRippleV1PRE_z):prev_DOWN_yes",0.0822755531086266,0.000856031618466725,0.569281167313124,0.169587985213161
371,"s(prev_lastRippleV1PRE_z):prev_DOWN_yes",0.172079403639851,0.000884573313546352,0.90298199145376,0.391131168758178
372,"s(prev_lastRippleV1PRE_z):prev_DOWN_yes",0.272296682964482,0.00264130030366745,2.22885765014242,0.752024254732707
373,"s(prev_lastRippleV1PRE_z):prev_DOWN_yes",0.269852862451989,0.00236686387566611,2.60076650510109,1.71828932137814
374,"s(prev_lastRippleV1PRE_z):prev_DOWN_yes",0.144057693368702,0.00145970180579193,0.595755361416856,0.299666561207377
375,"s(prev_lastRippleV1PRE_z):prev_DOWN_yes",0.347701810506756,0.00149372991162056,1.06738069877755,0.318247843359582
376,"s(prev_lastRippleV1PRE_z):prev_DOWN_yes",0.195200803192585,0.0016931409385234,0.867111015046091,0.315595706414928
377,"s(prev_lastRippleV1PRE_z):prev_DOWN_yes",0.0649456264596635,0.000689602383746247,0.463624533171166,0.137250977208216
378,"s(prev_lastRippleV1PRE_z):prev_DOWN_yes",0.0551877200127207,0.000260655118758395,0.453770895875547,0.146497380566039
379,"s(prev_lastRippleV1PRE_z):prev_DOWN_yes",0.170031240813642,0.0011662548075609,0.729303608922978,0.210207185873485
380,"s(prev_lastRippleV1PRE_z):prev_DOWN_yes",0.529834511272761,0.00421980282965318,1.35486311477976,0.399592011001182
381,"s(prev_lastRippleV1PRE_z):prev_DOWN_yes",0.432620014493325,0.0038310384269488,2.88505469216167,0.754198585277857
382,"s(prev_lastRippleV1PRE_z):prev_DOWN_yes",0.200941724067204,0.00205539611689494,0.869365402291301,0.259300210148685
383,"s(prev_lastRippleV1PRE_z):prev_DOWN_yes",0.0716511450748678,0.000220156261751849,0.406588465324819,0.28244724640151
384,"s(prev_lastRippleV1PRE_z):prev_DOWN_yes",0.103373433443816,0.00109667757419012,0.56787730634618,0.168455577719734
385,"s(prev_lastRippleV1PRE_z):prev_DOWN_yes",0.18280105748282,0.00193119759776681,0.832459436004887,0.247986121690577
386,"s(prev_lastRippleV1PRE_z):prev_DOWN_yes",0.115493618870485,0.00116265525950316,0.68468241806987,0.203969852058224
387,"s(prev_lastRippleV1PRE_z):prev_DOWN_yes",0.28911982154833,0.00298233635961198,1.08292316510577,0.322153715303577
388,"s(prev_lastRippleV1PRE_z):prev_DOWN_yes",0.257032744968386,0.00230075829977547,5.09924868869743,3.97859202919963
389,"s(prev_lastRippleV1PRE_z):prev_DOWN_yes",0.262111085979188,0.00174925335023352,1.27033554806752,0.436546603357124
390,"s(prev_lastRippleV1PRE_z):prev_DOWN_yes",0.302946811712392,0.00256144363143623,1.67253270802015,0.847719443155165
391,"s(prev_lastRippleV1PRE_z):prev_DOWN_yes",0.520155615377417,0.00485727732698674,2.38777273575637,1.17691807409673
392,"s(prev_lastRippleV1PRE_z):prev_DOWN_yes",0.259244961979527,0.00210484528685044,1.36845523243392,0.37980994198596
393,"s(prev_lastRippleV1PRE_z):prev_DOWN_yes",0.213835525612138,0.00117593630065977,1.04586695820048,0.527105733349458
394,"s(prev_lastRippleV1PRE_z):prev_DOWN_yes",0.594831688608651,0.00479736760858662,2.85262985979415,0.746852239259231
395,"s(prev_lastRippleV1PRE_z):prev_DOWN_yes",0.492961577634854,0.00476246495334191,1.55658570567622,0.800781253620387
396,"s(prev_lastRippleV1PRE_z):prev_DOWN_yes",0.111548032232546,0.0011375462268061,0.668233664723446,0.198947357028202
397,"s(prev_lastRippleV1PRE_z):prev_DOWN_yes",0.141597755476567,0.0014306449140601,0.510313815165681,0.679175510676814
398,"s(prev_lastRippleV1PRE_z):prev_DOWN_yes",0.128811058052107,0.00141963725036972,0.742125728168791,0.22121541786401
399,"s(prev_lastRippleV1PRE_z):prev_DOWN_yes",-0.0255438890354043,0.00052176447123539,0.451027675431946,0.134190955015804
400,"s(prev_lastRippleV1PRE_z):prev_DOWN_yes",0.217243176415817,0.00286767912684271,1.00768410189724,1.06632937156065
401,"s(prev_lastRippleV1PRE_z):prev_DOWN_yes",0.317707747590499,0.00293714752605743,1.75441074273543,0.691646652698226
402,"s(prev_lastRippleV1PRE_z):prev_DOWN_yes",0.0452867766307445,0.00111869613920507,0.479706005182866,0.579014773145693
403,"s(prev_lastRippleV1PRE_z):prev_DOWN_yes",0.0916954514441963,0.00100421859362954,0.632548743067567,0.189350764198028
404,"s(prev_lastRippleV1PRE_z):prev_DOWN_yes",0.229835210663568,0.00210271712715458,0.883772760425018,0.26334127078176
405,"s(prev_lastRippleV1PRE_z):prev_DOWN_yes",0.22942568392574,0.0023287534514504,0.968038405205871,0.288178497086462
406,"s(prev_lastRippleV1PRE_z):prev_DOWN_yes",0.0899461172952254,0.00097770510342091,0.649076314760059,0.193311322422207
407,"s(prev_lastRippleV1PRE_z):prev_DOWN_yes",0.123970244048779,0.00153988656911544,0.47557878505563,0.838437427354783
408,"s(prev_lastRippleV1PRE_z):prev_DOWN_yes",0.255160469004903,0.00152417930820658,0.612145326961074,0.168096154975841
409,"s(prev_lastRippleV1PRE_z):prev_DOWN_yes",0.0823223682695016,0.000283693955013193,0.926892654301215,0.245453035531993
410,"s(prev_lastRippleV1PRE_z):prev_DOWN_yes",0.287450207489859,0.00209237748731386,1.10874714363554,0.328141093482668
411,"s(prev_lastRippleV1PRE_z):prev_DOWN_yes",0.071631733079994,0.000742304252610573,0.526474416304724,0.157328432499979
412,"s(prev_lastRippleV1PRE_z):prev_DOWN_yes",0.139139718860262,0.000678427518909544,0.602127178015376,0.202959179617219
413,"s(prev_lastRippleV1PRE_z):prev_DOWN_yes",0.0564804945012778,0.000586955893128977,0.46038733571734,0.13729085026043
414,"s(prev_lastRippleV1PRE_z):prev_DOWN_yes",0.17083388115758,0.00095331690312917,0.85495252878764,0.270947915340319
415,"s(prev_lastRippleV1PRE_z):prev_DOWN_yes",0.123112575428841,0.00128429798127668,0.714128254752985,0.21329906973504
416,"s(prev_lastRippleV1PRE_z):prev_DOWN_yes",0.232142081372311,0.00148840802056701,0.75658465565213,0.253893716297318
417,"s(prev_lastRippleV1PRE_z):prev_DOWN_yes",0.0310793049660942,0.00160205430517873,0.304028281354883,1.23084756260193
418,"s(prev_lastRippleV1PRE_z):prev_DOWN_yes",0.190329223996755,0.00156545415897417,1.01476348484279,0.285969832202578
419,"s(prev_lastRippleV1PRE_z):prev_DOWN_yes",0.103952364956343,0.000392253267873442,0.622320724856388,0.236898224163971
420,"s(prev_lastRippleV1PRE_z):prev_DOWN_yes",0.322094248980304,0.00281115445718784,1.94817035686276,1.47447510756412
421,"s(prev_lastRippleV1PRE_z):prev_DOWN_yes",0.280939471325841,0.00291103802822396,1.09156596974253,0.325522874678158
422,"s(prev_lastRippleV1PRE_z):prev_DOWN_yes",0.162985571030178,0.00172481886351305,0.850623956766809,0.253446570288149
423,"s(prev_lastRippleV1PRE_z):prev_DOWN_yes",0.0189660131980496,0.000435598971617902,0.298561218404424,0.604096002127081
424,"s(prev_lastRippleV1PRE_z):prev_DOWN_yes",0.340634029552957,0.00267589851054545,1.9517250026996,0.586553249278627
425,"s(prev_lastRippleV1PRE_z):prev_DOWN_yes",0.191228495959221,0.00196729517868909,0.838223519402094,0.250488219693782
426,"s(prev_lastRippleV1PRE_z):prev_DOWN_yes",0.188086944160128,0.0013320630727045,1.35133391452528,0.398956008141754
427,"s(prev_lastRippleV1PRE_z):prev_DOWN_yes",0.099427065919917,0.00103447552368896,0.640479699417419,0.190424508852039
428,"s(prev_lastRippleV1PRE_z):prev_DOWN_yes",0.112046717554423,0.000685919679966758,1.40466951343144,0.355309686508613
429,"s(prev_lastRippleV1PRE_z):prev_DOWN_yes",0.216064025434674,0.00219491968960758,0.98151829878497,0.462811860583824
430,"s(prev_lastRippleV1PRE_z):prev_DOWN_yes",0.220175358315585,0.00159381869875716,1.74276007038519,0.582998879563775
431,"s(prev_lastRippleV1PRE_z):prev_DOWN_yes",0.272823901866948,0.0015339048295235,0.973772491955945,0.331346340650161
432,"s(prev_lastRippleV1PRE_z):prev_DOWN_yes",0.137657186559319,0.000866420755082377,1.86284378332166,1.13385765689421
433,"s(prev_lastRippleV1PRE_z):prev_DOWN_yes",0.137452551983721,0.000662061710902426,1.06913813951945,0.323710106860609
434,"s(prev_lastRippleV1PRE_z):prev_DOWN_yes",0.320172331439184,0.00253754838566261,2.90958459437676,0.72657589303789
435,"s(prev_lastRippleV1PRE_z):prev_DOWN_yes",0.263681255288746,0.00251117837954444,1.01788325995437,0.423028271920906
436,"s(prev_lastRippleV1PRE_z):prev_DOWN_yes",0.233371080199787,0.00148958604652935,0.82363552823217,0.343329430784713
437,"s(prev_lastRippleV1PRE_z):prev_DOWN_yes",0.0995993959743435,0.000947380967007099,0.594275123074288,0.450816266362096
438,"s(prev_lastRippleV1PRE_z):prev_DOWN_yes",0.15115713149302,0.00162196112892508,0.803355994322578,0.239742559860413
439,"s(prev_lastRippleV1PRE_z):prev_DOWN_yes",0.135290849454403,0.00149499614207049,0.629963047419959,0.188403051664556
440,"s(prev_lastRippleV1PRE_z):prev_DOWN_yes",0.0722771092861745,0.000661941245117715,0.421572920499455,0.256106239079933
441,"s(prev_lastRippleV1PRE_z):prev_DOWN_yes",0.00823161132654349,0.000317128444876582,0.311964775150297,0.175786483670018
442,"s(prev_lastRippleV1PRE_z):prev_DOWN_yes",0.150554641390985,0.000218445761546892,0.770262748509317,0.23060539524728
443,"s(prev_lastRippleV1PRE_z):prev_DOWN_yes",0.190996720219623,0.00205115976039083,0.871364330482369,0.259822126395072
444,"s(prev_lastRippleV1PRE_z):prev_DOWN_yes",0.230750661991064,0.00146853563001413,1.01877780651905,0.311750138048885
445,"s(prev_lastRippleV1PRE_z):prev_DOWN_yes",0.314827370965332,0.00408304836962128,1.19029431595739,0.847953127940486
446,"s(prev_lastRippleV1PRE_z):prev_DOWN_yes",0.238513537240953,0.00182042884543446,0.587761589171693,0.212423687166531
447,"s(prev_lastRippleV1PRE_z):prev_DOWN_yes",0.455253443080373,0.00301708752797889,1.46919143715808,0.535336666563975
448,"s(prev_lastRippleV1PRE_z):prev_DOWN_yes",0.116205472995761,0.00116298414545461,0.310618529595861,0.488649471129373
449,"s(prev_lastRippleV1PRE_z):prev_DOWN_yes",0.311985379335142,0.00143394558350311,1.13645688239181,0.333932665808978
450,"s(prev_lastRippleV1PRE_z):prev_DOWN_yes",0.1005921647799,0.00105605286555574,0.653210700718875,0.194981305235351
451,"s(prev_lastRippleV1PRE_z):prev_DOWN_yes",0.231011306846521,0.00203418729818297,0.690827257092332,0.291818460379704
452,"s(prev_lastRippleV1PRE_z):prev_DOWN_yes",0.308789911635554,0.00325620308775374,1.15688210084177,0.345590326194875
453,"s(prev_lastRippleV1PRE_z):prev_DOWN_yes",0.104890804935247,0.00109247735229058,0.664023767054732,0.19756709805588
454,"s(prev_lastRippleV1PRE_z):prev_DOWN_yes",0.435177896723705,0.00408850723169451,1.69606732945184,0.540961764078704
455,"s(prev_lastRippleV1PRE_z):prev_DOWN_yes",0.302999793296557,0.00304910162274178,2.5825073712824,0.69333883945035
456,"s(prev_lastRippleV1PRE_z):prev_DOWN_yes",0.224227445043716,0.0022729177980931,1.81052374900307,0.639163516713402
457,"s(prev_lastRippleV1PRE_z):prev_DOWN_yes",0.512189528606869,0.00471139758035874,2.14675072013971,0.762819791831219
458,"s(prev_lastRippleV1PRE_z):prev_DOWN_yes",0.0843949882798265,0.00108249054693674,0.622543533073191,0.412335504911106
459,"s(prev_lastRippleV1PRE_z):prev_DOWN_yes",0.0971299362237152,0.00105989360931564,0.655540827073483,0.200282553490823
460,"s(prev_lastRippleV1PRE_z):prev_DOWN_yes",0.0913464747350705,0.00114172904377978,0.63881490523459,0.259390578581565
461,"s(prev_lastRippleV1PRE_z):prev_DOWN_yes",0.122483687159175,0.000667713023205628,0.755725364053694,0.536040338350869
462,"s(prev_lastRippleV1PRE_z):prev_DOWN_yes",0.199429249729986,0.0019100206814269,0.865095766503963,0.387376396319238
463,"s(prev_lastRippleV1PRE_z):prev_DOWN_yes",0.262429929222274,0.0015251819179958,1.30970597094868,0.369445549333708
464,"s(prev_lastRippleV1PRE_z):prev_DOWN_yes",0.0336521835101129,0.000514855279522341,0.394029741203014,0.304784016913126
465,"s(prev_lastRippleV1PRE_z):prev_DOWN_yes",0.0529504322369876,0.0005578262517804,0.470120931197902,0.221476174688421
466,"s(prev_lastRippleV1PRE_z):prev_DOWN_yes",0.156611123133483,0.00135400892068997,0.769060937424853,0.302484473013793
467,"s(prev_lastRippleV1PRE_z):prev_DOWN_yes",0.168319626209722,0.00196714233310953,0.826184155041883,0.364606028996162
468,"s(prev_lastRippleV1PRE_z):prev_DOWN_yes",0.0311511600443133,0.000307349926969116,0.361815188269698,0.108041027087043
469,"s(prev_lastRippleV1PRE_z):prev_DOWN_yes",0.326948527509267,0.00351156997696894,1.11982138092012,0.335394917689116
470,"s(prev_lastRippleV1PRE_z):prev_DOWN_yes",0.123847334814915,0.00136697873379984,0.724463075573723,0.215419367006815
471,"s(prev_lastRippleV1PRE_z):prev_DOWN_yes",0.352929742793944,0.00291723003859915,1.62092096687391,0.470643519214037
472,"s(prev_lastRippleV1PRE_z):prev_DOWN_yes",0.201982308150124,0.00211239826044874,0.795143770874515,0.235305338384121
473,"s(prev_lastRippleV1PRE_z):prev_DOWN_yes",0.159942749859028,0.00139939465445813,0.810036806407703,0.303151824272359
474,"s(prev_lastRippleV1PRE_z):prev_DOWN_yes",0.409550247717506,0.00355906745436306,3.05984439152335,0.802796797426463
475,"s(prev_lastRippleV1PRE_z):prev_DOWN_yes",0.108361027061904,0.000386363242275462,0.668414501556873,0.332336137398443
476,"s(prev_lastRippleV1PRE_z):prev_DOWN_yes",0.327083994087333,0.00238312786009758,1.33794843305905,0.383034317807188
477,"s(prev_lastRippleV1PRE_z):prev_DOWN_yes",0.124418971574281,0.000620594811689472,1.3391307897117,0.342966361032542
478,"s(prev_lastRippleV1PRE_z):prev_DOWN_yes",0.396649364478815,0.00336071654712148,2.19452670147264,0.935293433335358
479,"s(prev_lastRippleV1PRE_z):prev_DOWN_yes",0.199024498240771,0.00232743824625326,0.942271157488862,0.302798535555083
480,"s(prev_lastRippleV1PRE_z):prev_DOWN_yes",0.43498179764932,0.00386099989703717,1.82895109019886,0.517026281793987
481,"s(prev_lastRippleV1PRE_z):prev_DOWN_yes",0.19055549687906,0.0019999099108402,0.871092154909701,0.260236043212288
482,"s(prev_lastRippleV1PRE_z):prev_DOWN_yes",0.180379725918421,0.00161958613336549,2.47758054547509,0.748325409517166
483,"s(prev_lastRippleV1PRE_z):prev_DOWN_yes",0.112848162247262,0.00122370160767101,0.652618367610954,0.194192970375276
484,"s(prev_lastRippleV1PRE_z):prev_DOWN_yes",0.0400770736815605,0.000456628819005835,0.418678127813502,0.124595572514671
485,"s(prev_lastRippleV1PRE_z):prev_DOWN_yes",0.0909509091873568,0.00031656522652835,0.511154724512942,0.261076009959064
486,"s(prev_lastRippleV1PRE_z):prev_DOWN_yes",0.148119415994106,0.000674962582448817,0.719994593685599,0.296168711073371
487,"s(prev_lastRippleV1PRE_z):prev_DOWN_yes",0.0131068010752555,0.000741525667602663,0.512781079950804,0.168008266732054
488,"s(prev_lastRippleV1PRE_z):prev_DOWN_yes",0.191653130835395,0.000998377823092923,0.825469171823904,0.414889898206003
489,"s(prev_lastRippleV1PRE_z):prev_DOWN_yes",0.151896482535176,0.00189132370533537,0.783060443410686,0.601795061829261
490,"s(prev_lastRippleV1PRE_z):prev_DOWN_yes",0.544348318971769,0.00467513731938616,1.04176189413628,0.376904144164061
491,"s(prev_lastRippleV1PRE_z):prev_DOWN_yes",0.0765705432176755,0.000501123898060761,0.53891312418386,0.17019999924022
492,"s(prev_lastRippleV1PRE_z):prev_DOWN_yes",0.579768909863372,0.00501608883337775,2.44981845097062,0.625598788088214
493,"s(prev_lastRippleV1PRE_z):prev_DOWN_yes",0.21037835787572,0.00223593529173598,0.93423153670915,0.277513217586616
494,"s(prev_lastRippleV1PRE_z):prev_DOWN_yes",0.0415332815727307,0.000151451922488488,0.403162298439041,0.122669027068996
495,"s(prev_lastRippleV1PRE_z):prev_DOWN_yes",0.33123024283397,0.00367151626291505,1.08212044619011,0.509554260630771
496,"s(prev_lastRippleV1PRE_z):prev_DOWN_yes",0.0411316625271301,0.0022012516397907,0.354305084350373,1.29994826831255
497,"s(prev_lastRippleV1PRE_z):prev_DOWN_yes",0.207919119694671,0.00173005694582324,1.2861045855458,0.630606762646342
498,"s(prev_lastRippleV1PRE_z):prev_DOWN_yes",0.150603360178132,0.00160548633605909,0.662913872446385,0.196271877525904
499,"s(prev_lastRippleV1PRE_z):prev_DOWN_yes",0.0385860071502586,0.00042279843222515,0.349285953927827,0.103748474970542
500,"s(prev_lastRippleV1PRE_z):prev_DOWN_yes",0.189510472110931,0.00150054740209149,0.900225333561518,0.302774874131383
501,"s(prev_lastRippleV1PRE_z):prev_DOWN_yes",0.437864930171573,0.00274907957544842,2.25833114314752,0.584403131138666
502,"s(prev_lastRippleV1PRE_z):prev_DOWN_yes",0.120945192327805,0.00124486653291966,0.718697450569968,0.699384854254826
503,"s(prev_lastRippleV1PRE_z):prev_DOWN_yes",0.0882865800086545,0.00135226842142193,0.59912972440679,0.54310106979572
504,"s(prev_lastRippleV1PRE_z):prev_DOWN_yes",0.226061306867706,0.00202141103651934,1.07101078156505,0.353407404873106
505,"s(prev_lastRippleV1PRE_z):prev_DOWN_yes",0.0120658626435413,0.000144507876372439,0.234316945993897,0.0695239660913076
506,"s(prev_lastRippleV1PRE_z):prev_DOWN_yes",0.226407239556053,0.00157357050455924,2.06819519265718,0.548133293177999
507,"s(prev_lastRippleV1PRE_z):prev_DOWN_yes",0.253356639311462,0.00218298364853275,2.74731326702108,0.680497290053324
508,"s(prev_lastRippleV1PRE_z):prev_DOWN_yes",0.424831959343251,0.00315072944122874,1.86331125718674,0.797983335168249
509,"s(prev_lastRippleV1PRE_z):prev_DOWN_yes",0.154524164577686,0.00096542357115613,0.553881591091536,0.377407214017659
510,"s(prev_lastRippleV1PRE_z):prev_DOWN_yes",0.140145171520664,0.00215563425225365,0.764795800119924,0.75159526032335
511,"s(prev_lastRippleV1PRE_z):prev_DOWN_yes",0.158966059629294,0.00179839695440811,0.833180454380644,0.248143532820477
512,"s(prev_lastRippleV1PRE_z):prev_DOWN_yes",0.08056737066814,0.000489237183888813,0.593533275917944,0.204546809323267
513,"s(prev_lastRippleV1PRE_z):prev_DOWN_yes",0.0912844320236035,0.000304756351407441,0.624368087452995,0.228366225815753
514,"s(prev_lastRippleV1PRE_z):prev_DOWN_yes",0.272406659828132,0.00241314490412957,2.31128849873777,2.08139596983866
515,"s(prev_lastRippleV1PRE_z):prev_DOWN_yes",0.379173482769647,0.00407513685259634,1.66352548655709,0.882385373120817
516,"s(prev_lastRippleV1PRE_z):prev_DOWN_yes",0.172716401461836,0.00211714178804704,1.05386719946131,0.763317236674891
517,"s(prev_lastRippleV1PRE_z):prev_DOWN_yes",0.207676888267141,0.00160495971930339,1.02526366088213,0.328335521988826
518,"s(prev_lastRippleV1PRE_z):prev_DOWN_yes",0.0827685795304349,0.000456011288853882,0.617116165856584,0.201462256327522
519,"s(prev_lastRippleV1PRE_z):prev_DOWN_yes",0.209740027224619,0.00215765467663271,0.826351087406965,0.246144829272276
520,"s(prev_lastRippleV1PRE_z):prev_DOWN_yes",0.25387192900202,0.00175410879413197,2.85214300640687,0.715528439089283
521,"s(prev_lastRippleV1PRE_z):prev_DOWN_yes",0.136227765833857,0.00121193505179385,0.899392133037629,0.402662114170552
522,"s(prev_lastRippleV1PRE_z):prev_DOWN_yes",0.0656753674894262,0.000701008104268199,0.509634581030428,0.151633352657392
523,"s(prev_lastRippleV1PRE_z):prev_DOWN_yes",0.0445597965292839,0.000513945580837046,0.401612229654438,0.22934094372903
524,"s(prev_lastRippleV1PRE_z):prev_DOWN_yes",0.0392009768690338,0.000605264529500042,0.349072095468727,0.372632532576517
525,"s(prev_lastRippleV1PRE_z):prev_DOWN_yes",0.20187635765042,0.00178016521203842,0.775933767922082,0.42402968630338
526,"s(prev_lastRippleV1PRE_z):prev_DOWN_yes",0.19079125444842,0.00122214732045653,0.728411210315055,0.472193703591834
527,"s(prev_lastRippleV1PRE_z):prev_DOWN_yes",0.0861759910987701,0.000289776578850032,0.493990991637398,0.319182132463208
528,"s(prev_lastRippleV1PRE_z):prev_DOWN_yes",0.204170060537024,0.00029176161845084,0.885274234478211,0.261225066024375
529,"s(prev_lastRippleV1PRE_z):prev_DOWN_yes",0.389303727984994,0.00332582302745153,1.90046920662138,1.21373901801633
530,"s(prev_lastRippleV1PRE_z):prev_DOWN_yes",0.345825207679121,0.00215920355042765,1.04150602578271,0.332547936486503
531,"s(prev_lastRippleV1PRE_z):prev_DOWN_yes",0.366747934839593,0.00389179977610223,1.18442509542611,0.353657546666219
532,"s(prev_lastRippleV1PRE_z):prev_DOWN_yes",0.0824106174909165,0.000889024517191306,0.612845673415711,0.183376621626311
533,"s(prev_lastRippleV1PRE_z):prev_DOWN_yes",0.311899216209463,0.00310094040456589,1.10315719796758,0.329538926620672
534,"s(prev_lastRippleV1PRE_z):prev_DOWN_yes",0.506274972058112,0.00486849755601118,2.68320166236784,0.672489418823686
535,"s(prev_lastRippleV1PRE_z):prev_DOWN_yes",0.0858191765654785,0.000306564414136899,0.214097734643751,0.0962850147577697
536,"s(prev_lastRippleV1PRE_z):prev_DOWN_yes",0.437702240427829,0.00488658776024514,1.34871969663086,0.754114258217465
537,"s(prev_lastRippleV1PRE_z):prev_DOWN_yes",0.416791865259146,0.0033524723904049,2.18943471842087,0.693188111162298
538,"s(prev_lastRippleV1PRE_z):prev_DOWN_yes",0.210957606344821,0.00320801166219028,0.988973461602385,0.840676213713069
539,"s(prev_lastRippleV1PRE_z):prev_DOWN_yes",0.170957526951591,0.00175692631508319,0.786136812613969,0.234108813669952
540,"s(prev_lastRippleV1PRE_z):prev_DOWN_yes",0.269500705220457,0.00236366327610694,1.03254617714633,0.644185573458184
541,"s(prev_lastRippleV1PRE_z):prev_DOWN_yes",0.0885389266146017,7.83855667361646e-05,0.521891425225738,0.154014403566044
542,"s(prev_lastRippleV1PRE_z):prev_DOWN_yes",0.212465392567491,0.00221596346418905,0.931080497113237,0.277423906685554
543,"s(prev_lastRippleV1PRE_z):prev_DOWN_yes",0.300011785977208,0.00213568084722181,1.79305913860165,0.455091963074494
544,"s(prev_lastRippleV1PRE_z):prev_DOWN_yes",0.180850667817529,0.00280596103652243,0.835929599748417,0.854212200320834
545,"s(prev_lastRippleV1PRE_z):prev_DOWN_yes",0.320681876104365,0.00341683019879707,1.19461574601211,0.356126013446624
546,"s(prev_lastRippleV1PRE_z):prev_DOWN_yes",0.0253442480926909,0.000325701579489176,0.291845404613743,0.200203768441474
547,"s(prev_lastRippleV1PRE_z):prev_DOWN_yes",0.0881578326741383,0.00170243412328074,0.695411829481548,0.206140883957311
548,"s(prev_lastRippleV1PRE_z):prev_DOWN_yes",0.229471741471047,0.00184752017746095,1.28001204941284,0.443588664051144
549,"s(prev_lastRippleV1PRE_z):prev_DOWN_yes",0.255027530983582,0.00272531408351639,1.05457043977061,0.313729511813987
550,"s(prev_lastRippleV1PRE_z):prev_DOWN_yes",0.191321097656742,0.00171515668921615,0.831610160580783,0.505563052709867
551,"s(prev_lastRippleV1PRE_z):prev_DOWN_yes",0.278673859709751,0.00300377871155794,1.06339522308103,0.315997787983162
552,"s(prev_lastRippleV1PRE_z):prev_DOWN_yes",0.225811124220622,0.00172064990011873,0.379493318632633,0.575541736110296
553,"s(prev_lastRippleV1PRE_z):prev_DOWN_yes",0.13530594199872,0.00138572432484776,0.73776281708267,0.220044122232965
554,"s(prev_lastRippleV1PRE_z):prev_DOWN_yes",0.224556786676443,0.00132476914401411,1.20175086002732,0.387663190678551
555,"s(prev_lastRippleV1PRE_z):prev_DOWN_yes",0.158554401633094,0.00167236103075792,0.800625537257027,0.238366429348871
556,"s(prev_lastRippleV1PRE_z):prev_DOWN_yes",0.158039394508465,0.00162847473420145,0.766292788732343,0.228415517011368
557,"s(prev_lastRippleV1PRE_z):prev_DOWN_yes",0.0947809970714548,0.00113447787673849,0.549389435109662,0.307056120264166
558,"s(prev_lastRippleV1PRE_z):prev_DOWN_yes",0.0886126611060565,0.00117538985788336,0.618256526265252,0.489206533024122
559,"s(prev_lastRippleV1PRE_z):prev_DOWN_yes",0.0806082810262092,0.00124496223156691,0.603086641467013,0.626447557829443
560,"s(prev_lastRippleV1PRE_z):prev_DOWN_yes",0.0568553224290138,0.00060019717656938,0.473158993423248,0.140933613372123
561,"s(prev_lastRippleV1PRE_z):prev_DOWN_yes",0.423306529344812,0.00458793379858398,0.953985507666444,0.787967832702875
562,"s(prev_lastRippleV1PRE_z):prev_DOWN_yes",0.273213977975988,0.00205313711042415,1.78213107501429,0.523148046172137
563,"s(prev_lastRippleV1PRE_z):prev_DOWN_yes",0.254413497755664,0.00216245091417881,2.41462056337795,1.56815666496308
564,"s(prev_lastRippleV1PRE_z):prev_DOWN_yes",0.251002075228119,0.00263356310955209,0.999351491822912,0.299036940120593
565,"s(prev_lastRippleV1PRE_z):prev_DOWN_yes",0.285790835915956,0.00206731981162538,1.40892320527173,0.395624313652281
566,"s(prev_lastRippleV1PRE_z):prev_DOWN_yes",0.393658627604432,0.0041667503227409,1.17966723014068,0.35292458446409
567,"s(prev_lastRippleV1PRE_z):prev_DOWN_yes",0.190786525422761,0.000987255045384425,0.961806784482937,0.308065732219184
568,"s(prev_lastRippleV1PRE_z):prev_DOWN_yes",0.204561202509819,0.00154761415061944,1.8252175107612,0.55630904523715
569,"s(prev_lastRippleV1PRE_z):prev_DOWN_yes",0.0641594864090766,0.000722264510920982,0.542063225257403,0.161567847819229
570,"s(prev_lastRippleV1PRE_z):prev_DOWN_yes",0.284341019795455,0.00198243499123591,1.41192339590966,0.83440969687007
571,"s(prev_lastRippleV1PRE_z):prev_DOWN_yes",0.415170081392837,0.00396381152276833,1.68949724962603,1.08626572787902
572,"s(prev_lastRippleV1PRE_z):prev_DOWN_yes",0.184569160426872,0.00206890979433179,0.8832493532387,0.338588836092128
573,"s(prev_lastRippleV1PRE_z):prev_DOWN_yes",0.124998038100417,0.00137307024280802,0.721233725163612,0.214607115726177
574,"s(prev_lastRippleV1PRE_z):prev_DOWN_yes",0.347036398097979,0.00314476565374371,1.28526668552683,0.510745904450263
575,"s(prev_lastRippleV1PRE_z):prev_DOWN_yes",0.338893714261634,0.00219144112591938,1.2240796993806,0.337752307343816
576,"s(prev_lastRippleV1PRE_z):prev_DOWN_yes",0.354780080740004,0.00283742461864628,2.35172795627903,0.632805413266941
577,"s(prev_lastRippleV1PRE_z):prev_DOWN_yes",0.266427794041658,0.00278305368567258,1.02807126631566,0.306134292386164
578,"s(prev_lastRippleV1PRE_z):prev_DOWN_yes",0.119268989906951,0.000924800004575745,0.632309423475097,0.25736553738044
579,"s(prev_lastRippleV1PRE_z):prev_DOWN_yes",0.0612351386490495,0.0012249138180527,0.545513049210801,0.160898037859147
580,"s(prev_lastRippleV1PRE_z):prev_DOWN_yes",0.225558905522074,0.00329624106038129,0.931257038294711,0.870416587666359
581,"s(prev_lastRippleV1PRE_z):prev_DOWN_yes",0.1603774706639,0.00105610331403629,1.03460938150626,0.331311151759542
582,"s(prev_lastRippleV1PRE_z):prev_DOWN_yes",0.161986063099858,0.000951813400452718,0.490353668240341,0.33879246108974
583,"s(prev_lastRippleV1PRE_z):prev_DOWN_yes",0.218348883049117,0.00126811510383922,1.35884870135105,0.335655057602208
584,"s(prev_lastRippleV1PRE_z):prev_DOWN_yes",0.0775852595831399,0.000784992666104856,0.543097239120203,0.161835641747432
585,"s(prev_lastRippleV1PRE_z):prev_DOWN_yes",0.124903903146104,0.00135120272679223,0.687357356259397,0.204560636784322
586,"s(prev_lastRippleV1PRE_z):prev_DOWN_yes",0.283465589458547,0.00154982907628166,1.13975628393426,0.367384269857208
587,"s(prev_lastRippleV1PRE_z):prev_DOWN_yes",0.136931474202552,0.000979755335653117,1.12655684831139,0.318854022112536
588,"s(prev_lastRippleV1PRE_z):prev_DOWN_yes",0.337605386489042,0.00289832785281074,1.89835168308124,2.07544910805856
589,"s(prev_lastRippleV1PRE_z):prev_DOWN_yes",0.244224599730874,0.00347971050525589,1.18337343613486,0.351318317384529
590,"s(prev_lastRippleV1PRE_z):prev_DOWN_yes",0.246711866784276,0.00378262840881643,1.00262809395809,1.09952851329036
591,"s(prev_lastRippleV1PRE_z):prev_DOWN_yes",0.233951055838428,0.00253488823780711,0.966212196182746,0.287773386250025
592,"s(prev_lastRippleV1PRE_z):prev_DOWN_yes",0.415463167154397,0.00477539715901381,1.29856032691071,0.652945236137999
593,"s(prev_lastRippleV1PRE_z):prev_DOWN_yes",0.39604922295602,0.00319750344910816,1.70530775730091,1.09770543424733
594,"s(prev_lastRippleV1PRE_z):prev_DOWN_yes",0.0413800770919561,0.000444133572615871,0.408715813947449,0.121507227628764
595,"s(prev_lastRippleV1PRE_z):prev_DOWN_yes",0.251601171067837,0.00211680456249557,0.85197319411786,0.784404260538862
596,"s(prev_lastRippleV1PRE_z):prev_DOWN_yes",0.100775088196328,0.00116534439480344,0.580395904056061,0.171779072963598
597,"s(prev_lastRippleV1PRE_z):prev_DOWN_yes",0.378625884529713,0.0033471555949313,2.36787483726058,1.79213569133795
598,"s(prev_lastRippleV1PRE_z):prev_DOWN_yes",0.312158158120265,0.00319258590146985,1.82378320753648,0.569373444476464
599,"s(prev_lastRippleV1PRE_z):prev_DOWN_yes",0.31555827629649,0.00209088671941548,1.42419273962707,0.485649659428235
600,"s(prev_lastRippleV1PRE_z):prev_DOWN_yes",0.350399707828207,0.00263836892101682,1.70743157679185,0.64448962577899
601,"s(prev_lastRippleV1PRE_z):prev_DOWN_yes",0.223092120491539,0.00156173853344326,0.619595675570726,0.246637778168798
602,"s(prev_lastRippleV1PRE_z):prev_DOWN_yes",0.260018531804173,0.00221955855909478,0.999651058370822,1.26403766528844
603,"s(prev_lastRippleV1PRE_z):prev_DOWN_yes",0.431584210595862,0.00396366150569716,2.34482011684033,1.46155815364747
604,"s(prev_lastRippleV1PRE_z):prev_DOWN_yes",0.162200690983844,0.00111209839617168,0.477716439530532,0.304439633537444
605,"s(prev_lastRippleV1PRE_z):prev_DOWN_yes",0.338320913207596,0.00357507125534215,1.2043845124612,0.359891050428744
606,"s(prev_lastRippleV1PRE_z):prev_DOWN_yes",0.384050399868784,0.00337578211213166,1.49497270438884,0.684507154358812
607,"s(prev_lastRippleV1PRE_z):prev_DOWN_yes",0.286157068189802,0.00231325155369185,2.07694865116255,0.653477959694177
608,"s(prev_lastRippleV1PRE_z):prev_DOWN_yes",0.0826957556004269,0.00108614602191706,0.532673264853163,0.554700535096965
609,"s(prev_lastRippleV1PRE_z):prev_DOWN_yes",0.0924178053860771,0.00123355156741009,0.63745912138154,0.42018049187822
610,"s(prev_lastRippleV1PRE_z):prev_DOWN_yes",0.129696273130286,0.00139023726158854,0.753822238392809,0.225397328335849
611,"s(prev_lastRippleV1PRE_z):prev_DOWN_yes",0.0293501217903209,8.4946503137341e-05,0.284842339876995,0.0828089704916164
612,"s(prev_lastRippleV1PRE_z):prev_DOWN_yes",0.166855923196611,0.00179041417665025,0.814519995263827,0.242916371186103
613,"s(prev_lastRippleV1PRE_z):prev_DOWN_yes",0.229167644614868,0.00236392998926929,1.00860816358102,0.713813393218061
614,"s(prev_lastRippleV1PRE_z):prev_DOWN_yes",0.100148254855851,0.000458388469017974,0.768683404625688,0.223704921358664
615,"s(prev_lastRippleV1PRE_z):prev_DOWN_yes",0.23594339015854,0.00137251050236866,1.13615527239474,0.349156094395505
616,"s(prev_lastRippleV1PRE_z):prev_DOWN_yes",0.0579355098748593,0.000794128466783313,0.448615833236889,0.426239781038969
617,"s(prev_lastRippleV1PRE_z):prev_DOWN_yes",0.0812480017770234,0.000370578258756418,0.524473780357439,0.158421771414713
618,"s(prev_lastRippleV1PRE_z):prev_DOWN_yes",0.359629114958052,0.002994422884549,1.3637208208369,0.733746363850686
619,"s(prev_lastRippleV1PRE_z):prev_DOWN_yes",0.0721020840108419,0.000846328264960407,0.586120965947679,0.174649234266755
620,"s(prev_lastRippleV1PRE_z):prev_DOWN_yes",0.271420591951459,0.00183947118460898,2.02544568671266,0.736357261994284
621,"s(prev_lastRippleV1PRE_z):prev_DOWN_yes",0.139731112753367,0.00154608348337885,0.773648430181552,0.227879639034216
622,"s(prev_lastRippleV1PRE_z):prev_DOWN_yes",0.26109659178569,0.00216675213686583,1.4935339500079,0.611591550143795
623,"s(prev_lastRippleV1PRE_z):prev_DOWN_yes",0.116147734523122,0.000625052369688352,0.947622120368673,0.64682861027688
624,"s(prev_lastRippleV1PRE_z):prev_DOWN_yes",0.164023135355949,0.00138697817849928,0.7559235063227,0.253965705473234
625,"s(prev_lastRippleV1PRE_z):prev_DOWN_yes",0.259754426488327,0.0018044466783833,1.67863423871561,0.481063326669929
626,"s(prev_lastRippleV1PRE_z):prev_DOWN_yes",0.185289294000036,0.0019147540273052,0.887010505468657,0.265345833347792
627,"s(prev_lastRippleV1PRE_z):prev_DOWN_yes",0.0768814275638379,0.000785119174968423,0.535080635632341,0.159824991076656
628,"s(prev_lastRippleV1PRE_z):prev_DOWN_yes",0.239610127034775,0.00249159463570074,0.767896428253981,0.567380077087663
629,"s(prev_lastRippleV1PRE_z):prev_DOWN_yes",0.245028350513563,0.00187088497672482,1.02269022666877,0.438295571726894
630,"s(prev_lastRippleV1PRE_z):prev_DOWN_yes",0.540469227771111,0.00465283756295543,3.02745300038948,1.36208725855117
631,"s(prev_lastRippleV1PRE_z):prev_DOWN_yes",0.0192347820656211,9.24692910301651e-05,0.17188197765485,0.10960474066233
632,"s(prev_lastRippleV1PRE_z):prev_DOWN_yes",0.0902092337964877,0.00098400384209304,0.631454913071896,0.18872941824212
633,"s(prev_lastRippleV1PRE_z):prev_DOWN_yes",0.320502516712193,0.00234401784371764,2.03597450528748,0.790544614115019
634,"s(prev_lastRippleV1PRE_z):prev_DOWN_yes",0.176298396146268,0.00164131235818523,0.826404788901256,0.239071350198993
635,"s(prev_lastRippleV1PRE_z):prev_DOWN_yes",0.110546525839699,0.00118592861856447,0.683569753784979,0.203803762533616
636,"s(prev_lastRippleV1PRE_z):prev_DOWN_yes",0.11255946933732,0.00121310313106895,0.702738354913475,0.209435617267909
637,"s(prev_lastRippleV1PRE_z):prev_DOWN_yes",0.0341580570367821,0.000679786417690565,0.403598771998465,0.559237264797035
638,"s(prev_lastRippleV1PRE_z):prev_DOWN_yes",0.311606021132532,0.00222721435501627,1.48360474555284,0.945196626035661
639,"s(prev_lastRippleV1PRE_z):prev_DOWN_yes",0.245061001351417,0.00185878293424999,0.66217051061501,0.233574055135161
640,"s(prev_lastRippleV1PRE_z):prev_DOWN_yes",0.257854499460002,0.00234807221070275,1.07676403721285,0.401819065201198
641,"s(prev_lastRippleV1PRE_z):prev_DOWN_yes",0.127122327727086,0.00117745010978582,0.435610110137069,0.452007824301218
642,"s(prev_lastRippleV1PRE_z):prev_DOWN_yes",0.195898205637746,0.00212015209849539,0.906136604459522,0.270608297205184
643,"s(prev_lastRippleV1PRE_z):prev_DOWN_yes",0.15619983398777,0.0012287826516031,0.566854014233809,0.323872042856082
644,"s(prev_lastRippleV1PRE_z):prev_DOWN_yes",0.385638777931396,0.00420301409747583,1.23864880374028,0.369107341088966
645,"s(prev_lastRippleV1PRE_z):prev_DOWN_yes",0.263803605629999,0.00211535542744599,1.73688925705234,0.571800922026404
646,"s(prev_lastRippleV1PRE_z):prev_DOWN_yes",0.25222405178794,0.00212905769537415,1.66971307171457,0.474232571153879
647,"s(prev_lastRippleV1PRE_z):prev_DOWN_yes",0.149954792378199,0.00202748840447409,0.779732246814833,0.713049897763996
648,"s(prev_lastRippleV1PRE_z):prev_DOWN_yes",0.112702111737081,0.00124027381553409,0.693382325654578,0.206409841660428
649,"s(prev_lastRippleV1PRE_z):prev_DOWN_yes",0.194725190686163,0.00334366115637125,0.945609675699171,1.00725186995733
650,"s(prev_lastRippleV1PRE_z):prev_DOWN_yes",0.192840740125618,0.00114425365190197,1.45101166282736,0.446892030208052
651,"s(prev_lastRippleV1PRE_z):prev_DOWN_yes",0.116114302701879,0.00117456348904,0.712027976300543,0.212280976381607
652,"s(prev_lastRippleV1PRE_z):prev_DOWN_yes",0.16521439017888,0.00301246397334917,0.689783920362971,1.23979056024818
653,"s(prev_lastRippleV1PRE_z):prev_DOWN_yes",0.15214758175,0.000835705687570903,1.47061647363029,0.411443400716726
654,"s(prev_lastRippleV1PRE_z):prev_DOWN_yes",0.193995878304479,0.00169150560328266,0.911506743514343,0.286191571844369
655,"s(prev_lastRippleV1PRE_z):prev_DOWN_yes",0.178992186246922,0.00184827653188273,0.834521358192719,0.249606159071235
656,"s(prev_lastRippleV1PRE_z):prev_DOWN_yes",0.0778814905662131,0.000765380544178106,0.549869544984172,0.209029026188529
657,"s(prev_lastRippleV1PRE_z):prev_DOWN_yes",0.246033766025524,0.00203070529215789,0.949664082922537,0.30551646067155
658,"s(prev_lastRippleV1PRE_z):prev_DOWN_yes",0.0719169007615665,0.000846564469459512,0.591607938415039,0.176129498169079
659,"s(prev_lastRippleV1PRE_z):prev_DOWN_yes",0.0672636508821949,0.000126967834061765,0.520054936091857,0.252703545042186
660,"s(prev_lastRippleV1PRE_z):prev_DOWN_yes",0.22342912324919,0.00242649742617992,0.856865145899069,0.25417191509547
661,"s(prev_lastRippleV1PRE_z):prev_DOWN_yes",0.69123896194431,0.00531309002499366,2.44241156865784,1.12685815613178
662,"s(prev_lastRippleV1PRE_z):prev_DOWN_yes",0.140724787875913,0.000664476465493989,1.76171329346463,0.986260684597742
663,"s(prev_lastRippleV1PRE_z):prev_DOWN_yes",0.0912272716073845,0.000868312336418328,0.557755724007879,0.295732117087642
664,"s(prev_lastRippleV1PRE_z):prev_DOWN_yes",0.0470140904069458,0.000816940156194828,0.556577789265108,0.529150828156194
665,"s(prev_lastRippleV1PRE_z):prev_DOWN_yes",0.119979504028608,0.000682296033454453,0.738965057574358,0.317995941569328
666,"s(prev_lastRippleV1PRE_z):prev_DOWN_yes",0.0404726111525067,0.00224153597085067,0.411259271396566,1.79062189971912
667,"s(prev_lastRippleV1PRE_z):prev_DOWN_yes",0.271300541396896,0.00336032317013262,1.02172277622738,0.937479643715493
668,"s(prev_lastRippleV1PRE_z):prev_DOWN_yes",0.0360115871441007,0.000444451302543241,0.418487722529793,0.124167937767424
669,"s(prev_lastRippleV1PRE_z):prev_DOWN_yes",0.179646430068849,0.000252474999105957,0.859245163423635,0.257537518608305
670,"s(prev_lastRippleV1PRE_z):prev_DOWN_yes",0.0632582284011809,0.000683884478004039,0.513326984048669,0.152664775844833
671,"s(prev_lastRippleV1PRE_z):prev_DOWN_yes",0.262783297173031,0.00149480527559958,1.15613782195753,0.46641785806526
672,"s(prev_lastRippleV1PRE_z):prev_DOWN_yes",0.231164536632043,0.00243468643677101,1.0182418143047,0.302706428155594
673,"s(prev_lastRippleV1PRE_z):prev_DOWN_yes",0.302981032686641,0.00214630123713809,1.89159416992946,0.968522231636155
674,"s(prev_lastRippleV1PRE_z):prev_DOWN_yes",0.0586718321142605,0.000648371456489991,0.508146271700932,0.151364112570895
675,"s(prev_lastRippleV1PRE_z):prev_DOWN_yes",0.35109573864321,0.0031377927790909,1.92090385400117,1.31545164040801
676,"s(prev_lastRippleV1PRE_z):prev_DOWN_yes",0.334066205688688,0.00259786749428121,2.05590999257114,0.533052154688495
677,"s(prev_lastRippleV1PRE_z):prev_DOWN_yes",0.22915371428788,0.00242814637385724,0.922829946791017,0.328905960478798
678,"s(prev_lastRippleV1PRE_z):prev_DOWN_yes",0.134850390444013,0.00195998690479163,0.75414516858403,0.550814086024152
679,"s(prev_lastRippleV1PRE_z):prev_DOWN_yes",0.0766515950217013,0.000287943154714025,0.546517326868326,0.17431992810689
680,"s(prev_lastRippleV1PRE_z):prev_DOWN_yes",0.0774943347875148,0.000830873217893959,0.570634799581153,0.169762866588788
681,"s(prev_lastRippleV1PRE_z):prev_DOWN_yes",0.114361326542991,0.000993913609908299,0.419548296143992,0.408150108429727
682,"s(prev_lastRippleV1PRE_z):prev_DOWN_yes",0.200419450702729,0.00212075813082078,0.743814701246772,0.220535769150741
683,"s(prev_lastRippleV1PRE_z):prev_DOWN_yes",0.261707464108747,0.00176092552263731,1.44690487484051,0.422687544573179
684,"s(prev_lastRippleV1PRE_z):prev_DOWN_yes",0.161340825341231,0.00166754669634349,0.811445548114394,0.241768230336073
685,"s(prev_lastRippleV1PRE_z):prev_DOWN_yes",0.182486942839073,0.00176721651502017,0.750074930065575,0.221568387920972
686,"s(prev_lastRippleV1PRE_z):prev_DOWN_yes",0.207280441060457,0.0037357930544709,0.977034672636387,1.15361323380129
687,"s(prev_lastRippleV1PRE_z):prev_DOWN_yes",0.436835808628292,0.0027565857794636,1.45152209283965,0.56895098656892
688,"s(prev_lastRippleV1PRE_z):prev_DOWN_yes",0.265157776890544,0.00154446085007832,0.842214241704156,0.291223466647392
689,"s(prev_lastRippleV1PRE_z):prev_DOWN_yes",0.306222908980694,0.00307166732181946,0.980663189605741,0.290402074163132
690,"s(prev_lastRippleV1PRE_z):prev_DOWN_yes",0.271086676047451,0.00196126528821134,1.65661939229258,0.837825335322265
691,"s(prev_lastRippleV1PRE_z):prev_DOWN_yes",0.3021514689171,0.00258999129770173,1.4525186227962,0.806004355705582
692,"s(prev_lastRippleV1PRE_z):prev_DOWN_yes",0.163458419940412,0.00101927306536997,0.730432367806319,0.239283786774604
693,"s(prev_lastRippleV1PRE_z):prev_DOWN_yes",0.236761690226088,0.00259545942284081,0.948118475383454,0.283035459699531
694,"s(prev_lastRippleV1PRE_z):prev_DOWN_yes",0.190184488193662,0.00138500687222404,0.619929899153271,0.176787523238125
695,"s(prev_lastRippleV1PRE_z):prev_DOWN_yes",0.391313371692871,0.00349411305322299,1.42047256228633,0.409241150071756
696,"s(prev_lastRippleV1PRE_z):prev_DOWN_yes",0.229207851373418,0.00190960402560024,0.972207152371635,0.306339976773219
697,"s(prev_lastRippleV1PRE_z):prev_DOWN_yes",0.124833153674714,0.000920088931657817,0.476954032501054,0.359567245627427
698,"s(prev_lastRippleV1PRE_z):prev_DOWN_yes",0.163290957166821,0.00195627158158429,0.822650651445838,0.52145742612412
699,"s(prev_lastRippleV1PRE_z):prev_DOWN_yes",0.337597214484682,0.00286888665397683,1.2068046211134,0.568772950528748
700,"s(prev_lastRippleV1PRE_z):prev_DOWN_yes",0.243281614708419,0.00135788898551251,2.01694728046692,1.21114100299053
701,"s(prev_lastRippleV1PRE_z):prev_DOWN_yes",0.160118218271266,0.000829605898029641,0.659445643644353,0.206531887771867
702,"s(prev_lastRippleV1PRE_z):prev_DOWN_yes",0.0881372918923047,0.000994203415718535,0.629282114075809,0.188005996451486
703,"s(prev_lastRippleV1PRE_z):prev_DOWN_yes",0.287433906190206,0.00295261785809326,1.09735286525958,0.326371641689596
704,"s(prev_lastRippleV1PRE_z):prev_DOWN_yes",0.279179949347005,0.00291165291125137,1.05225608547458,0.314221977348878
705,"s(prev_lastRippleV1PRE_z):prev_DOWN_yes",0.197351751545579,0.00105325846616217,0.854732628853153,0.277574333810298
706,"s(prev_lastRippleV1PRE_z):prev_DOWN_yes",0.314198914055978,0.00283325875177079,2.21005187681255,0.650843264374422
707,"s(prev_lastRippleV1PRE_z):prev_DOWN_yes",0.199190621674972,0.00206136940295018,0.888136025086066,0.265296031304969
708,"s(prev_lastRippleV1PRE_z):prev_DOWN_yes",0.150853422616841,0.00159232489785143,0.676629929133254,0.20026527457841
709,"s(prev_lastRippleV1PRE_z):prev_DOWN_yes",0.34469316069354,0.00301425126742189,1.33017297446576,0.574764530944927
710,"s(prev_lastRippleV1PRE_z):prev_DOWN_yes",0.057117607021512,0.000270865497784569,0.408175183967524,0.184972076907526
711,"s(prev_lastRippleV1PRE_z):prev_DOWN_yes",0.152943057954881,0.00181649537677353,0.823944276813375,0.814254879651775
712,"s(prev_lastRippleV1PRE_z):prev_DOWN_yes",0.0325001459973127,0.000530776813569773,0.370834964335044,0.512141854062711
713,"s(prev_lastRippleV1PRE_z):prev_DOWN_yes",0.296072621978423,0.00200217763214424,1.23306428873718,0.381236999747206
714,"s(prev_lastRippleV1PRE_z):prev_DOWN_yes",0.261311400611073,0.0022108849944924,1.03058370835356,0.330665707203003
715,"s(prev_lastRippleV1PRE_z):prev_DOWN_yes",0.232544899494036,0.00170366187191007,0.637274577985322,0.293969870527058
716,"s(prev_lastRippleV1PRE_z):prev_DOWN_yes",0.141817916390126,0.000834869906233909,1.10248880939141,0.344053893854135
717,"s(prev_lastRippleV1PRE_z):prev_DOWN_yes",0.263905998527794,0.00173720787715886,0.90619609149604,0.368298921814846
718,"s(prev_lastRippleV1PRE_z):prev_DOWN_yes",0.307322694293318,0.0025672676007644,1.32352260100876,0.607594630592644
719,"s(prev_lastRippleV1PRE_z):prev_DOWN_yes",0.0524606980215223,0.000564720719747224,0.475629938186894,0.141715400115393
720,"s(prev_lastRippleV1PRE_z):prev_DOWN_yes",0.101232013986104,0.000350654760541285,0.567855008943693,0.243234668831553
721,"s(prev_lastRippleV1PRE_z):prev_DOWN_yes",0.0119115657679645,0.000115137943038871,0.215537734944015,0.0640149056749966
722,"s(prev_lastRippleV1PRE_z):prev_DOWN_yes",0.267639387127597,0.00222916241647404,1.27310023746472,1.0081043242287
723,"s(prev_lastRippleV1PRE_z):prev_DOWN_yes",0.163756996481074,0.00279712245177303,1.41463903547637,1.6332226586416
724,"s(prev_lastRippleV1PRE_z):prev_DOWN_yes",0.233740933010604,0.00294626805227675,0.947776015388618,0.285550452997955
725,"s(prev_lastRippleV1PRE_z):prev_DOWN_yes",0.168271796173499,0.0018780342740748,0.863909057945472,0.453585984872634
726,"s(prev_lastRippleV1PRE_z):prev_DOWN_yes",0.152255910486741,0.00108387994582628,1.35319551718722,1.09056378280476
727,"s(prev_lastRippleV1PRE_z):prev_DOWN_yes",0.194286963372166,0.00106287167724529,0.896578222793758,0.384435467234394
728,"s(prev_lastRippleV1PRE_z):prev_DOWN_yes",0.101148870516023,0.00060858949870867,0.642057284425955,0.198527408225791
729,"s(prev_lastRippleV1PRE_z):prev_DOWN_yes",0.34558666994251,0.00293329160998363,1.62602167353665,1.10147615676157
730,"s(prev_lastRippleV1PRE_z):prev_DOWN_yes",0.129881929005272,0.00144649492230889,0.758276723276788,0.226181871384259
731,"s(prev_lastRippleV1PRE_z):prev_DOWN_yes",0.626571028407534,0.00549603936785791,2.20613243725804,0.626549397030609
732,"s(prev_lastRippleV1PRE_z):prev_DOWN_yes",0.152408908793517,0.00157624846574069,0.780437563475023,0.233137423203084
733,"s(prev_lastRippleV1PRE_z):prev_DOWN_yes",0.163341195124102,0.000858350684647534,0.77104325720463,0.28500944663819
734,"s(prev_lastRippleV1PRE_z):prev_DOWN_yes",0.108347604474169,0.000345768351841612,0.632397006926726,0.18580133054719
735,"s(prev_lastRippleV1PRE_z):prev_DOWN_yes",0.104302238531706,0.000914083437135034,0.765035278439043,0.420421304018854
736,"s(prev_lastRippleV1PRE_z):prev_DOWN_yes",0.120329966351532,0.00281922755152017,0.694805423077896,0.906569406035536
737,"s(prev_lastRippleV1PRE_z):prev_DOWN_yes",0.0441578968890042,0.000666482345597294,0.423482578532082,0.20944888250532
738,"s(prev_lastRippleV1PRE_z):prev_DOWN_yes",0.0328253478259164,0.000367355057842085,0.370001455804578,0.110127338195242
739,"s(prev_lastRippleV1PRE_z):prev_DOWN_yes",0.376089492021946,0.00325584904055162,0.364188489833908,0.199698433646627
740,"s(prev_lastRippleV1PRE_z):prev_DOWN_yes",0.151847187987797,0.000765466988742638,0.659641330599624,0.331133814339647
741,"s(prev_lastRippleV1PRE_z):prev_DOWN_yes",0.269626790011276,0.00264895518916758,2.34719472836104,0.636468091103774
742,"s(prev_lastRippleV1PRE_z):prev_DOWN_yes",0.31044077884172,0.00243481198055145,1.65150679979705,0.562580924919519
743,"s(prev_lastRippleV1PRE_z):prev_DOWN_yes",0.0852073990896205,0.000419597295963666,0.710457736170461,0.215878927734247
744,"s(prev_lastRippleV1PRE_z):prev_DOWN_yes",0.141719065997361,0.00114081347951658,0.773718911427981,0.348089141471689
745,"s(prev_lastRippleV1PRE_z):prev_DOWN_yes",0.0527765406920171,0.000408215551698382,0.508258799029074,0.171641419226539
746,"s(prev_lastRippleV1PRE_z):prev_DOWN_yes",0.269304441469492,0.00307150341121187,1.04724148711189,0.440518682628431
747,"s(prev_lastRippleV1PRE_z):prev_DOWN_yes",0.0912466124803597,0.000997390206387852,0.593243203669385,0.288563814770201
748,"s(prev_lastRippleV1PRE_z):prev_DOWN_yes",0.0746875159639924,0.000696264415415428,0.492470339578821,0.147191265855512
749,"s(prev_lastRippleV1PRE_z):prev_DOWN_yes",0.195458420309627,0.00112100176757201,0.787066580813868,0.267434658767002
750,"s(prev_lastRippleV1PRE_z):prev_DOWN_yes",0.274820252176358,0.00221460574417805,1.79572975957629,0.533024199014929
751,"s(prev_lastRippleV1PRE_z):prev_DOWN_yes",0.367026980693709,0.00352184541487165,1.93069160083305,0.719437878201884
752,"s(prev_lastRippleV1PRE_z):prev_DOWN_yes",0.183891682482577,0.00109119522091335,0.76129315202822,0.274746957999345
753,"s(prev_lastRippleV1PRE_z):prev_DOWN_yes",0.192962463080254,0.00122183231965734,1.64558737055537,0.691393454179588
754,"s(prev_lastRippleV1PRE_z):prev_DOWN_yes",0.110714774476702,0.00124954368612874,0.691027746103808,0.206875068742134
755,"s(prev_lastRippleV1PRE_z):prev_DOWN_yes",0.0783042095044459,0.000447607365853765,0.51845242471317,0.161835315899482
756,"s(prev_lastRippleV1PRE_z):prev_DOWN_yes",0.101887479278326,0.00291514190261187,0.638877442599759,1.63011516215002
757,"s(prev_lastRippleV1PRE_z):prev_DOWN_yes",0.371012978505208,0.00287052433274768,2.70097919619077,0.949333854829615
758,"s(prev_lastRippleV1PRE_z):prev_DOWN_yes",0.115704199698819,0.00128678923264665,0.685180518798868,0.204064313066284
759,"s(prev_lastRippleV1PRE_z):prev_DOWN_yes",0.445693497773719,0.00387722178197977,1.25786797716288,0.52700643947422
760,"s(prev_lastRippleV1PRE_z):prev_DOWN_yes",0.157919879820064,0.00160285602485754,0.808450638745176,0.240733935584002
761,"s(prev_lastRippleV1PRE_z):prev_DOWN_yes",0.258756140345919,0.00228849834757898,1.10290926919455,0.298382474137512
762,"s(prev_lastRippleV1PRE_z):prev_DOWN_yes",0.161193591568228,0.0014622124243262,0.756916011964666,0.289533889670452
763,"s(prev_lastRippleV1PRE_z):prev_DOWN_yes",0.232872703024473,0.00239419792651748,0.991247784653975,0.295496505272492
764,"s(prev_lastRippleV1PRE_z):prev_DOWN_yes",0.0940136657193209,0.000917746136533304,0.626195227476463,0.273158926116818
765,"s(prev_lastRippleV1PRE_z):prev_DOWN_yes",0.0584269652608205,0.000610552293397106,0.486893355781459,0.144839747102512
766,"s(prev_lastRippleV1PRE_z):prev_DOWN_yes",0.26734919531832,0.00275541722803646,1.02298584979962,0.305504676455361
767,"s(prev_lastRippleV1PRE_z):prev_DOWN_yes",0.428948126568112,0.00371984655105087,1.40634902331424,0.481073090453354
768,"s(prev_lastRippleV1PRE_z):prev_DOWN_yes",0.204006089991542,0.00142249247365485,2.24680028252631,0.709211899975658
769,"s(prev_lastRippleV1PRE_z):prev_DOWN_yes",0.200696872016693,0.00121264287204051,1.33192922392539,0.375126360724293
770,"s(prev_lastRippleV1PRE_z):prev_DOWN_yes",0.102091323212281,0.00114604183177067,0.676840926020827,0.201967105919452
771,"s(prev_lastRippleV1PRE_z):prev_DOWN_yes",0.201037696950872,0.00220662372935374,0.958343603441221,0.321284907622165
772,"s(prev_lastRippleV1PRE_z):prev_DOWN_yes",0.167192885571975,0.00261858363038224,0.648601767587527,1.31865406958663
773,"s(prev_lastRippleV1PRE_z):prev_DOWN_yes",0.160426407419565,0.00147707200263865,0.581927184427541,0.402624233177875
774,"s(prev_lastRippleV1PRE_z):prev_DOWN_yes",0.300591594946753,0.00312657833302376,1.13214262013751,0.678322600587831
775,"s(prev_lastRippleV1PRE_z):prev_DOWN_yes",0.39597623196804,0.00379803802093603,1.24444712442668,0.53189126728495
776,"s(prev_lastRippleV1PRE_z):prev_DOWN_yes",0.260678624438569,0.00220610880039151,1.78899169662935,1.09001521721421
777,"s(prev_lastRippleV1PRE_z):prev_DOWN_yes",0.15310589025747,0.00164822490376152,0.677506523946176,0.291534101919682
778,"s(prev_lastRippleV1PRE_z):prev_DOWN_yes",0.214630014720728,0.00211949881341969,0.937338805132993,0.279071184560629
779,"s(prev_lastRippleV1PRE_z):prev_DOWN_yes",0.0927869437985418,0.000603388890644495,0.644842988251012,0.210057446189665
780,"s(prev_lastRippleV1PRE_z):prev_DOWN_yes",0.0494850861935356,0.000608318910836688,0.410337046191359,0.370888898930824
781,"s(prev_lastRippleV1PRE_z):prev_DOWN_yes",0.229672268049271,0.00209180405305065,0.828243786941472,0.556937614828393
782,"s(prev_lastRippleV1PRE_z):prev_DOWN_yes",0.105557280155179,0.000865776129010777,0.591527643068205,0.222746129947413
783,"s(prev_lastRippleV1PRE_z):prev_DOWN_yes",0.344777301918477,0.00380926483697384,0.968257507831587,0.713180743522202
784,"s(prev_lastRippleV1PRE_z):prev_DOWN_yes",0.14867413692604,0.00160457382064957,0.809924171252114,0.240976928234576
785,"s(prev_lastRippleV1PRE_z):prev_DOWN_yes",0.103732533072828,0.00114388690654603,0.666083625641009,0.197866774925382
786,"s(prev_lastRippleV1PRE_z):prev_DOWN_yes",0.201318908478257,0.00246941413915136,0.917130369241127,0.601303871029772
787,"s(prev_lastRippleV1PRE_z):prev_DOWN_yes",0.759364549496719,0.00739672816589368,3.26210913992997,1.16984721551042
788,"s(prev_lastRippleV1PRE_z):prev_DOWN_yes",0.367782271541814,0.00286078053087576,1.12799181464354,0.314551327826006
789,"s(prev_lastRippleV1PRE_z):prev_DOWN_yes",0.413391281496914,0.00361296456189361,1.48058267327081,0.969922330708981
790,"s(prev_lastRippleV1PRE_z):prev_DOWN_yes",0.158697479068275,0.00154013181296959,0.815862912261556,0.242900442204435
791,"s(prev_lastRippleV1PRE_z):prev_DOWN_yes",0.13932046008878,0.0016082799200771,0.766152037835417,0.319220343677178
792,"s(prev_lastRippleV1PRE_z):prev_DOWN_yes",0.143308594980451,0.00111596584196572,1.1197274160077,0.635724266560536
793,"s(prev_lastRippleV1PRE_z):prev_DOWN_yes",0.0872116319845349,0.00090997181379796,0.596127285930125,0.17759063909371
794,"s(prev_lastRippleV1PRE_z):prev_DOWN_yes",0.268059672489326,0.00292381042135756,1.05616781357405,0.463249663053476
795,"s(prev_lastRippleV1PRE_z):prev_DOWN_yes",0.109951578527003,0.000524655248035969,0.521078904691073,0.202279492968181
796,"s(prev_lastRippleV1PRE_z):prev_DOWN_yes",0.278129134862046,0.00298298508355711,1.07333056063138,0.319075122367151
797,"s(prev_lastRippleV1PRE_z):prev_DOWN_yes",0.0859329238343536,0.000962172488965072,0.531508606588886,0.487051338276289
798,"s(prev_lastRippleV1PRE_z):prev_DOWN_yes",0.259676214659217,0.00171587962536497,1.95286421472665,0.824549396222634
799,"s(prev_lastRippleV1PRE_z):prev_DOWN_yes",0.122953815749481,0.000872075081998756,0.66260553246654,0.238705496142753
800,"s(prev_lastRippleV1PRE_z):prev_DOWN_yes",0.0675040168505152,0.00059508653157118,0.244780864397385,0.0883891537500179
801,"s(prev_lastRippleV1PRE_z):prev_DOWN_yes",0.12596474470849,0.000952109342116483,0.62627168931133,0.190094338394373
802,"s(prev_lastRippleV1PRE_z):prev_DOWN_yes",0.109782373431778,0.000435420176125224,0.883071035878627,0.442937584843354
803,"s(prev_lastRippleV1PRE_z):prev_DOWN_yes",0.043239278171149,0.000521968449106329,0.384736765201417,0.114045492735417
804,"s(prev_lastRippleV1PRE_z):prev_DOWN_yes",0.0803348506984669,0.00120950270289493,0.587764930488642,0.485848153384027
805,"s(prev_lastRippleV1PRE_z):prev_DOWN_yes",0.153921631765337,0.000723640456361362,0.798316060847642,0.271875927497566
806,"s(prev_lastRippleV1PRE_z):prev_DOWN_yes",0.142546014899149,0.000644166699226213,0.644144171869015,0.203934479131304
807,"s(prev_lastRippleV1PRE_z):prev_DOWN_yes",0.104025325107067,0.00106567084191038,0.635722413420743,0.189986575716652
808,"s(prev_lastRippleV1PRE_z):prev_DOWN_yes",0.0857760031754946,0.000477026697832162,0.592063509144579,0.189495149601052
809,"s(prev_lastRippleV1PRE_z):prev_DOWN_yes",0.352638919060003,0.00276705033571866,2.78996296902567,0.890872767280338
810,"s(prev_lastRippleV1PRE_z):prev_DOWN_yes",0.353218200031202,0.00237928166438045,1.35065825564045,0.43590937577446
811,"s(prev_lastRippleV1PRE_z):prev_DOWN_yes",0.187558389650055,0.00135535608632727,1.57587251200685,1.21135667036191
812,"s(prev_lastRippleV1PRE_z):prev_DOWN_yes",0.0847058882680951,0.000626378308940435,0.433308739856754,0.145350862669371
813,"s(prev_lastRippleV1PRE_z):prev_DOWN_yes",0.204994221525079,0.00221184359150034,0.945359509532206,0.281764678417734
814,"s(prev_lastRippleV1PRE_z):prev_DOWN_yes",0.160435800097551,0.00120767349768758,1.44394310949322,0.375194966660308
815,"s(prev_lastRippleV1PRE_z):prev_DOWN_yes",0.0802549489651803,0.000338830150789601,0.620237028893142,0.334493525953714
816,"s(prev_lastRippleV1PRE_z):prev_DOWN_yes",0.126885457137239,0.00144349117513335,0.768207206635846,0.228051696779245
817,"s(prev_lastRippleV1PRE_z):prev_DOWN_yes",0.0176042898222271,0.000169829505267861,0.262505047830749,0.0781850142526805
818,"s(prev_lastRippleV1PRE_z):prev_DOWN_yes",0.255895321021873,0.00268419763586484,1.0064338898162,0.300100126501694
819,"s(prev_lastRippleV1PRE_z):prev_DOWN_yes",0.305074474922491,0.00245682526695844,1.94437137335225,2.28609408626693
820,"s(prev_lastRippleV1PRE_z):prev_DOWN_yes",0.153802028451246,0.00122129340995276,0.942785234859213,0.56598130541518
821,"s(prev_lastRippleV1PRE_z):prev_DOWN_yes",0.224690352353291,0.00189851662634058,1.68759591602856,0.605998307724227
822,"s(prev_lastRippleV1PRE_z):prev_DOWN_yes",0.104487054709971,0.00111110023473028,0.649392261783756,0.193133876803896
823,"s(prev_lastRippleV1PRE_z):prev_DOWN_yes",0.0466363489644177,0.000478078498330213,0.395870868711033,0.191003012843747
824,"s(prev_lastRippleV1PRE_z):prev_DOWN_yes",0.112340348072665,0.000793971802968685,0.801020649474475,0.373366217857093
825,"s(prev_lastRippleV1PRE_z):prev_DOWN_yes",0.0655763716817273,0.00104030466403125,0.539562712708355,0.487291830096378
826,"s(prev_lastRippleV1PRE_z):prev_DOWN_yes",0.387100190500049,0.00332851630609144,2.27381086652039,0.918701880832067
827,"s(prev_lastRippleV1PRE_z):prev_DOWN_yes",0.22235136274253,0.00168059718887742,1.04605860387003,0.338645526240796
828,"s(prev_lastRippleV1PRE_z):prev_DOWN_yes",0.0482519984101852,0.000704677262118043,0.449453007898531,0.472156745934247
829,"s(prev_lastRippleV1PRE_z):prev_DOWN_yes",0.141863991490304,0.00146908445592821,0.784247851922317,0.233242788761145
830,"s(prev_lastRippleV1PRE_z):prev_DOWN_yes",0.147772799978123,0.00192790995592194,0.814052940165453,0.433947355653125
831,"s(prev_lastRippleV1PRE_z):prev_DOWN_yes",0.170656379490905,0.0022616484696457,0.831359414726145,0.625221596902039
832,"s(prev_lastRippleV1PRE_z):prev_DOWN_yes",0.379199642986937,0.00327790980566424,1.19920415042171,0.626183145240046
833,"s(prev_lastRippleV1PRE_z):prev_DOWN_yes",0.237832099876768,0.00259296475321581,1.03644108916659,0.308633532734753
834,"s(prev_lastRippleV1PRE_z):prev_DOWN_yes",0.113593944159728,0.00126651198116028,0.692025501426589,0.235370079258882
835,"s(prev_lastRippleV1PRE_z):prev_DOWN_yes",0.450890436536873,0.00430303830440211,2.51153331430105,1.43092887365455
836,"s(prev_lastRippleV1PRE_z):prev_DOWN_yes",0.115401754306816,0.00119912201083698,0.677682587685227,0.201333796102226
837,"s(prev_lastRippleV1PRE_z):prev_DOWN_yes",0.197839068035321,0.00129020956040236,1.5807911966798,0.490565202902406
838,"s(prev_lastRippleV1PRE_z):prev_DOWN_yes",0.169991011061094,0.00138704889950544,1.06186745968822,0.301139425497278
839,"s(prev_lastRippleV1PRE_z):prev_DOWN_yes",0.229060383885353,0.00123502043094338,0.974977432711256,0.299984233367812
840,"s(prev_lastRippleV1PRE_z):prev_DOWN_yes",0.0993760231676424,0.000825577369480241,0.692549661106837,0.234437573125801
841,"s(prev_lastRippleV1PRE_z):prev_DOWN_yes",0.278514885013511,0.00235400083534896,1.31107312784399,0.951962435539354
842,"s(prev_lastRippleV1PRE_z):prev_DOWN_yes",0.22701269139109,0.0024742068786599,0.8407588239741,0.248738427795711
843,"s(prev_lastRippleV1PRE_z):prev_DOWN_yes",0.494709275461065,0.00436789069296536,3.53221208527718,1.56448193272631
844,"s(prev_lastRippleV1PRE_z):prev_DOWN_yes",0.10543461037761,0.00107127335398948,0.562318953741523,0.166590105259502
845,"s(prev_lastRippleV1PRE_z):prev_DOWN_yes",0.210355876550537,0.00224616334664676,0.953172339151744,0.283477224990798
846,"s(prev_lastRippleV1PRE_z):prev_DOWN_yes",0.334751146155656,0.00371866789311324,2.13660416616116,0.720816890911951
847,"s(prev_lastRippleV1PRE_z):prev_DOWN_yes",0.115056366195792,0.00122167018896196,0.682089713796993,0.203751602826961
848,"s(prev_lastRippleV1PRE_z):prev_DOWN_yes",0.0957684847694589,0.00103544218903534,0.633558419340973,0.188995667696592
849,"s(prev_lastRippleV1PRE_z):prev_DOWN_yes",0.354318416296515,0.00266369599830827,2.20093472499244,1.48502134627166
850,"s(prev_lastRippleV1PRE_z):prev_DOWN_yes",0.0465966045375952,0.00047426976437502,0.447763749794095,0.133318198581098
851,"s(prev_lastRippleV1PRE_z):prev_DOWN_yes",0.0935692755336675,0.000991788468172654,0.629937274770095,0.188363452710256
852,"s(prev_lastRippleV1PRE_z):prev_DOWN_yes",0.214349365959659,0.00146832280334665,0.858506070241812,0.452793915839513
853,"s(prev_lastRippleV1PRE_z):prev_DOWN_yes",0.467212787113875,0.00367741005951065,2.1038916495264,0.796664937679107
854,"s(prev_lastRippleV1PRE_z):prev_DOWN_yes",0.0340802872122206,0.000739015285051184,0.355991275258794,0.739151247911225
855,"s(prev_lastRippleV1PRE_z):prev_DOWN_yes",0.110542486425219,0.00115243376702762,0.671062719948769,0.200495390570266
856,"s(prev_lastRippleV1PRE_z):prev_DOWN_yes",0.0806594209129701,0.000435229040185408,0.601639618456949,0.181627519366109
857,"s(prev_lastRippleV1PRE_z):prev_DOWN_yes",0.152667221929415,0.00070387396845542,0.770322917124161,0.26611686205029
858,"s(prev_lastRippleV1PRE_z):prev_DOWN_yes",0.111810694765088,0.0015988611190922,0.698068683714969,0.658959086860529
859,"s(prev_lastRippleV1PRE_z):prev_DOWN_yes",0.00773155301139994,7.18650175251757e-05,0.141381032616391,0.0418334574824979
860,"s(prev_lastRippleV1PRE_z):prev_DOWN_yes",0.28523827637163,0.00241117696686435,1.3501182718004,0.550443239156249
861,"s(prev_lastRippleV1PRE_z):prev_DOWN_yes",0.247479580225176,0.00220974181072012,0.779972699006359,0.631121025378147
862,"s(prev_lastRippleV1PRE_z):prev_DOWN_yes",0.178321670594908,0.00142197061463482,2.06288951285916,0.525225742456807
863,"s(prev_lastRippleV1PRE_z):prev_DOWN_yes",0.35144369011759,0.00248030325095937,0.794990554717809,0.355525470318973
864,"s(prev_lastRippleV1PRE_z):prev_DOWN_yes",0.231482750105871,0.00250136469189562,0.954744805543657,0.284891318909151
865,"s(prev_lastRippleV1PRE_z):prev_DOWN_yes",0.0178208286201356,0.000473573956271517,0.263325754571837,0.389281095618792
866,"s(prev_lastRippleV1PRE_z):prev_DOWN_yes",0.162817951711481,0.00112018113706085,0.52338271465967,0.240073604430016
867,"s(prev_lastRippleV1PRE_z):prev_DOWN_yes",0.16698687809919,0.00191492892101514,0.880040382569778,0.261748295496348
868,"s(prev_lastRippleV1PRE_z):prev_DOWN_yes",0.19078643096689,0.00140244776738379,1.29260270954146,0.367921278903862
869,"s(prev_lastRippleV1PRE_z):prev_DOWN_yes",0.0937060779397285,0.000458111779394484,0.576853720803613,0.205959415795815
870,"s(prev_lastRippleV1PRE_z):prev_DOWN_yes",0.331996966501314,0.00318336537200777,1.01243663019348,0.304937103112257
871,"s(prev_lastRippleV1PRE_z):prev_DOWN_yes",0.332378621125881,0.0027754666203399,2.27813442353625,1.80665271117536
872,"s(prev_lastRippleV1PRE_z):prev_DOWN_yes",0.256697442710596,0.00236268118944705,1.63672190901325,0.877036593686715
873,"s(prev_lastRippleV1PRE_z):prev_DOWN_yes",0.51302484579059,0.00665226549368469,1.41714253062849,1.38477531417853
874,"s(prev_lastRippleV1PRE_z):prev_DOWN_yes",0.293093933143479,0.00244266655880169,0.70256136731169,0.236346058489344
875,"s(prev_lastRippleV1PRE_z):prev_DOWN_yes",0.190625149529271,0.00217692301885164,0.943855335964081,0.281856999192501
876,"s(prev_lastRippleV1PRE_z):prev_DOWN_yes",0.450239254163789,0.00512379645597076,2.47756061173972,1.30296931133925
877,"s(prev_lastRippleV1PRE_z):prev_DOWN_yes",0.0736655373808421,0.000753337771357636,0.527189653057146,0.156886405494547
878,"s(prev_lastRippleV1PRE_z):prev_DOWN_yes",0.333687123112034,0.00358628681822227,1.23569079334397,0.368094894299652
879,"s(prev_lastRippleV1PRE_z):prev_DOWN_yes",0.309784406987232,0.00291169591121013,1.10149178985454,0.327965717074593
880,"s(prev_lastRippleV1PRE_z):prev_DOWN_yes",0.142507842106848,0.00151286091524974,0.800186109198054,0.237975985869673
881,"s(prev_lastRippleV1PRE_z):prev_DOWN_yes",0.369694092906545,0.00333746550753765,1.23469710528939,0.408324909673216
882,"s(prev_lastRippleV1PRE_z):prev_DOWN_yes",0.209683428207629,0.0012320509914091,0.981420989554312,0.291581630984266
883,"s(prev_lastRippleV1PRE_z):prev_DOWN_yes",0.093813221246589,0.00100562294169401,0.607532472317629,0.181229521306909
884,"s(prev_lastRippleV1PRE_z):prev_DOWN_yes",0.064141499469053,0.000977005507240078,0.426005685404804,0.737045655362021
885,"s(prev_lastRippleV1PRE_z):prev_DOWN_yes",0.158538260881573,0.0016813468663549,0.795715363255498,0.25327197370876
886,"s(prev_lastRippleV1PRE_z):prev_DOWN_yes",0.117258294851422,0.00123422691507904,0.730694377144277,0.218435997587546
887,"s(prev_lastRippleV1PRE_z):prev_DOWN_yes",0.174888170360308,0.000947091476204641,0.681009944790447,0.315468724001401
888,"s(prev_lastRippleV1PRE_z):prev_DOWN_yes",0.225382479068607,0.00222743022416851,3.3187762063335,1.27850322929027
889,"s(prev_lastRippleV1PRE_z):prev_DOWN_yes",0.153801933773786,0.00074524225428538,1.03639914305919,0.315757415749378
890,"s(prev_lastRippleV1PRE_z):prev_DOWN_yes",0.118588517184055,0.000638683658152238,1.01815291008544,0.279770585110981
891,"s(prev_lastRippleV1PRE_z):prev_DOWN_yes",0.29230389057211,0.00271106578220883,1.81267234999313,0.756034269468691
892,"s(prev_lastRippleV1PRE_z):prev_DOWN_yes",0.310668762336036,0.00235201544805034,0.84201962875419,0.38740284615174
893,"s(prev_lastRippleV1PRE_z):prev_DOWN_yes",0.185591039508862,0.00142307299580276,0.345815500204395,0.471886723492716
894,"s(prev_lastRippleV1PRE_z):prev_DOWN_yes",0.0790759382933315,0.000579213972850723,0.73742801074824,0.238366517978772
895,"s(prev_lastRippleV1PRE_z):prev_DOWN_yes",0.369758995856065,0.00397850104569681,1.20391283515402,0.359307813040825
896,"s(prev_lastRippleV1PRE_z):prev_DOWN_yes",0.246985340267932,0.00140015436933728,1.861713353213,0.520877819991858
897,"s(prev_lastRippleV1PRE_z):prev_DOWN_yes",0.365787230921718,0.00314309273680651,1.54094310891628,0.68815452145693
898,"s(prev_lastRippleV1PRE_z):prev_DOWN_yes",0.124530135563136,0.0012859851835914,0.713043603323309,0.212466630173004
899,"s(prev_lastRippleV1PRE_z):prev_DOWN_yes",0.395077291516266,0.00362339962530384,1.81794227501624,1.21757651618135
900,"s(prev_lastRippleV1PRE_z):prev_DOWN_yes",0.210549350349876,0.00138586575400842,1.08060241866974,0.314636622078996
901,"s(prev_lastRippleV1PRE_z):prev_DOWN_yes",0.115109797811155,0.00191749492800321,0.871443513696661,0.259715022614519
902,"s(prev_lastRippleV1PRE_z):prev_DOWN_yes",0.103293878268988,0.00107974361557594,0.619780690860254,0.184745113072933
903,"s(prev_lastRippleV1PRE_z):prev_DOWN_yes",0.111779668362013,0.000744885038357714,0.661697565155343,0.204657103729534
904,"s(prev_lastRippleV1PRE_z):prev_DOWN_yes",0.161211867578775,0.00164452893395022,0.801191660442584,0.238338386637574
905,"s(prev_lastRippleV1PRE_z):prev_DOWN_yes",0.169245696465195,0.00112198481950147,2.28037852900537,0.618910070610145
906,"s(prev_lastRippleV1PRE_z):prev_DOWN_yes",0.135207144099077,0.00130510593604773,0.71820240772656,0.214307625914321
907,"s(prev_lastRippleV1PRE_z):prev_DOWN_yes",0.247372291996766,0.0017806785506085,0.919518341009726,0.289429072832839
908,"s(prev_lastRippleV1PRE_z):prev_DOWN_yes",0.0246118790068639,0.000294970043843178,0.337144469815709,0.100696730537981
909,"s(prev_lastRippleV1PRE_z):prev_DOWN_yes",0.0857530894826759,0.000844790861069893,0.56927528853316,0.169568903412106
910,"s(prev_lastRippleV1PRE_z):prev_DOWN_yes",0.231857213628143,0.00120580730245657,0.904668272602835,0.305868910857872
911,"s(prev_lastRippleV1PRE_z):prev_DOWN_yes",0.208212742604602,0.00157324961199162,0.784743944906865,0.328820340261079
912,"s(prev_lastRippleV1PRE_z):prev_DOWN_yes",0.113397753663359,0.00129277945082755,0.587539508463381,0.174188692035018
913,"s(prev_lastRippleV1PRE_z):prev_DOWN_yes",0.375018841339984,0.00326753237937466,3.13646910585189,1.21894749535839
914,"s(prev_lastRippleV1PRE_z):prev_DOWN_yes",0.16201587542722,0.000783516200605299,0.728433877926745,0.244245782318705
915,"s(prev_lastRippleV1PRE_z):prev_DOWN_yes",0.238931884386665,0.0014432157421368,1.12541961422737,0.33244282963346
916,"s(prev_lastRippleV1PRE_z):prev_DOWN_yes",0.157758473022339,0.000792238839048986,0.749101698070048,0.23511510158631
917,"s(prev_lastRippleV1PRE_z):prev_DOWN_yes",0.0413919696524303,5.58632471021871e-05,0.392366324725366,0.118216344436841
918,"s(prev_lastRippleV1PRE_z):prev_DOWN_yes",0.0672008815022211,0.000942943052644987,0.531858227685792,0.383780809219161
919,"s(prev_lastRippleV1PRE_z):prev_DOWN_yes",0.206266001118607,0.00134943050334908,1.65332409507487,0.451539674620927
920,"s(prev_lastRippleV1PRE_z):prev_DOWN_yes",0.133732615674403,0.000920000714107078,0.372925908545247,0.163970147927104
921,"s(prev_lastRippleV1PRE_z):prev_DOWN_yes",0.596604391041687,0.00506577397520006,2.55984457926539,0.683855693229279
922,"s(prev_lastRippleV1PRE_z):prev_DOWN_yes",0.194026114895997,0.00153943446812899,0.870418072827996,0.374328524444029
923,"s(prev_lastRippleV1PRE_z):prev_DOWN_yes",0.146650221312279,0.00201312588227342,0.739043826397533,0.708347741641776
924,"s(prev_lastRippleV1PRE_z):prev_DOWN_yes",0.0484799939811555,0.000716533970449783,0.464344645577977,0.342887656118291
925,"s(prev_lastRippleV1PRE_z):prev_DOWN_yes",0.197382350557136,0.00211950246697441,0.904187865800082,0.269017408565615
926,"s(prev_lastRippleV1PRE_z):prev_DOWN_yes",0.163066886131008,0.000764082266454525,0.555586540544125,0.233239948987875
927,"s(prev_lastRippleV1PRE_z):prev_DOWN_yes",0.0965084639928993,0.00076622271412179,0.656300434773498,0.228986133301843
928,"s(prev_lastRippleV1PRE_z):prev_DOWN_yes",0.0308099513429392,7.55428698404846e-05,0.283762557973767,0.204957150456151
929,"s(prev_lastRippleV1PRE_z):prev_DOWN_yes",0.238486619524414,0.00144385922376762,1.03862736672233,0.328955065682134
930,"s(prev_lastRippleV1PRE_z):prev_DOWN_yes",0.210358683871137,0.00221506029317422,1.62248235121393,0.906317240086065
931,"s(prev_lastRippleV1PRE_z):prev_DOWN_yes",0.127947950225866,0.00133133555418449,0.729111622206756,0.217925288823871
932,"s(prev_lastRippleV1PRE_z):prev_DOWN_yes",0.297930083146705,0.00181811300094081,0.839397338333363,0.340269435764032
933,"s(prev_lastRippleV1PRE_z):prev_DOWN_yes",0.111678252787762,0.00115475878444294,0.676192357296271,0.200892677863202
934,"s(prev_lastRippleV1PRE_z):prev_DOWN_yes",0.204705785807961,0.00273339462442184,0.918953544033654,0.700656273278498
935,"s(prev_lastRippleV1PRE_z):prev_DOWN_yes",0.112902925451376,0.00153018349119995,0.695725549036682,0.461321356547255
936,"s(prev_lastRippleV1PRE_z):prev_DOWN_yes",0.187846365386787,0.0015625495322845,0.929719018304015,0.275996432717044
937,"s(prev_lastRippleV1PRE_z):prev_DOWN_yes",0.170867381931619,0.000962821889643975,0.993117961590409,0.292396314037225
938,"s(prev_lastRippleV1PRE_z):prev_DOWN_yes",0.00395533853154717,3.50724243677968e-05,0.116385520531365,0.0347028156296902
939,"s(prev_lastRippleV1PRE_z):prev_DOWN_yes",0.123063315803542,0.00128886857489813,0.6396157908026,0.189263040261222
940,"s(prev_lastRippleV1PRE_z):prev_DOWN_yes",0.108028407149185,0.00111347687297313,0.671925418528827,0.200091406004457
941,"s(prev_lastRippleV1PRE_z):prev_DOWN_yes",0.369236300571537,0.00262231459758731,1.09208097942868,0.328743232391242
942,"s(prev_lastRippleV1PRE_z):prev_DOWN_yes",0.4435255593573,0.00413817906927096,3.12138173470819,1.2070150371577
943,"s(prev_lastRippleV1PRE_z):prev_DOWN_yes",0.00243777329319173,0.00030648155340955,0.103572438830345,0.510479381970039
944,"s(prev_lastRippleV1PRE_z):prev_DOWN_yes",0.196111704400888,0.00102026500444694,1.27693263052745,0.631709179134987
945,"s(prev_lastRippleV1PRE_z):prev_DOWN_yes",0.251476344988443,0.00166754639319352,0.800928611877182,0.345863147911114
946,"s(prev_lastRippleV1PRE_z):prev_DOWN_yes",0.18214462728611,0.00204058444906015,0.879841575613218,0.262362562167767
947,"s(prev_lastRippleV1PRE_z):prev_DOWN_yes",0.0718739479109125,0.000776813234084007,0.485631998873429,0.14468201927419
948,"s(prev_lastRippleV1PRE_z):prev_DOWN_yes",0.188879438382455,0.000903619069189956,0.614276871354605,0.234267158758343
949,"s(prev_lastRippleV1PRE_z):prev_DOWN_yes",0.326005528650148,0.00317049393155657,0.892097871900699,0.319857398699642
950,"s(prev_lastRippleV1PRE_z):prev_DOWN_yes",0.182662852966367,0.00215961001945594,0.885943446637378,0.421776956521673
951,"s(prev_lastRippleV1PRE_z):prev_DOWN_yes",0.0334308765132141,0.000711764933901635,0.3681878990061,0.486261185211852
952,"s(prev_lastRippleV1PRE_z):prev_DOWN_yes",0.0804776008830936,0.000841116612499258,0.574895300661907,0.171054327954805
953,"s(prev_lastRippleV1PRE_z):prev_DOWN_yes",0.146763641502305,0.00206310903056658,0.74022425443244,1.13112384173076
954,"s(prev_lastRippleV1PRE_z):prev_DOWN_yes",0.113970106635621,0.00114271308654043,0.652289569562335,0.194667085569443
955,"s(prev_lastRippleV1PRE_z):prev_DOWN_yes",0.0540480319493231,0.000467792917527913,0.4263636704643,0.126945676726023
956,"s(prev_lastRippleV1PRE_z):prev_DOWN_yes",0.252455759781266,0.00189088896502675,1.63153400033875,0.518028821109205
957,"s(prev_lastRippleV1PRE_z):prev_DOWN_yes",0.241693709349119,0.00285834409425527,0.995437523303061,0.549395488930128
958,"s(prev_lastRippleV1PRE_z):prev_DOWN_yes",0.397846487176817,0.00379671512871522,0.350566478904326,0.329287208153389
959,"s(prev_lastRippleV1PRE_z):prev_DOWN_yes",0.111971675047603,0.00155915471374975,0.664248804309221,1.01995426363398
960,"s(prev_lastRippleV1PRE_z):prev_DOWN_yes",0.212562297559573,0.00237990380572323,0.946466240824441,0.280562400228692
961,"s(prev_lastRippleV1PRE_z):prev_DOWN_yes",0.143694223664565,0.00122502143340919,0.744095307203446,0.463063539402505
962,"s(prev_lastRippleV1PRE_z):prev_DOWN_yes",0.171821463224391,0.000559786057727491,0.734585040088755,0.214664331707978
963,"s(prev_lastRippleV1PRE_z):prev_DOWN_yes",0.190293449809108,0.00186935033399991,0.81930119166631,0.244206142264921
964,"s(prev_lastRippleV1PRE_z):prev_DOWN_yes",0.174008473521231,0.000876963485049907,0.74597758292112,0.273427794184643
965,"s(prev_lastRippleV1PRE_z):prev_DOWN_yes",0.388054969182514,0.00309052988792497,1.91034703811248,0.527373149708777
966,"s(prev_lastRippleV1PRE_z):prev_DOWN_yes",0.161567977322145,0.00100585732035172,0.521326289250525,0.320939178858598
967,"s(prev_lastRippleV1PRE_z):prev_DOWN_yes",0.532805558333268,0.00358254152640751,2.17015515718886,0.566856057158738
968,"s(prev_lastRippleV1PRE_z):prev_DOWN_yes",0.184852473976029,0.0019862669648083,0.827670191922246,0.294632119044812
969,"s(prev_lastRippleV1PRE_z):prev_DOWN_yes",0.0817636215281317,0.000862306562141135,0.500676508490694,0.147816533335367
970,"s(prev_lastRippleV1PRE_z):prev_DOWN_yes",0.481905009955863,0.00410426740703919,1.49157231870859,0.443364438609669
971,"s(prev_lastRippleV1PRE_z):prev_DOWN_yes",0.227952247093178,0.0025792105091683,1.76703757818604,1.14861627114587
972,"s(prev_lastRippleV1PRE_z):prev_DOWN_yes",0.171006542247397,0.000870824229628921,0.883648611407853,0.272071489767044
973,"s(prev_lastRippleV1PRE_z):prev_DOWN_yes",0.32382485581743,0.00274098734483525,1.80614359031823,1.2039537168929
974,"s(prev_lastRippleV1PRE_z):prev_DOWN_yes",0.277386945959005,0.00170657463230115,0.737288206685717,0.257396330005654
975,"s(prev_lastRippleV1PRE_z):prev_DOWN_yes",0.1957244176144,0.00218453551952609,0.866151879579445,0.312133828132426
976,"s(prev_lastRippleV1PRE_z):prev_DOWN_yes",0.218406206683795,0.00231332376856135,0.980025174542172,0.291766489321194
977,"s(prev_lastRippleV1PRE_z):prev_DOWN_yes",0.00241157561556893,2.28117586043239e-05,0.0979859917783097,0.0292621230390421
978,"s(prev_lastRippleV1PRE_z):prev_DOWN_yes",0.268493991325466,0.00196413617335447,1.84027901015515,0.607559405664554
979,"s(prev_lastRippleV1PRE_z):prev_DOWN_yes",0.226585806198109,0.00126454085514282,0.743587955713854,0.26506544146584
980,"s(prev_lastRippleV1PRE_z):prev_DOWN_yes",0.358887044491408,0.00242172090070405,1.33838430321008,0.405762015240386
981,"s(prev_lastRippleV1PRE_z):prev_DOWN_yes",0.179999045672867,0.000925806142503157,1.03506627589847,0.699883863846668
982,"s(prev_lastRippleV1PRE_z):prev_DOWN_yes",0.0760216959491959,0.00086455896697626,0.59545309794635,0.177720442210417
983,"s(prev_lastRippleV1PRE_z):prev_DOWN_yes",0.199168457614141,0.00233675373975133,0.893312138296336,0.336952813154833
984,"s(prev_lastRippleV1PRE_z):prev_DOWN_yes",0.421214753360184,0.00444166842472919,1.26896207850019,0.37786006783622
985,"s(prev_lastRippleV1PRE_z):prev_DOWN_yes",0.106724150729585,0.00044159657504713,0.648661755073353,0.302903610997782
986,"s(prev_lastRippleV1PRE_z):prev_DOWN_yes",0.402496586890742,0.00301906531497134,2.80562964402527,0.712829721016972
987,"s(prev_lastRippleV1PRE_z):prev_DOWN_yes",0.420928201565556,0.00457499744611066,2.1070888503943,0.887872521042935
988,"s(prev_lastRippleV1PRE_z):prev_DOWN_yes",0.339981339412849,0.00310429432138852,2.49359281212626,2.03501174063715
989,"s(prev_lastRippleV1PRE_z):prev_DOWN_yes",0.0774136582084335,0.000446888182227408,0.527297560881172,0.172863698008212
990,"s(prev_lastRippleV1PRE_z):prev_DOWN_yes",0.101611642792792,0.000910791392138963,0.637981751458446,0.186114172989021
991,"s(prev_lastRippleV1PRE_z):prev_DOWN_yes",0.55749934176199,0.0050676226961339,2.14018311379917,0.66824405285707
992,"s(prev_lastRippleV1PRE_z):prev_DOWN_yes",0.113274089800116,0.000579171934180447,0.505037242585988,0.210152406308599
993,"s(prev_lastRippleV1PRE_z):prev_DOWN_yes",0.252042332522061,0.00279789660636,1.02710763541168,0.393596197898173
994,"s(prev_lastRippleV1PRE_z):prev_DOWN_yes",0.131250797813282,0.000733903420722904,1.00221699576644,0.276234373310919
995,"s(prev_lastRippleV1PRE_z):prev_DOWN_yes",0.11740981453335,0.00131398253016822,0.715365338126118,0.214507000179616
996,"s(prev_lastRippleV1PRE_z):prev_DOWN_yes",0.249018435412447,0.00215609239646505,1.39327828049134,1.51040888613585
997,"s(prev_lastRippleV1PRE_z):prev_DOWN_yes",0.0880023455158545,3.3338975070801e-05,0.622643352564675,0.186412925419766
998,"s(prev_lastRippleV1PRE_z):prev_DOWN_yes",0.0387627444675891,0.000135139736821113,0.32872220783745,0.130397323690586
999,"s(prev_lastRippleV1PRE_z):prev_DOWN_yes",0.200592376258441,0.00125152803057128,0.892224835308686,0.257207913455996
1000,"s(prev_lastRippleV1PRE_z):prev_DOWN_yes",0.202492156241654,0.00211870876603498,0.892796257170439,0.36801306528889
