"Replicate","Term","Deviance_Value","Eta_Sq_Value","Amplitude_Value","RMS_Value"
1,"s(curr_lastRippleHPC_z):curr_DOWN_no",0.132036939427089,0.00107315299111408,0.365315722482903,0.314558886136078
2,"s(curr_lastRippleHPC_z):curr_DOWN_no",0.114055652756993,0.000741144874815689,0.417530820124657,0.492301365127814
3,"s(curr_lastRippleHPC_z):curr_DOWN_no",0.000985734713970565,1.83477731028889e-05,0.0397543756876666,0.0117188486394336
4,"s(curr_lastRippleHPC_z):curr_DOWN_no",0.00309966686980445,2.55755520323416e-05,0.047234488227379,0.013911977192872
5,"s(curr_lastRippleHPC_z):curr_DOWN_no",0.0270206572809508,8.22343047779679e-05,0.115571375135185,0.0879380327100227
6,"s(curr_lastRippleHPC_z):curr_DOWN_no",0.0625101996920421,0.000254516208882328,0.200281497042064,0.168598742434991
7,"s(curr_lastRippleHPC_z):curr_DOWN_no",0.229788223699291,0.00201226883415623,0.845362856726778,0.830018565782475
8,"s(curr_lastRippleHPC_z):curr_DOWN_no",0.0813484922741852,0.000372311335307322,0.246706545587401,0.167810276180959
9,"s(curr_lastRippleHPC_z):curr_DOWN_no",0.216313328316356,0.00149742972167874,0.649247057360419,0.691226718125834
10,"s(curr_lastRippleHPC_z):curr_DOWN_no",0.214729566343903,0.00145522180217692,0.629736544277416,0.599309914837041
11,"s(curr_lastRippleHPC_z):curr_DOWN_no",0.0736008988000183,0.000432102189300055,0.232043620405696,0.119102416534702
12,"s(curr_lastRippleHPC_z):curr_DOWN_no",0.11058571441642,0.000764182589166052,0.278565963199167,0.264655112716679
13,"s(curr_lastRippleHPC_z):curr_DOWN_no",0.10448124463001,0.000858325764158996,0.331001817482053,0.171375890353997
14,"s(curr_lastRippleHPC_z):curr_DOWN_no",0.174416330852793,0.000846634052612446,0.536304116107833,0.376268156483423
15,"s(curr_lastRippleHPC_z):curr_DOWN_no",0.0230987698665821,0.000140250194719183,0.090889887061867,0.0465996654936124
16,"s(curr_lastRippleHPC_z):curr_DOWN_no",0.135410479730615,0.000987782367761792,0.440171521591833,0.538957388259925
17,"s(curr_lastRippleHPC_z):curr_DOWN_no",0.0942826211055232,0.000422454085942356,0.402903414796323,0.247723488283887
18,"s(curr_lastRippleHPC_z):curr_DOWN_no",0.388125598453521,0.00348115376781624,0.877046728093235,0.989834758795391
19,"s(curr_lastRippleHPC_z):curr_DOWN_no",0.0389359809715755,0.000160250745228177,0.154389862845041,0.0633920105396152
20,"s(curr_lastRippleHPC_z):curr_DOWN_no",0.119307761791069,0.000765623673695173,0.2386140864971,0.18399475733858
21,"s(curr_lastRippleHPC_z):curr_DOWN_no",0.191951087172165,0.00138488331122328,0.475177468962967,0.261473811504591
22,"s(curr_lastRippleHPC_z):curr_DOWN_no",0.00038069893793935,2.64790195205391e-06,0.0152568807004707,0.0044958046195341
23,"s(curr_lastRippleHPC_z):curr_DOWN_no",0.0491774549311721,0.000189278664166549,0.167000795279429,0.119586765282165
24,"s(curr_lastRippleHPC_z):curr_DOWN_no",0.0724135565542099,0.000409698283736751,0.223459829583398,0.201657662136913
25,"s(curr_lastRippleHPC_z):curr_DOWN_no",0.0362712313049087,0.00035588616130286,0.168993933679299,0.0498100145699076
26,"s(curr_lastRippleHPC_z):curr_DOWN_no",0.170637087346186,0.00136341396072899,0.715149429589764,0.835121851267595
27,"s(curr_lastRippleHPC_z):curr_DOWN_no",0.13145185035425,0.0010933680132656,0.314578002772936,0.218582961800451
28,"s(curr_lastRippleHPC_z):curr_DOWN_no",0.204206085628458,0.00129045437155554,0.638786109631642,0.4920885967368
29,"s(curr_lastRippleHPC_z):curr_DOWN_no",0.0904581558739741,0.000662582196575922,0.280817679566115,0.32830192059762
30,"s(curr_lastRippleHPC_z):curr_DOWN_no",0.354717629330187,0.0031029877261366,0.76308839024199,0.84394788008162
31,"s(curr_lastRippleHPC_z):curr_DOWN_no",0.128466830425972,0.000835269629173435,0.378463668592772,0.499457106045591
32,"s(curr_lastRippleHPC_z):curr_DOWN_no",0.0155894541449388,0.000153970785732245,0.116333356450981,0.034259422433742
33,"s(curr_lastRippleHPC_z):curr_DOWN_no",0.0236766985947723,3.82059108671666e-05,0.128477494545338,0.0420139544389209
34,"s(curr_lastRippleHPC_z):curr_DOWN_no",0.159613223791345,0.00119256237646668,0.401767117423335,0.489607919605564
35,"s(curr_lastRippleHPC_z):curr_DOWN_no",0.046805472222097,0.000235436889951998,0.188557270629871,0.0726823267164881
36,"s(curr_lastRippleHPC_z):curr_DOWN_no",0.117778313899993,0.000650634585927548,0.188383819398688,0.188433281512108
37,"s(curr_lastRippleHPC_z):curr_DOWN_no",0.126375994525923,0.000902925071982356,0.389082130789403,0.5096928652253
38,"s(curr_lastRippleHPC_z):curr_DOWN_no",0.235997370076271,0.00190848528029293,0.55487147716449,0.498626731805326
39,"s(curr_lastRippleHPC_z):curr_DOWN_no",0.0348572144562924,0.000216762627234043,0.128233716557969,0.0587256879973788
40,"s(curr_lastRippleHPC_z):curr_DOWN_no",0.00392162788034955,3.73985319483921e-05,0.0545899539041776,0.0160880926533645
41,"s(curr_lastRippleHPC_z):curr_DOWN_no",0.0706663488999046,0.000264052590694549,0.273588700678682,0.15950378742736
42,"s(curr_lastRippleHPC_z):curr_DOWN_no",0.0819978744498169,0.000442215919787337,0.212648921890054,0.164835274776515
43,"s(curr_lastRippleHPC_z):curr_DOWN_no",0.00694088179156971,0.000125506991269049,0.102378205481484,0.0301597348182544
44,"s(curr_lastRippleHPC_z):curr_DOWN_no",0.123920943922259,0.000861652102396494,0.383190978316428,0.22185658216671
45,"s(curr_lastRippleHPC_z):curr_DOWN_no",0.131803627219191,0.000886924772859091,0.375006732626385,0.263531098786543
46,"s(curr_lastRippleHPC_z):curr_DOWN_no",0.126121442756016,0.00050233862691684,0.484347168438823,0.35467784671754
47,"s(curr_lastRippleHPC_z):curr_DOWN_no",0.149708670721869,0.00117371011726825,0.450926990880454,0.616491745238601
48,"s(curr_lastRippleHPC_z):curr_DOWN_no",0.0866881315386872,0.000561730635769702,0.220712944858209,0.162546959034213
49,"s(curr_lastRippleHPC_z):curr_DOWN_no",0.0848855484956514,0.000559186969075633,0.154596647296525,0.111179932192561
50,"s(curr_lastRippleHPC_z):curr_DOWN_no",0.0316652913245781,9.72643317323301e-05,0.118592682108421,0.0577986837413025
51,"s(curr_lastRippleHPC_z):curr_DOWN_no",0.00531978926424692,5.3958471089003e-05,0.0680645779148643,0.0200392421097411
52,"s(curr_lastRippleHPC_z):curr_DOWN_no",0.115185919720297,0.000771391418329802,0.297309261940993,0.340056355666593
53,"s(curr_lastRippleHPC_z):curr_DOWN_no",0.151268254691957,0.00111111933202006,0.489050490178573,0.668935057593626
54,"s(curr_lastRippleHPC_z):curr_DOWN_no",0.00586433757910765,6.02909854311229e-05,0.0728276664265413,0.0214520020604797
55,"s(curr_lastRippleHPC_z):curr_DOWN_no",0.201262692955021,0.00147133478469668,0.699515532540781,0.705097599257954
56,"s(curr_lastRippleHPC_z):curr_DOWN_no",0.147260585371515,0.00116823551945332,0.369293241911295,0.293926700990726
57,"s(curr_lastRippleHPC_z):curr_DOWN_no",0.145636872874864,0.000974915817705339,0.388484582893765,0.340524427250752
58,"s(curr_lastRippleHPC_z):curr_DOWN_no",0.117000726298532,0.000844330296162594,0.369942525592033,0.330396468311065
59,"s(curr_lastRippleHPC_z):curr_DOWN_no",0.0244173393978979,0.000312450929772002,0.149411766533782,0.0565526409565517
60,"s(curr_lastRippleHPC_z):curr_DOWN_no",0.122788945880751,0.000937422046010652,0.369589517528012,0.378059726320677
61,"s(curr_lastRippleHPC_z):curr_DOWN_no",0.063449658172134,0.000363029876833519,0.194013580357986,0.193664096171326
62,"s(curr_lastRippleHPC_z):curr_DOWN_no",0.287292832029097,0.00237094127553756,0.593008225448708,0.664763918146296
63,"s(curr_lastRippleHPC_z):curr_DOWN_no",0.00730173339772833,6.81603801126772e-06,0.0448738208102682,0.0205848235185126
64,"s(curr_lastRippleHPC_z):curr_DOWN_no",0.102942289881817,0.000722492376284935,0.394779675706876,0.314069859685663
65,"s(curr_lastRippleHPC_z):curr_DOWN_no",0.00148973793192564,1.65670660058514e-05,0.0371940437656979,0.0109576450881378
66,"s(curr_lastRippleHPC_z):curr_DOWN_no",0.00743585502079647,8.2053909169298e-05,0.0812046922199697,0.02392661811891
67,"s(curr_lastRippleHPC_z):curr_DOWN_no",0.141340738257101,0.00109716067230209,0.432314120079871,0.483428135527303
68,"s(curr_lastRippleHPC_z):curr_DOWN_no",0.164363446705303,0.00106228578510491,0.408525631973315,0.379546566841973
69,"s(curr_lastRippleHPC_z):curr_DOWN_no",0.123010699582506,0.00076254810833662,0.283466190597534,0.28680807381316
70,"s(curr_lastRippleHPC_z):curr_DOWN_no",0.259586567201024,0.00143770834681108,0.464768373271016,0.480295053475541
71,"s(curr_lastRippleHPC_z):curr_DOWN_no",0.0250249774670692,6.0192187568802e-05,0.110254208738099,0.0755272503973328
72,"s(curr_lastRippleHPC_z):curr_DOWN_no",0.00889034288938273,8.87063165293242e-05,0.0880277104864343,0.0259578167349937
73,"s(curr_lastRippleHPC_z):curr_DOWN_no",0.185411380622817,0.00149718959043709,0.731335811101059,0.84022930990845
74,"s(curr_lastRippleHPC_z):curr_DOWN_no",0.0716418715516829,0.000332867981022233,0.243037171207932,0.200696301013372
75,"s(curr_lastRippleHPC_z):curr_DOWN_no",0.00793762328749636,8.44724481985889e-05,0.0849926264541753,0.0250311136435573
76,"s(curr_lastRippleHPC_z):curr_DOWN_no",0.000804766467117801,1.10328725362244e-05,0.0307088114765902,0.00905009627919911
77,"s(curr_lastRippleHPC_z):curr_DOWN_no",0.0776263285930332,0.000504532849815698,0.245538766003196,0.27253945441129
78,"s(curr_lastRippleHPC_z):curr_DOWN_no",0.11857978627287,0.000836293177617953,0.36194361646934,0.473057765769416
79,"s(curr_lastRippleHPC_z):curr_DOWN_no",0.218693965094625,0.00172241899321004,0.686959052732055,0.699619162826323
80,"s(curr_lastRippleHPC_z):curr_DOWN_no",0.000199480799022211,1.28984975447102e-06,0.0105851169859189,0.00311742917368818
81,"s(curr_lastRippleHPC_z):curr_DOWN_no",0.185935872965858,0.00151672726321319,0.636005025519097,0.751113475787999
82,"s(curr_lastRippleHPC_z):curr_DOWN_no",0.00124957888696109,1.01069638360823e-05,0.0301315655514176,0.00887469491773978
83,"s(curr_lastRippleHPC_z):curr_DOWN_no",0.106038856365897,0.000670437390570302,0.35998573847292,0.399180885664485
84,"s(curr_lastRippleHPC_z):curr_DOWN_no",0.00309894500396179,2.83365575339841e-05,0.0488739235206818,0.0144168410916056
85,"s(curr_lastRippleHPC_z):curr_DOWN_no",0.218971202709065,0.00172746189571904,0.662767590055844,0.789094689552105
86,"s(curr_lastRippleHPC_z):curr_DOWN_no",0.0318475814244428,0.000139319220061259,0.128439431612906,0.0761229568571937
87,"s(curr_lastRippleHPC_z):curr_DOWN_no",0.0627645846321654,0.000409113943018839,0.212401185087821,0.15632646223196
88,"s(curr_lastRippleHPC_z):curr_DOWN_no",0.0141805413428564,3.88873968157114e-05,0.0593555193655675,0.0490328794446834
89,"s(curr_lastRippleHPC_z):curr_DOWN_no",0.108208024124884,0.000770598587794373,0.129347915269949,0.0735482568216634
90,"s(curr_lastRippleHPC_z):curr_DOWN_no",0.124996502963079,0.000925145660735778,0.325457184907717,0.195204098413325
91,"s(curr_lastRippleHPC_z):curr_DOWN_no",0.331102858959699,0.00308763871426399,1.07590409089074,1.21532165478163
92,"s(curr_lastRippleHPC_z):curr_DOWN_no",-1.81023520307022e-05,1.54122620875238e-10,0.000125838674626239,3.69662308967671e-05
93,"s(curr_lastRippleHPC_z):curr_DOWN_no",0.0829078404335686,0.000548518846571572,0.217131197524582,0.203690854372002
94,"s(curr_lastRippleHPC_z):curr_DOWN_no",0.0228889044057157,7.77099291456818e-05,0.093359546785445,0.0627617402013469
95,"s(curr_lastRippleHPC_z):curr_DOWN_no",0.0435362603104563,0.000185441805640773,0.1403195757047,0.14345173194879
96,"s(curr_lastRippleHPC_z):curr_DOWN_no",0.0208422915899478,0.000108619108850139,0.116097018613971,0.0403906823919255
97,"s(curr_lastRippleHPC_z):curr_DOWN_no",0.130990544613405,0.000759064886939437,0.516765633978987,0.458292362448426
98,"s(curr_lastRippleHPC_z):curr_DOWN_no",0.168583177865361,0.00123475509649292,0.467378929314161,0.594485514605193
99,"s(curr_lastRippleHPC_z):curr_DOWN_no",0.0955717865722807,0.000421312651739494,0.241023364842689,0.130576474364105
100,"s(curr_lastRippleHPC_z):curr_DOWN_no",0.0943665353364738,0.000633824607778338,0.335894825053644,0.409206721009236
101,"s(curr_lastRippleHPC_z):curr_DOWN_no",0.251888506794395,0.00226137766257543,0.559341249998068,0.661997282423964
102,"s(curr_lastRippleHPC_z):curr_DOWN_no",0.152842132495454,0.00113717037221903,0.538790554062886,0.617977796087282
103,"s(curr_lastRippleHPC_z):curr_DOWN_no",0.0664860292462377,0.000338705196343012,0.180169662398061,0.161696697641824
104,"s(curr_lastRippleHPC_z):curr_DOWN_no",0.0143149036213099,0.000153452211671699,0.111968259975497,0.0330032283606824
105,"s(curr_lastRippleHPC_z):curr_DOWN_no",0.00672443913950005,4.95704984908994e-05,0.0281356818757332,0.0223432775522178
106,"s(curr_lastRippleHPC_z):curr_DOWN_no",0.0289459092398552,0.000301600105717547,0.169147595414221,0.0498208048465317
107,"s(curr_lastRippleHPC_z):curr_DOWN_no",0.0443072095869121,0.000195491804269971,0.17804060701529,0.0724925578430146
108,"s(curr_lastRippleHPC_z):curr_DOWN_no",0.0037447654795395,3.10583905998314e-05,0.0510475414403331,0.0150393406563335
109,"s(curr_lastRippleHPC_z):curr_DOWN_no",0.0813454051339448,0.0014081698599323,0.213721699638425,0.623138617354677
110,"s(curr_lastRippleHPC_z):curr_DOWN_no",0.0508867901202104,0.000273251896590075,0.190326785535701,0.162972671803827
111,"s(curr_lastRippleHPC_z):curr_DOWN_no",0.206467514179774,0.00156797104250407,0.645785115993873,0.747470540873959
112,"s(curr_lastRippleHPC_z):curr_DOWN_no",0.000669514632918755,6.59991039329932e-06,0.0245965695177847,0.00724460994701759
113,"s(curr_lastRippleHPC_z):curr_DOWN_no",0.032288208150443,0.000139215404265649,0.119002122411309,0.0877925881019629
114,"s(curr_lastRippleHPC_z):curr_DOWN_no",0.178429456590028,0.00100161877483883,0.597836103296081,0.490782195497627
115,"s(curr_lastRippleHPC_z):curr_DOWN_no",0.0815214726216302,0.000473546340409557,0.309007342528117,0.201209396883754
116,"s(curr_lastRippleHPC_z):curr_DOWN_no",0.0143965145548473,2.35032131684571e-05,0.0390989122101834,0.0268886368860668
117,"s(curr_lastRippleHPC_z):curr_DOWN_no",0.0527546289031253,0.00028092630619882,0.209887350457713,0.164922342236236
118,"s(curr_lastRippleHPC_z):curr_DOWN_no",0.0499438338942282,0.000327730393503314,0.179040842434842,0.119212044448936
119,"s(curr_lastRippleHPC_z):curr_DOWN_no",0.0656625042901648,0.000265983517856795,0.211994337930904,0.142144220840559
120,"s(curr_lastRippleHPC_z):curr_DOWN_no",0.252531895282644,0.00220187933769249,0.559454499491973,0.702567279499785
121,"s(curr_lastRippleHPC_z):curr_DOWN_no",0.0921490245351846,0.000331635536301906,0.324902897988464,0.266141519936654
122,"s(curr_lastRippleHPC_z):curr_DOWN_no",0.0555352214038143,0.000270528984646102,0.172582312380082,0.148594415501298
123,"s(curr_lastRippleHPC_z):curr_DOWN_no",0.0424562246730673,0.000123427534843931,0.187504001465699,0.109706086634637
124,"s(curr_lastRippleHPC_z):curr_DOWN_no",0.00214225544799529,2.330378392286e-05,0.044025278120735,0.0129679649362519
125,"s(curr_lastRippleHPC_z):curr_DOWN_no",0.0303356953613685,0.000268570604989427,0.155367963064486,0.0457888729644294
126,"s(curr_lastRippleHPC_z):curr_DOWN_no",4.46348900107196e-05,1.06643009020046e-07,0.00305560441766479,0.000898395297251709
127,"s(curr_lastRippleHPC_z):curr_DOWN_no",0.0720102877086539,0.000468343778247959,0.225116689018164,0.209922059297611
128,"s(curr_lastRippleHPC_z):curr_DOWN_no",0.478753303952387,0.00434267759590917,0.881009536318945,0.886345588318572
129,"s(curr_lastRippleHPC_z):curr_DOWN_no",0.0990346338631891,0.000427920190349144,0.304461182413103,0.267032585185144
130,"s(curr_lastRippleHPC_z):curr_DOWN_no",0.169997439911224,0.00126238606129414,0.320700939876664,0.269087236263505
131,"s(curr_lastRippleHPC_z):curr_DOWN_no",0.0503023986639164,0.000173987550112146,0.192995254818458,0.121597650906469
132,"s(curr_lastRippleHPC_z):curr_DOWN_no",0.00320293848704711,3.03467885199989e-05,0.0516021955109844,0.0151974339624913
133,"s(curr_lastRippleHPC_z):curr_DOWN_no",0.142549575184613,0.000981253411593281,0.47036715629177,0.627521430081463
134,"s(curr_lastRippleHPC_z):curr_DOWN_no",0.0710031797874793,0.000271472961911885,0.245089410756499,0.15795429329052
135,"s(curr_lastRippleHPC_z):curr_DOWN_no",0.162927129515656,0.00131945365760995,0.517245978946588,0.618862989762223
136,"s(curr_lastRippleHPC_z):curr_DOWN_no",0.101112479912178,0.000663678210784001,0.248426589321149,0.256032442442886
137,"s(curr_lastRippleHPC_z):curr_DOWN_no",0.203050525285674,0.00144919742085863,0.711162002419758,0.732186717903305
138,"s(curr_lastRippleHPC_z):curr_DOWN_no",0.279578339946241,0.00226126615968847,0.699694736424232,0.920454841213971
139,"s(curr_lastRippleHPC_z):curr_DOWN_no",0.221567043752658,0.00194530203036052,0.647262460409845,0.698926677080389
140,"s(curr_lastRippleHPC_z):curr_DOWN_no",0.0726844585273128,0.000353978081460279,0.278612842795675,0.168465145303666
141,"s(curr_lastRippleHPC_z):curr_DOWN_no",0.0164636698787719,0.00016210016761976,0.116085432973097,0.0341915571018139
142,"s(curr_lastRippleHPC_z):curr_DOWN_no",0.0258376161324572,0.000101185687424291,0.0887444561291529,0.0929361112475293
143,"s(curr_lastRippleHPC_z):curr_DOWN_no",0.242130849647463,0.0021281241905293,0.3816915261619,0.268298871593309
144,"s(curr_lastRippleHPC_z):curr_DOWN_no",0.00114374225266989,2.57417887257165e-05,0.0371071477848059,0.0380141175727125
145,"s(curr_lastRippleHPC_z):curr_DOWN_no",0.00875561303138639,8.99276965181713e-05,0.0849649714603856,0.0250488890255333
146,"s(curr_lastRippleHPC_z):curr_DOWN_no",0.173170085444549,0.0014134672318395,0.692566817179615,0.718015302571438
147,"s(curr_lastRippleHPC_z):curr_DOWN_no",0.206156587232895,0.00159010588262318,0.858166806751776,0.840258270077929
148,"s(curr_lastRippleHPC_z):curr_DOWN_no",0.122209969552301,0.000832794313976101,0.429324305635491,0.535860144654185
149,"s(curr_lastRippleHPC_z):curr_DOWN_no",0.0860343424869123,0.000531208759967405,0.278978763055013,0.331386914448
150,"s(curr_lastRippleHPC_z):curr_DOWN_no",0.100918750289212,0.000432406724632781,0.311763010715275,0.182394919185372
151,"s(curr_lastRippleHPC_z):curr_DOWN_no",0.247152329745402,0.00210161808664116,0.735119846606344,0.835841552622737
152,"s(curr_lastRippleHPC_z):curr_DOWN_no",0.00937989609774803,1.16211576645087e-05,0.0586892003632377,0.0228858481503497
153,"s(curr_lastRippleHPC_z):curr_DOWN_no",0.369557363204374,0.0032235822397592,0.794490237247613,1.03026730371518
154,"s(curr_lastRippleHPC_z):curr_DOWN_no",0.118658536878885,0.000774677179588667,0.390986306094672,0.484660711571444
155,"s(curr_lastRippleHPC_z):curr_DOWN_no",0.091132765729486,0.000641407295692505,0.389894338771822,0.532575490868018
156,"s(curr_lastRippleHPC_z):curr_DOWN_no",0.222489111117554,0.0013666187142207,0.474963368968608,0.397363570523049
157,"s(curr_lastRippleHPC_z):curr_DOWN_no",0.234848204616811,0.00197210547139145,0.447123181470863,0.297637631517143
158,"s(curr_lastRippleHPC_z):curr_DOWN_no",0.124342981037093,0.000900381801877561,0.482367252971294,0.616471490483029
159,"s(curr_lastRippleHPC_z):curr_DOWN_no",0.022539731910129,8.92123191496013e-05,0.0881316931754678,0.0469589584909645
160,"s(curr_lastRippleHPC_z):curr_DOWN_no",0.0644038441058692,0.00025527489547386,0.217902747700768,0.147774283697746
161,"s(curr_lastRippleHPC_z):curr_DOWN_no",0.0155446429046009,3.14973209448885e-05,0.0910708379610009,0.0346420088873394
162,"s(curr_lastRippleHPC_z):curr_DOWN_no",0.0233720106815598,0.000246691771344905,0.147841727846586,0.0435922925947684
163,"s(curr_lastRippleHPC_z):curr_DOWN_no",0.22194927498823,0.00185966863194802,0.616543655557514,0.918700211174099
164,"s(curr_lastRippleHPC_z):curr_DOWN_no",0.112323661119611,0.000829313902357514,0.406767887124512,0.3347188856234
165,"s(curr_lastRippleHPC_z):curr_DOWN_no",0.0608301004227592,0.000128656693045749,0.159385756851181,0.0707668788716978
166,"s(curr_lastRippleHPC_z):curr_DOWN_no",0.0900096962405463,0.000686528394753675,0.196548784508058,0.139846576987841
167,"s(curr_lastRippleHPC_z):curr_DOWN_no",0.149070539408648,0.00103207156780272,0.462972120618297,0.542924121038728
168,"s(curr_lastRippleHPC_z):curr_DOWN_no",0.147034356213771,0.00104714036585304,0.410698344547722,0.407950425891398
169,"s(curr_lastRippleHPC_z):curr_DOWN_no",0.260090482470972,0.00204513965638786,0.750011410788318,0.795649469513756
170,"s(curr_lastRippleHPC_z):curr_DOWN_no",0.181593832813639,0.0013237363746615,0.609148494451407,0.609771023997256
171,"s(curr_lastRippleHPC_z):curr_DOWN_no",0.233411382355903,0.00132621227552155,0.572769064530434,0.778523252652179
172,"s(curr_lastRippleHPC_z):curr_DOWN_no",0.0641483776761627,0.000178726738595435,0.307816580792533,0.156372456388765
173,"s(curr_lastRippleHPC_z):curr_DOWN_no",0.0829370597371133,0.000254586534584783,0.220640800401493,0.10164377244653
174,"s(curr_lastRippleHPC_z):curr_DOWN_no",0.0159355320029606,3.84347935108582e-05,0.0708187460027031,0.0449115055628025
175,"s(curr_lastRippleHPC_z):curr_DOWN_no",0.0179349165655109,2.55037181791632e-05,0.0805454927950379,0.0477277563044394
176,"s(curr_lastRippleHPC_z):curr_DOWN_no",0.176945881973871,0.00162228349413632,0.526888821690202,0.300254672000466
177,"s(curr_lastRippleHPC_z):curr_DOWN_no",0.0495793890396845,0.000308145184798694,0.150758049059429,0.0764705880402943
178,"s(curr_lastRippleHPC_z):curr_DOWN_no",0.15108791873573,0.00107575509826879,0.503589998365442,0.604661566309162
179,"s(curr_lastRippleHPC_z):curr_DOWN_no",0.181322467166657,0.00108861545249637,0.539909283304957,0.535793914765738
180,"s(curr_lastRippleHPC_z):curr_DOWN_no",0.051248069603262,0.00014186369279185,0.153619304306863,0.105653249290717
181,"s(curr_lastRippleHPC_z):curr_DOWN_no",0.154130622564946,0.00107553260301178,0.571658724834703,0.476984369062419
182,"s(curr_lastRippleHPC_z):curr_DOWN_no",0.10897728111766,0.000642930659725521,0.520017574636774,0.386030405265933
183,"s(curr_lastRippleHPC_z):curr_DOWN_no",0.102017738601602,0.000699569502863235,0.286962288650726,0.267538807572797
184,"s(curr_lastRippleHPC_z):curr_DOWN_no",0.0645168170050843,0.00100944523021955,0.192992185142318,0.557971149014311
185,"s(curr_lastRippleHPC_z):curr_DOWN_no",0.0315497070474349,0.000133601023469908,0.15457084051219,0.119487765870123
186,"s(curr_lastRippleHPC_z):curr_DOWN_no",0.00522434823866913,4.91481999272219e-05,0.064247501863501,0.0189222926501709
187,"s(curr_lastRippleHPC_z):curr_DOWN_no",0.0413922121834069,0.000257822607318511,0.151984575310894,0.0553441106386872
188,"s(curr_lastRippleHPC_z):curr_DOWN_no",0.234962970389877,0.00166388337579886,0.652501829853498,0.709792787811187
189,"s(curr_lastRippleHPC_z):curr_DOWN_no",0.0930176519662691,0.000688284599969223,0.247388855811387,0.187521610411737
190,"s(curr_lastRippleHPC_z):curr_DOWN_no",0.152636921395645,0.00107666499363391,0.576929853460356,0.482946554297407
191,"s(curr_lastRippleHPC_z):curr_DOWN_no",0.110360249370301,0.000614358836065182,0.28865388801522,0.170684079264682
192,"s(curr_lastRippleHPC_z):curr_DOWN_no",0.268122435190919,0.00231085991134381,0.551914884933441,0.52218253105828
193,"s(curr_lastRippleHPC_z):curr_DOWN_no",0.0493423925688887,0.000206276203259455,0.168735162144985,0.0876745204799042
194,"s(curr_lastRippleHPC_z):curr_DOWN_no",0.0557243515072079,0.00017874128758977,0.190633657320041,0.129383736040137
195,"s(curr_lastRippleHPC_z):curr_DOWN_no",0.00178490139084975,2.37421611085141e-05,0.046224813295288,0.0136253902603117
196,"s(curr_lastRippleHPC_z):curr_DOWN_no",0.193310966205877,0.00135451651777815,0.724381571778184,0.693212795042084
197,"s(curr_lastRippleHPC_z):curr_DOWN_no",0.0984155477794939,0.000692431806667049,0.334816779501416,0.381950105967884
198,"s(curr_lastRippleHPC_z):curr_DOWN_no",-5.2212515308625e-05,1.05823937009941e-06,0.00929263300156606,0.00273729535715644
199,"s(curr_lastRippleHPC_z):curr_DOWN_no",0.194101928856939,0.00155645075436037,0.490788437984976,0.515129237471283
200,"s(curr_lastRippleHPC_z):curr_DOWN_no",0.0210144195504665,8.90139052751871e-05,0.0724618457164232,0.0359917747036579
201,"s(curr_lastRippleHPC_z):curr_DOWN_no",0.246694905238876,0.00199495708411406,0.915234278013679,0.958261495104647
202,"s(curr_lastRippleHPC_z):curr_DOWN_no",0.0164078028201065,5.4651228874232e-05,0.0945192921668475,0.0302197278916425
203,"s(curr_lastRippleHPC_z):curr_DOWN_no",0.145192224890323,0.00104147381586644,0.337742618320212,0.298073433029828
204,"s(curr_lastRippleHPC_z):curr_DOWN_no",0.125067123010045,0.000879431942353133,0.366209248801142,0.251940272275013
205,"s(curr_lastRippleHPC_z):curr_DOWN_no",0.0392676674979819,9.19870783543852e-05,0.138734118503843,0.0919383826082193
206,"s(curr_lastRippleHPC_z):curr_DOWN_no",0.0337818538880699,0.000114184371394269,0.140420675441789,0.108783678853323
207,"s(curr_lastRippleHPC_z):curr_DOWN_no",0.0801173145627914,0.000664164735387107,0.275712371580352,0.169302498832849
208,"s(curr_lastRippleHPC_z):curr_DOWN_no",0.0159801093110277,5.84819020278418e-05,0.0692395990267204,0.0504133371226467
209,"s(curr_lastRippleHPC_z):curr_DOWN_no",0.177482609681756,0.00123577268863903,0.443865285851253,0.338521693531077
210,"s(curr_lastRippleHPC_z):curr_DOWN_no",0.103120697519044,0.000464336352906449,0.404566312659053,0.267870901536064
211,"s(curr_lastRippleHPC_z):curr_DOWN_no",0.024227286717255,0.000119949927689548,0.100423244934929,0.0677021956070072
212,"s(curr_lastRippleHPC_z):curr_DOWN_no",0.175704936036195,0.0012086997329921,0.530044212638964,0.585166725726251
213,"s(curr_lastRippleHPC_z):curr_DOWN_no",0.10676831688586,0.000737835882669675,0.286706378853278,0.244256333044334
214,"s(curr_lastRippleHPC_z):curr_DOWN_no",0.232055968493382,0.00183118325320328,0.458090479322044,0.354376655801533
215,"s(curr_lastRippleHPC_z):curr_DOWN_no",0.0832970343840387,0.00054306955573897,0.316518783824324,0.218881274374063
216,"s(curr_lastRippleHPC_z):curr_DOWN_no",0.019723660829932,0.000195223547342969,0.127158153724078,0.0374701878499641
217,"s(curr_lastRippleHPC_z):curr_DOWN_no",0.136919209074281,0.000687270835733457,0.510810627890845,0.368423646113144
218,"s(curr_lastRippleHPC_z):curr_DOWN_no",0.0319215318771118,0.000199976272426869,0.111107777563345,0.0558425506453549
219,"s(curr_lastRippleHPC_z):curr_DOWN_no",0.173581804093409,0.00130844429759553,0.457337598805339,0.189973465556428
220,"s(curr_lastRippleHPC_z):curr_DOWN_no",0.0959137341141263,0.000739981621100559,0.279331417598248,0.162366199591388
221,"s(curr_lastRippleHPC_z):curr_DOWN_no",0.0660249935067796,0.000337450690349916,0.247817866324518,0.188555380835291
222,"s(curr_lastRippleHPC_z):curr_DOWN_no",0.0136587578976455,2.75963762490709e-05,0.0807941349870975,0.0367266337886977
223,"s(curr_lastRippleHPC_z):curr_DOWN_no",0.0721988878594058,0.000556367363758456,0.189840912703064,0.0998380336684799
224,"s(curr_lastRippleHPC_z):curr_DOWN_no",0.216495054162495,0.0018150975939831,0.472306360766431,0.572009805061017
225,"s(curr_lastRippleHPC_z):curr_DOWN_no",0.162862657326282,0.00130486524720345,0.440668626774764,0.452722655033204
226,"s(curr_lastRippleHPC_z):curr_DOWN_no",0.05141302938768,0.000290117309210203,0.185449022146867,0.0842511194510753
227,"s(curr_lastRippleHPC_z):curr_DOWN_no",0.198133642522574,0.00155009739911033,0.365518886769032,0.309007106262897
228,"s(curr_lastRippleHPC_z):curr_DOWN_no",0.0303164907960314,6.08864806449969e-05,0.121892822963452,0.0784280108823832
229,"s(curr_lastRippleHPC_z):curr_DOWN_no",0.0113458652147882,0.000103246660267523,0.0967444630590192,0.028503357927556
230,"s(curr_lastRippleHPC_z):curr_DOWN_no",0.0646536274675009,0.000193784026396321,0.177805275447348,0.0876421676589074
231,"s(curr_lastRippleHPC_z):curr_DOWN_no",0.00171207429458242,2.13199114969829e-05,0.0431998986027806,0.0127230918156264
232,"s(curr_lastRippleHPC_z):curr_DOWN_no",0.111854449195211,0.000677768402928722,0.340321165492641,0.22578934227793
233,"s(curr_lastRippleHPC_z):curr_DOWN_no",0.150378144643312,0.00111365299058448,0.38263035355456,0.389077321767438
234,"s(curr_lastRippleHPC_z):curr_DOWN_no",0.208778464570177,0.00176839676367256,0.419349341706428,0.341411558906332
235,"s(curr_lastRippleHPC_z):curr_DOWN_no",0.165601527749167,0.00117530860774838,0.422760283020074,0.540236542063915
236,"s(curr_lastRippleHPC_z):curr_DOWN_no",0.142747501124816,0.00116593486774851,0.472944765411715,0.389908976259033
237,"s(curr_lastRippleHPC_z):curr_DOWN_no",0.155951697326214,0.00112879998964291,0.531034295041102,0.672888664299143
238,"s(curr_lastRippleHPC_z):curr_DOWN_no",0.154553741566419,0.001244022806869,0.381552293886464,0.465055555616418
239,"s(curr_lastRippleHPC_z):curr_DOWN_no",0.230872206768004,0.00153892939458601,0.68197317014735,0.605082267420825
240,"s(curr_lastRippleHPC_z):curr_DOWN_no",0.0870343253624579,0.000595532479082802,0.255615110206112,0.242728649702507
241,"s(curr_lastRippleHPC_z):curr_DOWN_no",0.120239809413393,0.000983050777797456,0.462384463570998,0.341257249838233
242,"s(curr_lastRippleHPC_z):curr_DOWN_no",0.163284097549767,0.0013397795664769,0.475507272278374,0.425705455333565
243,"s(curr_lastRippleHPC_z):curr_DOWN_no",0.208271162185435,0.00174322429297518,0.66985025170296,0.803724634543715
244,"s(curr_lastRippleHPC_z):curr_DOWN_no",3.56804461532079e-08,2.88796068588729e-07,0.00497483456117049,0.00146576669116727
245,"s(curr_lastRippleHPC_z):curr_DOWN_no",0.0883769112588775,0.000632903408857678,0.22839527166267,0.102035677043691
246,"s(curr_lastRippleHPC_z):curr_DOWN_no",0.0052755774224984,4.77929919442635e-05,0.0658995606184676,0.0194093295118951
247,"s(curr_lastRippleHPC_z):curr_DOWN_no",0.0617427804130308,0.000183792529158412,0.195935280280635,0.11691027834759
248,"s(curr_lastRippleHPC_z):curr_DOWN_no",0.11610210109764,0.000871980861739176,0.341765565821223,0.434751824955285
249,"s(curr_lastRippleHPC_z):curr_DOWN_no",0.251773240501794,0.00217022607951958,0.721428751360801,0.909512799496137
250,"s(curr_lastRippleHPC_z):curr_DOWN_no",0.0424388418824488,0.00023571350116422,0.148193414101357,0.0884477791732342
251,"s(curr_lastRippleHPC_z):curr_DOWN_no",0.116960602292769,0.000880266932443672,0.349070482686822,0.291184197163685
252,"s(curr_lastRippleHPC_z):curr_DOWN_no",0.179831493074369,0.00111728565338031,0.642712722676619,0.54826326022305
253,"s(curr_lastRippleHPC_z):curr_DOWN_no",0.00501355636711143,5.71299248263163e-05,0.070211392270295,0.0206809466781691
254,"s(curr_lastRippleHPC_z):curr_DOWN_no",0.0583883835046244,0.000373866905069206,0.227227907282986,0.120330785425608
255,"s(curr_lastRippleHPC_z):curr_DOWN_no",0.0401369320301947,0.000105406976374695,0.161011802239096,0.054473937244095
256,"s(curr_lastRippleHPC_z):curr_DOWN_no",0.0262158304165485,8.3524607398414e-05,0.0887330603974215,0.0817940599758886
257,"s(curr_lastRippleHPC_z):curr_DOWN_no",0.0671205624656475,0.000486681289380966,0.188202812194258,0.152948529472672
258,"s(curr_lastRippleHPC_z):curr_DOWN_no",0.0427723608434674,0.000115464021583774,0.165866106962346,0.112551223473731
259,"s(curr_lastRippleHPC_z):curr_DOWN_no",0.064047019663418,0.000358994146599689,0.165203148586547,0.204584306144178
260,"s(curr_lastRippleHPC_z):curr_DOWN_no",0.0921195959625187,0.000475663865516381,0.311568839572255,0.267946800831479
261,"s(curr_lastRippleHPC_z):curr_DOWN_no",0.103806299610317,0.000556899895520309,0.282002326467351,0.285447988558867
262,"s(curr_lastRippleHPC_z):curr_DOWN_no",0.171879742519909,0.00159974603152211,0.4488262864671,0.547425179225287
263,"s(curr_lastRippleHPC_z):curr_DOWN_no",0.0945590081050369,0.000530120470776413,0.304850796048955,0.189116962258529
264,"s(curr_lastRippleHPC_z):curr_DOWN_no",0.215530328076531,0.00182332518657032,0.776908592773615,0.790920927644224
265,"s(curr_lastRippleHPC_z):curr_DOWN_no",0.101501046534484,0.000698859704238601,0.349518132761009,0.245221119510619
266,"s(curr_lastRippleHPC_z):curr_DOWN_no",0.0421906831801602,0.000490588008185347,0.203718326643632,0.0600022993089559
267,"s(curr_lastRippleHPC_z):curr_DOWN_no",0.0327606316315894,0.000140094934346825,0.125158998573542,0.102649227812634
268,"s(curr_lastRippleHPC_z):curr_DOWN_no",0.0971096843851207,0.000787883956081741,0.253871448191442,0.10269933303981
269,"s(curr_lastRippleHPC_z):curr_DOWN_no",0.00328189336700913,3.52985878877698e-05,0.0551434245487066,0.0162513382468605
270,"s(curr_lastRippleHPC_z):curr_DOWN_no",0.158006310611127,0.0011828092367071,0.381105410712667,0.352142961377757
271,"s(curr_lastRippleHPC_z):curr_DOWN_no",0.0585182324573754,0.000339523214237694,0.225079568082326,0.19351752263711
272,"s(curr_lastRippleHPC_z):curr_DOWN_no",0.175358261909529,0.00139515686749324,0.505183281925854,0.561784033191754
273,"s(curr_lastRippleHPC_z):curr_DOWN_no",0.000955973438388824,1.40123408071476e-05,0.0348519104814858,0.010267928861186
274,"s(curr_lastRippleHPC_z):curr_DOWN_no",0.129348528264417,0.000634814036642151,0.517701195812739,0.390891659663177
275,"s(curr_lastRippleHPC_z):curr_DOWN_no",0.146331878472224,0.00123287809613121,0.479537341194245,0.321764442702078
276,"s(curr_lastRippleHPC_z):curr_DOWN_no",0.194495859680501,0.00112489082977258,0.596842150613014,0.319790722504405
277,"s(curr_lastRippleHPC_z):curr_DOWN_no",0.27082997549387,0.00207385919862517,0.719215570066963,0.479252734132026
278,"s(curr_lastRippleHPC_z):curr_DOWN_no",0.181306024524202,0.00101084595380925,0.441152692437648,0.377641392372195
279,"s(curr_lastRippleHPC_z):curr_DOWN_no",0.0851904529113634,0.000519020703611096,0.272609101940334,0.221674476185121
280,"s(curr_lastRippleHPC_z):curr_DOWN_no",0.0783808804720554,0.000497384350139658,0.301801845731598,0.210971334470209
281,"s(curr_lastRippleHPC_z):curr_DOWN_no",0.033817555114898,0.000132528550267948,0.120691660017673,0.110817535424746
282,"s(curr_lastRippleHPC_z):curr_DOWN_no",0.00212190495795905,1.62883735622924e-05,0.0358777971321909,0.0105713550807767
283,"s(curr_lastRippleHPC_z):curr_DOWN_no",0.0437767738811701,0.000109915855411105,0.14811978808239,0.0889587621453391
284,"s(curr_lastRippleHPC_z):curr_DOWN_no",0.16085525312092,0.00131434301175673,0.44556721486763,0.274777556393902
285,"s(curr_lastRippleHPC_z):curr_DOWN_no",0.226449741288108,0.00179690673514936,0.650659237572489,0.843149592587031
286,"s(curr_lastRippleHPC_z):curr_DOWN_no",0.147276981400545,0.00120953489272471,0.468152696223021,0.524762544659589
287,"s(curr_lastRippleHPC_z):curr_DOWN_no",0.254428767360202,0.00204031020737669,0.680122304135337,0.816841671155111
288,"s(curr_lastRippleHPC_z):curr_DOWN_no",0.0372572752998233,0.000116085746536756,0.175842806929006,0.0613997739787462
289,"s(curr_lastRippleHPC_z):curr_DOWN_no",0.139557734857712,0.000884308866026644,0.461229690774889,0.477553879460695
290,"s(curr_lastRippleHPC_z):curr_DOWN_no",0.104229181635976,0.00055585102200578,0.353278970587188,0.228097449780814
291,"s(curr_lastRippleHPC_z):curr_DOWN_no",0.0174695717344644,3.38955670855317e-05,0.0968434273586379,0.0409246125804399
292,"s(curr_lastRippleHPC_z):curr_DOWN_no",0.0948385440951744,0.00056785051592558,0.264141610037396,0.198548019819256
293,"s(curr_lastRippleHPC_z):curr_DOWN_no",0.114001291347009,0.000537858969451497,0.362581058644965,0.280344079124178
294,"s(curr_lastRippleHPC_z):curr_DOWN_no",0.282809504870777,0.00254219766954798,0.529301797239777,0.538934770058639
295,"s(curr_lastRippleHPC_z):curr_DOWN_no",0.263161242280169,0.00210647260371801,0.767802166544507,0.908970552449374
296,"s(curr_lastRippleHPC_z):curr_DOWN_no",0.0244565998927655,9.85846539430367e-05,0.0976731249795024,0.0607817802566751
297,"s(curr_lastRippleHPC_z):curr_DOWN_no",0.0398953111815921,0.000132864706571878,0.137839933335747,0.106189482153192
298,"s(curr_lastRippleHPC_z):curr_DOWN_no",0.0223546120985683,0.00010843085826913,0.117325379207859,0.0388769748111656
299,"s(curr_lastRippleHPC_z):curr_DOWN_no",5.32630662828382e-05,2.00422782919929e-07,0.00420202078649755,0.00123894973902174
300,"s(curr_lastRippleHPC_z):curr_DOWN_no",0.00196063474071639,2.18240902361401e-05,0.0439587615902639,0.0129497586823468
301,"s(curr_lastRippleHPC_z):curr_DOWN_no",0.162514470260349,0.00122672667181692,0.644478644060083,0.682054390835614
302,"s(curr_lastRippleHPC_z):curr_DOWN_no",0.244024174013026,0.0020613922051529,0.831935731960519,0.98675864399196
303,"s(curr_lastRippleHPC_z):curr_DOWN_no",0.34842552779602,0.00287725451088633,0.699993104520346,0.855183581716658
304,"s(curr_lastRippleHPC_z):curr_DOWN_no",0.0493658594919832,0.000212004222557779,0.21900375315922,0.122638758813731
305,"s(curr_lastRippleHPC_z):curr_DOWN_no",0.27088772979342,0.00178681690220562,0.435944821168058,0.417070106533081
306,"s(curr_lastRippleHPC_z):curr_DOWN_no",0.154608856366593,0.00124928785532012,0.558350112713699,0.390005945811713
307,"s(curr_lastRippleHPC_z):curr_DOWN_no",0.156724370054047,0.001192537539226,0.465549705253661,0.425661929685586
308,"s(curr_lastRippleHPC_z):curr_DOWN_no",0.00755242399189804,4.65812948891712e-06,0.0296885225338979,0.0166146418057627
309,"s(curr_lastRippleHPC_z):curr_DOWN_no",0.000846963504951503,7.05977809462898e-06,0.0245883218197883,0.007247484093993
310,"s(curr_lastRippleHPC_z):curr_DOWN_no",0.12657434856019,0.000892685907829864,0.418210896816389,0.503037216349842
311,"s(curr_lastRippleHPC_z):curr_DOWN_no",0.0514972907785456,0.000227479419841538,0.211153856308845,0.104232631017562
312,"s(curr_lastRippleHPC_z):curr_DOWN_no",0.00550831033509258,4.65995344665551e-05,0.062213319537361,0.0183273826197932
313,"s(curr_lastRippleHPC_z):curr_DOWN_no",0.105599416512764,0.000738080637726755,0.323656630269515,0.248725183194701
314,"s(curr_lastRippleHPC_z):curr_DOWN_no",0.314776246840975,0.00292100678157503,0.774476919110535,0.729788017893045
315,"s(curr_lastRippleHPC_z):curr_DOWN_no",0.00370734436184783,4.2334206182413e-05,0.0596946203412568,0.0175839014470721
316,"s(curr_lastRippleHPC_z):curr_DOWN_no",0.082268865809672,0.000585279629614892,0.246715991687988,0.247176815359776
317,"s(curr_lastRippleHPC_z):curr_DOWN_no",0.0836499124120431,0.000549279679670447,0.290336000722498,0.243400032078404
318,"s(curr_lastRippleHPC_z):curr_DOWN_no",0.3002412866044,0.00219921085203122,0.84470070815726,0.986852653525527
319,"s(curr_lastRippleHPC_z):curr_DOWN_no",0.153937332471394,0.00122540104413887,0.47042049766268,0.479918333738322
320,"s(curr_lastRippleHPC_z):curr_DOWN_no",0.089605004356037,0.000560213984986089,0.250714751109964,0.200585626509226
321,"s(curr_lastRippleHPC_z):curr_DOWN_no",0.130608793712102,0.00087506415479676,0.314671402855212,0.205055777919568
322,"s(curr_lastRippleHPC_z):curr_DOWN_no",0.0271446398277284,0.000271716068294058,0.156724340716498,0.0461783382234477
323,"s(curr_lastRippleHPC_z):curr_DOWN_no",0.132819848941809,0.000689261662295069,0.376155413963151,0.21603767550366
324,"s(curr_lastRippleHPC_z):curr_DOWN_no",0.206830362649763,0.00146963430101626,0.545196844410057,0.537925269742548
325,"s(curr_lastRippleHPC_z):curr_DOWN_no",0.0579323010275017,0.000352385217915512,0.198547923210718,0.125295753573461
326,"s(curr_lastRippleHPC_z):curr_DOWN_no",0.249500224513585,0.00233232025414445,0.835311585270434,0.866785282715717
327,"s(curr_lastRippleHPC_z):curr_DOWN_no",0.121526954761924,0.000890083056918456,0.281172533489846,0.218994547676131
328,"s(curr_lastRippleHPC_z):curr_DOWN_no",0.0808703067533303,0.000518369195885279,0.266704632604339,0.248707302341083
329,"s(curr_lastRippleHPC_z):curr_DOWN_no",0.0372890078480301,0.000147657519974962,0.112819122135147,0.0919985520060949
330,"s(curr_lastRippleHPC_z):curr_DOWN_no",0.0754795123743257,0.000177215433012384,0.311071815643158,0.175738876644677
331,"s(curr_lastRippleHPC_z):curr_DOWN_no",0.103212277327754,0.000713143222902485,0.327686576379615,0.295941750668174
332,"s(curr_lastRippleHPC_z):curr_DOWN_no",0.157315140878614,0.00116198712691764,0.363654762627444,0.312401456851285
333,"s(curr_lastRippleHPC_z):curr_DOWN_no",0.0865862459839359,0.000559781175372909,0.246508298892603,0.217994206508165
334,"s(curr_lastRippleHPC_z):curr_DOWN_no",0.155624752348523,0.00124924264636644,0.487716897244891,0.506851882734326
335,"s(curr_lastRippleHPC_z):curr_DOWN_no",0.0128248090850844,0.000137758217605442,0.112440639762423,0.0331192656443702
336,"s(curr_lastRippleHPC_z):curr_DOWN_no",0.115478820799852,0.000591431998092683,0.453003580191539,0.349379516173501
337,"s(curr_lastRippleHPC_z):curr_DOWN_no",0.266881552275188,0.00224848633417308,0.70806838380635,1.01702406127448
338,"s(curr_lastRippleHPC_z):curr_DOWN_no",0.278722567405477,0.00189537574502859,0.803975593752638,0.630661248266753
339,"s(curr_lastRippleHPC_z):curr_DOWN_no",0.0857114054675705,0.000797791434393229,0.387255520924106,0.372713975390701
340,"s(curr_lastRippleHPC_z):curr_DOWN_no",0.00147411303830491,2.11133101640442e-05,0.0429732131245077,0.0126571408515226
341,"s(curr_lastRippleHPC_z):curr_DOWN_no",0.0425469807970771,0.000469618256643308,0.200950794235987,0.0592021305110471
342,"s(curr_lastRippleHPC_z):curr_DOWN_no",0.261373896023499,0.00238582015634145,0.763472447680291,0.72509544869291
343,"s(curr_lastRippleHPC_z):curr_DOWN_no",0.0536253282162047,0.000253356107801203,0.209900582160506,0.06531225069739
344,"s(curr_lastRippleHPC_z):curr_DOWN_no",0.155332799107204,0.00117153031430738,0.467812393816148,0.566960392952487
345,"s(curr_lastRippleHPC_z):curr_DOWN_no",0.0193200707207639,0.000216760930592871,0.143752060963617,0.0423394369264378
346,"s(curr_lastRippleHPC_z):curr_DOWN_no",0.104981967080077,0.000381172480423981,0.368289391274763,0.262973934009832
347,"s(curr_lastRippleHPC_z):curr_DOWN_no",0.0257766071798349,9.74604830892418e-05,0.100408401220132,0.0905127864664093
348,"s(curr_lastRippleHPC_z):curr_DOWN_no",0.0437885104665785,0.00013293898934233,0.146420858376346,0.0742688482520253
349,"s(curr_lastRippleHPC_z):curr_DOWN_no",0.068547024578673,0.000403351018573898,0.204561250418736,0.207576841331933
350,"s(curr_lastRippleHPC_z):curr_DOWN_no",0.203806046415748,0.00165156931568981,0.517753455402332,0.666259947942236
351,"s(curr_lastRippleHPC_z):curr_DOWN_no",0.161005635714847,0.00125314723517987,0.433286167397426,0.580242974676215
352,"s(curr_lastRippleHPC_z):curr_DOWN_no",0.287383367789359,0.002461212287694,0.662342934455874,0.802198608987614
353,"s(curr_lastRippleHPC_z):curr_DOWN_no",0.203634108289342,0.00167719825053813,0.570706623416733,0.588664080466894
354,"s(curr_lastRippleHPC_z):curr_DOWN_no",0.180298091941974,0.00140074499673736,0.455311572966518,0.589985408165211
355,"s(curr_lastRippleHPC_z):curr_DOWN_no",0.00718867828237446,1.21308056165225e-05,0.0436180587579368,0.0208655124481215
356,"s(curr_lastRippleHPC_z):curr_DOWN_no",0.145732580762038,0.00104389847750701,0.466821117275831,0.647072681888165
357,"s(curr_lastRippleHPC_z):curr_DOWN_no",0.0368029809483046,0.000145665720497125,0.117945206355173,0.120260054342481
358,"s(curr_lastRippleHPC_z):curr_DOWN_no",0.152564787239862,0.00118559136592151,0.370149016259785,0.335450764039728
359,"s(curr_lastRippleHPC_z):curr_DOWN_no",0.0511274047208534,0.000285435305324337,0.148947094498941,0.140646940194559
360,"s(curr_lastRippleHPC_z):curr_DOWN_no",0.160126619712742,0.000981687656090088,0.312076076531146,0.27889712566818
361,"s(curr_lastRippleHPC_z):curr_DOWN_no",0.257134420308564,0.00216376374052828,0.685922719751585,0.844000326097962
362,"s(curr_lastRippleHPC_z):curr_DOWN_no",0.0346733041003304,0.000382069501106228,0.180045104644839,0.053032374091175
363,"s(curr_lastRippleHPC_z):curr_DOWN_no",0.00260259646436101,2.9080869918748e-05,0.0492386705455774,0.0145071278221663
364,"s(curr_lastRippleHPC_z):curr_DOWN_no",0.115731619960207,0.000645762478665824,0.574654317849502,0.441350768305164
365,"s(curr_lastRippleHPC_z):curr_DOWN_no",0.0165515460154877,2.86241362354507e-05,0.0533744800406333,0.0438325144548466
366,"s(curr_lastRippleHPC_z):curr_DOWN_no",0.0154976753824423,4.18523575873196e-05,0.0688429098072021,0.0341524123807389
367,"s(curr_lastRippleHPC_z):curr_DOWN_no",0.127972529224647,0.000938170276511006,0.335401610993143,0.340276195596736
368,"s(curr_lastRippleHPC_z):curr_DOWN_no",0.288732088332043,0.00259089325530762,0.794038355851508,0.963448645936472
369,"s(curr_lastRippleHPC_z):curr_DOWN_no",0.0728661411168599,0.000319228753558326,0.31208497625314,0.258120553045326
370,"s(curr_lastRippleHPC_z):curr_DOWN_no",0.00595109351996381,2.55155527033377e-06,0.0614889021065859,0.0185494928844804
371,"s(curr_lastRippleHPC_z):curr_DOWN_no",0.0657282707925191,0.000362937460225397,0.239180717252607,0.20293601911232
372,"s(curr_lastRippleHPC_z):curr_DOWN_no",0.00317990854522954,8.43797584167799e-05,0.0852533309230785,0.0251263303572171
373,"s(curr_lastRippleHPC_z):curr_DOWN_no",0.407456420673727,0.00382046150968388,0.928833528740772,1.29403304826563
374,"s(curr_lastRippleHPC_z):curr_DOWN_no",0.0347939541590261,0.000100861236174508,0.129653611401485,0.09300815816784
375,"s(curr_lastRippleHPC_z):curr_DOWN_no",0.184773197936577,0.00137315125711774,0.918945297861501,0.854794907627128
376,"s(curr_lastRippleHPC_z):curr_DOWN_no",0.116863989738958,0.000825407630722701,0.320971796014981,0.244858061117466
377,"s(curr_lastRippleHPC_z):curr_DOWN_no",0.109876572208735,0.000719316336255037,0.322765657728646,0.137595303902174
378,"s(curr_lastRippleHPC_z):curr_DOWN_no",0.275944348090382,0.0024094259993384,0.899614399352916,1.00653881083189
379,"s(curr_lastRippleHPC_z):curr_DOWN_no",0.0323623946282652,0.000120581486151224,0.109152810707674,0.108166291619232
380,"s(curr_lastRippleHPC_z):curr_DOWN_no",0.210051389298385,0.00178761819000493,0.797444284639541,0.797682235240469
381,"s(curr_lastRippleHPC_z):curr_DOWN_no",0.0737689274307058,0.000361163312170841,0.257259267776747,0.1935759042175
382,"s(curr_lastRippleHPC_z):curr_DOWN_no",0.0687833968597316,0.000449144372593326,0.283188217651047,0.24215234642
383,"s(curr_lastRippleHPC_z):curr_DOWN_no",0.151597251348426,0.00100003329661651,0.430192476306937,0.413856482491253
384,"s(curr_lastRippleHPC_z):curr_DOWN_no",0.161661628489529,0.00125993502142463,0.466111594564855,0.365340002751769
385,"s(curr_lastRippleHPC_z):curr_DOWN_no",0.158232702905139,0.00107152771404775,0.37579711047344,0.292173647791171
386,"s(curr_lastRippleHPC_z):curr_DOWN_no",0.18585820077505,0.00150101901438844,0.51525354847925,0.555902736361626
387,"s(curr_lastRippleHPC_z):curr_DOWN_no",0.0929583885231207,0.000355382712694415,0.261277562206939,0.213129115730344
388,"s(curr_lastRippleHPC_z):curr_DOWN_no",0.0368088351850693,9.1684800243749e-05,0.132771459979411,0.0934468226675024
389,"s(curr_lastRippleHPC_z):curr_DOWN_no",0.0107514869280507,4.86875964567786e-05,0.0668411273583584,0.0345690917773471
390,"s(curr_lastRippleHPC_z):curr_DOWN_no",0.127521747054401,0.000881242363998722,0.323382173511657,0.332250983169772
391,"s(curr_lastRippleHPC_z):curr_DOWN_no",0.22724443544859,0.00193203343517447,0.59416829144814,0.694696257668034
392,"s(curr_lastRippleHPC_z):curr_DOWN_no",0.000795905101955263,5.79031527280676e-06,0.022698524979495,0.00668822501152075
393,"s(curr_lastRippleHPC_z):curr_DOWN_no",0.179660579817416,0.00151727632031205,0.407863509910867,0.345530157305017
394,"s(curr_lastRippleHPC_z):curr_DOWN_no",0.0488490514153757,0.000248201087414338,0.19800744430354,0.188486110060864
395,"s(curr_lastRippleHPC_z):curr_DOWN_no",0.061283514673284,0.00066339651267465,0.233298949014184,0.0687154258887807
396,"s(curr_lastRippleHPC_z):curr_DOWN_no",0.00767002483591295,8.95664720564099e-05,0.0881491549875985,0.0259767304028392
397,"s(curr_lastRippleHPC_z):curr_DOWN_no",0.190455591600906,0.00120662548263514,0.848036040847898,0.662266275696509
398,"s(curr_lastRippleHPC_z):curr_DOWN_no",0.0602391276543779,0.000632228585569686,0.225154225049973,0.0664134430937443
399,"s(curr_lastRippleHPC_z):curr_DOWN_no",0.0229980230007172,0.000158199316303951,0.105191510269058,0.0562969655017084
400,"s(curr_lastRippleHPC_z):curr_DOWN_no",0.139659789282014,0.000958531966180831,0.497643023130514,0.572164554577105
401,"s(curr_lastRippleHPC_z):curr_DOWN_no",0.148498026864604,0.000817341522447514,0.583271751963989,0.173239799563349
402,"s(curr_lastRippleHPC_z):curr_DOWN_no",0.0179709733748625,3.27968010292227e-05,0.0896657023370909,0.0494338964740255
403,"s(curr_lastRippleHPC_z):curr_DOWN_no",0.0807864319550156,0.000385905267963122,0.200087995920887,0.161512771137625
404,"s(curr_lastRippleHPC_z):curr_DOWN_no",0.18949073650235,0.00125427583041426,0.542065419681815,0.576502775396667
405,"s(curr_lastRippleHPC_z):curr_DOWN_no",0.0226716763403472,3.90927278286278e-05,0.0861231052416368,0.0655473595799426
406,"s(curr_lastRippleHPC_z):curr_DOWN_no",0.0735080232459051,0.000393557988064901,0.218872299829329,0.148809405937587
407,"s(curr_lastRippleHPC_z):curr_DOWN_no",0.16747455415809,0.00132656158899693,0.343509756160639,0.322388893545144
408,"s(curr_lastRippleHPC_z):curr_DOWN_no",0.0591584069359472,0.000152748555894769,0.18661530056918,0.108044398708996
409,"s(curr_lastRippleHPC_z):curr_DOWN_no",0.244787834632229,0.00192421320457174,0.582607015153841,0.204814825491584
410,"s(curr_lastRippleHPC_z):curr_DOWN_no",0.140601267553655,0.00103626508366647,0.375342384158651,0.399047549984108
411,"s(curr_lastRippleHPC_z):curr_DOWN_no",0.0262017752030248,4.94151153654428e-05,0.106083476234475,0.0751130698625819
412,"s(curr_lastRippleHPC_z):curr_DOWN_no",0.158349418210873,0.00121813408929666,0.503489027956125,0.619857317629073
413,"s(curr_lastRippleHPC_z):curr_DOWN_no",0.152131290639569,0.0011671670022064,0.453935657072012,0.485240124735163
414,"s(curr_lastRippleHPC_z):curr_DOWN_no",0.0905700640780411,0.000545747131284487,0.250942406011814,0.287898670356683
415,"s(curr_lastRippleHPC_z):curr_DOWN_no",0.410099857121658,0.00388505941485243,1.18546879406734,1.16186743525263
416,"s(curr_lastRippleHPC_z):curr_DOWN_no",0.0138256181656002,3.16100649201398e-05,0.0975664275505086,0.0407634684631729
417,"s(curr_lastRippleHPC_z):curr_DOWN_no",0.215183346982937,0.00172311178865033,0.823467612184385,0.881258705843943
418,"s(curr_lastRippleHPC_z):curr_DOWN_no",0.143011022019158,0.000979358682151982,0.386848788373648,0.459444965049267
419,"s(curr_lastRippleHPC_z):curr_DOWN_no",0.177427467122783,0.00169388418645059,0.378948244574612,0.206747984022976
420,"s(curr_lastRippleHPC_z):curr_DOWN_no",0.0865862514116804,0.000515955628772304,0.298858732817856,0.275640505606576
421,"s(curr_lastRippleHPC_z):curr_DOWN_no",0.000578350382203219,7.8162366211682e-06,0.0256913570762603,0.00757258130389969
422,"s(curr_lastRippleHPC_z):curr_DOWN_no",0.301891197747268,0.0026359140374709,0.920616103382179,0.903128255668509
423,"s(curr_lastRippleHPC_z):curr_DOWN_no",0.0464233976682191,0.00026968986564079,0.178276044472473,0.0951013767251425
424,"s(curr_lastRippleHPC_z):curr_DOWN_no",0.0119271975624695,1.92893264558132e-05,0.0351433623215482,0.0291094444017337
425,"s(curr_lastRippleHPC_z):curr_DOWN_no",0.152659495743977,0.00114455493981958,0.33071374546631,0.318795720411634
426,"s(curr_lastRippleHPC_z):curr_DOWN_no",0.0476515206784303,0.000259342876812886,0.168831923889504,0.0982666928595804
427,"s(curr_lastRippleHPC_z):curr_DOWN_no",0.00221839471251606,2.85545328958571e-05,0.0515765424085115,0.0151876527834699
428,"s(curr_lastRippleHPC_z):curr_DOWN_no",0.0859371005926119,0.000509344853998864,0.231071294137931,0.207794655173353
429,"s(curr_lastRippleHPC_z):curr_DOWN_no",0.230626830220663,0.00167083539121122,0.767878057077468,0.646771538046677
430,"s(curr_lastRippleHPC_z):curr_DOWN_no",0.189876594594526,0.00157430422354228,0.384392927087606,0.379282649610277
431,"s(curr_lastRippleHPC_z):curr_DOWN_no",0.110708629128781,0.000828606509715481,0.513402786001486,0.409539403091897
432,"s(curr_lastRippleHPC_z):curr_DOWN_no",0.199450334946223,0.00174517895112784,0.585635748294445,0.463950787864339
433,"s(curr_lastRippleHPC_z):curr_DOWN_no",0.170494184002795,0.00128534665677052,0.390965374303491,0.298054779200617
434,"s(curr_lastRippleHPC_z):curr_DOWN_no",0.0133886210949523,0.000144608188687954,0.111450714153717,0.0328316394782957
435,"s(curr_lastRippleHPC_z):curr_DOWN_no",0.195646204142004,0.00129725886981697,0.481871440432625,0.441202981601584
436,"s(curr_lastRippleHPC_z):curr_DOWN_no",0.19744438441628,0.00170457469807976,0.572114945857464,0.668597304150942
437,"s(curr_lastRippleHPC_z):curr_DOWN_no",0.0109665339121472,0.000182176906239208,0.124780909905052,0.0367508650554525
438,"s(curr_lastRippleHPC_z):curr_DOWN_no",0.0213634731183108,2.27079719448163e-05,0.13817511025664,0.041302094206036
439,"s(curr_lastRippleHPC_z):curr_DOWN_no",0.00431647995672613,8.36506340386848e-06,0.0288629242391842,0.0144307459039329
440,"s(curr_lastRippleHPC_z):curr_DOWN_no",0.0365222235346696,0.000199121957040144,0.129651660895258,0.0605164886696625
441,"s(curr_lastRippleHPC_z):curr_DOWN_no",0.0416410456054637,0.000126569932328588,0.146860251977746,0.109469569762674
442,"s(curr_lastRippleHPC_z):curr_DOWN_no",0.00317172851489911,3.35156191459956e-05,0.0553401814193894,0.016307325626134
443,"s(curr_lastRippleHPC_z):curr_DOWN_no",0.0432351505950388,0.000499283764523118,0.206143062974221,0.060712531268662
444,"s(curr_lastRippleHPC_z):curr_DOWN_no",0.187441703768964,0.00145426958985669,0.590775521241548,0.645365690892638
445,"s(curr_lastRippleHPC_z):curr_DOWN_no",0.119962959904691,0.000783533392203601,0.462576046316716,0.603121139914944
446,"s(curr_lastRippleHPC_z):curr_DOWN_no",0.140781351674067,0.00110946140843481,0.4548061372506,0.346034317252753
447,"s(curr_lastRippleHPC_z):curr_DOWN_no",0.0803040093449621,0.000333276005663572,0.247525185024238,0.169318907720777
448,"s(curr_lastRippleHPC_z):curr_DOWN_no",0.246605304076472,0.00220075118911001,0.630556459082397,0.692541291506017
449,"s(curr_lastRippleHPC_z):curr_DOWN_no",0.0945055169892708,0.000590835634977411,0.314919879553435,0.383454551715377
450,"s(curr_lastRippleHPC_z):curr_DOWN_no",0.037493428774102,0.000100065752418751,0.13021496388118,0.100796245883105
451,"s(curr_lastRippleHPC_z):curr_DOWN_no",-4.20079407703611e-06,4.36632538791973e-08,0.00187602561412233,0.000553148131689406
452,"s(curr_lastRippleHPC_z):curr_DOWN_no",0.0615443295586626,0.000222434685887954,0.171032959122017,0.129123721269189
453,"s(curr_lastRippleHPC_z):curr_DOWN_no",0.100745762316427,0.000653374525097685,0.323401190892064,0.370601072512777
454,"s(curr_lastRippleHPC_z):curr_DOWN_no",0.191062431112811,0.00144370495778156,0.615173520175942,0.70021800828492
455,"s(curr_lastRippleHPC_z):curr_DOWN_no",0.0131179966727277,2.05751729291334e-05,0.0652209524341984,0.0348193184735783
456,"s(curr_lastRippleHPC_z):curr_DOWN_no",0.0216420816972374,5.36114823104152e-05,0.119919040016989,0.0454433458441387
457,"s(curr_lastRippleHPC_z):curr_DOWN_no",0.115902211811499,0.000909853071239868,0.349328213273983,0.29845315356271
458,"s(curr_lastRippleHPC_z):curr_DOWN_no",0.0182646709502094,0.000208472810734399,0.133348745686217,0.0394195731767193
459,"s(curr_lastRippleHPC_z):curr_DOWN_no",0.136288129383449,0.00111275044022596,0.467008006099352,0.386140135581022
460,"s(curr_lastRippleHPC_z):curr_DOWN_no",0.0533284149156676,0.000485077360478887,0.358555212465779,0.296665053720394
461,"s(curr_lastRippleHPC_z):curr_DOWN_no",0.0833451865855626,0.000579047497407823,0.329689700159245,0.25907299983311
462,"s(curr_lastRippleHPC_z):curr_DOWN_no",0.139651071196007,0.00110137420351907,0.328234025686079,0.202723891871877
463,"s(curr_lastRippleHPC_z):curr_DOWN_no",0.103666819001802,0.00113475564130986,0.41206591117314,0.417713472625093
464,"s(curr_lastRippleHPC_z):curr_DOWN_no",0.00988911876069398,3.79056872276579e-05,0.058522683115078,0.0280618265250962
465,"s(curr_lastRippleHPC_z):curr_DOWN_no",0.110586897889248,0.000753626630390683,0.468079162107557,0.492735155531087
466,"s(curr_lastRippleHPC_z):curr_DOWN_no",0.217837268143057,0.00169518172680736,0.479096336450315,0.44598337880621
467,"s(curr_lastRippleHPC_z):curr_DOWN_no",0.00140679211463191,1.33450790823114e-05,0.0346472762611003,0.0102106428606643
468,"s(curr_lastRippleHPC_z):curr_DOWN_no",0.0297615584713355,0.000408863478740049,0.175063751044422,0.0637345540819204
469,"s(curr_lastRippleHPC_z):curr_DOWN_no",0.00585665970090954,6.75282746968341e-05,0.0779142607517203,0.022946405936293
470,"s(curr_lastRippleHPC_z):curr_DOWN_no",0.141150047325522,0.00101674808974518,0.49410180500219,0.445167999214347
471,"s(curr_lastRippleHPC_z):curr_DOWN_no",0.112298827413488,0.000813518789656257,0.313347516763177,0.252715113178486
472,"s(curr_lastRippleHPC_z):curr_DOWN_no",0.127027844842731,0.000977863261889148,0.428820036738023,0.476717455827156
473,"s(curr_lastRippleHPC_z):curr_DOWN_no",0.0455326118337585,0.000115888140723949,0.172097382732286,0.0720949906903943
474,"s(curr_lastRippleHPC_z):curr_DOWN_no",0.21569609341627,0.00184073482021588,0.703167813309807,1.00334904062878
475,"s(curr_lastRippleHPC_z):curr_DOWN_no",0.0750265338678933,0.000600531074501224,0.221308440675874,0.111218144131306
476,"s(curr_lastRippleHPC_z):curr_DOWN_no",0.12304376192025,0.000912081317231779,0.291183025511443,0.20928621890126
477,"s(curr_lastRippleHPC_z):curr_DOWN_no",0.0229914422603219,4.54191729745825e-05,0.111438150401845,0.0392084170236877
478,"s(curr_lastRippleHPC_z):curr_DOWN_no",0.00335508900085912,9.71657745434224e-06,0.0213863197637182,0.0103999053115098
479,"s(curr_lastRippleHPC_z):curr_DOWN_no",0.062434190700519,0.000289469962694803,0.178241474180644,0.162350660252332
480,"s(curr_lastRippleHPC_z):curr_DOWN_no",0.214746211363988,0.00166128781628225,0.64353635157954,0.933966203467668
481,"s(curr_lastRippleHPC_z):curr_DOWN_no",0.070484190036245,0.000446913946349428,0.240946980597926,0.197348079426287
482,"s(curr_lastRippleHPC_z):curr_DOWN_no",0.110742783463158,0.000777859641161666,0.423613790726899,0.307347036049487
483,"s(curr_lastRippleHPC_z):curr_DOWN_no",0.0804743627680962,0.000444923567250548,0.225594105378597,0.181156322432518
484,"s(curr_lastRippleHPC_z):curr_DOWN_no",0.0571520866305582,0.000296340508950235,0.157781401135846,0.122465055570103
485,"s(curr_lastRippleHPC_z):curr_DOWN_no",0.239998084875742,0.00202422081769365,0.397838109547422,0.338706313399128
486,"s(curr_lastRippleHPC_z):curr_DOWN_no",0.0209739063457981,0.000123706471257503,0.0918957631956117,0.0553699391672177
487,"s(curr_lastRippleHPC_z):curr_DOWN_no",0.00786724837353869,1.02859730617957e-05,0.071095445866679,0.0239727716719038
488,"s(curr_lastRippleHPC_z):curr_DOWN_no",0.00132477479490056,1.5667723151404e-05,0.0372657644907548,0.0109815807556261
489,"s(curr_lastRippleHPC_z):curr_DOWN_no",0.0960518581939862,0.000672362569521235,0.344408120998206,0.286271824872197
490,"s(curr_lastRippleHPC_z):curr_DOWN_no",0.134814499963094,0.00116930936443509,0.322780188463718,0.215108418484436
491,"s(curr_lastRippleHPC_z):curr_DOWN_no",0.0159289488732774,6.46274032350989e-05,0.0746087765542808,0.0328259206395568
492,"s(curr_lastRippleHPC_z):curr_DOWN_no",0.0835009317586479,0.000583990599940531,0.231935914918013,0.176958569734786
493,"s(curr_lastRippleHPC_z):curr_DOWN_no",0.115882291415874,0.000773609444725503,0.374386292591655,0.507567085272801
494,"s(curr_lastRippleHPC_z):curr_DOWN_no",0.150350621488846,0.00118481786724557,0.395902037634014,0.456110905548841
495,"s(curr_lastRippleHPC_z):curr_DOWN_no",0.247411417523997,0.00208783593178959,0.547398933297925,0.495405429822027
496,"s(curr_lastRippleHPC_z):curr_DOWN_no",0.00646877114772515,1.96485143468075e-05,0.0315480440956314,0.0162654100212744
497,"s(curr_lastRippleHPC_z):curr_DOWN_no",0.0660560716008902,0.000379908502588297,0.206281113945599,0.189305769343049
498,"s(curr_lastRippleHPC_z):curr_DOWN_no",0.0596399813853328,0.000311196298487667,0.176959723842846,0.142586838599642
499,"s(curr_lastRippleHPC_z):curr_DOWN_no",0.0236568861921302,6.10182623164309e-05,0.0991029212738852,0.0673057629380924
500,"s(curr_lastRippleHPC_z):curr_DOWN_no",0.140875060673209,0.000787658565074537,0.4322965634178,0.2449821167029
501,"s(curr_lastRippleHPC_z):curr_DOWN_no",0.0608757823049695,0.000463607055894366,0.191058710659819,0.117063303771706
502,"s(curr_lastRippleHPC_z):curr_DOWN_no",0.292286233430778,0.00247537912743781,0.645323534787963,0.735770671699525
503,"s(curr_lastRippleHPC_z):curr_DOWN_no",0.0338908110609202,0.000123030193433372,0.166815807481192,0.0510887240039393
504,"s(curr_lastRippleHPC_z):curr_DOWN_no",0.11509955247671,0.000836892298221604,0.308591490144449,0.282417843350253
505,"s(curr_lastRippleHPC_z):curr_DOWN_no",0.104376801327796,0.000732942556456869,0.287336424769573,0.251399404492861
506,"s(curr_lastRippleHPC_z):curr_DOWN_no",0.152122690560099,0.00114123345198421,0.406624335742528,0.442942539964319
507,"s(curr_lastRippleHPC_z):curr_DOWN_no",0.0774618371095697,0.000424944525247862,0.206099934752469,0.169398547486569
508,"s(curr_lastRippleHPC_z):curr_DOWN_no",0.00262026749098254,2.48906345429444e-05,0.044839604552194,0.0132192759007784
509,"s(curr_lastRippleHPC_z):curr_DOWN_no",0.0314900043091502,0.00037085980300174,0.175484679138419,0.0517278989034475
510,"s(curr_lastRippleHPC_z):curr_DOWN_no",0.111085724606251,0.00072912460232294,0.308121735123155,0.419484305391061
511,"s(curr_lastRippleHPC_z):curr_DOWN_no",0.134791133645169,0.00101740079325109,0.375077303970569,0.372411551050862
512,"s(curr_lastRippleHPC_z):curr_DOWN_no",0.0827901026528837,0.000489445099540783,0.256531869694885,0.254845266448681
513,"s(curr_lastRippleHPC_z):curr_DOWN_no",0.100942637476973,0.00059774333097438,0.359855662040361,0.290321197015425
514,"s(curr_lastRippleHPC_z):curr_DOWN_no",0.153395425335773,0.00106277307865733,0.277468864544002,0.181418244633326
515,"s(curr_lastRippleHPC_z):curr_DOWN_no",0.0477307241449312,0.000304570680811839,0.153393176321385,0.0791443191690975
516,"s(curr_lastRippleHPC_z):curr_DOWN_no",0.237449565777485,0.00197915073398779,0.66353638137149,0.966732144928427
517,"s(curr_lastRippleHPC_z):curr_DOWN_no",0.00605668599263431,6.79345987955921e-05,0.0762838382934781,0.0224701609767486
518,"s(curr_lastRippleHPC_z):curr_DOWN_no",0.0702740330189293,0.000278810296467094,0.221770027621118,0.15988320783233
519,"s(curr_lastRippleHPC_z):curr_DOWN_no",0.248736225758413,0.00202874595431509,0.814565100148003,0.815138284271792
520,"s(curr_lastRippleHPC_z):curr_DOWN_no",0.0129392572483624,3.25291972137729e-05,0.0547412769618115,0.0435925109407551
521,"s(curr_lastRippleHPC_z):curr_DOWN_no",0.139061699583825,0.00109515730319013,0.474307816023424,0.452276153822629
522,"s(curr_lastRippleHPC_z):curr_DOWN_no",0.0633811929813515,0.000196843176661137,0.2066415923018,0.12551045975671
523,"s(curr_lastRippleHPC_z):curr_DOWN_no",0.143702324050073,0.000820162234005765,0.299098835261804,0.28068672017411
524,"s(curr_lastRippleHPC_z):curr_DOWN_no",0.0172203026853044,1.33434761265814e-05,0.054688922512727,0.0324733323674176
525,"s(curr_lastRippleHPC_z):curr_DOWN_no",0.0501907992580373,0.000565709523632347,0.284993605354126,0.211956823911901
526,"s(curr_lastRippleHPC_z):curr_DOWN_no",0.00883195644077706,8.00672663486764e-05,0.0786717927223399,0.0231691884166535
527,"s(curr_lastRippleHPC_z):curr_DOWN_no",0.304222700792177,0.00180103336851446,0.638590731736884,0.849938474156218
528,"s(curr_lastRippleHPC_z):curr_DOWN_no",0.153196198339684,0.00114989507712563,0.537905012034608,0.586558578229816
529,"s(curr_lastRippleHPC_z):curr_DOWN_no",0.0984629720509593,0.000709310357251926,0.238740648513192,0.152713817111071
530,"s(curr_lastRippleHPC_z):curr_DOWN_no",0.00886880214358854,9.52776445703547e-05,0.0873199114190846,0.0257222084699048
531,"s(curr_lastRippleHPC_z):curr_DOWN_no",0.183602426446631,0.00113471286557973,0.580083872221654,0.531574407719091
532,"s(curr_lastRippleHPC_z):curr_DOWN_no",0.128683988445623,0.000955231456562135,0.311405235281487,0.234138482588095
533,"s(curr_lastRippleHPC_z):curr_DOWN_no",0.173092666841725,0.00144745945084411,0.587617661653176,0.429552322414932
534,"s(curr_lastRippleHPC_z):curr_DOWN_no",0.33182903960868,0.00172265867644307,0.544640907566237,0.566791771620564
535,"s(curr_lastRippleHPC_z):curr_DOWN_no",0.114982316838873,0.000821772204526097,0.310192507757932,0.287247235697131
536,"s(curr_lastRippleHPC_z):curr_DOWN_no",0.186837786925096,0.00145096256963565,0.578780419965076,0.555974260614702
537,"s(curr_lastRippleHPC_z):curr_DOWN_no",0.185307767004408,0.0015303733891593,0.293050598445121,0.258687287053501
538,"s(curr_lastRippleHPC_z):curr_DOWN_no",0.190242412666421,0.00124507660629777,0.36435435410188,0.383289810783114
539,"s(curr_lastRippleHPC_z):curr_DOWN_no",0.0223515915043935,4.9147632497331e-05,0.119925836142003,0.0427263858522918
540,"s(curr_lastRippleHPC_z):curr_DOWN_no",0.0756806867109985,0.000353019997040693,0.271114026028949,0.160246034629168
541,"s(curr_lastRippleHPC_z):curr_DOWN_no",0.178922226980727,0.00137693744366697,0.404795926254318,0.258043022642656
542,"s(curr_lastRippleHPC_z):curr_DOWN_no",0.0826161591051795,0.000563594590564658,0.257817911034525,0.291121953418016
543,"s(curr_lastRippleHPC_z):curr_DOWN_no",0.0534175836889874,0.000332090476980594,0.208634973939308,0.0823875050335255
544,"s(curr_lastRippleHPC_z):curr_DOWN_no",0.0806114120673733,0.000482811298019265,0.224374080290786,0.200107412544218
545,"s(curr_lastRippleHPC_z):curr_DOWN_no",0.298480320612001,0.00259173052156454,0.821136820087458,1.18168717128212
546,"s(curr_lastRippleHPC_z):curr_DOWN_no",0.0126682325294505,0.000127885114878746,0.104645454682676,0.0308225431812576
547,"s(curr_lastRippleHPC_z):curr_DOWN_no",0.241604441321454,0.00210484963490171,0.723253291334845,0.763080653843342
548,"s(curr_lastRippleHPC_z):curr_DOWN_no",0.0364013428931509,6.93002134224154e-05,0.155146336957204,0.0860324545813296
549,"s(curr_lastRippleHPC_z):curr_DOWN_no",0.168060472202515,0.00121397051850722,0.418233480045196,0.568234154535833
550,"s(curr_lastRippleHPC_z):curr_DOWN_no",0.432365646313941,0.00320777712567323,0.835053158833109,1.04800305693834
551,"s(curr_lastRippleHPC_z):curr_DOWN_no",0.00332734609305341,1.1614960563444e-05,0.0187082576938165,0.0107797592308549
552,"s(curr_lastRippleHPC_z):curr_DOWN_no",0.176739681483724,0.00139716975200526,0.546529748668681,0.796220668611246
553,"s(curr_lastRippleHPC_z):curr_DOWN_no",0.0251001210700332,0.000253764901018597,0.147670337704699,0.0435533102135536
554,"s(curr_lastRippleHPC_z):curr_DOWN_no",0.164015138239633,0.00121114566412374,0.370949614597197,0.326432487386416
555,"s(curr_lastRippleHPC_z):curr_DOWN_no",0.336596372581236,0.00271671433364307,0.899088181549086,1.03459787643738
556,"s(curr_lastRippleHPC_z):curr_DOWN_no",0.0199919045173118,0.000205284214185795,0.134526612216191,0.0396343244431578
557,"s(curr_lastRippleHPC_z):curr_DOWN_no",0.0169126489972129,5.47720378751001e-05,0.0566123477656405,0.0365321197789886
558,"s(curr_lastRippleHPC_z):curr_DOWN_no",0.153521168133458,0.000830302375289358,0.532338021714431,0.429124624394515
559,"s(curr_lastRippleHPC_z):curr_DOWN_no",0.104567359757894,0.000769062048297731,0.307206856175486,0.335120718412887
560,"s(curr_lastRippleHPC_z):curr_DOWN_no",0.0053811317579715,6.13220404875924e-05,0.0737488987577983,0.0217189197129864
561,"s(curr_lastRippleHPC_z):curr_DOWN_no",0.265749754683354,0.0023148105562351,0.831767418824995,0.861215835375066
562,"s(curr_lastRippleHPC_z):curr_DOWN_no",0.207610835356888,0.00105725661584253,0.510072192085441,0.555222393753746
563,"s(curr_lastRippleHPC_z):curr_DOWN_no",0.156696037381172,0.00121005385153922,0.603029780629722,0.568750614663486
564,"s(curr_lastRippleHPC_z):curr_DOWN_no",0.356759470784835,0.00343431544733437,0.921650200111935,0.840852769232062
565,"s(curr_lastRippleHPC_z):curr_DOWN_no",0.305501799790207,0.00244405639852635,0.472890758531848,0.318515047897963
566,"s(curr_lastRippleHPC_z):curr_DOWN_no",0.0287393331746388,9.23413409246509e-05,0.119628196746985,0.0863793082180992
567,"s(curr_lastRippleHPC_z):curr_DOWN_no",0.380172337998442,0.00346173449744571,0.798108092983312,1.1979843160987
568,"s(curr_lastRippleHPC_z):curr_DOWN_no",0.00376402751795624,3.87863909836017e-05,0.0568281686684176,0.0167569998141386
569,"s(curr_lastRippleHPC_z):curr_DOWN_no",0.017712629841597,4.53256436073585e-05,0.056340835544136,0.0439764142022943
570,"s(curr_lastRippleHPC_z):curr_DOWN_no",0.000287327689505013,6.37421428297438e-05,0.0178253081105655,0.0319227302501974
571,"s(curr_lastRippleHPC_z):curr_DOWN_no",0.146979854742105,0.00114426172784832,0.590623576456265,0.7386627960277
572,"s(curr_lastRippleHPC_z):curr_DOWN_no",0.0567334887984625,0.000242311476875192,0.174765724397961,0.144531428510748
573,"s(curr_lastRippleHPC_z):curr_DOWN_no",0.026813529722804,0.000105621310857659,0.109401825612526,0.0791960010325524
574,"s(curr_lastRippleHPC_z):curr_DOWN_no",0.200369039600361,0.00159752566078773,0.664092490465651,0.852907605956603
575,"s(curr_lastRippleHPC_z):curr_DOWN_no",0.0944837726162095,0.000684307540466034,0.279271658658044,0.313648943031577
576,"s(curr_lastRippleHPC_z):curr_DOWN_no",0.187260312516843,0.0015064204549412,0.550699463009987,0.827691331198592
577,"s(curr_lastRippleHPC_z):curr_DOWN_no",0.175807096990796,0.00147409057558353,0.507519798006109,0.425851990482636
578,"s(curr_lastRippleHPC_z):curr_DOWN_no",0.0597098035614643,0.000227496172211174,0.210452682023534,0.105788833172498
579,"s(curr_lastRippleHPC_z):curr_DOWN_no",0.0372351951985994,0.000395635109083999,0.191315156908112,0.0563500737353219
580,"s(curr_lastRippleHPC_z):curr_DOWN_no",0.131825303773327,0.00121633132794409,0.303163056420457,0.157163509475415
581,"s(curr_lastRippleHPC_z):curr_DOWN_no",0.109167849924245,0.000635645619080896,0.313445697086747,0.218255832647496
582,"s(curr_lastRippleHPC_z):curr_DOWN_no",0.232069793452045,0.0021569529936907,0.605996508382088,0.426019661913973
583,"s(curr_lastRippleHPC_z):curr_DOWN_no",0.00180251116201191,2.68136121628553e-05,0.0482671701175304,0.0142165424589069
584,"s(curr_lastRippleHPC_z):curr_DOWN_no",0.0985614843480604,0.000735874009468222,0.291679488490033,0.264097245847551
585,"s(curr_lastRippleHPC_z):curr_DOWN_no",0.175604895813337,0.00127161368128946,0.426956620867311,0.491273382275442
586,"s(curr_lastRippleHPC_z):curr_DOWN_no",0.294935605756817,0.0030636461739324,0.744921960420125,1.03001137260415
587,"s(curr_lastRippleHPC_z):curr_DOWN_no",0.000908210081012939,1.66556570128421e-05,0.0375742250661833,0.0110672626464866
588,"s(curr_lastRippleHPC_z):curr_DOWN_no",0.154905513230503,0.00125172254679958,0.51060205883412,0.595769660894053
589,"s(curr_lastRippleHPC_z):curr_DOWN_no",0.167120266385026,0.00130014729057296,0.497200311331409,0.722359732658365
590,"s(curr_lastRippleHPC_z):curr_DOWN_no",0.241021252189211,0.00224053351835112,0.874331071163738,0.241973434352133
591,"s(curr_lastRippleHPC_z):curr_DOWN_no",0.0240677619923826,0.000255188742379586,0.148114870963635,0.0437284640634604
592,"s(curr_lastRippleHPC_z):curr_DOWN_no",0.22465651460374,0.00181543886500748,0.534295418378772,0.547224669684929
593,"s(curr_lastRippleHPC_z):curr_DOWN_no",0.10484852120925,0.000709981703859249,0.260167899200211,0.166488696533604
594,"s(curr_lastRippleHPC_z):curr_DOWN_no",0.0172503429107662,0.000102442309992852,0.0708609270138125,0.0453376570874108
595,"s(curr_lastRippleHPC_z):curr_DOWN_no",0.14547844326006,0.00104494428224197,0.48401206759238,0.621776652708762
596,"s(curr_lastRippleHPC_z):curr_DOWN_no",0.0498919624354777,0.000166834629855954,0.157536415721964,0.130073634167527
597,"s(curr_lastRippleHPC_z):curr_DOWN_no",0.1063056905925,0.000750173676143654,0.34915573371999,0.319009643446174
598,"s(curr_lastRippleHPC_z):curr_DOWN_no",0.00832182181075414,0.000101760882099552,0.0977511752745039,0.0288116729279069
599,"s(curr_lastRippleHPC_z):curr_DOWN_no",0.0730446617289013,0.000299027140845802,0.256816685708343,0.164159231117116
600,"s(curr_lastRippleHPC_z):curr_DOWN_no",0.254537598209209,0.00208236777564598,0.699856949546167,0.937773385004898
601,"s(curr_lastRippleHPC_z):curr_DOWN_no",0.0920470037915502,0.000621845495929073,0.381966431604674,0.300740636113308
602,"s(curr_lastRippleHPC_z):curr_DOWN_no",0.204022350279525,0.00164156072947714,0.630124643227192,0.246127120005697
603,"s(curr_lastRippleHPC_z):curr_DOWN_no",0.0965921178815368,0.000544856733357645,0.283433455747986,0.196735184782433
604,"s(curr_lastRippleHPC_z):curr_DOWN_no",0.000549100617592835,4.60661094950771e-06,0.0199236331209676,0.00587386480812074
605,"s(curr_lastRippleHPC_z):curr_DOWN_no",0.348489114085528,0.00318992240143259,0.898689372714512,1.33217511120749
606,"s(curr_lastRippleHPC_z):curr_DOWN_no",0.0166021791769477,0.000168632737890017,0.122755023178031,0.0361535041724973
607,"s(curr_lastRippleHPC_z):curr_DOWN_no",0.253387634465288,0.00198277304667147,0.660103904307904,0.804662601394724
608,"s(curr_lastRippleHPC_z):curr_DOWN_no",0.0221643379988228,0.000244377231485628,0.144142680002517,0.0424537516896133
609,"s(curr_lastRippleHPC_z):curr_DOWN_no",0.104066209519672,0.000514669994443073,0.368034324601139,0.136924846743288
610,"s(curr_lastRippleHPC_z):curr_DOWN_no",0.210796658386613,0.00140800510727848,0.479330311095562,0.363322417806305
611,"s(curr_lastRippleHPC_z):curr_DOWN_no",0.110055277069317,0.000621947664940537,0.25373048261578,0.281651879397842
612,"s(curr_lastRippleHPC_z):curr_DOWN_no",0.213279323703932,0.00178844421006706,0.488076087659753,0.583314711401093
613,"s(curr_lastRippleHPC_z):curr_DOWN_no",0.0311124861650116,0.000100036380917978,0.106060617631436,0.0893417138974378
614,"s(curr_lastRippleHPC_z):curr_DOWN_no",0.272900433279892,0.0023113162916857,0.787594572586279,0.9700981379937
615,"s(curr_lastRippleHPC_z):curr_DOWN_no",0.0751883181139048,0.000493483902321914,0.274366040729816,0.197205227790551
616,"s(curr_lastRippleHPC_z):curr_DOWN_no",0.109280557962929,0.000706395883925838,0.332375682639251,0.332656759502568
617,"s(curr_lastRippleHPC_z):curr_DOWN_no",0.17993319119718,0.00140271380010391,0.56355046576324,0.74972239074507
618,"s(curr_lastRippleHPC_z):curr_DOWN_no",0.128613254948087,0.000842646917351627,0.375864451924405,0.36311701178619
619,"s(curr_lastRippleHPC_z):curr_DOWN_no",0.0095490366338149,8.96804369877702e-06,0.0467698892045903,0.0245065436585761
620,"s(curr_lastRippleHPC_z):curr_DOWN_no",0.13939320781973,0.00112517115781807,0.384276257826546,0.338145486132999
621,"s(curr_lastRippleHPC_z):curr_DOWN_no",0.0107513013713056,9.62671146228495e-05,0.0414024201907978,0.0959540640259733
622,"s(curr_lastRippleHPC_z):curr_DOWN_no",0.21447627540195,0.00178861941463384,0.697820224538635,0.747446343262775
623,"s(curr_lastRippleHPC_z):curr_DOWN_no",0.250536018834069,0.00215568448467822,0.646783768734119,0.942875532177722
624,"s(curr_lastRippleHPC_z):curr_DOWN_no",0.121278568607599,0.000921760064349761,0.514107572105432,0.339740633981601
625,"s(curr_lastRippleHPC_z):curr_DOWN_no",0.00144096573987262,1.82938227686424e-05,0.0399770626826153,0.0117802480364552
626,"s(curr_lastRippleHPC_z):curr_DOWN_no",0.147339234938003,0.000957940360954333,0.436945706697706,0.162597018435997
627,"s(curr_lastRippleHPC_z):curr_DOWN_no",0.0790915242566914,0.000543805169041995,0.270130730855326,0.183250048383474
628,"s(curr_lastRippleHPC_z):curr_DOWN_no",0.17221570231808,0.00138814877174088,0.592330369056703,0.735664500213609
629,"s(curr_lastRippleHPC_z):curr_DOWN_no",0.000139978776132921,8.03377730325654e-07,0.00842999448313309,0.00248551250330765
630,"s(curr_lastRippleHPC_z):curr_DOWN_no",0.304310000487504,0.0022248527630082,0.80909839880393,0.684206259317259
631,"s(curr_lastRippleHPC_z):curr_DOWN_no",0.0274590610788126,0.000109091465012026,0.0874306324373204,0.0871211747465541
632,"s(curr_lastRippleHPC_z):curr_DOWN_no",0.0944004201776547,0.000675945192009537,0.294452224996567,0.275796905383703
633,"s(curr_lastRippleHPC_z):curr_DOWN_no",0.0234404654415963,4.51859360805411e-05,0.103056915177229,0.0626462307048745
634,"s(curr_lastRippleHPC_z):curr_DOWN_no",0.112154376423455,0.000871943244756242,0.389890435070758,0.319787576899307
635,"s(curr_lastRippleHPC_z):curr_DOWN_no",0.169844262782563,0.00129170481268172,0.474905155602703,0.556235050091783
636,"s(curr_lastRippleHPC_z):curr_DOWN_no",0.0637061034284381,0.000330674564734049,0.293144408583219,0.214567029639068
637,"s(curr_lastRippleHPC_z):curr_DOWN_no",0.121566164534119,0.000802490570573766,0.47158718675513,0.507105056352141
638,"s(curr_lastRippleHPC_z):curr_DOWN_no",0.0342792564268004,0.000220389226164115,0.15165959217428,0.0937824860701662
639,"s(curr_lastRippleHPC_z):curr_DOWN_no",0.0829829164373672,0.000591305166515413,0.32029694823585,0.315157748287502
640,"s(curr_lastRippleHPC_z):curr_DOWN_no",0.0300163405166876,0.000288885538863396,0.158836628306045,0.0468354451404129
641,"s(curr_lastRippleHPC_z):curr_DOWN_no",0.130916052219788,0.000927444927224869,0.298184567524857,0.279884040854719
642,"s(curr_lastRippleHPC_z):curr_DOWN_no",0.040763524817919,0.000468175484358966,0.192617889942017,0.0568263977681349
643,"s(curr_lastRippleHPC_z):curr_DOWN_no",8.29535793664959e-05,1.28285754949037e-06,0.0102078201821571,0.00300826775956175
644,"s(curr_lastRippleHPC_z):curr_DOWN_no",0.105160750972569,0.000608458284717271,0.274288521216009,0.208706135345059
645,"s(curr_lastRippleHPC_z):curr_DOWN_no",0.113768942228981,0.000868640620177164,0.479776828584439,0.475798453156244
646,"s(curr_lastRippleHPC_z):curr_DOWN_no",0.161969256999679,0.00123815932295877,0.415213139639154,0.26626946588855
647,"s(curr_lastRippleHPC_z):curr_DOWN_no",0.112552795880664,0.000622431901470867,0.337885113345842,0.389689729573601
648,"s(curr_lastRippleHPC_z):curr_DOWN_no",0.0752027106710722,0.000584743740713101,0.207166808118173,0.14188092096273
649,"s(curr_lastRippleHPC_z):curr_DOWN_no",0.0222767944271398,0.000110477247918704,0.107557055274809,0.0784180117081942
650,"s(curr_lastRippleHPC_z):curr_DOWN_no",0.0376172829099142,9.06746641405189e-05,0.160982477271894,0.0958836751489436
651,"s(curr_lastRippleHPC_z):curr_DOWN_no",0.143947210466185,0.00106965361526313,0.624930508677286,0.537756615581732
652,"s(curr_lastRippleHPC_z):curr_DOWN_no",0.231886527914877,0.00208889343848001,0.753842720487395,0.248549338056782
653,"s(curr_lastRippleHPC_z):curr_DOWN_no",0.0895226487566321,0.000626143979299548,0.25044586784298,0.255694164698283
654,"s(curr_lastRippleHPC_z):curr_DOWN_no",0.0799622575579777,0.000322304709416212,0.208918740257522,0.12985772426176
655,"s(curr_lastRippleHPC_z):curr_DOWN_no",0.263160180853878,0.00237979280984317,0.737583881501641,0.569253028988287
656,"s(curr_lastRippleHPC_z):curr_DOWN_no",0.0982291364832584,0.000554305698869943,0.230046918273919,0.202338270563703
657,"s(curr_lastRippleHPC_z):curr_DOWN_no",0.266327387694784,0.00234662542719777,0.718504616293827,0.809705922588965
658,"s(curr_lastRippleHPC_z):curr_DOWN_no",0.0373963328275204,0.000202520332174767,0.148357153552884,0.126980476978874
659,"s(curr_lastRippleHPC_z):curr_DOWN_no",0.0907831634318157,0.000630062239010091,0.341279582433039,0.296252836722988
660,"s(curr_lastRippleHPC_z):curr_DOWN_no",0.0397143235274875,8.80116296428169e-05,0.124690648241391,0.0905505210693228
661,"s(curr_lastRippleHPC_z):curr_DOWN_no",0.0644419364519742,0.000434712632585755,0.235507334156764,0.138154816016961
662,"s(curr_lastRippleHPC_z):curr_DOWN_no",0.000374598372716584,2.14907860201475e-05,0.0161342225899868,0.0236345508129425
663,"s(curr_lastRippleHPC_z):curr_DOWN_no",0.0596914608198471,0.000264080324590523,0.161987764754617,0.120663898740449
664,"s(curr_lastRippleHPC_z):curr_DOWN_no",0.00231557272185512,2.26076849367466e-05,0.0461472418010009,0.0135927523020771
665,"s(curr_lastRippleHPC_z):curr_DOWN_no",0.121467427881708,0.000615443816724427,0.422877120932741,0.357025901097052
666,"s(curr_lastRippleHPC_z):curr_DOWN_no",0.0892743023256548,0.000573933959680285,0.240854450458739,0.170323908767253
667,"s(curr_lastRippleHPC_z):curr_DOWN_no",0.11411307031113,0.000411629320179016,0.387312712552894,0.276031713770007
668,"s(curr_lastRippleHPC_z):curr_DOWN_no",0.152926542273097,0.00124680232814798,0.392353871938516,0.355600755663309
669,"s(curr_lastRippleHPC_z):curr_DOWN_no",0.0581234005702882,0.000185591796885907,0.195484657967245,0.122151448740261
670,"s(curr_lastRippleHPC_z):curr_DOWN_no",0.14398697350152,0.0012890550421242,0.315711175436268,0.159387886732379
671,"s(curr_lastRippleHPC_z):curr_DOWN_no",0.081227561313078,0.000421438581071692,0.292743807939976,0.208456837175269
672,"s(curr_lastRippleHPC_z):curr_DOWN_no",0.218804372065151,0.0016365147888762,0.472369388169329,0.381502630288778
673,"s(curr_lastRippleHPC_z):curr_DOWN_no",0.0252195046152313,0.000275919172462308,0.153398915533461,0.0451874046261177
674,"s(curr_lastRippleHPC_z):curr_DOWN_no",0.100593438928721,0.000677416640116248,0.306084401307304,0.250322454675392
675,"s(curr_lastRippleHPC_z):curr_DOWN_no",0.20337688346966,0.000752892537422715,0.270964942165939,0.216867956919999
676,"s(curr_lastRippleHPC_z):curr_DOWN_no",0.0175400850345957,2.25195231300384e-05,0.0945302578317511,0.0325321204015154
677,"s(curr_lastRippleHPC_z):curr_DOWN_no",0.141710201758545,0.00104391232143731,0.467303699187527,0.608180609503309
678,"s(curr_lastRippleHPC_z):curr_DOWN_no",0.0827084788948831,0.000693996884108037,0.214064092674299,0.132191613324712
679,"s(curr_lastRippleHPC_z):curr_DOWN_no",0.187873585347615,0.00156026814814919,0.6620782542478,0.693237988167411
680,"s(curr_lastRippleHPC_z):curr_DOWN_no",0.0494404534824264,0.00025639394302908,0.176134670309203,0.0863473345335232
681,"s(curr_lastRippleHPC_z):curr_DOWN_no",0.242919234191835,0.00165116777329515,0.857654863657658,0.704369201169243
682,"s(curr_lastRippleHPC_z):curr_DOWN_no",0.24718618087643,0.0017726768650857,0.59093623328488,0.784614815258153
683,"s(curr_lastRippleHPC_z):curr_DOWN_no",0.297230705870741,0.0026337372663059,0.713718540026701,1.09131037372364
684,"s(curr_lastRippleHPC_z):curr_DOWN_no",0.156186835139777,0.00126717655383445,0.405277593038635,0.386812862461191
685,"s(curr_lastRippleHPC_z):curr_DOWN_no",0.105244455661127,0.000726024004524753,0.332794952239483,0.246625070525347
686,"s(curr_lastRippleHPC_z):curr_DOWN_no",0.0929735996971868,0.000730709525827764,0.229858318823173,0.175036499536111
687,"s(curr_lastRippleHPC_z):curr_DOWN_no",0.144832287056225,0.000853647343173136,0.599695512711133,0.505087378780786
688,"s(curr_lastRippleHPC_z):curr_DOWN_no",0.058035988682521,0.000384088332298296,0.153951421417541,0.12297601656862
689,"s(curr_lastRippleHPC_z):curr_DOWN_no",0.0698604781825365,0.000408993184085977,0.215847152500321,0.183540826665359
690,"s(curr_lastRippleHPC_z):curr_DOWN_no",0.028770587053466,0.000361222431302669,0.173700510237076,0.0512002609055053
691,"s(curr_lastRippleHPC_z):curr_DOWN_no",-0.000267483524464041,6.87748730550228e-06,0.0251138013805744,0.0073957573325694
692,"s(curr_lastRippleHPC_z):curr_DOWN_no",0.0883753302545722,0.000682342601177164,0.316505579055338,0.250149934756911
693,"s(curr_lastRippleHPC_z):curr_DOWN_no",0.0703238565384847,0.000423887382236271,0.167642149578365,0.14082697942479
694,"s(curr_lastRippleHPC_z):curr_DOWN_no",0.145901500867729,0.00107578330828303,0.436447439928609,0.428566426073395
695,"s(curr_lastRippleHPC_z):curr_DOWN_no",0.159924441103697,0.0013558046069779,0.493852503392215,0.366050050423921
696,"s(curr_lastRippleHPC_z):curr_DOWN_no",0.104613774099602,0.000489477549416225,0.327409839823521,0.179904538479729
697,"s(curr_lastRippleHPC_z):curr_DOWN_no",0.145864158898601,0.000861076689257374,0.348171026900591,0.346443661310163
698,"s(curr_lastRippleHPC_z):curr_DOWN_no",0.182789414098996,0.00118811638098444,0.557304788888967,0.459285953037975
699,"s(curr_lastRippleHPC_z):curr_DOWN_no",0.0219227919123872,0.000237673491517619,0.138768011135828,0.0409020976079399
700,"s(curr_lastRippleHPC_z):curr_DOWN_no",0.143359876917503,0.00118772853010983,0.408730223251407,0.276429708573078
701,"s(curr_lastRippleHPC_z):curr_DOWN_no",0.098499521295814,0.000696327807939971,0.311382622745189,0.233184145260258
702,"s(curr_lastRippleHPC_z):curr_DOWN_no",0.0796877496542239,0.000392591954845734,0.231011473390477,0.158027608689545
703,"s(curr_lastRippleHPC_z):curr_DOWN_no",0.171719738101401,0.00133376043872795,0.579101009052118,0.692542231639464
704,"s(curr_lastRippleHPC_z):curr_DOWN_no",0.220412485242227,0.00200429378032767,0.579366314794996,0.499935080954913
705,"s(curr_lastRippleHPC_z):curr_DOWN_no",0.158008095472363,0.00112834468868636,0.369800738705126,0.439366129411271
706,"s(curr_lastRippleHPC_z):curr_DOWN_no",0.0826229867221659,0.00048894625178522,0.218034688497209,0.189613055044126
707,"s(curr_lastRippleHPC_z):curr_DOWN_no",0.273291058268146,0.00218596219563551,0.664577366164108,0.821323071245506
708,"s(curr_lastRippleHPC_z):curr_DOWN_no",0.0115762595382982,0.000118031889758341,0.100991654993948,0.0297435434135302
709,"s(curr_lastRippleHPC_z):curr_DOWN_no",0.273349078176595,0.00204432858439332,0.554590925012637,0.590198595026454
710,"s(curr_lastRippleHPC_z):curr_DOWN_no",0.0896538964045819,0.000427067694245223,0.149814838672674,0.120653919514061
711,"s(curr_lastRippleHPC_z):curr_DOWN_no",0.221609969824708,0.0018234775529534,0.559617910059244,0.63732810546254
712,"s(curr_lastRippleHPC_z):curr_DOWN_no",0.0620984035419561,0.000423323449864223,0.193765975933732,0.153781570038285
713,"s(curr_lastRippleHPC_z):curr_DOWN_no",0.0882946053988896,0.000608913465896787,0.334972817918497,0.261194434702335
714,"s(curr_lastRippleHPC_z):curr_DOWN_no",0.253061438568236,0.00179847651361808,0.518114142411245,0.41240749176376
715,"s(curr_lastRippleHPC_z):curr_DOWN_no",0.000188917270489419,1.50854974654656e-06,0.0113182956841345,0.00333357205688918
716,"s(curr_lastRippleHPC_z):curr_DOWN_no",0.087484428498998,0.000516652370552979,0.285599854492519,0.249111492553077
717,"s(curr_lastRippleHPC_z):curr_DOWN_no",0.207059690806776,0.00169854199455399,0.50787520743935,0.760776704771087
718,"s(curr_lastRippleHPC_z):curr_DOWN_no",0.174521801875459,0.00114919771003014,0.481388686836931,0.530828219395311
719,"s(curr_lastRippleHPC_z):curr_DOWN_no",0.00467946567162247,4.95503968007842e-05,0.0652287850818879,0.0192349519147105
720,"s(curr_lastRippleHPC_z):curr_DOWN_no",0.0248374920062018,0.000262119313619177,0.154241618014357,0.0454903787891241
721,"s(curr_lastRippleHPC_z):curr_DOWN_no",0.118190113844724,0.000797370252808462,0.378078990359221,0.305063424868286
722,"s(curr_lastRippleHPC_z):curr_DOWN_no",0.00719356107782509,1.26733456454087e-05,0.0344924054954492,0.0214462280233323
723,"s(curr_lastRippleHPC_z):curr_DOWN_no",0.0958495206626431,0.000819604468620445,0.22403904263593,0.0956682139331738
724,"s(curr_lastRippleHPC_z):curr_DOWN_no",0.0013888801203823,1.18244914537418e-05,0.030559869381533,0.00901904236132642
725,"s(curr_lastRippleHPC_z):curr_DOWN_no",0.142276459031288,0.00107123099582649,0.559267104020686,0.160644294579643
726,"s(curr_lastRippleHPC_z):curr_DOWN_no",0.0965800932049774,0.000698824304596312,0.41696640134383,0.298471245149503
727,"s(curr_lastRippleHPC_z):curr_DOWN_no",0.0872903873583484,0.000469541331681824,0.26438243527216,0.188882568796545
728,"s(curr_lastRippleHPC_z):curr_DOWN_no",0.128195641685569,0.000532281930702961,0.611546469414359,0.369598610790742
729,"s(curr_lastRippleHPC_z):curr_DOWN_no",0.0692490073697387,0.000724441919044465,0.2535660813416,0.076834796306798
730,"s(curr_lastRippleHPC_z):curr_DOWN_no",0.166785173613502,0.0014370267812717,0.366339086421115,0.268081864118023
731,"s(curr_lastRippleHPC_z):curr_DOWN_no",0.151969001307451,0.00120493177888782,0.498330383951834,0.500442503128365
732,"s(curr_lastRippleHPC_z):curr_DOWN_no",0.0842856793867126,0.000487056879910108,0.296280197186307,0.22708849621498
733,"s(curr_lastRippleHPC_z):curr_DOWN_no",0.116175885524973,0.000692505331545887,0.311448886064101,0.236964278617549
734,"s(curr_lastRippleHPC_z):curr_DOWN_no",0.110437810787701,0.000803346485243632,0.321366165885531,0.262468127174469
735,"s(curr_lastRippleHPC_z):curr_DOWN_no",0.0576163563783529,0.000303751771499859,0.151863087314504,0.0925217797043556
736,"s(curr_lastRippleHPC_z):curr_DOWN_no",0.0520129110238106,0.000176512366038426,0.153420394332805,0.126765867926772
737,"s(curr_lastRippleHPC_z):curr_DOWN_no",0.000134021496328351,1.35959945056273e-06,0.01057259735721,0.00311589556203657
738,"s(curr_lastRippleHPC_z):curr_DOWN_no",0.142666290839228,0.000845701074111072,0.510376817022655,0.493878380805912
739,"s(curr_lastRippleHPC_z):curr_DOWN_no",0.0461391747694888,0.000195344218162637,0.146621162017464,0.126035601430948
740,"s(curr_lastRippleHPC_z):curr_DOWN_no",0.00848039621487651,1.66729685607102e-05,0.038600441557773,0.0283139524016507
741,"s(curr_lastRippleHPC_z):curr_DOWN_no",0.10100043253231,0.000734456752781837,0.275725638252513,0.247229854832517
742,"s(curr_lastRippleHPC_z):curr_DOWN_no",0.0147287675849972,1.32540561099533e-05,0.0712703042874084,0.0401727858919798
743,"s(curr_lastRippleHPC_z):curr_DOWN_no",0.168619870974876,0.00123230086565532,0.608121299651306,0.695764782531577
744,"s(curr_lastRippleHPC_z):curr_DOWN_no",0.132182054538204,0.000949263220295972,0.373065514741301,0.322999262596637
745,"s(curr_lastRippleHPC_z):curr_DOWN_no",4.48701243564997e-05,1.47428551479894e-06,0.0112369770374092,0.00331232167905565
746,"s(curr_lastRippleHPC_z):curr_DOWN_no",0.0927706299203797,0.000574055872286373,0.238280191640813,0.174910516493636
747,"s(curr_lastRippleHPC_z):curr_DOWN_no",0.0851033041205396,0.00072494225769352,0.297921340737044,0.257680309813771
748,"s(curr_lastRippleHPC_z):curr_DOWN_no",0.0930049633911523,0.000419082512948725,0.325552113087266,0.285184914040033
749,"s(curr_lastRippleHPC_z):curr_DOWN_no",0.13908846017411,0.00101572384219595,0.582557478444614,0.50926840370103
750,"s(curr_lastRippleHPC_z):curr_DOWN_no",0.127601715247196,0.00112041975060843,0.428670306869832,0.295400684063415
751,"s(curr_lastRippleHPC_z):curr_DOWN_no",0.259337117739374,0.00239485940245268,0.939503582038175,0.920196674857311
752,"s(curr_lastRippleHPC_z):curr_DOWN_no",0.0890217180390191,0.000598855442330691,0.340549210634435,0.266033159299128
753,"s(curr_lastRippleHPC_z):curr_DOWN_no",-3.09189772780272e-05,1.93721980528229e-07,0.00407498582821987,0.0012000851894726
754,"s(curr_lastRippleHPC_z):curr_DOWN_no",0.00365415467806152,3.67157967050962e-05,0.0576544716756983,0.016981121948363
755,"s(curr_lastRippleHPC_z):curr_DOWN_no",0.274036037982001,0.00197250159818688,0.691319467448164,0.7337067989378
756,"s(curr_lastRippleHPC_z):curr_DOWN_no",0.257380680588209,0.00322197319729482,0.783143525828772,0.678700337851511
757,"s(curr_lastRippleHPC_z):curr_DOWN_no",0.22238926583945,0.00181415180958533,0.57089684869981,0.695216806584666
758,"s(curr_lastRippleHPC_z):curr_DOWN_no",0.114981406921534,0.000926274658786266,0.340144769844066,0.205936388032375
759,"s(curr_lastRippleHPC_z):curr_DOWN_no",0.0394748146778543,4.75181297822729e-05,0.178214396941907,0.0532920817719458
760,"s(curr_lastRippleHPC_z):curr_DOWN_no",0.0211649701840271,4.94110367588334e-05,0.0903541843612621,0.0628067859126519
761,"s(curr_lastRippleHPC_z):curr_DOWN_no",0.0557871051030734,0.000282705990539543,0.196389328517733,0.179986861296031
762,"s(curr_lastRippleHPC_z):curr_DOWN_no",0.035850553950076,0.000166293797253112,0.136689606794327,0.122001434675092
763,"s(curr_lastRippleHPC_z):curr_DOWN_no",0.0829299117619717,0.000592148893957252,0.20762323484429,0.16676742998125
764,"s(curr_lastRippleHPC_z):curr_DOWN_no",0.0660386154767059,0.000277897059740474,0.215413660963603,0.134242822476803
765,"s(curr_lastRippleHPC_z):curr_DOWN_no",0.0504049752875302,0.000520253908541456,0.209319729287459,0.0616524915973636
766,"s(curr_lastRippleHPC_z):curr_DOWN_no",0.359663064233616,0.00337651204108432,0.895523673301045,0.998003047898617
767,"s(curr_lastRippleHPC_z):curr_DOWN_no",0.064603653931866,0.000284545069218235,0.239457978586901,0.223383240790331
768,"s(curr_lastRippleHPC_z):curr_DOWN_no",0.138346596244961,0.00105521655458194,0.483905662197448,0.590477826293652
769,"s(curr_lastRippleHPC_z):curr_DOWN_no",0.0095358234269316,0.000114488179155481,0.0929587058384929,0.0315730240750832
770,"s(curr_lastRippleHPC_z):curr_DOWN_no",0.097529801180869,0.000716478267217913,0.28993384878102,0.266520968346383
771,"s(curr_lastRippleHPC_z):curr_DOWN_no",0.0830025162851333,0.000465635731869563,0.314999505731415,0.210203998791282
772,"s(curr_lastRippleHPC_z):curr_DOWN_no",0.185872530108003,0.00150351051063282,0.605994635826415,0.68359125230548
773,"s(curr_lastRippleHPC_z):curr_DOWN_no",0.0940558590025846,0.000513733008846878,0.201415932444236,0.123240898108951
774,"s(curr_lastRippleHPC_z):curr_DOWN_no",0.207228017063667,0.00161143404379843,0.608945581875231,0.740715576008055
775,"s(curr_lastRippleHPC_z):curr_DOWN_no",0.102839029858155,0.000382585755543,0.410822611539143,0.280024825187557
776,"s(curr_lastRippleHPC_z):curr_DOWN_no",0.206310109301877,0.00177470334312962,0.656561101287768,0.757135345788251
777,"s(curr_lastRippleHPC_z):curr_DOWN_no",0.0111029985859314,2.54855301196396e-05,0.0838435929887104,0.0256074636234394
778,"s(curr_lastRippleHPC_z):curr_DOWN_no",0.16116774693567,0.00119329787003001,0.557918145474677,0.617082564531953
779,"s(curr_lastRippleHPC_z):curr_DOWN_no",0.0737264235158825,0.000316804291593693,0.197016526619645,0.144462660597273
780,"s(curr_lastRippleHPC_z):curr_DOWN_no",0.0265718627104361,9.76611609868149e-05,0.0991256728839958,0.0763467259194146
781,"s(curr_lastRippleHPC_z):curr_DOWN_no",0.0271766512379337,8.96590648151237e-05,0.10343657157427,0.0857770171917594
782,"s(curr_lastRippleHPC_z):curr_DOWN_no",0.12150692113747,0.000682168942244519,0.305279572796621,0.232272711581803
783,"s(curr_lastRippleHPC_z):curr_DOWN_no",0.124849261204357,0.000674431904173268,0.513685896895069,0.146299300694006
784,"s(curr_lastRippleHPC_z):curr_DOWN_no",0.0855397597988636,0.000507749489557767,0.259588482839354,0.122615437755998
785,"s(curr_lastRippleHPC_z):curr_DOWN_no",0.0622651293906431,0.000304583161246029,0.179318944220514,0.171346396518042
786,"s(curr_lastRippleHPC_z):curr_DOWN_no",0.0224494384903657,6.67073037616245e-05,0.1157136343489,0.0761073503296535
787,"s(curr_lastRippleHPC_z):curr_DOWN_no",0.170675035563401,0.00128070011671704,0.395531597951344,0.416461648786114
788,"s(curr_lastRippleHPC_z):curr_DOWN_no",0.187925580809928,0.00165750202346046,0.655969897228202,0.605367318350267
789,"s(curr_lastRippleHPC_z):curr_DOWN_no",0.215390585816821,0.00174951521661998,0.816758124613624,0.724682604596013
790,"s(curr_lastRippleHPC_z):curr_DOWN_no",0.101974381935273,0.000400437518148623,0.206601259405147,0.121123916619405
791,"s(curr_lastRippleHPC_z):curr_DOWN_no",0.000754191329156662,7.30669264203329e-06,0.0250458993522759,0.00737648828846167
792,"s(curr_lastRippleHPC_z):curr_DOWN_no",0.125177214882045,0.00085968500981379,0.425742662160444,0.145840556066006
793,"s(curr_lastRippleHPC_z):curr_DOWN_no",0.206245954270782,0.00152753204986304,0.577026010267005,0.738399821359799
794,"s(curr_lastRippleHPC_z):curr_DOWN_no",0.0587413993228827,0.000211842950307279,0.241693944984638,0.167207329199831
795,"s(curr_lastRippleHPC_z):curr_DOWN_no",-0.0104370454710807,0.000742141501722494,0.232035135113316,0.172878859997011
796,"s(curr_lastRippleHPC_z):curr_DOWN_no",0.131438626730723,0.000942147319771858,0.292467997515912,0.254748375301208
797,"s(curr_lastRippleHPC_z):curr_DOWN_no",0.102440636762134,0.000713647384128253,0.28744302136133,0.232270831609792
798,"s(curr_lastRippleHPC_z):curr_DOWN_no",0.0122658859789304,4.10911771743531e-05,0.0520107512252336,0.0385957061004742
799,"s(curr_lastRippleHPC_z):curr_DOWN_no",0.0398968403165227,0.000206010088615245,0.175512360717106,0.109437306381829
800,"s(curr_lastRippleHPC_z):curr_DOWN_no",0.0370922495528401,0.000215897246958493,0.124226077439245,0.0820097946428662
801,"s(curr_lastRippleHPC_z):curr_DOWN_no",0.0356746943374322,0.000139429419926477,0.102628680309053,0.0715517399279229
802,"s(curr_lastRippleHPC_z):curr_DOWN_no",0.0681003227699613,0.000345133835544174,0.210197722293147,0.140665539820595
803,"s(curr_lastRippleHPC_z):curr_DOWN_no",0.0612156548891534,0.000388868950588233,0.205750264092088,0.233398181985962
804,"s(curr_lastRippleHPC_z):curr_DOWN_no",0.114843614811129,0.000873712798801657,0.390718190124188,0.260524593088157
805,"s(curr_lastRippleHPC_z):curr_DOWN_no",0.108872564475237,0.000756635745002239,0.267574330527265,0.214921474528975
806,"s(curr_lastRippleHPC_z):curr_DOWN_no",0.125851640335103,0.000757383336194927,0.332887060891624,0.310047586165813
807,"s(curr_lastRippleHPC_z):curr_DOWN_no",0.252112326841898,0.00224375033802582,0.542761448971998,0.477726121071091
808,"s(curr_lastRippleHPC_z):curr_DOWN_no",0.0486656597516992,0.000152362071242061,0.172061264393924,0.129224989480742
809,"s(curr_lastRippleHPC_z):curr_DOWN_no",0.0104495787682444,0.000112444487653101,0.0979713947745508,0.0288769006038122
810,"s(curr_lastRippleHPC_z):curr_DOWN_no",0.0668334285268548,0.00044401882631311,0.202607455434084,0.167094119896464
811,"s(curr_lastRippleHPC_z):curr_DOWN_no",0.00326724152182134,2.48092072962392e-05,0.0460721537783797,0.0135679075292426
812,"s(curr_lastRippleHPC_z):curr_DOWN_no",0.117799873721298,0.000694939636817756,0.364618531163601,0.256682348934731
813,"s(curr_lastRippleHPC_z):curr_DOWN_no",0.136925795281427,0.00095122441652061,0.334215489607557,0.27454959288324
814,"s(curr_lastRippleHPC_z):curr_DOWN_no",0.0546982779840484,0.000336818293511199,0.231440979995482,0.159137591883432
815,"s(curr_lastRippleHPC_z):curr_DOWN_no",0.000217493118417345,4.20183800300071e-06,0.0190513790224246,0.00561419252871692
816,"s(curr_lastRippleHPC_z):curr_DOWN_no",0.0453914069586592,0.000235025047683608,0.182571062894646,0.14083233417763
817,"s(curr_lastRippleHPC_z):curr_DOWN_no",0.00068236333664462,7.68046932813344e-06,0.026699657359876,0.00786517516268916
818,"s(curr_lastRippleHPC_z):curr_DOWN_no",0.0781159596695646,0.000510617332912697,0.238762827997024,0.197238063309938
819,"s(curr_lastRippleHPC_z):curr_DOWN_no",0.0678770784494978,0.000481470643175265,0.181018975687036,0.133915086428339
820,"s(curr_lastRippleHPC_z):curr_DOWN_no",0.060993304092003,0.000210637738958933,0.202303667562683,0.138281305277082
821,"s(curr_lastRippleHPC_z):curr_DOWN_no",0.0199456659341113,6.78537949948239e-05,0.0740534128302408,0.0521653393572898
822,"s(curr_lastRippleHPC_z):curr_DOWN_no",0.129578251148701,0.000859833810850953,0.331637990031012,0.402903961151885
823,"s(curr_lastRippleHPC_z):curr_DOWN_no",0.117132427702226,0.000783832707834015,0.323367344385038,0.144416821009198
824,"s(curr_lastRippleHPC_z):curr_DOWN_no",0.00207833594885454,2.42402006089706e-05,0.0440737737240064,0.012979410656535
825,"s(curr_lastRippleHPC_z):curr_DOWN_no",0.349996390365997,0.00309593737477991,0.802431514797224,1.08330204926868
826,"s(curr_lastRippleHPC_z):curr_DOWN_no",0.119668768689042,0.000850184815742427,0.555663669331801,0.512222838416651
827,"s(curr_lastRippleHPC_z):curr_DOWN_no",0.0309559543129723,9.03657085699097e-05,0.109187367250072,0.0700578866324023
828,"s(curr_lastRippleHPC_z):curr_DOWN_no",0.0152350557252117,2.02698931009084e-05,0.0722004248185368,0.0431876608283129
829,"s(curr_lastRippleHPC_z):curr_DOWN_no",0.351046997569788,0.00307744249566732,0.969207776145774,1.14844120843936
830,"s(curr_lastRippleHPC_z):curr_DOWN_no",0.0578594353373578,0.000268177487436025,0.21839762915801,0.157477129160967
831,"s(curr_lastRippleHPC_z):curr_DOWN_no",0.0956077558961423,0.000647763867299507,0.301333742633785,0.209962044522442
832,"s(curr_lastRippleHPC_z):curr_DOWN_no",0.216158427074733,0.00170483695149173,0.390715311831675,0.259133735986183
833,"s(curr_lastRippleHPC_z):curr_DOWN_no",0.352147838418808,0.00322010896079387,0.69477760333018,0.628787943948528
834,"s(curr_lastRippleHPC_z):curr_DOWN_no",0.0545674524920887,0.000241779077694607,0.205414409132718,0.167805232372051
835,"s(curr_lastRippleHPC_z):curr_DOWN_no",0.23561217966956,0.00197806271218758,0.427197463567193,0.316997722034435
836,"s(curr_lastRippleHPC_z):curr_DOWN_no",0.00664876068090425,0.00167465268105847,0.0816929939075212,0.9494467626349
837,"s(curr_lastRippleHPC_z):curr_DOWN_no",0.203490170752689,0.00169194455983824,0.409491998001082,0.387892178407773
838,"s(curr_lastRippleHPC_z):curr_DOWN_no",0.0988992519633394,0.000706544086730545,0.331147631759894,0.225123852422071
839,"s(curr_lastRippleHPC_z):curr_DOWN_no",0.157055399186239,0.00126375999931079,0.374797031793378,0.319189897139806
840,"s(curr_lastRippleHPC_z):curr_DOWN_no",0.0961241562528823,0.000631700970002115,0.304460807740439,0.235545883283198
841,"s(curr_lastRippleHPC_z):curr_DOWN_no",0.202023931065152,0.00168162723803067,0.551157148515634,0.69479517856734
842,"s(curr_lastRippleHPC_z):curr_DOWN_no",0.0404513182275821,0.000211029665349941,0.174604648481715,0.0876562507406636
843,"s(curr_lastRippleHPC_z):curr_DOWN_no",0.0553617318040418,0.000281488155692545,0.158716517463157,0.147262969471554
844,"s(curr_lastRippleHPC_z):curr_DOWN_no",0.117742288661902,0.000743410631636133,0.331996430827998,0.399134227411067
845,"s(curr_lastRippleHPC_z):curr_DOWN_no",0.0141958822036505,0.000165568962361854,0.124638742822859,0.0367070217622645
846,"s(curr_lastRippleHPC_z):curr_DOWN_no",0.0619442271736741,0.000402767280769183,0.200676280720307,0.165205754371317
847,"s(curr_lastRippleHPC_z):curr_DOWN_no",0.111431151668063,0.000811200841814429,0.356378721004941,0.303948740316667
848,"s(curr_lastRippleHPC_z):curr_DOWN_no",0.0160425153347248,8.59878170371929e-05,0.078171492585019,0.0397448426614016
849,"s(curr_lastRippleHPC_z):curr_DOWN_no",0.00231596506267007,2.93529686354535e-05,0.0517084026421189,0.0152341360358378
850,"s(curr_lastRippleHPC_z):curr_DOWN_no",0.0669297883292179,0.000409415224325716,0.209617215459324,0.15328501367522
851,"s(curr_lastRippleHPC_z):curr_DOWN_no",0.0976183145323146,0.000649349238334902,0.316500779487331,0.367798014743223
852,"s(curr_lastRippleHPC_z):curr_DOWN_no",0.126569111991214,0.000969194244911211,0.542195378872355,0.40715058369601
853,"s(curr_lastRippleHPC_z):curr_DOWN_no",0.231940450120983,0.00143562299677647,0.605923595168423,0.452029396050335
854,"s(curr_lastRippleHPC_z):curr_DOWN_no",0.166787998672628,0.00106131537927197,0.473778258453252,0.546920348042738
855,"s(curr_lastRippleHPC_z):curr_DOWN_no",0.176002323407443,0.00123728350560868,0.516207718824856,0.198407849027188
856,"s(curr_lastRippleHPC_z):curr_DOWN_no",0.09529580586217,0.000600334656969932,0.331415520526062,0.239412133786017
857,"s(curr_lastRippleHPC_z):curr_DOWN_no",0.162536490471852,0.00118188371540547,0.507310509373302,0.212153511443179
858,"s(curr_lastRippleHPC_z):curr_DOWN_no",0.0622532236685718,0.00030775744537869,0.194385757725619,0.18141225492756
859,"s(curr_lastRippleHPC_z):curr_DOWN_no",0.0606166620756348,0.00021153177616106,0.192073326967258,0.113405469847409
860,"s(curr_lastRippleHPC_z):curr_DOWN_no",0.152600941075763,0.0011857220250983,0.479692269581927,0.570397495189912
861,"s(curr_lastRippleHPC_z):curr_DOWN_no",0.0288240893783973,0.000325579877878071,0.165884567261242,0.0489193048552661
862,"s(curr_lastRippleHPC_z):curr_DOWN_no",0.118467630531484,0.000441999506529475,0.540107283250257,0.159188029511198
863,"s(curr_lastRippleHPC_z):curr_DOWN_no",0.0410042532991657,0.000181594712188214,0.134951029738989,0.0867268985595318
864,"s(curr_lastRippleHPC_z):curr_DOWN_no",0.0800119462795124,0.000359917789066551,0.299555055812372,0.217042966234174
865,"s(curr_lastRippleHPC_z):curr_DOWN_no",0.00314889325954759,2.98501961487785e-05,0.0515990703587137,0.0152049187678156
866,"s(curr_lastRippleHPC_z):curr_DOWN_no",0.00755203278736349,8.32313236796686e-05,0.0845039814303489,0.0248877675339759
867,"s(curr_lastRippleHPC_z):curr_DOWN_no",0.091186844852241,0.000516234311434715,0.283358217751054,0.153034498361814
868,"s(curr_lastRippleHPC_z):curr_DOWN_no",0.0427158619235728,0.000137725705476485,0.152187965365969,0.118714810233849
869,"s(curr_lastRippleHPC_z):curr_DOWN_no",0.00508456911623956,8.8213016176834e-05,0.0862353294765148,0.0253963448341267
870,"s(curr_lastRippleHPC_z):curr_DOWN_no",0.00125587425779639,7.81315368932994e-06,0.0259036937448667,0.00763410577048426
871,"s(curr_lastRippleHPC_z):curr_DOWN_no",0.222584927349807,0.00176500887879547,0.50943395066579,0.613921636550034
872,"s(curr_lastRippleHPC_z):curr_DOWN_no",0.233191802121816,0.00205674679221088,0.708455003299213,0.709225532939
873,"s(curr_lastRippleHPC_z):curr_DOWN_no",0.154229622590885,0.00103079331017558,0.62178283098417,0.488369504133047
874,"s(curr_lastRippleHPC_z):curr_DOWN_no",0.0357678307948222,0.000123301226718506,0.157955631790044,0.10991576137538
875,"s(curr_lastRippleHPC_z):curr_DOWN_no",0.00679940768947773,2.07516537867202e-05,0.0268123414885454,0.0235358554673724
876,"s(curr_lastRippleHPC_z):curr_DOWN_no",0.150114202623795,0.00129920149294989,0.378157577116387,0.360991782721712
877,"s(curr_lastRippleHPC_z):curr_DOWN_no",0.165090997477981,0.00137918432796417,0.582434873203937,0.455252100280131
878,"s(curr_lastRippleHPC_z):curr_DOWN_no",0.563339059742666,0.00503759918016163,1.19423588743696,1.38202949095726
879,"s(curr_lastRippleHPC_z):curr_DOWN_no",0.357342777949528,0.00306851354090935,0.892910179769734,1.16188436586685
880,"s(curr_lastRippleHPC_z):curr_DOWN_no",0.000228146584859701,4.17604883117991e-06,0.0200228401370808,0.00589780583574995
881,"s(curr_lastRippleHPC_z):curr_DOWN_no",0.00595372687876594,6.79039583863616e-05,0.0751688426061211,0.0221588032818076
882,"s(curr_lastRippleHPC_z):curr_DOWN_no",0.00520742898681004,1.26906326678444e-05,0.0242007699481042,0.017516619021618
883,"s(curr_lastRippleHPC_z):curr_DOWN_no",0.0518784144961959,0.000308840177388919,0.178884365879453,0.132696917346125
884,"s(curr_lastRippleHPC_z):curr_DOWN_no",0.105478107540675,0.000344697199836786,0.391038189631486,0.257285651190153
885,"s(curr_lastRippleHPC_z):curr_DOWN_no",0.19716073400714,0.00156395489776344,0.651144752582886,0.844858510397128
886,"s(curr_lastRippleHPC_z):curr_DOWN_no",0.00350732156097688,3.63694888639843e-05,0.0561875616106142,0.0165586833169287
887,"s(curr_lastRippleHPC_z):curr_DOWN_no",0.030566002178654,0.000322456174171932,0.167771962448972,0.0494102063926747
888,"s(curr_lastRippleHPC_z):curr_DOWN_no",0.0303014649142854,0.000120489502755607,0.122357028280482,0.0927548654048517
889,"s(curr_lastRippleHPC_z):curr_DOWN_no",0.188089602900354,0.00166742646748991,0.477351382179149,0.373154144425063
890,"s(curr_lastRippleHPC_z):curr_DOWN_no",0.00410086912245866,3.7682303406447e-05,0.057598324796301,0.0169650083409593
891,"s(curr_lastRippleHPC_z):curr_DOWN_no",0.00449606518310475,1.21095052872818e-05,0.0196701667965528,0.0147346079133379
892,"s(curr_lastRippleHPC_z):curr_DOWN_no",0.0266961563951513,0.00010618004317335,0.110402210680899,0.0704541199543994
893,"s(curr_lastRippleHPC_z):curr_DOWN_no",0.273045722074338,0.00247511330653863,0.534722360502437,0.549326954937515
894,"s(curr_lastRippleHPC_z):curr_DOWN_no",0.131846201871305,0.0010774800053636,0.413445718170746,0.293725646906566
895,"s(curr_lastRippleHPC_z):curr_DOWN_no",0.000128779434181325,7.19398077126277e-06,0.0251064961457523,0.00739703955351634
896,"s(curr_lastRippleHPC_z):curr_DOWN_no",0.000566383209600119,0.00010007106783065,0.00258486730622096,0.0441394509528063
897,"s(curr_lastRippleHPC_z):curr_DOWN_no",0.065673438234457,0.000370670077995738,0.256306383684859,0.229087060803469
898,"s(curr_lastRippleHPC_z):curr_DOWN_no",0.294134011770901,0.00247265842591709,0.847624358134536,1.06559127814018
899,"s(curr_lastRippleHPC_z):curr_DOWN_no",0.0711900307855,0.000435474551484068,0.240341919175928,0.229241913183556
900,"s(curr_lastRippleHPC_z):curr_DOWN_no",0.0262311855856083,6.94889667450285e-05,0.0897642563716918,0.0734043599113838
901,"s(curr_lastRippleHPC_z):curr_DOWN_no",0.0345431328844423,0.00021477294726173,0.13878987699155,0.116612012031556
902,"s(curr_lastRippleHPC_z):curr_DOWN_no",0.0784210131735197,0.000550896344929457,0.259565278197911,0.277997055787737
903,"s(curr_lastRippleHPC_z):curr_DOWN_no",0.0771565615069729,0.000417588465669754,0.226401683423924,0.169241404678694
904,"s(curr_lastRippleHPC_z):curr_DOWN_no",0.0790185075536085,0.000393665046961012,0.296329740876192,0.171995906558166
905,"s(curr_lastRippleHPC_z):curr_DOWN_no",0.0394555227727924,0.000192703014591818,0.152559614804348,0.0999954519409886
906,"s(curr_lastRippleHPC_z):curr_DOWN_no",0.0345401379483521,0.000153194793667366,0.0819667544185027,0.0659075778480376
907,"s(curr_lastRippleHPC_z):curr_DOWN_no",0.0681643827048095,0.00035522140256666,0.252744131112973,0.195622864245634
908,"s(curr_lastRippleHPC_z):curr_DOWN_no",0.104640869053384,0.000798358116625403,0.413983409538073,0.272166184063177
909,"s(curr_lastRippleHPC_z):curr_DOWN_no",0.0243874981005838,0.00024508442815618,0.140728451310237,0.0414448645896042
910,"s(curr_lastRippleHPC_z):curr_DOWN_no",0.154669994396609,0.00125266456414002,0.403519950441014,0.459743554794858
911,"s(curr_lastRippleHPC_z):curr_DOWN_no",0.0617147633242725,0.000271992183746673,0.172752443961513,0.171929826393341
912,"s(curr_lastRippleHPC_z):curr_DOWN_no",0.0310499436721532,0.000167206512575476,0.135724681832738,0.0506589917804429
913,"s(curr_lastRippleHPC_z):curr_DOWN_no",0.0167558391561986,7.20961507038318e-05,0.0732013916784833,0.0451888325106636
914,"s(curr_lastRippleHPC_z):curr_DOWN_no",0.166674640357919,0.00112787273244041,0.414801664678704,0.293064061746697
915,"s(curr_lastRippleHPC_z):curr_DOWN_no",0.0184174275104043,3.73518056876277e-05,0.0634772750487938,0.0538715144402272
916,"s(curr_lastRippleHPC_z):curr_DOWN_no",0.186854606994129,0.00137254096125993,0.452388409531665,0.489313404317747
917,"s(curr_lastRippleHPC_z):curr_DOWN_no",0.0725213235292426,0.000349860000442484,0.22194835365806,0.176075056667888
918,"s(curr_lastRippleHPC_z):curr_DOWN_no",0.208211360981192,0.00163654689656331,0.636190385839836,0.50449958352279
919,"s(curr_lastRippleHPC_z):curr_DOWN_no",0.0207753374624016,0.000210532536056483,0.131712594594317,0.0388117558823709
920,"s(curr_lastRippleHPC_z):curr_DOWN_no",0.186844996134667,0.00187384145646967,0.663288125878862,0.503073507216637
921,"s(curr_lastRippleHPC_z):curr_DOWN_no",0.225947869115186,0.00210200571420147,0.570165281168441,0.44354680069467
922,"s(curr_lastRippleHPC_z):curr_DOWN_no",0.0230791149629139,9.89903595279398e-05,0.105063015512457,0.0749190393756173
923,"s(curr_lastRippleHPC_z):curr_DOWN_no",0.00275583393832779,3.03466888626924e-05,0.0524519612238939,0.0154462580804891
924,"s(curr_lastRippleHPC_z):curr_DOWN_no",0.000547968731164694,3.05638594632632e-06,0.0161404599748824,0.0047606495179406
925,"s(curr_lastRippleHPC_z):curr_DOWN_no",0.100574856778521,0.000650766755706422,0.312572949041953,0.42526775259603
926,"s(curr_lastRippleHPC_z):curr_DOWN_no",0.00134958067434976,1.04264898461424e-05,0.0304278512851513,0.00896125624802446
927,"s(curr_lastRippleHPC_z):curr_DOWN_no",0.0428293332498049,0.000115404150679014,0.158574106065967,0.10617567353072
928,"s(curr_lastRippleHPC_z):curr_DOWN_no",0.0925200011259335,0.000647284611799525,0.252739297823604,0.173821941548165
929,"s(curr_lastRippleHPC_z):curr_DOWN_no",0.0927604837531346,0.000463573675234656,0.382825569653456,0.323297697062901
930,"s(curr_lastRippleHPC_z):curr_DOWN_no",0.0532149291521131,0.000140153661440589,0.189014836801753,0.123160464523052
931,"s(curr_lastRippleHPC_z):curr_DOWN_no",0.0369446031298279,0.000151711184062467,0.123146631237761,0.0813349280456071
932,"s(curr_lastRippleHPC_z):curr_DOWN_no",0.0296258003741254,7.72532274826139e-05,0.121886218935125,0.0668564083726998
933,"s(curr_lastRippleHPC_z):curr_DOWN_no",0.0919492131346056,0.00056082703160063,0.261008572688867,0.181981605407501
934,"s(curr_lastRippleHPC_z):curr_DOWN_no",0.0180079379422997,0.000185569245395593,0.128162657690706,0.037750923875854
935,"s(curr_lastRippleHPC_z):curr_DOWN_no",0.237464539217124,0.00229609635314012,0.550678491778348,0.460070014405921
936,"s(curr_lastRippleHPC_z):curr_DOWN_no",0.00399355536308743,4.08112965877717e-05,0.0585700337178196,0.017257559790895
937,"s(curr_lastRippleHPC_z):curr_DOWN_no",0.146910390139956,0.00119728879926001,0.434029328993328,0.316770616847013
938,"s(curr_lastRippleHPC_z):curr_DOWN_no",0.135716119712936,0.000614218150862621,0.538654298714047,0.29096334953548
939,"s(curr_lastRippleHPC_z):curr_DOWN_no",0.198550226375777,0.00162563904047296,1.03123046433041,0.959904418042426
940,"s(curr_lastRippleHPC_z):curr_DOWN_no",0.0196781653292595,6.16063789759564e-05,0.0871268367169534,0.0673932078568356
941,"s(curr_lastRippleHPC_z):curr_DOWN_no",0.00156353909195506,9.40513670465207e-06,0.0279660827408427,0.00824566488759949
942,"s(curr_lastRippleHPC_z):curr_DOWN_no",0.183837196690841,0.00138009465897841,0.647246760091394,0.538061746347033
943,"s(curr_lastRippleHPC_z):curr_DOWN_no",0.00711191740077588,7.19604566308074e-05,0.0796901678563005,0.0234697670189544
944,"s(curr_lastRippleHPC_z):curr_DOWN_no",0.070335581986261,0.000416620592347074,0.185601985728381,0.164964546124013
945,"s(curr_lastRippleHPC_z):curr_DOWN_no",0.181360012464,0.0014217145550621,0.5592522182208,0.692977568082322
946,"s(curr_lastRippleHPC_z):curr_DOWN_no",0.215182784845073,0.00174287258418843,0.550623123538432,0.475747662089044
947,"s(curr_lastRippleHPC_z):curr_DOWN_no",0.103583722799454,0.000694930357691897,0.293841505790017,0.306447135083104
948,"s(curr_lastRippleHPC_z):curr_DOWN_no",0.0988208897353502,0.000689146533164786,0.225526433274873,0.177871524861648
949,"s(curr_lastRippleHPC_z):curr_DOWN_no",0.101139389095114,0.00101884652339655,0.287529698370042,0.0849621696590894
950,"s(curr_lastRippleHPC_z):curr_DOWN_no",0.221030298672209,0.0017672146183672,0.445045216680202,0.366031878721616
951,"s(curr_lastRippleHPC_z):curr_DOWN_no",0.065636050083441,0.00037601760645159,0.197489839864831,0.201086527517842
952,"s(curr_lastRippleHPC_z):curr_DOWN_no",0.22157474607967,0.00188442196074842,0.489805550728847,0.309431684440328
953,"s(curr_lastRippleHPC_z):curr_DOWN_no",0.251807615873312,0.00215603398570841,0.684947285619668,0.85094265327327
954,"s(curr_lastRippleHPC_z):curr_DOWN_no",0.0524575250599719,0.000240496695000682,0.177338146453995,0.163734257720453
955,"s(curr_lastRippleHPC_z):curr_DOWN_no",0.294691704667106,0.00260031423605601,0.658897116699571,0.963853402259042
956,"s(curr_lastRippleHPC_z):curr_DOWN_no",0.0130080028175028,0.000150273855216937,0.114553214969509,0.0337390430794459
957,"s(curr_lastRippleHPC_z):curr_DOWN_no",0.156097702946342,0.000946788838675164,0.488222254811832,0.364986409059119
958,"s(curr_lastRippleHPC_z):curr_DOWN_no",0.206861551353581,0.00170460075277823,0.59670978833592,0.908127100044931
959,"s(curr_lastRippleHPC_z):curr_DOWN_no",0.0370729588724457,0.000175499108096066,0.134609352079315,0.101312603103171
960,"s(curr_lastRippleHPC_z):curr_DOWN_no",0.16098122689218,0.00126567595578646,0.427652028561127,0.248005282860815
961,"s(curr_lastRippleHPC_z):curr_DOWN_no",0.0370400837380842,0.00013010626285969,0.113644571146027,0.0705169347502683
962,"s(curr_lastRippleHPC_z):curr_DOWN_no",0.104004457790741,0.000771287555039409,0.360597742059993,0.359703746667122
963,"s(curr_lastRippleHPC_z):curr_DOWN_no",0.121587379709188,0.000760597296591599,0.375417720672672,0.317727679921945
964,"s(curr_lastRippleHPC_z):curr_DOWN_no",0.00313201193156143,3.86490882610517e-05,0.0582410891997215,0.0171591124881028
965,"s(curr_lastRippleHPC_z):curr_DOWN_no",0.05628249603844,0.000196523652408214,0.218526481378659,0.0704487318619416
966,"s(curr_lastRippleHPC_z):curr_DOWN_no",0.0256578428096486,6.8015616214079e-05,0.0962873693973606,0.0766910304621412
967,"s(curr_lastRippleHPC_z):curr_DOWN_no",0.0874196085671031,0.000588095362474959,0.222339252223617,0.20237092006327
968,"s(curr_lastRippleHPC_z):curr_DOWN_no",0.00665622649121467,6.67012963493653e-05,0.0750968054528586,0.0221229474852506
969,"s(curr_lastRippleHPC_z):curr_DOWN_no",0.074503382310418,0.000827401426581936,0.275673142277887,0.0812556475466191
970,"s(curr_lastRippleHPC_z):curr_DOWN_no",0.208348342761205,0.00188222845037928,0.421587619170855,0.287862425371825
971,"s(curr_lastRippleHPC_z):curr_DOWN_no",0.167923229955946,0.00129568875742149,0.557824057786146,0.696646517032809
972,"s(curr_lastRippleHPC_z):curr_DOWN_no",0.00433842601967083,3.21853324053284e-05,0.0523489385385617,0.0154278012139943
973,"s(curr_lastRippleHPC_z):curr_DOWN_no",0.062288339615451,0.000269292361712508,0.245715460894325,0.139583631663952
974,"s(curr_lastRippleHPC_z):curr_DOWN_no",0.0174953976590295,0.000189046789747096,0.125943420374813,0.0370907664037112
975,"s(curr_lastRippleHPC_z):curr_DOWN_no",0.00900966251641222,7.70083321337859e-05,0.0812556706585434,0.023952532197817
976,"s(curr_lastRippleHPC_z):curr_DOWN_no",0.304781105227016,0.00136470270525771,0.725405530578143,0.438182319743841
977,"s(curr_lastRippleHPC_z):curr_DOWN_no",0.1583590580118,0.000886337134050156,0.518016414080664,0.459444388909739
978,"s(curr_lastRippleHPC_z):curr_DOWN_no",0.0127054305724981,0.000157723610061923,0.107550871312026,0.0383510475703306
979,"s(curr_lastRippleHPC_z):curr_DOWN_no",0.132409860508147,0.00084066018807127,0.280238192625133,0.283132660924366
980,"s(curr_lastRippleHPC_z):curr_DOWN_no",0.0523714465962346,0.000264074485052801,0.17050908788861,0.175711525992559
981,"s(curr_lastRippleHPC_z):curr_DOWN_no",0.0908889249623543,0.000535926270261743,0.284683372588609,0.187276563999361
982,"s(curr_lastRippleHPC_z):curr_DOWN_no",0.0384840757954956,0.000149998079200214,0.14464580798836,0.124241342082744
983,"s(curr_lastRippleHPC_z):curr_DOWN_no",0.0526052261867713,0.000176675615752883,0.144951049003523,0.126891359624801
984,"s(curr_lastRippleHPC_z):curr_DOWN_no",0.0551787961225507,0.000176900055867233,0.251776720852368,0.127547792781398
985,"s(curr_lastRippleHPC_z):curr_DOWN_no",0.0127202073820678,1.89815196563603e-05,0.0838586354206241,0.0333487738784592
986,"s(curr_lastRippleHPC_z):curr_DOWN_no",0.00412884172268413,4.40065037579158e-05,0.0633940177959834,0.018672469713746
987,"s(curr_lastRippleHPC_z):curr_DOWN_no",0.121759146912837,0.000726070874877471,0.459491785618886,0.454481282890705
988,"s(curr_lastRippleHPC_z):curr_DOWN_no",0.196284007099187,0.00156471795441672,0.513572245756101,0.638937060493941
989,"s(curr_lastRippleHPC_z):curr_DOWN_no",0.198652471084899,0.00088836048154237,0.567518506324742,0.324820052551013
990,"s(curr_lastRippleHPC_z):curr_DOWN_no",0.0208624497468159,0.00021904805494239,0.139464222976596,0.0410754286600251
991,"s(curr_lastRippleHPC_z):curr_DOWN_no",0.131870348031314,0.00102533151038153,0.386779130525614,0.318329443700173
992,"s(curr_lastRippleHPC_z):curr_DOWN_no",0.0168200495728463,0.000111103185686009,0.075187458045206,0.134599548677577
993,"s(curr_lastRippleHPC_z):curr_DOWN_no",0.134807547495194,0.00119799351711623,0.394251309905332,0.506679333540748
994,"s(curr_lastRippleHPC_z):curr_DOWN_no",0.0165372707063121,4.36271035730242e-05,0.0653241450502942,0.0508664990461508
995,"s(curr_lastRippleHPC_z):curr_DOWN_no",0.228058833447025,0.00178401240339375,0.586519688193518,0.864867382991939
996,"s(curr_lastRippleHPC_z):curr_DOWN_no",0.0294107869204971,0.000334262964582792,0.172405016499733,0.0507885942290615
997,"s(curr_lastRippleHPC_z):curr_DOWN_no",0.0613414872912266,0.000359714987242372,0.216788683006159,0.0924619617223756
998,"s(curr_lastRippleHPC_z):curr_DOWN_no",0.100877434408229,0.000651122341279911,0.292860381079282,0.288872913249231
999,"s(curr_lastRippleHPC_z):curr_DOWN_no",0.034545946606908,0.000132346753722453,0.119991190989,0.0714669589129022
1000,"s(curr_lastRippleHPC_z):curr_DOWN_no",0.000401495990680623,8.61709946367138e-06,0.0277551928382543,0.00818324408179531
1,"s(curr_lastRippleHPC_z):curr_DOWN_yes",0.321300178172647,0.00347261829897312,0.681398370988174,0.301927752562971
2,"s(curr_lastRippleHPC_z):curr_DOWN_yes",0.199278883372897,0.00285236991033487,0.593531576928954,0.451760106664903
3,"s(curr_lastRippleHPC_z):curr_DOWN_yes",0.146678825889837,0.00169471770403838,0.510345910118873,0.150431108941141
4,"s(curr_lastRippleHPC_z):curr_DOWN_yes",0.129323715904075,0.00142129732016578,0.479711776575241,0.141307094490303
5,"s(curr_lastRippleHPC_z):curr_DOWN_yes",0.190831940879399,0.00205003137872863,0.57156875282871,0.168336546564147
6,"s(curr_lastRippleHPC_z):curr_DOWN_yes",0.455287071542859,0.00359118497068383,1.1378622363699,0.319257179536362
7,"s(curr_lastRippleHPC_z):curr_DOWN_yes",0.159313648374316,0.00304919286180697,0.530077153508804,0.687590930698232
8,"s(curr_lastRippleHPC_z):curr_DOWN_yes",0.268236426878962,0.00291007328035628,0.667679848257891,0.196638120980626
9,"s(curr_lastRippleHPC_z):curr_DOWN_yes",0.330785645706815,0.00381662577308109,0.533353078802593,0.714408605668731
10,"s(curr_lastRippleHPC_z):curr_DOWN_yes",0.287962206083097,0.00345073539447075,0.681520024196416,0.67962841238265
11,"s(curr_lastRippleHPC_z):curr_DOWN_yes",0.172159130426186,0.00187544129721814,0.544958435896729,0.164688552672724
12,"s(curr_lastRippleHPC_z):curr_DOWN_yes",0.353921457368928,0.00304409271022957,0.463669111791882,0.358308625991664
13,"s(curr_lastRippleHPC_z):curr_DOWN_yes",0.36370110555691,0.00339277952255636,0.717634651589988,0.259744636829963
14,"s(curr_lastRippleHPC_z):curr_DOWN_yes",0.466504130183246,0.00454752588175826,0.563818264715259,0.391115551625943
15,"s(curr_lastRippleHPC_z):curr_DOWN_yes",0.234878865912318,0.00255261337535818,0.606971656109526,0.179122532929426
16,"s(curr_lastRippleHPC_z):curr_DOWN_yes",0.0652620090419225,0.000737765288877763,0.334954355072874,0.0986467487694515
17,"s(curr_lastRippleHPC_z):curr_DOWN_yes",0.190212643152401,0.00239889874990944,0.569592717703251,0.299179062621178
18,"s(curr_lastRippleHPC_z):curr_DOWN_yes",0.231446959235426,0.00184659091561081,0.337987037012312,0.258931518399637
19,"s(curr_lastRippleHPC_z):curr_DOWN_yes",0.0688212538667976,0.000937094020616786,0.343715865017603,0.117504197462539
20,"s(curr_lastRippleHPC_z):curr_DOWN_yes",0.264384060399879,0.00198439955768173,0.601075999408643,0.20976651842024
21,"s(curr_lastRippleHPC_z):curr_DOWN_yes",0.647197655198973,0.00580159900376319,0.597500633233834,0.321774407445929
22,"s(curr_lastRippleHPC_z):curr_DOWN_yes",0.0585242279443747,0.000716383120882259,0.309174699274523,0.0925751625515722
23,"s(curr_lastRippleHPC_z):curr_DOWN_yes",0.113901257750059,0.00129417422645076,0.449288579933118,0.132362265506914
24,"s(curr_lastRippleHPC_z):curr_DOWN_yes",0.265952013470227,0.00315879754120772,0.661888978372593,0.252678348264872
25,"s(curr_lastRippleHPC_z):curr_DOWN_yes",0.256564722187828,0.0023914092080934,0.62661379425433,0.223653255928131
26,"s(curr_lastRippleHPC_z):curr_DOWN_yes",0.513759444809189,0.00269361253041931,0.850704243610183,0.257595185650633
27,"s(curr_lastRippleHPC_z):curr_DOWN_yes",0.15715369979121,0.000863402016161112,0.472252217004775,0.146099571255197
28,"s(curr_lastRippleHPC_z):curr_DOWN_yes",0.325151203771923,0.00325368845625277,0.353539955828273,0.492892736564514
29,"s(curr_lastRippleHPC_z):curr_DOWN_yes",0.469162544951312,0.0046080430935207,0.821319798079847,0.280143069024293
30,"s(curr_lastRippleHPC_z):curr_DOWN_yes",0.245158703429222,0.00368337886185358,0.661596333770122,0.636520511299108
31,"s(curr_lastRippleHPC_z):curr_DOWN_yes",0.229872283537917,0.00241651926451589,0.612641803362516,0.180461804703062
32,"s(curr_lastRippleHPC_z):curr_DOWN_yes",0.230042046493288,0.00240021053537224,0.601302646355922,0.177089349972861
33,"s(curr_lastRippleHPC_z):curr_DOWN_yes",0.265401872505806,0.00317780675642616,0.68419558052859,0.20827150564242
34,"s(curr_lastRippleHPC_z):curr_DOWN_yes",0.161270607275466,0.00135040039041225,0.340883209936143,0.16599700224177
35,"s(curr_lastRippleHPC_z):curr_DOWN_yes",0.319069235753587,0.00299602126083458,0.593048694386719,0.266533640979343
36,"s(curr_lastRippleHPC_z):curr_DOWN_yes",0.35432673496981,0.00414807992209847,0.767228741440347,0.286305707910913
37,"s(curr_lastRippleHPC_z):curr_DOWN_yes",0.0555663595168374,0.00151619926082101,0.317958387500109,0.440220674193955
38,"s(curr_lastRippleHPC_z):curr_DOWN_yes",0.676126694617846,0.00601602818038457,0.528082417610047,0.212418498424119
39,"s(curr_lastRippleHPC_z):curr_DOWN_yes",0.138312748102112,0.000932362124917862,0.464172583785017,0.158679972994873
40,"s(curr_lastRippleHPC_z):curr_DOWN_yes",0.244810816034252,0.00176628057214723,1.12925767864005,0.414887080803668
41,"s(curr_lastRippleHPC_z):curr_DOWN_yes",0.274910567576837,0.0025336241519509,0.575558356311307,0.219919163943844
42,"s(curr_lastRippleHPC_z):curr_DOWN_yes",0.16123105307366,0.00113083769093879,0.35506728480662,0.12180543364741
43,"s(curr_lastRippleHPC_z):curr_DOWN_yes",0.368194650686267,0.00390704478737675,0.776554821981709,0.228802541941498
44,"s(curr_lastRippleHPC_z):curr_DOWN_yes",0.15838176164879,0.00189619724823669,0.523903672066749,0.208584285679992
45,"s(curr_lastRippleHPC_z):curr_DOWN_yes",0.175484495193477,0.00167434612164396,0.563042511214253,0.201200158888012
46,"s(curr_lastRippleHPC_z):curr_DOWN_yes",0.15695479744365,0.00178971556126502,0.546589318240668,0.160973361036459
47,"s(curr_lastRippleHPC_z):curr_DOWN_yes",0.142657006411898,0.00242777004118968,0.488157911093086,0.52627231731397
48,"s(curr_lastRippleHPC_z):curr_DOWN_yes",0.182466379229752,0.00202562872915732,0.498559377958211,0.206453339060747
49,"s(curr_lastRippleHPC_z):curr_DOWN_yes",0.368720803990941,0.00277665390530633,0.332272966625475,0.159925311682102
50,"s(curr_lastRippleHPC_z):curr_DOWN_yes",0.246151490722233,0.00225393578546377,0.26867401222022,0.136331150112712
51,"s(curr_lastRippleHPC_z):curr_DOWN_yes",0.198188033709582,0.00214808844174084,0.555194208562964,0.16358702064897
52,"s(curr_lastRippleHPC_z):curr_DOWN_yes",0.14656439459907,0.00209697941955248,0.509359342023479,0.309493630438182
53,"s(curr_lastRippleHPC_z):curr_DOWN_yes",0.250272092869054,0.00153700328035262,0.514870442173957,0.409571808426677
54,"s(curr_lastRippleHPC_z):curr_DOWN_yes",0.108300941022359,0.000745565691352964,0.1522683164284,0.0697265274696382
55,"s(curr_lastRippleHPC_z):curr_DOWN_yes",0.0890028482723304,0.00166177237664614,0.323929634396698,0.623101412291209
56,"s(curr_lastRippleHPC_z):curr_DOWN_yes",0.263099926014667,0.00246298235524849,0.690496487274318,0.288643244418352
57,"s(curr_lastRippleHPC_z):curr_DOWN_yes",0.223731714649025,0.0024515441993105,0.614233285190341,0.180916244622838
58,"s(curr_lastRippleHPC_z):curr_DOWN_yes",0.108705898432885,0.00059868819185744,0.406259748544642,0.125933430777446
59,"s(curr_lastRippleHPC_z):curr_DOWN_yes",0.0772016344796471,0.000836242137599209,0.36468996941655,0.109067622338311
60,"s(curr_lastRippleHPC_z):curr_DOWN_yes",0.142494350434125,0.00161527279492857,0.325385592464905,0.284219803877191
61,"s(curr_lastRippleHPC_z):curr_DOWN_yes",0.210953166992867,0.00217894864452032,0.380804811385389,0.260620615909807
62,"s(curr_lastRippleHPC_z):curr_DOWN_yes",0.143391479870558,0.00204332937397648,0.412501928192205,0.609278940784178
63,"s(curr_lastRippleHPC_z):curr_DOWN_yes",0.0530474100196949,0.000540251094125471,0.236684667795376,0.0911380373393176
64,"s(curr_lastRippleHPC_z):curr_DOWN_yes",0.288319087006958,0.0018253865091064,0.492935497280187,0.183532824271524
65,"s(curr_lastRippleHPC_z):curr_DOWN_yes",0.283134149340166,0.00176394858933883,0.481566004334454,0.233378092207205
66,"s(curr_lastRippleHPC_z):curr_DOWN_yes",0.165926746095816,0.00188934392621902,0.507687363666437,0.150299221265113
67,"s(curr_lastRippleHPC_z):curr_DOWN_yes",0.325392658669809,0.00329752817953022,0.285403595123961,0.461764930380925
68,"s(curr_lastRippleHPC_z):curr_DOWN_yes",0.441776209242036,0.00439226607796019,0.780756653731942,0.408786900072026
69,"s(curr_lastRippleHPC_z):curr_DOWN_yes",0.196566624801145,0.00210793760168069,0.574041135142006,0.169149719300951
70,"s(curr_lastRippleHPC_z):curr_DOWN_yes",0.240706024984784,0.00254361148615114,0.636767788534749,0.405423954413716
71,"s(curr_lastRippleHPC_z):curr_DOWN_yes",0.254992646694523,0.00242366696707195,0.633287535736996,0.228191932298973
72,"s(curr_lastRippleHPC_z):curr_DOWN_yes",0.159857984921421,0.0016259163126358,0.51600883819148,0.155186229407278
73,"s(curr_lastRippleHPC_z):curr_DOWN_yes",0.407846730104769,0.00587560697990804,0.808705633023152,0.77838259942094
74,"s(curr_lastRippleHPC_z):curr_DOWN_yes",0.414495439532573,0.00308257193127969,0.391367403197723,0.216930279392203
75,"s(curr_lastRippleHPC_z):curr_DOWN_yes",0.282262381066303,0.00306982507152521,0.670520857065197,0.197484072392744
76,"s(curr_lastRippleHPC_z):curr_DOWN_yes",0.287243481046959,0.00316835606865283,0.676454727873013,0.199414143607227
77,"s(curr_lastRippleHPC_z):curr_DOWN_yes",0.14670495571203,0.00195813004540531,0.495973717755897,0.254885996004727
78,"s(curr_lastRippleHPC_z):curr_DOWN_yes",0.218092011302738,0.00228435444331099,0.60248550414767,0.177438157925977
79,"s(curr_lastRippleHPC_z):curr_DOWN_yes",0.153032177900769,0.00161101390519431,0.499539899683258,0.14717105460426
80,"s(curr_lastRippleHPC_z):curr_DOWN_yes",0.297969990405193,0.00230528860133999,0.55842512456854,0.301703169232499
81,"s(curr_lastRippleHPC_z):curr_DOWN_yes",0.107351081389227,0.00182410786811164,0.302792088718333,0.709450532826127
82,"s(curr_lastRippleHPC_z):curr_DOWN_yes",0.210171390156202,0.0022703450220178,0.594950662298586,0.17522810778621
83,"s(curr_lastRippleHPC_z):curr_DOWN_yes",0.170766604197106,0.00183544301783059,0.522934470426982,0.154058193177925
84,"s(curr_lastRippleHPC_z):curr_DOWN_yes",0.22708340626244,0.00174150585626917,0.218726547887981,0.0923753197881999
85,"s(curr_lastRippleHPC_z):curr_DOWN_yes",0.641696747553739,0.00685580476214449,1.01891049296294,0.300079778951728
86,"s(curr_lastRippleHPC_z):curr_DOWN_yes",0.287420831708557,0.00250543285546181,0.792153155568211,0.307117639759623
87,"s(curr_lastRippleHPC_z):curr_DOWN_yes",0.167463924091844,0.00163462872044432,0.373679372007935,0.219815635450401
88,"s(curr_lastRippleHPC_z):curr_DOWN_yes",0.220493925354655,0.00245261164524395,0.608870854030343,0.182283633589703
89,"s(curr_lastRippleHPC_z):curr_DOWN_yes",0.1456107771535,0.00107046922276944,0.257371051451269,0.156630183510565
90,"s(curr_lastRippleHPC_z):curr_DOWN_yes",0.111688074731898,0.00114819097958252,0.375071829897627,0.246043389680063
91,"s(curr_lastRippleHPC_z):curr_DOWN_yes",0.156261067306065,0.00167009805688525,0.50727026580959,0.149405017720548
92,"s(curr_lastRippleHPC_z):curr_DOWN_yes",0.0962861402910882,0.00081431330105838,0.397414659512936,0.160354263850096
93,"s(curr_lastRippleHPC_z):curr_DOWN_yes",0.110974722894322,0.00117584963808501,0.421835693986697,0.124302717621925
94,"s(curr_lastRippleHPC_z):curr_DOWN_yes",0.129248272938708,0.00118992169722448,0.366298012492551,0.140835777471197
95,"s(curr_lastRippleHPC_z):curr_DOWN_yes",0.047990607807086,0.000582851911162697,0.301724083536884,0.0888602143283625
96,"s(curr_lastRippleHPC_z):curr_DOWN_yes",0.21791661945436,0.00191707463629746,0.321578094253794,0.155347268196567
97,"s(curr_lastRippleHPC_z):curr_DOWN_yes",0.126832834338784,0.0013483712857319,0.457373842755293,0.134764396121424
98,"s(curr_lastRippleHPC_z):curr_DOWN_yes",0.0857000675227475,0.00135465621953619,0.252362078394759,0.533995415440172
99,"s(curr_lastRippleHPC_z):curr_DOWN_yes",0.0962367322172257,0.00108460031723565,0.405354471220455,0.11957583480917
100,"s(curr_lastRippleHPC_z):curr_DOWN_yes",0.140169485108174,0.00130335099997635,0.403761658467597,0.121858284113097
101,"s(curr_lastRippleHPC_z):curr_DOWN_yes",0.111781178397078,0.00101815763178388,0.360703713919731,0.140562371922549
102,"s(curr_lastRippleHPC_z):curr_DOWN_yes",0.227070263138975,0.00128672702045713,0.555417172201442,0.16827987022267
103,"s(curr_lastRippleHPC_z):curr_DOWN_yes",0.215818020833075,0.00241373886749309,0.590530651195538,0.199081511284831
104,"s(curr_lastRippleHPC_z):curr_DOWN_yes",0.146495928795431,0.00159661371527453,0.481851467842001,0.142000211602591
105,"s(curr_lastRippleHPC_z):curr_DOWN_yes",0.316359762617791,0.00174598790376419,0.725622420592787,0.217373415595747
106,"s(curr_lastRippleHPC_z):curr_DOWN_yes",0.0670005815058623,0.00160692149105395,0.334878213462787,0.112402358434891
107,"s(curr_lastRippleHPC_z):curr_DOWN_yes",0.35014164632437,0.00383234789013737,1.37994218139517,0.38509546956525
108,"s(curr_lastRippleHPC_z):curr_DOWN_yes",0.349334855253779,0.003470054794715,0.742324609207021,0.270759421054381
109,"s(curr_lastRippleHPC_z):curr_DOWN_yes",0.281256034895797,0.00308475976347128,0.668592879892287,0.542338258582379
110,"s(curr_lastRippleHPC_z):curr_DOWN_yes",0.261043931361414,0.00161801995740924,0.462717544296251,0.204486591326054
111,"s(curr_lastRippleHPC_z):curr_DOWN_yes",0.0374895948602898,0.000415768481108987,0.244851262901932,0.0721836432448183
112,"s(curr_lastRippleHPC_z):curr_DOWN_yes",0.117363609850773,0.00165279486902356,0.440695333364888,0.134462272491008
113,"s(curr_lastRippleHPC_z):curr_DOWN_yes",0.162259154786856,0.00189305766837681,0.496745580597482,0.17897652138652
114,"s(curr_lastRippleHPC_z):curr_DOWN_yes",0.214630441991403,0.00107525860946757,0.605286855980819,0.180457576551901
115,"s(curr_lastRippleHPC_z):curr_DOWN_yes",0.283700904877847,0.00307894690629209,0.688782884239518,0.203024801612177
116,"s(curr_lastRippleHPC_z):curr_DOWN_yes",0.122307253938339,0.00132200379309139,0.451150834400749,0.134315015500499
117,"s(curr_lastRippleHPC_z):curr_DOWN_yes",0.096249179029626,0.00105590422675052,0.412950238895538,0.121618212000402
118,"s(curr_lastRippleHPC_z):curr_DOWN_yes",0.143852500227944,0.00151335112022163,0.493329070153459,0.145383422960474
119,"s(curr_lastRippleHPC_z):curr_DOWN_yes",0.122748757931869,0.000767887409980374,0.287778425526615,0.15538440928517
120,"s(curr_lastRippleHPC_z):curr_DOWN_yes",0.213563328692687,0.0028988093114652,0.460472107176176,0.665459665659891
121,"s(curr_lastRippleHPC_z):curr_DOWN_yes",0.23686388933716,0.00227533176205089,0.526856692637844,0.390317125553007
122,"s(curr_lastRippleHPC_z):curr_DOWN_yes",0.396525850779804,0.000839161091637979,0.823625960483082,0.242838941905702
123,"s(curr_lastRippleHPC_z):curr_DOWN_yes",0.124330812665002,0.00130877408728353,0.442974246920921,0.198361629659842
124,"s(curr_lastRippleHPC_z):curr_DOWN_yes",0.368252965323224,0.00349853588177278,0.609127827206939,0.221781711668911
125,"s(curr_lastRippleHPC_z):curr_DOWN_yes",0.232223535712538,0.00196328043742838,0.418833260913637,0.185050676002282
126,"s(curr_lastRippleHPC_z):curr_DOWN_yes",0.391745433905515,0.00558388071118626,0.796929330641439,0.243850722293254
127,"s(curr_lastRippleHPC_z):curr_DOWN_yes",0.271695225224859,0.0029179294218567,0.683023009867172,0.201339898260456
128,"s(curr_lastRippleHPC_z):curr_DOWN_yes",0.419759252961204,0.00496101998078428,0.727309771380664,0.835799814101707
129,"s(curr_lastRippleHPC_z):curr_DOWN_yes",0.11256239649076,0.00153889926100118,0.419797492114722,0.240484106472474
130,"s(curr_lastRippleHPC_z):curr_DOWN_yes",0.367050696405257,0.00324916959678177,0.659561256783873,0.261404208515537
131,"s(curr_lastRippleHPC_z):curr_DOWN_yes",0.11757582203094,0.000655285781480487,0.423830104015822,0.128936051035996
132,"s(curr_lastRippleHPC_z):curr_DOWN_yes",0.197073803787414,0.00218418187907969,0.575150984570405,0.169386627452079
133,"s(curr_lastRippleHPC_z):curr_DOWN_yes",0.442764990872127,0.0049497467776139,0.644854423509084,0.648447822134288
134,"s(curr_lastRippleHPC_z):curr_DOWN_yes",0.13996278646271,0.00155842797689824,0.460899128487432,0.169838171604365
135,"s(curr_lastRippleHPC_z):curr_DOWN_yes",0.363795271548513,0.00414124978159585,0.789120906814834,0.504750708396288
136,"s(curr_lastRippleHPC_z):curr_DOWN_yes",0.225850188599827,0.00234469585038317,0.583244311028719,0.284387794231949
137,"s(curr_lastRippleHPC_z):curr_DOWN_yes",0.306341532044562,0.00394949520731443,0.642040100981283,0.634709456708791
138,"s(curr_lastRippleHPC_z):curr_DOWN_yes",0.162206060958961,0.0027199656187387,0.440068281862151,0.795861414737059
139,"s(curr_lastRippleHPC_z):curr_DOWN_yes",0.243085604070375,0.00282628010410999,1.02860801428732,0.647556376652537
140,"s(curr_lastRippleHPC_z):curr_DOWN_yes",0.182168742777424,0.00177982678038666,0.670228865631193,0.272138417461885
141,"s(curr_lastRippleHPC_z):curr_DOWN_yes",0.410537702807327,0.00434775646298605,0.865557671769104,0.2550075369569
142,"s(curr_lastRippleHPC_z):curr_DOWN_yes",0.100291485193943,0.00110984368028446,0.405875552795056,0.119779935231621
143,"s(curr_lastRippleHPC_z):curr_DOWN_yes",0.398668794379268,0.0045602593096295,0.833692406186128,0.291861769133867
144,"s(curr_lastRippleHPC_z):curr_DOWN_yes",0.27756006435443,0.00225489413154443,0.389858796659303,0.175124788159446
145,"s(curr_lastRippleHPC_z):curr_DOWN_yes",0.22802605990069,0.00294464493409436,0.634919385120413,0.192817711718705
146,"s(curr_lastRippleHPC_z):curr_DOWN_yes",0.180680102011229,0.00111416001919172,0.463431300724514,0.161749631823188
147,"s(curr_lastRippleHPC_z):curr_DOWN_yes",0.188545552192831,0.00204832429466222,0.568529114384254,0.16748240058467
148,"s(curr_lastRippleHPC_z):curr_DOWN_yes",0.127510130128476,0.00213279568841782,0.468218828457626,0.470371455744887
149,"s(curr_lastRippleHPC_z):curr_DOWN_yes",0.158146733583682,0.0017121941237433,0.517123298714844,0.15230228944227
150,"s(curr_lastRippleHPC_z):curr_DOWN_yes",0.277903438118234,0.00173835920905186,0.53361264275935,0.222170951961131
151,"s(curr_lastRippleHPC_z):curr_DOWN_yes",0.177786527002899,0.00305164327991914,0.533251386871868,0.688525515749934
152,"s(curr_lastRippleHPC_z):curr_DOWN_yes",0.162041458021328,0.00178378995765562,0.521287674645975,0.156043490926778
153,"s(curr_lastRippleHPC_z):curr_DOWN_yes",0.324019422025273,0.00246669434800782,0.70920177456161,0.212713974870857
154,"s(curr_lastRippleHPC_z):curr_DOWN_yes",0.0541622433329145,0.00147208383590556,0.301593554987517,0.453897100106138
155,"s(curr_lastRippleHPC_z):curr_DOWN_yes",0.525614649445326,0.00405597187852144,0.589560153899724,0.235812034628954
156,"s(curr_lastRippleHPC_z):curr_DOWN_yes",0.106113643599827,0.0011300960683304,0.429270644243754,0.126481250687399
157,"s(curr_lastRippleHPC_z):curr_DOWN_yes",0.0473766362471233,0.000660515864899837,0.268056077911291,0.177670662657127
158,"s(curr_lastRippleHPC_z):curr_DOWN_yes",0.407422292198854,0.00432595158997855,0.558111745100657,0.643592390187319
159,"s(curr_lastRippleHPC_z):curr_DOWN_yes",0.129849898372564,0.00123105523149273,0.166548507458735,0.112846361475311
160,"s(curr_lastRippleHPC_z):curr_DOWN_yes",0.159797701804953,0.00189948557360008,0.515926349370237,0.185317178306716
161,"s(curr_lastRippleHPC_z):curr_DOWN_yes",0.348062922258545,0.00313778047701499,0.638914159222214,0.295694005792063
162,"s(curr_lastRippleHPC_z):curr_DOWN_yes",0.249194295463064,0.00189531752249415,0.44470455720991,0.186905980986095
163,"s(curr_lastRippleHPC_z):curr_DOWN_yes",0.37722287905816,0.00407274002836674,0.77848053904493,0.229278479980236
164,"s(curr_lastRippleHPC_z):curr_DOWN_yes",0.142718317734877,0.00156838136374006,0.498608096877372,0.146865521231012
165,"s(curr_lastRippleHPC_z):curr_DOWN_yes",0.259074057666149,0.00278001826471862,0.642221360647018,0.191777055329927
166,"s(curr_lastRippleHPC_z):curr_DOWN_yes",0.183079609758839,0.000901829664526563,0.474308180011039,0.15483612853537
167,"s(curr_lastRippleHPC_z):curr_DOWN_yes",0.0981541311493288,0.00175897845235516,0.416780804032653,0.429104216509145
168,"s(curr_lastRippleHPC_z):curr_DOWN_yes",0.197834943247866,0.00221015783138361,0.59111336828175,0.174258255594583
169,"s(curr_lastRippleHPC_z):curr_DOWN_yes",0.215035602374924,0.00308969886292344,0.557502213405263,0.716833247192557
170,"s(curr_lastRippleHPC_z):curr_DOWN_yes",0.118365886390018,0.00196146609389628,0.398841789265758,0.568686611134838
171,"s(curr_lastRippleHPC_z):curr_DOWN_yes",0.393094283703534,0.00408240959166548,0.259240304237328,0.722887980159214
172,"s(curr_lastRippleHPC_z):curr_DOWN_yes",0.303774288588586,0.00274433739209712,0.52969189374982,0.257632528930446
173,"s(curr_lastRippleHPC_z):curr_DOWN_yes",0.0826683449494841,0.000626792254159197,0.290506861151409,0.101713374299959
174,"s(curr_lastRippleHPC_z):curr_DOWN_yes",0.152666228515225,0.00173819058694185,0.490165202478246,0.14729180724187
175,"s(curr_lastRippleHPC_z):curr_DOWN_yes",0.142971727833338,0.00155471529082499,0.490279548676404,0.146748889353543
176,"s(curr_lastRippleHPC_z):curr_DOWN_yes",0.178951295937727,0.000573557674869462,0.538581454632364,0.159464643509399
177,"s(curr_lastRippleHPC_z):curr_DOWN_yes",0.209246956349059,0.00159204914447384,0.423618714837248,0.249101482334138
178,"s(curr_lastRippleHPC_z):curr_DOWN_yes",0.105550728673879,0.00205753732728472,0.421206577985255,0.506662724272427
179,"s(curr_lastRippleHPC_z):curr_DOWN_yes",0.195018044645531,0.0010230625974021,0.447825291478624,0.221462176635775
180,"s(curr_lastRippleHPC_z):curr_DOWN_yes",0.18903702674269,0.00187972235336676,0.537986359054436,0.168916012825023
181,"s(curr_lastRippleHPC_z):curr_DOWN_yes",0.226672411476903,0.00123331820406809,0.533206079006569,0.177212730410454
182,"s(curr_lastRippleHPC_z):curr_DOWN_yes",0.0493907292393638,0.000580139190317352,0.310128039542226,0.0913432543233559
183,"s(curr_lastRippleHPC_z):curr_DOWN_yes",0.418485822813632,0.00377908165604126,0.634145061491727,0.368438797935511
184,"s(curr_lastRippleHPC_z):curr_DOWN_yes",0.31145345733169,0.00205038891849585,0.676518619051132,0.202022227786622
185,"s(curr_lastRippleHPC_z):curr_DOWN_yes",0.315568089298544,0.00366830315236394,0.727999927644833,0.231399578104797
186,"s(curr_lastRippleHPC_z):curr_DOWN_yes",0.193801658792442,0.00170535740986746,0.557405473638545,0.204976398668971
187,"s(curr_lastRippleHPC_z):curr_DOWN_yes",0.201328996038938,0.00164036152481429,0.527024644186014,0.364698128979638
188,"s(curr_lastRippleHPC_z):curr_DOWN_yes",0.163716540980387,0.00182102328212873,0.550053327728458,0.161986819722009
189,"s(curr_lastRippleHPC_z):curr_DOWN_yes",0.226614210673223,0.00238317655188287,0.592641657696483,0.174582737125001
190,"s(curr_lastRippleHPC_z):curr_DOWN_yes",0.422212530663366,0.00373196231461466,0.873734257721201,0.421628538841905
191,"s(curr_lastRippleHPC_z):curr_DOWN_yes",0.0136605383377395,0.0001507577409344,0.15579826959226,0.0458857141999286
192,"s(curr_lastRippleHPC_z):curr_DOWN_yes",0.481079495654548,0.00324240207940607,0.748285600180881,0.241954764017443
193,"s(curr_lastRippleHPC_z):curr_DOWN_yes",0.134933352335207,0.0014848632821014,0.49303388962749,0.145228962781647
194,"s(curr_lastRippleHPC_z):curr_DOWN_yes",0.181105555457247,0.00173921445738116,0.510042721068299,0.204311769920971
195,"s(curr_lastRippleHPC_z):curr_DOWN_yes",0.115685945105177,0.00124575407128643,0.450641961611,0.132834558416016
196,"s(curr_lastRippleHPC_z):curr_DOWN_yes",0.232191941002399,0.00267358378842398,0.413684778916555,0.637602375584154
197,"s(curr_lastRippleHPC_z):curr_DOWN_yes",0.177341889803665,0.00185523340437215,0.525014666996869,0.154868579427593
198,"s(curr_lastRippleHPC_z):curr_DOWN_yes",0.135217107892854,0.0012001220131529,0.343388813509876,0.132509812408652
199,"s(curr_lastRippleHPC_z):curr_DOWN_yes",0.252179779325353,0.00172412049893617,0.409856751076206,0.179391171875075
200,"s(curr_lastRippleHPC_z):curr_DOWN_yes",0.296271260374919,0.00101131945909204,0.686161405332814,0.203766100023634
201,"s(curr_lastRippleHPC_z):curr_DOWN_yes",0.45414184198327,0.0030756332167582,0.719363416847902,0.231068136191001
202,"s(curr_lastRippleHPC_z):curr_DOWN_yes",0.233668562851634,0.00204986661306103,0.278373939034615,0.137230250873634
203,"s(curr_lastRippleHPC_z):curr_DOWN_yes",0.27178999301908,0.00259466356043451,0.67701027736274,0.338358082191209
204,"s(curr_lastRippleHPC_z):curr_DOWN_yes",0.244339034303505,0.0029624750235861,0.631999106242545,0.259857420493191
205,"s(curr_lastRippleHPC_z):curr_DOWN_yes",0.460330258619932,0.00407931479724349,0.725208956433143,0.302193290087523
206,"s(curr_lastRippleHPC_z):curr_DOWN_yes",0.0641376083414249,0.000723436551441557,0.328869884716551,0.0968646363813729
207,"s(curr_lastRippleHPC_z):curr_DOWN_yes",0.0647598596424048,0.000254510045842434,0.315249304008688,0.0947361457121178
208,"s(curr_lastRippleHPC_z):curr_DOWN_yes",0.27244447557444,0.00241861869378717,0.540757691271876,0.220162266757419
209,"s(curr_lastRippleHPC_z):curr_DOWN_yes",0.231968859255513,0.000457156778907635,0.592554277447048,0.17541294844209
210,"s(curr_lastRippleHPC_z):curr_DOWN_yes",0.397375381449613,0.00428764081506163,0.815917872747217,0.240295061278914
211,"s(curr_lastRippleHPC_z):curr_DOWN_yes",0.350456556282694,0.00345557584884755,0.63825940164445,0.221236472574587
212,"s(curr_lastRippleHPC_z):curr_DOWN_yes",0.131321685508241,0.00183258685573214,0.429910095641318,0.559557183075641
213,"s(curr_lastRippleHPC_z):curr_DOWN_yes",0.194964827932732,0.00209231242002606,0.577908803861233,0.170269392612437
214,"s(curr_lastRippleHPC_z):curr_DOWN_yes",0.205344582664758,0.00232904883683884,0.550279746203541,0.287225225271373
215,"s(curr_lastRippleHPC_z):curr_DOWN_yes",0.365248284302701,0.00391506814530383,0.757692776313327,0.223157207194735
216,"s(curr_lastRippleHPC_z):curr_DOWN_yes",0.254667870506635,0.00273861662542725,0.775205538889014,0.26992545878481
217,"s(curr_lastRippleHPC_z):curr_DOWN_yes",0.210965454813715,0.00250393568559099,0.556968204390628,0.329539591149698
218,"s(curr_lastRippleHPC_z):curr_DOWN_yes",0.363741106077578,0.00392756638404626,0.779219726182505,0.22964178230213
219,"s(curr_lastRippleHPC_z):curr_DOWN_yes",0.228672837109503,0.0024861244915314,0.606479895488269,0.178766858661548
220,"s(curr_lastRippleHPC_z):curr_DOWN_yes",0.151961733877193,0.00168075411707147,0.504203410199926,0.148505500956934
221,"s(curr_lastRippleHPC_z):curr_DOWN_yes",0.136758204304596,0.00165945471561864,0.467354214381256,0.184920747800359
222,"s(curr_lastRippleHPC_z):curr_DOWN_yes",0.101083257289817,0.00066563457049346,0.331244447870903,0.139719991430597
223,"s(curr_lastRippleHPC_z):curr_DOWN_yes",0.249921902732932,0.00272388836322012,0.61986081410508,0.182738475961419
224,"s(curr_lastRippleHPC_z):curr_DOWN_yes",0.108252305150743,0.00114211099697396,0.414218903742118,0.121917401898856
225,"s(curr_lastRippleHPC_z):curr_DOWN_yes",0.11767370719466,0.00129551001805238,0.452393723649034,0.13323984731889
226,"s(curr_lastRippleHPC_z):curr_DOWN_yes",0.246307970438934,0.00274769916140849,0.641931106231683,0.189369917347627
227,"s(curr_lastRippleHPC_z):curr_DOWN_yes",0.242080905250364,0.0024121164910407,0.551294804410064,0.309306225623246
228,"s(curr_lastRippleHPC_z):curr_DOWN_yes",0.193735472174043,0.00169689067548216,0.644739804835766,0.181653094884497
229,"s(curr_lastRippleHPC_z):curr_DOWN_yes",0.356717398881752,0.00387499063457687,0.807157586101456,0.237807714410169
230,"s(curr_lastRippleHPC_z):curr_DOWN_yes",0.243569709827971,0.00218257539341547,0.527741185242944,0.211343887980747
231,"s(curr_lastRippleHPC_z):curr_DOWN_yes",0.210240955184466,0.00227196850225093,0.600190184680601,0.176760529213195
232,"s(curr_lastRippleHPC_z):curr_DOWN_yes",0.109687162669577,0.00149393280758302,0.448704209986553,0.198142707928417
233,"s(curr_lastRippleHPC_z):curr_DOWN_yes",0.307533334595986,0.00380950223925837,0.694717468212715,0.351919985432405
234,"s(curr_lastRippleHPC_z):curr_DOWN_yes",0.293757990773153,0.00246032758589249,0.519549671953132,0.291810117896342
235,"s(curr_lastRippleHPC_z):curr_DOWN_yes",0.088555083909208,0.000974848778250299,0.376697928821187,0.110984638951723
236,"s(curr_lastRippleHPC_z):curr_DOWN_yes",0.376046773096458,0.00410804949014881,0.785055243655731,0.231205244833679
237,"s(curr_lastRippleHPC_z):curr_DOWN_yes",0.236570797321689,0.00368576891903489,0.61576572358486,0.627211626376111
238,"s(curr_lastRippleHPC_z):curr_DOWN_yes",0.274918438627861,0.00373656242234349,0.685437911647947,0.426476650245263
239,"s(curr_lastRippleHPC_z):curr_DOWN_yes",0.229508643549468,0.00336415975270846,0.607551117163252,0.500206565152251
240,"s(curr_lastRippleHPC_z):curr_DOWN_yes",0.118961671201212,0.00125728343531608,0.430511479943883,0.126872537226084
241,"s(curr_lastRippleHPC_z):curr_DOWN_yes",0.252386152403461,0.00271152855017457,0.637004621052833,0.187844200678065
242,"s(curr_lastRippleHPC_z):curr_DOWN_yes",0.0725073696780303,0.000441157403481969,0.26295226349837,0.0899022303462418
243,"s(curr_lastRippleHPC_z):curr_DOWN_yes",0.240407004167352,0.00203682908805689,0.412891287982022,0.227774043683632
244,"s(curr_lastRippleHPC_z):curr_DOWN_yes",0.151554510446862,0.00117986481213543,0.51371733773698,0.154742875330006
245,"s(curr_lastRippleHPC_z):curr_DOWN_yes",0.413904295456974,0.00355593796936784,0.983907474151931,0.515311728582825
246,"s(curr_lastRippleHPC_z):curr_DOWN_yes",0.428323256720134,0.00411471093766196,0.824437885393622,0.24520278510998
247,"s(curr_lastRippleHPC_z):curr_DOWN_yes",0.139946531126702,0.00166715309848101,0.490787128804408,0.164787315424546
248,"s(curr_lastRippleHPC_z):curr_DOWN_yes",0.118107595365619,0.00161045958477376,0.338755675846607,0.416196090768943
249,"s(curr_lastRippleHPC_z):curr_DOWN_yes",0.120137136364093,0.00238638886895824,0.625767732679368,0.184302764793446
250,"s(curr_lastRippleHPC_z):curr_DOWN_yes",0.15781241801687,0.00192982468967304,0.49627744612067,0.167866261973246
251,"s(curr_lastRippleHPC_z):curr_DOWN_yes",0.327130806353504,0.00307703857993979,0.498351396250158,0.169689732756387
252,"s(curr_lastRippleHPC_z):curr_DOWN_yes",0.228969268754668,0.00258088300777785,0.661834054550731,0.441540854885018
253,"s(curr_lastRippleHPC_z):curr_DOWN_yes",0.165162851260783,0.00116258769581194,0.644449996292968,0.491093943656772
254,"s(curr_lastRippleHPC_z):curr_DOWN_yes",0.235016157948428,0.00262911459540187,0.652389912811427,0.19213966307607
255,"s(curr_lastRippleHPC_z):curr_DOWN_yes",0.202147339456778,0.00224427809692875,0.610293407879484,0.179736076878336
256,"s(curr_lastRippleHPC_z):curr_DOWN_yes",0.109980474544304,0.0011887380714651,0.424084592866686,0.124991969787453
257,"s(curr_lastRippleHPC_z):curr_DOWN_yes",0.28716425076344,0.0024959548522658,0.482402443685819,0.249267952453517
258,"s(curr_lastRippleHPC_z):curr_DOWN_yes",0.182355041806241,0.00198725131687498,0.552009903118373,0.162579158333124
259,"s(curr_lastRippleHPC_z):curr_DOWN_yes",0.14088978376002,0.00162081435499478,0.499653267523936,0.14715253344795
260,"s(curr_lastRippleHPC_z):curr_DOWN_yes",0.397103406160535,0.00351181561193186,0.711170339738495,0.2724881276282
261,"s(curr_lastRippleHPC_z):curr_DOWN_yes",0.386352072612237,0.00391248956113819,0.719482572156706,0.357371219748043
262,"s(curr_lastRippleHPC_z):curr_DOWN_yes",0.097243452354288,0.00169665820493352,0.348653323284272,0.483261527703525
263,"s(curr_lastRippleHPC_z):curr_DOWN_yes",0.196404434908212,0.0017581283648795,0.511696376564026,0.22278815979713
264,"s(curr_lastRippleHPC_z):curr_DOWN_yes",0.185180718387213,0.00320762148839192,0.554630883624329,0.647362697163312
265,"s(curr_lastRippleHPC_z):curr_DOWN_yes",0.0660407232598743,0.00102109608935481,0.326063618194973,0.201509645058195
266,"s(curr_lastRippleHPC_z):curr_DOWN_yes",0.175687413052424,0.000936561037338536,0.658124166097173,0.230840588195975
267,"s(curr_lastRippleHPC_z):curr_DOWN_yes",0.256155232782256,0.00121420895726625,0.675532508473502,0.203058812901669
268,"s(curr_lastRippleHPC_z):curr_DOWN_yes",0.127539338743148,0.00136720605711832,0.450694294341759,0.132736180291243
269,"s(curr_lastRippleHPC_z):curr_DOWN_yes",0.305537311468115,0.00326892536792956,0.737449590304767,0.217331106548448
270,"s(curr_lastRippleHPC_z):curr_DOWN_yes",0.290320267761186,0.00345519750437709,0.71710836631062,0.306428170885884
271,"s(curr_lastRippleHPC_z):curr_DOWN_yes",0.19245007749515,0.00252934355538271,0.57910150632,0.231954855984272
272,"s(curr_lastRippleHPC_z):curr_DOWN_yes",0.143542879482148,0.00240056740523602,0.507972675954152,0.467195400510334
273,"s(curr_lastRippleHPC_z):curr_DOWN_yes",0.162353887790365,0.000920552752176904,0.382903850914628,0.18703706093439
274,"s(curr_lastRippleHPC_z):curr_DOWN_yes",0.325497643637285,0.00320368147917926,0.691693724010144,0.486210507122064
275,"s(curr_lastRippleHPC_z):curr_DOWN_yes",0.0616826111258346,0.00087988010577464,0.319892749637027,0.278266156495209
276,"s(curr_lastRippleHPC_z):curr_DOWN_yes",0.371507597873309,0.00433313633712738,0.785397994835648,0.310256398768356
277,"s(curr_lastRippleHPC_z):curr_DOWN_yes",0.446929768543093,0.00472778816729292,0.872913175011162,0.257113580534306
278,"s(curr_lastRippleHPC_z):curr_DOWN_yes",0.437703219318752,0.00238032845816081,0.799302028220392,0.241153211249412
279,"s(curr_lastRippleHPC_z):curr_DOWN_yes",0.150043723937435,0.00190805361079902,0.528151454571296,0.220233435021806
280,"s(curr_lastRippleHPC_z):curr_DOWN_yes",0.165201136414066,0.00183143335867847,0.548833573057984,0.161657148423779
281,"s(curr_lastRippleHPC_z):curr_DOWN_yes",0.174979075030662,0.00194022773774559,0.569641083300398,0.16776469291385
282,"s(curr_lastRippleHPC_z):curr_DOWN_yes",0.183042797297417,0.00204356666757551,0.535800718000095,0.157875082813313
283,"s(curr_lastRippleHPC_z):curr_DOWN_yes",0.31136759277825,0.00280399090451458,0.755866990507839,0.287436688051626
284,"s(curr_lastRippleHPC_z):curr_DOWN_yes",0.131446233206606,0.00167207037379501,0.466446682762548,0.210353525328484
285,"s(curr_lastRippleHPC_z):curr_DOWN_yes",0.202409151096981,0.00316729208462393,0.558487531014041,0.839504780653811
286,"s(curr_lastRippleHPC_z):curr_DOWN_yes",0.265246186981615,0.0029471572848653,0.567004984551545,0.47350745609415
287,"s(curr_lastRippleHPC_z):curr_DOWN_yes",0.192691689432992,0.0020793715789816,0.57978333151578,0.170783790951826
288,"s(curr_lastRippleHPC_z):curr_DOWN_yes",0.382341913665122,0.00418785062501169,0.782104774162595,0.235508049093375
289,"s(curr_lastRippleHPC_z):curr_DOWN_yes",0.196352401917098,0.00289384686646428,0.592210597367879,0.450390885483799
290,"s(curr_lastRippleHPC_z):curr_DOWN_yes",0.368301984442716,0.00276789729030443,0.488100153917302,0.415564374166482
291,"s(curr_lastRippleHPC_z):curr_DOWN_yes",0.12550975133144,0.00115804865556942,0.384452532947662,0.145696738299728
292,"s(curr_lastRippleHPC_z):curr_DOWN_yes",0.0750600089081219,0.00046575004477974,0.310217605518929,0.105032941895166
293,"s(curr_lastRippleHPC_z):curr_DOWN_yes",0.391593208461658,0.00307616928492708,1.6108586745726,0.500162187778455
294,"s(curr_lastRippleHPC_z):curr_DOWN_yes",0.0533500746522373,0.000319591923440986,0.233893677265965,0.0879869930658638
295,"s(curr_lastRippleHPC_z):curr_DOWN_yes",0.238014221858331,0.00361244940993974,0.259492656066452,0.899502829400821
296,"s(curr_lastRippleHPC_z):curr_DOWN_yes",0.395752418539292,0.00428504559028741,0.819419931165245,0.241395362679674
297,"s(curr_lastRippleHPC_z):curr_DOWN_yes",0.23689814206012,0.00266128269478375,0.637315382045974,0.221277846928044
298,"s(curr_lastRippleHPC_z):curr_DOWN_yes",0.22893860949974,0.00180336663792306,0.424259561397437,0.153699636058277
299,"s(curr_lastRippleHPC_z):curr_DOWN_yes",0.127042574666843,0.00136807963900396,0.46822089287636,0.137969402332293
300,"s(curr_lastRippleHPC_z):curr_DOWN_yes",0.125614112127173,0.00139314832244924,0.453032254560566,0.133469345079355
301,"s(curr_lastRippleHPC_z):curr_DOWN_yes",0.0074506216910919,0.0012208377563702,0.116917034560692,0.599742493129288
302,"s(curr_lastRippleHPC_z):curr_DOWN_yes",0.395588654689369,0.00525931375456738,0.34648041973088,0.970956347684221
303,"s(curr_lastRippleHPC_z):curr_DOWN_yes",0.16220658308806,0.00266679223024123,0.182049253912483,0.757525197841171
304,"s(curr_lastRippleHPC_z):curr_DOWN_yes",0.466839203555103,0.00439549115775101,0.531838195685165,0.184352618838527
305,"s(curr_lastRippleHPC_z):curr_DOWN_yes",0.198891266619916,0.00253026999694178,0.538545647561649,0.335316873807112
306,"s(curr_lastRippleHPC_z):curr_DOWN_yes",0.248098844336876,0.00207196213195229,0.623515276310223,0.270446973610774
307,"s(curr_lastRippleHPC_z):curr_DOWN_yes",0.103370249122817,0.000728215368123273,0.260961081933888,0.0769850354924387
308,"s(curr_lastRippleHPC_z):curr_DOWN_yes",0.297679024602909,0.00244025371331489,0.425710322579329,0.162171231980398
309,"s(curr_lastRippleHPC_z):curr_DOWN_yes",0.161126363511246,0.00133371590989956,0.42716804438162,0.149804369875082
310,"s(curr_lastRippleHPC_z):curr_DOWN_yes",0.358429521477674,0.00387356036498297,0.775271515280217,0.228326126620068
311,"s(curr_lastRippleHPC_z):curr_DOWN_yes",0.326436493984601,0.00297137613105376,0.325176231999632,0.180258380482241
312,"s(curr_lastRippleHPC_z):curr_DOWN_yes",0.273074246420611,0.00245201142567099,0.569443318768011,0.180254225417802
313,"s(curr_lastRippleHPC_z):curr_DOWN_yes",0.335276996886765,0.00306641212918627,0.522316857625271,0.228418369864314
314,"s(curr_lastRippleHPC_z):curr_DOWN_yes",0.162928242492694,0.000696088160275777,0.44748478394281,0.18391775107999
315,"s(curr_lastRippleHPC_z):curr_DOWN_yes",0.107491200954,0.0014266937476614,0.422517901032448,0.126556950565592
316,"s(curr_lastRippleHPC_z):curr_DOWN_yes",0.228608756199757,0.00209309578824816,0.766122943715129,0.305375508495267
317,"s(curr_lastRippleHPC_z):curr_DOWN_yes",0.12115549666512,0.000614301822840267,0.410660727160191,0.130566351974216
318,"s(curr_lastRippleHPC_z):curr_DOWN_yes",0.0858234308895032,0.00204153753247467,0.255848976024674,0.799467174061376
319,"s(curr_lastRippleHPC_z):curr_DOWN_yes",0.090088963025563,0.000987615449691472,0.395068794689851,0.116371879725976
320,"s(curr_lastRippleHPC_z):curr_DOWN_yes",0.198855240631986,0.00238077492057231,0.551670430224561,0.224362904233797
321,"s(curr_lastRippleHPC_z):curr_DOWN_yes",0.287704682325837,0.00224495887938329,0.650220301580685,0.232572355920463
322,"s(curr_lastRippleHPC_z):curr_DOWN_yes",0.224906840301559,0.00187758897318017,0.395067488699008,0.183668386513553
323,"s(curr_lastRippleHPC_z):curr_DOWN_yes",0.411389128551429,0.00431624616013293,0.787573759819082,0.264460585430919
324,"s(curr_lastRippleHPC_z):curr_DOWN_yes",0.194467172735617,0.00118049566868484,0.287434290293904,0.0959185632014223
325,"s(curr_lastRippleHPC_z):curr_DOWN_yes",0.1908206974386,0.00227149702895088,0.57590191458428,0.19830591689281
326,"s(curr_lastRippleHPC_z):curr_DOWN_yes",0.242238034810156,0.0020841843417541,0.594085280485799,0.189888757323877
327,"s(curr_lastRippleHPC_z):curr_DOWN_yes",0.194524196020483,0.00121787156827756,0.577083355607879,0.2595232274692
328,"s(curr_lastRippleHPC_z):curr_DOWN_yes",0.0851493351636599,0.000934978242528986,0.371631731726203,0.109553225566037
329,"s(curr_lastRippleHPC_z):curr_DOWN_yes",0.117345789359523,0.00214936300040824,0.537323873967394,0.18193931939632
330,"s(curr_lastRippleHPC_z):curr_DOWN_yes",0.117976425100053,0.00127423781950938,0.445534576710812,0.131217123007614
331,"s(curr_lastRippleHPC_z):curr_DOWN_yes",0.139218022544637,0.000825407084863373,0.153427965968855,0.114597695044692
332,"s(curr_lastRippleHPC_z):curr_DOWN_yes",0.108944811728125,0.00153434634675149,0.428840036106463,0.236512588780282
333,"s(curr_lastRippleHPC_z):curr_DOWN_yes",0.337520309498284,0.00379695833966589,0.747100997643099,0.274670563829902
334,"s(curr_lastRippleHPC_z):curr_DOWN_yes",0.410962279882083,0.00331457889072118,0.547894475016096,0.193746392984036
335,"s(curr_lastRippleHPC_z):curr_DOWN_yes",0.273677188739382,0.00295848889534499,0.686948862579312,0.202340235817854
336,"s(curr_lastRippleHPC_z):curr_DOWN_yes",0.162423545123195,0.000928324804626252,0.451680318371436,0.143737476000271
337,"s(curr_lastRippleHPC_z):curr_DOWN_yes",0.224511499484739,0.00215667301356772,0.494806717753815,0.155440154969075
338,"s(curr_lastRippleHPC_z):curr_DOWN_yes",0.264284597416821,0.00285019777971905,0.654660854509463,0.192857728270586
339,"s(curr_lastRippleHPC_z):curr_DOWN_yes",0.164534262186232,0.00186003474983143,0.252511454053245,0.37948272067426
340,"s(curr_lastRippleHPC_z):curr_DOWN_yes",0.240906062871923,0.001819934652526,0.635416107581984,0.195396905804539
341,"s(curr_lastRippleHPC_z):curr_DOWN_yes",0.224655353646358,0.00125838389095798,0.473993423976952,0.202811608925057
342,"s(curr_lastRippleHPC_z):curr_DOWN_yes",0.499371631648241,0.00409532733014304,0.808372892062369,0.393379322447567
343,"s(curr_lastRippleHPC_z):curr_DOWN_yes",0.221002379774505,0.00186595060629848,0.370618171590348,0.122871692662167
344,"s(curr_lastRippleHPC_z):curr_DOWN_yes",0.169083300978086,0.00215636375600988,0.315724557680955,0.510390934010454
345,"s(curr_lastRippleHPC_z):curr_DOWN_yes",0.340092133269468,0.00283102144554331,0.705364517370895,0.21768661638877
346,"s(curr_lastRippleHPC_z):curr_DOWN_yes",0.312497630934108,0.00286840344580946,0.449033719565191,0.260379958473708
347,"s(curr_lastRippleHPC_z):curr_DOWN_yes",0.306728369076549,0.00300758095883345,0.624397804239714,0.231691726880046
348,"s(curr_lastRippleHPC_z):curr_DOWN_yes",0.181174219025356,0.00161318501232629,0.45594457994826,0.189670219558901
349,"s(curr_lastRippleHPC_z):curr_DOWN_yes",0.432960507130895,0.00100498874689671,0.821882445194348,0.244903940396617
350,"s(curr_lastRippleHPC_z):curr_DOWN_yes",0.286222849675692,0.00231393084544223,0.45784958279738,0.216013909868294
351,"s(curr_lastRippleHPC_z):curr_DOWN_yes",0.119373829027571,0.000533655107652264,0.32862383855612,0.205141389923689
352,"s(curr_lastRippleHPC_z):curr_DOWN_yes",0.0921050271276433,0.00235002451538045,0.39071104572971,0.692231067884334
353,"s(curr_lastRippleHPC_z):curr_DOWN_yes",0.106366530482826,0.00119887210803502,0.433063892018748,0.127555897246233
354,"s(curr_lastRippleHPC_z):curr_DOWN_yes",0.141953719766949,0.000830980188885599,0.445008468736039,0.15060295553405
355,"s(curr_lastRippleHPC_z):curr_DOWN_yes",0.122608217512228,0.000636962169739486,0.210829705511256,0.0798352545736757
356,"s(curr_lastRippleHPC_z):curr_DOWN_yes",0.137113493254759,0.00149571808910256,0.490363494323977,0.144445106035891
357,"s(curr_lastRippleHPC_z):curr_DOWN_yes",0.336136119205285,0.00204795423669734,0.568382490390923,0.215501279580711
358,"s(curr_lastRippleHPC_z):curr_DOWN_yes",0.393990669589951,0.00376501391326014,0.373730158186456,0.296920658353544
359,"s(curr_lastRippleHPC_z):curr_DOWN_yes",0.0616143626387089,0.000857420886154729,0.313484660826416,0.141226187246957
360,"s(curr_lastRippleHPC_z):curr_DOWN_yes",0.164633557885321,0.00181374472474101,0.536147908212004,0.157913986648036
361,"s(curr_lastRippleHPC_z):curr_DOWN_yes",0.653633947707616,0.00620331422163587,0.882800474923617,0.299967781240379
362,"s(curr_lastRippleHPC_z):curr_DOWN_yes",0.192593536632351,0.000941015583005881,0.53443331801515,0.163634739263679
363,"s(curr_lastRippleHPC_z):curr_DOWN_yes",0.269712385070955,0.00233041322207289,0.388154933470999,0.168580845669279
364,"s(curr_lastRippleHPC_z):curr_DOWN_yes",0.00489482856228474,0.00129854656012708,0.371668590969565,0.341778352940308
365,"s(curr_lastRippleHPC_z):curr_DOWN_yes",0.138914603443238,0.00149769031516271,0.492159141132303,0.144946056487721
366,"s(curr_lastRippleHPC_z):curr_DOWN_yes",0.225920040208445,0.00244403529232049,0.59206287740815,0.174491102257369
367,"s(curr_lastRippleHPC_z):curr_DOWN_yes",0.263961667440225,0.00174023557651385,0.347131027002998,0.174891389364857
368,"s(curr_lastRippleHPC_z):curr_DOWN_yes",0.128159488416476,0.00327655617861036,0.471856328018231,0.797718315382184
369,"s(curr_lastRippleHPC_z):curr_DOWN_yes",0.296678394482536,0.00319325693456806,0.698633917186954,0.205810590373246
370,"s(curr_lastRippleHPC_z):curr_DOWN_yes",0.191455250709637,0.00200571166687784,0.534324320551746,0.157493503128183
371,"s(curr_lastRippleHPC_z):curr_DOWN_yes",0.199141759397615,0.00183786637602272,0.421267444913893,0.222094185477551
372,"s(curr_lastRippleHPC_z):curr_DOWN_yes",0.18582522667133,0.0019340797651628,0.448761696937754,0.188799417413633
373,"s(curr_lastRippleHPC_z):curr_DOWN_yes",0.233072757918825,0.0024795003101135,0.600225070827133,0.176800515862103
374,"s(curr_lastRippleHPC_z):curr_DOWN_yes",0.423263834149343,0.0034312598330903,0.677701485693498,0.329673794789312
375,"s(curr_lastRippleHPC_z):curr_DOWN_yes",0.132165796603768,0.00218697706167117,0.372470916569339,0.794360490908999
376,"s(curr_lastRippleHPC_z):curr_DOWN_yes",0.229204569709326,0.00269050582154955,0.64350770475648,0.238784123797307
377,"s(curr_lastRippleHPC_z):curr_DOWN_yes",0.175861912046484,0.00135989934102032,0.977140267217416,0.272892323659935
378,"s(curr_lastRippleHPC_z):curr_DOWN_yes",0.085341692451002,0.000913532068282484,0.376726032711156,0.111032659732508
379,"s(curr_lastRippleHPC_z):curr_DOWN_yes",0.18707685218117,0.00175617276142647,0.400223910402147,0.183034635034574
380,"s(curr_lastRippleHPC_z):curr_DOWN_yes",0.129744406355556,0.00204939930045154,0.315026376939464,0.717970158056481
381,"s(curr_lastRippleHPC_z):curr_DOWN_yes",0.251699016790263,0.00275040568983686,0.642114815801071,0.189325562045659
382,"s(curr_lastRippleHPC_z):curr_DOWN_yes",0.324022580985346,0.00255700847332837,0.651688311139433,0.202432682308005
383,"s(curr_lastRippleHPC_z):curr_DOWN_yes",0.276742725564883,0.00284057615317267,0.396133742533429,0.430990963671264
384,"s(curr_lastRippleHPC_z):curr_DOWN_yes",0.195419657405287,0.00247958405505822,0.585781356174283,0.294775173574959
385,"s(curr_lastRippleHPC_z):curr_DOWN_yes",0.143747661982375,0.00154343568038878,0.471606774891682,0.138895900979488
386,"s(curr_lastRippleHPC_z):curr_DOWN_yes",0.164652984518837,0.00202291140090132,0.258015253624251,0.519836377967394
387,"s(curr_lastRippleHPC_z):curr_DOWN_yes",0.140807921055387,0.00117961605468369,0.387962893292396,0.166183906392187
388,"s(curr_lastRippleHPC_z):curr_DOWN_yes",0.302119132738499,0.0032897841321143,0.717714304926798,0.222066572290538
389,"s(curr_lastRippleHPC_z):curr_DOWN_yes",0.0614856993060142,0.0007383435634589,0.332887470943404,0.0980392439429183
390,"s(curr_lastRippleHPC_z):curr_DOWN_yes",0.158542020393608,0.00167123019524816,0.403548176510916,0.297564836404301
391,"s(curr_lastRippleHPC_z):curr_DOWN_yes",0.256552408817064,0.00271906992433285,0.676554742267,0.199261129509525
392,"s(curr_lastRippleHPC_z):curr_DOWN_yes",0.286389064713843,0.00327570102083005,0.682934847004028,0.202409604240499
393,"s(curr_lastRippleHPC_z):curr_DOWN_yes",0.159313868351395,0.00125746004762557,0.50838173298936,0.16582935704434
394,"s(curr_lastRippleHPC_z):curr_DOWN_yes",0.254240353432916,0.00299027744523735,0.668874626830378,0.24656046358534
395,"s(curr_lastRippleHPC_z):curr_DOWN_yes",0.279722255112044,0.00371587841605948,0.766917990405756,0.225886335037909
396,"s(curr_lastRippleHPC_z):curr_DOWN_yes",0.27096606028108,0.00239403995961353,0.386603748252305,0.142957794460175
397,"s(curr_lastRippleHPC_z):curr_DOWN_yes",0.25270321073321,0.003403278217974,0.636217277382331,0.554920790594544
398,"s(curr_lastRippleHPC_z):curr_DOWN_yes",0.237381491832194,0.00208943268614061,0.504372216667027,0.197689607596339
399,"s(curr_lastRippleHPC_z):curr_DOWN_yes",0.261547211350464,0.00296552230058631,0.652028602026101,0.203689424926741
400,"s(curr_lastRippleHPC_z):curr_DOWN_yes",0.297426647948979,0.00200574899437758,0.24298595967818,0.102160428761956
401,"s(curr_lastRippleHPC_z):curr_DOWN_yes",0.276573593664534,0.00101600366676384,0.67328758052905,0.201131424876418
402,"s(curr_lastRippleHPC_z):curr_DOWN_yes",0.377361933137887,0.00392696015035059,0.776085397551406,0.228586026510977
403,"s(curr_lastRippleHPC_z):curr_DOWN_yes",0.295087714325521,0.00264104712509957,0.782593378300131,0.253826804013738
404,"s(curr_lastRippleHPC_z):curr_DOWN_yes",0.166116433811609,0.00233756457608287,0.491030163030349,0.500703738483119
405,"s(curr_lastRippleHPC_z):curr_DOWN_yes",0.177100767120858,0.00215243111895861,0.558618710182979,0.186155598673825
406,"s(curr_lastRippleHPC_z):curr_DOWN_yes",0.20340945410468,0.00188657233823742,0.571705912543304,0.209347001634258
407,"s(curr_lastRippleHPC_z):curr_DOWN_yes",0.168019259642882,0.00184480044934688,0.539853353126916,0.158990793108636
408,"s(curr_lastRippleHPC_z):curr_DOWN_yes",0.258536152142542,0.00240576528421756,0.479419935635192,0.226668008902008
409,"s(curr_lastRippleHPC_z):curr_DOWN_yes",0.352126152350437,0.00311521192141215,0.775123673704591,0.228619673596484
410,"s(curr_lastRippleHPC_z):curr_DOWN_yes",0.357152490516703,0.00231703110556765,0.665753070045239,0.238607934318386
411,"s(curr_lastRippleHPC_z):curr_DOWN_yes",0.315840482619142,0.00332276651405322,0.687597907803578,0.202587524377915
412,"s(curr_lastRippleHPC_z):curr_DOWN_yes",0.256633551119306,0.00325291696338242,0.536197069318598,0.620016164985813
413,"s(curr_lastRippleHPC_z):curr_DOWN_yes",0.395942539717385,0.00103928806426165,0.800800789898987,0.237245467187668
414,"s(curr_lastRippleHPC_z):curr_DOWN_yes",0.0789961141876541,0.000555958269051132,0.246712463688522,0.0994673389304034
415,"s(curr_lastRippleHPC_z):curr_DOWN_yes",0.192013118475848,0.0021745520329066,0.606549025840911,0.178634037251688
416,"s(curr_lastRippleHPC_z):curr_DOWN_yes",0.331453503209946,0.00287590096145595,0.275961807798438,0.105163250904666
417,"s(curr_lastRippleHPC_z):curr_DOWN_yes",0.0745631390026897,0.000801473125102091,0.357523076339197,0.105402287050074
418,"s(curr_lastRippleHPC_z):curr_DOWN_yes",0.0806382226274236,0.000892322984496702,0.378449955535321,0.111575230261809
419,"s(curr_lastRippleHPC_z):curr_DOWN_yes",0.35524864624742,0.00248113105659024,0.433897794909874,0.295444736939042
420,"s(curr_lastRippleHPC_z):curr_DOWN_yes",0.365682807686833,0.00291753494675467,0.540814782097447,0.516302267519438
421,"s(curr_lastRippleHPC_z):curr_DOWN_yes",0.225952262968274,0.00201086843456054,0.50720175936959,0.175016775064904
422,"s(curr_lastRippleHPC_z):curr_DOWN_yes",0.413000191147749,0.00289032362615562,0.701079957953692,0.300811715399435
423,"s(curr_lastRippleHPC_z):curr_DOWN_yes",0.0329115929844761,0.000397231560484027,0.249159548278758,0.0734010991215411
424,"s(curr_lastRippleHPC_z):curr_DOWN_yes",0.269306499826892,0.00291269680057104,0.667133626730728,0.196709003021653
425,"s(curr_lastRippleHPC_z):curr_DOWN_yes",0.253001169060443,0.0022612737818243,0.530302412902745,0.335926008736964
426,"s(curr_lastRippleHPC_z):curr_DOWN_yes",0.244762944287467,0.00122641268941042,0.568431309684176,0.181800176544907
427,"s(curr_lastRippleHPC_z):curr_DOWN_yes",0.177011408685133,0.00183098816436764,0.555839783050187,0.168032864782817
428,"s(curr_lastRippleHPC_z):curr_DOWN_yes",0.153686440744875,8.5540661786772e-05,0.481747466103156,0.142444810854878
429,"s(curr_lastRippleHPC_z):curr_DOWN_yes",0.291500553892845,0.0039284424487677,0.744174553971606,0.563428223059496
430,"s(curr_lastRippleHPC_z):curr_DOWN_yes",0.469566128001444,0.0033778478513935,0.44715191747839,0.273302136570186
431,"s(curr_lastRippleHPC_z):curr_DOWN_yes",0.358908228074125,0.0036948270614458,0.422421318152598,0.388441756713978
432,"s(curr_lastRippleHPC_z):curr_DOWN_yes",0.223047531056337,0.00238980210945587,0.611522135737658,0.180118344775263
433,"s(curr_lastRippleHPC_z):curr_DOWN_yes",0.0643078141248807,0.000350467627546853,0.239257105535003,0.0836029140947036
434,"s(curr_lastRippleHPC_z):curr_DOWN_yes",0.148295255319051,0.00162829004133374,0.502222120890208,0.147947128423168
435,"s(curr_lastRippleHPC_z):curr_DOWN_yes",0.115485739821115,0.00127905023507169,0.451022028517668,0.132839834953992
436,"s(curr_lastRippleHPC_z):curr_DOWN_yes",0.113315401882468,0.00125346028567288,0.443918586313978,0.130737547062635
437,"s(curr_lastRippleHPC_z):curr_DOWN_yes",0.245280764014717,0.00200233083622684,0.327555260996694,0.127132897125497
438,"s(curr_lastRippleHPC_z):curr_DOWN_yes",0.0335683653081862,0.000394060245443316,0.245600938974131,0.0724073948209734
439,"s(curr_lastRippleHPC_z):curr_DOWN_yes",0.212519177884429,0.00187390305743431,0.433175060152311,0.16614041859134
440,"s(curr_lastRippleHPC_z):curr_DOWN_yes",0.0761250077809938,0.000587501462649616,0.302612594593227,0.128973821597381
441,"s(curr_lastRippleHPC_z):curr_DOWN_yes",0.10705873653437,0.00115844406541464,0.427823219402198,0.126001942200981
442,"s(curr_lastRippleHPC_z):curr_DOWN_yes",0.184622734427324,0.00123442998567129,0.512227627565379,0.337421887526697
443,"s(curr_lastRippleHPC_z):curr_DOWN_yes",0.194039980628588,0.00197554004041345,0.532345925148133,0.172452423403807
444,"s(curr_lastRippleHPC_z):curr_DOWN_yes",0.0966493546092648,0.00210874847907485,0.405438530155408,0.577796077909422
445,"s(curr_lastRippleHPC_z):curr_DOWN_yes",0.22759318460956,0.00242704351539265,0.618805378374219,0.182248853282455
446,"s(curr_lastRippleHPC_z):curr_DOWN_yes",0.188269917716252,0.0013354267632742,0.831318564946254,0.688875933062668
447,"s(curr_lastRippleHPC_z):curr_DOWN_yes",0.179203568493746,0.000840854830266074,0.546658650973022,0.343635484313152
448,"s(curr_lastRippleHPC_z):curr_DOWN_yes",0.487057105389393,0.00426393541837443,0.671574715468347,0.320493817082181
449,"s(curr_lastRippleHPC_z):curr_DOWN_yes",0.23191878830899,0.0013021136506366,0.515193842541812,0.228846988965303
450,"s(curr_lastRippleHPC_z):curr_DOWN_yes",0.164741834292887,0.00181617230371173,0.524427877274157,0.159515155013506
451,"s(curr_lastRippleHPC_z):curr_DOWN_yes",0.216811586005644,0.00210366934247871,0.446114205739367,0.190410203317438
452,"s(curr_lastRippleHPC_z):curr_DOWN_yes",0.233326245787583,0.00204911673891284,0.429793587780385,0.213549352378165
453,"s(curr_lastRippleHPC_z):curr_DOWN_yes",0.475656324991991,0.00400322616211725,0.452380855023562,0.240346400559109
454,"s(curr_lastRippleHPC_z):curr_DOWN_yes",0.343328714793879,0.00316399580028484,1.27128955860626,0.900612690909569
455,"s(curr_lastRippleHPC_z):curr_DOWN_yes",0.130279982900257,0.00113221133068274,0.374716484343673,0.17169563191771
456,"s(curr_lastRippleHPC_z):curr_DOWN_yes",0.159445120318232,0.00179199528629393,0.50175957106037,0.15299918599618
457,"s(curr_lastRippleHPC_z):curr_DOWN_yes",0.126332312230547,0.00145614442072214,0.471676004037109,0.138925457050175
458,"s(curr_lastRippleHPC_z):curr_DOWN_yes",0.226747008271935,0.00272659706384047,0.6048520645086,0.181966317754202
459,"s(curr_lastRippleHPC_z):curr_DOWN_yes",0.177222658828433,0.00219702373282677,0.533048698763742,0.340516653916937
460,"s(curr_lastRippleHPC_z):curr_DOWN_yes",0.220797139310141,0.00300174587627503,0.611856305371606,0.320507234705472
461,"s(curr_lastRippleHPC_z):curr_DOWN_yes",0.26496869426097,0.00304098969117483,0.647403916991556,0.243539012836179
462,"s(curr_lastRippleHPC_z):curr_DOWN_yes",0.11338197765388,0.000488684989563928,0.425357111487642,0.204016626010832
463,"s(curr_lastRippleHPC_z):curr_DOWN_yes",0.0276550027375801,0.000329934053622351,0.230643294922404,0.0679693963836812
464,"s(curr_lastRippleHPC_z):curr_DOWN_yes",0.224634233829029,0.00141789900690219,0.632406039461307,0.303144657451911
465,"s(curr_lastRippleHPC_z):curr_DOWN_yes",0.233246221510552,0.00260254370328092,0.433804252579294,0.555103650397421
466,"s(curr_lastRippleHPC_z):curr_DOWN_yes",0.643516720995081,0.00550048275251992,0.590849855090637,0.317396270433291
467,"s(curr_lastRippleHPC_z):curr_DOWN_yes",0.0748257970072945,0.000829792229270366,0.362894346413981,0.106942751796071
468,"s(curr_lastRippleHPC_z):curr_DOWN_yes",0.10706635161599,0.000451252425989022,0.223304960518871,0.0966796031158893
469,"s(curr_lastRippleHPC_z):curr_DOWN_yes",0.144316136351105,0.00157098433330942,0.500278432419934,0.147337247634931
470,"s(curr_lastRippleHPC_z):curr_DOWN_yes",0.563428110485698,0.00496582140068282,0.852978373981022,0.486920864234503
471,"s(curr_lastRippleHPC_z):curr_DOWN_yes",0.200390525338032,0.00134721676415666,0.534288307086476,0.164006899053682
472,"s(curr_lastRippleHPC_z):curr_DOWN_yes",0.248996071504802,0.00333211686184656,0.664171336327864,0.430709243172129
473,"s(curr_lastRippleHPC_z):curr_DOWN_yes",0.18602323339942,0.00199203042122779,0.542961369705343,0.170975858307447
474,"s(curr_lastRippleHPC_z):curr_DOWN_yes",0.220854114406894,0.000290810382149381,0.589261442623945,0.174607027133286
475,"s(curr_lastRippleHPC_z):curr_DOWN_yes",0.225662527289866,0.00197176349919803,0.608996788791602,0.188460937558185
476,"s(curr_lastRippleHPC_z):curr_DOWN_yes",0.232135500325684,0.00213739979667477,0.528748160608367,0.181289373643118
477,"s(curr_lastRippleHPC_z):curr_DOWN_yes",0.313840001027505,0.00285006799795148,0.665031018428671,0.220425554028519
478,"s(curr_lastRippleHPC_z):curr_DOWN_yes",0.19477234181725,0.00212548230760824,0.560856499227352,0.16518215578198
479,"s(curr_lastRippleHPC_z):curr_DOWN_yes",0.368565376613153,0.00398445824851857,0.814178441190055,0.2398034532336
480,"s(curr_lastRippleHPC_z):curr_DOWN_yes",0.198838801098449,0.00128089676450725,0.646061408428118,0.184912775754511
481,"s(curr_lastRippleHPC_z):curr_DOWN_yes",0.3071049862427,0.00291723325074852,0.696743173454682,0.364864810951734
482,"s(curr_lastRippleHPC_z):curr_DOWN_yes",0.272804101250801,0.00267990807876041,0.278115734461092,0.293688741589271
483,"s(curr_lastRippleHPC_z):curr_DOWN_yes",0.139320982363964,0.00173909287834822,0.488494912332358,0.182016319762095
484,"s(curr_lastRippleHPC_z):curr_DOWN_yes",0.517701704354677,0.0043136347006547,0.928234301230646,0.282601114984728
485,"s(curr_lastRippleHPC_z):curr_DOWN_yes",0.117237438945277,0.00148602927506221,0.453625584713326,0.221668750698047
486,"s(curr_lastRippleHPC_z):curr_DOWN_yes",0.248989461908873,0.00221678290297111,0.289332298361446,0.116582638099588
487,"s(curr_lastRippleHPC_z):curr_DOWN_yes",0.106626947446921,0.00116359043455331,0.438764256287558,0.12924552620417
488,"s(curr_lastRippleHPC_z):curr_DOWN_yes",0.356902402485944,0.00274049418319236,0.629911823580112,0.205478865264556
489,"s(curr_lastRippleHPC_z):curr_DOWN_yes",0.330624499328877,0.00345820830850284,0.34948889460693,0.298625045299228
490,"s(curr_lastRippleHPC_z):curr_DOWN_yes",0.0941788045343603,0.0013126723070276,0.416655429614436,0.192448082445963
491,"s(curr_lastRippleHPC_z):curr_DOWN_yes",0.172512106457787,0.00139257767561445,0.382956431115861,0.216233012006017
492,"s(curr_lastRippleHPC_z):curr_DOWN_yes",0.15523760158344,0.00171553057271429,0.511783267744161,0.176873047226123
493,"s(curr_lastRippleHPC_z):curr_DOWN_yes",0.0921161169543563,0.00172560367081985,0.38033791692467,0.433250098337317
494,"s(curr_lastRippleHPC_z):curr_DOWN_yes",0.438581340521468,0.00536590524931003,0.900908507044944,0.420524070945272
495,"s(curr_lastRippleHPC_z):curr_DOWN_yes",0.0906890844914132,0.000918622689963524,0.380040650089728,0.111971607013649
496,"s(curr_lastRippleHPC_z):curr_DOWN_yes",0.228652562119929,0.00248426210888721,0.602162538315167,0.177339561454848
497,"s(curr_lastRippleHPC_z):curr_DOWN_yes",0.257458497301097,0.0032548047675303,0.637557640579772,0.272943497954013
498,"s(curr_lastRippleHPC_z):curr_DOWN_yes",0.14359143074127,0.00165931633356645,0.484412479075573,0.177605279936306
499,"s(curr_lastRippleHPC_z):curr_DOWN_yes",0.313420999551427,0.00338608580038259,0.720513491155759,0.21720227229955
500,"s(curr_lastRippleHPC_z):curr_DOWN_yes",0.330398065283282,0.0030460488048861,0.751562192906637,0.268707244406983
501,"s(curr_lastRippleHPC_z):curr_DOWN_yes",0.297268348440853,0.00332164293010806,0.720817665469481,0.223368631010481
502,"s(curr_lastRippleHPC_z):curr_DOWN_yes",0.482607865529898,0.00087528119530313,0.873007455623492,0.257408818493319
503,"s(curr_lastRippleHPC_z):curr_DOWN_yes",0.344038205999066,0.00226245767219263,0.577722246236508,0.186065502798382
504,"s(curr_lastRippleHPC_z):curr_DOWN_yes",0.351069758183527,0.00296108047274133,1.52270321327006,1.46574715863995
505,"s(curr_lastRippleHPC_z):curr_DOWN_yes",0.0964747608019332,0.000260478042285237,0.380305279144253,0.112835541384829
506,"s(curr_lastRippleHPC_z):curr_DOWN_yes",0.131416128412745,0.000727427683085491,0.478235191538795,0.145767206222418
507,"s(curr_lastRippleHPC_z):curr_DOWN_yes",0.124368388379639,0.00145511722723754,0.462022147782713,0.163121678061193
508,"s(curr_lastRippleHPC_z):curr_DOWN_yes",0.157659050432622,0.0014550149013528,0.424227324351854,0.241811467547521
509,"s(curr_lastRippleHPC_z):curr_DOWN_yes",0.448831167604737,0.00398871457738565,0.666398777801338,0.244820148916193
510,"s(curr_lastRippleHPC_z):curr_DOWN_yes",0.292989847308092,0.00387632810999361,0.71161460227905,0.461356645957814
511,"s(curr_lastRippleHPC_z):curr_DOWN_yes",0.146286891411807,0.00161431000719299,0.404580302703147,0.383193885195708
512,"s(curr_lastRippleHPC_z):curr_DOWN_yes",0.181168266087589,0.00179943209808667,0.383637372303384,0.276759264128884
513,"s(curr_lastRippleHPC_z):curr_DOWN_yes",0.214601304830264,0.00260477253724294,0.584235556807113,0.264524690029349
514,"s(curr_lastRippleHPC_z):curr_DOWN_yes",0.0135218183564936,0.000149315833010582,0.148682448192344,0.0438390957640753
515,"s(curr_lastRippleHPC_z):curr_DOWN_yes",0.276113551984309,0.0019542208819615,0.321436510212082,0.1327299669828
516,"s(curr_lastRippleHPC_z):curr_DOWN_yes",0.217559134166535,0.0011822043828199,0.560912923803215,0.191797986798186
517,"s(curr_lastRippleHPC_z):curr_DOWN_yes",0.124797781378168,0.00137492817151576,0.46023114755894,0.135566810291975
518,"s(curr_lastRippleHPC_z):curr_DOWN_yes",0.0609339169634131,0.000670737558512799,0.336945935332977,0.0992327220918156
519,"s(curr_lastRippleHPC_z):curr_DOWN_yes",0.284063240043525,0.00370194285537496,0.525744110612462,0.813945856183151
520,"s(curr_lastRippleHPC_z):curr_DOWN_yes",0.377525338093249,0.00346821537423204,0.609631981062764,0.269892023565872
521,"s(curr_lastRippleHPC_z):curr_DOWN_yes",0.153450259012587,0.00190813160443489,0.431606854998054,0.433164629871588
522,"s(curr_lastRippleHPC_z):curr_DOWN_yes",0.111070325906419,0.00136688087414645,0.442482847385706,0.15395396727383
523,"s(curr_lastRippleHPC_z):curr_DOWN_yes",0.168509727813143,0.00115676966337867,0.173264497569009,0.0722349972983414
524,"s(curr_lastRippleHPC_z):curr_DOWN_yes",0.261609081003042,0.00285757579456738,0.643454216472241,0.189766699846985
525,"s(curr_lastRippleHPC_z):curr_DOWN_yes",0.202562250903738,0.00217386557235654,0.580141630130187,0.170869322037218
526,"s(curr_lastRippleHPC_z):curr_DOWN_yes",0.225553896026963,0.001988485350602,0.502200470033466,0.502539613103724
527,"s(curr_lastRippleHPC_z):curr_DOWN_yes",0.102641510735529,0.00243038312657985,0.237166806792229,0.796766531751394
528,"s(curr_lastRippleHPC_z):curr_DOWN_yes",0.2543685534395,0.00151758906208242,0.510525329441913,0.167011907116579
529,"s(curr_lastRippleHPC_z):curr_DOWN_yes",0.213092357147948,0.00201497559064393,0.446242613226481,0.205743833112661
530,"s(curr_lastRippleHPC_z):curr_DOWN_yes",0.277559503612477,0.0026289558705152,0.749221569379505,0.212134157657757
531,"s(curr_lastRippleHPC_z):curr_DOWN_yes",0.18729661482016,0.00205461769558234,0.569004107896677,0.168093024590376
532,"s(curr_lastRippleHPC_z):curr_DOWN_yes",0.302697454765275,0.0028876622456477,0.37155760781994,0.277421486908854
533,"s(curr_lastRippleHPC_z):curr_DOWN_yes",0.323246908070425,0.0035243582494879,0.738052578235579,0.217544875425732
534,"s(curr_lastRippleHPC_z):curr_DOWN_yes",0.21436625918003,0.00153881619320585,0.547134436796767,0.166587244368083
535,"s(curr_lastRippleHPC_z):curr_DOWN_yes",0.115764773581851,0.00126682625902893,0.436470205313083,0.128593421281091
536,"s(curr_lastRippleHPC_z):curr_DOWN_yes",0.287907983179654,0.00372986017227178,0.668584801974356,0.585135754309059
537,"s(curr_lastRippleHPC_z):curr_DOWN_yes",0.247861382848826,0.00264431793079798,0.636864303186286,0.187696932290521
538,"s(curr_lastRippleHPC_z):curr_DOWN_yes",0.299165654133833,0.00292283888734908,0.712293116191002,0.349092427666188
539,"s(curr_lastRippleHPC_z):curr_DOWN_yes",0.369338400654629,0.00366539894505584,0.827287803328026,0.304246572264411
540,"s(curr_lastRippleHPC_z):curr_DOWN_yes",0.126945984994244,0.00135921853673904,0.461414312705522,0.135933931229219
541,"s(curr_lastRippleHPC_z):curr_DOWN_yes",0.441170203002055,0.00415510081361504,0.491662975553234,0.323579966035518
542,"s(curr_lastRippleHPC_z):curr_DOWN_yes",0.127386746565318,0.00137767768211869,0.479496113013805,0.141247227481278
543,"s(curr_lastRippleHPC_z):curr_DOWN_yes",0.37542360297105,0.00334736009468756,1.12674979338899,0.891703915991675
544,"s(curr_lastRippleHPC_z):curr_DOWN_yes",0.226116548572723,0.00121957790990417,0.384621298518793,0.0992002012123857
545,"s(curr_lastRippleHPC_z):curr_DOWN_yes",0.317982554984476,0.00524649492256706,0.294958300871035,1.09474317401216
546,"s(curr_lastRippleHPC_z):curr_DOWN_yes",0.0525184931453353,0.000880661418951711,0.299265915273912,0.093609889812576
547,"s(curr_lastRippleHPC_z):curr_DOWN_yes",0.156137015241057,0.00289212931071704,0.499080997374138,0.691192907268636
548,"s(curr_lastRippleHPC_z):curr_DOWN_yes",0.347642201791824,0.00371376123912401,0.756853099380286,0.222974442355181
549,"s(curr_lastRippleHPC_z):curr_DOWN_yes",0.24756047440161,0.00334227455730239,0.630804356821153,0.555453956404743
550,"s(curr_lastRippleHPC_z):curr_DOWN_yes",0.149129018300354,0.00338418860330013,0.481419564971357,0.869695581326004
551,"s(curr_lastRippleHPC_z):curr_DOWN_yes",0.599413541857455,0.00579999498442647,0.765358790148347,0.274754634818001
552,"s(curr_lastRippleHPC_z):curr_DOWN_yes",0.274265788088464,0.00246868806533997,0.617229997280025,0.211043178181694
553,"s(curr_lastRippleHPC_z):curr_DOWN_yes",0.238641390166595,0.00214274733960548,0.535672353479961,0.171116390088952
554,"s(curr_lastRippleHPC_z):curr_DOWN_yes",0.251483411540849,0.00239352030495569,0.533606670937289,0.330039058958552
555,"s(curr_lastRippleHPC_z):curr_DOWN_yes",0.201005800664871,0.00220344911068862,0.577968377129192,0.170432214167712
556,"s(curr_lastRippleHPC_z):curr_DOWN_yes",0.187830232146212,0.00180189614780769,0.466995539280994,0.148974423463212
557,"s(curr_lastRippleHPC_z):curr_DOWN_yes",0.210555749353517,0.00231955608391539,0.587404231645312,0.173508517730364
558,"s(curr_lastRippleHPC_z):curr_DOWN_yes",0.325758637016579,0.00271348215300505,0.624154031888774,0.207405828511377
559,"s(curr_lastRippleHPC_z):curr_DOWN_yes",0.142076419481183,0.000218954398156728,0.487419070617593,0.144194054541108
560,"s(curr_lastRippleHPC_z):curr_DOWN_yes",0.239213936179637,0.00340613096924613,0.621089277919485,0.188738542871899
561,"s(curr_lastRippleHPC_z):curr_DOWN_yes",0.137405277574438,0.0015334877927025,0.493235844079468,0.145296691436637
562,"s(curr_lastRippleHPC_z):curr_DOWN_yes",0.154738158898565,0.00147721604187973,0.342602284716536,0.139109792080086
563,"s(curr_lastRippleHPC_z):curr_DOWN_yes",0.0905997409569324,0.0019301187546243,0.409832256190344,0.510534499726053
564,"s(curr_lastRippleHPC_z):curr_DOWN_yes",0.168438207103991,0.00110315637389937,0.258368132438185,0.0994564842218678
565,"s(curr_lastRippleHPC_z):curr_DOWN_yes",0.292241909143161,0.00312420807198003,0.701569449004605,0.206780197423878
566,"s(curr_lastRippleHPC_z):curr_DOWN_yes",0.0824939718718163,0.000994047562135089,0.36334849376026,0.117535225188689
567,"s(curr_lastRippleHPC_z):curr_DOWN_yes",0.142168693579621,0.00157576601889604,0.510565816823419,0.150427641972412
568,"s(curr_lastRippleHPC_z):curr_DOWN_yes",0.181811330698887,0.00194364783747389,0.562722450181757,0.165821104518172
569,"s(curr_lastRippleHPC_z):curr_DOWN_yes",0.234643006750032,0.00147230074637352,0.469893726640298,0.199042391171461
570,"s(curr_lastRippleHPC_z):curr_DOWN_yes",0.169579678380122,0.00122035219058725,0.475658489355914,0.15124170901752
571,"s(curr_lastRippleHPC_z):curr_DOWN_yes",0.263639294015934,0.00160997021449217,0.557699616781814,0.196288368411183
572,"s(curr_lastRippleHPC_z):curr_DOWN_yes",0.325209500712737,0.00351251432517286,0.747170205766677,0.220057542728698
573,"s(curr_lastRippleHPC_z):curr_DOWN_yes",0.152333389449701,0.00144873389961517,0.505763707560126,0.176879613412094
574,"s(curr_lastRippleHPC_z):curr_DOWN_yes",0.305845993507611,0.00403249633957173,0.809759768424458,0.85327525225384
575,"s(curr_lastRippleHPC_z):curr_DOWN_yes",0.325401020744254,0.00277817397523909,0.463703603117742,0.205354106016677
576,"s(curr_lastRippleHPC_z):curr_DOWN_yes",0.0826593206533177,0.000909246531539796,0.372459064325963,0.10977211808408
577,"s(curr_lastRippleHPC_z):curr_DOWN_yes",0.183443804233757,0.00202509530640433,0.370196130527193,0.30618466650929
578,"s(curr_lastRippleHPC_z):curr_DOWN_yes",0.155675496895162,0.0012736241492801,0.500057921947727,0.165090724981259
579,"s(curr_lastRippleHPC_z):curr_DOWN_yes",0.126070127101551,0.00137234488061906,0.451884330782111,0.133098284985702
580,"s(curr_lastRippleHPC_z):curr_DOWN_yes",0.175130372832291,0.00187779749620215,0.516171090076424,0.152096080827452
581,"s(curr_lastRippleHPC_z):curr_DOWN_yes",0.211590819119151,0.00196823809147998,1.26659810588409,0.331900829726076
582,"s(curr_lastRippleHPC_z):curr_DOWN_yes",0.27848951328585,0.00222844190537248,0.822046693712033,0.276978749029084
583,"s(curr_lastRippleHPC_z):curr_DOWN_yes",0.0254825361884405,0.000604765396393918,0.204652474082977,0.0683189148818938
584,"s(curr_lastRippleHPC_z):curr_DOWN_yes",0.149048029950035,0.00165449052856538,0.500344692532029,0.147472596935662
585,"s(curr_lastRippleHPC_z):curr_DOWN_yes",0.0587503209857472,0.00147055586253298,0.313306597052558,0.41961994885983
586,"s(curr_lastRippleHPC_z):curr_DOWN_yes",0.415156507899701,0.00288556216689546,0.770993919613117,0.228805904760993
587,"s(curr_lastRippleHPC_z):curr_DOWN_yes",0.361970799468454,0.00404190714820262,0.603950504724137,0.272573819384217
588,"s(curr_lastRippleHPC_z):curr_DOWN_yes",0.358174440115942,0.00338516493523036,0.636098929949666,0.228433237268575
589,"s(curr_lastRippleHPC_z):curr_DOWN_yes",0.115365965417541,0.00236020963592633,0.438945098675271,0.648484607851951
590,"s(curr_lastRippleHPC_z):curr_DOWN_yes",0.199270127801952,0.00126532854234584,0.541880181902321,0.171878927223904
591,"s(curr_lastRippleHPC_z):curr_DOWN_yes",0.166619360485974,0.00106055378231503,0.544480417546647,0.269769573662791
592,"s(curr_lastRippleHPC_z):curr_DOWN_yes",0.161115425318302,0.00168671262823905,0.506237096684601,0.149105809497253
593,"s(curr_lastRippleHPC_z):curr_DOWN_yes",0.13115769594031,0.00156195513197591,0.460399227575483,0.178250977832132
594,"s(curr_lastRippleHPC_z):curr_DOWN_yes",0.185082058754427,0.00172677916721255,0.391029887256678,0.147745867758803
595,"s(curr_lastRippleHPC_z):curr_DOWN_yes",0.183792499544211,0.0032130646267268,0.54482453341688,0.583405712419208
596,"s(curr_lastRippleHPC_z):curr_DOWN_yes",0.1564579662585,0.000398052389502268,0.509902432128212,0.15066747006573
597,"s(curr_lastRippleHPC_z):curr_DOWN_yes",0.250338854939199,0.00323155265335938,0.623646099342456,0.33534230743014
598,"s(curr_lastRippleHPC_z):curr_DOWN_yes",0.14992698648109,0.000371207774757334,0.475091821318232,0.142488531494265
599,"s(curr_lastRippleHPC_z):curr_DOWN_yes",0.247399342018118,0.00274888716516639,0.639480978856053,0.188455074553664
600,"s(curr_lastRippleHPC_z):curr_DOWN_yes",0.243339490028944,0.00362552754196577,0.667311661143033,0.911307755075833
601,"s(curr_lastRippleHPC_z):curr_DOWN_yes",0.0557985473382372,0.000376888793075031,0.228889426741779,0.11177959164744
602,"s(curr_lastRippleHPC_z):curr_DOWN_yes",0.114289660716782,0.00124177316187472,0.435847111295527,0.139900231376119
603,"s(curr_lastRippleHPC_z):curr_DOWN_yes",0.180218126663503,0.00201220927979134,0.552361496542192,0.191805494310336
604,"s(curr_lastRippleHPC_z):curr_DOWN_yes",0.271018132159917,0.00232874865887766,0.518407060046398,0.248150951851756
605,"s(curr_lastRippleHPC_z):curr_DOWN_yes",0.260182426542266,0.00284845103605991,0.638984594471389,0.18827940836109
606,"s(curr_lastRippleHPC_z):curr_DOWN_yes",0.0657129861829837,0.000760626998583898,0.340598402897771,0.100306946110443
607,"s(curr_lastRippleHPC_z):curr_DOWN_yes",0.0728267906757303,0.000778908405723065,0.349346032187138,0.102897007925931
608,"s(curr_lastRippleHPC_z):curr_DOWN_yes",0.123305737263199,0.000709335667847239,0.493398329970905,0.147045926335656
609,"s(curr_lastRippleHPC_z):curr_DOWN_yes",0.220600171832634,0.0024502013005785,0.627361830395304,0.184765771876241
610,"s(curr_lastRippleHPC_z):curr_DOWN_yes",0.279583358284255,0.00325593448861335,0.668483908489547,0.277529401407155
611,"s(curr_lastRippleHPC_z):curr_DOWN_yes",0.12255926031855,0.00113412162790785,0.437422822899862,0.164206895918353
612,"s(curr_lastRippleHPC_z):curr_DOWN_yes",0.46561958720705,0.00487441109616888,0.710382101291786,0.594858360723721
613,"s(curr_lastRippleHPC_z):curr_DOWN_yes",0.254755703487132,0.00246034956278821,0.608785952207313,0.188470216359329
614,"s(curr_lastRippleHPC_z):curr_DOWN_yes",0.407026655435924,0.00426632142172756,0.782847586595864,0.230838937698753
615,"s(curr_lastRippleHPC_z):curr_DOWN_yes",0.367647258644391,0.00344025749769233,0.800422093744602,0.268834886679618
616,"s(curr_lastRippleHPC_z):curr_DOWN_yes",0.233937546746926,0.00250693441966082,0.64465587788654,0.189997466113297
617,"s(curr_lastRippleHPC_z):curr_DOWN_yes",0.2195569198695,0.00334474435303958,0.533041655976857,0.69100265392086
618,"s(curr_lastRippleHPC_z):curr_DOWN_yes",0.280585000840582,0.00267209149645518,0.681066566095583,0.196504471347831
619,"s(curr_lastRippleHPC_z):curr_DOWN_yes",0.169664472497701,0.0014770819844302,0.523249002282236,0.168919180430419
620,"s(curr_lastRippleHPC_z):curr_DOWN_yes",0.40393005665824,0.00291490957768691,0.453590642525543,0.258528132116093
621,"s(curr_lastRippleHPC_z):curr_DOWN_yes",0.142634594210216,0.00130851886154882,0.340744937822751,0.115160490679462
622,"s(curr_lastRippleHPC_z):curr_DOWN_yes",0.349211619527298,0.00418243838764718,0.797783638798808,0.731590847163817
623,"s(curr_lastRippleHPC_z):curr_DOWN_yes",0.144095291661537,0.00112115071456229,0.329341235807261,0.492440839890647
624,"s(curr_lastRippleHPC_z):curr_DOWN_yes",0.146765513809664,0.00163068994462949,0.487424191736024,0.143568287059419
625,"s(curr_lastRippleHPC_z):curr_DOWN_yes",0.118299399501176,0.00169645227064639,0.454262505355774,0.138832513032375
626,"s(curr_lastRippleHPC_z):curr_DOWN_yes",0.275104350014761,0.00313164739049356,0.674883353631307,0.198814749526214
627,"s(curr_lastRippleHPC_z):curr_DOWN_yes",0.127819140504212,0.00123623621425979,0.250315114779454,0.187004332802241
628,"s(curr_lastRippleHPC_z):curr_DOWN_yes",0.41259846512256,0.00460109020856035,0.913280037641841,0.584027242535872
629,"s(curr_lastRippleHPC_z):curr_DOWN_yes",0.418233013396598,0.00451321883286984,0.841021639868642,0.247961614447475
630,"s(curr_lastRippleHPC_z):curr_DOWN_yes",0.137930940114632,0.00122717908406699,0.429919417787772,0.163446325290665
631,"s(curr_lastRippleHPC_z):curr_DOWN_yes",0.386499682105161,0.00369484180161908,0.580837040584961,0.240700054024006
632,"s(curr_lastRippleHPC_z):curr_DOWN_yes",0.239298920115168,0.00260388695141593,0.639819642940196,0.188440768201933
633,"s(curr_lastRippleHPC_z):curr_DOWN_yes",0.257446752167111,0.00227143302518056,0.650464866612526,0.20607279043237
634,"s(curr_lastRippleHPC_z):curr_DOWN_yes",0.365522036884111,0.00462836112187478,0.83922121667487,0.247161108200613
635,"s(curr_lastRippleHPC_z):curr_DOWN_yes",0.181602242792922,0.00200897017624277,0.560991865048924,0.165221477011646
636,"s(curr_lastRippleHPC_z):curr_DOWN_yes",0.241379078952543,0.00256742075831169,0.645223415453411,0.190055082257399
637,"s(curr_lastRippleHPC_z):curr_DOWN_yes",0.227350360166137,0.00285859578317295,0.587398440096738,0.461398824294945
638,"s(curr_lastRippleHPC_z):curr_DOWN_yes",0.231505074401508,0.00248329862881198,0.621384872278254,0.183023541956928
639,"s(curr_lastRippleHPC_z):curr_DOWN_yes",0.106562236182888,0.00116455277033487,0.411190647289415,0.121135207871436
640,"s(curr_lastRippleHPC_z):curr_DOWN_yes",0.11973478190072,0.00120397560121888,0.449008294307866,0.145015307882867
641,"s(curr_lastRippleHPC_z):curr_DOWN_yes",0.141302279260374,0.00128489822452855,0.37820018392512,0.189355111456286
642,"s(curr_lastRippleHPC_z):curr_DOWN_yes",0.321940569214343,0.00351083092104639,0.734650240355385,0.217159997855836
643,"s(curr_lastRippleHPC_z):curr_DOWN_yes",0.400131394906569,0.0035028569416437,0.708519423269738,0.648404537841746
644,"s(curr_lastRippleHPC_z):curr_DOWN_yes",0.0593194999634701,0.000258810541658846,0.293149199620717,0.0908230694444802
645,"s(curr_lastRippleHPC_z):curr_DOWN_yes",0.102498924207975,0.00109885735274866,0.412380031454032,0.12167641722256
646,"s(curr_lastRippleHPC_z):curr_DOWN_yes",0.177714470200982,0.00102535112426709,0.401363009866463,0.140442158711233
647,"s(curr_lastRippleHPC_z):curr_DOWN_yes",0.280086458414063,0.00180146426732273,0.379681906355766,0.243328984126902
648,"s(curr_lastRippleHPC_z):curr_DOWN_yes",0.163464992106637,0.0017426320154034,0.519295099950816,0.153005201056312
649,"s(curr_lastRippleHPC_z):curr_DOWN_yes",0.265702276334445,0.00246617826949682,1.19469924782511,0.361817884390113
650,"s(curr_lastRippleHPC_z):curr_DOWN_yes",0.429035155527536,0.00465668753955056,0.82381564186811,0.242643328462966
651,"s(curr_lastRippleHPC_z):curr_DOWN_yes",0.103221470184697,0.000506352281636843,0.287310525016398,0.17717761406273
652,"s(curr_lastRippleHPC_z):curr_DOWN_yes",0.220394051532288,0.00238477923462506,0.596089179654347,0.175559633967985
653,"s(curr_lastRippleHPC_z):curr_DOWN_yes",0.106526157745436,0.00116445666764648,0.424995287826162,0.125164738591758
654,"s(curr_lastRippleHPC_z):curr_DOWN_yes",0.309294283071444,0.0034014902538257,0.706634213053936,0.208356502098675
655,"s(curr_lastRippleHPC_z):curr_DOWN_yes",0.166012658464119,0.000984227329564251,0.419253956988717,0.183550852691805
656,"s(curr_lastRippleHPC_z):curr_DOWN_yes",0.0987760701998619,0.000379188473985841,0.36187265813852,0.113329752003078
657,"s(curr_lastRippleHPC_z):curr_DOWN_yes",0.254780493731412,0.00272818394591316,0.638006279084212,0.187897990200459
658,"s(curr_lastRippleHPC_z):curr_DOWN_yes",0.222138358356134,0.00136029703974011,0.641134555610518,0.18470300062811
659,"s(curr_lastRippleHPC_z):curr_DOWN_yes",0.363072913007624,0.00261607498306298,0.398619681139014,0.156963721331079
660,"s(curr_lastRippleHPC_z):curr_DOWN_yes",0.402453990226969,0.00385615846167085,0.625126915911668,0.17332119747041
661,"s(curr_lastRippleHPC_z):curr_DOWN_yes",0.142915716585552,0.000277294298555359,0.487602869964914,0.144762463483349
662,"s(curr_lastRippleHPC_z):curr_DOWN_yes",0.149428801355429,0.00153129542925109,0.479604531289177,0.143713824590189
663,"s(curr_lastRippleHPC_z):curr_DOWN_yes",0.0940339287492993,0.000456505120377408,0.332749125027594,0.108462522158539
664,"s(curr_lastRippleHPC_z):curr_DOWN_yes",0.233092786819764,0.00193855666063695,0.359706820697156,0.133947366248325
665,"s(curr_lastRippleHPC_z):curr_DOWN_yes",0.604369129507508,0.00530666438707246,2.15119065569408,0.970792962252795
666,"s(curr_lastRippleHPC_z):curr_DOWN_yes",0.430963582355323,0.00195486789658721,0.862828827420141,0.251836209117284
667,"s(curr_lastRippleHPC_z):curr_DOWN_yes",0.26076667358997,0.0026150087717658,0.455519987640216,0.307885201481989
668,"s(curr_lastRippleHPC_z):curr_DOWN_yes",0.0319109508693156,0.000110659761599728,0.225451571381038,0.0682617440621522
669,"s(curr_lastRippleHPC_z):curr_DOWN_yes",0.102274756347826,0.0011338063702803,0.40594198608392,0.153068986700958
670,"s(curr_lastRippleHPC_z):curr_DOWN_yes",0.282704055471795,0.00235871116720949,0.445757619832212,0.189399681429594
671,"s(curr_lastRippleHPC_z):curr_DOWN_yes",0.162508711693881,0.00217153020764791,0.528679455551738,0.240631457134787
672,"s(curr_lastRippleHPC_z):curr_DOWN_yes",0.132673054377038,0.00143466461338669,0.469008329722211,0.13812739103165
673,"s(curr_lastRippleHPC_z):curr_DOWN_yes",0.399972734622692,0.00432230295464051,0.81916406487261,0.241640526691913
674,"s(curr_lastRippleHPC_z):curr_DOWN_yes",0.204374590812415,0.0019970961811218,0.580070059676444,0.293209997362935
675,"s(curr_lastRippleHPC_z):curr_DOWN_yes",0.453162465877568,0.0032898730868935,0.490303018696261,0.232304343231707
676,"s(curr_lastRippleHPC_z):curr_DOWN_yes",0.264556268378751,0.00282259128727936,0.649707466640474,0.191345457031833
677,"s(curr_lastRippleHPC_z):curr_DOWN_yes",0.263172955938678,0.00318499730301934,0.795057228051487,0.670753046859855
678,"s(curr_lastRippleHPC_z):curr_DOWN_yes",0.273776298733616,0.00316375036797391,0.680830834791757,0.226301815304
679,"s(curr_lastRippleHPC_z):curr_DOWN_yes",0.14588789687317,0.00279224354677796,0.523357180376621,0.586346762810586
680,"s(curr_lastRippleHPC_z):curr_DOWN_yes",0.126622909171162,0.000610819879474039,0.470988399376286,0.132115015869901
681,"s(curr_lastRippleHPC_z):curr_DOWN_yes",0.0636334939528522,0.000389824495215842,0.266621612274777,0.0917247838662634
682,"s(curr_lastRippleHPC_z):curr_DOWN_yes",0.115842921228642,0.00112855927891679,0.415251047292381,0.122471457067006
683,"s(curr_lastRippleHPC_z):curr_DOWN_yes",0.137227696980863,0.00148468729792105,0.481216007318546,0.141867926638488
684,"s(curr_lastRippleHPC_z):curr_DOWN_yes",0.196228215014769,0.00222218502105651,0.584347091614226,0.172198478489529
685,"s(curr_lastRippleHPC_z):curr_DOWN_yes",0.0692730618960447,0.000756686759385295,0.128573004615063,0.203216504506147
686,"s(curr_lastRippleHPC_z):curr_DOWN_yes",0.163127759434619,0.00201800960490985,0.526197314316756,0.194310896576738
687,"s(curr_lastRippleHPC_z):curr_DOWN_yes",0.406862882295098,0.00519001882448579,0.790014718940162,0.524585250359268
688,"s(curr_lastRippleHPC_z):curr_DOWN_yes",0.249446202413837,0.00210067818084465,0.444479435785544,0.180918940029746
689,"s(curr_lastRippleHPC_z):curr_DOWN_yes",0.388348697201417,0.00368320476895581,0.401559262142941,0.26242579961737
690,"s(curr_lastRippleHPC_z):curr_DOWN_yes",0.211943341878772,0.00181967781868421,0.44537379342633,0.200661300652595
691,"s(curr_lastRippleHPC_z):curr_DOWN_yes",0.194814895274857,0.00138829212445321,0.475399995961388,0.150993206207729
692,"s(curr_lastRippleHPC_z):curr_DOWN_yes",0.261781999607306,0.0024246825792296,0.790353719969303,0.275144484854312
693,"s(curr_lastRippleHPC_z):curr_DOWN_yes",0.158774947382248,0.000529164904546602,0.502853407028404,0.151400714433716
694,"s(curr_lastRippleHPC_z):curr_DOWN_yes",0.315088411280296,0.00355406030683578,0.737057373119997,0.217118992067518
695,"s(curr_lastRippleHPC_z):curr_DOWN_yes",0.269069698525129,0.00184413478686322,0.501785085089991,0.345944364186008
696,"s(curr_lastRippleHPC_z):curr_DOWN_yes",0.280240133183422,0.00234758157377403,0.971917294155647,0.861760431885351
697,"s(curr_lastRippleHPC_z):curr_DOWN_yes",0.277133109252381,0.0023449521285917,0.576913033942184,0.184481102540433
698,"s(curr_lastRippleHPC_z):curr_DOWN_yes",0.204327295317714,0.00126644334018785,0.664873120652425,0.188366133417216
699,"s(curr_lastRippleHPC_z):curr_DOWN_yes",0.398133209385611,0.00424978844747622,0.801893412631234,0.236368431278837
700,"s(curr_lastRippleHPC_z):curr_DOWN_yes",0.160485812568319,0.00196726673463442,0.527769869702514,0.252991955669811
701,"s(curr_lastRippleHPC_z):curr_DOWN_yes",0.145127840105315,0.00148913297216655,0.394243212374785,0.263247162725505
702,"s(curr_lastRippleHPC_z):curr_DOWN_yes",0.355180721393968,0.00382189256586657,0.749256731157085,0.220763924519821
703,"s(curr_lastRippleHPC_z):curr_DOWN_yes",0.218112928271749,0.0034810821561466,0.593929456814448,0.595248839002745
704,"s(curr_lastRippleHPC_z):curr_DOWN_yes",0.099896692619498,0.0014429471943897,0.396323197499188,0.469605820002167
705,"s(curr_lastRippleHPC_z):curr_DOWN_yes",0.167222661232053,0.00193873345113995,0.395901364743931,0.423374340382485
706,"s(curr_lastRippleHPC_z):curr_DOWN_yes",0.356132092550371,0.00293511969625018,0.65411989688817,0.309540286149251
707,"s(curr_lastRippleHPC_z):curr_DOWN_yes",0.164630390639291,0.00144073866273043,0.347174960895896,0.136186507282948
708,"s(curr_lastRippleHPC_z):curr_DOWN_yes",0.261484200004158,0.00217510765272831,0.601724514128417,0.256403304419894
709,"s(curr_lastRippleHPC_z):curr_DOWN_yes",0.219325082050759,0.00168826259818958,0.556711685748064,0.184820332119215
710,"s(curr_lastRippleHPC_z):curr_DOWN_yes",0.131289414032487,0.00109706380101477,0.345951566103694,0.193118203906566
711,"s(curr_lastRippleHPC_z):curr_DOWN_yes",0.28299879932521,0.0030665294954691,0.682479221827377,0.200995933218219
712,"s(curr_lastRippleHPC_z):curr_DOWN_yes",0.0612005322410205,0.000685890531997103,0.32793163612447,0.0966133910044065
713,"s(curr_lastRippleHPC_z):curr_DOWN_yes",0.162136356938553,0.00157195755566073,0.215226179694081,0.236111482806981
714,"s(curr_lastRippleHPC_z):curr_DOWN_yes",0.0475209629276883,0.000968680847849766,0.278087698004302,0.2926757583549
715,"s(curr_lastRippleHPC_z):curr_DOWN_yes",0.155227142874683,0.00170929643158515,0.52443399762788,0.154460632354254
716,"s(curr_lastRippleHPC_z):curr_DOWN_yes",0.217728299969985,0.00151942781124847,0.368227389729409,0.152773344747943
717,"s(curr_lastRippleHPC_z):curr_DOWN_yes",0.243696974342816,0.00187883180569285,0.57552948296339,0.178298158605461
718,"s(curr_lastRippleHPC_z):curr_DOWN_yes",0.197882466398886,0.00218897952029,0.370779738392574,0.513004806999129
719,"s(curr_lastRippleHPC_z):curr_DOWN_yes",0.0925955848754612,0.000977341536738341,0.384720138375822,0.113443595697819
720,"s(curr_lastRippleHPC_z):curr_DOWN_yes",0.13134883486859,0.00150266322557412,0.484794265424013,0.143026869770415
721,"s(curr_lastRippleHPC_z):curr_DOWN_yes",0.288229414516263,0.00232646524748124,0.403862662997229,0.183705421309343
722,"s(curr_lastRippleHPC_z):curr_DOWN_yes",0.189828075800561,0.0020539260116615,0.563070124220059,0.165937106319748
723,"s(curr_lastRippleHPC_z):curr_DOWN_yes",0.205747432131374,0.00162845925190897,0.701535915825812,0.204723147705867
724,"s(curr_lastRippleHPC_z):curr_DOWN_yes",0.0483500614394785,0.000588935842421396,0.280365035734273,0.083638409179523
725,"s(curr_lastRippleHPC_z):curr_DOWN_yes",0.104694295231275,0.00114558631755843,0.426975352118277,0.125829103026405
726,"s(curr_lastRippleHPC_z):curr_DOWN_yes",0.363445699758337,0.00397413074417682,0.770998061980086,0.227066502317889
727,"s(curr_lastRippleHPC_z):curr_DOWN_yes",0.222081369855831,0.0024884694190401,0.602848297102682,0.177628805031746
728,"s(curr_lastRippleHPC_z):curr_DOWN_yes",0.285366895935113,0.00260984507409544,0.656837536513868,0.33420596261081
729,"s(curr_lastRippleHPC_z):curr_DOWN_yes",0.182828041961711,0.00157306049487197,0.52475895547233,0.157654245373521
730,"s(curr_lastRippleHPC_z):curr_DOWN_yes",0.246905045199408,0.0027674417677415,0.635836089433324,0.187544174453608
731,"s(curr_lastRippleHPC_z):curr_DOWN_yes",0.168175070494875,0.00207256415122006,0.331392051535705,0.410029024394491
732,"s(curr_lastRippleHPC_z):curr_DOWN_yes",0.168797860811478,0.00205515998632929,0.544772243274276,0.227264551134933
733,"s(curr_lastRippleHPC_z):curr_DOWN_yes",0.153587078385814,0.00195780377946147,0.49434913146836,0.236955850859283
734,"s(curr_lastRippleHPC_z):curr_DOWN_yes",0.170596692469243,0.00157453230521187,0.403381766119272,0.203655695042238
735,"s(curr_lastRippleHPC_z):curr_DOWN_yes",0.102374720310502,0.00109902795831459,0.421124064906076,0.124041091057679
736,"s(curr_lastRippleHPC_z):curr_DOWN_yes",0.268832661288501,0.0029148176006229,0.665780398071491,0.196118957324298
737,"s(curr_lastRippleHPC_z):curr_DOWN_yes",0.0647046783996919,0.000718108276485251,0.328323393963777,0.096748098285108
738,"s(curr_lastRippleHPC_z):curr_DOWN_yes",0.107317269122518,0.00153032338686404,0.39432558594106,0.416420045998521
739,"s(curr_lastRippleHPC_z):curr_DOWN_yes",0.173015613305413,0.00195048812495274,0.541598029161112,0.159790154594305
740,"s(curr_lastRippleHPC_z):curr_DOWN_yes",0.142864474079332,0.00161211885982567,0.489382180531957,0.144130217555261
741,"s(curr_lastRippleHPC_z):curr_DOWN_yes",0.171187280723032,0.00147713527225891,0.491337217607402,0.151869418977131
742,"s(curr_lastRippleHPC_z):curr_DOWN_yes",0.25298847763615,0.00181874647576046,0.40125604242541,0.178013107441251
743,"s(curr_lastRippleHPC_z):curr_DOWN_yes",0.225088493587224,0.00192232447848873,0.376253516516214,0.391662567447557
744,"s(curr_lastRippleHPC_z):curr_DOWN_yes",0.295388156941605,0.00223144575050188,0.624406537626573,0.198753634092981
745,"s(curr_lastRippleHPC_z):curr_DOWN_yes",0.133032065858917,0.000650080515329187,0.481358582583399,0.197921183023737
746,"s(curr_lastRippleHPC_z):curr_DOWN_yes",0.21309463397979,0.00230969764088977,0.615188433154957,0.181180416691687
747,"s(curr_lastRippleHPC_z):curr_DOWN_yes",0.1464067598387,0.0020051556794888,0.531479961532394,0.254264490572019
748,"s(curr_lastRippleHPC_z):curr_DOWN_yes",0.0705399908799969,0.00124683615501568,0.343574535873001,0.286265534138251
749,"s(curr_lastRippleHPC_z):curr_DOWN_yes",0.241643246356353,0.00268838435936634,0.473741295400589,0.560626762745565
750,"s(curr_lastRippleHPC_z):curr_DOWN_yes",0.132676684514798,0.0014257345777717,0.474286453794073,0.139722557610768
751,"s(curr_lastRippleHPC_z):curr_DOWN_yes",0.241510078255193,0.00365982265801787,0.621641217394268,0.7158315019682
752,"s(curr_lastRippleHPC_z):curr_DOWN_yes",0.307669431691806,0.00342060277872169,0.760277289829288,0.223919922628814
753,"s(curr_lastRippleHPC_z):curr_DOWN_yes",0.486825782369706,0.0043839698386599,0.667049444658124,0.258113459338694
754,"s(curr_lastRippleHPC_z):curr_DOWN_yes",0.316888615819061,0.00339726612030907,0.762248948467513,0.224488761363733
755,"s(curr_lastRippleHPC_z):curr_DOWN_yes",0.128117860649205,0.00196979926956068,0.359758756401535,0.639113892852169
756,"s(curr_lastRippleHPC_z):curr_DOWN_yes",0.256231538340349,0.00302657594225461,0.552885238919512,0.750266212655228
757,"s(curr_lastRippleHPC_z):curr_DOWN_yes",0.123987873857242,0.00176586769538245,0.250606057745516,0.586588365468492
758,"s(curr_lastRippleHPC_z):curr_DOWN_yes",0.100100700524152,0.0010473288858678,0.413019493856963,0.121637293399376
759,"s(curr_lastRippleHPC_z):curr_DOWN_yes",0.233638786321404,0.00252099327416801,0.59377685645553,0.174872263286453
760,"s(curr_lastRippleHPC_z):curr_DOWN_yes",0.371706770663714,0.00252701555786557,0.666047861040504,0.216478816337144
761,"s(curr_lastRippleHPC_z):curr_DOWN_yes",0.136107937578991,0.00146724127986676,0.369704372813487,0.240903406401119
762,"s(curr_lastRippleHPC_z):curr_DOWN_yes",0.15232762236857,0.00151036264316798,0.452614652053438,0.17389235437566
763,"s(curr_lastRippleHPC_z):curr_DOWN_yes",0.135680053832467,0.00163501574578074,0.401724784353518,0.195746120635447
764,"s(curr_lastRippleHPC_z):curr_DOWN_yes",0.155843097221779,0.00164793586175129,0.516045085764017,0.152051702388493
765,"s(curr_lastRippleHPC_z):curr_DOWN_yes",0.162794536145897,0.00273598682140695,0.508677081529446,0.159260019569122
766,"s(curr_lastRippleHPC_z):curr_DOWN_yes",0.110090954629507,0.000485418572173113,0.312037795988927,0.196018432089642
767,"s(curr_lastRippleHPC_z):curr_DOWN_yes",0.279110242983783,0.00315126754824151,0.715149254395558,0.21061710259798
768,"s(curr_lastRippleHPC_z):curr_DOWN_yes",0.174187642727147,0.0011714966689995,0.491630295590185,0.154762590231378
769,"s(curr_lastRippleHPC_z):curr_DOWN_yes",0.287339614528392,0.00218624823588635,0.558141977243815,0.475467540696202
770,"s(curr_lastRippleHPC_z):curr_DOWN_yes",0.187049216698476,0.00150447223929024,0.659146026006834,0.2951508681977
771,"s(curr_lastRippleHPC_z):curr_DOWN_yes",0.142644227038382,0.00180877792652419,0.493739037575414,0.21711331004514
772,"s(curr_lastRippleHPC_z):curr_DOWN_yes",0.203511709393399,0.00335466111800458,0.576793274995659,0.611298074056307
773,"s(curr_lastRippleHPC_z):curr_DOWN_yes",0.253225716770663,0.00283052443025034,0.658923719789822,0.216422830850767
774,"s(curr_lastRippleHPC_z):curr_DOWN_yes",0.111347695120637,0.000975043641248501,0.404572016162956,0.153614662907083
775,"s(curr_lastRippleHPC_z):curr_DOWN_yes",0.104560011688602,0.00142173314163562,0.400885116963315,0.242206497553706
776,"s(curr_lastRippleHPC_z):curr_DOWN_yes",0.258173242807233,0.00424806203600009,0.649515836685079,0.679111786729527
777,"s(curr_lastRippleHPC_z):curr_DOWN_yes",0.215279166490614,0.00198004215632609,0.627465494041453,0.219846580625644
778,"s(curr_lastRippleHPC_z):curr_DOWN_yes",0.184947411736054,0.00248073600073203,0.35442499945537,0.626225944999297
779,"s(curr_lastRippleHPC_z):curr_DOWN_yes",0.34476396501837,0.00327789558496691,0.797457636665342,0.230299645568631
780,"s(curr_lastRippleHPC_z):curr_DOWN_yes",0.139432759137406,0.00112137702954297,0.334206776608134,0.13975084567839
781,"s(curr_lastRippleHPC_z):curr_DOWN_yes",0.106653231645261,0.00132938063845102,0.435659455709753,0.149280716496434
782,"s(curr_lastRippleHPC_z):curr_DOWN_yes",0.168654719180754,0.000978269621759735,0.445082210385161,0.164991622526555
783,"s(curr_lastRippleHPC_z):curr_DOWN_yes",0.457806570680733,0.00407187516739683,0.503120428262815,0.203031453656011
784,"s(curr_lastRippleHPC_z):curr_DOWN_yes",0.119781962880433,0.000691974571591815,0.26762463349351,0.110820621127811
785,"s(curr_lastRippleHPC_z):curr_DOWN_yes",0.167629607376048,0.00181159285365739,0.534386730993672,0.157442471812163
786,"s(curr_lastRippleHPC_z):curr_DOWN_yes",0.269257947374995,0.00310735009520303,0.682462037648712,0.210634752200845
787,"s(curr_lastRippleHPC_z):curr_DOWN_yes",0.192114148765502,0.00154967048677278,0.428672499881589,0.147721430266858
788,"s(curr_lastRippleHPC_z):curr_DOWN_yes",0.194699839707003,0.00212612421438617,0.580741292829398,0.171054650996804
789,"s(curr_lastRippleHPC_z):curr_DOWN_yes",0.155028628284153,0.00166800941139446,0.512232540086461,0.150879281156528
790,"s(curr_lastRippleHPC_z):curr_DOWN_yes",0.265712074601723,0.000463938910364151,0.646685822107737,0.192029212714346
791,"s(curr_lastRippleHPC_z):curr_DOWN_yes",0.259029488151038,0.00291985723374619,0.647292044852847,0.191251418520405
792,"s(curr_lastRippleHPC_z):curr_DOWN_yes",0.0593627295041159,0.000724289816974114,0.323149890086925,0.124488590532315
793,"s(curr_lastRippleHPC_z):curr_DOWN_yes",0.161938478934881,0.00100036118535056,0.310455418394825,0.165659451586781
794,"s(curr_lastRippleHPC_z):curr_DOWN_yes",0.111804022590746,0.00133599918489073,0.421503969759781,0.169128716535548
795,"s(curr_lastRippleHPC_z):curr_DOWN_yes",0.477782201911208,0.00415358781774484,1.04855184051991,1.16563061640848
796,"s(curr_lastRippleHPC_z):curr_DOWN_yes",0.157649756102266,0.00167441521758296,0.525509911839385,0.154767745128174
797,"s(curr_lastRippleHPC_z):curr_DOWN_yes",0.200255531030603,0.00185059331335762,0.579388132082712,0.244625734803524
798,"s(curr_lastRippleHPC_z):curr_DOWN_yes",0.285162393948772,0.00269209214014938,0.259802467270352,0.108828823005015
799,"s(curr_lastRippleHPC_z):curr_DOWN_yes",0.250946701483453,0.00243788633282383,0.66376301351771,0.308541607958879
800,"s(curr_lastRippleHPC_z):curr_DOWN_yes",0.245407199288726,0.00266979741291945,0.615474986705203,0.184928072780345
801,"s(curr_lastRippleHPC_z):curr_DOWN_yes",0.280536989362193,0.00246071241964175,0.59586523561396,0.20558865599659
802,"s(curr_lastRippleHPC_z):curr_DOWN_yes",0.276256834635388,0.0029789020153428,0.691578821569998,0.203679000075274
803,"s(curr_lastRippleHPC_z):curr_DOWN_yes",0.19344969663054,0.00208783456233045,0.565138567646534,0.166443608849865
804,"s(curr_lastRippleHPC_z):curr_DOWN_yes",0.13239802342409,0.00146334370100978,0.496129572651264,0.146154957168156
805,"s(curr_lastRippleHPC_z):curr_DOWN_yes",0.201241499471292,0.00200224818063844,0.528117634929037,0.250311102982748
806,"s(curr_lastRippleHPC_z):curr_DOWN_yes",0.277936499769354,0.00281480148186314,0.58153927897305,0.364783213339045
807,"s(curr_lastRippleHPC_z):curr_DOWN_yes",0.322196945791164,0.00350203652042467,0.725281349621125,0.213617995716237
808,"s(curr_lastRippleHPC_z):curr_DOWN_yes",0.179959370697854,0.00206242923915173,0.525121748477813,0.178778755214458
809,"s(curr_lastRippleHPC_z):curr_DOWN_yes",0.217981897192211,0.00250290839971859,0.599469424313704,0.185055807493363
810,"s(curr_lastRippleHPC_z):curr_DOWN_yes",0.123176637463588,0.00164084957164741,0.451885086979351,0.184487290387747
811,"s(curr_lastRippleHPC_z):curr_DOWN_yes",0.300123909782307,0.00186817613310827,0.38356104201773,0.213114947609161
812,"s(curr_lastRippleHPC_z):curr_DOWN_yes",0.344711371812952,0.00315620288844498,0.616844221402937,0.358811041063643
813,"s(curr_lastRippleHPC_z):curr_DOWN_yes",0.439460167449455,0.00348446509181271,1.59971078541934,0.411249863781672
814,"s(curr_lastRippleHPC_z):curr_DOWN_yes",0.0768142444310049,0.000813443128109187,0.347803429268158,0.102779091777904
815,"s(curr_lastRippleHPC_z):curr_DOWN_yes",0.26597085160261,0.00202922312975999,0.30566313553713,0.133072213704231
816,"s(curr_lastRippleHPC_z):curr_DOWN_yes",0.363929373034022,0.00350670533759633,0.63539808379606,0.271210116877014
817,"s(curr_lastRippleHPC_z):curr_DOWN_yes",0.151682591549378,0.00172160057301118,0.513156436479974,0.151800931937992
818,"s(curr_lastRippleHPC_z):curr_DOWN_yes",0.0809424662610922,0.000492015326979688,0.308007936380905,0.105322491939633
819,"s(curr_lastRippleHPC_z):curr_DOWN_yes",0.304216060292357,0.00336013711172012,0.722864620456249,0.238805285735627
820,"s(curr_lastRippleHPC_z):curr_DOWN_yes",0.0915203798376911,0.000972742819521305,0.3805469085971,0.112081497849858
821,"s(curr_lastRippleHPC_z):curr_DOWN_yes",0.254776832279831,0.00221455809231358,0.605421273299247,0.188624411228698
822,"s(curr_lastRippleHPC_z):curr_DOWN_yes",0.0680501126341548,0.000463774865549956,0.278279439848897,0.0948148265782699
823,"s(curr_lastRippleHPC_z):curr_DOWN_yes",0.339450983485455,0.00304223638208233,0.462562768024981,0.251943673656968
824,"s(curr_lastRippleHPC_z):curr_DOWN_yes",0.317588722802181,0.00283074099120844,0.499636608796072,0.177318060235558
825,"s(curr_lastRippleHPC_z):curr_DOWN_yes",0.317138452536937,0.00607584730783558,0.794391735273173,0.917645294605843
826,"s(curr_lastRippleHPC_z):curr_DOWN_yes",0.15041328370423,0.00191972174309683,0.416335554340281,0.515168924106978
827,"s(curr_lastRippleHPC_z):curr_DOWN_yes",0.21550426263576,0.00235492906505431,0.607920526376239,0.181244744314763
828,"s(curr_lastRippleHPC_z):curr_DOWN_yes",0.28062452259558,0.00211380037809049,0.53993900996631,0.30657669520618
829,"s(curr_lastRippleHPC_z):curr_DOWN_yes",0.199661391219863,0.00222439663769604,0.582350658753135,0.171536010338888
830,"s(curr_lastRippleHPC_z):curr_DOWN_yes",0.210232688622948,0.00224253484554294,0.595130020827335,0.175270779346136
831,"s(curr_lastRippleHPC_z):curr_DOWN_yes",0.196984558721377,0.002328679400241,0.568444900719878,0.214640096408248
832,"s(curr_lastRippleHPC_z):curr_DOWN_yes",0.094814932004005,0.0010784183405367,0.398757115598432,0.117971900523246
833,"s(curr_lastRippleHPC_z):curr_DOWN_yes",0.149862143884351,0.00163807588763241,0.506290067356839,0.149113064575044
834,"s(curr_lastRippleHPC_z):curr_DOWN_yes",0.232330234327319,0.00227715897406539,0.432549073747546,0.288604109211901
835,"s(curr_lastRippleHPC_z):curr_DOWN_yes",0.129931894122473,0.00176461115749482,0.470953268265521,0.271184404460766
836,"s(curr_lastRippleHPC_z):curr_DOWN_yes",0.0746615201207117,0.00194976164531336,0.347383070153406,0.918041827139874
837,"s(curr_lastRippleHPC_z):curr_DOWN_yes",0.367881672058523,0.00445474813398078,0.357928610084673,0.376167738892364
838,"s(curr_lastRippleHPC_z):curr_DOWN_yes",0.259485125360381,0.00167439939860105,0.620842369061454,0.192298107940308
839,"s(curr_lastRippleHPC_z):curr_DOWN_yes",0.194623926856642,0.00236145459400289,0.566762386809241,0.25412609677287
840,"s(curr_lastRippleHPC_z):curr_DOWN_yes",0.205164140620945,0.00188845624528916,0.373554168545878,0.152183750590592
841,"s(curr_lastRippleHPC_z):curr_DOWN_yes",0.178597456372727,0.0019976975015292,0.536694666567522,0.158191406702394
842,"s(curr_lastRippleHPC_z):curr_DOWN_yes",0.172034621025064,0.00207660344571943,0.525622233478606,0.174847335214829
843,"s(curr_lastRippleHPC_z):curr_DOWN_yes",0.147749056919802,0.0015752727914358,0.475733927844408,0.140113708846557
844,"s(curr_lastRippleHPC_z):curr_DOWN_yes",0.0828003810722375,0.000453068469071608,0.376624358788866,0.134383434466151
845,"s(curr_lastRippleHPC_z):curr_DOWN_yes",0.0860310131921711,0.000429780449483992,0.33269668340245,0.117017655425574
846,"s(curr_lastRippleHPC_z):curr_DOWN_yes",0.0323701024833785,0.00056515569445756,0.2359786365092,0.13906653784318
847,"s(curr_lastRippleHPC_z):curr_DOWN_yes",0.427539987941866,0.00370356182321663,0.581379039332886,0.572355517331015
848,"s(curr_lastRippleHPC_z):curr_DOWN_yes",0.210908915708276,0.00230338690827228,0.57585638391785,0.172937938135847
849,"s(curr_lastRippleHPC_z):curr_DOWN_yes",0.456494911868192,0.00415428726515388,0.787819617113356,0.243721556996592
850,"s(curr_lastRippleHPC_z):curr_DOWN_yes",0.101412387941782,0.00111558543905842,0.409460003352398,0.120670599294499
851,"s(curr_lastRippleHPC_z):curr_DOWN_yes",0.399056260669202,0.00306622095779991,0.422602583465186,0.160263054284131
852,"s(curr_lastRippleHPC_z):curr_DOWN_yes",0.211934440957895,0.00226350653466527,0.617231340837854,0.415264447323261
853,"s(curr_lastRippleHPC_z):curr_DOWN_yes",0.219643825169183,0.00237457108280923,0.586285486449233,0.17266525580314
854,"s(curr_lastRippleHPC_z):curr_DOWN_yes",0.249163820086148,0.00275920387373221,0.378889479744197,0.498263955403207
855,"s(curr_lastRippleHPC_z):curr_DOWN_yes",0.117588933615095,0.00126255119043485,0.441323437148216,0.129978114787755
856,"s(curr_lastRippleHPC_z):curr_DOWN_yes",0.472800875054944,0.00500951622552556,0.861602878406686,0.253782545601815
857,"s(curr_lastRippleHPC_z):curr_DOWN_yes",0.258920144214269,0.00128238698403801,0.652586284909707,0.194247997192789
858,"s(curr_lastRippleHPC_z):curr_DOWN_yes",0.135284470699525,0.00148911091332727,0.473473283656751,0.139703010447252
859,"s(curr_lastRippleHPC_z):curr_DOWN_yes",0.217156571850516,0.00167372418570021,1.09370030337616,0.349472050028985
860,"s(curr_lastRippleHPC_z):curr_DOWN_yes",0.23125472040761,0.00253880931029777,0.611421460074685,0.180067975365241
861,"s(curr_lastRippleHPC_z):curr_DOWN_yes",0.249081702816597,0.00202799065345158,0.38974968742893,0.236981770798851
862,"s(curr_lastRippleHPC_z):curr_DOWN_yes",0.290251371281548,0.00261573990156434,0.347197495065816,0.426159626732052
863,"s(curr_lastRippleHPC_z):curr_DOWN_yes",0.200495917324788,0.00152499894857622,0.353860369465615,0.182167797843028
864,"s(curr_lastRippleHPC_z):curr_DOWN_yes",0.147648108512564,0.00185367969436818,0.495769291079903,0.210237092579309
865,"s(curr_lastRippleHPC_z):curr_DOWN_yes",0.142129119398952,0.00241216571807606,0.489318800852227,0.153361383961809
866,"s(curr_lastRippleHPC_z):curr_DOWN_yes",0.116773175954082,0.000989292078883795,0.474805115138574,0.137736166200344
867,"s(curr_lastRippleHPC_z):curr_DOWN_yes",0.196704798754589,0.00244872410060159,0.597108065132936,0.227983097297265
868,"s(curr_lastRippleHPC_z):curr_DOWN_yes",0.27317381903736,0.000610715195867396,0.647898889503786,0.190929826034128
869,"s(curr_lastRippleHPC_z):curr_DOWN_yes",0.165186709175221,0.00185811607615852,0.53015097258995,0.156140313542306
870,"s(curr_lastRippleHPC_z):curr_DOWN_yes",0.132820387936182,0.00129950065674111,0.316746303474107,0.123674859678947
871,"s(curr_lastRippleHPC_z):curr_DOWN_yes",0.185425052049164,0.00229887838327317,0.527887761498116,0.537768088718784
872,"s(curr_lastRippleHPC_z):curr_DOWN_yes",0.462410333523188,0.00392237748940562,0.790474061957914,0.315019189791772
873,"s(curr_lastRippleHPC_z):curr_DOWN_yes",0.177766446913353,0.00197859655266552,0.596659792398729,0.468490514567834
874,"s(curr_lastRippleHPC_z):curr_DOWN_yes",0.158401072254434,0.00166437027143948,0.509460825251437,0.150058352987121
875,"s(curr_lastRippleHPC_z):curr_DOWN_yes",0.109665206329623,0.000937751088775629,0.308039941398661,0.121095248090955
876,"s(curr_lastRippleHPC_z):curr_DOWN_yes",0.217861023588696,0.00201808900473877,0.566050877013954,0.166740833617109
877,"s(curr_lastRippleHPC_z):curr_DOWN_yes",0.195199560164578,0.00207811315249919,0.556848540571228,0.164037747598578
878,"s(curr_lastRippleHPC_z):curr_DOWN_yes",0.273145969567912,0.00283817521847752,0.651803611381169,0.191961661287165
879,"s(curr_lastRippleHPC_z):curr_DOWN_yes",0.421497201180498,0.00273261727395419,0.774390588863696,0.427442364663534
880,"s(curr_lastRippleHPC_z):curr_DOWN_yes",0.130186886534513,0.00147227210025108,0.479003629771272,0.141782192581258
881,"s(curr_lastRippleHPC_z):curr_DOWN_yes",0.416795155747813,0.00469729443609818,0.907947270082883,0.282336954813003
882,"s(curr_lastRippleHPC_z):curr_DOWN_yes",0.278546594467987,0.00260661583686837,0.509186280626173,0.201154284182308
883,"s(curr_lastRippleHPC_z):curr_DOWN_yes",0.26315980270189,0.00172165941655811,0.634400265617362,0.242183352368499
884,"s(curr_lastRippleHPC_z):curr_DOWN_yes",0.224967238208041,0.00175232768414313,0.451894257501213,0.424579166936808
885,"s(curr_lastRippleHPC_z):curr_DOWN_yes",0.201131871851749,0.00215881164693542,0.579754751497246,0.170743505324686
886,"s(curr_lastRippleHPC_z):curr_DOWN_yes",0.38600065470219,0.00419719553523245,0.812543355641836,0.239316276353928
887,"s(curr_lastRippleHPC_z):curr_DOWN_yes",0.295210380602912,0.00256804449433474,0.618724854410704,0.242530296415044
888,"s(curr_lastRippleHPC_z):curr_DOWN_yes",0.129420465757431,0.00114130245500638,0.334856366443919,0.106945514544041
889,"s(curr_lastRippleHPC_z):curr_DOWN_yes",0.268564454033824,0.00237620213405548,0.620172711343578,0.214067543968382
890,"s(curr_lastRippleHPC_z):curr_DOWN_yes",0.126816266538863,0.00143438916062458,0.483003784939668,0.142264260674335
891,"s(curr_lastRippleHPC_z):curr_DOWN_yes",0.101941205026219,0.00111132397864319,0.414263365512937,0.122174328469831
892,"s(curr_lastRippleHPC_z):curr_DOWN_yes",0.1054419591971,0.000779352971156994,0.329074112029606,0.114582560732362
893,"s(curr_lastRippleHPC_z):curr_DOWN_yes",0.142652100877515,0.00104154957172203,0.46007420265338,0.148975494589509
894,"s(curr_lastRippleHPC_z):curr_DOWN_yes",0.53917252179025,0.00491992634683455,1.62437874073217,0.460150046080545
895,"s(curr_lastRippleHPC_z):curr_DOWN_yes",0.474868865971153,0.00380812844562526,0.818591957890491,0.253862467609619
896,"s(curr_lastRippleHPC_z):curr_DOWN_yes",0.363176192812048,0.00335200579781463,0.64028927284373,0.218207328836961
897,"s(curr_lastRippleHPC_z):curr_DOWN_yes",0.0957599099115791,0.00103122769722266,0.402172434919893,0.118443656885433
898,"s(curr_lastRippleHPC_z):curr_DOWN_yes",0.421562193147685,0.00669962481502971,0.841245561804443,0.904948272927829
899,"s(curr_lastRippleHPC_z):curr_DOWN_yes",0.0595927508288199,0.00216313003913379,0.562033990742719,0.165553785503216
900,"s(curr_lastRippleHPC_z):curr_DOWN_yes",0.119687718318285,0.000154035658661837,0.440161053304404,0.130536613832357
901,"s(curr_lastRippleHPC_z):curr_DOWN_yes",0.404866713061087,0.00425736785722666,0.80513335006529,0.23715904850794
902,"s(curr_lastRippleHPC_z):curr_DOWN_yes",0.314767592673658,0.00269866967883281,0.537682570737423,0.397725498224362
903,"s(curr_lastRippleHPC_z):curr_DOWN_yes",0.325058783781996,0.0022707055222041,0.381993133653353,0.272211901791693
904,"s(curr_lastRippleHPC_z):curr_DOWN_yes",0.190699037613761,0.00166151687699593,0.691591632692486,0.239760792539855
905,"s(curr_lastRippleHPC_z):curr_DOWN_yes",0.20003236550214,0.00192248488470667,0.433441397772776,0.198261706977384
906,"s(curr_lastRippleHPC_z):curr_DOWN_yes",0.202102531380326,0.00218987584742602,0.582326252983667,0.171815793815549
907,"s(curr_lastRippleHPC_z):curr_DOWN_yes",0.272186649839311,0.00334587945242371,0.687056031663258,0.26900302646648
908,"s(curr_lastRippleHPC_z):curr_DOWN_yes",0.112018744041063,0.00148504470369664,0.43746242106458,0.237257971719311
909,"s(curr_lastRippleHPC_z):curr_DOWN_yes",0.391064859074533,0.00329190625889629,0.536597779603519,0.194486686754916
910,"s(curr_lastRippleHPC_z):curr_DOWN_yes",0.136689727759105,0.000814538785837303,0.242322972892838,0.0872585953600775
911,"s(curr_lastRippleHPC_z):curr_DOWN_yes",0.125526281928861,0.00136047874710067,0.465450934169081,0.137099876434626
912,"s(curr_lastRippleHPC_z):curr_DOWN_yes",0.335861803007036,0.00381740852081879,0.77131918590264,0.235890077116674
913,"s(curr_lastRippleHPC_z):curr_DOWN_yes",0.130687260271574,0.00141807876950699,0.467242704397468,0.137971199056124
914,"s(curr_lastRippleHPC_z):curr_DOWN_yes",0.384539439519529,0.00355571115707566,0.715540463857829,0.383284007856757
915,"s(curr_lastRippleHPC_z):curr_DOWN_yes",0.237934763971676,0.00262266685083407,0.632231917948311,0.191090865682812
916,"s(curr_lastRippleHPC_z):curr_DOWN_yes",0.25136288216399,0.00283212735664542,0.662689237725025,0.195168799359857
917,"s(curr_lastRippleHPC_z):curr_DOWN_yes",0.125876321666825,0.00040588943059326,0.456182899870026,0.135520301413465
918,"s(curr_lastRippleHPC_z):curr_DOWN_yes",0.0893162359997284,0.000637016180436089,0.329919375816341,0.121102251442829
919,"s(curr_lastRippleHPC_z):curr_DOWN_yes",0.256053154067187,0.00276462677256517,0.621823811252249,0.183233478199028
920,"s(curr_lastRippleHPC_z):curr_DOWN_yes",0.174839008487753,0.00250225274224974,0.536053074555897,0.391599022304427
921,"s(curr_lastRippleHPC_z):curr_DOWN_yes",0.13775149815007,0.00105366643835126,0.415189887457677,0.142085679867339
922,"s(curr_lastRippleHPC_z):curr_DOWN_yes",0.400911831504363,0.00349620614997099,0.315613716244967,0.141638115144633
923,"s(curr_lastRippleHPC_z):curr_DOWN_yes",0.40592473774663,0.00347105417950572,0.787773588728396,0.351758470794979
924,"s(curr_lastRippleHPC_z):curr_DOWN_yes",0.279399949648022,0.00338826495023585,0.699333544760428,0.210142676759053
925,"s(curr_lastRippleHPC_z):curr_DOWN_yes",0.323209279212734,0.00276851873894354,0.506433392087097,0.307488234728489
926,"s(curr_lastRippleHPC_z):curr_DOWN_yes",0.294453143493889,0.00253171955042152,0.405573017835476,0.103711685393666
927,"s(curr_lastRippleHPC_z):curr_DOWN_yes",0.435377446929097,0.00490313564557164,0.856480853626682,0.256558204033167
928,"s(curr_lastRippleHPC_z):curr_DOWN_yes",0.26526324698364,0.00305254062557433,0.670415187931401,0.228911180562229
929,"s(curr_lastRippleHPC_z):curr_DOWN_yes",0.119849146188778,0.00127738439574501,0.425391142309091,0.125308130888664
930,"s(curr_lastRippleHPC_z):curr_DOWN_yes",0.270595841244223,0.00195912996573525,0.497013058036855,0.261596233502075
931,"s(curr_lastRippleHPC_z):curr_DOWN_yes",0.202527711500577,0.0018059832233086,0.341259231155531,0.136649392858119
932,"s(curr_lastRippleHPC_z):curr_DOWN_yes",0.427315034852151,0.00320607488131466,0.527871484252992,0.252021889189459
933,"s(curr_lastRippleHPC_z):curr_DOWN_yes",0.429152374545956,0.00362464986008544,0.436423284194358,0.254318951034565
934,"s(curr_lastRippleHPC_z):curr_DOWN_yes",0.10393044735489,0.000726033754568666,0.25368637109153,0.0950058270464476
935,"s(curr_lastRippleHPC_z):curr_DOWN_yes",0.133603371992876,0.00145891573284277,0.494640812716941,0.145682128563823
936,"s(curr_lastRippleHPC_z):curr_DOWN_yes",0.37450418141371,0.00345042777362175,0.455577589519959,0.169689015768725
937,"s(curr_lastRippleHPC_z):curr_DOWN_yes",0.176970071768753,0.00218974940589288,0.545297557626937,0.258977423979462
938,"s(curr_lastRippleHPC_z):curr_DOWN_yes",0.0778720650777922,0.000541339913967086,0.300001123407646,0.160391774231559
939,"s(curr_lastRippleHPC_z):curr_DOWN_yes",0.400242039586333,0.00426530740962088,0.848506027930308,0.249910461695652
940,"s(curr_lastRippleHPC_z):curr_DOWN_yes",0.114735382839036,0.000396254635406734,0.4256273243426,0.1268497715449
941,"s(curr_lastRippleHPC_z):curr_DOWN_yes",0.226514507878384,0.00253265239309359,0.595187787002891,0.175493010582822
942,"s(curr_lastRippleHPC_z):curr_DOWN_yes",0.26923538245037,0.00359598107580717,0.674544569324252,0.472089312850795
943,"s(curr_lastRippleHPC_z):curr_DOWN_yes",0.0871557975397543,0.00101351439852277,0.387168039546692,0.114295390075733
944,"s(curr_lastRippleHPC_z):curr_DOWN_yes",0.130148360505622,0.000299284563863713,0.468682485244916,0.140505916063218
945,"s(curr_lastRippleHPC_z):curr_DOWN_yes",0.199912554758606,0.00100634422809498,0.489488198714699,0.23410008606376
946,"s(curr_lastRippleHPC_z):curr_DOWN_yes",0.0772579878096531,0.00087599700315378,0.367860408735611,0.108374845257889
947,"s(curr_lastRippleHPC_z):curr_DOWN_yes",0.192305456907895,0.00132990912391826,0.257253322539795,0.173842608783746
948,"s(curr_lastRippleHPC_z):curr_DOWN_yes",0.17309377042593,0.00193078769054626,0.535340375379405,0.180696137376188
949,"s(curr_lastRippleHPC_z):curr_DOWN_yes",0.242548852647131,0.000775614523940076,0.607448113509294,0.18116557731482
950,"s(curr_lastRippleHPC_z):curr_DOWN_yes",0.355722314084916,0.00355697792847757,0.642560344893654,0.388654384546595
951,"s(curr_lastRippleHPC_z):curr_DOWN_yes",0.062176953710674,0.000755657828977119,0.357615602506457,0.105322109751163
952,"s(curr_lastRippleHPC_z):curr_DOWN_yes",0.293356486340512,0.00165558223192339,0.549459806037193,0.219866663454081
953,"s(curr_lastRippleHPC_z):curr_DOWN_yes",0.162842499349789,0.000624892629336066,0.504168260435231,0.151802129918859
954,"s(curr_lastRippleHPC_z):curr_DOWN_yes",0.238548494434291,0.00226812170732836,0.470369759250951,0.247664180790466
955,"s(curr_lastRippleHPC_z):curr_DOWN_yes",0.451213797942703,0.00353877035987894,0.436244992988583,0.169775164476725
956,"s(curr_lastRippleHPC_z):curr_DOWN_yes",0.229420212237619,0.00193131473779225,0.282888840814933,0.106488619479839
957,"s(curr_lastRippleHPC_z):curr_DOWN_yes",0.200279059107364,0.00223866284469636,0.610302223279431,0.179765923736617
958,"s(curr_lastRippleHPC_z):curr_DOWN_yes",0.190071276860142,0.00315826073086113,0.346937975783347,0.890245473040063
959,"s(curr_lastRippleHPC_z):curr_DOWN_yes",0.099096376676358,0.00125388263227168,0.412545554905113,0.153501516776162
960,"s(curr_lastRippleHPC_z):curr_DOWN_yes",0.209275077932515,0.00139576866142957,0.5600608592706,0.172395262415807
961,"s(curr_lastRippleHPC_z):curr_DOWN_yes",0.290514107478628,0.00129668923490568,0.684564566154091,0.204028822987699
962,"s(curr_lastRippleHPC_z):curr_DOWN_yes",0.226152584158357,0.00229225372066262,0.457303321990035,0.380970340035618
963,"s(curr_lastRippleHPC_z):curr_DOWN_yes",0.209884359576184,0.00125598471020655,0.476579084593617,0.265152649009691
964,"s(curr_lastRippleHPC_z):curr_DOWN_yes",0.121543955637356,0.00182404608699167,0.449967642009624,0.137322433527586
965,"s(curr_lastRippleHPC_z):curr_DOWN_yes",0.255390071823522,0.00107680862610118,0.634286808434659,0.190604024253713
966,"s(curr_lastRippleHPC_z):curr_DOWN_yes",0.196938092955826,0.00217641611768879,0.572234452272538,0.168546548205524
967,"s(curr_lastRippleHPC_z):curr_DOWN_yes",0.207064277730652,0.00125293582750306,0.612874316993982,0.186789004580018
968,"s(curr_lastRippleHPC_z):curr_DOWN_yes",-0.00935723219726547,0.0012610874980672,0.44000013820485,0.12962419897867
969,"s(curr_lastRippleHPC_z):curr_DOWN_yes",0.0894082086842722,0.000995385918464853,0.374342313492537,0.110337523820842
970,"s(curr_lastRippleHPC_z):curr_DOWN_yes",0.16813170106782,0.00146499342715903,0.44031044363903,0.272284687994177
971,"s(curr_lastRippleHPC_z):curr_DOWN_yes",0.246433351483146,0.00230696637138837,0.559409598913666,0.268771775930109
972,"s(curr_lastRippleHPC_z):curr_DOWN_yes",0.15436372728254,0.000572543102392031,0.507823951815355,0.150137892762567
973,"s(curr_lastRippleHPC_z):curr_DOWN_yes",0.228003552577998,0.00144111154804683,0.396673568662693,0.284030047801819
974,"s(curr_lastRippleHPC_z):curr_DOWN_yes",0.136287329177286,0.00152241739050873,0.488237406824988,0.143788337276448
975,"s(curr_lastRippleHPC_z):curr_DOWN_yes",0.132219286546963,0.00148994171937174,0.475934056518279,0.140295207957747
976,"s(curr_lastRippleHPC_z):curr_DOWN_yes",0.241741748164841,0.00205888207864824,0.646504025584598,0.201091932243584
977,"s(curr_lastRippleHPC_z):curr_DOWN_yes",0.072336025783784,0.00131719093649601,0.3618789006924,0.357783259358665
978,"s(curr_lastRippleHPC_z):curr_DOWN_yes",0.0616970483856614,0.000342718842121882,0.273552121793677,0.0870137345960304
979,"s(curr_lastRippleHPC_z):curr_DOWN_yes",0.325941371660007,0.00344977408057635,0.624742636971856,0.378301943180172
980,"s(curr_lastRippleHPC_z):curr_DOWN_yes",0.168353578604354,0.00156312006001713,0.451669986020957,0.22849866227791
981,"s(curr_lastRippleHPC_z):curr_DOWN_yes",0.211037781483228,0.00241395234591525,0.595958907466422,0.209898098468492
982,"s(curr_lastRippleHPC_z):curr_DOWN_yes",0.298378058178857,0.00143081606593729,0.650584810748894,0.196881071998746
983,"s(curr_lastRippleHPC_z):curr_DOWN_yes",0.324443424893529,0.00355724526731782,0.760724937953114,0.224042701333286
984,"s(curr_lastRippleHPC_z):curr_DOWN_yes",0.263018871218548,0.00158753029484974,0.469026216499256,0.170725035123576
985,"s(curr_lastRippleHPC_z):curr_DOWN_yes",0.16378667803346,0.000798499442378718,0.433544858788225,0.202324940780129
986,"s(curr_lastRippleHPC_z):curr_DOWN_yes",0.19016402367439,0.00201277477459948,0.565598100584638,0.166706775735183
987,"s(curr_lastRippleHPC_z):curr_DOWN_yes",0.196201257127217,0.00214776104158574,0.594493692482049,0.175094937235153
988,"s(curr_lastRippleHPC_z):curr_DOWN_yes",0.227783503708818,0.00245579521792518,0.602411796127526,0.177591027455565
989,"s(curr_lastRippleHPC_z):curr_DOWN_yes",0.28658264627005,0.00234389954313065,0.35762150129569,0.209410995799175
990,"s(curr_lastRippleHPC_z):curr_DOWN_yes",0.128754836352012,0.0013616184227154,0.466589745226546,0.137419587796068
991,"s(curr_lastRippleHPC_z):curr_DOWN_yes",0.164485820328427,0.00223129937084741,0.520296943841959,0.281122087579099
992,"s(curr_lastRippleHPC_z):curr_DOWN_yes",0.226213384718722,0.00242752135146905,0.635295177058238,0.187101485448812
993,"s(curr_lastRippleHPC_z):curr_DOWN_yes",0.475508949497356,0.00520960589707946,0.891661986438905,0.263169966113205
994,"s(curr_lastRippleHPC_z):curr_DOWN_yes",0.120737381762836,0.000898215916871695,0.407826642193214,0.132378319223486
995,"s(curr_lastRippleHPC_z):curr_DOWN_yes",0.473514121890344,0.00431913568794571,0.660540733704469,0.225627127765864
996,"s(curr_lastRippleHPC_z):curr_DOWN_yes",0.167680589052364,0.00245855411393222,0.523371002110613,0.160157795413393
997,"s(curr_lastRippleHPC_z):curr_DOWN_yes",0.179492263406337,0.000845359515411375,0.557563065833099,0.166857353744265
998,"s(curr_lastRippleHPC_z):curr_DOWN_yes",0.105777949602297,0.00115475431745765,0.414204297098851,0.122139255684957
999,"s(curr_lastRippleHPC_z):curr_DOWN_yes",0.187912592177151,0.0016083855842694,0.656496154203915,0.276561315158984
1000,"s(curr_lastRippleHPC_z):curr_DOWN_yes",0.170158994339257,0.00119717469508204,0.391854589197822,0.211563201857986
1,"s(prev_lastRippleHPC_z):prev_DOWN_no",0.0915875180456851,0.000697665257562253,0.288011275298162,0.241335684000531
2,"s(prev_lastRippleHPC_z):prev_DOWN_no",0.107418872970832,0.000996071171188771,0.475073036782426,0.414388415169356
3,"s(prev_lastRippleHPC_z):prev_DOWN_no",0.116941767741708,0.000781020940495151,0.2521795751096,0.0540865776978467
4,"s(prev_lastRippleHPC_z):prev_DOWN_no",0.0127818773673667,0.000128339955992036,0.106922243816276,0.0326578294126674
5,"s(prev_lastRippleHPC_z):prev_DOWN_no",0.010321247560638,0.000119806688319465,0.0957080732674041,0.0471051672774976
6,"s(prev_lastRippleHPC_z):prev_DOWN_no",0.00590956403859977,1.82174617320953e-06,0.0174241234258668,0.00870147904559457
7,"s(prev_lastRippleHPC_z):prev_DOWN_no",0.0186120863899575,0.0015007660678306,0.129970328949449,0.693082467063004
8,"s(prev_lastRippleHPC_z):prev_DOWN_no",0.00343397290730696,3.43985484173484e-05,0.0568036370753286,0.0167969910015215
9,"s(prev_lastRippleHPC_z):prev_DOWN_no",0.0184333270848924,0.00118252868367684,0.138948251738037,0.562419534141615
10,"s(prev_lastRippleHPC_z):prev_DOWN_no",0.0192045388776334,0.000194651142175417,0.134957534979301,0.0398619365398342
11,"s(prev_lastRippleHPC_z):prev_DOWN_no",0.177289740452662,0.00110239145425075,0.718693082978908,0.187033011025286
12,"s(prev_lastRippleHPC_z):prev_DOWN_no",0.000245422100462633,0.000244999925766743,0.0166121799207462,0.173141824148195
13,"s(prev_lastRippleHPC_z):prev_DOWN_no",0.000885567749379312,0.000171988265607121,0.0302194841145034,0.122210262949465
14,"s(prev_lastRippleHPC_z):prev_DOWN_no",0.015796787168699,0.000468887690294662,0.122236959949084,0.266804538652256
15,"s(prev_lastRippleHPC_z):prev_DOWN_no",0.000189200622887853,5.5994244053918e-06,0.0227508622762718,0.00671519433198575
16,"s(prev_lastRippleHPC_z):prev_DOWN_no",0.0235265138036471,0.000840395713288185,0.154825496498476,0.377917689650195
17,"s(prev_lastRippleHPC_z):prev_DOWN_no",0.0679879860595634,0.000610495836735956,0.203194409618298,0.250604577265966
18,"s(prev_lastRippleHPC_z):prev_DOWN_no",0.124942222803085,0.00216645218625833,0.432077785703409,0.854240488219602
19,"s(prev_lastRippleHPC_z):prev_DOWN_no",0.0170218883993316,9.59241823575649e-05,0.0787746636368191,0.0246182492497644
20,"s(prev_lastRippleHPC_z):prev_DOWN_no",0.021478823223541,0.000197405202998726,0.144356435067973,0.0748969438121708
21,"s(prev_lastRippleHPC_z):prev_DOWN_no",0.157022081176266,0.0011616557954765,0.154733425299926,0.188135622595553
22,"s(prev_lastRippleHPC_z):prev_DOWN_no",0.00461168976494708,4.90172062913951e-05,0.0663006686846473,0.019603901981831
23,"s(prev_lastRippleHPC_z):prev_DOWN_no",0.0126111497706338,0.000186720577374173,0.105371656448337,0.0748403067057998
24,"s(prev_lastRippleHPC_z):prev_DOWN_no",0.125881197588814,0.000689686594740732,0.430881040374583,0.15571143835808
25,"s(prev_lastRippleHPC_z):prev_DOWN_no",0.027780557632413,0.000168227988706163,0.116615941357106,0.04285690291756
26,"s(prev_lastRippleHPC_z):prev_DOWN_no",0.00711570999895628,0.00129863536797078,0.0785322979632174,0.686164572465104
27,"s(prev_lastRippleHPC_z):prev_DOWN_no",0.294350904064019,0.00249367102215279,1.21217004243752,0.354982784542981
28,"s(prev_lastRippleHPC_z):prev_DOWN_no",0.249646813655108,0.00218057891402026,0.672698110162932,0.892971940569319
29,"s(prev_lastRippleHPC_z):prev_DOWN_no",0.00282175816176711,0.000369243950539027,0.0457445784835528,0.22885241962436
30,"s(prev_lastRippleHPC_z):prev_DOWN_no",0.0226161707095711,0.00131405641770304,0.144562969967746,0.650943542166959
31,"s(prev_lastRippleHPC_z):prev_DOWN_no",0.066661235470006,0.000786191249125557,0.144541779113064,0.405686820863767
32,"s(prev_lastRippleHPC_z):prev_DOWN_no",0.0896201561701275,0.00110989258945263,0.299200559520504,0.101971845540948
33,"s(prev_lastRippleHPC_z):prev_DOWN_no",-0.00133759136371303,2.7799104587142e-05,0.0511923086322886,0.0151048389302235
34,"s(prev_lastRippleHPC_z):prev_DOWN_no",0.301798341242412,0.00255876452728702,0.939701322567945,0.848547620893988
35,"s(prev_lastRippleHPC_z):prev_DOWN_no",0.206703450257383,0.00141259751703218,0.758574082318311,0.189829028310768
36,"s(prev_lastRippleHPC_z):prev_DOWN_no",0.0382044795036816,0.000657380567512866,0.200856261835344,0.162766016117999
37,"s(prev_lastRippleHPC_z):prev_DOWN_no",0.128535373496178,0.00117198366256934,0.411979720593301,0.450838480443697
38,"s(prev_lastRippleHPC_z):prev_DOWN_no",0.041190075182401,0.000793805007363101,0.186398263757473,0.332734302711035
39,"s(prev_lastRippleHPC_z):prev_DOWN_no",0.000169048629924617,2.17629364830249e-06,0.00814360874264331,0.00801176478091038
40,"s(prev_lastRippleHPC_z):prev_DOWN_no",0.0039147606382528,5.84326986947368e-05,0.0606785288823032,0.0270634381375394
41,"s(prev_lastRippleHPC_z):prev_DOWN_no",0.204406105990588,0.00131797402091659,0.510633059939569,0.133353028360272
42,"s(prev_lastRippleHPC_z):prev_DOWN_no",0.208416038635104,0.00180113893082982,0.820476517045326,0.399375076911831
43,"s(prev_lastRippleHPC_z):prev_DOWN_no",0.0294185677313532,0.000333820183496135,0.174186998310383,0.0525905295960808
44,"s(prev_lastRippleHPC_z):prev_DOWN_no",0.0385567147160977,0.000311211352341423,0.202766108690599,0.138346200903854
45,"s(prev_lastRippleHPC_z):prev_DOWN_no",0.0950602429816492,0.000772956324920805,0.379403640974708,0.163074475014252
46,"s(prev_lastRippleHPC_z):prev_DOWN_no",0.00157840430049649,0.000331461616531504,0.040874350692343,0.274992751557302
47,"s(prev_lastRippleHPC_z):prev_DOWN_no",0.0789848227018544,0.00115570561010935,0.310709821368263,0.47071778472306
48,"s(prev_lastRippleHPC_z):prev_DOWN_no",0.0322750910587688,0.000416902784383481,0.191056934539077,0.0896757993628094
49,"s(prev_lastRippleHPC_z):prev_DOWN_no",0.0218866719136415,0.000111984773731981,0.0697845778614417,0.0573330493819934
50,"s(prev_lastRippleHPC_z):prev_DOWN_no",0.0283267429877707,6.53516084119905e-05,0.124150726932385,0.0425524432980586
51,"s(prev_lastRippleHPC_z):prev_DOWN_no",0.096800015461171,0.00120449935858938,0.323923690695351,0.109299622681478
52,"s(prev_lastRippleHPC_z):prev_DOWN_no",0.0146993166174809,0.000538008041216809,0.129738420070744,0.238837688059562
53,"s(prev_lastRippleHPC_z):prev_DOWN_no",0.104952477765186,0.00130588330215264,0.361037131139636,0.461807529847818
54,"s(prev_lastRippleHPC_z):prev_DOWN_no",0.000803913090940966,9.19539236901492e-06,0.0287596489391687,0.00848005526692695
55,"s(prev_lastRippleHPC_z):prev_DOWN_no",0.0911743853154547,0.000344837910709963,0.339190027402096,0.117491004283505
56,"s(prev_lastRippleHPC_z):prev_DOWN_no",0.19820924571115,0.00131127392275945,0.669699338259096,0.538958564857315
57,"s(prev_lastRippleHPC_z):prev_DOWN_no",0.28686592989984,0.00221587606448812,0.753022064884364,0.221662876569364
58,"s(prev_lastRippleHPC_z):prev_DOWN_no",0.00368471422755956,0.000383874565323739,0.0616582791316196,0.264938473543967
59,"s(prev_lastRippleHPC_z):prev_DOWN_no",0.00323866319032362,3.72721038571581e-05,0.058810709792569,0.0173563586842044
60,"s(prev_lastRippleHPC_z):prev_DOWN_no",0.098336826242039,0.000427132092897148,0.504019609779125,0.182151389016396
61,"s(prev_lastRippleHPC_z):prev_DOWN_no",0.00209572753390574,0.000184140139195665,0.0454603845737561,0.122017143827422
62,"s(prev_lastRippleHPC_z):prev_DOWN_no",0.0510290515179488,0.000970464392870149,0.164911258632219,0.512132532627439
63,"s(prev_lastRippleHPC_z):prev_DOWN_no",0.0447300901417584,0.000204002066756821,0.184390835428443,0.0665284104944837
64,"s(prev_lastRippleHPC_z):prev_DOWN_no",0.066919911449081,0.000549935557851887,0.308224852216573,0.194337076542622
65,"s(prev_lastRippleHPC_z):prev_DOWN_no",0.0233883483761756,0.00033031148346479,0.149977822646774,0.0566654695994296
66,"s(prev_lastRippleHPC_z):prev_DOWN_no",0.000396217927002063,5.2499038230155e-05,0.018111886037906,0.0324150961063644
67,"s(prev_lastRippleHPC_z):prev_DOWN_no",0.000154719577566631,0.000510898697233647,0.020372191907588,0.342448801554784
68,"s(prev_lastRippleHPC_z):prev_DOWN_no",0.0102554230156642,0.000110920560724738,0.103654630263593,0.0305560389717276
69,"s(prev_lastRippleHPC_z):prev_DOWN_no",0.0775699734707747,0.000721951092082122,0.29514775514912,0.156991260386036
70,"s(prev_lastRippleHPC_z):prev_DOWN_no",0.0878390734885404,0.000624449575661777,0.270556182145017,0.308656772674115
71,"s(prev_lastRippleHPC_z):prev_DOWN_no",2.50792691733892e-05,4.21131957719366e-05,0.00999008521529034,0.0424396939060954
72,"s(prev_lastRippleHPC_z):prev_DOWN_no",0.183661267490919,0.00125112184273956,0.683331668849347,0.611755259821408
73,"s(prev_lastRippleHPC_z):prev_DOWN_no",0.00700241499512089,0.00138198764475255,0.0742515464383258,0.721169778914742
74,"s(prev_lastRippleHPC_z):prev_DOWN_no",0.0231525946958167,0.000116081027145174,0.0965790382470941,0.113046233862814
75,"s(prev_lastRippleHPC_z):prev_DOWN_no",0.00648973840347633,8.66995490157168e-05,0.0798084457414304,0.0298137669065317
76,"s(prev_lastRippleHPC_z):prev_DOWN_no",8.29762926448652e-05,1.04694983531214e-06,0.0098867120183837,0.00291502272486962
77,"s(prev_lastRippleHPC_z):prev_DOWN_no",0.280949258677849,0.00246384121545896,0.940993237421631,0.237818871544713
78,"s(prev_lastRippleHPC_z):prev_DOWN_no",0.0151149624022677,0.000154925649700396,0.119477334520374,0.0352122116291454
79,"s(prev_lastRippleHPC_z):prev_DOWN_no",0.0240068348236671,0.00139119974980726,0.156281748916415,0.588602091415107
80,"s(prev_lastRippleHPC_z):prev_DOWN_no",0.0294741907882923,0.000324602995400322,0.176536852471046,0.0520936490989603
81,"s(prev_lastRippleHPC_z):prev_DOWN_no",0.000217298333272886,0.00131546856506114,0.019617005848206,0.65092914542927
82,"s(prev_lastRippleHPC_z):prev_DOWN_no",0.0479391520567463,0.000305739124835291,0.178780358525116,0.0816680397353472
83,"s(prev_lastRippleHPC_z):prev_DOWN_no",0.174075465490284,0.00122215980760013,0.56994769302361,0.708717224063844
84,"s(prev_lastRippleHPC_z):prev_DOWN_no",0.013141684778561,0.000147213933491562,0.117099030062303,0.0345649908367691
85,"s(prev_lastRippleHPC_z):prev_DOWN_no",0.00542567015304041,0.00113175674499119,0.0745933790441007,0.602295117688726
86,"s(prev_lastRippleHPC_z):prev_DOWN_no",0.111313271994238,0.000824760461625847,0.176842221543014,0.284733252742103
87,"s(prev_lastRippleHPC_z):prev_DOWN_no",0.193507816710964,0.00122022618242974,0.713916643551708,0.446595161445451
88,"s(prev_lastRippleHPC_z):prev_DOWN_no",0.00642473179690839,3.5341500862362e-05,0.0525519877361157,0.0167724685680875
89,"s(prev_lastRippleHPC_z):prev_DOWN_no",0.010998878771888,0.0001452713343629,0.0984557915154549,0.072587795976656
90,"s(prev_lastRippleHPC_z):prev_DOWN_no",0.0360356554461481,0.00036318995823476,0.169490626608885,0.158961320496799
91,"s(prev_lastRippleHPC_z):prev_DOWN_no",0.00712454559386622,7.53184766446471e-05,0.087383312038612,0.0257582435016923
92,"s(prev_lastRippleHPC_z):prev_DOWN_no",0.00456778536882396,3.92581609864708e-05,0.0597180573755937,0.0175968189410563
93,"s(prev_lastRippleHPC_z):prev_DOWN_no",0.0131448276031332,0.000214082103531343,0.103420381277603,0.112061787845222
94,"s(prev_lastRippleHPC_z):prev_DOWN_no",0.00323866948963758,8.36469861237829e-05,0.0620100964005766,0.0474570103886585
95,"s(prev_lastRippleHPC_z):prev_DOWN_no",0.187447145664913,0.00150417758121407,0.707185043856596,0.19394274740798
96,"s(prev_lastRippleHPC_z):prev_DOWN_no",0.140609204086337,0.00119275388163389,0.257820254099328,0.0547721224972986
97,"s(prev_lastRippleHPC_z):prev_DOWN_no",1.23200134991563e-05,0.000600063858174003,0.0116507617382303,0.371089242082039
98,"s(prev_lastRippleHPC_z):prev_DOWN_no",0.0643884422152512,0.000651691763388486,0.244861858120469,0.0722340949674057
99,"s(prev_lastRippleHPC_z):prev_DOWN_no",0.146852987515162,0.00106561727792829,0.694093424794435,0.176421044340957
100,"s(prev_lastRippleHPC_z):prev_DOWN_no",0.149508511355435,0.00120461275205555,0.490295430000131,0.283341205389502
101,"s(prev_lastRippleHPC_z):prev_DOWN_no",0.0096505403781677,0.00109217440599002,0.096393251427044,0.509864233130407
102,"s(prev_lastRippleHPC_z):prev_DOWN_no",0.0751867981148182,0.00130271536035997,0.133026715191876,0.564616090534001
103,"s(prev_lastRippleHPC_z):prev_DOWN_no",0.105926626335402,0.00125132029246433,0.319485607065601,0.140366795962926
104,"s(prev_lastRippleHPC_z):prev_DOWN_no",0.16320049741508,0.000901583354592887,0.604801044900776,0.165293575094635
105,"s(prev_lastRippleHPC_z):prev_DOWN_no",0.00920337237920954,0.000104384625009925,0.0984413450389649,0.0290197523544445
106,"s(prev_lastRippleHPC_z):prev_DOWN_no",0.114930994324358,0.000550866983815888,0.209678733600016,0.05503665041225
107,"s(prev_lastRippleHPC_z):prev_DOWN_no",0.00933124115515227,0.000101132306611148,0.0949593766555757,0.028043856029306
108,"s(prev_lastRippleHPC_z):prev_DOWN_no",0.0190319105611252,0.000407559673322022,0.142579629409214,0.0768919207895724
109,"s(prev_lastRippleHPC_z):prev_DOWN_no",0.208670125600716,0.00171987681660861,0.712332321667034,0.726612263389505
110,"s(prev_lastRippleHPC_z):prev_DOWN_no",0.0316715943688646,0.000511908523301502,0.174086632274572,0.126163980023053
111,"s(prev_lastRippleHPC_z):prev_DOWN_no",0.00622418362864696,0.00132441264399599,0.0836110635822858,0.625571147587617
112,"s(prev_lastRippleHPC_z):prev_DOWN_no",0.299619463567982,0.00266776925480772,0.839154816588684,1.01967248326272
113,"s(prev_lastRippleHPC_z):prev_DOWN_no",0.196200484935546,0.00129339826100207,0.338712482665133,0.155928311414082
114,"s(prev_lastRippleHPC_z):prev_DOWN_no",0.119816368328829,0.000743807022724521,0.408575160648425,0.273177158642047
115,"s(prev_lastRippleHPC_z):prev_DOWN_no",0.213982084273417,0.00231535220904575,0.456377683620693,0.169272004484051
116,"s(prev_lastRippleHPC_z):prev_DOWN_no",0.00163933121503668,1.81570962015351e-05,0.0400836219244732,0.0118098561952868
117,"s(prev_lastRippleHPC_z):prev_DOWN_no",0.0518917451065457,0.000617579932378754,0.192367430244906,0.162701519020258
118,"s(prev_lastRippleHPC_z):prev_DOWN_no",0.0371969128847924,0.000307616226481155,0.143757358230941,0.10400553191796
119,"s(prev_lastRippleHPC_z):prev_DOWN_no",7.47541493417714e-06,5.95297807415033e-07,0.00742414007901151,0.00219336396776885
120,"s(prev_lastRippleHPC_z):prev_DOWN_no",0.224858004892972,0.00223557971421351,0.725057354026725,0.511828067010284
121,"s(prev_lastRippleHPC_z):prev_DOWN_no",-0.000127123221068004,0.000288356744890924,0.0088797680304385,0.225617261124529
122,"s(prev_lastRippleHPC_z):prev_DOWN_no",0.0427213602860119,0.000371965708498071,0.145270791301499,0.127119531791085
123,"s(prev_lastRippleHPC_z):prev_DOWN_no",0.151768964565819,0.00105707763394332,0.656176505367537,0.231460655321661
124,"s(prev_lastRippleHPC_z):prev_DOWN_no",0.0171735231287435,0.000184320460582161,0.129565383675743,0.0382642424227547
125,"s(prev_lastRippleHPC_z):prev_DOWN_no",0.0558612405252665,0.000242627145471427,0.0720578717661489,0.0254117681573851
126,"s(prev_lastRippleHPC_z):prev_DOWN_no",0.0274375108186868,0.000293461476687919,0.16612286166706,0.0502608521187308
127,"s(prev_lastRippleHPC_z):prev_DOWN_no",0.00115895694475388,0.000153128447578984,0.0336696768665951,0.121769263911958
128,"s(prev_lastRippleHPC_z):prev_DOWN_no",0.151403963234105,0.00183715381289074,0.693241640776146,0.669317119736094
129,"s(prev_lastRippleHPC_z):prev_DOWN_no",0.00169660177855402,0.000316941928941816,0.0383981113009473,0.210741414455366
130,"s(prev_lastRippleHPC_z):prev_DOWN_no",0.00335294507228134,3.13535433559915e-05,0.0527398915443804,0.0155804393964688
131,"s(prev_lastRippleHPC_z):prev_DOWN_no",0.00231353129983169,7.18499833881403e-05,0.0469047410457134,0.0618739000703846
132,"s(prev_lastRippleHPC_z):prev_DOWN_no",0.0342917063483661,0.000365542324393149,0.177099921666531,0.0553932795922922
133,"s(prev_lastRippleHPC_z):prev_DOWN_no",0.104376764624478,0.00108454592492443,0.337473354968095,0.502933401511248
134,"s(prev_lastRippleHPC_z):prev_DOWN_no",0.00112231792289563,1.22187278601399e-05,0.034116884427079,0.0101104212058268
135,"s(prev_lastRippleHPC_z):prev_DOWN_no",0.0257130481570096,0.00107508736632608,0.153148266335681,0.50087804569256
136,"s(prev_lastRippleHPC_z):prev_DOWN_no",0.142422755738713,0.00111190645335459,0.599860984238385,0.219785646227742
137,"s(prev_lastRippleHPC_z):prev_DOWN_no",0.0469709196631998,0.00115848993027802,0.105449616297345,0.609998302306926
138,"s(prev_lastRippleHPC_z):prev_DOWN_no",0.118260612591264,0.000850890995477169,0.34345944460897,0.41955349648674
139,"s(prev_lastRippleHPC_z):prev_DOWN_no",0.0429743292548608,0.00148974770204317,0.218849321256908,0.558536916171786
140,"s(prev_lastRippleHPC_z):prev_DOWN_no",0.153722770634079,0.000916433908559442,0.275892240297118,0.122593547144624
141,"s(prev_lastRippleHPC_z):prev_DOWN_no",0.00080329171205662,8.9186259275216e-06,0.0299443582767543,0.00883352333851939
142,"s(prev_lastRippleHPC_z):prev_DOWN_no",0.00497164320987942,8.58541303120793e-05,0.0762300182829814,0.0391445157123383
143,"s(prev_lastRippleHPC_z):prev_DOWN_no",0.0393037118689685,0.000307683594982157,0.175381191182757,0.143747113205108
144,"s(prev_lastRippleHPC_z):prev_DOWN_no",0.099890500048021,0.000759898516512763,0.194612765181454,0.0559861498133816
145,"s(prev_lastRippleHPC_z):prev_DOWN_no",0.0071467317349283,9.32691452665434e-05,0.0946951338300538,0.0279342000104474
146,"s(prev_lastRippleHPC_z):prev_DOWN_no",0.311186559201094,0.00269573128669154,0.543363201397622,1.04385256492118
147,"s(prev_lastRippleHPC_z):prev_DOWN_no",0.0469565720824852,0.00125983786878013,0.184709548522526,0.617639171913392
148,"s(prev_lastRippleHPC_z):prev_DOWN_no",0.0855162580577753,0.00112371163861494,0.199630812929553,0.442707492096696
149,"s(prev_lastRippleHPC_z):prev_DOWN_no",0.20831301067463,0.00142190839321061,0.474583282574444,0.275457348988813
150,"s(prev_lastRippleHPC_z):prev_DOWN_no",0.0124762845255235,6.46561976724243e-05,0.0825506667523772,0.0853791188333798
151,"s(prev_lastRippleHPC_z):prev_DOWN_no",0.00812973270291906,0.000947049987978319,0.0612740383398758,0.63503146235136
152,"s(prev_lastRippleHPC_z):prev_DOWN_no",0.071198847169665,0.000280089390008483,0.307348678375467,0.0686309172689593
153,"s(prev_lastRippleHPC_z):prev_DOWN_no",0.0280865730485562,6.61212448254488e-05,0.15892478110233,0.0490278247386893
154,"s(prev_lastRippleHPC_z):prev_DOWN_no",0.0127167202771687,2.16549642000752e-05,0.112356165139987,0.0334878257717542
155,"s(prev_lastRippleHPC_z):prev_DOWN_no",0.0286230223430142,0.000932690640705846,0.171025095561697,0.447775054401556
156,"s(prev_lastRippleHPC_z):prev_DOWN_no",0.0418996144773534,0.000471677038508498,0.118693093413533,0.260603097467901
157,"s(prev_lastRippleHPC_z):prev_DOWN_no",0.0431754401655011,0.000411222862247094,0.179079679665812,0.168556517912262
158,"s(prev_lastRippleHPC_z):prev_DOWN_no",0.0700306816894072,0.000979358221201566,0.219875358987102,0.422334382556966
159,"s(prev_lastRippleHPC_z):prev_DOWN_no",0.176110052042621,0.00108024449708306,0.776970382797313,0.427071519188049
160,"s(prev_lastRippleHPC_z):prev_DOWN_no",0.0062508891997366,0.000143548830576053,0.0801029308315423,0.0777746841899253
161,"s(prev_lastRippleHPC_z):prev_DOWN_no",0.0108774403366683,0.000138330033134478,0.0940757144501134,0.0425506840214068
162,"s(prev_lastRippleHPC_z):prev_DOWN_no",0.209560212011234,0.00140584222743624,0.521708035766481,0.127119412709863
163,"s(prev_lastRippleHPC_z):prev_DOWN_no",0.00349888339374971,0.00195630814987957,0.0565259195790067,0.803812750204658
164,"s(prev_lastRippleHPC_z):prev_DOWN_no",0.0305718575581215,0.000320473224497301,0.177619170825894,0.0523976914976899
165,"s(prev_lastRippleHPC_z):prev_DOWN_no",0.0305766497930824,0.000179045899033127,0.105433189474206,0.0550182447217306
166,"s(prev_lastRippleHPC_z):prev_DOWN_no",0.0150634894242136,0.000376808402979454,0.122333028804194,0.13647190170163
167,"s(prev_lastRippleHPC_z):prev_DOWN_no",0.0760299227124328,0.00107371709818167,0.344003786320543,0.468007384109953
168,"s(prev_lastRippleHPC_z):prev_DOWN_no",0.0290080796995884,0.000698049537435471,0.0507677097217642,0.356650660734125
169,"s(prev_lastRippleHPC_z):prev_DOWN_no",0.145159509765174,0.00179481203752189,0.360089877750341,0.627163589557321
170,"s(prev_lastRippleHPC_z):prev_DOWN_no",0.0247129141061952,0.000277678324606847,0.16276606942248,0.0480492956923593
171,"s(prev_lastRippleHPC_z):prev_DOWN_no",0.0759326143298225,0.00125463383267966,0.21790919297436,0.6631979019846
172,"s(prev_lastRippleHPC_z):prev_DOWN_no",0.004292234359486,0.000176837034516151,0.0616966368419363,0.135923661672572
173,"s(prev_lastRippleHPC_z):prev_DOWN_no",0.038613829946609,0.000444332335262582,0.207009560604104,0.0612685647813346
174,"s(prev_lastRippleHPC_z):prev_DOWN_no",0.0209305796615187,3.8921010469985e-05,0.0874048860797473,0.0548195588068389
175,"s(prev_lastRippleHPC_z):prev_DOWN_no",0.206561825809145,0.00129665247319351,0.499880489560319,0.116794926187852
176,"s(prev_lastRippleHPC_z):prev_DOWN_no",0.0219682006945874,0.000229127042272958,0.146779548457487,0.043329450129399
177,"s(prev_lastRippleHPC_z):prev_DOWN_no",0.124426624170177,0.00108099805935267,0.543967150650407,0.123915989950783
178,"s(prev_lastRippleHPC_z):prev_DOWN_no",0.00279704009960913,0.000813533888742011,0.0469003700061034,0.469465975212627
179,"s(prev_lastRippleHPC_z):prev_DOWN_no",0.0746323665103938,0.00122586418177325,0.276892553117,0.366608096337577
180,"s(prev_lastRippleHPC_z):prev_DOWN_no",0.0142451805066726,0.00014638462430451,0.12009757573427,0.0354249605251153
181,"s(prev_lastRippleHPC_z):prev_DOWN_no",0.124963046192767,0.00109895500017521,0.657936843041458,0.386516830603764
182,"s(prev_lastRippleHPC_z):prev_DOWN_no",0.00732938408410977,0.000319697152282045,0.0323441559169953,0.264820915151609
183,"s(prev_lastRippleHPC_z):prev_DOWN_no",0.227088669991023,0.0019736882922086,0.515172391462002,0.626894153263869
184,"s(prev_lastRippleHPC_z):prev_DOWN_no",0.205226579847722,0.00142280313290777,0.445189488480926,0.593650087883126
185,"s(prev_lastRippleHPC_z):prev_DOWN_no",0.0877681756607904,0.000368607431248043,0.443645190049368,0.252145292391171
186,"s(prev_lastRippleHPC_z):prev_DOWN_no",0.117362179136577,0.000797736005968041,0.263195854285029,0.09526587437722
187,"s(prev_lastRippleHPC_z):prev_DOWN_no",0.0152861945052125,8.30745442556661e-06,0.0602868427167546,0.0279909969057861
188,"s(prev_lastRippleHPC_z):prev_DOWN_no",0.0405121487306435,0.00118966485172385,0.0978239431956642,0.591561084567477
189,"s(prev_lastRippleHPC_z):prev_DOWN_no",0.202444062967221,0.00155651627242146,0.676586200197798,0.168480521633716
190,"s(prev_lastRippleHPC_z):prev_DOWN_no",0.0120446968485171,0.000118951184353445,0.106483200582607,0.0313737469723958
191,"s(prev_lastRippleHPC_z):prev_DOWN_no",3.41449135037308e-05,0.000182725812124055,0.0021008424310424,0.118416030265857
192,"s(prev_lastRippleHPC_z):prev_DOWN_no",0.0936068016777867,0.000675808033005614,0.374464385402355,0.318798158132313
193,"s(prev_lastRippleHPC_z):prev_DOWN_no",0.0839990737809746,0.000248397998428474,0.351376655135142,0.229923318296958
194,"s(prev_lastRippleHPC_z):prev_DOWN_no",0.164191566181312,0.00139422697952047,0.431057281456686,0.240163651241979
195,"s(prev_lastRippleHPC_z):prev_DOWN_no",0.164278596288231,0.00102661429066208,0.557936306048963,0.131573296475395
196,"s(prev_lastRippleHPC_z):prev_DOWN_no",0.0076072054259706,5.46237137841909e-06,0.0462621754971713,0.0208838708297605
197,"s(prev_lastRippleHPC_z):prev_DOWN_no",0.0039509643199116,0.000703437781922714,0.0587858984954419,0.35051602957885
198,"s(prev_lastRippleHPC_z):prev_DOWN_no",0.00020342628899428,4.89050718948926e-05,0.0153389128796619,0.0350218469970398
199,"s(prev_lastRippleHPC_z):prev_DOWN_no",0.0927538398730032,0.000205495961782996,0.310909728528259,0.0991103131379134
200,"s(prev_lastRippleHPC_z):prev_DOWN_no",0.0547041287507648,0.000328341746538926,0.177766198172992,0.0536707571766917
201,"s(prev_lastRippleHPC_z):prev_DOWN_no",0.1737359052407,0.00241064564667887,0.619170279172432,0.741097034640753
202,"s(prev_lastRippleHPC_z):prev_DOWN_no",0.0641339631029396,0.000701698558481338,0.262248434873439,0.0788859817029178
203,"s(prev_lastRippleHPC_z):prev_DOWN_no",0.0313009335496544,4.96741816386223e-05,0.122458213437812,0.0380969451728019
204,"s(prev_lastRippleHPC_z):prev_DOWN_no",0.185560458519714,0.00158568668693124,0.428237256707216,0.531913794996183
205,"s(prev_lastRippleHPC_z):prev_DOWN_no",0.00594995553949307,0.000184000203592187,0.0792548533451054,0.0788426761878226
206,"s(prev_lastRippleHPC_z):prev_DOWN_no",0.149963686067085,0.000824069913773761,0.56192924247669,0.142517219134089
207,"s(prev_lastRippleHPC_z):prev_DOWN_no",0.127876740002223,0.000647350488547025,0.387958563614705,0.133852069329388
208,"s(prev_lastRippleHPC_z):prev_DOWN_no",0.00151791194695861,2.90882847400616e-05,0.0402005654780268,0.0233404708553807
209,"s(prev_lastRippleHPC_z):prev_DOWN_no",0.0199065568086079,0.000413795280787261,0.150979062162898,0.175741669954472
210,"s(prev_lastRippleHPC_z):prev_DOWN_no",0.0723832802353721,0.000487483066384047,0.302329314686988,0.138324788532569
211,"s(prev_lastRippleHPC_z):prev_DOWN_no",0.00344057768055706,0.000107313843602604,0.0634793927442456,0.0527630405210282
212,"s(prev_lastRippleHPC_z):prev_DOWN_no",0.154876113312206,0.00141689961215518,0.650779521269907,0.448759213879733
213,"s(prev_lastRippleHPC_z):prev_DOWN_no",0.0055514458636754,6.19843642138785e-05,0.0796026744056361,0.0234551189201202
214,"s(prev_lastRippleHPC_z):prev_DOWN_no",0.0660509165933139,0.00102950773267853,0.264212678008774,0.238082469873414
215,"s(prev_lastRippleHPC_z):prev_DOWN_no",0.00491677275138169,0.000182226870425583,0.0709062480818997,0.136607925998585
216,"s(prev_lastRippleHPC_z):prev_DOWN_no",0.0737635217400197,0.000488364133719578,0.370869547810436,0.0823285548082016
217,"s(prev_lastRippleHPC_z):prev_DOWN_no",0.12520391673959,0.000683690214026032,0.422040609298882,0.122214423204085
218,"s(prev_lastRippleHPC_z):prev_DOWN_no",0.0101519004353792,9.82548879301393e-05,0.0957102195083123,0.0281820076584308
219,"s(prev_lastRippleHPC_z):prev_DOWN_no",0.0332600600169872,0.00010990355927266,0.156319323457024,0.0533064500476623
220,"s(prev_lastRippleHPC_z):prev_DOWN_no",0.00471268841803596,0.000144495372343113,0.0705539202877683,0.0893326098929302
221,"s(prev_lastRippleHPC_z):prev_DOWN_no",0.00371794024998628,4.1830458122434e-05,0.0624202989753065,0.0184111242108578
222,"s(prev_lastRippleHPC_z):prev_DOWN_no",0.0179686834626311,5.47305174681748e-05,0.077467216637832,0.0291710988539436
223,"s(prev_lastRippleHPC_z):prev_DOWN_no",0.00306917193607692,0.000101141746755557,0.0514315447593714,0.0652365582681022
224,"s(prev_lastRippleHPC_z):prev_DOWN_no",0.0631070538744973,0.00107845308392514,0.133779911291754,0.501081373696911
225,"s(prev_lastRippleHPC_z):prev_DOWN_no",0.0250074543441308,0.000657653830222575,0.0578201863885764,0.343597252463807
226,"s(prev_lastRippleHPC_z):prev_DOWN_no",0.0284421165386162,0.000282332724985996,0.164806933012723,0.0485830258108691
227,"s(prev_lastRippleHPC_z):prev_DOWN_no",0.0200356823959007,0.000470207511395276,0.13869096118931,0.22397684023043
228,"s(prev_lastRippleHPC_z):prev_DOWN_no",0.131958047104179,0.00097575874608392,0.49348033972032,0.414200607153084
229,"s(prev_lastRippleHPC_z):prev_DOWN_no",0.0835868621326448,0.000385048289087832,0.176778293861053,0.0757497005164901
230,"s(prev_lastRippleHPC_z):prev_DOWN_no",0.0271765298980915,0.000166608583103803,0.111609045774925,0.0714282488301807
231,"s(prev_lastRippleHPC_z):prev_DOWN_no",0.000616747067320844,4.21054025764665e-06,0.0196315762621295,0.00578914969806276
232,"s(prev_lastRippleHPC_z):prev_DOWN_no",0.00121312812642405,0.000191964543907653,0.0359733371877035,0.136570621896008
233,"s(prev_lastRippleHPC_z):prev_DOWN_no",0.106477450646417,0.000589381730880124,0.415197353523153,0.173529742351528
234,"s(prev_lastRippleHPC_z):prev_DOWN_no",0.0384908768296857,0.000159678675411568,0.134539751240479,0.0428637670042371
235,"s(prev_lastRippleHPC_z):prev_DOWN_no",-1.44745907384447e-05,6.80562951792321e-08,0.00251644364642717,0.000743324153878061
236,"s(prev_lastRippleHPC_z):prev_DOWN_no",0.178184760230551,0.00152515305160688,0.584804662007267,0.254017588531784
237,"s(prev_lastRippleHPC_z):prev_DOWN_no",0.231933696179975,0.00255999222366967,0.528739066375794,0.581194348472205
238,"s(prev_lastRippleHPC_z):prev_DOWN_no",0.0394635396995007,0.000930293209051827,0.191838133681198,0.341896112266428
239,"s(prev_lastRippleHPC_z):prev_DOWN_no",0.253084408103585,0.00211789181350312,0.623183725779084,0.638812212578479
240,"s(prev_lastRippleHPC_z):prev_DOWN_no",0.155309851558658,0.000984902273788167,0.552380929336862,0.204587284325432
241,"s(prev_lastRippleHPC_z):prev_DOWN_no",0.00158896643530593,0.000308157580536879,0.0435921670334481,0.23357156316536
242,"s(prev_lastRippleHPC_z):prev_DOWN_no",0.125945368379852,0.00125198187778145,0.342635005416813,0.361700391193715
243,"s(prev_lastRippleHPC_z):prev_DOWN_no",0.000608599273801858,0.00118532221262403,0.0313259370357512,0.636981680880032
244,"s(prev_lastRippleHPC_z):prev_DOWN_no",0.0282273429094371,3.80899887808138e-05,0.12166127851512,0.0701229956855178
245,"s(prev_lastRippleHPC_z):prev_DOWN_no",0.040849152329554,0.000173395984961519,0.116221583163949,0.0483539130387012
246,"s(prev_lastRippleHPC_z):prev_DOWN_no",0.00394982837818514,0.000107397569318457,0.0609731427106592,0.0432709999565234
247,"s(prev_lastRippleHPC_z):prev_DOWN_no",0.131687059247002,0.000915748936254002,0.519291805356645,0.149227310000273
248,"s(prev_lastRippleHPC_z):prev_DOWN_no",0.00577100919629725,0.000635943729028218,0.0678030351699717,0.348682077796462
249,"s(prev_lastRippleHPC_z):prev_DOWN_no",0.00511781051514504,0.00142224608276587,0.0667621811582506,0.715442155778089
250,"s(prev_lastRippleHPC_z):prev_DOWN_no",0.00147240854066499,9.72926769694681e-05,0.0434751313539307,0.0685104012370997
251,"s(prev_lastRippleHPC_z):prev_DOWN_no",0.13105287937428,0.00100301965652704,0.413393112634755,0.211071389623384
252,"s(prev_lastRippleHPC_z):prev_DOWN_no",0.000734672075757281,0.000841043275184022,0.0306026241470412,0.44890009060626
253,"s(prev_lastRippleHPC_z):prev_DOWN_no",0.0723879771007407,8.80424231394239e-05,0.370641393415886,0.120056879467631
254,"s(prev_lastRippleHPC_z):prev_DOWN_no",0.160190529931886,0.00130492222327283,0.548072249684117,0.196948582413986
255,"s(prev_lastRippleHPC_z):prev_DOWN_no",0.093452907729386,0.000582900843161416,0.377261722257194,0.360898975609176
256,"s(prev_lastRippleHPC_z):prev_DOWN_no",0.0018160373590419,1.92434601138629e-05,0.0414692880961316,0.012223940943326
257,"s(prev_lastRippleHPC_z):prev_DOWN_no",0.0896290088739606,0.000565402560337608,0.25048882311486,0.151311139787352
258,"s(prev_lastRippleHPC_z):prev_DOWN_no",0.0014040297004021,1.49571930089171e-05,0.037653360071986,0.0111233328370508
259,"s(prev_lastRippleHPC_z):prev_DOWN_no",0.0122259149405082,0.000288585321612739,0.107968920018045,0.130415636664923
260,"s(prev_lastRippleHPC_z):prev_DOWN_no",0.088741317754347,0.00077028240176083,0.270798682510081,0.195767745449157
261,"s(prev_lastRippleHPC_z):prev_DOWN_no",0.0197734138005492,0.00052051575928084,0.0695543137570164,0.251511966009797
262,"s(prev_lastRippleHPC_z):prev_DOWN_no",0.00587902206837665,2.83721806472842e-05,0.0367779700319783,0.0171153724084098
263,"s(prev_lastRippleHPC_z):prev_DOWN_no",0.380315432155261,0.00311956231753387,0.918876353514423,0.280501297527457
264,"s(prev_lastRippleHPC_z):prev_DOWN_no",0.160092179441728,0.000879822990897552,0.539820598355065,0.30964364471177
265,"s(prev_lastRippleHPC_z):prev_DOWN_no",0.241676150545305,0.0022718827656152,0.428976846749379,0.122022648738117
266,"s(prev_lastRippleHPC_z):prev_DOWN_no",0.0163699319900115,0.000182930363306236,0.133120794059501,0.0392957483386897
267,"s(prev_lastRippleHPC_z):prev_DOWN_no",0.155545703955434,0.000902096965961079,0.638113513642213,0.166318976140675
268,"s(prev_lastRippleHPC_z):prev_DOWN_no",0.034882834022282,0.00038679972420315,0.190396267262705,0.0563633665546935
269,"s(prev_lastRippleHPC_z):prev_DOWN_no",0.0152109210365881,0.000160006060129568,0.12199080772973,0.035943877383663
270,"s(prev_lastRippleHPC_z):prev_DOWN_no",0.00871459159894261,8.85888029760597e-05,0.0883135578582999,0.026073265270883
271,"s(prev_lastRippleHPC_z):prev_DOWN_no",0.0804229330846216,0.000455784081047198,0.279850987172733,0.159909595688408
272,"s(prev_lastRippleHPC_z):prev_DOWN_no",0.270382536147677,0.00250176302937924,0.747948074582641,0.39825321127275
273,"s(prev_lastRippleHPC_z):prev_DOWN_no",0.0613760526260236,0.00027241709568706,0.0979158365952907,0.0406616901517243
274,"s(prev_lastRippleHPC_z):prev_DOWN_no",0.0204112450891634,0.000213378210234642,0.144271181872391,0.0425617770134662
275,"s(prev_lastRippleHPC_z):prev_DOWN_no",0.0593093117579278,0.000521268575199968,0.22972020383861,0.192655159260018
276,"s(prev_lastRippleHPC_z):prev_DOWN_no",0.147770369401081,0.00101360263264086,0.308574388406808,0.247586859547751
277,"s(prev_lastRippleHPC_z):prev_DOWN_no",0.122885133702604,0.0010916440939397,0.496676563662047,0.377422001461179
278,"s(prev_lastRippleHPC_z):prev_DOWN_no",0.000184047310673563,0.000217778840844264,0.0209459888340995,0.221931322241135
279,"s(prev_lastRippleHPC_z):prev_DOWN_no",0.0379651847806013,0.000395369620215604,0.155889767213653,0.172865522566762
280,"s(prev_lastRippleHPC_z):prev_DOWN_no",0.0469325310067372,0.000508969295141575,0.213747400743887,0.0630531209758284
281,"s(prev_lastRippleHPC_z):prev_DOWN_no",0.00153420033945384,0.000115605043956188,0.0432547503486916,0.0777327209519088
282,"s(prev_lastRippleHPC_z):prev_DOWN_no",-5.97742700696458e-05,1.08350203884695e-06,0.00959348303676017,0.00283145742367616
283,"s(prev_lastRippleHPC_z):prev_DOWN_no",0.0368291291908704,0.000438483858729314,0.19283768080403,0.0771245713693209
284,"s(prev_lastRippleHPC_z):prev_DOWN_no",0.163626635051735,0.00110273066149997,0.696839392348781,0.183653812086528
285,"s(prev_lastRippleHPC_z):prev_DOWN_no",0.00228300300060891,0.00146720336325623,0.0518465602574683,0.729777998570821
286,"s(prev_lastRippleHPC_z):prev_DOWN_no",0.00928343828317413,9.90770137451343e-05,0.0991220645425606,0.0292359854493272
287,"s(prev_lastRippleHPC_z):prev_DOWN_no",0.00370690082747771,3.18108583442255e-05,0.0538186238589702,0.0158799058308661
288,"s(prev_lastRippleHPC_z):prev_DOWN_no",0.0161314758129345,0.000184296663073328,0.121660595030879,0.0468320881018947
289,"s(prev_lastRippleHPC_z):prev_DOWN_no",0.00578651931227725,6.13105761127143e-05,0.0755536924131516,0.0223035502316216
290,"s(prev_lastRippleHPC_z):prev_DOWN_no",0.0601015663315554,0.000428479239793279,0.226233792749159,0.177237332356684
291,"s(prev_lastRippleHPC_z):prev_DOWN_no",0.149156809111115,0.000764811578053517,0.506674561461555,0.123398580258385
292,"s(prev_lastRippleHPC_z):prev_DOWN_no",0.0412517435037918,0.000511672683811679,0.20256123353686,0.105253562048093
293,"s(prev_lastRippleHPC_z):prev_DOWN_no",0.0107499785913276,3.09559843092763e-06,0.0298120106692575,0.0155659081978865
294,"s(prev_lastRippleHPC_z):prev_DOWN_no",0.00933457851387764,0.000625933442954955,0.0929071771047192,0.353240067572123
295,"s(prev_lastRippleHPC_z):prev_DOWN_no",0.0807230819333267,0.000581224627091976,0.239247609208809,0.099207847490205
296,"s(prev_lastRippleHPC_z):prev_DOWN_no",-4.1794861500577e-06,3.86176226366063e-06,0.00134531045457469,0.0130069253215757
297,"s(prev_lastRippleHPC_z):prev_DOWN_no",0.108417223454244,0.00050909499384211,0.385621985347334,0.107961871847826
298,"s(prev_lastRippleHPC_z):prev_DOWN_no",0.0241272045553078,0.000262748650449687,0.158562011496125,0.0467974752664273
299,"s(prev_lastRippleHPC_z):prev_DOWN_no",0.149439464920184,0.000930245019668407,0.377199535551853,0.0980562121022805
300,"s(prev_lastRippleHPC_z):prev_DOWN_no",0.121755530117578,0.000606809277479318,0.370171149309744,0.0863483310319708
301,"s(prev_lastRippleHPC_z):prev_DOWN_no",0.0041454422732139,3.8827317305777e-05,0.0583725808154185,0.0172291829309003
302,"s(prev_lastRippleHPC_z):prev_DOWN_no",0.0234267829857151,0.000250175598317875,0.150927837707042,0.0445076508979747
303,"s(prev_lastRippleHPC_z):prev_DOWN_no",-3.21130370899425e-05,0.00152040823146022,0.0026872593992866,0.662044598150727
304,"s(prev_lastRippleHPC_z):prev_DOWN_no",-5.7339121413591e-05,7.83001128083669e-05,0.00126264600728208,0.0815244077714136
305,"s(prev_lastRippleHPC_z):prev_DOWN_no",0.180706133086876,0.00154856427769271,0.512201276254969,0.19830662513673
306,"s(prev_lastRippleHPC_z):prev_DOWN_no",0.179257125601387,0.00122989261170276,0.155433783143266,0.234272097979919
307,"s(prev_lastRippleHPC_z):prev_DOWN_no",0.132450530913984,0.00159264747898426,0.407951326739497,0.247253962271171
308,"s(prev_lastRippleHPC_z):prev_DOWN_no",0.00420630139037748,5.57922647677924e-05,0.0703408723258804,0.0238425904685421
309,"s(prev_lastRippleHPC_z):prev_DOWN_no",0.07239713449792,0.000309085514836352,0.201998967778965,0.0873774476747998
310,"s(prev_lastRippleHPC_z):prev_DOWN_no",0.106976493719713,0.000994579850762143,0.442446608295559,0.388908024327445
311,"s(prev_lastRippleHPC_z):prev_DOWN_no",0.0164252326874772,0.000130167734008039,0.0449028504140179,0.0587060264842475
312,"s(prev_lastRippleHPC_z):prev_DOWN_no",0.00807833695993665,0.000115222363368535,0.0947513660630692,0.0361555800546092
313,"s(prev_lastRippleHPC_z):prev_DOWN_no",0.150305770282497,0.00108447435570165,0.521922733192186,0.576248536975309
314,"s(prev_lastRippleHPC_z):prev_DOWN_no",0.201031967910868,0.00210750855201243,0.667548678417736,0.487870036536037
315,"s(prev_lastRippleHPC_z):prev_DOWN_no",0.190160315611679,0.001631051101933,0.355641681203542,0.108763600709037
316,"s(prev_lastRippleHPC_z):prev_DOWN_no",0.141918389842418,0.00104559365012552,0.143020712364332,0.212476160887945
317,"s(prev_lastRippleHPC_z):prev_DOWN_no",0.135353272071398,0.00093707261470563,0.242992528093886,0.188937175626549
318,"s(prev_lastRippleHPC_z):prev_DOWN_no",0.153715495417273,0.00239852783783582,0.293955201974624,0.861962495460667
319,"s(prev_lastRippleHPC_z):prev_DOWN_no",0.0687547420669841,0.000906060411789775,0.207696810253047,0.366630520373324
320,"s(prev_lastRippleHPC_z):prev_DOWN_no",0.00289432767390618,2.90938990733048e-07,0.015924031896952,0.00668688384437025
321,"s(prev_lastRippleHPC_z):prev_DOWN_no",0.00260740800890513,2.75899402579038e-05,0.051679821816916,0.015257359599438
322,"s(prev_lastRippleHPC_z):prev_DOWN_no",0.0002427712459383,7.52163941641591e-05,0.0255534607925743,0.0425754501720233
323,"s(prev_lastRippleHPC_z):prev_DOWN_no",0.00407037879710348,9.74570230249092e-05,0.043156394503725,0.101243722972091
324,"s(prev_lastRippleHPC_z):prev_DOWN_no",0.0519738234670815,0.000838958010727391,0.154898395243993,0.374515115853223
325,"s(prev_lastRippleHPC_z):prev_DOWN_no",0.0015581625602854,2.33774051610037e-05,0.0454263196213614,0.020941851181192
326,"s(prev_lastRippleHPC_z):prev_DOWN_no",0.176876975143262,0.000746503629553899,0.689719605071645,0.19932638429118
327,"s(prev_lastRippleHPC_z):prev_DOWN_no",0.160265520066302,0.00103766406600123,0.540553708017881,0.151222504257756
328,"s(prev_lastRippleHPC_z):prev_DOWN_no",0.0200935494638053,0.000339845596397416,0.145197148234956,0.139583089333856
329,"s(prev_lastRippleHPC_z):prev_DOWN_no",0.0150091147892928,0.000155704620316432,0.121421620861349,0.0358232133696187
330,"s(prev_lastRippleHPC_z):prev_DOWN_no",0.0312245894942764,0.000281055845245772,0.129121468605326,0.150690195632415
331,"s(prev_lastRippleHPC_z):prev_DOWN_no",0.0247500206209468,0.000548510706609991,0.152542204373409,0.235232284134042
332,"s(prev_lastRippleHPC_z):prev_DOWN_no",0.164949336184571,0.00110544497073363,0.304036295089466,0.196172218007119
333,"s(prev_lastRippleHPC_z):prev_DOWN_no",0.131950810143332,0.000841915460173371,0.424441798905349,0.186302962813269
334,"s(prev_lastRippleHPC_z):prev_DOWN_no",0.115806462785734,0.00091653307665106,0.255297770456835,0.358297460053683
335,"s(prev_lastRippleHPC_z):prev_DOWN_no",0.0241098108777358,0.000252467636366339,0.154897321194942,0.0456833736585036
336,"s(prev_lastRippleHPC_z):prev_DOWN_no",0.152895843897048,0.00101280931929719,0.344781713703113,0.279647588525714
337,"s(prev_lastRippleHPC_z):prev_DOWN_no",0.0591799798117787,0.00177875693911527,0.258467003842696,0.879420049242404
338,"s(prev_lastRippleHPC_z):prev_DOWN_no",0.0642706319134616,0.000864418791825285,0.122970121319766,0.487381517563559
339,"s(prev_lastRippleHPC_z):prev_DOWN_no",0.026313854798925,0.000757114442469813,0.151943898873724,0.300396185342428
340,"s(prev_lastRippleHPC_z):prev_DOWN_no",0.0705371659831204,0.00042591557673525,0.194374592587715,0.0670203012164556
341,"s(prev_lastRippleHPC_z):prev_DOWN_no",0.308303039261372,0.00226147635829537,0.913223722544191,0.225081431627814
342,"s(prev_lastRippleHPC_z):prev_DOWN_no",0.207935537881146,0.00269929629649989,0.268035656354558,0.617047965794791
343,"s(prev_lastRippleHPC_z):prev_DOWN_no",0.000194123622611286,1.29065041072491e-05,0.0116161600494364,0.0180109848833483
344,"s(prev_lastRippleHPC_z):prev_DOWN_no",0.0355454865186413,0.000778296846713656,0.121787233248865,0.456550842094473
345,"s(prev_lastRippleHPC_z):prev_DOWN_no",0.280595746542128,0.00238430938900808,0.779119199644631,1.21576868605491
346,"s(prev_lastRippleHPC_z):prev_DOWN_no",0.0116564059706059,0.00029322918916203,0.0846210762153124,0.199738917151552
347,"s(prev_lastRippleHPC_z):prev_DOWN_no",0.0961511807529138,0.00109687553507381,0.311259994313268,0.112823492446344
348,"s(prev_lastRippleHPC_z):prev_DOWN_no",0.00758842825395778,8.30049724875181e-05,0.0875097816944705,0.0258287124368734
349,"s(prev_lastRippleHPC_z):prev_DOWN_no",0.0220366622474444,0.000232617964202355,0.112512680055806,0.147053319755674
350,"s(prev_lastRippleHPC_z):prev_DOWN_no",0.124723716280071,0.00141649552471787,0.310026488171593,0.517361196148894
351,"s(prev_lastRippleHPC_z):prev_DOWN_no",0.00229007018405358,0.000948270908448463,0.0249508744537392,0.494835955798052
352,"s(prev_lastRippleHPC_z):prev_DOWN_no",0.0561986018063436,0.000353211067800558,0.213282720217238,0.0649598998744062
353,"s(prev_lastRippleHPC_z):prev_DOWN_no",0.00174643265349417,0.00071799360708493,0.0354753965839583,0.437548609386872
354,"s(prev_lastRippleHPC_z):prev_DOWN_no",0.0267754411237426,0.0007706124923184,0.128650117744248,0.431458913040979
355,"s(prev_lastRippleHPC_z):prev_DOWN_no",0.135070103155423,0.000913953645163071,0.731928322262811,0.172340493667343
356,"s(prev_lastRippleHPC_z):prev_DOWN_no",0.188885510901285,0.00183288644890286,0.50785374651557,0.568186378915036
357,"s(prev_lastRippleHPC_z):prev_DOWN_no",0.00465214993226759,0.000146767539253104,0.0650486707782189,0.0819009158269443
358,"s(prev_lastRippleHPC_z):prev_DOWN_no",0.187382243604119,0.00126924990006655,0.64441668570761,0.246419813601717
359,"s(prev_lastRippleHPC_z):prev_DOWN_no",-1.88896672348449e-06,2.31623517049583e-07,0.0045157836955564,0.00133446988689625
360,"s(prev_lastRippleHPC_z):prev_DOWN_no",0.17087815927363,0.00159554811879088,0.437776121329736,0.19874808097676
361,"s(prev_lastRippleHPC_z):prev_DOWN_no",0.111373541654905,0.00216889764722108,0.473820836180398,0.822927584676227
362,"s(prev_lastRippleHPC_z):prev_DOWN_no",0.0440169470502418,0.000274438966962361,0.140255090664832,0.049305401131721
363,"s(prev_lastRippleHPC_z):prev_DOWN_no",0.0219214774356447,0.000238069828950402,0.14725606894088,0.0434211795777928
364,"s(prev_lastRippleHPC_z):prev_DOWN_no",0.0169937949050452,0.000532058282585876,0.1310679819627,0.312511990287302
365,"s(prev_lastRippleHPC_z):prev_DOWN_no",0.282311897764441,0.0021893547349331,0.523889132577384,0.121923875303374
366,"s(prev_lastRippleHPC_z):prev_DOWN_no",0.00212166723157914,2.55791419629401e-05,0.0464829624312589,0.0160691853968118
367,"s(prev_lastRippleHPC_z):prev_DOWN_no",0.00501667379125426,0.000299628729515158,0.0703853850936742,0.190291926231859
368,"s(prev_lastRippleHPC_z):prev_DOWN_no",0.0138847065767695,0.000139146934608129,0.112170990538577,0.0331026568424346
369,"s(prev_lastRippleHPC_z):prev_DOWN_no",0.141959919632805,0.000878526089657017,0.173152110104423,0.0561281191682619
370,"s(prev_lastRippleHPC_z):prev_DOWN_no",0.0176470806523747,5.32371371758588e-08,0.0533800833834036,0.0187889545674664
371,"s(prev_lastRippleHPC_z):prev_DOWN_no",0.0519806809719441,0.000238970649129664,0.187308618119517,0.0698534998926787
372,"s(prev_lastRippleHPC_z):prev_DOWN_no",0.000758941521211476,4.40231205311529e-05,0.0408081308457111,0.0248359620577361
373,"s(prev_lastRippleHPC_z):prev_DOWN_no",0.159578589602008,0.0035612527267136,0.698303287850925,1.00863104600186
374,"s(prev_lastRippleHPC_z):prev_DOWN_no",0.0730479186724162,0.000323060535778625,0.252304940429023,0.0973842237582709
375,"s(prev_lastRippleHPC_z):prev_DOWN_no",0.110517058032311,0.00082123430327145,0.37051406732964,0.117224721897873
376,"s(prev_lastRippleHPC_z):prev_DOWN_no",0.0702261417010419,0.00050913444583366,0.247947603624861,0.0738318016433671
377,"s(prev_lastRippleHPC_z):prev_DOWN_no",0.191769536333661,0.00152738771262317,0.596413799854072,0.699952105729024
378,"s(prev_lastRippleHPC_z):prev_DOWN_no",0.00545900532711308,0.00202943829489968,0.0768605507850163,0.90624223284412
379,"s(prev_lastRippleHPC_z):prev_DOWN_no",0.0594682340422352,0.000593678502117611,0.236554020725523,0.0774497580354223
380,"s(prev_lastRippleHPC_z):prev_DOWN_no",0.27894572840228,0.00358506496556247,0.265623303246341,0.704397683783368
381,"s(prev_lastRippleHPC_z):prev_DOWN_no",0.00617757881041214,5.80854952088036e-05,0.0739785643387818,0.0218297615783643
382,"s(prev_lastRippleHPC_z):prev_DOWN_no",0.248241996331057,0.00212045651568383,0.774323064611223,0.896056543350333
383,"s(prev_lastRippleHPC_z):prev_DOWN_no",0.173458634458797,0.00147682705114947,0.510781836370379,0.313776451704754
384,"s(prev_lastRippleHPC_z):prev_DOWN_no",0.0104138894720816,0.000317471516673408,0.0893717315208097,0.206208293441445
385,"s(prev_lastRippleHPC_z):prev_DOWN_no",0.0613222452639564,0.000210412232745303,0.213773997021765,0.100582714647004
386,"s(prev_lastRippleHPC_z):prev_DOWN_no",0.0117641482631923,0.000675877405235071,0.0791123201457232,0.398148470612921
387,"s(prev_lastRippleHPC_z):prev_DOWN_no",0.112215310509534,0.000921217274827918,0.419892600657898,0.227700176236647
388,"s(prev_lastRippleHPC_z):prev_DOWN_no",0.00728557075006098,8.30432941246286e-05,0.0876407711141422,0.025852326073809
389,"s(prev_lastRippleHPC_z):prev_DOWN_no",0.00389218388220769,3.84973554647782e-05,0.0579739662261461,0.0172757269467081
390,"s(prev_lastRippleHPC_z):prev_DOWN_no",0.234060320825384,0.00250447670383063,0.617955538257659,0.225434271506627
391,"s(prev_lastRippleHPC_z):prev_DOWN_no",0.00317482866161178,0.000891711621842167,0.0630594152770857,0.513350360921544
392,"s(prev_lastRippleHPC_z):prev_DOWN_no",0.105071776410787,0.000933665861445907,0.601579058308202,0.133947058172384
393,"s(prev_lastRippleHPC_z):prev_DOWN_no",0.0477658916806005,0.000523028943422043,0.18372479022483,0.250408432377515
394,"s(prev_lastRippleHPC_z):prev_DOWN_no",0.126955457935781,0.000842514486018707,0.629183870287393,0.203613455250503
395,"s(prev_lastRippleHPC_z):prev_DOWN_no",0.00964908907646578,0.00011366541554313,0.1001359925911,0.0313444424697646
396,"s(prev_lastRippleHPC_z):prev_DOWN_no",0.0244983840573729,0.000106198895334864,0.122805070254606,0.0366375955528342
397,"s(prev_lastRippleHPC_z):prev_DOWN_no",0.212538610789413,0.00204533523409737,0.377037624380908,0.507764978634371
398,"s(prev_lastRippleHPC_z):prev_DOWN_no",0.229561711757481,0.00151384133787056,0.480781178309837,0.109803319770739
399,"s(prev_lastRippleHPC_z):prev_DOWN_no",0.0348891660966064,0.000227758705807604,0.0849923623029906,0.0774475280697707
400,"s(prev_lastRippleHPC_z):prev_DOWN_no",7.17688602209776e-05,0.000782962561106638,0.013868515603322,0.484302001408316
401,"s(prev_lastRippleHPC_z):prev_DOWN_no",0.0450396913436313,9.98020558427531e-05,0.181639366572273,0.0593536715434573
402,"s(prev_lastRippleHPC_z):prev_DOWN_no",0.160728665876031,0.00124023240881767,0.389549252943286,0.102299793014981
403,"s(prev_lastRippleHPC_z):prev_DOWN_no",0.101068874883533,0.000475377962227189,0.423710994601873,0.122833399985001
404,"s(prev_lastRippleHPC_z):prev_DOWN_no",0.105094313545603,0.000517896951166789,0.447131384552972,0.150297923286717
405,"s(prev_lastRippleHPC_z):prev_DOWN_no",0.117419898456682,0.000623909667580303,0.414591922062592,0.110662359409924
406,"s(prev_lastRippleHPC_z):prev_DOWN_no",0.108006384734965,0.000401721475618718,0.447934590025852,0.284051568015584
407,"s(prev_lastRippleHPC_z):prev_DOWN_no",0.164826289753196,0.00120418093998769,0.380250809514968,0.229893178475911
408,"s(prev_lastRippleHPC_z):prev_DOWN_no",0.202993369052198,0.00156118214772231,0.703816164309477,0.763177634602133
409,"s(prev_lastRippleHPC_z):prev_DOWN_no",0.0169436657110431,0.000158340491142109,0.116687850373588,0.0344693805281534
410,"s(prev_lastRippleHPC_z):prev_DOWN_no",0.102401499544226,0.00112577936824642,0.498040500241935,0.354849064404728
411,"s(prev_lastRippleHPC_z):prev_DOWN_no",0.0114889309658253,3.91318736712849e-05,0.0389792992484083,0.0156957795026417
412,"s(prev_lastRippleHPC_z):prev_DOWN_no",0.154721603760234,0.00121291898303539,0.31983696816628,0.472227729677111
413,"s(prev_lastRippleHPC_z):prev_DOWN_no",0.282359404478101,0.00330904957012304,0.648544082732694,0.380053472838866
414,"s(prev_lastRippleHPC_z):prev_DOWN_no",0.118284262734883,0.000453505927061144,0.320485412127614,0.133256762608529
415,"s(prev_lastRippleHPC_z):prev_DOWN_no",0.00797300621174646,7.91299033952458e-05,0.0894177978592834,0.0263626707618926
416,"s(prev_lastRippleHPC_z):prev_DOWN_no",0.00621490740339858,0.00010065755575551,0.0808394502450223,0.0389263625430898
417,"s(prev_lastRippleHPC_z):prev_DOWN_no",0.0116681057992061,0.00139450299294421,0.0631417880007787,0.768306363097887
418,"s(prev_lastRippleHPC_z):prev_DOWN_no",0.0173948096660093,0.000801619197821957,0.130194074818868,0.385413741307268
419,"s(prev_lastRippleHPC_z):prev_DOWN_no",0.123121646952183,0.000699161358137622,0.476922346847632,0.289661864905343
420,"s(prev_lastRippleHPC_z):prev_DOWN_no",0.00962087297387981,0.000376733293860002,0.101730610050859,0.195543194120186
421,"s(prev_lastRippleHPC_z):prev_DOWN_no",0.0219716786084927,0.000209519938303956,0.129749749307721,0.039193168454429
422,"s(prev_lastRippleHPC_z):prev_DOWN_no",0.04131076781748,0.00162313226746685,0.211946783238708,0.693109770521309
423,"s(prev_lastRippleHPC_z):prev_DOWN_no",0.135403930540295,0.00105454348160446,0.476482069665752,0.199715580739141
424,"s(prev_lastRippleHPC_z):prev_DOWN_no",0.000740879984226339,1.69323292307338e-05,0.0402174792389892,0.01184765292021
425,"s(prev_lastRippleHPC_z):prev_DOWN_no",0.023700327070606,0.000741742594922024,0.182895040240093,0.256940721496638
426,"s(prev_lastRippleHPC_z):prev_DOWN_no",0.159906973712121,0.0010647185309421,0.462539567913621,0.109436887322513
427,"s(prev_lastRippleHPC_z):prev_DOWN_no",0.164612389847159,0.00122275354893614,0.542138945371081,0.552495743520967
428,"s(prev_lastRippleHPC_z):prev_DOWN_no",0.256893157668229,0.00241254506093405,0.556394972149264,0.683123593472575
429,"s(prev_lastRippleHPC_z):prev_DOWN_no",0.00972548723525257,0.000783419098367971,0.0949448080919641,0.489552757162873
430,"s(prev_lastRippleHPC_z):prev_DOWN_no",0.271739440135735,0.00225586424721412,0.975159794131005,0.299600987397577
431,"s(prev_lastRippleHPC_z):prev_DOWN_no",0.109473992618542,0.00130976681879078,0.233274860670829,0.387316116152341
432,"s(prev_lastRippleHPC_z):prev_DOWN_no",0.126956542122614,0.000958165684262386,0.424467234940117,0.354212486869763
433,"s(prev_lastRippleHPC_z):prev_DOWN_no",0.114265322096307,0.000632493444121587,0.524077186808493,0.181583993645659
434,"s(prev_lastRippleHPC_z):prev_DOWN_no",0.00374516610559983,0.000153640625614906,0.0573362471238029,0.0515317814015263
435,"s(prev_lastRippleHPC_z):prev_DOWN_no",0.0215629082972804,0.000230648612162777,0.145322951749509,0.0429030012263141
436,"s(prev_lastRippleHPC_z):prev_DOWN_no",0.00297804695584425,0.000829616644432555,0.0523729767746567,0.473326625010628
437,"s(prev_lastRippleHPC_z):prev_DOWN_no",0.063938683275726,0.000436779702171909,0.183157600636883,0.0619266371439667
438,"s(prev_lastRippleHPC_z):prev_DOWN_no",0.17460990656879,0.00121408329481147,0.317483475510477,0.123003065930952
439,"s(prev_lastRippleHPC_z):prev_DOWN_no",0.272617719070479,0.00175397980822404,0.973882253498326,0.623448557755028
440,"s(prev_lastRippleHPC_z):prev_DOWN_no",0.00102286989215727,4.7760395716499e-05,0.0399708053251364,0.0379338537621144
441,"s(prev_lastRippleHPC_z):prev_DOWN_no",0.0410057560256396,0.00034633947399664,0.167963666079247,0.115919929068994
442,"s(prev_lastRippleHPC_z):prev_DOWN_no",0.0470070195507519,0.000221289046763261,0.115353049456285,0.0358812602485078
443,"s(prev_lastRippleHPC_z):prev_DOWN_no",0.00934815421092061,6.6101218238971e-05,0.0828455804956613,0.0251496495719995
444,"s(prev_lastRippleHPC_z):prev_DOWN_no",0.140273508618728,0.00147082598694309,0.297163082943126,0.546987224339881
445,"s(prev_lastRippleHPC_z):prev_DOWN_no",0.34263926676177,0.00218751836029768,0.310075174009765,0.116493953900186
446,"s(prev_lastRippleHPC_z):prev_DOWN_no",0.19581781319048,0.00159349836749072,0.275042978227445,0.294138659187118
447,"s(prev_lastRippleHPC_z):prev_DOWN_no",0.106891535933267,0.000591559146187497,0.156857174479318,0.0736771102091367
448,"s(prev_lastRippleHPC_z):prev_DOWN_no",0.204809927215686,0.00207996451085949,0.708278400070477,0.489561541968193
449,"s(prev_lastRippleHPC_z):prev_DOWN_no",0.121584817055187,0.000946268504014275,0.425338864296658,0.32634065510654
450,"s(prev_lastRippleHPC_z):prev_DOWN_no",0.434524719574711,0.00415569974483227,1.20231462656855,1.21756645525581
451,"s(prev_lastRippleHPC_z):prev_DOWN_no",3.88430838160758e-05,3.26920474936412e-06,0.00592015592387727,0.00736744891999259
452,"s(prev_lastRippleHPC_z):prev_DOWN_no",0.153145172880988,0.000980158258213347,0.202339503028456,0.101436198576103
453,"s(prev_lastRippleHPC_z):prev_DOWN_no",0.0217016864868596,0.00055422326715947,0.143312150595498,0.251308234895974
454,"s(prev_lastRippleHPC_z):prev_DOWN_no",0.00689702062355657,0.000944508141782384,0.0623840162869608,0.548831013120278
455,"s(prev_lastRippleHPC_z):prev_DOWN_no",0.000186978518585512,5.46576432752211e-05,0.0195188703418001,0.0372647194017725
456,"s(prev_lastRippleHPC_z):prev_DOWN_no",0.0042485878877736,3.26186503112677e-05,0.0553090059351475,0.0164605495929617
457,"s(prev_lastRippleHPC_z):prev_DOWN_no",0.00236416120404215,2.81028649579635e-05,0.0502710929235388,0.0148389571515269
458,"s(prev_lastRippleHPC_z):prev_DOWN_no",0.0862213961463514,0.000451240280466991,0.330324829885389,0.0904084999949554
459,"s(prev_lastRippleHPC_z):prev_DOWN_no",0.00140361292440261,0.00034161139952442,0.0371480803435948,0.246661368873724
460,"s(prev_lastRippleHPC_z):prev_DOWN_no",0.121433721526574,0.000832592296182585,0.116791190164306,0.0870979290626312
461,"s(prev_lastRippleHPC_z):prev_DOWN_no",0.16055606525037,0.00128608350519293,0.194275440292133,0.300008965738771
462,"s(prev_lastRippleHPC_z):prev_DOWN_no",0.0475262160705689,0.000337094040596326,0.105091198292042,0.0749661327359442
463,"s(prev_lastRippleHPC_z):prev_DOWN_no",0.0317184180439103,0.000812902636289531,0.173675518341364,0.316240418540699
464,"s(prev_lastRippleHPC_z):prev_DOWN_no",0.0899448802195248,0.000438444318146224,0.24489598895332,0.132951353047685
465,"s(prev_lastRippleHPC_z):prev_DOWN_no",0.0930395123377901,0.00110652419078197,0.13137321302862,0.474437345290138
466,"s(prev_lastRippleHPC_z):prev_DOWN_no",0.119124597919476,0.00117219837873862,0.228112941127144,0.309301439275128
467,"s(prev_lastRippleHPC_z):prev_DOWN_no",0.158474851793134,0.000939155146066603,0.429808944245379,0.0987516815340277
468,"s(prev_lastRippleHPC_z):prev_DOWN_no",0.00112226934631199,1.17790551621088e-05,0.033321112083835,0.00982729793843204
469,"s(prev_lastRippleHPC_z):prev_DOWN_no",0.0407358548302774,0.000309772967374414,0.107030294813152,0.0649688664671501
470,"s(prev_lastRippleHPC_z):prev_DOWN_no",0.260316377856608,0.00224992442123271,0.449916930181141,0.727800149396883
471,"s(prev_lastRippleHPC_z):prev_DOWN_no",0.00476718083605032,0.000134658853189354,0.071711127601555,0.105159843676624
472,"s(prev_lastRippleHPC_z):prev_DOWN_no",0.00725376055091065,0.000586486512590065,0.0856118858796504,0.351603574714342
473,"s(prev_lastRippleHPC_z):prev_DOWN_no",0.00740291371617996,8.21830890509865e-05,0.0829035133458833,0.0297959779290428
474,"s(prev_lastRippleHPC_z):prev_DOWN_no",-2.51844476233387e-05,0.00173150311581116,0.00197351568500814,0.847815176372589
475,"s(prev_lastRippleHPC_z):prev_DOWN_no",0.126418811381969,0.000967428224986809,0.359316643470491,0.107962921202615
476,"s(prev_lastRippleHPC_z):prev_DOWN_no",0.0304342613173159,0.000398704673696688,0.172618495796795,0.11200392805715
477,"s(prev_lastRippleHPC_z):prev_DOWN_no",-4.11203523151826e-05,1.19301472730224e-07,0.00330397236139345,0.00097537872431886
478,"s(prev_lastRippleHPC_z):prev_DOWN_no",0.000397676840094618,1.83547917284552e-06,0.0126032460121794,0.00371854874315515
479,"s(prev_lastRippleHPC_z):prev_DOWN_no",0.00278540886395273,0.000345263124854041,0.0540741916598536,0.164149540060478
480,"s(prev_lastRippleHPC_z):prev_DOWN_no",0.0242213674086074,0.00131207796532973,0.104989587541942,0.803191748247088
481,"s(prev_lastRippleHPC_z):prev_DOWN_no",0.232559128891198,0.00169776531596174,0.567034463594256,0.156959576591062
482,"s(prev_lastRippleHPC_z):prev_DOWN_no",0.126727788896868,0.000941379211455483,0.535316206224802,0.289049933087712
483,"s(prev_lastRippleHPC_z):prev_DOWN_no",0.0418264207483183,0.000576242664416112,0.200724654788432,0.131842385980244
484,"s(prev_lastRippleHPC_z):prev_DOWN_no",0.000191226375754638,6.46004905140264e-05,0.0171015964819887,0.0625840208155622
485,"s(prev_lastRippleHPC_z):prev_DOWN_no",0.10899526972527,0.000968342754307127,0.274322202693931,0.267822182315218
486,"s(prev_lastRippleHPC_z):prev_DOWN_no",0.0216358919418678,9.85795348306519e-05,0.100358076976888,0.034638595533194
487,"s(prev_lastRippleHPC_z):prev_DOWN_no",0.0892105752391261,0.000588341678254413,0.434219185148542,0.114429465900251
488,"s(prev_lastRippleHPC_z):prev_DOWN_no",0.00791483746268895,9.91164426324906e-05,0.0989859038652773,0.0292304863911446
489,"s(prev_lastRippleHPC_z):prev_DOWN_no",0.00184121591441055,0.000374365284791539,0.0510029818567092,0.235384299406394
490,"s(prev_lastRippleHPC_z):prev_DOWN_no",0.0983976340303094,0.000503652572333478,0.436638573582353,0.142894548424414
491,"s(prev_lastRippleHPC_z):prev_DOWN_no",0.122025085544743,0.000631195472074273,0.511943072991105,0.162182074835132
492,"s(prev_lastRippleHPC_z):prev_DOWN_no",0.0381370212323988,0.00044361226397101,0.193085223444068,0.0951825006234213
493,"s(prev_lastRippleHPC_z):prev_DOWN_no",9.86202735289154e-05,0.000651685432648853,0.0182286438382674,0.413997792463033
494,"s(prev_lastRippleHPC_z):prev_DOWN_no",0.144141312277918,0.000803575021735711,0.531748837406327,0.383329351585584
495,"s(prev_lastRippleHPC_z):prev_DOWN_no",0.00387239144629259,0.000476031059751879,0.061862553609606,0.317291778156448
496,"s(prev_lastRippleHPC_z):prev_DOWN_no",0.212106427373034,0.00172352786291685,0.623135789201892,0.856613075216635
497,"s(prev_lastRippleHPC_z):prev_DOWN_no",0.00737001164895368,0.000384809924871424,0.0866589674884951,0.168508808525222
498,"s(prev_lastRippleHPC_z):prev_DOWN_no",0.0289002728230097,1.43479866538715e-05,0.0673770456136057,0.037613526499934
499,"s(prev_lastRippleHPC_z):prev_DOWN_no",0.00212196175311608,3.1120551800828e-05,0.0438261519980163,0.0267964603481586
500,"s(prev_lastRippleHPC_z):prev_DOWN_no",0.0264838035646662,0.000233856046853423,0.150909670954224,0.0898735676640831
501,"s(prev_lastRippleHPC_z):prev_DOWN_no",0.0377502690364198,0.000544789863872315,0.196335057822024,0.115597723451214
502,"s(prev_lastRippleHPC_z):prev_DOWN_no",0.0850914448381968,0.00126099632334659,0.434934594589729,0.572350542719189
503,"s(prev_lastRippleHPC_z):prev_DOWN_no",0.145606281929815,0.0011027027562124,0.451874218902214,0.510328738256324
504,"s(prev_lastRippleHPC_z):prev_DOWN_no",0.0303342188917135,0.000588478582369375,0.174036326935717,0.203553169018823
505,"s(prev_lastRippleHPC_z):prev_DOWN_no",0.209374047358399,0.00165644671158017,0.734564542502014,0.847331517019412
506,"s(prev_lastRippleHPC_z):prev_DOWN_no",9.20739270187099e-05,0.000413869242148842,0.00929274040286626,0.293085582988653
507,"s(prev_lastRippleHPC_z):prev_DOWN_no",0.101067299386667,0.000728130549290383,0.419589313777606,0.253318663417431
508,"s(prev_lastRippleHPC_z):prev_DOWN_no",0.204893505772283,0.00171507070997724,0.379698783326727,0.0915953293847253
509,"s(prev_lastRippleHPC_z):prev_DOWN_no",0.00727204853675723,8.56241629573051e-05,0.0898269757229662,0.0264813656558928
510,"s(prev_lastRippleHPC_z):prev_DOWN_no",0.265370959763144,0.00270379507829904,0.400101359331401,0.444013429559715
511,"s(prev_lastRippleHPC_z):prev_DOWN_no",0.00105864669602074,0.000388582991556214,0.0299136880090872,0.265432286330977
512,"s(prev_lastRippleHPC_z):prev_DOWN_no",0.00603544272326495,0.000163892096711244,0.0564795227808774,0.127698945637686
513,"s(prev_lastRippleHPC_z):prev_DOWN_no",0.189403989809546,0.0014162325771082,0.677609822299308,0.192916640868421
514,"s(prev_lastRippleHPC_z):prev_DOWN_no",0.0375660810466023,0.000527563109773621,0.198097948880521,0.128697720779575
515,"s(prev_lastRippleHPC_z):prev_DOWN_no",0.00244288899353684,0.0001130724517836,0.0471076627168394,0.0687358139064057
516,"s(prev_lastRippleHPC_z):prev_DOWN_no",0.0559245257721166,0.00161353334391684,0.223437763815677,0.783823233108194
517,"s(prev_lastRippleHPC_z):prev_DOWN_no",0.00561616516499619,9.87002161990193e-05,0.0712589482077728,0.0361647635614211
518,"s(prev_lastRippleHPC_z):prev_DOWN_no",0.027961851706972,0.000380778476480554,0.172290932342655,0.097034681195826
519,"s(prev_lastRippleHPC_z):prev_DOWN_no",0.0777750234109931,0.002172035302011,0.278723084630704,0.681402005740731
520,"s(prev_lastRippleHPC_z):prev_DOWN_no",-0.000109498505053374,1.18366006095097e-05,0.0120006731174836,0.0196972828085336
521,"s(prev_lastRippleHPC_z):prev_DOWN_no",0.000376386818047969,3.48087554051706e-06,0.0179418975093296,0.00529098867721251
522,"s(prev_lastRippleHPC_z):prev_DOWN_no",0.0204841842175059,0.000112676141037665,0.0606870177910868,0.0661557916528034
523,"s(prev_lastRippleHPC_z):prev_DOWN_no",0.015277788403794,0.000315812145527386,0.1224370967705,0.16511087131476
524,"s(prev_lastRippleHPC_z):prev_DOWN_no",0.00488380582287729,0.000189528089410127,0.0632923045863395,0.0732687101128333
525,"s(prev_lastRippleHPC_z):prev_DOWN_no",0.199084670900791,0.0019207787880807,0.467832350196833,0.73690564405846
526,"s(prev_lastRippleHPC_z):prev_DOWN_no",0.133117885093153,0.00075341383110404,0.323966911961489,0.0831029610921689
527,"s(prev_lastRippleHPC_z):prev_DOWN_no",0.0864899597196631,0.00151995482251534,0.2736278776714,0.688835267910807
528,"s(prev_lastRippleHPC_z):prev_DOWN_no",0.13058745842933,0.00144774686241696,0.32784872255146,0.52952806800904
529,"s(prev_lastRippleHPC_z):prev_DOWN_no",0.0206749786121163,0.000168500507588221,0.111937397767831,0.0984452491933417
530,"s(prev_lastRippleHPC_z):prev_DOWN_no",0.0319173579106016,9.63568280824897e-05,0.114495921270878,0.0384628722959851
531,"s(prev_lastRippleHPC_z):prev_DOWN_no",0.0492973019983376,0.00117864755594061,0.222982336128189,0.425101688496443
532,"s(prev_lastRippleHPC_z):prev_DOWN_no",0.074318384547448,0.000766903117781398,0.110597955976238,0.194448567011503
533,"s(prev_lastRippleHPC_z):prev_DOWN_no",0.0147843331830151,0.000506520526311706,0.113671219686931,0.275641680233582
534,"s(prev_lastRippleHPC_z):prev_DOWN_no",0.344193009723353,0.00292213209818578,0.717796517369907,0.57121751480305
535,"s(prev_lastRippleHPC_z):prev_DOWN_no",0.0922999690912896,0.000815307097849663,0.317456554662511,0.182227831820994
536,"s(prev_lastRippleHPC_z):prev_DOWN_no",0.0179736376719672,0.00111680988891547,0.131603881903094,0.496224472222514
537,"s(prev_lastRippleHPC_z):prev_DOWN_no",0.00261925365550031,2.55000196667207e-05,0.0498915654587726,0.0147179734855592
538,"s(prev_lastRippleHPC_z):prev_DOWN_no",0.0654916387865887,0.00105711573053207,0.258352438277844,0.262743527010173
539,"s(prev_lastRippleHPC_z):prev_DOWN_no",0.07256906328496,0.000749371728888388,0.257551316839299,0.0805734437142039
540,"s(prev_lastRippleHPC_z):prev_DOWN_no",0.0584918073015999,0.000659472118610966,0.239771319062939,0.0966364912194247
541,"s(prev_lastRippleHPC_z):prev_DOWN_no",0.110199445706539,0.000829465823281437,0.182686217937724,0.167946385004928
542,"s(prev_lastRippleHPC_z):prev_DOWN_no",0.0695406253656579,0.00103089524341181,0.258692693617457,0.213851462066971
543,"s(prev_lastRippleHPC_z):prev_DOWN_no",0.0132129028176413,0.000164442778438301,0.113633966947859,0.0453865979737496
544,"s(prev_lastRippleHPC_z):prev_DOWN_no",0.207500692179698,0.00165399745500707,0.397407158933752,0.267597332716187
545,"s(prev_lastRippleHPC_z):prev_DOWN_no",0.0168483515376199,1.80105391438055e-05,0.0414111991926067,0.0148849055167341
546,"s(prev_lastRippleHPC_z):prev_DOWN_no",0.00583254327754901,8.56518745065921e-05,0.0816505867005981,0.0273624483915952
547,"s(prev_lastRippleHPC_z):prev_DOWN_no",0.027120150396799,0.0011746427805452,0.166191539408892,0.642847345223426
548,"s(prev_lastRippleHPC_z):prev_DOWN_no",0.020023195746262,0.000208771646840549,0.140322009325768,0.0436685078070843
549,"s(prev_lastRippleHPC_z):prev_DOWN_no",0.00111293721044614,1.08135979275966e-05,0.0320174032839292,0.00946397947069846
550,"s(prev_lastRippleHPC_z):prev_DOWN_no",0.100393955796595,0.000680070484324528,0.290108670936683,0.164974692235558
551,"s(prev_lastRippleHPC_z):prev_DOWN_no",0.189749720261263,0.000935916445176041,0.711654055419104,0.333046471368231
552,"s(prev_lastRippleHPC_z):prev_DOWN_no",0.00984372125951527,0.00141052933153366,0.103198616687531,0.680626945974036
553,"s(prev_lastRippleHPC_z):prev_DOWN_no",0.0828513683969136,0.000627252710080994,0.218346732337719,0.0689952089013528
554,"s(prev_lastRippleHPC_z):prev_DOWN_no",0.00204423795942876,0.000234982431426739,0.0450931163866374,0.176802378881989
555,"s(prev_lastRippleHPC_z):prev_DOWN_no",0.0636936941665072,0.00215354745770583,0.246855136919866,0.838706164390478
556,"s(prev_lastRippleHPC_z):prev_DOWN_no",0.128144720118439,0.000976833607086353,0.175251728838221,0.0605783641931863
557,"s(prev_lastRippleHPC_z):prev_DOWN_no",0.0972545338633752,0.000345846243475643,0.279591150656187,0.0679395809893627
558,"s(prev_lastRippleHPC_z):prev_DOWN_no",0.142853012572501,0.00135312124327257,0.380225991783877,0.398685810847153
559,"s(prev_lastRippleHPC_z):prev_DOWN_no",0.0100585467756069,0.000517586597856489,0.120879199201695,0.246104938650182
560,"s(prev_lastRippleHPC_z):prev_DOWN_no",0.00432515685467028,5.45074455951996e-05,0.071615983993723,0.0211245661082973
561,"s(prev_lastRippleHPC_z):prev_DOWN_no",0.00517576950855503,0.00133559392828396,0.0714363676313791,0.682269112953599
562,"s(prev_lastRippleHPC_z):prev_DOWN_no",0.075125785054075,0.000772175442838562,0.281331257186531,0.442741218453103
563,"s(prev_lastRippleHPC_z):prev_DOWN_no",0.002037930174005,0.000853681274376292,0.0515571605236477,0.485015478025568
564,"s(prev_lastRippleHPC_z):prev_DOWN_no",0.0524206827942519,0.00120416248298785,0.137946619734497,0.638002287414468
565,"s(prev_lastRippleHPC_z):prev_DOWN_no",0.000149343466770979,0.000192182620863994,0.016587385904329,0.19723553518729
566,"s(prev_lastRippleHPC_z):prev_DOWN_no",0.0148463666857372,0.000222056193191694,0.121194156049358,0.0665877118351147
567,"s(prev_lastRippleHPC_z):prev_DOWN_no",0.28402247370149,0.00436827876315192,1.04809520499259,1.07544850538355
568,"s(prev_lastRippleHPC_z):prev_DOWN_no",0.00525778476935379,6.86707802149363e-05,0.0814206311726093,0.0240535665057769
569,"s(prev_lastRippleHPC_z):prev_DOWN_no",0.000746272844748042,1.96211705069723e-05,0.0331356748352585,0.0205324819988536
570,"s(prev_lastRippleHPC_z):prev_DOWN_no",0.000498925259025285,4.36227761899266e-06,0.0198953638796904,0.00588090736040711
571,"s(prev_lastRippleHPC_z):prev_DOWN_no",0.000265264878583693,0.00092423555407613,0.020922876853121,0.580764011483184
572,"s(prev_lastRippleHPC_z):prev_DOWN_no",0.0454982245757929,0.000546611995289102,0.217614037608509,0.101578071884917
573,"s(prev_lastRippleHPC_z):prev_DOWN_no",0.242997577146638,0.0017172713958474,0.581232561097264,0.179601058558348
574,"s(prev_lastRippleHPC_z):prev_DOWN_no",0.0944635608729492,0.00164132130575845,0.331371842530867,0.664937137743213
575,"s(prev_lastRippleHPC_z):prev_DOWN_no",0.125971240017428,0.000992164391574897,0.477882705318395,0.281719151062392
576,"s(prev_lastRippleHPC_z):prev_DOWN_no",0.000526674849429476,0.00157336525043097,0.0212578213879567,0.754946838485657
577,"s(prev_lastRippleHPC_z):prev_DOWN_no",-4.07508042599147e-06,0.000461726393818702,0.00263434847777255,0.324775358911355
578,"s(prev_lastRippleHPC_z):prev_DOWN_no",0.0160533318850673,0.000211298683291436,0.12408840890459,0.0595578143664346
579,"s(prev_lastRippleHPC_z):prev_DOWN_no",0.00379722668293425,5.94302912238612e-05,0.0637125970173421,0.0260847533116773
580,"s(prev_lastRippleHPC_z):prev_DOWN_no",0.079807039317628,0.000746306524354186,0.129977821497847,0.149600185806408
581,"s(prev_lastRippleHPC_z):prev_DOWN_no",0.162365959595765,0.00113888347057464,0.648312133916578,0.230646790940059
582,"s(prev_lastRippleHPC_z):prev_DOWN_no",0.0683087829643911,0.000574721754822552,0.325943422148415,0.292399759748687
583,"s(prev_lastRippleHPC_z):prev_DOWN_no",0.0125631789350988,6.34073036201255e-05,0.0600021880876454,0.0396278383497551
584,"s(prev_lastRippleHPC_z):prev_DOWN_no",0.0169199349491986,0.000362038658132037,0.124532285501286,0.17542776162939
585,"s(prev_lastRippleHPC_z):prev_DOWN_no",0.0503325303151883,0.000953114153937136,0.158775739696978,0.438012625850184
586,"s(prev_lastRippleHPC_z):prev_DOWN_no",0.119416773752487,0.00240217554608903,0.446586590672157,0.893042741726848
587,"s(prev_lastRippleHPC_z):prev_DOWN_no",0.106769881801382,0.000703832384898773,0.185581572820639,0.0704063851590165
588,"s(prev_lastRippleHPC_z):prev_DOWN_no",0.044714138232071,0.00140734319781968,0.213598395655253,0.521745999618251
589,"s(prev_lastRippleHPC_z):prev_DOWN_no",0.00104265742310172,0.00109299676176691,0.02665240316086,0.633692886985673
590,"s(prev_lastRippleHPC_z):prev_DOWN_no",0.0908012585025197,0.000544873819527437,0.180483705502767,0.0891959266730418
591,"s(prev_lastRippleHPC_z):prev_DOWN_no",0.119818223030438,0.00057323361861044,0.494300013776593,0.117150566429321
592,"s(prev_lastRippleHPC_z):prev_DOWN_no",0.0430146941892557,0.000767267560305194,0.198339126396896,0.398266975097904
593,"s(prev_lastRippleHPC_z):prev_DOWN_no",0.0478595298312054,0.00031141948807357,0.141389223918825,0.113458170621451
594,"s(prev_lastRippleHPC_z):prev_DOWN_no",0.0486890012658741,0.000141325690558471,0.177870540177597,0.135925803099703
595,"s(prev_lastRippleHPC_z):prev_DOWN_no",0.174379946409271,0.00171616735968927,0.59612054377836,0.522471257047985
596,"s(prev_lastRippleHPC_z):prev_DOWN_no",0.0320590685795255,0.000203919632483975,0.154176702558147,0.0644628181081862
597,"s(prev_lastRippleHPC_z):prev_DOWN_no",0.000454693337911927,1.48472670249652e-07,0.00372401101005431,0.00109955652969164
598,"s(prev_lastRippleHPC_z):prev_DOWN_no",0.000930675336776154,2.27640982528818e-05,0.0468550212667672,0.0137984543903631
599,"s(prev_lastRippleHPC_z):prev_DOWN_no",0.122556195842787,0.000565739439784923,0.599631877837262,0.252569663144162
600,"s(prev_lastRippleHPC_z):prev_DOWN_no",0.000507827090951096,0.00155363108909449,0.0189397602284451,0.787950539623548
601,"s(prev_lastRippleHPC_z):prev_DOWN_no",0.000430290461630456,0.000318273886027413,0.0201571437413813,0.234087691099457
602,"s(prev_lastRippleHPC_z):prev_DOWN_no",0.0892780374629885,0.000552987078539705,0.197627272780443,0.128464749626157
603,"s(prev_lastRippleHPC_z):prev_DOWN_no",0.000112750039230392,0.000169029893714394,0.00726294227154792,0.143958970735162
604,"s(prev_lastRippleHPC_z):prev_DOWN_no",0.000474317155289228,5.83367598333661e-05,0.0312611352628353,0.031654257615506
605,"s(prev_lastRippleHPC_z):prev_DOWN_no",0.0870963344591251,0.00365876171118801,0.291028523012159,1.14343793706786
606,"s(prev_lastRippleHPC_z):prev_DOWN_no",0.0593301947159084,0.000654896640733905,0.247005376135506,0.0727450447020423
607,"s(prev_lastRippleHPC_z):prev_DOWN_no",0.130345137027334,0.000722445492949236,0.553609547355305,0.513421032529541
608,"s(prev_lastRippleHPC_z):prev_DOWN_no",0.00551492610749804,5.7607096662589e-05,0.0732632624449072,0.0215867846462781
609,"s(prev_lastRippleHPC_z):prev_DOWN_no",0.000429961069606577,6.18811073826652e-06,0.0240673306755208,0.00711071375034975
610,"s(prev_lastRippleHPC_z):prev_DOWN_no",0.279290523622122,0.00262870077899013,0.627649288845943,0.80944925442972
611,"s(prev_lastRippleHPC_z):prev_DOWN_no",0.0631556894647112,0.000548041831957624,0.175376657245488,0.247113563597875
612,"s(prev_lastRippleHPC_z):prev_DOWN_no",0.0134689860708495,0.000134462182771926,0.110999600618178,0.0327729187312324
613,"s(prev_lastRippleHPC_z):prev_DOWN_no",0.0385386724256565,0.00023083198180866,0.144896835991407,0.045969767783083
614,"s(prev_lastRippleHPC_z):prev_DOWN_no",0.0440661934191606,0.00177008824413149,0.143245311984581,0.866473660997449
615,"s(prev_lastRippleHPC_z):prev_DOWN_no",0.113929470535229,0.000816619183034643,0.518653074862089,0.158197528556619
616,"s(prev_lastRippleHPC_z):prev_DOWN_no",0.260349469625083,0.00208134278376319,0.835778676745488,0.32288055464443
617,"s(prev_lastRippleHPC_z):prev_DOWN_no",0.137213640128635,0.00206546606862079,0.18653642952553,0.639603534094898
618,"s(prev_lastRippleHPC_z):prev_DOWN_no",0.0155999868736547,0.000302564821675285,0.065163415120886,0.211895342874608
619,"s(prev_lastRippleHPC_z):prev_DOWN_no",0.138065691943292,0.000877201402171426,0.522359108786503,0.135856873757614
620,"s(prev_lastRippleHPC_z):prev_DOWN_no",0.109352929392656,0.000806256389620285,0.440929822752442,0.225386266883358
621,"s(prev_lastRippleHPC_z):prev_DOWN_no",0.0625022025667041,0.00016517709082452,0.320536419788871,0.105675864078772
622,"s(prev_lastRippleHPC_z):prev_DOWN_no",0.134056393348811,0.00211033356100046,0.69295340908121,0.600588741154876
623,"s(prev_lastRippleHPC_z):prev_DOWN_no",0.138096038758536,0.00246334161141739,0.53733372531081,0.688632404235012
624,"s(prev_lastRippleHPC_z):prev_DOWN_no",0.0331123521486294,0.000233767651075231,0.156670896591286,0.205576987415292
625,"s(prev_lastRippleHPC_z):prev_DOWN_no",0.153122254682041,0.00104971184211527,0.216058275130636,0.0912905222772295
626,"s(prev_lastRippleHPC_z):prev_DOWN_no",0.00839159616635587,4.61544537015757e-06,0.0226023583767159,0.0122681590620661
627,"s(prev_lastRippleHPC_z):prev_DOWN_no",0.121794743704513,0.000542350517929587,0.446857182596739,0.11566983423864
628,"s(prev_lastRippleHPC_z):prev_DOWN_no",0.127504566763577,0.00158421758526805,0.145423732304043,0.641112366061273
629,"s(prev_lastRippleHPC_z):prev_DOWN_no",0.14545057098206,0.000805859891511142,0.600834137937071,0.145594111612922
630,"s(prev_lastRippleHPC_z):prev_DOWN_no",0.00877076180579817,0.000615649804952843,0.0702794699722576,0.450347274184104
631,"s(prev_lastRippleHPC_z):prev_DOWN_no",0.0741432491521801,0.000375345718751666,0.240724408895579,0.100443502921486
632,"s(prev_lastRippleHPC_z):prev_DOWN_no",0.282835862195974,0.00284378397497674,0.670436525868636,0.226873096960798
633,"s(prev_lastRippleHPC_z):prev_DOWN_no",0.0879296174544661,0.000955913665440795,0.290729774476356,0.10439724517185
634,"s(prev_lastRippleHPC_z):prev_DOWN_no",0.000366186910933486,0.000244259854350171,0.0221538489690071,0.200478443624384
635,"s(prev_lastRippleHPC_z):prev_DOWN_no",0.115028654546334,0.00107463178403053,0.588968581625965,0.397121778409986
636,"s(prev_lastRippleHPC_z):prev_DOWN_no",0.032410053281958,0.000519660038611554,0.190843462764823,0.12377038663215
637,"s(prev_lastRippleHPC_z):prev_DOWN_no",0.180877316323889,0.00151056800396758,0.612312219142467,0.38003565557912
638,"s(prev_lastRippleHPC_z):prev_DOWN_no",0.206604454113522,0.00165495086371036,0.853499711675299,0.215317521748915
639,"s(prev_lastRippleHPC_z):prev_DOWN_no",0.00512011784358002,0.000434758972538914,0.0636315118263665,0.258740809301899
640,"s(prev_lastRippleHPC_z):prev_DOWN_no",0.00352266323992545,4.83503287433678e-05,0.0669109126784488,0.019733468064856
641,"s(prev_lastRippleHPC_z):prev_DOWN_no",0.0155605432518842,0.000330043810982109,0.119358551239885,0.154428138751662
642,"s(prev_lastRippleHPC_z):prev_DOWN_no",0.0645821793262327,0.000416486233888213,0.364869636738011,0.0940176994896685
643,"s(prev_lastRippleHPC_z):prev_DOWN_no",0.0151928275309698,0.000226208541905282,0.119983318974545,0.0507287385357041
644,"s(prev_lastRippleHPC_z):prev_DOWN_no",0.036106997082328,0.000627529461427302,0.175130043196503,0.173347620851559
645,"s(prev_lastRippleHPC_z):prev_DOWN_no",0.148448973168019,0.00160697188271989,0.421397491731579,0.463933809858487
646,"s(prev_lastRippleHPC_z):prev_DOWN_no",0.0243737419661771,0.000442882181515803,0.141962624931884,0.172874058024652
647,"s(prev_lastRippleHPC_z):prev_DOWN_no",0.0566422351284652,0.000330466618266837,0.152052878888575,0.0513097443507
648,"s(prev_lastRippleHPC_z):prev_DOWN_no",0.151285786517276,0.000966273110305045,0.601963947588491,0.184474586968218
649,"s(prev_lastRippleHPC_z):prev_DOWN_no",0.0171954099879548,0.00027373360038239,0.128780445736575,0.0782425077968747
650,"s(prev_lastRippleHPC_z):prev_DOWN_no",0.137226331973872,0.000689807411842784,0.412041171365529,0.117535034986543
651,"s(prev_lastRippleHPC_z):prev_DOWN_no",0.00207832604805347,0.000590595078171642,0.0430238177316484,0.425077927572759
652,"s(prev_lastRippleHPC_z):prev_DOWN_no",0.00923046948512329,9.47445598657144e-05,0.0913287261397928,0.0269392368143097
653,"s(prev_lastRippleHPC_z):prev_DOWN_no",0.026732869245504,0.000596513830308855,0.160143554351231,0.204088689774092
654,"s(prev_lastRippleHPC_z):prev_DOWN_no",0.0177530980628768,0.000195508110493154,0.130774528813215,0.0385852339243311
655,"s(prev_lastRippleHPC_z):prev_DOWN_no",0.21320481707979,0.0022844226461402,0.900790423205785,0.41061684652669
656,"s(prev_lastRippleHPC_z):prev_DOWN_no",0.161173144879072,0.00141259198957899,0.613516209897602,0.158461951761673
657,"s(prev_lastRippleHPC_z):prev_DOWN_no",0.148759021124218,0.00213714057448022,0.316311739465866,0.670556536602672
658,"s(prev_lastRippleHPC_z):prev_DOWN_no",0.0119706854056876,0.000128395491808478,0.10540944229096,0.0437853554804136
659,"s(prev_lastRippleHPC_z):prev_DOWN_no",0.00133955768983807,1.13316908608517e-05,0.0318318264789214,0.00938451990980502
660,"s(prev_lastRippleHPC_z):prev_DOWN_no",0.0126232831916457,0.000126927526853718,0.102694570220467,0.0346287994809245
661,"s(prev_lastRippleHPC_z):prev_DOWN_no",0.101611531369567,0.000897403835643769,0.558194982808382,0.16122749983376
662,"s(prev_lastRippleHPC_z):prev_DOWN_no",0.00852669886045021,1.92630151580014e-05,0.0409005582183739,0.0182755238080806
663,"s(prev_lastRippleHPC_z):prev_DOWN_no",0.0962848115240211,0.000507484982701382,0.390393465485585,0.101755341951034
664,"s(prev_lastRippleHPC_z):prev_DOWN_no",0.00147924652058506,8.04039073096705e-05,0.0399396979793484,0.038301245080142
665,"s(prev_lastRippleHPC_z):prev_DOWN_no",0.15015912365486,0.00125963680251375,0.702209735638946,0.286821882086096
666,"s(prev_lastRippleHPC_z):prev_DOWN_no",0.286931097976762,0.0021440160586651,0.864317621212606,0.213005957518592
667,"s(prev_lastRippleHPC_z):prev_DOWN_no",0.041579762241617,0.000398439820270473,0.120103244782984,0.213313396320954
668,"s(prev_lastRippleHPC_z):prev_DOWN_no",0.148742528210205,0.000980671689510329,0.468399888910058,0.183169084617342
669,"s(prev_lastRippleHPC_z):prev_DOWN_no",0.176369942443763,0.00117326878036757,0.38299986089738,0.145346826019974
670,"s(prev_lastRippleHPC_z):prev_DOWN_no",0.00582000899012947,6.31728891964135e-05,0.0781937328683736,0.0230824133810322
671,"s(prev_lastRippleHPC_z):prev_DOWN_no",0.0215486354086414,0.000228106530346863,0.150397917084247,0.0443194814620218
672,"s(prev_lastRippleHPC_z):prev_DOWN_no",0.0690405778569518,0.00048958746876603,0.232836719584801,0.272988422191497
673,"s(prev_lastRippleHPC_z):prev_DOWN_no",0.01273233940453,0.000128532660875506,0.107654505669457,0.031707404925433
674,"s(prev_lastRippleHPC_z):prev_DOWN_no",0.0373342007685231,0.000370257131793397,0.183944599880447,0.0542521589091325
675,"s(prev_lastRippleHPC_z):prev_DOWN_no",0.148616767729195,0.00103385961089473,0.261773220074287,0.153596108651662
676,"s(prev_lastRippleHPC_z):prev_DOWN_no",0.000464589617990896,2.55407112022843e-05,0.0192387114693072,0.0223535985706526
677,"s(prev_lastRippleHPC_z):prev_DOWN_no",0.03767254658624,0.000410974128337339,0.191603937897486,0.0566682248131125
678,"s(prev_lastRippleHPC_z):prev_DOWN_no",0.0593490251305795,0.000623980325824184,0.237945885681513,0.0701503979181886
679,"s(prev_lastRippleHPC_z):prev_DOWN_no",0.161581154568013,0.00186915617763711,0.562777023018508,0.531358295094672
680,"s(prev_lastRippleHPC_z):prev_DOWN_no",0.0493444959038278,0.000552771119915103,0.209891069261239,0.0734266556746893
681,"s(prev_lastRippleHPC_z):prev_DOWN_no",0.00467058817553223,0.000864185806067466,0.0680418141979891,0.518740562180876
682,"s(prev_lastRippleHPC_z):prev_DOWN_no",0.0290451438857993,0.0012362309265198,0.0361879944891799,0.664129525416035
683,"s(prev_lastRippleHPC_z):prev_DOWN_no",0.165658927188542,0.00132123716123335,0.498696283216256,0.721346555964293
684,"s(prev_lastRippleHPC_z):prev_DOWN_no",0.00397484301982054,0.000457490035629877,0.0563653665573797,0.261284129973372
685,"s(prev_lastRippleHPC_z):prev_DOWN_no",0.000414067371237614,6.45140838260024e-06,0.0250057250037312,0.00738638801146685
686,"s(prev_lastRippleHPC_z):prev_DOWN_no",0.300444430930291,0.00243215642881783,0.754096219669402,0.216820116993978
687,"s(prev_lastRippleHPC_z):prev_DOWN_no",0.0175051101574262,0.000629465336901664,0.0909321284148871,0.43860965771763
688,"s(prev_lastRippleHPC_z):prev_DOWN_no",0.0107301496385537,0.00014516697588531,0.110023061300533,0.0488370884677836
689,"s(prev_lastRippleHPC_z):prev_DOWN_no",0.0757948232360395,0.000575774420433452,0.178023939063792,0.188990560173533
690,"s(prev_lastRippleHPC_z):prev_DOWN_no",0.0633608127874403,0.000266318889465865,0.0884627132257131,0.0275204619974723
691,"s(prev_lastRippleHPC_z):prev_DOWN_no",0.0426391256346683,0.000279040065280948,0.111106397143176,0.0427148361689981
692,"s(prev_lastRippleHPC_z):prev_DOWN_no",0.166704820725583,0.00140162612705343,0.664348019355634,0.300566934220827
693,"s(prev_lastRippleHPC_z):prev_DOWN_no",0.00923080612426475,0.000170453794251821,0.0993697297257401,0.0843544354534816
694,"s(prev_lastRippleHPC_z):prev_DOWN_no",0.26956746514541,0.00201567285330218,0.63657575616486,0.391531240772997
695,"s(prev_lastRippleHPC_z):prev_DOWN_no",0.0604024319956329,0.000380410139990918,0.292628429029277,0.292674267838154
696,"s(prev_lastRippleHPC_z):prev_DOWN_no",0.00150539571415287,6.37903593597376e-05,0.0336990121891678,0.0701913728671601
697,"s(prev_lastRippleHPC_z):prev_DOWN_no",0.00129479208792116,1.90686236719242e-05,0.0427387196574313,0.0126241376767465
698,"s(prev_lastRippleHPC_z):prev_DOWN_no",0.186341787847179,0.00210986205422615,0.619910691845214,0.364379609015608
699,"s(prev_lastRippleHPC_z):prev_DOWN_no",0.187867954858996,0.00155206168125326,0.586221474132529,0.906338415087631
700,"s(prev_lastRippleHPC_z):prev_DOWN_no",0.111702751233505,0.00056950039408419,0.51487845006255,0.268242618167184
701,"s(prev_lastRippleHPC_z):prev_DOWN_no",0.00314567037636238,0.000159248249715313,0.0547350952295625,0.129754900690625
702,"s(prev_lastRippleHPC_z):prev_DOWN_no",0.0171473742701558,0.000200453864011517,0.128664950964376,0.0559780636119745
703,"s(prev_lastRippleHPC_z):prev_DOWN_no",0.296774995909901,0.00306464550765432,0.764863750151627,0.486821232491078
704,"s(prev_lastRippleHPC_z):prev_DOWN_no",0.0373145278306355,0.000694214280897711,0.073650955864478,0.414247101621136
705,"s(prev_lastRippleHPC_z):prev_DOWN_no",-8.41921278675883e-05,0.000396192426176716,0.00397087491038794,0.276200032401446
706,"s(prev_lastRippleHPC_z):prev_DOWN_no",0.0213272215023474,0.000390228445702026,0.146603995247949,0.145394618588242
707,"s(prev_lastRippleHPC_z):prev_DOWN_no",0.0629326334931539,0.00193341680798332,0.24438008415398,0.664080072679091
708,"s(prev_lastRippleHPC_z):prev_DOWN_no",0.0418785264566015,0.000459677548470651,0.201386236411291,0.0619637812240389
709,"s(prev_lastRippleHPC_z):prev_DOWN_no",0.204350816624304,0.00152868136171334,0.614795889312885,0.61626039556694
710,"s(prev_lastRippleHPC_z):prev_DOWN_no",0.0406451220491153,0.000234445995847047,0.11390063134766,0.0926619060019875
711,"s(prev_lastRippleHPC_z):prev_DOWN_no",0.0198166688746007,0.00122767137595515,0.137252849798954,0.521297508398349
712,"s(prev_lastRippleHPC_z):prev_DOWN_no",0.215457715869125,0.00158430463777433,0.814309617609342,0.894070755967221
713,"s(prev_lastRippleHPC_z):prev_DOWN_no",0.0649478019570875,0.000676244605145243,0.253540291857446,0.0748780960428127
714,"s(prev_lastRippleHPC_z):prev_DOWN_no",0.296848399374544,0.00257626553188344,0.855653626596619,0.26059851832949
715,"s(prev_lastRippleHPC_z):prev_DOWN_no",-4.61955893298338e-05,3.17852927125402e-05,0.0126228518669441,0.0219029127611051
716,"s(prev_lastRippleHPC_z):prev_DOWN_no",0.18729272674531,0.00126214547852693,0.652510312694065,0.177568560292806
717,"s(prev_lastRippleHPC_z):prev_DOWN_no",0.246154040089716,0.00272501567634649,0.568121853768719,0.599731559800602
718,"s(prev_lastRippleHPC_z):prev_DOWN_no",0.00383048431660438,0.000586547773365011,0.0612396119816718,0.38022135147324
719,"s(prev_lastRippleHPC_z):prev_DOWN_no",0.0317888412864589,0.00017258328438474,0.113298073157567,0.0339054954964232
720,"s(prev_lastRippleHPC_z):prev_DOWN_no",0.00538423038695246,6.75389963529079e-05,0.0795427299569751,0.0234992567846051
721,"s(prev_lastRippleHPC_z):prev_DOWN_no",0.13147561671385,0.000782610110819801,0.49729692427009,0.141424981896208
722,"s(prev_lastRippleHPC_z):prev_DOWN_no",0.222428983620278,0.00175795313457589,0.614292540639392,0.160453133616415
723,"s(prev_lastRippleHPC_z):prev_DOWN_no",0.281784059452781,0.00257873253208784,0.769406628778432,0.727076486353969
724,"s(prev_lastRippleHPC_z):prev_DOWN_no",0.000180167348667659,2.19040319684715e-06,0.0141454680541587,0.00417944375087243
725,"s(prev_lastRippleHPC_z):prev_DOWN_no",0.220557310426821,0.00152678067060185,0.776830023315105,0.220436229154784
726,"s(prev_lastRippleHPC_z):prev_DOWN_no",0.0907434509787848,0.00107953666990614,0.318818040961284,0.192524224371037
727,"s(prev_lastRippleHPC_z):prev_DOWN_no",0.00320691632696057,5.28306174344993e-05,0.0559003046053717,0.0467366883246577
728,"s(prev_lastRippleHPC_z):prev_DOWN_no",0.102555895588978,0.000725525350291879,0.288121833760105,0.0794555247268366
729,"s(prev_lastRippleHPC_z):prev_DOWN_no",0.0299537514236157,6.9820014128868e-05,0.152526889770928,0.0453860887899466
730,"s(prev_lastRippleHPC_z):prev_DOWN_no",0.194012329668412,0.00169107904522917,0.602725290864253,0.642016553524423
731,"s(prev_lastRippleHPC_z):prev_DOWN_no",0.135752247641059,0.00121391025976826,0.459732504139922,0.392063532176068
732,"s(prev_lastRippleHPC_z):prev_DOWN_no",0.0027752118894373,0.000138408153485603,0.0189222146042247,0.135115933093463
733,"s(prev_lastRippleHPC_z):prev_DOWN_no",0.0216695551104831,0.000381503677535049,0.141335763933203,0.14533476116637
734,"s(prev_lastRippleHPC_z):prev_DOWN_no",0.0132810515604707,0.00035309819912675,0.117103284451366,0.163489503499366
735,"s(prev_lastRippleHPC_z):prev_DOWN_no",0.0577798468095798,0.000598391632411792,0.229211699309293,0.0703484071689201
736,"s(prev_lastRippleHPC_z):prev_DOWN_no",0.274945852351438,0.00246399601434759,0.978472367676361,0.967479386187703
737,"s(prev_lastRippleHPC_z):prev_DOWN_no",0.00198943096772375,2.16826225449025e-05,0.0450640167307654,0.013303467248588
738,"s(prev_lastRippleHPC_z):prev_DOWN_no",0.0537562920447581,0.000862503615240236,0.199174890027065,0.407292860513005
739,"s(prev_lastRippleHPC_z):prev_DOWN_no",0.0095488011563738,8.40389409868048e-05,0.0867814702707195,0.0256079758900347
740,"s(prev_lastRippleHPC_z):prev_DOWN_no",0.000723763291075485,1.60426196103056e-05,0.0384037712073562,0.011322951342564
741,"s(prev_lastRippleHPC_z):prev_DOWN_no",0.0873530073768087,0.000476315667843291,0.401780183788742,0.162750087319327
742,"s(prev_lastRippleHPC_z):prev_DOWN_no",0.000770639305885723,8.01024083169156e-06,0.0269275367928742,0.00793249494031468
743,"s(prev_lastRippleHPC_z):prev_DOWN_no",7.73067450934306e-05,0.00117078496785747,0.0154690327578076,0.614052111514694
744,"s(prev_lastRippleHPC_z):prev_DOWN_no",0.0434590197496432,0.000664730992005151,0.205288813014485,0.195157967654306
745,"s(prev_lastRippleHPC_z):prev_DOWN_no",0.00723058951026978,0.00020829329296366,0.0928181368178617,0.0540551098351273
746,"s(prev_lastRippleHPC_z):prev_DOWN_no",0.0846398054859963,0.000569275598084303,0.217719526318475,0.178847338267935
747,"s(prev_lastRippleHPC_z):prev_DOWN_no",0.088018999426299,0.000691993901540667,0.190589116967363,0.158068501316659
748,"s(prev_lastRippleHPC_z):prev_DOWN_no",0.00390124971889971,0.000360350310028758,0.0689132031607486,0.222581449011222
749,"s(prev_lastRippleHPC_z):prev_DOWN_no",0.0605803932277587,0.000704298615774446,0.241354839292003,0.347113207841557
750,"s(prev_lastRippleHPC_z):prev_DOWN_no",0.176649625150543,0.00134034002250009,0.478317562742936,0.711546409958041
751,"s(prev_lastRippleHPC_z):prev_DOWN_no",0.176143609766215,0.00204077084883649,0.439071314909746,0.711350062730719
752,"s(prev_lastRippleHPC_z):prev_DOWN_no",0.00191561829432541,0.000225583202403224,0.0620827241309581,0.153662303504064
753,"s(prev_lastRippleHPC_z):prev_DOWN_no",0.0103275182330167,0.000140639356741027,0.10654339663437,0.0346971077680593
754,"s(prev_lastRippleHPC_z):prev_DOWN_no",0.00957470437800101,0.00010913320743094,0.101019355057749,0.0297980999038876
755,"s(prev_lastRippleHPC_z):prev_DOWN_no",0.358337940979331,0.00345968783771835,0.737217563066335,0.491944252982324
756,"s(prev_lastRippleHPC_z):prev_DOWN_no",0.277525984617531,0.0025737780315102,0.7288760310828,0.818266593805438
757,"s(prev_lastRippleHPC_z):prev_DOWN_no",0.0954712786632745,0.00112241225266941,0.328255721263459,0.571509717550725
758,"s(prev_lastRippleHPC_z):prev_DOWN_no",0.00376062307180813,9.44062301179309e-05,0.0586778635048373,0.0993877008535435
759,"s(prev_lastRippleHPC_z):prev_DOWN_no",0.00574244232118293,9.08227103227659e-05,0.0713033397882816,0.0368508303868085
760,"s(prev_lastRippleHPC_z):prev_DOWN_no",1.96874529825308e-05,5.48937678076987e-06,0.00326412506082774,0.0147555979082634
761,"s(prev_lastRippleHPC_z):prev_DOWN_no",0.0847433196450407,0.00105967482662498,0.29278472614546,0.144293578415829
762,"s(prev_lastRippleHPC_z):prev_DOWN_no",0.0380552101181486,0.000282246540590727,0.173173126945946,0.0617557851398613
763,"s(prev_lastRippleHPC_z):prev_DOWN_no",0.102759328618951,0.000989151448836341,0.530530267798306,0.243366208477331
764,"s(prev_lastRippleHPC_z):prev_DOWN_no",0.010011916796036,7.47015006850362e-05,0.0344267384843956,0.0676941511098197
765,"s(prev_lastRippleHPC_z):prev_DOWN_no",0.002629956895432,4.2114982165963e-05,0.0587829756565021,0.01907442338521
766,"s(prev_lastRippleHPC_z):prev_DOWN_no",0.220798431844171,0.00183806220175347,0.193692773036004,0.238227845294647
767,"s(prev_lastRippleHPC_z):prev_DOWN_no",0.056568869126294,0.000349604310349796,0.260459382332983,0.124921651229192
768,"s(prev_lastRippleHPC_z):prev_DOWN_no",0.0243351945059409,5.11382018672672e-05,0.143979955007367,0.0462783327553889
769,"s(prev_lastRippleHPC_z):prev_DOWN_no",0.0412424993053087,0.000423676369098465,0.199358312682228,0.058820237511117
770,"s(prev_lastRippleHPC_z):prev_DOWN_no",0.0937820834762002,0.000594381595049755,0.118127751469264,0.186096635897111
771,"s(prev_lastRippleHPC_z):prev_DOWN_no",0.0321418582745014,0.000511306835383715,0.180988335913457,0.15000507619365
772,"s(prev_lastRippleHPC_z):prev_DOWN_no",0.118445400447365,0.000448645610996842,0.246030379150996,0.0873074425948158
773,"s(prev_lastRippleHPC_z):prev_DOWN_no",0.00218738474793323,2.44827315715849e-05,0.0492390648800195,0.0145438135638316
774,"s(prev_lastRippleHPC_z):prev_DOWN_no",0.0566331866365868,0.00133516564833672,0.312879537862215,0.638688988094344
775,"s(prev_lastRippleHPC_z):prev_DOWN_no",0.00267844221160107,0.000259484334918825,0.0523638228362832,0.197354560224761
776,"s(prev_lastRippleHPC_z):prev_DOWN_no",0.19886457281746,0.00281068042037088,0.616800678659638,0.598241308271424
777,"s(prev_lastRippleHPC_z):prev_DOWN_no",0.118704439419409,0.00098753891356728,0.562900662442151,0.146455941022101
778,"s(prev_lastRippleHPC_z):prev_DOWN_no",0.0204331410637772,0.00100868043034548,0.137963366429787,0.486018656857309
779,"s(prev_lastRippleHPC_z):prev_DOWN_no",-2.01897107405813e-05,5.33122268292761e-05,0.00114465875831038,0.0691113492922115
780,"s(prev_lastRippleHPC_z):prev_DOWN_no",0.0971960306842448,0.000432391545701039,0.339059271491288,0.0944327106713688
781,"s(prev_lastRippleHPC_z):prev_DOWN_no",0.0824493060246665,0.000961968050413169,0.292181340041118,0.0960707317966119
782,"s(prev_lastRippleHPC_z):prev_DOWN_no",0.0810079392743734,0.000590393740861601,0.18674187518438,0.115649851869688
783,"s(prev_lastRippleHPC_z):prev_DOWN_no",0.136095833112945,0.000787484646087656,0.543476305508215,0.141174008847569
784,"s(prev_lastRippleHPC_z):prev_DOWN_no",0.162345220555555,0.00141474663998395,0.599415029651711,0.169290322468539
785,"s(prev_lastRippleHPC_z):prev_DOWN_no",0.144966201184809,0.000993222702517386,0.6360620284251,0.187230506345973
786,"s(prev_lastRippleHPC_z):prev_DOWN_no",0.0107879193918645,0.000109770353403632,0.093545316338348,0.0354532659738219
787,"s(prev_lastRippleHPC_z):prev_DOWN_no",0.0245519582527507,0.00067326659025321,0.139335351541436,0.318583231841143
788,"s(prev_lastRippleHPC_z):prev_DOWN_no",0.205927779398736,0.00205112369362122,0.394509846304721,0.415248561622408
789,"s(prev_lastRippleHPC_z):prev_DOWN_no",0.000105656557578548,0.00112929182248047,0.00931605675293656,0.616263136766792
790,"s(prev_lastRippleHPC_z):prev_DOWN_no",0.002085824883304,1.80573829288529e-05,0.0410332249211959,0.0121094639852924
791,"s(prev_lastRippleHPC_z):prev_DOWN_no",0.18857095545845,0.0012894816983951,0.52778020217561,0.135053394441903
792,"s(prev_lastRippleHPC_z):prev_DOWN_no",0.127342326857259,0.000659014923333489,0.410021212562759,0.102001547753444
793,"s(prev_lastRippleHPC_z):prev_DOWN_no",0.1282940558226,0.000957166177388327,0.330085245033812,0.317638448725275
794,"s(prev_lastRippleHPC_z):prev_DOWN_no",1.46839722070524e-05,6.49326263227586e-05,0.00627083358083112,0.0796892096481859
795,"s(prev_lastRippleHPC_z):prev_DOWN_no",0.0465126518208221,0.000660783666943816,0.214790741265098,0.125794157570615
796,"s(prev_lastRippleHPC_z):prev_DOWN_no",0.0281411649339294,0.000474692573895078,0.162910046005834,0.158693754833092
797,"s(prev_lastRippleHPC_z):prev_DOWN_no",0.0224668554300855,0.000611967609767359,0.145273037036146,0.213765190945699
798,"s(prev_lastRippleHPC_z):prev_DOWN_no",0.000390790248299133,5.91095602476839e-05,0.0143991335783224,0.0452382845592115
799,"s(prev_lastRippleHPC_z):prev_DOWN_no",0.0130990875048802,0.000187333941360436,0.0941292679021969,0.0864822613255885
800,"s(prev_lastRippleHPC_z):prev_DOWN_no",0.149986123332656,0.000735824666708696,0.499894488591254,0.129071316340197
801,"s(prev_lastRippleHPC_z):prev_DOWN_no",0.214035598380808,0.00149780358886531,0.289665243767431,0.140910622729511
802,"s(prev_lastRippleHPC_z):prev_DOWN_no",0.0271997959478005,0.000332943817524982,0.164716652594509,0.0699232000387501
803,"s(prev_lastRippleHPC_z):prev_DOWN_no",0.0487570608449435,0.000728463941720512,0.22781317459147,0.168827824441713
804,"s(prev_lastRippleHPC_z):prev_DOWN_no",0.0520695711961823,0.000654214508018565,0.221642663924448,0.167654843381808
805,"s(prev_lastRippleHPC_z):prev_DOWN_no",0.00358499174998794,0.000103914075006041,0.0596565545968321,0.0936180846282711
806,"s(prev_lastRippleHPC_z):prev_DOWN_no",0.00299903321647843,3.39916506228478e-05,0.0576799413100132,0.0170107322922695
807,"s(prev_lastRippleHPC_z):prev_DOWN_no",0.0886343981217133,0.0010056173472128,0.21951301516379,0.383678811364311
808,"s(prev_lastRippleHPC_z):prev_DOWN_no",0.0028577356900259,3.82685041063949e-05,0.0596171189536874,0.0176152853401423
809,"s(prev_lastRippleHPC_z):prev_DOWN_no",0.104162560805286,0.000684311706119457,0.593720912576136,0.13256586705626
810,"s(prev_lastRippleHPC_z):prev_DOWN_no",0.177437284322195,0.00151681939675684,0.23647262078003,0.173168828093356
811,"s(prev_lastRippleHPC_z):prev_DOWN_no",0.0235756476493121,0.000271419964589702,0.151847340393,0.0482615539695829
812,"s(prev_lastRippleHPC_z):prev_DOWN_no",0.0468786609470708,0.00062565396800502,0.208356102442509,0.146984161923783
813,"s(prev_lastRippleHPC_z):prev_DOWN_no",-4.29604786296167e-05,0.000248593817328028,0.00101224194077684,0.178230189964751
814,"s(prev_lastRippleHPC_z):prev_DOWN_no",0.000562614616541168,0.000168629378682793,0.0209971082852793,0.115672602014895
815,"s(prev_lastRippleHPC_z):prev_DOWN_no",0.146155980289986,0.000878506942525376,0.46649929864986,0.129824424540696
816,"s(prev_lastRippleHPC_z):prev_DOWN_no",0.175055236233642,0.00118709640287806,0.488494430204864,0.184095465652974
817,"s(prev_lastRippleHPC_z):prev_DOWN_no",0.00350517357922175,3.97094795717973e-05,0.0529587759503675,0.0192000379778485
818,"s(prev_lastRippleHPC_z):prev_DOWN_no",0.0686690550144267,0.000454232805869426,0.274232406723304,0.176130197200016
819,"s(prev_lastRippleHPC_z):prev_DOWN_no",0.0505712158914244,0.000309913317111363,0.146692327414714,0.0677790413747837
820,"s(prev_lastRippleHPC_z):prev_DOWN_no",0.103220925768506,0.000415391521328035,0.305293689387945,0.0928368519994917
821,"s(prev_lastRippleHPC_z):prev_DOWN_no",0.207349365966097,0.001387057179762,0.432217674125352,0.102959439073332
822,"s(prev_lastRippleHPC_z):prev_DOWN_no",0.136360248269925,0.000829763903944082,0.436729810908721,0.482588422728953
823,"s(prev_lastRippleHPC_z):prev_DOWN_no",0.000905862288642645,1.35609493947615e-05,0.0350747629773074,0.0103464670337654
824,"s(prev_lastRippleHPC_z):prev_DOWN_no",5.82908596502563e-06,1.30916048807213e-07,0.00330286241251813,0.00112212717702835
825,"s(prev_lastRippleHPC_z):prev_DOWN_no",0.0413692930019458,0.00198434878765915,0.237452829438367,0.849540298841615
826,"s(prev_lastRippleHPC_z):prev_DOWN_no",-4.08078936864342e-05,0.000578795213180132,0.000772513513545681,0.412859844367436
827,"s(prev_lastRippleHPC_z):prev_DOWN_no",0.0207393689779503,0.000301351300021524,0.141212727664259,0.0734531550348723
828,"s(prev_lastRippleHPC_z):prev_DOWN_no",0.0185927028544581,0.00021702584053419,0.136363472274659,0.0509231234021855
829,"s(prev_lastRippleHPC_z):prev_DOWN_no",0.0840020746960546,0.00218962547355609,0.494640869101728,0.927114385872015
830,"s(prev_lastRippleHPC_z):prev_DOWN_no",0.00830336878092464,7.87492218192387e-05,0.0876140123752625,0.0258436064334245
831,"s(prev_lastRippleHPC_z):prev_DOWN_no",0.162478678098691,0.000751953545279936,0.300228750871013,0.0901623857858539
832,"s(prev_lastRippleHPC_z):prev_DOWN_no",0.0229372860682009,0.000200309460016548,0.100030825915738,0.113856108553012
833,"s(prev_lastRippleHPC_z):prev_DOWN_no",0.19132783934198,0.00181288232051843,0.757044534984359,0.392614069143814
834,"s(prev_lastRippleHPC_z):prev_DOWN_no",0.00316565996573992,0.000155514018751078,0.0531124007618851,0.104710961198596
835,"s(prev_lastRippleHPC_z):prev_DOWN_no",0.0237614749411694,1.99305339589704e-05,0.0789867099055833,0.0433091159291247
836,"s(prev_lastRippleHPC_z):prev_DOWN_no",0.269234630354289,0.00233224942822548,0.545072179248113,0.984620791624032
837,"s(prev_lastRippleHPC_z):prev_DOWN_no",0.01535686004478,0.000604906613179271,0.12153081731421,0.268637050335545
838,"s(prev_lastRippleHPC_z):prev_DOWN_no",0.000158507493232207,0.000101399938567623,0.0115941331860159,0.118435764541463
839,"s(prev_lastRippleHPC_z):prev_DOWN_no",0.0754242533995724,0.000761472866714314,0.248054711536966,0.231208035654726
840,"s(prev_lastRippleHPC_z):prev_DOWN_no",0.0548016061549648,0.000385172270266581,0.243385566492352,0.139754433223729
841,"s(prev_lastRippleHPC_z):prev_DOWN_no",0.0138109330330236,0.00126282768251796,0.118033420424062,0.541395752448792
842,"s(prev_lastRippleHPC_z):prev_DOWN_no",0.011831871919493,0.000232195514961828,0.113754361815634,0.0741876426859749
843,"s(prev_lastRippleHPC_z):prev_DOWN_no",0.343826843401176,0.00288004049017513,0.456311619639115,0.198997806688018
844,"s(prev_lastRippleHPC_z):prev_DOWN_no",0.00761055661718757,0.000467049896433211,0.0811036149505331,0.284192880466614
845,"s(prev_lastRippleHPC_z):prev_DOWN_no",0.0196733783100482,0.000213873817305897,0.140625476239764,0.0415178233148426
846,"s(prev_lastRippleHPC_z):prev_DOWN_no",0.219997836643014,0.00165815251723274,0.729325968403258,0.217906466741645
847,"s(prev_lastRippleHPC_z):prev_DOWN_no",0.00465183099300681,0.000261316543926758,0.066955416771269,0.185498082939445
848,"s(prev_lastRippleHPC_z):prev_DOWN_no",0.107564397884315,0.00116067587089326,0.34102172656163,0.101438537454342
849,"s(prev_lastRippleHPC_z):prev_DOWN_no",0.186746598607036,0.00156404031781698,0.428331185328866,0.572676892031386
850,"s(prev_lastRippleHPC_z):prev_DOWN_no",0.194235758502984,0.00122347569503882,0.84172969261444,0.20230817191516
851,"s(prev_lastRippleHPC_z):prev_DOWN_no",0.132495729407507,0.00104372000800236,0.245857022528779,0.32649384647697
852,"s(prev_lastRippleHPC_z):prev_DOWN_no",0.172787364597858,0.00129220151615029,0.53172728904141,0.314645577141406
853,"s(prev_lastRippleHPC_z):prev_DOWN_no",0.0985323672367846,0.000828040960480148,0.15680209047615,0.348597094499792
854,"s(prev_lastRippleHPC_z):prev_DOWN_no",0.244842694701814,0.00203997997525322,0.556540134696136,0.453471762238633
855,"s(prev_lastRippleHPC_z):prev_DOWN_no",0.0630921117692376,0.00016737404472504,0.193806786342478,0.0775229109433729
856,"s(prev_lastRippleHPC_z):prev_DOWN_no",0.0465936086557139,0.000406725688213328,0.140981296959356,0.15827845677577
857,"s(prev_lastRippleHPC_z):prev_DOWN_no",0.0329505465930895,0.000327346137675939,0.184107097064955,0.0544041128378897
858,"s(prev_lastRippleHPC_z):prev_DOWN_no",0.00480655722114598,0.000201494638077183,0.0664539108422346,0.116993196170657
859,"s(prev_lastRippleHPC_z):prev_DOWN_no",0.00205387346040631,2.15522528064181e-05,0.0449025153366227,0.0132565513705269
860,"s(prev_lastRippleHPC_z):prev_DOWN_no",0.188085601071447,0.00193200462556735,0.668895905170847,0.408994493046889
861,"s(prev_lastRippleHPC_z):prev_DOWN_no",0.025589896159496,0.000300309362791776,0.167258720568926,0.0505555416655749
862,"s(prev_lastRippleHPC_z):prev_DOWN_no",0.172757047548205,0.000975674171441519,0.709565120510877,0.174398892851141
863,"s(prev_lastRippleHPC_z):prev_DOWN_no",0.0807404270367345,0.000563331385706576,0.325752763208258,0.0933144416982232
864,"s(prev_lastRippleHPC_z):prev_DOWN_no",0.0448342560120194,0.000450323157356181,0.202645654350828,0.0598536147603523
865,"s(prev_lastRippleHPC_z):prev_DOWN_no",0.0178162728720146,0.000172462120411996,0.125810371710754,0.0371982128818795
866,"s(prev_lastRippleHPC_z):prev_DOWN_no",0.002412662906079,2.59046991757832e-05,0.0484158692429703,0.0142741400928222
867,"s(prev_lastRippleHPC_z):prev_DOWN_no",0.0104270502154344,0.000261786622507284,0.113600985111507,0.101540179823254
868,"s(prev_lastRippleHPC_z):prev_DOWN_no",0.0349400255172982,0.000518610212566467,0.189055170545795,0.113014078185277
869,"s(prev_lastRippleHPC_z):prev_DOWN_no",0.000706073267133789,1.3659479765544e-05,0.0361143044835705,0.010640904213558
870,"s(prev_lastRippleHPC_z):prev_DOWN_no",0.0014031619183994,4.07641918052986e-05,0.0343732032602587,0.0255837584023528
871,"s(prev_lastRippleHPC_z):prev_DOWN_no",0.00722248619687971,0.000792158639148918,0.0877763596481651,0.432401745285925
872,"s(prev_lastRippleHPC_z):prev_DOWN_no",0.0338076394920481,0.0014631564056032,0.183981464505643,0.555326976897093
873,"s(prev_lastRippleHPC_z):prev_DOWN_no",0.174114670156673,0.000651891895447308,0.447075855377023,0.466403163385222
874,"s(prev_lastRippleHPC_z):prev_DOWN_no",0.0265031223454306,0.000322461812622362,0.16593138159229,0.0666392524328328
875,"s(prev_lastRippleHPC_z):prev_DOWN_no",0.063543778570315,0.00032648965487945,0.186490095328048,0.048514383560731
876,"s(prev_lastRippleHPC_z):prev_DOWN_no",0.28727504938055,0.00260817889590062,0.668514954912351,0.984697834714509
877,"s(prev_lastRippleHPC_z):prev_DOWN_no",0.000174801985704853,0.00034646552058382,0.0245142831928632,0.288024281687316
878,"s(prev_lastRippleHPC_z):prev_DOWN_no",0.054719812371534,0.00333919586000771,0.20983564929505,1.17270776466702
879,"s(prev_lastRippleHPC_z):prev_DOWN_no",0.0478568247947999,0.002696158630765,0.210982880922612,0.951987427110748
880,"s(prev_lastRippleHPC_z):prev_DOWN_no",0.00175518996605195,2.05741474361513e-05,0.0440095008639682,0.0129807838748775
881,"s(prev_lastRippleHPC_z):prev_DOWN_no",0.000403079195420375,1.62560593476502e-05,0.0245901354301081,0.0155969327272454
882,"s(prev_lastRippleHPC_z):prev_DOWN_no",0.120659055676096,0.000991296664551841,0.267221846708371,0.13026712508659
883,"s(prev_lastRippleHPC_z):prev_DOWN_no",0.0498255817586735,9.56723271667835e-05,0.234142907307203,0.0602176463868184
884,"s(prev_lastRippleHPC_z):prev_DOWN_no",0.195607202378986,0.00104523271244695,0.700825295420727,0.306316161012205
885,"s(prev_lastRippleHPC_z):prev_DOWN_no",0.00649724641875693,6.91300979694925e-05,0.0793588170189637,0.023422421686815
886,"s(prev_lastRippleHPC_z):prev_DOWN_no",0.0288469255895514,7.08051890433622e-05,0.163640760354472,0.0484222862126225
887,"s(prev_lastRippleHPC_z):prev_DOWN_no",0.000879084118124318,1.09921808276015e-05,0.0320208499507272,0.00944602490608686
888,"s(prev_lastRippleHPC_z):prev_DOWN_no",-0.0190454658254788,8.85662219647223e-05,0.213533637271384,0.0722658932901908
889,"s(prev_lastRippleHPC_z):prev_DOWN_no",0.120103459142284,0.00076386171080353,0.442760253043603,0.237616048122184
890,"s(prev_lastRippleHPC_z):prev_DOWN_no",0.104307885910754,0.000478883499150231,0.365279058133204,0.0843932277096613
891,"s(prev_lastRippleHPC_z):prev_DOWN_no",0.142202298661522,0.000781792278778524,0.460961814217688,0.113593551327473
892,"s(prev_lastRippleHPC_z):prev_DOWN_no",0.00522677363705615,0.000241896615309021,0.0686435561370163,0.091140415372819
893,"s(prev_lastRippleHPC_z):prev_DOWN_no",0.00550438303082412,0.000738597487737262,0.0804498212301599,0.394572551773476
894,"s(prev_lastRippleHPC_z):prev_DOWN_no",0.185754924854719,0.00133905391881772,0.720087234755268,0.252384120256569
895,"s(prev_lastRippleHPC_z):prev_DOWN_no",0.100039966885324,0.000767556851784813,0.51382473968933,0.123853867645547
896,"s(prev_lastRippleHPC_z):prev_DOWN_no",0.00398122160136172,3.8220935864653e-05,0.0589253366266087,0.0173921223886564
897,"s(prev_lastRippleHPC_z):prev_DOWN_no",0.0208253674183903,0.00022364427927676,0.145757251732743,0.0430226299882637
898,"s(prev_lastRippleHPC_z):prev_DOWN_no",0.0289962511398958,0.00195393297942796,0.154797187299137,0.861850686744252
899,"s(prev_lastRippleHPC_z):prev_DOWN_no",0.0041393224676165,0.000204946451063669,0.0665703871208662,0.136454277329826
900,"s(prev_lastRippleHPC_z):prev_DOWN_no",0.000904271825358904,2.29037257453091e-05,0.0329510902165975,0.026039401185224
901,"s(prev_lastRippleHPC_z):prev_DOWN_no",0.00541856070089963,0.000179716536237856,0.064663210215431,0.0946422240580012
902,"s(prev_lastRippleHPC_z):prev_DOWN_no",0.000486546992298109,0.000311062292759307,0.0255020196706501,0.203860741404997
903,"s(prev_lastRippleHPC_z):prev_DOWN_no",0.0594952405163856,0.000732436194408282,0.244446353964507,0.130341789327875
904,"s(prev_lastRippleHPC_z):prev_DOWN_no",0.00095578737459423,0.000129717195051957,0.0346118304000924,0.107554916908709
905,"s(prev_lastRippleHPC_z):prev_DOWN_no",0.126473691092405,0.000833703576766696,0.151511755395523,0.111260588931051
906,"s(prev_lastRippleHPC_z):prev_DOWN_no",0.00142102842050207,0.000100826183268899,0.0289689054594082,0.0701447386327199
907,"s(prev_lastRippleHPC_z):prev_DOWN_no",0.0596560763231277,0.000822729818205557,0.246720489040723,0.152577327460434
908,"s(prev_lastRippleHPC_z):prev_DOWN_no",0.00132094131628691,1.18129173234337e-05,0.0328850174039162,0.00969728891460158
909,"s(prev_lastRippleHPC_z):prev_DOWN_no",0.0654681890080422,0.000617253679643241,0.196879945011152,0.0731863573271156
910,"s(prev_lastRippleHPC_z):prev_DOWN_no",0.161595816507929,0.00141501005575408,0.636178266350687,0.307253995568298
911,"s(prev_lastRippleHPC_z):prev_DOWN_no",0.0613064848002791,0.000711696575681059,0.248930707038512,0.116842320944405
912,"s(prev_lastRippleHPC_z):prev_DOWN_no",0.000857823647841371,5.52279737798013e-06,0.0197642522361044,0.0058450524581145
913,"s(prev_lastRippleHPC_z):prev_DOWN_no",0.0756490244328152,0.000570170947656932,0.257753872275259,0.0780640818446466
914,"s(prev_lastRippleHPC_z):prev_DOWN_no",0.0132070135177589,0.00031109126106821,0.116230113753794,0.164551484033413
915,"s(prev_lastRippleHPC_z):prev_DOWN_no",0.189867916034313,0.00148517789644676,0.192328231461263,0.0682502476388164
916,"s(prev_lastRippleHPC_z):prev_DOWN_no",0.0558669544988692,0.0010610421572567,0.246875751533103,0.336272235167939
917,"s(prev_lastRippleHPC_z):prev_DOWN_no",0.139505490897543,0.00124218634017796,0.315538836263994,0.197251209030766
918,"s(prev_lastRippleHPC_z):prev_DOWN_no",0.00273961993092531,0.000596552564827432,0.047236793434582,0.375662420898352
919,"s(prev_lastRippleHPC_z):prev_DOWN_no",0.00211647151583971,3.34320994679416e-05,0.0443008820856642,0.0202126136026787
920,"s(prev_lastRippleHPC_z):prev_DOWN_no",0.27896015018446,0.00259259412800156,0.645493485474319,0.329246480454138
921,"s(prev_lastRippleHPC_z):prev_DOWN_no",0.0594795201660085,0.00104278951465331,0.236782121637271,0.334804537448717
922,"s(prev_lastRippleHPC_z):prev_DOWN_no",0.0137674846739477,0.000160983613928466,0.117491188627635,0.0394247748594512
923,"s(prev_lastRippleHPC_z):prev_DOWN_no",0.192817091926475,0.00173815966560418,0.477602114771175,0.535618922069498
924,"s(prev_lastRippleHPC_z):prev_DOWN_no",-2.66569652964677e-05,9.04280285533416e-07,0.00911021166379777,0.0026904398353423
925,"s(prev_lastRippleHPC_z):prev_DOWN_no",0.00998108746859838,0.000615439673030435,0.0920062409592291,0.347480668613399
926,"s(prev_lastRippleHPC_z):prev_DOWN_no",1.15350382481338e-05,2.84522326108814e-05,0.00786736185289129,0.0240572217820326
927,"s(prev_lastRippleHPC_z):prev_DOWN_no",0.000268822303466365,2.12806265865308e-05,0.0178768379095323,0.0335467957560106
928,"s(prev_lastRippleHPC_z):prev_DOWN_no",0.00934076407005335,9.00992675624874e-05,0.0922768289448702,0.027214603142571
929,"s(prev_lastRippleHPC_z):prev_DOWN_no",0.0769737248473517,0.00106899019392817,0.272820975172633,0.265000386187091
930,"s(prev_lastRippleHPC_z):prev_DOWN_no",0.19708728005518,0.00191155842523167,0.698168595851171,0.184789025590645
931,"s(prev_lastRippleHPC_z):prev_DOWN_no",0.233853047940165,0.00151042267726427,0.622452195135684,0.148791006532184
932,"s(prev_lastRippleHPC_z):prev_DOWN_no",0.000634118724661015,1.8949742288956e-05,0.035682651940221,0.0198814540187546
933,"s(prev_lastRippleHPC_z):prev_DOWN_no",0.00147938419908744,0.000159482993621854,0.0362813118029753,0.119864539953939
934,"s(prev_lastRippleHPC_z):prev_DOWN_no",0.00687952789335711,7.4841395190937e-05,0.0853948550222477,0.0252284469567828
935,"s(prev_lastRippleHPC_z):prev_DOWN_no",0.147382572163092,0.00119553555655527,0.475575771204382,0.293489531392912
936,"s(prev_lastRippleHPC_z):prev_DOWN_no",0.183673584458054,0.00148675717905802,0.586898656413518,0.187642900464124
937,"s(prev_lastRippleHPC_z):prev_DOWN_no",0.130099280780879,0.000937725609764748,0.181064873176528,0.21310886955842
938,"s(prev_lastRippleHPC_z):prev_DOWN_no",0.0211335303280986,0.000398861488006299,0.141517465868511,0.187529565721536
939,"s(prev_lastRippleHPC_z):prev_DOWN_no",0.0346127595121777,0.000379589028053159,0.190297167767436,0.0561522377564518
940,"s(prev_lastRippleHPC_z):prev_DOWN_no",0.031215468507841,0.000276141951530452,0.156093642113997,0.0515734058966438
941,"s(prev_lastRippleHPC_z):prev_DOWN_no",0.00235839141033978,6.03083802611343e-05,0.0626825662173821,0.0269234894489491
942,"s(prev_lastRippleHPC_z):prev_DOWN_no",0.0934165117947714,0.00108697817788683,0.389055672039992,0.461357249220154
943,"s(prev_lastRippleHPC_z):prev_DOWN_no",2.98612076852223e-05,3.17895977268339e-06,0.00613665608510619,0.00819000901084945
944,"s(prev_lastRippleHPC_z):prev_DOWN_no",0.149440472627573,0.00110333803955148,0.368164488392853,0.13080089986905
945,"s(prev_lastRippleHPC_z):prev_DOWN_no",0.117076942408382,0.00170286384076029,0.434422111043032,0.610391870131492
946,"s(prev_lastRippleHPC_z):prev_DOWN_no",0.00774684679032767,8.324983090974e-05,0.0890913747956189,0.026262968524001
947,"s(prev_lastRippleHPC_z):prev_DOWN_no",0.000734845610812052,1.01152204161331e-05,0.0310382775840845,0.00915211409866547
948,"s(prev_lastRippleHPC_z):prev_DOWN_no",0.187799023380363,0.0014490503281483,0.672761757442309,0.863340314624466
949,"s(prev_lastRippleHPC_z):prev_DOWN_no",0.0402383833745814,0.000472239228817234,0.214955595526258,0.0679121530923971
950,"s(prev_lastRippleHPC_z):prev_DOWN_no",0.0819941702532967,0.000352921603848864,0.405488999543348,0.0994211213707677
951,"s(prev_lastRippleHPC_z):prev_DOWN_no",0.0345146138624424,7.33781047440388e-05,0.164232906610613,0.0741597528310151
952,"s(prev_lastRippleHPC_z):prev_DOWN_no",0.201522708297414,0.00193604715915956,0.419114458992722,0.250832299227329
953,"s(prev_lastRippleHPC_z):prev_DOWN_no",0.227979528750456,0.00265316209422864,0.729820835471204,0.589914838864142
954,"s(prev_lastRippleHPC_z):prev_DOWN_no",0.000948421238484265,0.000268222833767363,0.041165680540165,0.140711801356074
955,"s(prev_lastRippleHPC_z):prev_DOWN_no",0.0008916851260512,0.00212881703139771,0.0359565539523423,0.844682255059561
956,"s(prev_lastRippleHPC_z):prev_DOWN_no",0.0552491380341857,3.69871635547342e-05,0.0559146907011978,0.0187255956533133
957,"s(prev_lastRippleHPC_z):prev_DOWN_no",0.0924680288630482,0.0007533547523916,0.427578600133071,0.295214036854556
958,"s(prev_lastRippleHPC_z):prev_DOWN_no",0.110636106539221,0.00205137143641021,0.314607458452884,0.810188866189653
959,"s(prev_lastRippleHPC_z):prev_DOWN_no",0.251198960594254,0.00181744157235286,0.595467447810932,0.138564063267424
960,"s(prev_lastRippleHPC_z):prev_DOWN_no",0.000225077894401515,0.000222342032507973,0.0209163425145809,0.158470579155152
961,"s(prev_lastRippleHPC_z):prev_DOWN_no",0.00743558897024688,7.06905898373985e-05,0.0822264403468088,0.0242324443385849
962,"s(prev_lastRippleHPC_z):prev_DOWN_no",0.0169588306904087,0.00047275583884578,0.123314881825342,0.238836409341954
963,"s(prev_lastRippleHPC_z):prev_DOWN_no",0.00119840560747697,0.000247986056593541,0.0375955841878025,0.188044877675727
964,"s(prev_lastRippleHPC_z):prev_DOWN_no",0.175209605352095,0.00120143070791864,0.71922759923541,0.17052276704856
965,"s(prev_lastRippleHPC_z):prev_DOWN_no",0.034006676894367,0.000402135739404653,0.182021127049047,0.0664491768513186
966,"s(prev_lastRippleHPC_z):prev_DOWN_no",0.00317393043485037,7.14902303543035e-05,0.0552810729012281,0.0433513635341963
967,"s(prev_lastRippleHPC_z):prev_DOWN_no",0.0410139492977564,0.000340775536909863,0.182744846489732,0.149510138310387
968,"s(prev_lastRippleHPC_z):prev_DOWN_no",0.0390881531100575,0.000423572136321317,0.195591256176174,0.0582112931767859
969,"s(prev_lastRippleHPC_z):prev_DOWN_no",0.00890592786967126,9.31858809932729e-05,0.0921873297427846,0.0271921206624243
970,"s(prev_lastRippleHPC_z):prev_DOWN_no",0.0464135131254535,0.00057331011125838,0.213047874827414,0.143531353146001
971,"s(prev_lastRippleHPC_z):prev_DOWN_no",0.0082523284420013,9.71686255655396e-05,0.093076818942488,0.0274210428203267
972,"s(prev_lastRippleHPC_z):prev_DOWN_no",0.0359436385821308,0.000348711758027377,0.143595222316434,0.0453005062704712
973,"s(prev_lastRippleHPC_z):prev_DOWN_no",0.0906677631144479,0.000564498498883379,0.404560361795138,0.131852268888313
974,"s(prev_lastRippleHPC_z):prev_DOWN_no",0.0101408138235577,0.000112156945138748,0.100779684341359,0.0306278523250136
975,"s(prev_lastRippleHPC_z):prev_DOWN_no",0.00703442001143717,0.000373487593861059,0.106757748431862,0.0738360040833374
976,"s(prev_lastRippleHPC_z):prev_DOWN_no",0.0776567961304222,0.000190850099912018,0.382404021892471,0.16897438012596
977,"s(prev_lastRippleHPC_z):prev_DOWN_no",0.0392994207616706,0.000832488411797254,0.196609429732973,0.325244778435511
978,"s(prev_lastRippleHPC_z):prev_DOWN_no",0.0627973824760915,0.000673999176134115,0.245746493021268,0.0725361709551194
979,"s(prev_lastRippleHPC_z):prev_DOWN_no",0.0296691385279306,0.000353028417063743,0.0806215653917559,0.239920924227199
980,"s(prev_lastRippleHPC_z):prev_DOWN_no",0.00190039434586087,0.000237280832308064,0.0546827735295129,0.135696765070263
981,"s(prev_lastRippleHPC_z):prev_DOWN_no",0.00178563362731499,9.69153149631945e-05,0.0439673744980808,0.0891368984376913
982,"s(prev_lastRippleHPC_z):prev_DOWN_no",0.222879749038674,0.0016731923772129,0.762629917350327,0.705505720342429
983,"s(prev_lastRippleHPC_z):prev_DOWN_no",0.125489714325203,0.000634027576963334,0.451458321935391,0.107898072793946
984,"s(prev_lastRippleHPC_z):prev_DOWN_no",0.0160691355379825,0.000108263858546966,0.0627282064399311,0.0214781020310616
985,"s(prev_lastRippleHPC_z):prev_DOWN_no",0.0215549365436791,0.000256083841588705,0.141378124462092,0.0544945567778791
986,"s(prev_lastRippleHPC_z):prev_DOWN_no",0.311757883571729,0.00257524595226326,0.877398863348332,0.267773454283469
987,"s(prev_lastRippleHPC_z):prev_DOWN_no",0.320771980064324,0.00352873007568863,0.720032284776652,0.457295241674598
988,"s(prev_lastRippleHPC_z):prev_DOWN_no",0.0637307389134252,0.00109722290590539,0.120340551694239,0.521374765426711
989,"s(prev_lastRippleHPC_z):prev_DOWN_no",0.0154119082473674,0.000261312837652911,0.121629921380849,0.173939693982308
990,"s(prev_lastRippleHPC_z):prev_DOWN_no",0.118859691388624,0.000946688032747986,0.372506982674158,0.219156938571017
991,"s(prev_lastRippleHPC_z):prev_DOWN_no",0.0795939362251579,0.000711504801123561,0.124262237861788,0.265801450192697
992,"s(prev_lastRippleHPC_z):prev_DOWN_no",0.166883403626381,0.000787351657427758,0.475424898038166,0.144673624641587
993,"s(prev_lastRippleHPC_z):prev_DOWN_no",0.1331765331336,0.00195997951550117,0.375074729202986,0.380702942678608
994,"s(prev_lastRippleHPC_z):prev_DOWN_no",0.0811109707621842,0.000261483868901514,0.369271889696073,0.223851831331668
995,"s(prev_lastRippleHPC_z):prev_DOWN_no",0.00196371614627822,0.00140363659994783,0.0530221446177055,0.704276353274363
996,"s(prev_lastRippleHPC_z):prev_DOWN_no",0.0150774991176013,0.000219736544041774,0.118343602997699,0.0506864280055797
997,"s(prev_lastRippleHPC_z):prev_DOWN_no",0.0793612565395021,0.000883934983999979,0.288519166864378,0.0850179191953182
998,"s(prev_lastRippleHPC_z):prev_DOWN_no",0.0127870080308341,0.000342837890396321,0.107115474535063,0.17684533351508
999,"s(prev_lastRippleHPC_z):prev_DOWN_no",0.117364862694389,0.000996844181324706,0.30649729793858,0.129363421822259
1000,"s(prev_lastRippleHPC_z):prev_DOWN_no",0.141310349002993,0.00111321184706329,0.1216818155642,0.0755242586098297
1,"s(prev_lastRippleHPC_z):prev_DOWN_yes",0.205596301218468,0.0016304954707245,0.430695979405525,0.183545409911978
2,"s(prev_lastRippleHPC_z):prev_DOWN_yes",0.126501872817737,0.00182500581703505,0.418634801133812,0.380429854065794
3,"s(prev_lastRippleHPC_z):prev_DOWN_yes",0.0673186472420033,0.000482855624143735,0.135215162902236,0.0537138158135015
4,"s(prev_lastRippleHPC_z):prev_DOWN_yes",0.0324764905563759,0.000345395214542722,0.206153819623417,0.0626233443167941
5,"s(prev_lastRippleHPC_z):prev_DOWN_yes",0.00174854076908293,1.67704088349309e-05,0.0393895129090267,0.0189361496579893
6,"s(prev_lastRippleHPC_z):prev_DOWN_yes",0.02539202666431,0.000240996155500717,0.127512574949913,0.0661867861349979
7,"s(prev_lastRippleHPC_z):prev_DOWN_yes",0.0321939686443464,0.000338660227037958,0.207020307353941,0.0610425923346846
8,"s(prev_lastRippleHPC_z):prev_DOWN_yes",0.0238647392284319,0.000131772723679658,0.114503328495426,0.0593103187908706
9,"s(prev_lastRippleHPC_z):prev_DOWN_yes",0.00957284595621921,0.000108237922163631,0.11729013799537,0.0346237988017054
10,"s(prev_lastRippleHPC_z):prev_DOWN_yes",0.0182768440410044,0.000193823245263618,0.165523355563686,0.0488931641412053
11,"s(prev_lastRippleHPC_z):prev_DOWN_yes",0.149896197837181,0.000836381102841822,0.592406201396262,0.166446776764493
12,"s(prev_lastRippleHPC_z):prev_DOWN_yes",0.0108724277245811,3.91339076254949e-05,0.0506379063776051,0.0304166709716656
13,"s(prev_lastRippleHPC_z):prev_DOWN_yes",0.108564140751946,0.000746198868645857,0.146814245265173,0.0652140745103158
14,"s(prev_lastRippleHPC_z):prev_DOWN_yes",0.303339220383677,0.00252893524508471,0.521313184445775,0.281884853037946
15,"s(prev_lastRippleHPC_z):prev_DOWN_yes",0.0991716585344564,0.000598577419511357,0.368934259165704,0.220902815316091
16,"s(prev_lastRippleHPC_z):prev_DOWN_yes",0.0669736693550051,0.00019236368518262,0.175003525502939,0.0780587955661261
17,"s(prev_lastRippleHPC_z):prev_DOWN_yes",0.00032167738095179,0.000229270398255778,0.0167177064428879,0.216667587586843
18,"s(prev_lastRippleHPC_z):prev_DOWN_yes",0.0954433311469902,0.000361723365995319,0.592390378170364,0.159334242170317
19,"s(prev_lastRippleHPC_z):prev_DOWN_yes",0.0138064515346672,0.000157596952180797,0.135167619115415,0.0415953459906825
20,"s(prev_lastRippleHPC_z):prev_DOWN_yes",0.0269783539491604,0.000297700341490055,0.197110826033803,0.0581976852468917
21,"s(prev_lastRippleHPC_z):prev_DOWN_yes",0.102691044576352,0.000403134929556071,0.365632214330519,0.236588533023469
22,"s(prev_lastRippleHPC_z):prev_DOWN_yes",0.0924073784795443,0.00123831696895804,0.292543226681162,0.0984470944440495
23,"s(prev_lastRippleHPC_z):prev_DOWN_yes",0.138831511307022,0.00066829069620136,0.362913847138873,0.183719081217424
24,"s(prev_lastRippleHPC_z):prev_DOWN_yes",0.118415693603903,0.00102329572665122,0.225564392589759,0.213188552829044
25,"s(prev_lastRippleHPC_z):prev_DOWN_yes",0.0284203988382181,0.000291194947327802,0.189613568047386,0.0560218339186855
26,"s(prev_lastRippleHPC_z):prev_DOWN_yes",0.0532058197532974,0.00153814907337361,0.265004666352388,0.631480952126302
27,"s(prev_lastRippleHPC_z):prev_DOWN_yes",0.300784360374731,0.0018241536617481,0.708666851039238,0.517878955083886
28,"s(prev_lastRippleHPC_z):prev_DOWN_yes",0.146919002359088,0.000775155140341733,0.23083097037901,0.125871723375241
29,"s(prev_lastRippleHPC_z):prev_DOWN_yes",0.193279474723281,0.00120797856878417,0.483094064783188,0.175682701869173
30,"s(prev_lastRippleHPC_z):prev_DOWN_yes",0.087952564444425,0.00197435450647925,0.333519257530256,0.646494034052063
31,"s(prev_lastRippleHPC_z):prev_DOWN_yes",0.000135594533922756,2.67787176720828e-06,0.018148261623275,0.00535127129848418
32,"s(prev_lastRippleHPC_z):prev_DOWN_yes",0.125658873644936,0.00107855924588887,0.357669083756821,0.0858469472230301
33,"s(prev_lastRippleHPC_z):prev_DOWN_yes",0.00704855957257955,0.000127604737862103,0.11604581330229,0.0346986096278246
34,"s(prev_lastRippleHPC_z):prev_DOWN_yes",0.152272716573016,0.00213813490538937,0.343830727478371,0.729202018123593
35,"s(prev_lastRippleHPC_z):prev_DOWN_yes",0.000972646243750042,7.87915386146572e-06,0.0312569476751597,0.00921916463603915
36,"s(prev_lastRippleHPC_z):prev_DOWN_yes",0.19157340084976,0.00113712683480332,0.292606036628668,0.151235934168918
37,"s(prev_lastRippleHPC_z):prev_DOWN_yes",0.0091286985724599,7.90882712610352e-05,0.0973203648967566,0.0287458335834886
38,"s(prev_lastRippleHPC_z):prev_DOWN_yes",0.076981115294787,0.000842293342021492,0.321091523369263,0.0948213774501131
39,"s(prev_lastRippleHPC_z):prev_DOWN_yes",0.0161508668236667,0.000176665382407136,0.145560244937718,0.0467404688545472
40,"s(prev_lastRippleHPC_z):prev_DOWN_yes",0.114221755889957,0.000962240051521941,0.374614140199621,0.0966801298228334
41,"s(prev_lastRippleHPC_z):prev_DOWN_yes",0.0522157601287123,4.55979384082107e-05,0.269362262718197,0.116616549738116
42,"s(prev_lastRippleHPC_z):prev_DOWN_yes",0.104405383490997,0.000689594136864488,0.234036589316156,0.133220105231769
43,"s(prev_lastRippleHPC_z):prev_DOWN_yes",0.0529894857309188,9.03813824116693e-05,0.146077534830848,0.0752894944389659
44,"s(prev_lastRippleHPC_z):prev_DOWN_yes",0.00213976833375717,2.35373753535051e-05,0.0560124099526634,0.0165225962282493
45,"s(prev_lastRippleHPC_z):prev_DOWN_yes",0.321731016897659,0.00286899399292299,0.467976140600992,0.191417616411613
46,"s(prev_lastRippleHPC_z):prev_DOWN_yes",0.0558259460671779,0.000130745068551297,0.26171322232679,0.0775678076824116
47,"s(prev_lastRippleHPC_z):prev_DOWN_yes",0.304863065020655,0.00245826858962778,0.553760195466399,0.46223090875474
48,"s(prev_lastRippleHPC_z):prev_DOWN_yes",0.138993373791426,0.000909962412484398,0.314502948359194,0.173618120908061
49,"s(prev_lastRippleHPC_z):prev_DOWN_yes",0.0234379922175245,0.00010023392172831,0.120245270929045,0.0421077890427501
50,"s(prev_lastRippleHPC_z):prev_DOWN_yes",0.0462293820273691,0.000267979072571045,0.140530489035253,0.0499329744596356
51,"s(prev_lastRippleHPC_z):prev_DOWN_yes",0.000669708800176139,5.46410531387852e-06,0.0261621041748376,0.0077248830293631
52,"s(prev_lastRippleHPC_z):prev_DOWN_yes",0.0067097402106846,0.000341728318429127,0.100971341873783,0.206565303532921
53,"s(prev_lastRippleHPC_z):prev_DOWN_yes",0.00621663609252909,7.53665936121249e-05,0.0971212438284368,0.0287079855741601
54,"s(prev_lastRippleHPC_z):prev_DOWN_yes",0.018503544982778,0.000183436394915105,0.143925247975903,0.0424385707547744
55,"s(prev_lastRippleHPC_z):prev_DOWN_yes",0.121518884010219,0.000731414370116984,0.440425540930697,0.11800620105607
56,"s(prev_lastRippleHPC_z):prev_DOWN_yes",0.0459587185413151,0.0012153782364306,0.254507320584211,0.478690772938671
57,"s(prev_lastRippleHPC_z):prev_DOWN_yes",0.0400824319836746,0.000158807770479478,0.170211010236222,0.0535123926781827
58,"s(prev_lastRippleHPC_z):prev_DOWN_yes",0.0371395690880538,0.000403107272693752,0.225134970874827,0.0664272235242151
59,"s(prev_lastRippleHPC_z):prev_DOWN_yes",0.0331538548290524,4.18141708928506e-05,0.123653733672552,0.0835329533937354
60,"s(prev_lastRippleHPC_z):prev_DOWN_yes",0.0304361389559435,0.000324226363744212,0.203983326965437,0.0603007492570668
61,"s(prev_lastRippleHPC_z):prev_DOWN_yes",0.206401228183815,0.00218287615641062,0.507379577826539,0.14998215453541
62,"s(prev_lastRippleHPC_z):prev_DOWN_yes",0.0127521454294506,8.89768754336885e-06,0.115170063224179,0.0348779551546062
63,"s(prev_lastRippleHPC_z):prev_DOWN_yes",0.146953807865561,0.000828720411087014,0.321305639871844,0.073304805789994
64,"s(prev_lastRippleHPC_z):prev_DOWN_yes",0.000659125777614733,1.10219054999486e-05,0.036616437291533,0.0107935651134358
65,"s(prev_lastRippleHPC_z):prev_DOWN_yes",0.0315356270568818,7.35695039753987e-05,0.101772847402384,0.0731666930735977
66,"s(prev_lastRippleHPC_z):prev_DOWN_yes",0.0930982586763127,0.00128954016268263,0.356618117962619,0.126795277614425
67,"s(prev_lastRippleHPC_z):prev_DOWN_yes",0.0295868382671625,0.000790778274104426,0.189481594882118,0.345410174496003
68,"s(prev_lastRippleHPC_z):prev_DOWN_yes",0.0014900607558106,0.000543796008160021,0.0526599330301639,0.0409845899771151
69,"s(prev_lastRippleHPC_z):prev_DOWN_yes",0.0361770662582357,0.00039178312635926,0.215082919891306,0.0635338750667314
70,"s(prev_lastRippleHPC_z):prev_DOWN_yes",0.16460891232098,0.000604830153660228,0.59278977193709,0.172516527206945
71,"s(prev_lastRippleHPC_z):prev_DOWN_yes",0.117969852659385,0.000949376770630346,0.280699977007446,0.061340111440481
72,"s(prev_lastRippleHPC_z):prev_DOWN_yes",0.055869318654711,0.00111133488181603,0.190579860063763,0.590330376691524
73,"s(prev_lastRippleHPC_z):prev_DOWN_yes",0.0385317146144128,5.98176936471732e-05,0.11077912776572,0.084398617832474
74,"s(prev_lastRippleHPC_z):prev_DOWN_yes",0.154338329872317,0.000998591377429196,0.599231989189683,0.493830175536323
75,"s(prev_lastRippleHPC_z):prev_DOWN_yes",0.0489005376529805,0.000534984224059556,0.260540584075461,0.0768684057391541
76,"s(prev_lastRippleHPC_z):prev_DOWN_yes",0.206386664126589,0.00130708656728386,0.885810870971578,0.406498727321375
77,"s(prev_lastRippleHPC_z):prev_DOWN_yes",0.0332008656480767,0.000353926922728959,0.21024014292338,0.0620233561304311
78,"s(prev_lastRippleHPC_z):prev_DOWN_yes",0.162195061900374,0.00124460272659501,0.255481635774634,0.0923266124494294
79,"s(prev_lastRippleHPC_z):prev_DOWN_yes",0.0225037571664997,0.00123647611996197,0.173026307991708,0.536531960636788
80,"s(prev_lastRippleHPC_z):prev_DOWN_yes",0.254661547619464,0.00222377814395127,0.488041841973759,0.1230018272605
81,"s(prev_lastRippleHPC_z):prev_DOWN_yes",0.218287821488032,0.00116855832757614,0.592202416163463,0.292184643551056
82,"s(prev_lastRippleHPC_z):prev_DOWN_yes",0.00319503007354793,3.51784200455693e-05,0.0684951702713116,0.020208971289838
83,"s(prev_lastRippleHPC_z):prev_DOWN_yes",0.154375337672366,0.00217219067318296,0.352216277248501,0.57526288463555
84,"s(prev_lastRippleHPC_z):prev_DOWN_yes",0.0793534478557625,0.000400174778195204,0.293331539472964,0.0844569495270309
85,"s(prev_lastRippleHPC_z):prev_DOWN_yes",0.0124393456088248,0.000121630863511303,0.122535531794126,0.0361953363731935
86,"s(prev_lastRippleHPC_z):prev_DOWN_yes",0.168048282635599,0.00117953915468455,0.637161854172571,0.550196127436541
87,"s(prev_lastRippleHPC_z):prev_DOWN_yes",0.0346108706905675,0.000720395259795224,0.205866223161798,0.38939373674154
88,"s(prev_lastRippleHPC_z):prev_DOWN_yes",0.0658039505013592,0.000510957225263722,0.24117672766269,0.123898047159794
89,"s(prev_lastRippleHPC_z):prev_DOWN_yes",0.147113802487348,0.000872451084736099,0.763594806582543,0.356552982748239
90,"s(prev_lastRippleHPC_z):prev_DOWN_yes",0.0299653320048225,8.11839610909748e-05,0.14191620891046,0.0739223079861466
91,"s(prev_lastRippleHPC_z):prev_DOWN_yes",0.0883005453187424,0.000981305347453109,0.23511097187391,0.0758761174393849
92,"s(prev_lastRippleHPC_z):prev_DOWN_yes",0.00921517125213089,9.86361053566654e-05,0.113467431339291,0.0335129939997377
93,"s(prev_lastRippleHPC_z):prev_DOWN_yes",0.0961873607895205,0.000402240646856773,0.25363171337876,0.133802681230976
94,"s(prev_lastRippleHPC_z):prev_DOWN_yes",0.0457937846283096,0.000472870152657294,0.244149559037958,0.0719848530447745
95,"s(prev_lastRippleHPC_z):prev_DOWN_yes",0.076039549557823,0.000881120360949676,0.292341311791415,0.111837063815835
96,"s(prev_lastRippleHPC_z):prev_DOWN_yes",0.0804506023332641,0.000570115515580141,0.208321746714522,0.0720527908744787
97,"s(prev_lastRippleHPC_z):prev_DOWN_yes",0.0678959472659209,0.00123642474297187,0.293335836831682,0.364977118316045
98,"s(prev_lastRippleHPC_z):prev_DOWN_yes",0.0281193016072665,0.000295382766861216,0.186475797083245,0.055177684377196
99,"s(prev_lastRippleHPC_z):prev_DOWN_yes",0.00289905421690406,5.20154815070097e-05,0.0644592777944286,0.0407637457015215
100,"s(prev_lastRippleHPC_z):prev_DOWN_yes",0.0815998882956208,0.00102856565671474,0.229106410316828,0.379111520167865
101,"s(prev_lastRippleHPC_z):prev_DOWN_yes",0.069374645738904,0.000312699305775137,0.266117445164123,0.0809185023058814
102,"s(prev_lastRippleHPC_z):prev_DOWN_yes",0.0233914187086004,0.000989493989966571,0.167445054683852,0.499087539050783
103,"s(prev_lastRippleHPC_z):prev_DOWN_yes",0.0377469321982122,0.000417390148937001,0.229202151305457,0.0675959575736261
104,"s(prev_lastRippleHPC_z):prev_DOWN_yes",0.152268559004535,0.000722130892216057,0.563152894216558,0.345513867013932
105,"s(prev_lastRippleHPC_z):prev_DOWN_yes",0.0810536209162667,0.000463656481642968,0.137373448209171,0.119514859908087
106,"s(prev_lastRippleHPC_z):prev_DOWN_yes",0.259938367352279,0.00152711452576699,0.558921573802965,0.350054749166108
107,"s(prev_lastRippleHPC_z):prev_DOWN_yes",0.0883103879228599,0.00108917491869205,0.331580279529746,0.099600731182742
108,"s(prev_lastRippleHPC_z):prev_DOWN_yes",0.00356997137058546,3.71366056510739e-05,0.0677341164847487,0.0200095820151567
109,"s(prev_lastRippleHPC_z):prev_DOWN_yes",0.209655481585653,0.00232844858909854,0.421618434540456,0.649329766757217
110,"s(prev_lastRippleHPC_z):prev_DOWN_yes",0.0410305041953851,0.000565375115695666,0.222339358372064,0.133677323818132
111,"s(prev_lastRippleHPC_z):prev_DOWN_yes",0.000153808435459979,0.00100957720321986,0.0128300845669095,0.565291463277481
112,"s(prev_lastRippleHPC_z):prev_DOWN_yes",0.222579668434647,0.00352456094101796,0.599024869096705,0.909894635316265
113,"s(prev_lastRippleHPC_z):prev_DOWN_yes",0.163208597311913,0.00153327835174649,0.615842490064985,0.14335579204245
114,"s(prev_lastRippleHPC_z):prev_DOWN_yes",0.0326178004200797,0.000390871086015053,0.222692190503981,0.0656940652538239
115,"s(prev_lastRippleHPC_z):prev_DOWN_yes",0.0681641422495041,0.000555698327236344,0.142035228924824,0.077326265715418
116,"s(prev_lastRippleHPC_z):prev_DOWN_yes",0.0111114297409829,0.000114115732359027,0.117721906518253,0.0346941195031881
117,"s(prev_lastRippleHPC_z):prev_DOWN_yes",0.042156317780754,0.000477112466416603,0.252804040585757,0.0745201699803199
118,"s(prev_lastRippleHPC_z):prev_DOWN_yes",0.0799855080183489,0.000853138397953286,0.323834152150387,0.0955925159736297
119,"s(prev_lastRippleHPC_z):prev_DOWN_yes",0.0660015445646041,0.00069248869615377,0.29077075704688,0.0859191431869499
120,"s(prev_lastRippleHPC_z):prev_DOWN_yes",0.0258553287397136,0.000101744646144822,0.118632877040685,0.0468398276999217
121,"s(prev_lastRippleHPC_z):prev_DOWN_yes",0.0610729887686929,0.000519222224123565,0.409521056939971,0.254736623239181
122,"s(prev_lastRippleHPC_z):prev_DOWN_yes",0.0201112887706119,0.000216253212690584,0.160094842685304,0.0472964561622973
123,"s(prev_lastRippleHPC_z):prev_DOWN_yes",0.0161399502911328,0.000160755879336871,0.144758071990663,0.0427439903219692
124,"s(prev_lastRippleHPC_z):prev_DOWN_yes",-0.142281893089348,0.000333695449185705,0.191574043574288,0.0606241149981443
125,"s(prev_lastRippleHPC_z):prev_DOWN_yes",0.22449262382563,0.00240112166906943,0.553938156776261,0.166951944422292
126,"s(prev_lastRippleHPC_z):prev_DOWN_yes",0.0137596157815398,6.98976404739254e-06,0.118563283284533,0.0352507338930132
127,"s(prev_lastRippleHPC_z):prev_DOWN_yes",0.202065683659733,0.00209294902117802,0.617867141843233,0.255953987007142
128,"s(prev_lastRippleHPC_z):prev_DOWN_yes",0.133722993125551,0.00079429435972989,0.436195853720986,0.144331687119184
129,"s(prev_lastRippleHPC_z):prev_DOWN_yes",0.219791694093393,0.00110046332401423,0.356375892200739,0.21552923742249
130,"s(prev_lastRippleHPC_z):prev_DOWN_yes",0.0562864015355951,0.000581495598069412,0.258491485698737,0.0762685886557666
131,"s(prev_lastRippleHPC_z):prev_DOWN_yes",0.0657541279606182,0.000626518577993543,0.292963815858171,0.0864329516503466
132,"s(prev_lastRippleHPC_z):prev_DOWN_yes",0.0639542498103243,0.000686669785560571,0.297426854825673,0.0876408855148484
133,"s(prev_lastRippleHPC_z):prev_DOWN_yes",0.179983751263245,0.000825790227647072,0.279200940556031,0.0982622692938971
134,"s(prev_lastRippleHPC_z):prev_DOWN_yes",0.07893986619289,0.00089818051501971,0.341104232764913,0.100645995324181
135,"s(prev_lastRippleHPC_z):prev_DOWN_yes",0.0170596161081686,0.00100539355093673,0.157539418741396,0.48511601957563
136,"s(prev_lastRippleHPC_z):prev_DOWN_yes",0.139262337905642,0.00177574414149612,0.424406573403797,0.214226452628928
137,"s(prev_lastRippleHPC_z):prev_DOWN_yes",0.0388853216587561,0.00101163924416104,0.11717531524778,0.588681454678344
138,"s(prev_lastRippleHPC_z):prev_DOWN_yes",0.0439657079768816,0.00108907283521981,0.250952715846918,0.442855135832235
139,"s(prev_lastRippleHPC_z):prev_DOWN_yes",0.00557672119789476,0.000998091726806794,0.0907469665419405,0.532797949647882
140,"s(prev_lastRippleHPC_z):prev_DOWN_yes",0.0253456504480036,0.000363419553477245,0.182157399235398,0.0958568598613619
141,"s(prev_lastRippleHPC_z):prev_DOWN_yes",-8.58135017267614e-07,0.000693075887655766,0.0103274089039798,0.0449110220287499
142,"s(prev_lastRippleHPC_z):prev_DOWN_yes",0.0262696759542704,0.000285190893351907,0.177031009098984,0.0539419554293023
143,"s(prev_lastRippleHPC_z):prev_DOWN_yes",0.0189160934369275,0.000253067635353461,0.163279232492569,0.108895337115577
144,"s(prev_lastRippleHPC_z):prev_DOWN_yes",0.0505508531879171,0.000192735084724486,0.141542217560013,0.0567102586134237
145,"s(prev_lastRippleHPC_z):prev_DOWN_yes",0.142858030698291,0.00121474379089899,0.301437776506671,0.0796519035115437
146,"s(prev_lastRippleHPC_z):prev_DOWN_yes",0.0116162740343739,0.00209785069710518,0.0357778585559176,1.03137533823301
147,"s(prev_lastRippleHPC_z):prev_DOWN_yes",0.0357404227565095,0.00037305439464328,0.21771743631741,0.0642274248152547
148,"s(prev_lastRippleHPC_z):prev_DOWN_yes",0.0801807703719257,0.000784584243244115,0.210838382060161,0.381622999253039
149,"s(prev_lastRippleHPC_z):prev_DOWN_yes",0.0148085798019766,0.000153115650909382,0.140401669364603,0.0414233776101195
150,"s(prev_lastRippleHPC_z):prev_DOWN_yes",0.00709534711268578,7.78122762104574e-05,0.100445991938712,0.0296508723940582
151,"s(prev_lastRippleHPC_z):prev_DOWN_yes",0.140089409189445,0.00151355740883016,0.439034948685754,0.129527362756691
152,"s(prev_lastRippleHPC_z):prev_DOWN_yes",0.127469955428636,0.00135136149194598,0.413444267949637,0.122242706678794
153,"s(prev_lastRippleHPC_z):prev_DOWN_yes",0.00380601810612813,4.58613024544194e-05,0.0762372203870591,0.0224896873280176
154,"s(prev_lastRippleHPC_z):prev_DOWN_yes",0.262686176587662,0.00217046145596697,0.619654133335381,0.131007862564887
155,"s(prev_lastRippleHPC_z):prev_DOWN_yes",0.0430610868658174,0.000765055269753413,0.22625294172344,0.387579454048011
156,"s(prev_lastRippleHPC_z):prev_DOWN_yes",0.121677207818792,0.0015195388786181,0.403710607293098,0.248222396346213
157,"s(prev_lastRippleHPC_z):prev_DOWN_yes",0.0843586166132662,0.000248201154667693,0.35002013906354,0.211643169156925
158,"s(prev_lastRippleHPC_z):prev_DOWN_yes",0.016334914437663,0.000186732186354548,0.153176866814262,0.0452732960615325
159,"s(prev_lastRippleHPC_z):prev_DOWN_yes",0.000184334157271593,0.000470771683159352,0.0209481250988086,0.436909892485821
160,"s(prev_lastRippleHPC_z):prev_DOWN_yes",0.0188501390168261,0.000192163524087633,0.153292324578388,0.0452391424468998
161,"s(prev_lastRippleHPC_z):prev_DOWN_yes",0.110716564231605,0.000555959947249408,0.24788700254605,0.129395974850943
162,"s(prev_lastRippleHPC_z):prev_DOWN_yes",0.0395505020432623,0.000730114405136922,0.234436914033514,0.102080039492522
163,"s(prev_lastRippleHPC_z):prev_DOWN_yes",0.206001122560814,0.00178283475602723,0.658832264569796,0.217143199182768
164,"s(prev_lastRippleHPC_z):prev_DOWN_yes",0.0137744512155473,0.000131656521311829,0.12521494323086,0.0369396756239002
165,"s(prev_lastRippleHPC_z):prev_DOWN_yes",0.00111667208845745,1.5011847798694e-05,0.041729913910256,0.0123268981314027
166,"s(prev_lastRippleHPC_z):prev_DOWN_yes",0.0656008314627297,0.000180867561153993,0.152499366308683,0.108987337625354
167,"s(prev_lastRippleHPC_z):prev_DOWN_yes",0.14244767873066,0.00204728200209825,0.439921810378318,0.415507629330149
168,"s(prev_lastRippleHPC_z):prev_DOWN_yes",0.114473344905027,0.00110870156423823,0.346717928034507,0.31855507158573
169,"s(prev_lastRippleHPC_z):prev_DOWN_yes",0.0277523269092725,0.00118620071203578,0.204068062123462,0.549084520683762
170,"s(prev_lastRippleHPC_z):prev_DOWN_yes",0.0132352205569557,0.000135168066394125,0.130593254266751,0.0385516469670233
171,"s(prev_lastRippleHPC_z):prev_DOWN_yes",0.0777033001276184,0.000548516597331072,0.236267425028215,0.0908165501293474
172,"s(prev_lastRippleHPC_z):prev_DOWN_yes",0.0894125446892753,0.000925419661362551,0.29458551734164,0.119371919080417
173,"s(prev_lastRippleHPC_z):prev_DOWN_yes",0.10016959595841,0.0014807684964376,0.361538375096962,0.110952217257667
174,"s(prev_lastRippleHPC_z):prev_DOWN_yes",0.0316677311633402,0.000437012905769476,0.202105858420701,0.0763062057010791
175,"s(prev_lastRippleHPC_z):prev_DOWN_yes",0.0149107000366575,0.000155771273322097,0.142415139212986,0.0420049429268164
176,"s(prev_lastRippleHPC_z):prev_DOWN_yes",0.237586098847379,0.00165320048580386,0.282929841091372,0.178642433580485
177,"s(prev_lastRippleHPC_z):prev_DOWN_yes",0.0338894487500205,0.000344820113041086,0.207936139825225,0.0638565972156894
178,"s(prev_lastRippleHPC_z):prev_DOWN_yes",0.000979126105371542,1.38770221860733e-05,0.0421646381250045,0.0124407930303106
179,"s(prev_lastRippleHPC_z):prev_DOWN_yes",0.0173582413944073,0.000212311216124603,0.160473782969699,0.0473076250699854
180,"s(prev_lastRippleHPC_z):prev_DOWN_yes",0.0911767523580407,0.00182357909191616,0.351603096278034,0.111888732686153
181,"s(prev_lastRippleHPC_z):prev_DOWN_yes",0.0195017565232289,0.000565298277759608,0.159312424164446,0.353436268142068
182,"s(prev_lastRippleHPC_z):prev_DOWN_yes",0.133134848660835,0.00115075713298534,0.228176434958599,0.082664353273754
183,"s(prev_lastRippleHPC_z):prev_DOWN_yes",0.0728877623590707,0.0003229331622428,0.173621377753641,0.0716910458395195
184,"s(prev_lastRippleHPC_z):prev_DOWN_yes",0.117281742509748,0.00168317732665353,0.489851762717244,0.570313480209419
185,"s(prev_lastRippleHPC_z):prev_DOWN_yes",0.0495797980008774,0.000117319460521846,0.211273433230582,0.128266771271513
186,"s(prev_lastRippleHPC_z):prev_DOWN_yes",0.0497490565070997,0.000521754151627957,0.258210291492657,0.0761318889454435
187,"s(prev_lastRippleHPC_z):prev_DOWN_yes",0.113252821525559,0.000866169275749873,0.261551229428149,0.113022201404812
188,"s(prev_lastRippleHPC_z):prev_DOWN_yes",0.0106539849705438,1.76220050731489e-05,0.0796675684581971,0.0248159078870593
189,"s(prev_lastRippleHPC_z):prev_DOWN_yes",0.0606361573021728,0.000409145794481524,0.167397792301807,0.104454730801347
190,"s(prev_lastRippleHPC_z):prev_DOWN_yes",0.0418478761816496,0.000439843690448529,0.206724770506681,0.0640764765794084
191,"s(prev_lastRippleHPC_z):prev_DOWN_yes",0.00962449091543949,7.53372243405043e-06,0.0576559983495438,0.0244220107754632
192,"s(prev_lastRippleHPC_z):prev_DOWN_yes",0.0644942856130726,0.00100746630255317,0.284215642373204,0.304606513859132
193,"s(prev_lastRippleHPC_z):prev_DOWN_yes",0.207200267903238,0.0019882755548977,0.230646435990921,0.192710899711602
194,"s(prev_lastRippleHPC_z):prev_DOWN_yes",0.00355817285835691,3.31304936018855e-05,0.0635542608005977,0.0187401685682954
195,"s(prev_lastRippleHPC_z):prev_DOWN_yes",0.000513976582714015,0.00011379135750396,0.0246577809583088,0.0494419851960838
196,"s(prev_lastRippleHPC_z):prev_DOWN_yes",0.000505083314199517,8.45259918841018e-05,0.0295447812455892,0.0297808638306775
197,"s(prev_lastRippleHPC_z):prev_DOWN_yes",0.0414159362367368,0.000584366749795976,0.270311126067899,0.0967677361352132
198,"s(prev_lastRippleHPC_z):prev_DOWN_yes",0.161540406363271,0.00148905667295164,0.21567007565267,0.0797571799174887
199,"s(prev_lastRippleHPC_z):prev_DOWN_yes",0.0240702962683734,0.000375423177589435,0.175692332791379,0.173899811936828
200,"s(prev_lastRippleHPC_z):prev_DOWN_yes",0.0378921004788646,0.000373807400517945,0.219703383998609,0.0649108078470244
201,"s(prev_lastRippleHPC_z):prev_DOWN_yes",0.0574723624659264,0.000271541270215591,0.211038082376602,0.0681223382539218
202,"s(prev_lastRippleHPC_z):prev_DOWN_yes",0.0609833370433197,0.000601041060471965,0.27541106357862,0.0812148868138435
203,"s(prev_lastRippleHPC_z):prev_DOWN_yes",0.0310425403952479,0.00033115399139988,0.190067377150859,0.0584615012359922
204,"s(prev_lastRippleHPC_z):prev_DOWN_yes",0.00607458381980042,6.98072058307726e-05,0.0906260104761525,0.0267394423500708
205,"s(prev_lastRippleHPC_z):prev_DOWN_yes",0.110894830790307,0.000857359895057598,0.330359566510965,0.131978999307011
206,"s(prev_lastRippleHPC_z):prev_DOWN_yes",0.00684061198994179,8.26095277391237e-05,0.103236568453698,0.0304121952704108
207,"s(prev_lastRippleHPC_z):prev_DOWN_yes",0.19635095043595,0.00105370775692527,0.862406713741904,0.22241270689624
208,"s(prev_lastRippleHPC_z):prev_DOWN_yes",0.00919110050360761,0.00011068322682252,0.113439716714342,0.0334648185494152
209,"s(prev_lastRippleHPC_z):prev_DOWN_yes",0.0231106564051524,8.51055615413622e-05,0.142054873946079,0.0467810324891401
210,"s(prev_lastRippleHPC_z):prev_DOWN_yes",0.0215702137984071,0.000313564495171341,0.101002931785142,0.143336952140795
211,"s(prev_lastRippleHPC_z):prev_DOWN_yes",0.0259403241349228,0.000264987341864932,0.170956864210869,0.0517172176788393
212,"s(prev_lastRippleHPC_z):prev_DOWN_yes",0.00700173071985333,7.30757454588898e-05,0.0955060035500697,0.0282122562553658
213,"s(prev_lastRippleHPC_z):prev_DOWN_yes",0.0782038064400812,0.000918899908413128,0.328596999910558,0.0973398672828194
214,"s(prev_lastRippleHPC_z):prev_DOWN_yes",0.0795416443525507,0.000584731647738435,0.254114988805028,0.179890476966635
215,"s(prev_lastRippleHPC_z):prev_DOWN_yes",0.0524323854369788,0.000142311843457341,0.230616566888653,0.129919624394091
216,"s(prev_lastRippleHPC_z):prev_DOWN_yes",0.0134844787199455,2.85587190009819e-05,0.132632431605745,0.0394682600955214
217,"s(prev_lastRippleHPC_z):prev_DOWN_yes",0.068282932716067,0.000260781122260602,0.159731891399172,0.0968599889541351
218,"s(prev_lastRippleHPC_z):prev_DOWN_yes",0.0303059609237195,0.000303960010769379,0.200439105751152,0.0593183045672602
219,"s(prev_lastRippleHPC_z):prev_DOWN_yes",0.152822584608055,0.00100248706534471,0.576427243158677,0.139180035676835
220,"s(prev_lastRippleHPC_z):prev_DOWN_yes",0.116394268971272,0.00129340556450085,0.417996531288421,0.123389442999132
221,"s(prev_lastRippleHPC_z):prev_DOWN_yes",0.0466080611635133,0.000267980154298991,0.157771404743109,0.0655407462146315
222,"s(prev_lastRippleHPC_z):prev_DOWN_yes",0.0137765661109697,0.000133354287713213,0.126786689913909,0.0374040747687222
223,"s(prev_lastRippleHPC_z):prev_DOWN_yes",0.0246816490943562,0.000275627848437388,0.184161513373151,0.0565496734603868
224,"s(prev_lastRippleHPC_z):prev_DOWN_yes",0.195845610943976,0.00125825220002783,0.419371784842817,0.150666881799491
225,"s(prev_lastRippleHPC_z):prev_DOWN_yes",0.00559080801521006,0.000120914681366343,0.117685033129502,0.0347302246511239
226,"s(prev_lastRippleHPC_z):prev_DOWN_yes",0.05272862209564,0.000303799747468164,0.203055109953241,0.0726907307469791
227,"s(prev_lastRippleHPC_z):prev_DOWN_yes",0.107608573205535,0.00034070628618409,0.446927948362108,0.200580558138435
228,"s(prev_lastRippleHPC_z):prev_DOWN_yes",0.0544945613788874,0.000120352684021445,0.263830461862604,0.0782652403726462
229,"s(prev_lastRippleHPC_z):prev_DOWN_yes",0.0880579880513084,0.000920161908578999,0.35536038808103,0.104658324461005
230,"s(prev_lastRippleHPC_z):prev_DOWN_yes",0.0885435055970216,0.000957726036543923,0.349537518140233,0.103324086337268
231,"s(prev_lastRippleHPC_z):prev_DOWN_yes",0.0038582647432186,4.97580432264622e-05,0.0769652127303798,0.0226864342135656
232,"s(prev_lastRippleHPC_z):prev_DOWN_yes",0.103919061478083,0.000887356283652439,0.239889660529421,0.0931133854348977
233,"s(prev_lastRippleHPC_z):prev_DOWN_yes",0.105598594933131,0.00113686649643075,0.373677224128054,0.110397850514997
234,"s(prev_lastRippleHPC_z):prev_DOWN_yes",0.0967372722343001,0.000764847645459261,0.143589394940779,0.0702943460447387
235,"s(prev_lastRippleHPC_z):prev_DOWN_yes",0.119650525496677,0.000423316150868532,0.287307545538207,0.126181743411222
236,"s(prev_lastRippleHPC_z):prev_DOWN_yes",0.139748021802381,0.00141879282907964,0.218760018203224,0.218345095428081
237,"s(prev_lastRippleHPC_z):prev_DOWN_yes",0.0612131568114753,0.00165621127403177,0.292953344206342,0.582546795329331
238,"s(prev_lastRippleHPC_z):prev_DOWN_yes",0.00551785032632157,5.16398843247358e-05,0.0796613663709454,0.0235309406445127
239,"s(prev_lastRippleHPC_z):prev_DOWN_yes",0.0593183723673851,0.00061008362814222,0.277839809581299,0.0819384967929528
240,"s(prev_lastRippleHPC_z):prev_DOWN_yes",0.150536964244403,0.00152139863511006,0.516391716846047,0.243151302414789
241,"s(prev_lastRippleHPC_z):prev_DOWN_yes",0.250660951975509,0.00230805014873714,0.420965222024345,0.296953051956994
242,"s(prev_lastRippleHPC_z):prev_DOWN_yes",0.0403890969061615,0.000404227953787334,0.223836032343207,0.0660309161552517
243,"s(prev_lastRippleHPC_z):prev_DOWN_yes",0.0212334319748919,6.0936304577328e-05,0.0639905328370006,0.0277271945090125
244,"s(prev_lastRippleHPC_z):prev_DOWN_yes",0.38083964065069,0.00291513046929822,0.92596871912991,0.566074569247517
245,"s(prev_lastRippleHPC_z):prev_DOWN_yes",0.0599503471376437,0.000613705991900832,0.266762771744468,0.0786836982434531
246,"s(prev_lastRippleHPC_z):prev_DOWN_yes",0.117549641780229,0.000606141211693943,0.301700797947754,0.223892656483832
247,"s(prev_lastRippleHPC_z):prev_DOWN_yes",-1.01616505565616e-05,2.04623566341947e-07,0.00497429269380118,0.0014717746831809
248,"s(prev_lastRippleHPC_z):prev_DOWN_yes",0.0987714249384117,0.000381374435565645,0.238397024014942,0.183960426761716
249,"s(prev_lastRippleHPC_z):prev_DOWN_yes",0.121323814842032,0.00129453601850301,0.403417701384098,0.118928576198891
250,"s(prev_lastRippleHPC_z):prev_DOWN_yes",0.0064132006432196,6.93493392199062e-05,0.0954981814080609,0.0281464325244838
251,"s(prev_lastRippleHPC_z):prev_DOWN_yes",0.0692919072141605,0.000713481799773355,0.30540499726683,0.0901301591008074
252,"s(prev_lastRippleHPC_z):prev_DOWN_yes",0.0209862290565441,0.000225896268328674,0.168249627387283,0.0496587698077038
253,"s(prev_lastRippleHPC_z):prev_DOWN_yes",0.111390232770031,0.000358986623942437,0.334360249597702,0.180709658736538
254,"s(prev_lastRippleHPC_z):prev_DOWN_yes",0.0497557693289501,0.000520959840276957,0.241613093007864,0.0713168240684434
255,"s(prev_lastRippleHPC_z):prev_DOWN_yes",0.024026039246607,0.000560192255586992,0.186431298766867,0.290325353959443
256,"s(prev_lastRippleHPC_z):prev_DOWN_yes",0.012455487467296,0.000832908536916846,0.126532431827524,0.0574708938591793
257,"s(prev_lastRippleHPC_z):prev_DOWN_yes",0.0556360141203127,0.000734546004385014,0.260276035434545,0.13451670623165
258,"s(prev_lastRippleHPC_z):prev_DOWN_yes",2.99502186518197e-06,7.85191341447166e-07,0.0100351174681263,0.00296387522212044
259,"s(prev_lastRippleHPC_z):prev_DOWN_yes",0.0151616100839549,2.75098382890016e-05,0.112953627010872,0.0344438808647168
260,"s(prev_lastRippleHPC_z):prev_DOWN_yes",0.145783798946297,0.000732276673803552,0.410082114058244,0.273489174322455
261,"s(prev_lastRippleHPC_z):prev_DOWN_yes",0.0233539216685843,0.000376841629083789,0.110888352513552,0.220571724388835
262,"s(prev_lastRippleHPC_z):prev_DOWN_yes",0.0142730512926148,0.000137379320091739,0.125288426231808,0.0370454684262018
263,"s(prev_lastRippleHPC_z):prev_DOWN_yes",0.0568823251258621,0.000156077530431066,0.259264385168822,0.0762831788679523
264,"s(prev_lastRippleHPC_z):prev_DOWN_yes",0.0295597702404979,0.000335169512185463,0.203584408576243,0.060111753795193
265,"s(prev_lastRippleHPC_z):prev_DOWN_yes",0.00892926980024722,0.00010335933187815,0.111519831609489,0.0328978281024791
266,"s(prev_lastRippleHPC_z):prev_DOWN_yes",0.144002099793138,0.00130303683641757,0.337257968608321,0.115506309475755
267,"s(prev_lastRippleHPC_z):prev_DOWN_yes",0.0136276202943089,0.000146728092111579,0.131266276386085,0.0387235085191226
268,"s(prev_lastRippleHPC_z):prev_DOWN_yes",0.098445557304216,0.00107437331457313,0.331294052551212,0.102619564770632
269,"s(prev_lastRippleHPC_z):prev_DOWN_yes",0.0694484670551301,0.000747275052169912,0.300100816359983,0.0886396495175683
270,"s(prev_lastRippleHPC_z):prev_DOWN_yes",0.0321602422937657,0.000434805327604607,0.20390288550856,0.0613895932552104
271,"s(prev_lastRippleHPC_z):prev_DOWN_yes",0.156086755467324,0.000810988674423879,0.356845558644898,0.229464503307805
272,"s(prev_lastRippleHPC_z):prev_DOWN_yes",0.0858322517975445,0.000982072335735289,0.194782414217611,0.424960079524157
273,"s(prev_lastRippleHPC_z):prev_DOWN_yes",0.0897109292956291,0.000714639954779111,0.241746475950334,0.0940844805800163
274,"s(prev_lastRippleHPC_z):prev_DOWN_yes",0.324068195852863,0.00182700032186141,0.473395058076922,0.158181192068928
275,"s(prev_lastRippleHPC_z):prev_DOWN_yes",0.0003255288580295,3.41199770823149e-06,0.0203424855402478,0.00599481242559239
276,"s(prev_lastRippleHPC_z):prev_DOWN_yes",0.000354028659287131,1.9562865160058e-06,0.0162575591557439,0.00479686414620032
277,"s(prev_lastRippleHPC_z):prev_DOWN_yes",0.0344496187050325,0.000346434117306219,0.207144022139196,0.0612316405880276
278,"s(prev_lastRippleHPC_z):prev_DOWN_yes",0.0815997864191962,0.000337732882646414,0.284548716154399,0.0905227571580004
279,"s(prev_lastRippleHPC_z):prev_DOWN_yes",0.0914053504445276,0.00111410513905094,0.346233238151557,0.150393999221034
280,"s(prev_lastRippleHPC_z):prev_DOWN_yes",0.0542189882306712,0.000270501771951987,0.220032559992135,0.107542221885476
281,"s(prev_lastRippleHPC_z):prev_DOWN_yes",0.0464334942779159,0.000210376801389878,0.188077223878124,0.0783913121221316
282,"s(prev_lastRippleHPC_z):prev_DOWN_yes",0.0680893906932587,0.000693997786148865,0.28534121318328,0.0842117428371769
283,"s(prev_lastRippleHPC_z):prev_DOWN_yes",0.000163954631775098,5.23105929303437e-06,0.0248145617001,0.00731806550383528
284,"s(prev_lastRippleHPC_z):prev_DOWN_yes",0.034935959753148,0.000128243763681493,0.177432873503938,0.133386178973266
285,"s(prev_lastRippleHPC_z):prev_DOWN_yes",0.0385367778259385,0.000425960762215498,0.227619641550243,0.0671040572283663
286,"s(prev_lastRippleHPC_z):prev_DOWN_yes",8.46383821766494e-05,7.37054437997511e-06,0.0315527649927373,0.00930529376717812
287,"s(prev_lastRippleHPC_z):prev_DOWN_yes",0.131412176750167,0.00142753650656683,0.421340139453144,0.124328349038342
288,"s(prev_lastRippleHPC_z):prev_DOWN_yes",0.0126769948484,0.000131898930529987,0.129434850513341,0.038192873414234
289,"s(prev_lastRippleHPC_z):prev_DOWN_yes",0.159039109267912,0.00198222908623341,0.475596155452781,0.141435103470815
290,"s(prev_lastRippleHPC_z):prev_DOWN_yes",0.123780267645317,0.000396456564643989,0.399990458604646,0.13914478006149
291,"s(prev_lastRippleHPC_z):prev_DOWN_yes",0.091340929204919,0.000371626192127055,0.166874593075287,0.114729155350591
292,"s(prev_lastRippleHPC_z):prev_DOWN_yes",0.0684849879216181,0.0007759321066135,0.310640691160572,0.106362807682828
293,"s(prev_lastRippleHPC_z):prev_DOWN_yes",0.00149445966693129,1.43763708222737e-05,0.0413670991108158,0.012192617635702
294,"s(prev_lastRippleHPC_z):prev_DOWN_yes",0.0487625114463359,0.000293444142324628,0.128885864836869,0.0467581287198798
295,"s(prev_lastRippleHPC_z):prev_DOWN_yes",0.0333438049242929,0.000344434560978355,0.201362577892977,0.0593046564102726
296,"s(prev_lastRippleHPC_z):prev_DOWN_yes",0.00608887458266949,0.000117749472381135,0.0947255834422784,0.0517397432618521
297,"s(prev_lastRippleHPC_z):prev_DOWN_yes",0.010757760421555,0.000101588950000346,0.111952019553963,0.0330342586532817
298,"s(prev_lastRippleHPC_z):prev_DOWN_yes",0.0193014255866446,0.000255085305018151,0.151431686290732,0.0459884586460545
299,"s(prev_lastRippleHPC_z):prev_DOWN_yes",0.0423476038471016,0.000547689624911576,0.241914993668424,0.0797292510640434
300,"s(prev_lastRippleHPC_z):prev_DOWN_yes",0.152722126844765,0.00168980957534167,0.446967694633509,0.132236811731354
301,"s(prev_lastRippleHPC_z):prev_DOWN_yes",0.0159812363168692,0.000445197808172777,0.147722646135321,0.0506257864207928
302,"s(prev_lastRippleHPC_z):prev_DOWN_yes",0.0273998450396151,0.000274172782714641,0.186239740748428,0.0549211350984099
303,"s(prev_lastRippleHPC_z):prev_DOWN_yes",0.0771778641249865,8.82489543466541e-05,0.353528923086023,0.0810436964355604
304,"s(prev_lastRippleHPC_z):prev_DOWN_yes",0.13457199059987,0.000652033773432482,0.197129593203521,0.135630090821216
305,"s(prev_lastRippleHPC_z):prev_DOWN_yes",0.0314321710422476,0.000523397328404589,0.200272879316805,0.212667410838221
306,"s(prev_lastRippleHPC_z):prev_DOWN_yes",0.189236396731967,0.00139976670729769,0.562972670828119,0.260183021153127
307,"s(prev_lastRippleHPC_z):prev_DOWN_yes",0.00165980271605193,1.65770228869483e-05,0.0447859124514062,0.0132155140228424
308,"s(prev_lastRippleHPC_z):prev_DOWN_yes",0.0265499203184749,0.000244956095510279,0.173300480639129,0.0510996718353921
309,"s(prev_lastRippleHPC_z):prev_DOWN_yes",0.0285363382791157,0.000401606764602199,0.194045023838614,0.0696890318919477
310,"s(prev_lastRippleHPC_z):prev_DOWN_yes",0.00651675152000397,6.30963188133014e-05,0.0894662109234152,0.0264050770226492
311,"s(prev_lastRippleHPC_z):prev_DOWN_yes",0.16558288212886,0.00133356932565586,0.256986113457294,0.100878545928429
312,"s(prev_lastRippleHPC_z):prev_DOWN_yes",0.0845656294496209,0.000605634887385295,0.202304088635636,0.0483220399740879
313,"s(prev_lastRippleHPC_z):prev_DOWN_yes",0.0572910959448141,0.000879500176725984,0.164249102955829,0.48343217143622
314,"s(prev_lastRippleHPC_z):prev_DOWN_yes",0.00993142818300363,0.000877189251308639,0.077553611081555,0.521583273197013
315,"s(prev_lastRippleHPC_z):prev_DOWN_yes",0.0186092860096387,0.000241777037557082,0.160887205083879,0.095657199175446
316,"s(prev_lastRippleHPC_z):prev_DOWN_yes",0.0949492480539478,0.00072779167849731,0.14464098529094,0.0576822404256012
317,"s(prev_lastRippleHPC_z):prev_DOWN_yes",0.109606540955802,0.000925300070527348,0.335646638845014,0.113213879194854
318,"s(prev_lastRippleHPC_z):prev_DOWN_yes",0.0574462313951623,0.000130550294852298,0.165794538401411,0.109892641830989
319,"s(prev_lastRippleHPC_z):prev_DOWN_yes",0.0186456680893547,0.000707082248678673,0.160824616633122,0.332597292458084
320,"s(prev_lastRippleHPC_z):prev_DOWN_yes",0.0223463294782418,0.000193669465586648,0.0856357366319539,0.0447467323987013
321,"s(prev_lastRippleHPC_z):prev_DOWN_yes",0.0297009367220182,0.000823704462793093,0.193194993799392,0.0706678512933633
322,"s(prev_lastRippleHPC_z):prev_DOWN_yes",0.0540873180594028,0.000321828172192699,0.229397610479745,0.0779090704828968
323,"s(prev_lastRippleHPC_z):prev_DOWN_yes",0.0649804114029466,0.000237430452022425,0.271437020579839,0.0839577540777563
324,"s(prev_lastRippleHPC_z):prev_DOWN_yes",0.11676819021155,0.000949403632762785,0.325039784983624,0.119556147359298
325,"s(prev_lastRippleHPC_z):prev_DOWN_yes",0.116071809056974,0.00105889457710872,0.263525016726234,0.108153620091225
326,"s(prev_lastRippleHPC_z):prev_DOWN_yes",0.0599732497699632,0.000513209836287442,0.247432575339897,0.0923128943127878
327,"s(prev_lastRippleHPC_z):prev_DOWN_yes",0.0509835910759575,0.000209935260479264,0.244654008936269,0.0728870305579985
328,"s(prev_lastRippleHPC_z):prev_DOWN_yes",0.206515064684289,0.00200975447784792,0.567065857919048,0.165173505630815
329,"s(prev_lastRippleHPC_z):prev_DOWN_yes",0.0319022301634799,0.00032942115070135,0.204398783524846,0.0602417385657301
330,"s(prev_lastRippleHPC_z):prev_DOWN_yes",0.0723981253740158,0.000826276748237879,0.306355078438878,0.118804260776912
331,"s(prev_lastRippleHPC_z):prev_DOWN_yes",0.0028899615267024,3.06101103737089e-05,0.0618585530368414,0.0182456696607995
332,"s(prev_lastRippleHPC_z):prev_DOWN_yes",0.00210155151892,1.92433090377968e-05,0.0505130648826723,0.0149077225488454
333,"s(prev_lastRippleHPC_z):prev_DOWN_yes",0.0579751531745707,0.000614703961301202,0.271919777038949,0.0802348508561971
334,"s(prev_lastRippleHPC_z):prev_DOWN_yes",0.0308535073169312,0.000317416117908913,0.200905951324148,0.0593756598559083
335,"s(prev_lastRippleHPC_z):prev_DOWN_yes",0.029903219553705,0.00029902561750046,0.193496513609183,0.0570653318391908
336,"s(prev_lastRippleHPC_z):prev_DOWN_yes",0.0560684117994006,0.000776215489765311,0.273207069007806,0.257020760266133
337,"s(prev_lastRippleHPC_z):prev_DOWN_yes",0.0521966666120592,0.00053691042921599,0.251869708249953,0.0742562272507496
338,"s(prev_lastRippleHPC_z):prev_DOWN_yes",8.8060620887731e-05,0.0005655181890271,0.0106157042899071,0.421469777075986
339,"s(prev_lastRippleHPC_z):prev_DOWN_yes",0.0058273225865193,0.000553193080320047,0.0743682321980899,0.295631734743596
340,"s(prev_lastRippleHPC_z):prev_DOWN_yes",0.0755646172818345,0.000916662213554608,0.315861380262656,0.101441086660299
341,"s(prev_lastRippleHPC_z):prev_DOWN_yes",-4.59376771333453e-05,7.7114740750243e-07,0.00953323091975818,0.00281181097298709
342,"s(prev_lastRippleHPC_z):prev_DOWN_yes",0.133642571288703,0.00173338372934453,0.190278892552001,0.563317843026996
343,"s(prev_lastRippleHPC_z):prev_DOWN_yes",0.167347366206177,0.00114400934315464,0.392923923562762,0.129045868862611
344,"s(prev_lastRippleHPC_z):prev_DOWN_yes",0.0296805199025094,0.00096778084342919,0.18414648043196,0.432813398662744
345,"s(prev_lastRippleHPC_z):prev_DOWN_yes",0.211128087484548,0.00397701210510532,0.189723260060548,1.10949555678333
346,"s(prev_lastRippleHPC_z):prev_DOWN_yes",0.100473535700488,0.000344963842851633,0.311270081695716,0.111799360363861
347,"s(prev_lastRippleHPC_z):prev_DOWN_yes",0.0580035231910996,0.00060961772533878,0.273804125503685,0.0807599742136755
348,"s(prev_lastRippleHPC_z):prev_DOWN_yes",0.0598460771670331,0.000393803811422089,0.16548673673234,0.076490140686321
349,"s(prev_lastRippleHPC_z):prev_DOWN_yes",0.0234915229786061,4.76521913709105e-05,0.0577256764738558,0.022679547026417
350,"s(prev_lastRippleHPC_z):prev_DOWN_yes",-0.000106287112787484,9.36608866649442e-07,0.0110951837128143,0.00326965144949008
351,"s(prev_lastRippleHPC_z):prev_DOWN_yes",0.0795339503567511,0.000541646426323848,0.209935383001485,0.131305988712693
352,"s(prev_lastRippleHPC_z):prev_DOWN_yes",0.00456336421862069,5.08637761918959e-05,0.0760772420086328,0.0255861342078586
353,"s(prev_lastRippleHPC_z):prev_DOWN_yes",0.000514508381855627,3.50154855431576e-06,0.0213108904378347,0.00629559325550902
354,"s(prev_lastRippleHPC_z):prev_DOWN_yes",0.0266798515669757,0.000300037055951767,0.192748704568119,0.0568679664004769
355,"s(prev_lastRippleHPC_z):prev_DOWN_yes",0.0116932532025844,1.00019828493696e-05,0.0633482642885494,0.0393683736666109
356,"s(prev_lastRippleHPC_z):prev_DOWN_yes",0.0920146809040299,0.000926147387311369,0.331580491802865,0.097779231837665
357,"s(prev_lastRippleHPC_z):prev_DOWN_yes",0.310125479475896,0.00292954173104757,0.611045174936127,0.189862791797882
358,"s(prev_lastRippleHPC_z):prev_DOWN_yes",0.0538771583467996,0.000559424436021313,0.179456954191413,0.131910125385343
359,"s(prev_lastRippleHPC_z):prev_DOWN_yes",0.0052606336848795,0.000496461841918194,0.0829783734970815,0.0421917644208023
360,"s(prev_lastRippleHPC_z):prev_DOWN_yes",0.174803224623816,0.00144883002201432,0.277736648765121,0.109947357666099
361,"s(prev_lastRippleHPC_z):prev_DOWN_yes",0.0440046928367526,0.000505185767941005,0.244892331333797,0.0723043857462919
362,"s(prev_lastRippleHPC_z):prev_DOWN_yes",0.0839228805602454,0.000583488151662588,0.196445945486858,0.0843975206650037
363,"s(prev_lastRippleHPC_z):prev_DOWN_yes",0.00435413447388822,4.462095646241e-05,0.0776837577165469,0.0229094202203834
364,"s(prev_lastRippleHPC_z):prev_DOWN_yes",-0.0406708435418661,0.000271752173003427,0.186693654093348,0.0551232058906544
365,"s(prev_lastRippleHPC_z):prev_DOWN_yes",0.040359780432869,0.000387328770472556,0.227228704805999,0.0831634226549212
366,"s(prev_lastRippleHPC_z):prev_DOWN_yes",0.137185259730786,0.000959666446803878,0.410007249430602,0.0932006660672307
367,"s(prev_lastRippleHPC_z):prev_DOWN_yes",0.0353254340357392,0.000378380871386192,0.221750938814364,0.065354883994456
368,"s(prev_lastRippleHPC_z):prev_DOWN_yes",0.159311657864772,0.00104056673088997,0.191255424882891,0.0636076436106188
369,"s(prev_lastRippleHPC_z):prev_DOWN_yes",0.0663207011333995,0.000745133546073996,0.251108124086957,0.14568344038854
370,"s(prev_lastRippleHPC_z):prev_DOWN_yes",0.118563165157027,0.000353680037769496,0.38441156508891,0.0923701488478544
371,"s(prev_lastRippleHPC_z):prev_DOWN_yes",0.000765719651886876,4.86643038796562e-06,0.0248111458362143,0.0073305642888529
372,"s(prev_lastRippleHPC_z):prev_DOWN_yes",0.0447393782930687,0.000224522506119002,0.139591112439301,0.0490624018490632
373,"s(prev_lastRippleHPC_z):prev_DOWN_yes",0.0312073858472406,2.68753668766651e-05,0.194911339496816,0.0582081252000433
374,"s(prev_lastRippleHPC_z):prev_DOWN_yes",0.109505841145503,0.000761046254514598,0.135276401111128,0.0461154243529345
375,"s(prev_lastRippleHPC_z):prev_DOWN_yes",0.167601080614247,0.00124929202497479,0.364741397022748,0.186242286963286
376,"s(prev_lastRippleHPC_z):prev_DOWN_yes",0.0382049171511341,0.000423792914765341,0.222675944921315,0.0778803631954537
377,"s(prev_lastRippleHPC_z):prev_DOWN_yes",0.180366860659849,0.00201162909126184,0.569212186882301,0.619147451882383
378,"s(prev_lastRippleHPC_z):prev_DOWN_yes",0.0156586450710332,0.00181326564024575,0.154295076577144,0.827639652712185
379,"s(prev_lastRippleHPC_z):prev_DOWN_yes",0.0811884178684128,0.000841114011438212,0.308705872608897,0.0911251357770362
380,"s(prev_lastRippleHPC_z):prev_DOWN_yes",0.0505421047951051,0.000525152937061539,0.253390739423791,0.0747151580472732
381,"s(prev_lastRippleHPC_z):prev_DOWN_yes",0.0401730978301789,0.000427312379745468,0.233819375150139,0.0689963339182783
382,"s(prev_lastRippleHPC_z):prev_DOWN_yes",0.130274106501358,0.00216310163253863,0.183706085907145,0.779179659843498
383,"s(prev_lastRippleHPC_z):prev_DOWN_yes",0.0128073902830215,0.000128259785344935,0.130242720717799,0.0384713738114002
384,"s(prev_lastRippleHPC_z):prev_DOWN_yes",0.0265186539822757,0.000277854263492051,0.196664379526815,0.0581069969239828
385,"s(prev_lastRippleHPC_z):prev_DOWN_yes",0.0111793460679035,0.000133223982164296,0.125235718069915,0.0388633820089346
386,"s(prev_lastRippleHPC_z):prev_DOWN_yes",0.0298693325156059,0.000919832730404664,0.195417612244585,0.394939482362357
387,"s(prev_lastRippleHPC_z):prev_DOWN_yes",0.0558996274632548,0.000733444544092592,0.275903174744408,0.173991692802771
388,"s(prev_lastRippleHPC_z):prev_DOWN_yes",0.0606554717497945,0.000327311168595435,0.161992299894855,0.0822401189876777
389,"s(prev_lastRippleHPC_z):prev_DOWN_yes",0.0618034128333802,0.000491175408566112,0.149443228575116,0.0709422645063288
390,"s(prev_lastRippleHPC_z):prev_DOWN_yes",0.0850940231512158,0.000916230304605998,0.343072519751319,0.101154903837666
391,"s(prev_lastRippleHPC_z):prev_DOWN_yes",0.0114445096553064,0.000131524953616284,0.13383329153121,0.0394706426428151
392,"s(prev_lastRippleHPC_z):prev_DOWN_yes",0.0219314437940774,0.000274738117411996,0.181392703317943,0.0534741747321117
393,"s(prev_lastRippleHPC_z):prev_DOWN_yes",0.0207818531631103,0.000269357265935899,0.133923853356075,0.172991716695051
394,"s(prev_lastRippleHPC_z):prev_DOWN_yes",0.0622884641990495,0.00051720864154234,0.34003323922868,0.101638083778614
395,"s(prev_lastRippleHPC_z):prev_DOWN_yes",0.116839727648853,0.000767818610085373,0.136117262404799,0.0474084730126254
396,"s(prev_lastRippleHPC_z):prev_DOWN_yes",0.0474928818163516,0.000495749367609552,0.251229758575202,0.0741404278630391
397,"s(prev_lastRippleHPC_z):prev_DOWN_yes",0.22922281750291,0.0018763546350057,0.486298148806255,0.253724867089251
398,"s(prev_lastRippleHPC_z):prev_DOWN_yes",0.0165738444088426,2.2342016682494e-05,0.0663567664894623,0.0290492191323914
399,"s(prev_lastRippleHPC_z):prev_DOWN_yes",-0.0423814818563377,0.000183997035578533,0.146464946232578,0.0492642749535575
400,"s(prev_lastRippleHPC_z):prev_DOWN_yes",0.0381065940241303,0.000170227390160262,0.111204423215294,0.0758590670654748
401,"s(prev_lastRippleHPC_z):prev_DOWN_yes",0.0373264457574702,0.000385204868411723,0.225676357143127,0.0666560751431218
402,"s(prev_lastRippleHPC_z):prev_DOWN_yes",0.0818856471652696,0.000190850470626794,0.268287183897376,0.0642714502894605
403,"s(prev_lastRippleHPC_z):prev_DOWN_yes",0.136770018778052,0.000495763149484689,0.532948327548652,0.179552977088368
404,"s(prev_lastRippleHPC_z):prev_DOWN_yes",0.0282661100347612,0.000553482166919437,0.193940513842012,0.21641799420847
405,"s(prev_lastRippleHPC_z):prev_DOWN_yes",0.000878927314014177,2.27874610384785e-05,0.0335159085781952,0.0279419863193539
406,"s(prev_lastRippleHPC_z):prev_DOWN_yes",0.0510494004420829,0.000589937939050117,0.264608686936557,0.0780295329731996
407,"s(prev_lastRippleHPC_z):prev_DOWN_yes",0.000968575378800907,8.26314314883724e-06,0.0318132645156228,0.0094115533062685
408,"s(prev_lastRippleHPC_z):prev_DOWN_yes",0.032862623633509,0.00147744644040695,0.20303514493723,0.675790438191404
409,"s(prev_lastRippleHPC_z):prev_DOWN_yes",0.158211411613378,0.00160054970514435,0.303856854560178,0.0681926701200043
410,"s(prev_lastRippleHPC_z):prev_DOWN_yes",0.0235474206623669,0.00078064643258555,0.183064703768304,0.320092073107318
411,"s(prev_lastRippleHPC_z):prev_DOWN_yes",0.0930017946038904,0.000687462631920504,0.205642000413526,0.0678323758495311
412,"s(prev_lastRippleHPC_z):prev_DOWN_yes",0.00274553874305283,0.000874430879361851,0.0603992343408398,0.503145167993399
413,"s(prev_lastRippleHPC_z):prev_DOWN_yes",0.165416531693078,0.00243899478927554,0.4644983189789,0.414413540124777
414,"s(prev_lastRippleHPC_z):prev_DOWN_yes",0.0437395817771451,0.000435210747322734,0.235788945628992,0.0695968476721962
415,"s(prev_lastRippleHPC_z):prev_DOWN_yes",0.0369244960268444,0.000440771265271239,0.22045236442862,0.066235330462505
416,"s(prev_lastRippleHPC_z):prev_DOWN_yes",0.0880345983515607,0.000702421686059987,0.241216326784264,0.114760571244696
417,"s(prev_lastRippleHPC_z):prev_DOWN_yes",0.026099397645635,0.00182661535385814,0.183782753055087,0.786169353444401
418,"s(prev_lastRippleHPC_z):prev_DOWN_yes",0.0220669408461287,0.000722134227170587,0.18593110134234,0.33084867129769
419,"s(prev_lastRippleHPC_z):prev_DOWN_yes",0.0845677543784182,0.00113097764363858,0.322398375944649,0.295630701456412
420,"s(prev_lastRippleHPC_z):prev_DOWN_yes",0.0679241440389022,0.0001876597280043,0.210011736089214,0.122170565376336
421,"s(prev_lastRippleHPC_z):prev_DOWN_yes",0.0432024405257723,0.000489225224207304,0.245667786388141,0.0724013786158663
422,"s(prev_lastRippleHPC_z):prev_DOWN_yes",0.0261966158367892,0.000276196145180447,0.189603942527601,0.055987262892118
423,"s(prev_lastRippleHPC_z):prev_DOWN_yes",0.0339603469418543,0.000371445099625123,0.213083790347477,0.0629112017772208
424,"s(prev_lastRippleHPC_z):prev_DOWN_yes",0.022129268675358,0.000497442025872935,0.174466972003627,0.0573898484253217
425,"s(prev_lastRippleHPC_z):prev_DOWN_yes",0.158270947029065,0.00194723164401748,0.449705113404916,0.264501556304147
426,"s(prev_lastRippleHPC_z):prev_DOWN_yes",0.122907672114478,0.000619649640973423,0.261343870906266,0.116694322793453
427,"s(prev_lastRippleHPC_z):prev_DOWN_yes",0.012332212513904,1.25850158369111e-05,0.12432294868343,0.037049592473949
428,"s(prev_lastRippleHPC_z):prev_DOWN_yes",0.0910414979885505,0.0016192454828966,0.313647080394039,0.64586728629226
429,"s(prev_lastRippleHPC_z):prev_DOWN_yes",0.0662233079431847,0.00128674761871587,0.298932566275376,0.459143328249383
430,"s(prev_lastRippleHPC_z):prev_DOWN_yes",0.0468404113770875,0.000507553732162477,0.247822208330657,0.0730329476200568
431,"s(prev_lastRippleHPC_z):prev_DOWN_yes",-2.52485671712321e-05,0.000354286963870766,0.00790462610889459,0.276661435121261
432,"s(prev_lastRippleHPC_z):prev_DOWN_yes",0.0539687945219329,0.000607545620445235,0.276453806429775,0.0815745106982612
433,"s(prev_lastRippleHPC_z):prev_DOWN_yes",0.174320840898994,0.000580906083870524,0.715363976083854,0.185219753089125
434,"s(prev_lastRippleHPC_z):prev_DOWN_yes",0.141978745700543,0.00162064978347221,0.432863252292679,0.132460673529699
435,"s(prev_lastRippleHPC_z):prev_DOWN_yes",0.151868832443938,0.00125929357576143,0.146321687238739,0.0505663849118574
436,"s(prev_lastRippleHPC_z):prev_DOWN_yes",0.0109589036136475,0.000122037730322974,0.12476087870729,0.0367666626906967
437,"s(prev_lastRippleHPC_z):prev_DOWN_yes",-8.88917359143093e-05,4.37859199189384e-07,0.00730617417485956,0.00215418876667312
438,"s(prev_lastRippleHPC_z):prev_DOWN_yes",0.16930658312587,0.00113023307814309,0.215022337332483,0.0643206936862411
439,"s(prev_lastRippleHPC_z):prev_DOWN_yes",0.0167101209277281,0.000150390713533149,0.139325932252248,0.0410980800451408
440,"s(prev_lastRippleHPC_z):prev_DOWN_yes",0.0240139562953114,0.000276544006874475,0.189264739332052,0.0557779669423144
441,"s(prev_lastRippleHPC_z):prev_DOWN_yes",0.103226756419531,0.00110671764731921,0.35558757560492,0.125316579133675
442,"s(prev_lastRippleHPC_z):prev_DOWN_yes",0.0229561151250266,0.000263732259621216,0.187345307223175,0.0552758584798496
443,"s(prev_lastRippleHPC_z):prev_DOWN_yes",0.108319454069032,0.000625308214328454,0.294816650232968,0.0660366551011944
444,"s(prev_lastRippleHPC_z):prev_DOWN_yes",0.00299304402669787,4.02052157892698e-05,0.0741038401667225,0.0218714820352015
445,"s(prev_lastRippleHPC_z):prev_DOWN_yes",0.110882047836648,0.000106720799621236,0.0695010475765519,0.140800290123135
446,"s(prev_lastRippleHPC_z):prev_DOWN_yes",0.167856002247339,0.00116812369146581,0.331632928366984,0.219145675414806
447,"s(prev_lastRippleHPC_z):prev_DOWN_yes",0.0422971812082169,0.000424146331373693,0.231469115836358,0.0682856847012628
448,"s(prev_lastRippleHPC_z):prev_DOWN_yes",0.190528671178376,0.00233100271772613,0.342063441197854,0.410476537855572
449,"s(prev_lastRippleHPC_z):prev_DOWN_yes",0.120485132117888,0.001311823348714,0.243158299015075,0.343095023660118
450,"s(prev_lastRippleHPC_z):prev_DOWN_yes",0.0628745403713982,0.000695675772267216,0.288951583975999,0.0852688683260266
451,"s(prev_lastRippleHPC_z):prev_DOWN_yes",0.156094453662425,0.00110908082983205,0.585641872528969,0.132368496987315
452,"s(prev_lastRippleHPC_z):prev_DOWN_yes",0.135382812744499,0.000631746233815026,0.278157346681602,0.227693455904738
453,"s(prev_lastRippleHPC_z):prev_DOWN_yes",0.121803830654622,0.00104137355710771,0.33732960277426,0.151121776834278
454,"s(prev_lastRippleHPC_z):prev_DOWN_yes",0.0891237336152422,0.000301355196424565,0.220898783089848,0.104606309608522
455,"s(prev_lastRippleHPC_z):prev_DOWN_yes",0.0186846718982014,0.000215547657801261,0.160387738721162,0.0473901669730418
456,"s(prev_lastRippleHPC_z):prev_DOWN_yes",0.0923196133698445,0.000944622820330214,0.310073794060123,0.095913776921875
457,"s(prev_lastRippleHPC_z):prev_DOWN_yes",0.0435417062429737,0.000558511858159784,0.14406154871483,0.035726822092435
458,"s(prev_lastRippleHPC_z):prev_DOWN_yes",0.00126549205108528,2.22509325152968e-05,0.0544130127381374,0.0160575028762858
459,"s(prev_lastRippleHPC_z):prev_DOWN_yes",0.218015632108751,0.00238180632625494,0.699189520093329,0.311776356090005
460,"s(prev_lastRippleHPC_z):prev_DOWN_yes",0.120636698690619,0.00125443131837534,0.39938580440551,0.117879670439018
461,"s(prev_lastRippleHPC_z):prev_DOWN_yes",0.0273761334081053,4.76449714487083e-05,0.139974303529276,0.0910308677647628
462,"s(prev_lastRippleHPC_z):prev_DOWN_yes",-4.52026499599967e-05,1.52018655569953e-05,0.00538475175299464,0.0474343882208738
463,"s(prev_lastRippleHPC_z):prev_DOWN_yes",0.024546533392483,0.000267151099634735,0.185618873511644,0.0548018964354547
464,"s(prev_lastRippleHPC_z):prev_DOWN_yes",0.0448509612877963,0.000437673233237486,0.240317819134421,0.0709744334065
465,"s(prev_lastRippleHPC_z):prev_DOWN_yes",0.0908923149477259,0.00112356964157924,0.226098389476759,0.492291173495137
466,"s(prev_lastRippleHPC_z):prev_DOWN_yes",0.298121879896487,0.00225340302788858,0.551905550396364,0.325614839570161
467,"s(prev_lastRippleHPC_z):prev_DOWN_yes",0.00759514836499431,8.74456447002832e-05,0.107724976916345,0.0317855781804822
468,"s(prev_lastRippleHPC_z):prev_DOWN_yes",0.181401343626728,0.00109008229258031,0.726527397061409,0.192258835668963
469,"s(prev_lastRippleHPC_z):prev_DOWN_yes",0.0554600963474225,0.000297573750814043,0.188460690236599,0.0470489570150152
470,"s(prev_lastRippleHPC_z):prev_DOWN_yes",0.0770654730453346,0.002119705533395,0.320064285947577,0.725727067714218
471,"s(prev_lastRippleHPC_z):prev_DOWN_yes",0.0941739300496307,0.000763222827370145,0.243354390085227,0.178647527631272
472,"s(prev_lastRippleHPC_z):prev_DOWN_yes",0.0355001599710514,0.000416450676423201,0.228519305772603,0.0673659667060129
473,"s(prev_lastRippleHPC_z):prev_DOWN_yes",0.214284305192442,0.00184131458272117,0.23686551068375,0.0695538524912484
474,"s(prev_lastRippleHPC_z):prev_DOWN_yes",0.0365646372119013,0.00167315822910691,0.140391590996443,0.792863897172621
475,"s(prev_lastRippleHPC_z):prev_DOWN_yes",0.0287699526345442,0.000328302802561423,0.209855094981752,0.0619659762376173
476,"s(prev_lastRippleHPC_z):prev_DOWN_yes",0.000154706816406502,1.52275238551564e-06,0.0136370573526625,0.00402940767792307
477,"s(prev_lastRippleHPC_z):prev_DOWN_yes",0.141787079316209,0.00121578739039348,0.179511033963399,0.0644896685099428
478,"s(prev_lastRippleHPC_z):prev_DOWN_yes",0.0637590262265739,0.000655670604459111,0.283732025341087,0.0837992434482141
479,"s(prev_lastRippleHPC_z):prev_DOWN_yes",0.123621884082866,0.000848954494954022,0.223423960880721,0.136858306212218
480,"s(prev_lastRippleHPC_z):prev_DOWN_yes",0.0957977751946517,0.000367628380917487,0.116274803861993,0.0434085993385347
481,"s(prev_lastRippleHPC_z):prev_DOWN_yes",0.140936208272767,0.00158990591270666,0.445348510657371,0.162809359378279
482,"s(prev_lastRippleHPC_z):prev_DOWN_yes",0.136826356710006,0.00139241280915267,0.407593466285932,0.120156914431759
483,"s(prev_lastRippleHPC_z):prev_DOWN_yes",0.0100807898910542,0.000114402520015297,0.118401673365628,0.034907312456315
484,"s(prev_lastRippleHPC_z):prev_DOWN_yes",0.10045714305391,0.000549393622281313,0.316325571040082,0.184612182579791
485,"s(prev_lastRippleHPC_z):prev_DOWN_yes",0.0011427112727409,0.000148215760512435,0.0443239862701663,0.155393297063142
486,"s(prev_lastRippleHPC_z):prev_DOWN_yes",0.0110647935548336,0.000113323182431765,0.10962325886778,0.0352442233028019
487,"s(prev_lastRippleHPC_z):prev_DOWN_yes",0.262666235482147,0.00226111351049213,0.52259600730891,0.336276573448213
488,"s(prev_lastRippleHPC_z):prev_DOWN_yes",0.185868545186898,0.00166940056853956,0.781176001875261,0.166820227304717
489,"s(prev_lastRippleHPC_z):prev_DOWN_yes",0.0227732963806764,0.000424507538400605,0.168558365250512,0.192956828942677
490,"s(prev_lastRippleHPC_z):prev_DOWN_yes",0.203774241056863,0.00135752524267644,0.397775336306565,0.249849070853779
491,"s(prev_lastRippleHPC_z):prev_DOWN_yes",0.0709608709573475,0.000119484048208247,0.45279529446424,0.175196515923084
492,"s(prev_lastRippleHPC_z):prev_DOWN_yes",0.0578371075462121,0.000238174142822972,0.241430628409445,0.0737800078751404
493,"s(prev_lastRippleHPC_z):prev_DOWN_yes",0.155176002012277,0.000802015817093504,0.260386500001808,0.195395676989042
494,"s(prev_lastRippleHPC_z):prev_DOWN_yes",0.220855253186731,0.0017462092994937,0.276364032359962,0.11025941772413
495,"s(prev_lastRippleHPC_z):prev_DOWN_yes",0.0963054843765923,0.000922375953968448,0.109917516145885,0.280604511625277
496,"s(prev_lastRippleHPC_z):prev_DOWN_yes",0.0331540177115413,0.00147231839377805,0.119114085071649,0.79326062836315
497,"s(prev_lastRippleHPC_z):prev_DOWN_yes",0.00012828903303852,0.000152014703810004,0.0139857888190827,0.116430962796403
498,"s(prev_lastRippleHPC_z):prev_DOWN_yes",0.0813091218804747,0.000423630697436686,0.2414257236582,0.145059311520052
499,"s(prev_lastRippleHPC_z):prev_DOWN_yes",0.00313927520412616,3.63795116174876e-05,0.0664198743155317,0.0196890099459171
500,"s(prev_lastRippleHPC_z):prev_DOWN_yes",0.0460856232971034,0.000489554600618995,0.239810886911128,0.0719946926184344
501,"s(prev_lastRippleHPC_z):prev_DOWN_yes",0.0379573291660078,0.000224989098661191,0.115140646879802,0.077344172500045
502,"s(prev_lastRippleHPC_z):prev_DOWN_yes",0.130345467770268,0.00142262615203512,0.423885241970516,0.125098072257982
503,"s(prev_lastRippleHPC_z):prev_DOWN_yes",0.0682436816717642,0.00135000054180621,0.307899163443827,0.490577308394611
504,"s(prev_lastRippleHPC_z):prev_DOWN_yes",0.0106990564131868,0.000251550739687434,0.0661046894903714,0.154852399255684
505,"s(prev_lastRippleHPC_z):prev_DOWN_yes",0.152683011292896,0.00169736274499204,0.466236716782663,0.13746074149226
506,"s(prev_lastRippleHPC_z):prev_DOWN_yes",0.195830161284677,0.00167354860933,0.493884482242905,0.479746025281898
507,"s(prev_lastRippleHPC_z):prev_DOWN_yes",0.0213787536770234,0.000267424291055809,0.182635725845278,0.0539001379972405
508,"s(prev_lastRippleHPC_z):prev_DOWN_yes",0.101120376996455,0.000426189938474251,0.474746237649847,0.105673763512316
509,"s(prev_lastRippleHPC_z):prev_DOWN_yes",0.0998567483121473,0.000700224550525418,0.110714884229812,0.0432042459876124
510,"s(prev_lastRippleHPC_z):prev_DOWN_yes",0.0958519259180761,0.00101708144990489,0.357157150656115,0.10549120144363
511,"s(prev_lastRippleHPC_z):prev_DOWN_yes",0.0493901107508465,0.000518530573315867,0.25743036483496,0.0760169742489639
512,"s(prev_lastRippleHPC_z):prev_DOWN_yes",0.0050617525639769,5.16203906977679e-05,0.0791008658850731,0.0233420632693069
513,"s(prev_lastRippleHPC_z):prev_DOWN_yes",0.108415707185089,0.000910207680187461,0.258815889738053,0.204798824999945
514,"s(prev_lastRippleHPC_z):prev_DOWN_yes",0.0437754859272728,0.000433503028771185,0.232467607562874,0.0686307625705701
515,"s(prev_lastRippleHPC_z):prev_DOWN_yes",0.0302283420322063,0.000314027615900745,0.197829712009056,0.0583976003550423
516,"s(prev_lastRippleHPC_z):prev_DOWN_yes",0.145853927507826,0.00155903456569835,0.430716971822239,0.12710780596979
517,"s(prev_lastRippleHPC_z):prev_DOWN_yes",0.0625499620856873,0.000506703200706931,0.201682186526839,0.0762879667916775
518,"s(prev_lastRippleHPC_z):prev_DOWN_yes",0.023651640639323,0.000260460881482054,0.178941926766156,0.0528145220986692
519,"s(prev_lastRippleHPC_z):prev_DOWN_yes",0.0868958397295367,0.00208418134233536,0.333088597463484,0.64512621335369
520,"s(prev_lastRippleHPC_z):prev_DOWN_yes",0.116788821523927,0.000877709607108244,0.296937767873781,0.217970721715789
521,"s(prev_lastRippleHPC_z):prev_DOWN_yes",0.175795375630281,0.00191035513602293,0.469307411438585,0.138373346328255
522,"s(prev_lastRippleHPC_z):prev_DOWN_yes",0.103022115504371,0.000552000536505475,0.270785874107101,0.242507193783751
523,"s(prev_lastRippleHPC_z):prev_DOWN_yes",5.08964186982652e-05,0.000103128767702292,0.00865600495142627,0.130619427737577
524,"s(prev_lastRippleHPC_z):prev_DOWN_yes",0.138831510883382,0.000983153674542738,0.187201751814263,0.070422898029889
525,"s(prev_lastRippleHPC_z):prev_DOWN_yes",0.120676288949631,0.000461653146124726,0.479928943439229,0.305139940379726
526,"s(prev_lastRippleHPC_z):prev_DOWN_yes",0.0554365959703205,0.000192195768976005,0.149534379863097,0.0691295051348979
527,"s(prev_lastRippleHPC_z):prev_DOWN_yes",0.0403087156264741,0.000105443438170431,0.118908108391521,0.056828161275308
528,"s(prev_lastRippleHPC_z):prev_DOWN_yes",0.0185164359543171,0.000186629070407044,0.15100884772062,0.0445536755741699
529,"s(prev_lastRippleHPC_z):prev_DOWN_yes",0.082711550648547,0.000853974368696475,0.322321999661722,0.0953596363449133
530,"s(prev_lastRippleHPC_z):prev_DOWN_yes",0.206204648795956,0.00184876140715283,0.316283188901868,0.0779101758830148
531,"s(prev_lastRippleHPC_z):prev_DOWN_yes",0.0716760132597498,0.00080265427947097,0.317435102308122,0.0937295802215866
532,"s(prev_lastRippleHPC_z):prev_DOWN_yes",0.0194909015712357,0.000247719132816712,0.0704467575585763,0.115115492789514
533,"s(prev_lastRippleHPC_z):prev_DOWN_yes",0.0591396034457112,0.00060782558507324,0.269855720299235,0.0796210815992852
534,"s(prev_lastRippleHPC_z):prev_DOWN_yes",0.0216158001330644,0.000240956345045525,0.172688664992325,0.0510506732960062
535,"s(prev_lastRippleHPC_z):prev_DOWN_yes",0.0333324879037873,0.000354432163600685,0.210697977204535,0.0621282814877206
536,"s(prev_lastRippleHPC_z):prev_DOWN_yes",0.151514894894607,0.00187617153460692,0.203439160257411,0.505380998394634
537,"s(prev_lastRippleHPC_z):prev_DOWN_yes",0.00127118062139875,1.88117595323976e-05,0.0420015082962122,0.012755174144751
538,"s(prev_lastRippleHPC_z):prev_DOWN_yes",0.0598607593271607,0.000378304267715056,0.14345246103813,0.104381422193234
539,"s(prev_lastRippleHPC_z):prev_DOWN_yes",0.294913769236303,0.00311099418698874,0.609247076856268,0.179698210945953
540,"s(prev_lastRippleHPC_z):prev_DOWN_yes",0.00115106673274212,1.22180416518739e-05,0.0395466805498304,0.0116644449291563
541,"s(prev_lastRippleHPC_z):prev_DOWN_yes",0.0165406871499005,0.000170704771010898,0.149830924482668,0.0441912042916663
542,"s(prev_lastRippleHPC_z):prev_DOWN_yes",0.0340292278225682,0.00056340604765951,0.220694735362268,0.17814892991511
543,"s(prev_lastRippleHPC_z):prev_DOWN_yes",0.00426824090489486,4.41390789897029e-05,0.074469355191909,0.0219557456371552
544,"s(prev_lastRippleHPC_z):prev_DOWN_yes",0.0083881231674372,8.56923725676748e-05,0.105951352544268,0.0312282343191849
545,"s(prev_lastRippleHPC_z):prev_DOWN_yes",0.0137309687055147,0.000150994376190236,0.131569826359379,0.0415397311810525
546,"s(prev_lastRippleHPC_z):prev_DOWN_yes",0.140090326399066,0.000984643439691782,0.319602376487851,0.133575910522793
547,"s(prev_lastRippleHPC_z):prev_DOWN_yes",0.0847996601366985,0.00058718642867112,0.240365009101841,0.287223870086386
548,"s(prev_lastRippleHPC_z):prev_DOWN_yes",2.31438883027124e-05,1.27644520648961e-05,0.0103562389265905,0.0259879623687426
549,"s(prev_lastRippleHPC_z):prev_DOWN_yes",0.0223245083333836,0.000280181122077805,0.186215262222844,0.0550383550609558
550,"s(prev_lastRippleHPC_z):prev_DOWN_yes",0.16125648599389,0.00111746656477284,0.651156993609058,0.212780121968151
551,"s(prev_lastRippleHPC_z):prev_DOWN_yes",0.0238616400201428,0.000261136572094723,0.179440038345955,0.0529955427217341
552,"s(prev_lastRippleHPC_z):prev_DOWN_yes",0.116189813269487,0.000834691691554028,0.1504339940035,0.0526398735132243
553,"s(prev_lastRippleHPC_z):prev_DOWN_yes",0.0156555036302901,0.000227587218471987,0.139168531745418,0.056007311520822
554,"s(prev_lastRippleHPC_z):prev_DOWN_yes",0.0858459811225272,0.000287607750920591,0.122323860298022,0.06362844065304
555,"s(prev_lastRippleHPC_z):prev_DOWN_yes",0.100548490578964,0.00177649217724719,0.302161757681108,0.815869244530699
556,"s(prev_lastRippleHPC_z):prev_DOWN_yes",0.00566089000240222,8.09228117905478e-05,0.0801924962570085,0.0661731762154465
557,"s(prev_lastRippleHPC_z):prev_DOWN_yes",0.0728553342831146,0.000495311428755861,0.222880399445649,0.0777849104637307
558,"s(prev_lastRippleHPC_z):prev_DOWN_yes",0.0354300683588127,0.000345924717088549,0.207542455366344,0.0611970081143975
559,"s(prev_lastRippleHPC_z):prev_DOWN_yes",0.0808331773715016,0.00119308379752305,0.334773550090358,0.24209681561081
560,"s(prev_lastRippleHPC_z):prev_DOWN_yes",0.116684413063958,0.000990482739435324,0.285312655471027,0.124634052842875
561,"s(prev_lastRippleHPC_z):prev_DOWN_yes",0.000931965973288484,0.00123554283502648,0.0437475848471957,0.662807849810842
562,"s(prev_lastRippleHPC_z):prev_DOWN_yes",0.109948876918372,0.00130201743917615,0.404327006897464,0.363670297525564
563,"s(prev_lastRippleHPC_z):prev_DOWN_yes",0.0142671629464335,0.000160147003554742,0.143574196881891,0.0423675877114566
564,"s(prev_lastRippleHPC_z):prev_DOWN_yes",0.0215969874872277,0.000210651406480289,0.159029623679396,0.0469310093156874
565,"s(prev_lastRippleHPC_z):prev_DOWN_yes",0.118644046682029,0.000816046739792147,0.391264880376406,0.119754627015102
566,"s(prev_lastRippleHPC_z):prev_DOWN_yes",0.170129738582771,0.00131168178103561,0.549483392858338,0.168919443732033
567,"s(prev_lastRippleHPC_z):prev_DOWN_yes",0.03571863532179,0.000400022035364391,0.227362019700725,0.0672865180679341
568,"s(prev_lastRippleHPC_z):prev_DOWN_yes",0.138370789903198,0.00070516689636628,0.137393149743854,0.0488923416074474
569,"s(prev_lastRippleHPC_z):prev_DOWN_yes",0.107340304382,0.000583745415760019,0.436672943700953,0.258317796062276
570,"s(prev_lastRippleHPC_z):prev_DOWN_yes",0.0228552565003906,0.00111669671283387,0.174199747365072,0.0699452513581437
571,"s(prev_lastRippleHPC_z):prev_DOWN_yes",0.0278962552954898,0.000305076901873768,0.207258363903378,0.061136963249713
572,"s(prev_lastRippleHPC_z):prev_DOWN_yes",0.00630743327478545,8.46200035912866e-05,0.101368908362391,0.0299030006213934
573,"s(prev_lastRippleHPC_z):prev_DOWN_yes",0.308681786687158,0.0026719252820235,1.05001531241931,0.647405948735167
574,"s(prev_lastRippleHPC_z):prev_DOWN_yes",0.00148929352944283,1.80013216274784e-05,0.0461266288783746,0.0136293189769332
575,"s(prev_lastRippleHPC_z):prev_DOWN_yes",0.0598159827260902,0.000549534316294329,0.116106913150177,0.249214779600137
576,"s(prev_lastRippleHPC_z):prev_DOWN_yes",0.0271584843054482,0.000281725023720298,0.183792910212279,0.0543418634618063
577,"s(prev_lastRippleHPC_z):prev_DOWN_yes",0.0324792215254126,0.000775539199954533,0.214657722699024,0.318259906053642
578,"s(prev_lastRippleHPC_z):prev_DOWN_yes",0.130253236463635,0.000721669198886756,0.363940864071019,0.0801904954547985
579,"s(prev_lastRippleHPC_z):prev_DOWN_yes",2.55357526617317e-05,1.66271904095497e-05,0.00791700903204647,0.0165140539674202
580,"s(prev_lastRippleHPC_z):prev_DOWN_yes",0.0143287903358278,0.000209995526588282,0.136433541042361,0.0788495033584981
581,"s(prev_lastRippleHPC_z):prev_DOWN_yes",0.0291715315748,0.000306965991588493,0.194326003905239,0.057390042407825
582,"s(prev_lastRippleHPC_z):prev_DOWN_yes",0.0390347000730502,0.000716457443329223,0.234383388946281,0.273903468122446
583,"s(prev_lastRippleHPC_z):prev_DOWN_yes",0.0519554589138842,0.000178808431039234,0.141510298023125,0.0529160430535001
584,"s(prev_lastRippleHPC_z):prev_DOWN_yes",0.121138817094436,0.00124919636667142,0.398941860730186,0.117689960400158
585,"s(prev_lastRippleHPC_z):prev_DOWN_yes",0.0625761755903183,0.000656358349630126,0.289016239323376,0.0851773241629273
586,"s(prev_lastRippleHPC_z):prev_DOWN_yes",0.0257200975554763,0.00138390054295059,0.0483676347587151,0.774740563730219
587,"s(prev_lastRippleHPC_z):prev_DOWN_yes",0.00293243068957327,2.93217582847831e-05,0.0604261257677389,0.0178126130914819
588,"s(prev_lastRippleHPC_z):prev_DOWN_yes",0.179143650569348,0.00198095947533015,0.36863537449621,0.531398324225085
589,"s(prev_lastRippleHPC_z):prev_DOWN_yes",0.0249334357761413,0.00100159447509725,0.144404873720171,0.596151793789293
590,"s(prev_lastRippleHPC_z):prev_DOWN_yes",0.0354164414794456,0.000365173656962155,0.208282775779493,0.061425028761752
591,"s(prev_lastRippleHPC_z):prev_DOWN_yes",0.0424756794102699,0.000457502089611792,0.233382722311537,0.0688607492928468
592,"s(prev_lastRippleHPC_z):prev_DOWN_yes",0.0859053514682069,0.000918786868504025,0.234260311157778,0.321726115773877
593,"s(prev_lastRippleHPC_z):prev_DOWN_yes",0.0371535310626694,0.00040368417892951,0.226762163555603,0.0669483854716147
594,"s(prev_lastRippleHPC_z):prev_DOWN_yes",0.141915979718928,0.00109644098388826,0.207095128581194,0.10185455760503
595,"s(prev_lastRippleHPC_z):prev_DOWN_yes",0.0363805776383508,0.00043679199797938,0.233277528765264,0.0688276529797565
596,"s(prev_lastRippleHPC_z):prev_DOWN_yes",0.0684724271340302,0.000511529580335939,0.192571675424266,0.0926176290066372
597,"s(prev_lastRippleHPC_z):prev_DOWN_yes",0.064291286248924,0.000638254473250703,0.278634849991789,0.0822685199172927
598,"s(prev_lastRippleHPC_z):prev_DOWN_yes",0.0520646296045664,9.86122670125818e-05,0.195861415446422,0.115361342713642
599,"s(prev_lastRippleHPC_z):prev_DOWN_yes",0.0560795286504794,0.000601350396724002,0.273967340906104,0.0808507525876799
600,"s(prev_lastRippleHPC_z):prev_DOWN_yes",0.00708519966636789,7.81961183895463e-05,0.101526858245006,0.0299753549539415
601,"s(prev_lastRippleHPC_z):prev_DOWN_yes",0.0166352300264458,0.000181046964704672,0.151931473970562,0.0447993815363601
602,"s(prev_lastRippleHPC_z):prev_DOWN_yes",0.0802224325131569,0.000691479474598035,0.253099230902254,0.0866497345155358
603,"s(prev_lastRippleHPC_z):prev_DOWN_yes",0.0204554072801661,0.000351278328149973,0.155415051424049,0.146100807326891
604,"s(prev_lastRippleHPC_z):prev_DOWN_yes",0.019220291058816,6.30557469856385e-06,0.0869258859493514,0.0455417739805912
605,"s(prev_lastRippleHPC_z):prev_DOWN_yes",0.115771632061529,0.00058823591829644,0.366909495506819,0.153902470391497
606,"s(prev_lastRippleHPC_z):prev_DOWN_yes",0.139909152235588,0.000894462177657679,0.33668812863953,0.329177058471805
607,"s(prev_lastRippleHPC_z):prev_DOWN_yes",0.226183090745033,0.002207046916524,0.40598360890792,0.177452444433499
608,"s(prev_lastRippleHPC_z):prev_DOWN_yes",0.313416760800838,0.00357662166747418,0.909953181447234,0.222914544086031
609,"s(prev_lastRippleHPC_z):prev_DOWN_yes",0.00348217528568195,6.66938973509486e-05,0.089199725049723,0.0263524567294084
610,"s(prev_lastRippleHPC_z):prev_DOWN_yes",0.0152736330872507,0.000173759764199836,0.143269845612672,0.0423686588517127
611,"s(prev_lastRippleHPC_z):prev_DOWN_yes",0.120414892986815,0.000569451447930054,0.224368716194663,0.0950460733955377
612,"s(prev_lastRippleHPC_z):prev_DOWN_yes",0.0333886665446492,0.00104560236590435,0.207402944524638,0.0732917852740266
613,"s(prev_lastRippleHPC_z):prev_DOWN_yes",0.112282306491482,0.00124252902136889,0.386546008915942,0.114347293657473
614,"s(prev_lastRippleHPC_z):prev_DOWN_yes",0.0447993442625174,0.000199067412800758,0.205331926694673,0.184977034891829
615,"s(prev_lastRippleHPC_z):prev_DOWN_yes",0.04711860814876,0.000586533862087308,0.244345825015421,0.140917796134684
616,"s(prev_lastRippleHPC_z):prev_DOWN_yes",0.0162034754643514,0.000488875558262582,0.148832319818409,0.229049674604373
617,"s(prev_lastRippleHPC_z):prev_DOWN_yes",0.0907150219285997,0.00028802258988755,0.274527738653259,0.127966725379278
618,"s(prev_lastRippleHPC_z):prev_DOWN_yes",0.0931347131298059,0.000355590671256914,0.247324693005748,0.0745531439934424
619,"s(prev_lastRippleHPC_z):prev_DOWN_yes",0.0647416825388136,0.000340899912042523,0.250447974001373,0.0791879164571924
620,"s(prev_lastRippleHPC_z):prev_DOWN_yes",0.0165446349715701,0.000189651766512913,0.155206140249211,0.0457610335899222
621,"s(prev_lastRippleHPC_z):prev_DOWN_yes",0.0517913520934883,0.000370635615955163,0.182912959496121,0.143121755899426
622,"s(prev_lastRippleHPC_z):prev_DOWN_yes",0.121897220391791,0.00195972607695042,0.510163889775141,0.602024494873816
623,"s(prev_lastRippleHPC_z):prev_DOWN_yes",0.046626857036479,0.00164687136321596,0.267809280270188,0.774437843227927
624,"s(prev_lastRippleHPC_z):prev_DOWN_yes",0.0450239680856654,0.000386067150217974,0.174409775438238,0.20999616460013
625,"s(prev_lastRippleHPC_z):prev_DOWN_yes",0.218333010707215,0.00107432306957835,0.686743216523775,0.276465705768482
626,"s(prev_lastRippleHPC_z):prev_DOWN_yes",0.0666122294375295,0.000372988868384384,0.200934164923404,0.0925766538437598
627,"s(prev_lastRippleHPC_z):prev_DOWN_yes",0.0654405422039464,0.000710207973770529,0.297237253952169,0.0878663463774044
628,"s(prev_lastRippleHPC_z):prev_DOWN_yes",0.027216895697836,0.000123212674424796,0.13566669758495,0.050738676899147
629,"s(prev_lastRippleHPC_z):prev_DOWN_yes",0.0667784983295352,0.000127739698614341,0.299031948964933,0.17462822115785
630,"s(prev_lastRippleHPC_z):prev_DOWN_yes",0.120335990823516,0.000352053371526894,0.397091716855997,0.255030762262667
631,"s(prev_lastRippleHPC_z):prev_DOWN_yes",0.0963355126061103,0.000573496168310412,0.241891890070227,0.0668786578351167
632,"s(prev_lastRippleHPC_z):prev_DOWN_yes",0.00298379850843222,0.000149651464778703,0.0637217103058676,0.128797670181556
633,"s(prev_lastRippleHPC_z):prev_DOWN_yes",0.039064411606561,0.000494205225615126,0.238880611997891,0.0841653897891306
634,"s(prev_lastRippleHPC_z):prev_DOWN_yes",0.0592224637389398,0.000146500254714308,0.0909915636694734,0.0375631987779312
635,"s(prev_lastRippleHPC_z):prev_DOWN_yes",0.155149952467719,0.000837069546968537,0.221589109093801,0.0897292039128503
636,"s(prev_lastRippleHPC_z):prev_DOWN_yes",0.00449668289535587,4.22375322965094e-05,0.071440371534169,0.0210839907706143
637,"s(prev_lastRippleHPC_z):prev_DOWN_yes",0.0399986686005276,0.000167598899711941,0.130108655170051,0.0573978076766828
638,"s(prev_lastRippleHPC_z):prev_DOWN_yes",0.149135628767214,0.0012493045708143,0.38813234658185,0.174625180671692
639,"s(prev_lastRippleHPC_z):prev_DOWN_yes",0.0910712209193294,0.000704197574822799,0.245036781631281,0.116524010634272
640,"s(prev_lastRippleHPC_z):prev_DOWN_yes",0.0466811483585872,0.000466745483618557,0.246248386027605,0.0726246114393915
641,"s(prev_lastRippleHPC_z):prev_DOWN_yes",0.0118661723158997,0.000124439511761397,0.124870958203464,0.0367983377704185
642,"s(prev_lastRippleHPC_z):prev_DOWN_yes",0.000242650963951263,1.48725409930344e-06,0.0136112870315078,0.00402324942182097
643,"s(prev_lastRippleHPC_z):prev_DOWN_yes",0.0925470681191323,0.000327533466185655,0.311647922160488,0.216004437243753
644,"s(prev_lastRippleHPC_z):prev_DOWN_yes",0.173935171063188,0.00179562327028337,0.418446861418201,0.156328986019774
645,"s(prev_lastRippleHPC_z):prev_DOWN_yes",0.0670566205066132,0.000253897773982213,0.213657578990616,0.102169466630182
646,"s(prev_lastRippleHPC_z):prev_DOWN_yes",0.0372834711633727,0.000411298410028448,0.224130089764755,0.0661371017669672
647,"s(prev_lastRippleHPC_z):prev_DOWN_yes",0.152203720385756,0.00157054322742106,0.444476761778194,0.131622068107312
648,"s(prev_lastRippleHPC_z):prev_DOWN_yes",0.144396138304216,0.000922398239784793,0.145529934734093,0.0679133173136762
649,"s(prev_lastRippleHPC_z):prev_DOWN_yes",0.00488213915198177,6.47737758715999e-05,0.0883626466679477,0.0261201625953989
650,"s(prev_lastRippleHPC_z):prev_DOWN_yes",0.0679821591407137,0.000218139731824274,0.198756541107271,0.0720391517914495
651,"s(prev_lastRippleHPC_z):prev_DOWN_yes",0.247132172548873,0.00213574679613308,0.271535828068869,0.146246978129458
652,"s(prev_lastRippleHPC_z):prev_DOWN_yes",0.00398347311285363,6.78147440736695e-05,0.0771426877450446,0.0242299807664446
653,"s(prev_lastRippleHPC_z):prev_DOWN_yes",0.00593541047909607,0.000251332567913574,0.0753752860309593,0.171303292658288
654,"s(prev_lastRippleHPC_z):prev_DOWN_yes",0.027578651707941,0.000320457427502497,0.197463935167136,0.0582621529278712
655,"s(prev_lastRippleHPC_z):prev_DOWN_yes",0.0474498880290852,0.000118999314584396,0.161632947283042,0.0934773773090887
656,"s(prev_lastRippleHPC_z):prev_DOWN_yes",0.145429672606981,0.00101964348156569,0.467731175647531,0.267005152929153
657,"s(prev_lastRippleHPC_z):prev_DOWN_yes",0.0514523463242176,0.00181199141023443,0.271976795747771,0.634860566125436
658,"s(prev_lastRippleHPC_z):prev_DOWN_yes",0.00508811358707106,4.56875321214609e-05,0.0747304996886646,0.0220317578262958
659,"s(prev_lastRippleHPC_z):prev_DOWN_yes",0.0879006425001911,0.000867013410967113,0.332826287918346,0.0981240533639034
660,"s(prev_lastRippleHPC_z):prev_DOWN_yes",0.325094596354636,0.00141151153807844,0.441518719202169,0.272306435263138
661,"s(prev_lastRippleHPC_z):prev_DOWN_yes",0.110844854818742,0.000394022079253996,0.246921434331586,0.0756715899007218
662,"s(prev_lastRippleHPC_z):prev_DOWN_yes",0.0969783952103915,0.000475450075496365,0.115043877704053,0.0421762709148684
663,"s(prev_lastRippleHPC_z):prev_DOWN_yes",0.0903945400872193,0.000916052547019753,0.333044397823619,0.0981884240945832
664,"s(prev_lastRippleHPC_z):prev_DOWN_yes",0.0712062968084597,0.0003380306781719,0.247645666555635,0.0601638724937874
665,"s(prev_lastRippleHPC_z):prev_DOWN_yes",0.0284460657239878,0.000288231410540777,0.143850329045083,0.23466644832229
666,"s(prev_lastRippleHPC_z):prev_DOWN_yes",0.130659752614441,0.000917101038631907,0.193065183892417,0.138689672672361
667,"s(prev_lastRippleHPC_z):prev_DOWN_yes",0.00569720402257268,6.14824842379684e-05,0.0853503324973034,0.0251827363906495
668,"s(prev_lastRippleHPC_z):prev_DOWN_yes",0.00404819984565385,4.87276047317385e-05,0.0773157350883159,0.0228001838050551
669,"s(prev_lastRippleHPC_z):prev_DOWN_yes",-3.05027853517714e-05,3.10795903235366e-08,0.00199469325197865,0.000589045477021842
670,"s(prev_lastRippleHPC_z):prev_DOWN_yes",0.0352872205930552,0.00047075061081609,0.212842391565054,0.0644352062742496
671,"s(prev_lastRippleHPC_z):prev_DOWN_yes",0.0032412993214983,0.000905591538741859,0.0599896099983934,0.0530350275660138
672,"s(prev_lastRippleHPC_z):prev_DOWN_yes",0.0416407869170143,0.000656321203706665,0.230064698212729,0.228181651047094
673,"s(prev_lastRippleHPC_z):prev_DOWN_yes",0.0327819296883458,0.000249889757045679,0.128414237924688,0.0731763380652096
674,"s(prev_lastRippleHPC_z):prev_DOWN_yes",-2.24357008766773e-05,1.48093499367341e-07,0.00417919771528288,0.00123313213811486
675,"s(prev_lastRippleHPC_z):prev_DOWN_yes",0.0673681540526676,0.000802581270173994,0.291083731428607,0.143493082775918
676,"s(prev_lastRippleHPC_z):prev_DOWN_yes",0.0506013905244709,0.000111823387533421,0.221988999641007,0.067788331089513
677,"s(prev_lastRippleHPC_z):prev_DOWN_yes",0.017141363056008,0.000579607111597851,0.144595973435743,0.0530654347506473
678,"s(prev_lastRippleHPC_z):prev_DOWN_yes",0.0762232445318185,0.000426165554576085,0.164140945236047,0.0765832238726847
679,"s(prev_lastRippleHPC_z):prev_DOWN_yes",0.00330166972115276,4.01906567884898e-05,0.0714119919559129,0.0210779299330682
680,"s(prev_lastRippleHPC_z):prev_DOWN_yes",0.116978433050231,0.000843760026314352,0.259882920619597,0.0656821718649772
681,"s(prev_lastRippleHPC_z):prev_DOWN_yes",0.0226313588397078,0.000942804662769198,0.164332555237468,0.499233317244641
682,"s(prev_lastRippleHPC_z):prev_DOWN_yes",-0.0536676384245478,0.00134940611970367,0.0078640987732661,0.655071393888048
683,"s(prev_lastRippleHPC_z):prev_DOWN_yes",0.08252349980767,0.000924275062118132,0.339424109492654,0.100210769444097
684,"s(prev_lastRippleHPC_z):prev_DOWN_yes",0.156980624032904,0.000878790983398795,0.677363172521947,0.462439358045743
685,"s(prev_lastRippleHPC_z):prev_DOWN_yes",0.2531371058266,0.003129957870546,0.417635723832396,0.106339416740261
686,"s(prev_lastRippleHPC_z):prev_DOWN_yes",0.0463935562949827,0.000107005549376335,0.0962505982848827,0.0366938574332876
687,"s(prev_lastRippleHPC_z):prev_DOWN_yes",0.00287904261011285,3.72776528840802e-05,0.0647978092913031,0.0191072552849586
688,"s(prev_lastRippleHPC_z):prev_DOWN_yes",0.00119179653817802,8.48979088096751e-05,0.0360333517869908,0.0739762944445312
689,"s(prev_lastRippleHPC_z):prev_DOWN_yes",0.0767551568793783,0.000746000075384436,0.2114879366601,0.134182212387974
690,"s(prev_lastRippleHPC_z):prev_DOWN_yes",0.032285734973585,0.000652386279023677,0.200905525207646,0.0886466117659182
691,"s(prev_lastRippleHPC_z):prev_DOWN_yes",0.156782974048308,0.00131560086789818,0.413517046209556,0.128629542136747
692,"s(prev_lastRippleHPC_z):prev_DOWN_yes",0.115800350287532,0.000859049911829031,0.397059173813215,0.143556684448556
693,"s(prev_lastRippleHPC_z):prev_DOWN_yes",0.155225055004856,0.00172406242606174,0.464024442046245,0.156293730589016
694,"s(prev_lastRippleHPC_z):prev_DOWN_yes",0.211588623284826,0.00132985773060881,0.183907267412874,0.0892605715152669
695,"s(prev_lastRippleHPC_z):prev_DOWN_yes",0.03562481680021,0.000386183934415407,0.216158333933412,0.0637495999344254
696,"s(prev_lastRippleHPC_z):prev_DOWN_yes",0.116399272723846,0.00128677942813196,0.394431311311012,0.116366975635108
697,"s(prev_lastRippleHPC_z):prev_DOWN_yes",0.0260884532315657,0.000260076012708603,0.17605372857468,0.0520043058038079
698,"s(prev_lastRippleHPC_z):prev_DOWN_yes",0.0413839930413706,0.000786555386121571,0.214267732997643,0.309470551302119
699,"s(prev_lastRippleHPC_z):prev_DOWN_yes",0.0208003994763866,0.00197381287292088,0.166222277052426,0.827140821539065
700,"s(prev_lastRippleHPC_z):prev_DOWN_yes",0.167378599838815,0.00168106973492138,0.195870089743367,0.218525720141482
701,"s(prev_lastRippleHPC_z):prev_DOWN_yes",0.321152143339238,0.00257508480320762,0.562634699323746,0.175725363519647
702,"s(prev_lastRippleHPC_z):prev_DOWN_yes",0.11594465647305,0.000554214739876806,0.598867714481344,0.152430350114704
703,"s(prev_lastRippleHPC_z):prev_DOWN_yes",1.95872348491832e-05,1.59351922321659e-06,0.0136674329349665,0.00403739193357052
704,"s(prev_lastRippleHPC_z):prev_DOWN_yes",0.156503692466477,0.0016486226056183,0.16482839220074,0.332780122676015
705,"s(prev_lastRippleHPC_z):prev_DOWN_yes",0.0147981324489619,0.000148820434027447,0.134291781196304,0.0396297957506199
706,"s(prev_lastRippleHPC_z):prev_DOWN_yes",0.0549732234200322,0.000587005828438974,0.180419262596962,0.118317087145371
707,"s(prev_lastRippleHPC_z):prev_DOWN_yes",0.0141822675728225,0.000148021010194572,0.13861989956382,0.0409169117564367
708,"s(prev_lastRippleHPC_z):prev_DOWN_yes",0.362426073421954,0.00288743126469394,0.532920931063972,0.175539625343309
709,"s(prev_lastRippleHPC_z):prev_DOWN_yes",0.00612405368157365,6.73956914127081e-05,0.0935765318145423,0.0276156555067596
710,"s(prev_lastRippleHPC_z):prev_DOWN_yes",0.105425738908665,0.000846065200239254,0.360251266404945,0.0758318207587146
711,"s(prev_lastRippleHPC_z):prev_DOWN_yes",0.173353502768455,0.00229235079671492,0.428643755838582,0.506853876921973
712,"s(prev_lastRippleHPC_z):prev_DOWN_yes",0.0282446347453202,0.00151945030468837,0.194035204316005,0.791368707558815
713,"s(prev_lastRippleHPC_z):prev_DOWN_yes",0.00110930379694807,2.45887630520662e-05,0.055456288791041,0.0163778807697472
714,"s(prev_lastRippleHPC_z):prev_DOWN_yes",0.0561429331118273,0.000600115107479765,0.27495132929362,0.0811234533926015
715,"s(prev_lastRippleHPC_z):prev_DOWN_yes",0.00015451902239505,2.80752363575599e-06,0.018277118542482,0.00539497785825022
716,"s(prev_lastRippleHPC_z):prev_DOWN_yes",0.133909273961556,0.000997953363891488,0.192540306603954,0.0747657303318119
717,"s(prev_lastRippleHPC_z):prev_DOWN_yes",0.0283846624040986,0.00139589265157244,0.194054287545421,0.588210895944723
718,"s(prev_lastRippleHPC_z):prev_DOWN_yes",0.179278489641042,0.00105617643644161,0.805509275895373,0.407892239919521
719,"s(prev_lastRippleHPC_z):prev_DOWN_yes",0.200459664171519,0.00140442012732505,0.350623463289293,0.0866039991532866
720,"s(prev_lastRippleHPC_z):prev_DOWN_yes",0.143818578306092,0.000944086908662231,0.587613722481865,0.122827856593499
721,"s(prev_lastRippleHPC_z):prev_DOWN_yes",0.209011825874423,0.00112505327790852,0.716968173287275,0.210779967713724
722,"s(prev_lastRippleHPC_z):prev_DOWN_yes",0.162529154408479,0.00177271404871244,0.476787535921553,0.140871384973355
723,"s(prev_lastRippleHPC_z):prev_DOWN_yes",0.0307165680410506,0.000310815764710215,0.192201901080611,0.0567250633317857
724,"s(prev_lastRippleHPC_z):prev_DOWN_yes",0.0232531061588936,0.000321879536742751,0.117859914572174,0.0568970606700383
725,"s(prev_lastRippleHPC_z):prev_DOWN_yes",0.0786468044690105,0.000841012575674888,0.33259759235942,0.0981101493024789
726,"s(prev_lastRippleHPC_z):prev_DOWN_yes",0.0343144468527461,0.00035814824364023,0.219624671764409,0.0647368387920866
727,"s(prev_lastRippleHPC_z):prev_DOWN_yes",0.0772470659581339,0.00053552568389096,0.0894812538810879,0.0397473063799262
728,"s(prev_lastRippleHPC_z):prev_DOWN_yes",0.0144573682789115,3.25112727828761e-05,0.0812983360956483,0.0572623454682776
729,"s(prev_lastRippleHPC_z):prev_DOWN_yes",0.141550138791091,0.000575463902722974,0.329637564909085,0.149747058218389
730,"s(prev_lastRippleHPC_z):prev_DOWN_yes",0.14500346658937,0.00156898759750924,0.439800850163695,0.129710964819254
731,"s(prev_lastRippleHPC_z):prev_DOWN_yes",0.077003127869995,0.000246783828269606,0.352142161569613,0.209221886982997
732,"s(prev_lastRippleHPC_z):prev_DOWN_yes",0.0550797341112093,0.000581409298234298,0.262357240437836,0.0774150203941189
733,"s(prev_lastRippleHPC_z):prev_DOWN_yes",0.0791609901310713,0.00081035607694477,0.304291502470578,0.0899166437232126
734,"s(prev_lastRippleHPC_z):prev_DOWN_yes",0.00908615589788742,0.000109412867320724,0.113324227205132,0.0334514117804769
735,"s(prev_lastRippleHPC_z):prev_DOWN_yes",0.0967570578573422,0.00028071400890585,0.245201503292097,0.0894641479097203
736,"s(prev_lastRippleHPC_z):prev_DOWN_yes",0.0317788216401969,0.000366887806748601,0.205226930862929,0.0606206315336197
737,"s(prev_lastRippleHPC_z):prev_DOWN_yes",0.0763267035487791,0.000844723624676513,0.32650221688141,0.0963899941053979
738,"s(prev_lastRippleHPC_z):prev_DOWN_yes",0.00387527045128344,5.04621947608427e-05,0.0796295110161523,0.023533459257092
739,"s(prev_lastRippleHPC_z):prev_DOWN_yes",0.146117117264233,0.0014548218420471,0.333669143989298,0.128407052013296
740,"s(prev_lastRippleHPC_z):prev_DOWN_yes",0.0305345031556268,4.08725093386353e-05,0.110402061193154,0.0818366668599273
741,"s(prev_lastRippleHPC_z):prev_DOWN_yes",0.163233638512985,0.00112568610235258,0.385304630810126,0.122433002919686
742,"s(prev_lastRippleHPC_z):prev_DOWN_yes",0.1733412839977,0.00167305217612883,0.168943410306164,0.0667272997990096
743,"s(prev_lastRippleHPC_z):prev_DOWN_yes",0.143016314362492,0.00189181451989147,0.289724736601786,0.645375900829275
744,"s(prev_lastRippleHPC_z):prev_DOWN_yes",0.00816744480088527,8.49520142412961e-05,0.103372309811692,0.030536842163987
745,"s(prev_lastRippleHPC_z):prev_DOWN_yes",0.0496118201173115,0.000531254925312371,0.257851783345331,0.0761290058752724
746,"s(prev_lastRippleHPC_z):prev_DOWN_yes",0.0590054844335448,0.000258679486155799,0.241261772998433,0.135809298906575
747,"s(prev_lastRippleHPC_z):prev_DOWN_yes",0.0413449831674777,0.000109446803209489,0.0998879954647451,0.0909980024995692
748,"s(prev_lastRippleHPC_z):prev_DOWN_yes",0.195227728524046,0.00151605804266951,0.718798589102268,0.631583189353028
749,"s(prev_lastRippleHPC_z):prev_DOWN_yes",0.0764515594067108,0.00103191021007341,0.261190919113682,0.314571294214146
750,"s(prev_lastRippleHPC_z):prev_DOWN_yes",0.00370911469705337,0.000108823774583066,0.114640670072424,0.033763471886633
751,"s(prev_lastRippleHPC_z):prev_DOWN_yes",0.0246099736308985,3.23461744191432e-05,0.0724556698984538,0.0451160203117024
752,"s(prev_lastRippleHPC_z):prev_DOWN_yes",0.00785638627720342,8.09264314009513e-05,0.101670128564904,0.0300165307479559
753,"s(prev_lastRippleHPC_z):prev_DOWN_yes",0.176307160262393,0.00119124707475404,0.683830445049027,0.663326663868596
754,"s(prev_lastRippleHPC_z):prev_DOWN_yes",0.0111400352103903,0.000132075712983052,0.129745050508956,0.0382751237573292
755,"s(prev_lastRippleHPC_z):prev_DOWN_yes",0.0239789716255308,0.00101703916940124,0.178917401784306,0.502385262357188
756,"s(prev_lastRippleHPC_z):prev_DOWN_yes",0.067985082855837,0.000167936236645463,0.169990922920719,0.0412193474194777
757,"s(prev_lastRippleHPC_z):prev_DOWN_yes",0.00167879867577092,1.25922497093585e-05,0.0403905817817106,0.011922338179133
758,"s(prev_lastRippleHPC_z):prev_DOWN_yes",0.0123780819235142,8.20286048083384e-05,0.0960315631561177,0.0599931560985991
759,"s(prev_lastRippleHPC_z):prev_DOWN_yes",0.155928716715679,0.000900081920432203,0.284633027384044,0.261048460174235
760,"s(prev_lastRippleHPC_z):prev_DOWN_yes",0.0435743707989742,0.000451920279365972,0.241289263384797,0.07124610513672
761,"s(prev_lastRippleHPC_z):prev_DOWN_yes",0.0815356381405934,0.000437471782680302,0.302389995763122,0.115555184654329
762,"s(prev_lastRippleHPC_z):prev_DOWN_yes",2.64531618681119e-05,6.30931886886424e-06,0.00546416139360003,0.0205520349394026
763,"s(prev_lastRippleHPC_z):prev_DOWN_yes",0.00346029574115114,0.000171476885474181,0.0641020754049476,0.110802576817134
764,"s(prev_lastRippleHPC_z):prev_DOWN_yes",0.120916806467052,0.000506124393709465,0.380922357352554,0.0982394212542109
765,"s(prev_lastRippleHPC_z):prev_DOWN_yes",0.0048816342175968,8.63998719506264e-05,0.0808730938388833,0.0332160843661916
766,"s(prev_lastRippleHPC_z):prev_DOWN_yes",0.0879507702731193,0.00103690934655594,0.235821885288718,0.388302966068007
767,"s(prev_lastRippleHPC_z):prev_DOWN_yes",0.0538088155675363,0.000667770805559808,0.286124541871597,0.0844142653037409
768,"s(prev_lastRippleHPC_z):prev_DOWN_yes",0.0520321657179217,0.000241035570596058,0.205192011394479,0.0680435314804876
769,"s(prev_lastRippleHPC_z):prev_DOWN_yes",0.000991539613079517,7.74476774941739e-06,0.0296160011701996,0.00895221382872939
770,"s(prev_lastRippleHPC_z):prev_DOWN_yes",0.318671506831279,0.0029115466295564,0.339742815962736,0.221227857990048
771,"s(prev_lastRippleHPC_z):prev_DOWN_yes",0.0766851355253246,0.000553430260176555,0.198021910951931,0.0622988923313364
772,"s(prev_lastRippleHPC_z):prev_DOWN_yes",0.031458403246897,0.000351466367814776,0.201637824910543,0.0644494077250086
773,"s(prev_lastRippleHPC_z):prev_DOWN_yes",0.139608068398623,0.000776927417315725,0.397050819202779,0.226436179954519
774,"s(prev_lastRippleHPC_z):prev_DOWN_yes",0.250999380398247,0.00221912354281481,0.611946755168519,0.682946008036849
775,"s(prev_lastRippleHPC_z):prev_DOWN_yes",0.0485648241602652,0.000521570653020967,0.25525560341133,0.0753327571331662
776,"s(prev_lastRippleHPC_z):prev_DOWN_yes",0.0119539471501549,0.000129543388834667,0.125762811188252,0.0371437890413807
777,"s(prev_lastRippleHPC_z):prev_DOWN_yes",0.0194285140994328,0.000185614600473091,0.147072031772882,0.0433862207565111
778,"s(prev_lastRippleHPC_z):prev_DOWN_yes",0.012567527893399,0.000843418634403312,0.130009663302899,0.459437816448732
779,"s(prev_lastRippleHPC_z):prev_DOWN_yes",0.00487366044966109,9.89012162226152e-05,0.0803429257843722,0.0700123720862875
780,"s(prev_lastRippleHPC_z):prev_DOWN_yes",0.112981112220504,0.00126577079347779,0.395393436082659,0.127643976706579
781,"s(prev_lastRippleHPC_z):prev_DOWN_yes",0.0628027929971209,0.000253058976504495,0.266072496231409,0.0913212274378744
782,"s(prev_lastRippleHPC_z):prev_DOWN_yes",0.0144519676012393,0.000157448413900837,0.137270470712979,0.0405276227099646
783,"s(prev_lastRippleHPC_z):prev_DOWN_yes",0.190404369842193,0.00148124805211302,0.567057194547658,0.360879248331993
784,"s(prev_lastRippleHPC_z):prev_DOWN_yes",0.0491847425932299,0.000442246668766161,0.23496132976605,0.0694247294462196
785,"s(prev_lastRippleHPC_z):prev_DOWN_yes",0.000729272939728354,9.13222021842108e-05,0.0325753507035059,0.0865757934489252
786,"s(prev_lastRippleHPC_z):prev_DOWN_yes",0.0359747083890536,0.000400637269302654,0.226151034628127,0.0707680081425271
787,"s(prev_lastRippleHPC_z):prev_DOWN_yes",0.220534267783281,0.00111635561432222,0.608734575011445,0.395461136967125
788,"s(prev_lastRippleHPC_z):prev_DOWN_yes",0.0979805718132649,0.000384172405444602,0.271255077283945,0.172055875297119
789,"s(prev_lastRippleHPC_z):prev_DOWN_yes",0.0858394513916956,0.00169454920964096,0.254694281016656,0.600880866777501
790,"s(prev_lastRippleHPC_z):prev_DOWN_yes",0.232037821337994,0.00245328002008149,0.362242392335356,0.141283982152952
791,"s(prev_lastRippleHPC_z):prev_DOWN_yes",0.00045818855720281,4.79457154729205e-06,0.0235413691068932,0.00695314435426665
792,"s(prev_lastRippleHPC_z):prev_DOWN_yes",0.204098855190861,0.00125401556619795,0.999943748859474,0.346617684828559
793,"s(prev_lastRippleHPC_z):prev_DOWN_yes",0.0134311683443746,0.000159575014844853,0.138897415826055,0.0410009867264659
794,"s(prev_lastRippleHPC_z):prev_DOWN_yes",0.00603313317710708,5.10593030974531e-05,0.0402210349317333,0.0737137430610988
795,"s(prev_lastRippleHPC_z):prev_DOWN_yes",0.000937898482945343,6.26811874069374e-05,0.0260979865162188,0.0715050020643586
796,"s(prev_lastRippleHPC_z):prev_DOWN_yes",0.0598997404891231,0.000644019079145753,0.280805895902694,0.0828591779841495
797,"s(prev_lastRippleHPC_z):prev_DOWN_yes",0.0616153778568638,0.000630732694919204,0.273212789764518,0.0805636346751427
798,"s(prev_lastRippleHPC_z):prev_DOWN_yes",0.147195186240434,0.000859380075710479,0.670205667941517,0.408595717032543
799,"s(prev_lastRippleHPC_z):prev_DOWN_yes",0.0169782563339167,0.000235589037081085,0.151531829150068,0.0757834521612946
800,"s(prev_lastRippleHPC_z):prev_DOWN_yes",0.00133593611173577,1.74901141997055e-05,0.0447595322469306,0.0132314560192055
801,"s(prev_lastRippleHPC_z):prev_DOWN_yes",0.097926186681323,0.000990008965437595,0.353502706528392,0.104569182716788
802,"s(prev_lastRippleHPC_z):prev_DOWN_yes",0.000714307149429771,1.34702841774618e-05,0.0322153961919843,0.0228016267244017
803,"s(prev_lastRippleHPC_z):prev_DOWN_yes",0.00146727526115864,1.83245937932449e-05,0.0464851725069497,0.0137230354418304
804,"s(prev_lastRippleHPC_z):prev_DOWN_yes",0.180134041840067,0.0019781469987056,0.500894605328014,0.147815994137659
805,"s(prev_lastRippleHPC_z):prev_DOWN_yes",0.184015475320789,0.00142177957591641,0.635751192870168,0.16183285973928
806,"s(prev_lastRippleHPC_z):prev_DOWN_yes",0.0243006761495783,0.000260378252885893,0.176133045293027,0.0519513629713538
807,"s(prev_lastRippleHPC_z):prev_DOWN_yes",0.0407703594913302,0.000164323731550164,0.115690061847797,0.0519045267013656
808,"s(prev_lastRippleHPC_z):prev_DOWN_yes",0.0579792192790025,0.00063801661033035,0.280819654765067,0.0829670183955615
809,"s(prev_lastRippleHPC_z):prev_DOWN_yes",0.0594329869116335,0.000145168556445569,0.285938038383715,0.167642019131491
810,"s(prev_lastRippleHPC_z):prev_DOWN_yes",0.0521957044433972,0.000546964134273178,0.259993788738856,0.0766652171562466
811,"s(prev_lastRippleHPC_z):prev_DOWN_yes",0.0386971386113011,6.60894899060907e-05,0.163381185347267,0.102615851826467
812,"s(prev_lastRippleHPC_z):prev_DOWN_yes",0.0377856548003814,0.000404015321539899,0.228954499679813,0.0675218216248101
813,"s(prev_lastRippleHPC_z):prev_DOWN_yes",0.0174542840981644,0.000289983002848713,0.0927827949831631,0.131379780523697
814,"s(prev_lastRippleHPC_z):prev_DOWN_yes",0.121682458751388,0.000853087507935289,0.28980678164844,0.16519344866497
815,"s(prev_lastRippleHPC_z):prev_DOWN_yes",0.067405345644838,0.000277998548408939,0.16109660191694,0.0658336024152996
816,"s(prev_lastRippleHPC_z):prev_DOWN_yes",0.0838423681226015,0.000921504204021343,0.335706919445997,0.0991149749423548
817,"s(prev_lastRippleHPC_z):prev_DOWN_yes",0.253137345172738,0.00145748026492171,0.816881611918754,0.589659990702467
818,"s(prev_lastRippleHPC_z):prev_DOWN_yes",0.098631753924634,0.000456706623739073,0.201663064803821,0.161358000402256
819,"s(prev_lastRippleHPC_z):prev_DOWN_yes",0.0326471558043107,0.000351390301038378,0.210555688457999,0.0621222228796266
820,"s(prev_lastRippleHPC_z):prev_DOWN_yes",0.0611440317053935,0.000209810149988898,0.252036845496102,0.0761452548981054
821,"s(prev_lastRippleHPC_z):prev_DOWN_yes",0.035950624563613,0.000361408720816855,0.208916096305891,0.0616377968828693
822,"s(prev_lastRippleHPC_z):prev_DOWN_yes",0.0323981232409842,0.00034857181174597,0.20628100243809,0.0609505874386903
823,"s(prev_lastRippleHPC_z):prev_DOWN_yes",0.0208872600222074,4.81882882295794e-05,0.0948017989869373,0.0410833323309428
824,"s(prev_lastRippleHPC_z):prev_DOWN_yes",0.0297196505967561,0.000341583488479486,0.20554483943699,0.0623200681354184
825,"s(prev_lastRippleHPC_z):prev_DOWN_yes",0.157010548258191,0.00131894150530713,0.508695131680818,0.414167260446745
826,"s(prev_lastRippleHPC_z):prev_DOWN_yes",0.0309319017380334,0.000117346017925618,0.105435927959078,0.0503332315136772
827,"s(prev_lastRippleHPC_z):prev_DOWN_yes",0.0238145037414963,0.000266078835918061,0.179713317276149,0.0530376378309684
828,"s(prev_lastRippleHPC_z):prev_DOWN_yes",0.01869599576486,0.000165696929132387,0.145529432420312,0.0433128994300338
829,"s(prev_lastRippleHPC_z):prev_DOWN_yes",0.0444098835626283,0.000126315043253851,0.263271491525816,0.115458226087419
830,"s(prev_lastRippleHPC_z):prev_DOWN_yes",0.0347651392455726,0.000408267764388814,0.226604265118474,0.0668447624340887
831,"s(prev_lastRippleHPC_z):prev_DOWN_yes",0.0800707352555561,0.000593723960988287,0.259852410619975,0.0800388758091582
832,"s(prev_lastRippleHPC_z):prev_DOWN_yes",0.064205953786117,0.000586616479561643,0.199229594258556,0.123533107510474
833,"s(prev_lastRippleHPC_z):prev_DOWN_yes",0.00387990624304013,3.68493881928872e-05,0.0680538177249701,0.0200617823999534
834,"s(prev_lastRippleHPC_z):prev_DOWN_yes",0.0361193528897692,0.000252207230325774,0.127881393018852,0.108720661145494
835,"s(prev_lastRippleHPC_z):prev_DOWN_yes",0.101705169691279,0.000434897072740252,0.207263734282735,0.184938344690805
836,"s(prev_lastRippleHPC_z):prev_DOWN_yes",-3.47872122867798e-05,0.00167708751246817,0.0124011318509357,0.959854156570255
837,"s(prev_lastRippleHPC_z):prev_DOWN_yes",0.170695947492749,0.000873088082180144,0.43576648539069,0.259278037773268
838,"s(prev_lastRippleHPC_z):prev_DOWN_yes",0.113629795193515,0.00125192832422354,0.386310692932281,0.114053882054537
839,"s(prev_lastRippleHPC_z):prev_DOWN_yes",0.107331449057667,0.000860039938556435,0.237633914928592,0.250494618284186
840,"s(prev_lastRippleHPC_z):prev_DOWN_yes",0.00120761698219329,1.1226213735959e-05,0.0380780308480762,0.0112405626578252
841,"s(prev_lastRippleHPC_z):prev_DOWN_yes",0.142616664422976,0.00195540079004015,0.157790952688806,0.486248927125743
842,"s(prev_lastRippleHPC_z):prev_DOWN_yes",0.0399653760156875,0.000417132912427566,0.227767362185325,0.0671968498598738
843,"s(prev_lastRippleHPC_z):prev_DOWN_yes",0.123576165468736,0.000772674121696566,0.405022016906698,0.203415649571658
844,"s(prev_lastRippleHPC_z):prev_DOWN_yes",0.166836443265125,0.00111005732290851,0.181772156540493,0.0913914989067619
845,"s(prev_lastRippleHPC_z):prev_DOWN_yes",0.0162411557502953,0.000180298496652389,0.149585447165438,0.044152107295284
846,"s(prev_lastRippleHPC_z):prev_DOWN_yes",0.0843298108349488,0.000729275969621474,0.343064624043529,0.11792686318858
847,"s(prev_lastRippleHPC_z):prev_DOWN_yes",0.0900125624219541,0.000762733007805215,0.25139401769513,0.119937739565109
848,"s(prev_lastRippleHPC_z):prev_DOWN_yes",0.000693645964291001,9.72139933979325e-06,0.0343881714267436,0.0101370103283788
849,"s(prev_lastRippleHPC_z):prev_DOWN_yes",0.108954378668482,0.000307015542816607,0.257921037650618,0.069213702930702
850,"s(prev_lastRippleHPC_z):prev_DOWN_yes",0.0039998929914109,4.33592319476239e-05,0.0730692476348726,0.0215423056834105
851,"s(prev_lastRippleHPC_z):prev_DOWN_yes",0.0240570913021401,0.00067320569101292,0.171595473849001,0.28896703187814
852,"s(prev_lastRippleHPC_z):prev_DOWN_yes",0.0258629316930783,0.000268328005803817,0.184986611035152,0.0545337744648795
853,"s(prev_lastRippleHPC_z):prev_DOWN_yes",0.035783345247661,0.000394825395871326,0.216491652475505,0.0638565199111971
854,"s(prev_lastRippleHPC_z):prev_DOWN_yes",0.0270854861916785,0.00030254055207164,0.188106121204288,0.0555302436419861
855,"s(prev_lastRippleHPC_z):prev_DOWN_yes",0.167537893948734,0.0012033837268064,0.869443387927446,0.195780805979113
856,"s(prev_lastRippleHPC_z):prev_DOWN_yes",0.0895650149279783,0.000671299989288683,0.251098568237716,0.149918306802659
857,"s(prev_lastRippleHPC_z):prev_DOWN_yes",0.0249025585098073,0.000288204032306584,0.19071071229154,0.0563578084802446
858,"s(prev_lastRippleHPC_z):prev_DOWN_yes",0.186230330114881,0.002029803938216,0.507238027981324,0.149501709972505
859,"s(prev_lastRippleHPC_z):prev_DOWN_yes",0.0853891020513746,0.00137249432616877,0.335465685142638,0.103674601829476
860,"s(prev_lastRippleHPC_z):prev_DOWN_yes",0.359718068021325,0.00279958676804781,0.793051688469689,0.494631849832573
861,"s(prev_lastRippleHPC_z):prev_DOWN_yes",0.141669809939026,0.00114927214362208,0.343829850602762,0.143671757162302
862,"s(prev_lastRippleHPC_z):prev_DOWN_yes",0.0503526787182516,0.000222067105865582,0.240226709078125,0.0725184179313158
863,"s(prev_lastRippleHPC_z):prev_DOWN_yes",0.124957261145801,0.000631162094986724,0.430303508523833,0.204471800791565
864,"s(prev_lastRippleHPC_z):prev_DOWN_yes",0.0310444260858871,8.25581940799684e-05,0.14326515002017,0.0823905682942624
865,"s(prev_lastRippleHPC_z):prev_DOWN_yes",0.00577647462403164,5.97664867355979e-05,0.0834800835946579,0.0246360741649774
866,"s(prev_lastRippleHPC_z):prev_DOWN_yes",0.11132106397389,0.00157939159205806,0.374851748021724,0.114428007448649
867,"s(prev_lastRippleHPC_z):prev_DOWN_yes",0.000985916187290492,0.000100051021420183,0.0286550279821833,0.0831453514342525
868,"s(prev_lastRippleHPC_z):prev_DOWN_yes",0.101550512076133,0.00107344297691959,0.357578110053727,0.105542269927655
869,"s(prev_lastRippleHPC_z):prev_DOWN_yes",0.0348488074616293,0.000413050925609216,0.220947449231015,0.065081255605066
870,"s(prev_lastRippleHPC_z):prev_DOWN_yes",0.0765853777688816,0.000256336699689926,0.19964763745256,0.0914490163908866
871,"s(prev_lastRippleHPC_z):prev_DOWN_yes",0.13731368415682,0.000984732863456505,0.496790224290172,0.249322532754377
872,"s(prev_lastRippleHPC_z):prev_DOWN_yes",0.0995352702695449,0.000979688260067579,0.34544437561804,0.101866590208171
873,"s(prev_lastRippleHPC_z):prev_DOWN_yes",0.0456864194423412,0.000986376045210706,0.255465781112791,0.398511580535457
874,"s(prev_lastRippleHPC_z):prev_DOWN_yes",0.15762100087853,0.000897251745114125,0.213676422783791,0.13183933827187
875,"s(prev_lastRippleHPC_z):prev_DOWN_yes",0.10184115179434,0.000652646031583445,0.154091657218157,0.0948627759100348
876,"s(prev_lastRippleHPC_z):prev_DOWN_yes",0.13848492752274,0.000789254421448367,0.194052800092211,0.0780212826785116
877,"s(prev_lastRippleHPC_z):prev_DOWN_yes",0.0149306882452489,0.000160021191636263,0.139663269432878,0.0411886475551379
878,"s(prev_lastRippleHPC_z):prev_DOWN_yes",0.0438253517269205,0.000194738225599992,0.127594936000538,0.0696531373140995
879,"s(prev_lastRippleHPC_z):prev_DOWN_yes",0.000932337232568692,1.59783189269706e-05,0.0448971057130451,0.0132991605308181
880,"s(prev_lastRippleHPC_z):prev_DOWN_yes",0.263587523839449,0.00282439388842306,0.604181674435519,0.178211446892942
881,"s(prev_lastRippleHPC_z):prev_DOWN_yes",0.0022094942385591,2.72252186919064e-05,0.05689976219696,0.0174072938891516
882,"s(prev_lastRippleHPC_z):prev_DOWN_yes",0.0356255937082013,0.000365879431234005,0.208872799036092,0.0615497433144737
883,"s(prev_lastRippleHPC_z):prev_DOWN_yes",0.00773846800583655,6.38547336430464e-06,0.0339882889017447,0.0212449886335854
884,"s(prev_lastRippleHPC_z):prev_DOWN_yes",0.0125215146564708,0.00038226350885519,0.123918046673201,0.31200547807322
885,"s(prev_lastRippleHPC_z):prev_DOWN_yes",0.0160588087348357,0.000165089826509081,0.143586429058983,0.0423793957366128
886,"s(prev_lastRippleHPC_z):prev_DOWN_yes",0.163842536116488,0.000986445410761776,0.542533523385942,0.123726540650712
887,"s(prev_lastRippleHPC_z):prev_DOWN_yes",0.0130780680097944,0.000321326352135279,0.148145268888772,0.0480344606213003
888,"s(prev_lastRippleHPC_z):prev_DOWN_yes",-7.59148010525124e-05,1.69258972623523e-07,0.00471025390905617,0.00138062432945548
889,"s(prev_lastRippleHPC_z):prev_DOWN_yes",0.0739899817988556,0.000222504006086179,0.233997183961556,0.108775404610737
890,"s(prev_lastRippleHPC_z):prev_DOWN_yes",0.136356552190996,0.00115135690582573,0.320045803912485,0.107587290245375
891,"s(prev_lastRippleHPC_z):prev_DOWN_yes",0.0240640651162671,0.000448210657720757,0.183051602373745,0.0848611694337653
892,"s(prev_lastRippleHPC_z):prev_DOWN_yes",6.33297824990109e-05,1.10724073182972e-06,0.011659173154731,0.00344193153291896
893,"s(prev_lastRippleHPC_z):prev_DOWN_yes",0.0507467095522474,0.000272388517334848,0.184786019901825,0.0632508985765818
894,"s(prev_lastRippleHPC_z):prev_DOWN_yes",0.0330699148736029,0.000386680044489047,0.213557882728358,0.0629537189699332
895,"s(prev_lastRippleHPC_z):prev_DOWN_yes",0.262359165961596,0.00193855312796296,0.840378437100276,0.191340703704257
896,"s(prev_lastRippleHPC_z):prev_DOWN_yes",0.15011387064008,0.000804749589160906,0.407938790431442,0.303046446937327
897,"s(prev_lastRippleHPC_z):prev_DOWN_yes",0.0174078452585036,0.000168620836308556,0.14436808727322,0.0426112747448646
898,"s(prev_lastRippleHPC_z):prev_DOWN_yes",0.123667131393989,0.000759458253885471,0.352588822822598,0.144996627046573
899,"s(prev_lastRippleHPC_z):prev_DOWN_yes",-0.047493684388928,0.000996907399061018,0.367261314292714,0.108436537732129
900,"s(prev_lastRippleHPC_z):prev_DOWN_yes",0.0355702170465255,0.000389840864200868,0.217772142511993,0.0706508451661452
901,"s(prev_lastRippleHPC_z):prev_DOWN_yes",0.0448795584708748,0.000165617267926313,0.18754775680092,0.088230671377539
902,"s(prev_lastRippleHPC_z):prev_DOWN_yes",0.142396356748741,0.0013781452104092,0.170359044160843,0.239688407756193
903,"s(prev_lastRippleHPC_z):prev_DOWN_yes",0.100010960764424,0.000664923338544339,0.220207098877302,0.129767089114566
904,"s(prev_lastRippleHPC_z):prev_DOWN_yes",0.0825715570157568,0.000249385374974759,0.244440506890999,0.121034419928746
905,"s(prev_lastRippleHPC_z):prev_DOWN_yes",0.0519748523377688,0.000554232512042292,0.263287599468245,0.0777156829949776
906,"s(prev_lastRippleHPC_z):prev_DOWN_yes",0.165319314262081,0.00086834186265291,0.384104925053489,0.162355740568794
907,"s(prev_lastRippleHPC_z):prev_DOWN_yes",0.105694677714284,0.000262510502499387,0.314425460221914,0.0798774171522978
908,"s(prev_lastRippleHPC_z):prev_DOWN_yes",0.0112852329821918,0.000114071855316792,0.120512359163164,0.0355691753849314
909,"s(prev_lastRippleHPC_z):prev_DOWN_yes",0.0439056873694152,0.000460695915386738,0.243396585108004,0.071802830181067
910,"s(prev_lastRippleHPC_z):prev_DOWN_yes",0.00483231539078854,0.000519149496928472,0.0730927138117634,0.314352635565528
911,"s(prev_lastRippleHPC_z):prev_DOWN_yes",0.0348044583995319,0.000437403593120513,0.211175105648706,0.102799317703069
912,"s(prev_lastRippleHPC_z):prev_DOWN_yes",0.0539635315679936,0.000298510452729828,0.184804520074162,0.0844472900220787
913,"s(prev_lastRippleHPC_z):prev_DOWN_yes",0.0827018368241808,0.000165312912316418,0.456939717943467,0.197719969893073
914,"s(prev_lastRippleHPC_z):prev_DOWN_yes",0.0261735899941415,4.06110446616012e-05,0.16084819004637,0.0496198376969842
915,"s(prev_lastRippleHPC_z):prev_DOWN_yes",0.0662069330959509,0.00070120116733052,0.292440917492674,0.086322736140066
916,"s(prev_lastRippleHPC_z):prev_DOWN_yes",0.125998532187291,0.000468901785368217,0.512472473319928,0.109240727469218
917,"s(prev_lastRippleHPC_z):prev_DOWN_yes",0.0185520116397679,0.000224805162190189,0.165639840231084,0.0489238632825591
918,"s(prev_lastRippleHPC_z):prev_DOWN_yes",-4.00452649076399e-05,0.000484319293901113,0.00823846963911867,0.347182784933156
919,"s(prev_lastRippleHPC_z):prev_DOWN_yes",0.088686366229858,0.000965781974933553,0.353351254624124,0.104551292964205
920,"s(prev_lastRippleHPC_z):prev_DOWN_yes",0.0850494700084372,0.00108088762907091,0.285215161070204,0.373742355145816
921,"s(prev_lastRippleHPC_z):prev_DOWN_yes",0.128706562909114,0.00135825348458466,0.148006609132608,0.281518927146661
922,"s(prev_lastRippleHPC_z):prev_DOWN_yes",0.241898286011543,0.00251035611094053,0.543616500866403,0.160752896942026
923,"s(prev_lastRippleHPC_z):prev_DOWN_yes",0.0136684133657541,0.000144423949926267,0.129169388873006,0.0381289989874948
924,"s(prev_lastRippleHPC_z):prev_DOWN_yes",0.0889267295891853,0.000743245262152414,0.246904504030486,0.0966312341278377
925,"s(prev_lastRippleHPC_z):prev_DOWN_yes",0.0141720306139268,0.000124588711096705,0.122920748822425,0.0362453389417598
926,"s(prev_lastRippleHPC_z):prev_DOWN_yes",0.00754732197860353,8.88386576314122e-05,0.102693918614577,0.0302932311979961
927,"s(prev_lastRippleHPC_z):prev_DOWN_yes",0.217428517024184,0.00146359006137823,0.767245339280081,0.167090397985802
928,"s(prev_lastRippleHPC_z):prev_DOWN_yes",0.0432555247938371,0.000463579473803598,0.237100409063603,0.0699367397074639
929,"s(prev_lastRippleHPC_z):prev_DOWN_yes",0.00725767151283296,7.5840177165906e-05,0.0977090615091779,0.0288361484626679
930,"s(prev_lastRippleHPC_z):prev_DOWN_yes",0.0054293017436633,0.00014111696905814,0.0834497063101045,0.087605259369542
931,"s(prev_lastRippleHPC_z):prev_DOWN_yes",0.0471656413704649,0.000182981339675855,0.178762537914187,0.0753260545035379
932,"s(prev_lastRippleHPC_z):prev_DOWN_yes",0.00715406949133968,7.80341639889072e-05,0.0979620854406065,0.028872664097848
933,"s(prev_lastRippleHPC_z):prev_DOWN_yes",0.00904589872484252,0.00011368746990204,0.0949965865180842,0.0710188066464049
934,"s(prev_lastRippleHPC_z):prev_DOWN_yes",0.0221906733597628,0.000299533730088117,0.176964429294647,0.0533408636512525
935,"s(prev_lastRippleHPC_z):prev_DOWN_yes",0.00649419253895722,5.61364390243572e-05,0.081872633516774,0.0242171258753552
936,"s(prev_lastRippleHPC_z):prev_DOWN_yes",0.0667194780980171,0.000733606557994689,0.308093066373425,0.0907538788180278
937,"s(prev_lastRippleHPC_z):prev_DOWN_yes",0.129530693888727,0.000737196656353863,0.452923237841107,0.10507788952614
938,"s(prev_lastRippleHPC_z):prev_DOWN_yes",0.0430571628168783,0.000214556462867897,0.188256461165343,0.0879809148690242
939,"s(prev_lastRippleHPC_z):prev_DOWN_yes",0.0105567858246047,0.000305909394449325,0.124139163528361,0.0428231061562367
940,"s(prev_lastRippleHPC_z):prev_DOWN_yes",0.131467108246764,0.000900756014299951,0.469529752524125,0.382220772051494
941,"s(prev_lastRippleHPC_z):prev_DOWN_yes",0.16638514982078,0.00182531595276155,0.469431676442991,0.138613807035826
942,"s(prev_lastRippleHPC_z):prev_DOWN_yes",0.170986618424423,0.000859505489301077,0.264365577310814,0.098427067958601
943,"s(prev_lastRippleHPC_z):prev_DOWN_yes",0.00168893096161771,2.05582572153836e-05,0.0497149757642719,0.014654210112148
944,"s(prev_lastRippleHPC_z):prev_DOWN_yes",0.120483562259149,0.000856519979682381,0.183144782821932,0.0981062903389488
945,"s(prev_lastRippleHPC_z):prev_DOWN_yes",0.137448820692926,0.00174633703931809,0.193401622211629,0.581394648184702
946,"s(prev_lastRippleHPC_z):prev_DOWN_yes",0.0186766280121038,9.88635194576813e-05,0.0893518587790065,0.0285476469500509
947,"s(prev_lastRippleHPC_z):prev_DOWN_yes",0.0116165912563657,0.00013499351454504,0.126816292150485,0.0373923351834828
948,"s(prev_lastRippleHPC_z):prev_DOWN_yes",0.0892861297698149,0.000560065478281214,0.256813063822191,0.0852503687215474
949,"s(prev_lastRippleHPC_z):prev_DOWN_yes",0.0962055419196162,0.000437652481677029,0.312332396848092,0.0951546779914377
950,"s(prev_lastRippleHPC_z):prev_DOWN_yes",0.151149999545883,0.00108335791156346,0.258554858034863,0.0663428137150044
951,"s(prev_lastRippleHPC_z):prev_DOWN_yes",0.181831773888046,0.00125421500743817,0.268411490183314,0.251096081497366
952,"s(prev_lastRippleHPC_z):prev_DOWN_yes",0.0988047309257487,0.000835990343950981,0.256406880297934,0.223716670844119
953,"s(prev_lastRippleHPC_z):prev_DOWN_yes",0.0136915915359852,0.00130271211360783,0.134033913707571,0.642484207350881
954,"s(prev_lastRippleHPC_z):prev_DOWN_yes",0.113840676800852,0.000763921228572724,0.524061853981598,0.161635641146842
955,"s(prev_lastRippleHPC_z):prev_DOWN_yes",0.0216620104834462,0.00212604626969473,0.155033425858395,0.810278565989411
956,"s(prev_lastRippleHPC_z):prev_DOWN_yes",0.163270011339883,0.000444392559874774,0.4518068697696,0.124573859920677
957,"s(prev_lastRippleHPC_z):prev_DOWN_yes",0.0378712197343205,0.000113476776939855,0.172241024224178,0.061954709949201
958,"s(prev_lastRippleHPC_z):prev_DOWN_yes",0.1329778451582,0.00140902770637798,0.417751361297355,0.123387118857872
959,"s(prev_lastRippleHPC_z):prev_DOWN_yes",0.0375706942615324,0.000399663665225088,0.221921147850113,0.0654360505304309
960,"s(prev_lastRippleHPC_z):prev_DOWN_yes",0.145792891827215,0.0011985011083977,0.17751510019758,0.0764203154753386
961,"s(prev_lastRippleHPC_z):prev_DOWN_yes",0.146850604996086,0.000936698180930863,0.447194179648155,0.118545358839176
962,"s(prev_lastRippleHPC_z):prev_DOWN_yes",0.117636338712357,0.00101092882378255,0.321853267351816,0.114070363005947
963,"s(prev_lastRippleHPC_z):prev_DOWN_yes",0.209465259529276,0.00190759004527115,0.472481960972528,0.14522933975529
964,"s(prev_lastRippleHPC_z):prev_DOWN_yes",0.00560732233042227,0.000153797024132233,0.091606772722822,0.0474219642975276
965,"s(prev_lastRippleHPC_z):prev_DOWN_yes",0.0993492846015425,0.00106665713819314,0.357500544213969,0.105291886022191
966,"s(prev_lastRippleHPC_z):prev_DOWN_yes",0.115673224206269,0.00110759202004622,0.32897143574411,0.10169046029442
967,"s(prev_lastRippleHPC_z):prev_DOWN_yes",0.102169205081588,0.00115126046848952,0.34524395415054,0.168570362643209
968,"s(prev_lastRippleHPC_z):prev_DOWN_yes",0.0108496554490127,0.000121779904384017,0.119088296458541,0.0351289154050401
969,"s(prev_lastRippleHPC_z):prev_DOWN_yes",0.0142582138511509,0.000526581967274181,0.133679712347725,0.0502992028808869
970,"s(prev_lastRippleHPC_z):prev_DOWN_yes",0.0375801650041918,0.000407434452432393,0.217772436482597,0.0641967497560097
971,"s(prev_lastRippleHPC_z):prev_DOWN_yes",0.0623851984119668,0.000641422858188653,0.289342259820804,0.0852542974647137
972,"s(prev_lastRippleHPC_z):prev_DOWN_yes",0.0024847223395188,0.000287002971666984,0.0177962870630457,0.0787544504836952
973,"s(prev_lastRippleHPC_z):prev_DOWN_yes",0.0729957366094327,0.000204347894309442,0.156144567580333,0.0964787459972441
974,"s(prev_lastRippleHPC_z):prev_DOWN_yes",0.201844184845089,0.00174330353959863,0.431372088291122,0.0971463176220441
975,"s(prev_lastRippleHPC_z):prev_DOWN_yes",0.156175024213928,0.000682589249658858,0.244919247256276,0.0901584884355085
976,"s(prev_lastRippleHPC_z):prev_DOWN_yes",0.00783333198716374,0.000237707572522363,0.10337831848707,0.178929575530168
977,"s(prev_lastRippleHPC_z):prev_DOWN_yes",0.0585782884644068,0.000603852133386403,0.275862861647874,0.0814437608863338
978,"s(prev_lastRippleHPC_z):prev_DOWN_yes",0.0148797568953301,0.000460904766246912,0.141588110170333,0.0497373840074361
979,"s(prev_lastRippleHPC_z):prev_DOWN_yes",0.243150154355143,0.00175501299960818,0.642571808519078,0.66228073680553
980,"s(prev_lastRippleHPC_z):prev_DOWN_yes",0.0399177730752305,0.000554795719038007,0.225003100201757,0.135875665915807
981,"s(prev_lastRippleHPC_z):prev_DOWN_yes",0.193586816747407,0.0020723076402764,0.504638221819091,0.148790074216265
982,"s(prev_lastRippleHPC_z):prev_DOWN_yes",0.0637684786664412,0.000207970194095037,0.129291811898318,0.0478483147525877
983,"s(prev_lastRippleHPC_z):prev_DOWN_yes",0.00630716043181767,7.77039642407068e-05,0.0967126950717572,0.0285312715313234
984,"s(prev_lastRippleHPC_z):prev_DOWN_yes",0.0256426548819828,0.000294038858664579,0.192818507208647,0.0567927988805547
985,"s(prev_lastRippleHPC_z):prev_DOWN_yes",-2.1435255534108e-05,2.21255262583712e-09,0.000528018913797478,0.00015561787673972
986,"s(prev_lastRippleHPC_z):prev_DOWN_yes",0.0503272895022704,0.000585992421892178,0.269178606644174,0.0794307828460445
987,"s(prev_lastRippleHPC_z):prev_DOWN_yes",0.170211272934329,0.00121702454299705,0.82729818873214,0.254458026938357
988,"s(prev_lastRippleHPC_z):prev_DOWN_yes",0.186077538423375,0.00203947787349554,0.605208363069317,0.545969058207935
989,"s(prev_lastRippleHPC_z):prev_DOWN_yes",0.0018696361042938,1.64331363108736e-05,0.0447942305533217,0.0132058378798403
990,"s(prev_lastRippleHPC_z):prev_DOWN_yes",0.0158636201601228,0.000356594457627875,0.14546925270073,0.219403935230375
991,"s(prev_lastRippleHPC_z):prev_DOWN_yes",0.00402790641083772,5.22996212916482e-05,0.080776878612547,0.0238221972925815
992,"s(prev_lastRippleHPC_z):prev_DOWN_yes",0.231908172342482,0.00165214691391693,0.862831638715761,0.272394879920429
993,"s(prev_lastRippleHPC_z):prev_DOWN_yes",0.110213631363436,0.00120706627332559,0.257614202075611,0.330755980183553
994,"s(prev_lastRippleHPC_z):prev_DOWN_yes",0.0605404313211118,0.000834346611177922,0.270722530123479,0.222470193461618
995,"s(prev_lastRippleHPC_z):prev_DOWN_yes",0.0750948233583237,0.000382945517958769,0.261112928888591,0.085370262837363
996,"s(prev_lastRippleHPC_z):prev_DOWN_yes",8.86582623733645e-05,0.000204773980798633,0.0112183135098208,0.0624365683489996
997,"s(prev_lastRippleHPC_z):prev_DOWN_yes",0.185177240084243,0.00199948996837006,0.514493759787296,0.151606596697687
998,"s(prev_lastRippleHPC_z):prev_DOWN_yes",0.135057038002648,0.000923275557532943,0.165442309129841,0.063351424324906
999,"s(prev_lastRippleHPC_z):prev_DOWN_yes",0.222647825476454,0.00151644462512052,0.244788662906062,0.0909602145757638
1000,"s(prev_lastRippleHPC_z):prev_DOWN_yes",0.0673807184494173,0.000391949580806171,0.140456072147404,0.0895293300577787
