"Replicate","Term","Deviance_Value","Eta_Sq_Value","Amplitude_Value","RMS_Value"
1,"s(lastRipplePower_z)",0.141169291117934,0.000759553632920582,0.0938116801687657,0.0292692070411045
2,"s(lastRipplePower_z)",0.0774930356895103,0.00049556900253152,0.0710821254419653,0.0230389464874154
3,"s(lastRipplePower_z)",0.276428514631021,0.00177491635662812,0.132858382722802,0.0412356981748132
4,"s(lastRipplePower_z)",0.169255308350302,0.00117949622952691,0.100141014796756,0.0381864607603908
5,"s(lastRipplePower_z)",0.116459631791844,0.000600446561904849,0.179257486306306,0.0441853811168787
6,"s(lastRipplePower_z)",0.00116559577286535,1.83844248890516e-05,0.0203755348609831,0.0061530964697218
7,"s(lastRipplePower_z)",0.193630153784254,0.00193068080689769,0.20944698529553,0.063462555755615
8,"s(lastRipplePower_z)",0.2086579576528,0.00125837228092775,0.242626200304116,0.0601066999107212
9,"s(lastRipplePower_z)",0.0391233022894233,0.000402131264965542,0.0953816315993123,0.0288386199817276
10,"s(lastRipplePower_z)",0.0495435054278289,0.000280965995196223,0.0944696465587111,0.0314774119044407
11,"s(lastRipplePower_z)",0.0228864067718393,0.000144153928603168,0.056505627326411,0.0170902486837637
12,"s(lastRipplePower_z)",0.109361610119955,0.000788780331456198,0.151849328510733,0.0403126841588805
13,"s(lastRipplePower_z)",0.272539449681288,0.00202597669652014,0.162100000946914,0.054925540424399
14,"s(lastRipplePower_z)",0.0441802804912248,0.000364288535579667,0.0927251808031692,0.0280991554973787
15,"s(lastRipplePower_z)",0.131633980501846,0.000736981164676666,0.167626534498386,0.039844287817004
16,"s(lastRipplePower_z)",0.156534824530655,0.00103086758111224,0.17812487577761,0.0519989163334975
17,"s(lastRipplePower_z)",0.0671446054001742,0.000637105670303776,0.121462871178685,0.0367652478687989
18,"s(lastRipplePower_z)",0.0285207683375324,0.000232315267791202,0.0735102864838168,0.0222411502775879
19,"s(lastRipplePower_z)",0.0201096229502848,0.000176398048570041,0.0632420852163961,0.0191511937960862
20,"s(lastRipplePower_z)",0.165527189952996,0.00118165989428044,0.186788580314683,0.0513858323083611
21,"s(lastRipplePower_z)",0.0387407395376649,0.000374362265323157,0.0657554715494337,0.021270354740638
22,"s(lastRipplePower_z)",0.106117575583814,0.000460444254316177,0.0708881984566625,0.0228987857056609
23,"s(lastRipplePower_z)",0.0277319509703918,0.000201752285669668,0.0673397538354481,0.0203955556612545
24,"s(lastRipplePower_z)",0.178188556999663,0.00099163282626682,0.0944274717209706,0.0306038688345172
25,"s(lastRipplePower_z)",0.00986170066109093,7.36051018853474e-05,0.0404137019362501,0.0122472653625912
26,"s(lastRipplePower_z)",0.0970480536886253,0.000609790427845352,0.0779215975948186,0.0261562527003319
27,"s(lastRipplePower_z)",0.127860100621798,0.000730830319339391,0.0846367965480194,0.030148377335102
28,"s(lastRipplePower_z)",0.0423536001656155,0.000137205600790435,0.0566279114364797,0.0171169097187866
29,"s(lastRipplePower_z)",0.00291099259861949,2.37251041243763e-05,0.0231545054306259,0.00701724096859053
30,"s(lastRipplePower_z)",0.0501395835581092,0.000478089799395637,0.104076635371091,0.0314835670417552
31,"s(lastRipplePower_z)",0.0282587485507286,0.000247129412432608,0.0754947957761708,0.0228288087933447
32,"s(lastRipplePower_z)",0.0918592213976432,0.000805037283661138,0.112679066100772,0.0324847804525315
33,"s(lastRipplePower_z)",0.242680453940986,0.00159214727463721,0.236839962383676,0.0568471581863674
34,"s(lastRipplePower_z)",0.147798169861516,0.000850784040065869,0.095584545453931,0.0318096919181104
35,"s(lastRipplePower_z)",0.342803050628257,0.0023802456083854,0.167238277201478,0.0489451731658446
36,"s(lastRipplePower_z)",0.142889964992997,0.0010293541033332,0.234039734341695,0.0619724588334254
37,"s(lastRipplePower_z)",0.0625996822785827,0.000362561878896128,0.0855210544438786,0.0224013638449438
38,"s(lastRipplePower_z)",0.117527306511686,0.000538977772594343,0.130148996680712,0.0413751706397321
39,"s(lastRipplePower_z)",0.137439210157579,0.000748967679711837,0.111794683232789,0.0337392716307491
40,"s(lastRipplePower_z)",0.0180200836848712,3.18501756136448e-05,0.0240436685870474,0.00687897196676604
41,"s(lastRipplePower_z)",0.0481315508313541,0.000305403182999092,0.0694542968693963,0.019185010007413
42,"s(lastRipplePower_z)",0.0574958946757957,0.00029914019726579,0.0790164331216513,0.0246379158864374
43,"s(lastRipplePower_z)",0.113796018723556,0.00093395256206417,0.145875741794214,0.0441301843201688
44,"s(lastRipplePower_z)",0.236035803549037,0.00193690983696962,0.290091621557308,0.0666345182124292
45,"s(lastRipplePower_z)",0.129354532329099,0.000833091674343758,0.21032937892,0.0588061307034507
46,"s(lastRipplePower_z)",0.123090653935093,0.000836333397855107,0.101122793092716,0.0290748554271286
47,"s(lastRipplePower_z)",0.0544885950584185,0.000595482410566592,0.116301175481541,0.0352328979384078
48,"s(lastRipplePower_z)",0.150927469747037,0.00115117678885669,0.113220811211941,0.0369823202012337
49,"s(lastRipplePower_z)",0.0363869139158013,0.000212140015868363,0.0748323752199888,0.0229514019804423
50,"s(lastRipplePower_z)",0.298492852426615,0.00223427904878288,0.150027951130579,0.0503791155838726
51,"s(lastRipplePower_z)",0.110988394455776,0.000530617725323193,0.1582342580078,0.0367505592281102
52,"s(lastRipplePower_z)",0.104421104507292,0.000695942511073999,0.108290357357391,0.0325284371088943
53,"s(lastRipplePower_z)",0.267301682259884,0.00183658780225624,0.16310185543389,0.0582346127995871
54,"s(lastRipplePower_z)",0.0986905164251468,0.000626917681675987,0.0742514144771711,0.0277272312320154
55,"s(lastRipplePower_z)",0.168413149340084,0.00120387542069566,0.230288442545353,0.0672802474893794
56,"s(lastRipplePower_z)",0.0333724296983542,0.000251912925971007,0.0763905387316558,0.0230930759412332
57,"s(lastRipplePower_z)",0.000848009417719231,1.1906724394872e-05,0.0162920716706341,0.00491510832229468
58,"s(lastRipplePower_z)",0.120503612791524,0.000830538145825879,0.191395128542235,0.0504497364518719
59,"s(lastRipplePower_z)",0.138654757399332,0.00130257581317664,0.171442309446252,0.0520409125408671
60,"s(lastRipplePower_z)",0.01213507950717,0.000107563496042058,0.0492728454415989,0.0149077516806723
61,"s(lastRipplePower_z)",0.0397562165442766,0.000385575866756358,0.0930391476569485,0.0280373975843383
62,"s(lastRipplePower_z)",0.104670841076496,0.000864388928016261,0.137680738092875,0.0416239431030423
63,"s(lastRipplePower_z)",0.171614694206561,0.00100243969808436,0.102066757943893,0.0332923058850313
64,"s(lastRipplePower_z)",0.0901702628469689,0.00057664408586928,0.112826634691702,0.0358308900017268
65,"s(lastRipplePower_z)",0.0761205783164663,0.000536023162572296,0.0617806356780582,0.0211560855091249
66,"s(lastRipplePower_z)",0.282928551980378,0.00236018770426491,0.347726127939205,0.106851542151607
67,"s(lastRipplePower_z)",0.0365173375631264,0.000295526166026817,0.0834666772767433,0.0252497763048412
68,"s(lastRipplePower_z)",0.0245778409060129,0.000257663255544329,0.0753407788750453,0.0227375015836158
69,"s(lastRipplePower_z)",0.0825381625120636,0.000355526682587135,0.141541951759625,0.032363312317035
70,"s(lastRipplePower_z)",0.0438518811695581,0.000267537424486116,0.0681575673169758,0.0223329027027191
71,"s(lastRipplePower_z)",0.141536587919761,0.000929927548039947,0.184781496249491,0.050325445559486
72,"s(lastRipplePower_z)",0.162909524132356,0.00131001886528913,0.174475810336075,0.0528401586057496
73,"s(lastRipplePower_z)",0.121994967670752,0.000894695181233287,0.0927309144853043,0.0275052205528283
74,"s(lastRipplePower_z)",0.0694884268066531,0.000634157565283428,0.119556029881494,0.0360473768741798
75,"s(lastRipplePower_z)",0.00278230490939113,2.3449350344523e-05,0.0229593566742773,0.0069539653296608
76,"s(lastRipplePower_z)",0.0965123842879847,0.00064677852915588,0.0907693823538406,0.0292564222433996
77,"s(lastRipplePower_z)",-0.000332178092273483,5.88272728981666e-06,0.0116200824634308,0.0035157879099696
78,"s(lastRipplePower_z)",0.0359282490636441,0.000169112332635766,0.0719580041653663,0.023246367552424
79,"s(lastRipplePower_z)",0.140402933819189,0.000783733830263509,0.150385529473272,0.0420815583010491
80,"s(lastRipplePower_z)",0.0288725987285124,0.000189454946562757,0.0653975037649751,0.0197042957769453
81,"s(lastRipplePower_z)",0.0355220949754831,0.000410970705530379,0.133712145466404,0.0368622290906177
82,"s(lastRipplePower_z)",0.0849663568105533,0.000254045136061739,0.0752583014441954,0.0227931190121077
83,"s(lastRipplePower_z)",0.116136509179459,0.000699742346288061,0.0871426816183397,0.0280589661537776
84,"s(lastRipplePower_z)",0.000577994137001436,1.75260449061208e-06,0.00626857360062553,0.00190183241195107
85,"s(lastRipplePower_z)",0.00136184857952171,1.79798163218592e-05,0.0206416772609825,0.00623755338132079
86,"s(lastRipplePower_z)",0.0576044662577824,0.000407934664568683,0.0946451528455932,0.0285740654087949
87,"s(lastRipplePower_z)",0.022971042492129,9.00838517922671e-05,0.0356620689555544,0.010712263491025
88,"s(lastRipplePower_z)",0.116789549134527,0.000910865877101808,0.0889084311893244,0.0289327343837164
89,"s(lastRipplePower_z)",0.213601834749783,0.00203434191149382,0.215991315257163,0.0655412072028017
90,"s(lastRipplePower_z)",0.111573134635709,0.000641471468068902,0.082705199663322,0.0279797911737579
91,"s(lastRipplePower_z)",0.193483192354713,0.00131154969974129,0.187810364459911,0.0557294551905985
92,"s(lastRipplePower_z)",0.29219361348612,0.0022353379517199,0.186933522685915,0.0551491307310933
93,"s(lastRipplePower_z)",0.0501978106534287,0.000471912841675034,0.103833416477047,0.031440162640451
94,"s(lastRipplePower_z)",0.00288528492338536,9.22212729793444e-06,0.0157472910291572,0.00468412868092043
95,"s(lastRipplePower_z)",0.00297593908627025,1.62404331194713e-05,0.0193167492529704,0.00585084871483136
96,"s(lastRipplePower_z)",0.116559877607235,0.000667885394238194,0.111527647348772,0.0334744856284169
97,"s(lastRipplePower_z)",0.181836601292998,0.00105892752023222,0.140298537920906,0.0366172911327274
98,"s(lastRipplePower_z)",0.0373399237084873,0.000318578173937049,0.0839868161735241,0.0253037949382688
99,"s(lastRipplePower_z)",0.0306339272821395,0.000309391762337082,0.084400925179568,0.025589241831164
100,"s(lastRipplePower_z)",0.094893069005678,0.000600398014052806,0.126550936144841,0.0333836875119008
101,"s(lastRipplePower_z)",0.120910766132358,0.00082780887447692,0.110969263727176,0.0328053449399206
102,"s(lastRipplePower_z)",0.0445193954236238,0.000423076493964359,0.0988041589145381,0.0299373122827141
103,"s(lastRipplePower_z)",0.00163354982131336,7.66076745614163e-06,0.0132556524189087,0.00399938838277713
104,"s(lastRipplePower_z)",0.0559431825404197,0.000310836813699939,0.0609626331235973,0.0197651364067366
105,"s(lastRipplePower_z)",0.128772966878278,0.000763886955240705,0.116292530878391,0.0428684853891296
106,"s(lastRipplePower_z)",0.0908035925064273,0.000454237663024605,0.111666126565215,0.033768103647104
107,"s(lastRipplePower_z)",0.0793470440948894,0.000730222686393844,0.129973871336054,0.0392449245099155
108,"s(lastRipplePower_z)",0.0298499028613415,8.6206180386563e-05,0.0432080973396841,0.0129422752879376
109,"s(lastRipplePower_z)",0.0397782509050256,0.00030079202711233,0.0832125823589435,0.0251480222557873
110,"s(lastRipplePower_z)",0.170725838884708,0.00133937424887374,0.152434733517546,0.0470394554650171
111,"s(lastRipplePower_z)",0.231748578883028,0.00165373192024467,0.168656998611755,0.0522330258024189
112,"s(lastRipplePower_z)",0.169129227541287,0.00124768674575922,0.105607644927366,0.0374955269142709
113,"s(lastRipplePower_z)",0.138664548089806,0.000787322268934242,0.0886109371963318,0.0288665826287841
114,"s(lastRipplePower_z)",0.0473462013899684,0.000415993349456196,0.0969943884832923,0.0294027033866627
115,"s(lastRipplePower_z)",0.173098190819595,0.00111877589905396,0.143796761836294,0.0440821602286602
116,"s(lastRipplePower_z)",0.205048237004059,0.00151146048184324,0.125363270902265,0.0385256029083375
117,"s(lastRipplePower_z)",0.0209669381906155,0.000150489200129091,0.0577336085089256,0.0174344728901397
118,"s(lastRipplePower_z)",0.0434277082693713,0.000421984806642299,0.0967059502668973,0.0293145560918561
119,"s(lastRipplePower_z)",0.107253317961541,0.000844207199970736,0.14029286550107,0.042537471338576
120,"s(lastRipplePower_z)",-0.0772070199697665,9.50679330682913e-07,0.00471079325929287,0.00142775733583494
121,"s(lastRipplePower_z)",0.179196948400253,0.00128218368580267,0.201173278233715,0.0518736798728542
122,"s(lastRipplePower_z)",0.229033116066542,0.00163368157879217,0.130668745161799,0.0441375972491387
123,"s(lastRipplePower_z)",0.0779943537252588,0.000667343309405777,0.124171616306768,0.0374635489504828
124,"s(lastRipplePower_z)",0.0375563455785837,0.000307613943611409,0.0831592182930032,0.0251785957941218
125,"s(lastRipplePower_z)",0.134134527346917,0.00134056527952541,0.17566339403586,0.0532210833511165
126,"s(lastRipplePower_z)",0.0429719086753722,0.000207247195276039,0.056534200069229,0.0170891217298463
127,"s(lastRipplePower_z)",0.10042013264687,0.000483766811854691,0.0704611026817632,0.0222714762977856
128,"s(lastRipplePower_z)",0.14692171386869,0.000897133814387298,0.148885887908784,0.0378965566502708
129,"s(lastRipplePower_z)",0.170308671962675,0.00132033983282163,0.216714668188905,0.0624707103008475
130,"s(lastRipplePower_z)",0.11202771352941,0.000638625878548469,0.0875392640645987,0.0284720367306655
131,"s(lastRipplePower_z)",0.134749762749174,0.000813081511351344,0.0938333473054364,0.0282662016742468
132,"s(lastRipplePower_z)",0.0215406529157622,0.000181563181251414,0.0643492214285352,0.0194822703987259
133,"s(lastRipplePower_z)",-0.00023690007834265,3.56985836895769e-06,0.00898657823926817,0.00271675668779337
134,"s(lastRipplePower_z)",0.029386125767246,0.000263077021344012,0.0786510841151361,0.0237794342349726
135,"s(lastRipplePower_z)",0.142818487494587,0.000848039002618284,0.0900166222105584,0.0308210905056111
136,"s(lastRipplePower_z)",0.0956155828925135,0.00055116242965254,0.0785804871689866,0.0215612235423533
137,"s(lastRipplePower_z)",0.118769772624717,0.000685694873857416,0.128799918592282,0.0347732472032801
138,"s(lastRipplePower_z)",0.214072051246209,0.00158800322643464,0.141342428232391,0.0447461933487364
139,"s(lastRipplePower_z)",0.0457509061722816,0.000461480092211201,0.104442987077701,0.0315637831163285
140,"s(lastRipplePower_z)",0.115348842633507,0.000665915346196224,0.0820377465941858,0.0285764363838166
141,"s(lastRipplePower_z)",0.0269586342991253,0.00012406254788095,0.0986486929598593,0.0296054658350565
142,"s(lastRipplePower_z)",0.128135952883458,0.000994963951061042,0.0931786382417785,0.02926369782694
143,"s(lastRipplePower_z)",0.311077133778032,0.00224641772866043,0.151268903154169,0.0461625362620606
144,"s(lastRipplePower_z)",0.0854806923199434,0.000582549051705607,0.0817504311969363,0.0245404381040554
145,"s(lastRipplePower_z)",0.00339870521033803,1.06014040557445e-05,0.0157929981554944,0.0050066933925137
146,"s(lastRipplePower_z)",0.0712063288757779,0.000364597060414068,0.10665215346158,0.0309938188799343
147,"s(lastRipplePower_z)",0.00528588517264095,4.60159401531996e-05,0.0326330973232167,0.00986907408205533
148,"s(lastRipplePower_z)",0.0283999201293379,0.00025476532272994,0.076438691104164,0.0230719552264514
149,"s(lastRipplePower_z)",0.0378332674245658,0.000159971663646543,0.0607625840054051,0.0178227220531883
150,"s(lastRipplePower_z)",0.162803830737461,0.00100280108521136,0.117520668052157,0.0374431681885143
151,"s(lastRipplePower_z)",0.0888467937377425,0.000830608482073686,0.13907220229305,0.0421521778827137
152,"s(lastRipplePower_z)",0.146328003465899,0.000920252414406591,0.124789934543804,0.0385878508676502
153,"s(lastRipplePower_z)",0.103802010816876,0.000638443860491137,0.0773361736749957,0.0260556593223775
154,"s(lastRipplePower_z)",0.136819970291745,0.00121727902413926,0.165378724788804,0.0497871854318241
155,"s(lastRipplePower_z)",0.137347575718808,0.000744976601903546,0.0935387771848946,0.0289389129476861
156,"s(lastRipplePower_z)",0.0100431107645753,5.93139098772739e-05,0.036448580514572,0.0110559092166052
157,"s(lastRipplePower_z)",0.0926328799360845,0.000524042225002682,0.0695899452709086,0.0229814569046343
158,"s(lastRipplePower_z)",0.0677900626119721,0.000501646319293563,0.132244427308846,0.0415472620302816
159,"s(lastRipplePower_z)",0.112912189825713,0.000533302859567564,0.071327558997459,0.0241330287543569
160,"s(lastRipplePower_z)",0.0124702087032635,0.000117042504091481,0.0517991196940669,0.0156351994452403
161,"s(lastRipplePower_z)",0.240355539543547,0.00161219459824744,0.162761849254892,0.0506780918068043
162,"s(lastRipplePower_z)",9.59232232966567e-05,1.0896599944006e-06,0.00493112792301988,0.00148915193505088
163,"s(lastRipplePower_z)",0.0331096605172135,6.61349166283089e-05,0.053741349603175,0.0145734905247581
164,"s(lastRipplePower_z)",0.0330768998538866,0.000272712354684756,0.0778711364026579,0.0235740965368151
165,"s(lastRipplePower_z)",0.0703116867615348,0.000622190857351491,0.117618520738401,0.0355950545069959
166,"s(lastRipplePower_z)",0.0199406134424129,0.000200973983811168,0.0675551348622242,0.0204372434948689
167,"s(lastRipplePower_z)",0.000205404497527817,4.11694983847086e-06,0.00985396306174074,0.00298552487566163
168,"s(lastRipplePower_z)",0.128285687207415,0.000891418504070907,0.114743412612163,0.0390151038152024
169,"s(lastRipplePower_z)",0.155312264962739,0.000827084777213956,0.0967320607971281,0.0292873826113243
170,"s(lastRipplePower_z)",0.157273102186184,0.00122763568586407,0.116652737838352,0.0316193377576293
171,"s(lastRipplePower_z)",0.127020384351811,0.00101677678378785,0.149444026620401,0.0449556830809352
172,"s(lastRipplePower_z)",0.092266237050552,0.000655551347128425,0.0998222101422463,0.0283119536222499
173,"s(lastRipplePower_z)",0.0596247151088072,0.000238721713611799,0.06488846101942,0.0212759390586555
174,"s(lastRipplePower_z)",0.218334533523189,0.00160147211789587,0.129834796824285,0.0421480673491584
175,"s(lastRipplePower_z)",0.04013891044953,0.000230100139568352,0.0619765942208899,0.0207459165023947
176,"s(lastRipplePower_z)",0.123837881396079,0.000660660322788007,0.15147227192323,0.0355788322539004
177,"s(lastRipplePower_z)",0.167212374711025,0.000955938160441981,0.0938577698547864,0.0324271236302549
178,"s(lastRipplePower_z)",0.0429782050479123,0.000354408773328268,0.0900503122750032,0.0272371501470917
179,"s(lastRipplePower_z)",0.0528866432200249,0.000321958726449918,0.0602464954274038,0.0173567026504535
180,"s(lastRipplePower_z)",0.0876710880131648,0.000659643602269541,0.214797474495322,0.0612794835749907
181,"s(lastRipplePower_z)",0.115406020072072,0.000405091881355515,0.109229195030124,0.0285407498762466
182,"s(lastRipplePower_z)",0.0764340766960578,0.000745904467574139,0.130838454620475,0.03955635073541
183,"s(lastRipplePower_z)",0.220049876801037,0.00146808456660834,0.119013722389623,0.0386968595232462
184,"s(lastRipplePower_z)",0.102333621667825,0.000908166065510234,0.143163817294401,0.0433627513786503
185,"s(lastRipplePower_z)",0.00740380953767938,5.3634129656584e-05,0.0351220740319857,0.0106058730783208
186,"s(lastRipplePower_z)",0.054940910686624,0.000430493559978069,0.0966466764963633,0.0292686283769831
187,"s(lastRipplePower_z)",0.165481987659116,0.00128291170474145,0.250353246524701,0.0644908326260896
188,"s(lastRipplePower_z)",0.140804415354076,0.000814551105773311,0.0932281838615821,0.0311308109356912
189,"s(lastRipplePower_z)",0.0414813284303293,0.000329788596543814,0.0869112390501108,0.0262025099547446
190,"s(lastRipplePower_z)",0.0566928308911414,0.000325948354303726,0.12633617097164,0.0405733844383925
191,"s(lastRipplePower_z)",0.0880239837034803,0.000793976578115364,0.134291868059589,0.0405875787479023
192,"s(lastRipplePower_z)",0.23791568363058,0.00170553754601817,0.272130580461686,0.0874802579395499
193,"s(lastRipplePower_z)",0.0935370936518837,0.00081490959504557,0.136230159890428,0.0412248400845099
194,"s(lastRipplePower_z)",0.0569333464379285,0.000275161293469324,0.0850185636361274,0.0228124816348645
195,"s(lastRipplePower_z)",0.0594380726830724,0.000601289170164787,0.11695340081625,0.0353732150455566
196,"s(lastRipplePower_z)",0.187045397452106,0.00182756675633651,0.202346759420964,0.0611001259441733
197,"s(lastRipplePower_z)",0.0689938328964874,0.00052274620803827,0.115543128680478,0.0360586090132371
198,"s(lastRipplePower_z)",0.125580221431303,0.00116489802441096,0.163837267312973,0.0494148234737702
199,"s(lastRipplePower_z)",0.0539144840817416,0.000448446461052303,0.100820105459162,0.0305410267782255
200,"s(lastRipplePower_z)",0.0347257678443349,0.000283893468167227,0.0803472072703279,0.0243148786293459
201,"s(lastRipplePower_z)",0.131740234779372,0.000814041021275994,0.101270795310758,0.0336134733681779
202,"s(lastRipplePower_z)",0.0886010525438701,0.000919071343854246,0.14332005741127,0.0433402679023919
203,"s(lastRipplePower_z)",0.12215257496696,0.000714934476549718,0.147103244289609,0.0393533431496901
204,"s(lastRipplePower_z)",0.154459773082888,0.000946765187884826,0.119457135845474,0.0385668675722183
205,"s(lastRipplePower_z)",0.201771760957758,0.00119164117372169,0.161746938139799,0.043451733250061
206,"s(lastRipplePower_z)",0.178349188584178,0.00116639529835095,0.144260918261136,0.0424310417337021
207,"s(lastRipplePower_z)",0.137989608096033,0.00101321498741534,0.173457498328994,0.0456853106227067
208,"s(lastRipplePower_z)",0.0926791192025177,0.000685632363900301,0.122752351797101,0.0369506078313016
209,"s(lastRipplePower_z)",0.0896600013706932,0.000841594804098741,0.152080396494895,0.046327178075744
210,"s(lastRipplePower_z)",0.0566650293823994,0.00056111541004094,0.113425859425115,0.0342968065062309
211,"s(lastRipplePower_z)",0.0212670529764437,0.000171797745195768,0.0620103897110412,0.0187305269610462
212,"s(lastRipplePower_z)",0.00293767619168905,4.31492237151291e-05,0.0320832461446855,0.00971251416214963
213,"s(lastRipplePower_z)",0.13212348176689,0.000815779968221642,0.125048644675961,0.0341054932079563
214,"s(lastRipplePower_z)",0.0860820434504582,0.000770753120511836,0.131351491036751,0.0396532458105602
215,"s(lastRipplePower_z)",0.00163182724416044,1.94099867228811e-05,0.0210397010240778,0.00636637227484847
216,"s(lastRipplePower_z)",0.238192430005192,0.00135270978361671,0.128179183223694,0.0419512381260282
217,"s(lastRipplePower_z)",0.112098778528461,0.000700053081857629,0.0924215620640712,0.0293894206123417
218,"s(lastRipplePower_z)",0.0580028932206065,0.00114228220037126,0.119506606259141,0.0380885252132204
219,"s(lastRipplePower_z)",0.116055506389094,0.000792211811038117,0.200765812814701,0.060922600227379
220,"s(lastRipplePower_z)",0.103120623928713,0.000756489557432456,0.161181173207949,0.0522250884201405
221,"s(lastRipplePower_z)",0.0993523483888519,0.000626911284519514,0.152537364664749,0.0426381207952943
222,"s(lastRipplePower_z)",0.047780322875891,0.000384218670708604,0.0620111521475,0.0184408816350715
223,"s(lastRipplePower_z)",0.0185987282645493,0.000114062299171152,0.050457338545185,0.0153181889724337
224,"s(lastRipplePower_z)",0.0404081189054266,0.000383481174138795,0.0928755333882739,0.0280131854234475
225,"s(lastRipplePower_z)",0.012705363968351,9.18574948494798e-05,0.0453976473021941,0.0137735139793734
226,"s(lastRipplePower_z)",0.218458921507486,0.00190577246539683,0.123234991770142,0.037873960819759
227,"s(lastRipplePower_z)",0.181704769822561,0.00122077279545634,0.116036011975068,0.0366954568919315
228,"s(lastRipplePower_z)",0.0681890739291223,0.000505849185363126,0.071431479587596,0.0232559984808681
229,"s(lastRipplePower_z)",0.102679743466816,0.00064515003221124,0.149480309275748,0.0398237766316901
230,"s(lastRipplePower_z)",0.0316560931711412,0.0002684552776702,0.0772570797421437,0.0233937598337572
231,"s(lastRipplePower_z)",0.185397957936419,0.00113171345351008,0.102934276493682,0.0389129302318382
232,"s(lastRipplePower_z)",0.0654492853014073,0.000385111895510105,0.118352764091748,0.0308718558245387
233,"s(lastRipplePower_z)",0.0696163266597318,0.000574658205192283,0.11371311550156,0.0344714706709781
234,"s(lastRipplePower_z)",0.179180021283138,0.00142969627349761,0.122012448209643,0.0376326805190506
235,"s(lastRipplePower_z)",0.149722221587281,0.00141874384376727,0.181876750111203,0.0549564080956875
236,"s(lastRipplePower_z)",0.0469435839928184,0.000315849954626935,0.0837585293555338,0.0252855886576394
237,"s(lastRipplePower_z)",0.0865791930629851,0.000776847863119612,0.131160789151595,0.0397539304140255
238,"s(lastRipplePower_z)",0.00939111307865725,4.52756717356991e-05,0.0319819590704247,0.00967614299666072
239,"s(lastRipplePower_z)",0.131345319594806,0.000905139482209562,0.0885701157318722,0.0314814449346157
240,"s(lastRipplePower_z)",0.124817492927328,0.000714792547088661,0.144152651834033,0.0366105449697675
241,"s(lastRipplePower_z)",0.0896879397629341,0.000689454218952181,0.133336550731038,0.0410456597859388
242,"s(lastRipplePower_z)",0.00980621249927205,6.95810348582474e-05,0.039920226370881,0.0120887326718895
243,"s(lastRipplePower_z)",0.0524107698371263,0.000341700018458681,0.0604975059625067,0.018347227415175
244,"s(lastRipplePower_z)",0.0526815778413048,0.000496628238601619,0.105093794550479,0.0318272108975822
245,"s(lastRipplePower_z)",0.0758806975982967,0.000590410338927829,0.116111161594184,0.0351693096766391
246,"s(lastRipplePower_z)",0.0519749380923299,0.000474632954398703,0.0814948224508956,0.0248304892062455
247,"s(lastRipplePower_z)",0.0823037567184366,0.000345180496082269,0.0637930362878512,0.0197748199963491
248,"s(lastRipplePower_z)",0.0650760202874283,0.000315147539658347,0.0644925640871984,0.0203839015484986
249,"s(lastRipplePower_z)",0.0895879442074838,0.000463497111015861,0.101485285463429,0.0284951780906762
250,"s(lastRipplePower_z)",0.160914179255383,0.00105083868472688,0.110659209419813,0.0362800828781979
251,"s(lastRipplePower_z)",0.105551377532488,0.00054437075588643,0.0726115214944216,0.023337801554441
252,"s(lastRipplePower_z)",0.00491251990586006,3.68666637928516e-05,0.0289136185666273,0.00877939941965499
253,"s(lastRipplePower_z)",0.0177447098656834,0.000150289535336537,0.0577365036412267,0.0174762037684525
254,"s(lastRipplePower_z)",0.0571614784191765,0.000545407634999532,0.111389181189712,0.0337466534127516
255,"s(lastRipplePower_z)",0.0329664716024352,0.000236900112582731,0.0719356972147444,0.0217298792651887
256,"s(lastRipplePower_z)",0.0893970708849054,0.00083556184118036,0.135900010325351,0.0410991374515392
257,"s(lastRipplePower_z)",0.0319010280915295,0.000238719393454881,0.0728205436906259,0.021988385616817
258,"s(lastRipplePower_z)",0.0868850146496568,0.000468041893879289,0.108579559374239,0.0302135470812112
259,"s(lastRipplePower_z)",0.00227514089040759,2.09035298263613e-06,0.0067993938382076,0.00206101126522505
260,"s(lastRipplePower_z)",0.0873316705278379,0.000388364997247701,0.0617694690018142,0.0188546361709171
261,"s(lastRipplePower_z)",0.177103975085814,0.00104572824382687,0.104106050382276,0.0350146289685419
262,"s(lastRipplePower_z)",0.0491458603511877,0.000450650531060467,0.102579403906873,0.0312586001699675
263,"s(lastRipplePower_z)",0.0778511444604189,0.000754758565348793,0.132136014665028,0.0399532682538185
264,"s(lastRipplePower_z)",0.211769908349034,0.00136404305743662,0.177629478750375,0.0465258181369349
265,"s(lastRipplePower_z)",0.0312241639768025,0.000178866909879275,0.072450831598297,0.0191539913198086
266,"s(lastRipplePower_z)",0.0409138951755526,0.000386545179344486,0.0930235907658624,0.0281588341514465
267,"s(lastRipplePower_z)",0.0127742252861719,9.04610411102299e-05,0.0452440972864289,0.013638445001663
268,"s(lastRipplePower_z)",0.106629292793314,0.000713975119613433,0.0917470677564732,0.0290105835950245
269,"s(lastRipplePower_z)",0.156711040559249,0.00152205549282164,0.185748353105507,0.0561976477213145
270,"s(lastRipplePower_z)",0.197545677345546,0.00126540807063247,0.116918998921206,0.0329997887012146
271,"s(lastRipplePower_z)",0.128945641081583,0.000855766989247553,0.153055627112425,0.04232535428525
272,"s(lastRipplePower_z)",0.168862321881271,0.00122653245694667,0.187527331520517,0.0640848346124805
273,"s(lastRipplePower_z)",0.225166953124036,0.00165170868229519,0.265899420187529,0.0721177931534045
274,"s(lastRipplePower_z)",0.2150601986379,0.00132071139130526,0.12144357844226,0.0365404301445821
275,"s(lastRipplePower_z)",0.125551729862332,0.000552062302712941,0.0916766527745873,0.0268071639340708
276,"s(lastRipplePower_z)",0.00752738844604162,8.28349320339274e-05,0.0427098963542504,0.0129083547762361
277,"s(lastRipplePower_z)",0.201484961053827,0.00112914456075253,0.214186609788659,0.0522118665947186
278,"s(lastRipplePower_z)",0.113632660216389,0.000659759668071567,0.0782520376859214,0.0316893885975807
279,"s(lastRipplePower_z)",0.185890807176095,0.0010381689698498,0.245187139892069,0.0564390353371163
280,"s(lastRipplePower_z)",0.154958116198115,0.000978408908307031,0.0986333375440627,0.032345502380697
281,"s(lastRipplePower_z)",0.0421235049181721,0.000225261631075103,0.127488059501639,0.0340670722925387
282,"s(lastRipplePower_z)",0.107734434088586,0.000732710124340669,0.119383803827454,0.033307445298075
283,"s(lastRipplePower_z)",0.147240694388772,0.000870362250630804,0.0912272980047294,0.0302702489087257
284,"s(lastRipplePower_z)",0.119254792184205,0.000572757020649694,0.105303854796456,0.029092531063422
285,"s(lastRipplePower_z)",0.0644014443590866,0.000500171560156926,0.125065101707331,0.0387684585262372
286,"s(lastRipplePower_z)",0.111405806530847,0.000945922286424926,0.145651374517281,0.0440456518436702
287,"s(lastRipplePower_z)",0.00469672227064366,2.91805791431269e-05,0.0260783818535893,0.00793231815026956
288,"s(lastRipplePower_z)",0.1005884861294,0.000911871867966134,0.142570572881456,0.0431200764847214
289,"s(lastRipplePower_z)",-0.0570220081616153,0.000222540947867778,0.0722647463196464,0.0219380233827166
290,"s(lastRipplePower_z)",0.0238130620513424,7.21405319313674e-05,0.0379652749291512,0.0123964947239237
291,"s(lastRipplePower_z)",0.333360438825877,0.00244090922259244,0.152955927107895,0.053843215501855
292,"s(lastRipplePower_z)",0.0584908593992826,0.000562196314483441,0.113259576543767,0.034292479220013
293,"s(lastRipplePower_z)",0.0938321331169319,0.000584419976043109,0.130863623028514,0.0393806654191618
294,"s(lastRipplePower_z)",0.0140025561668717,0.000138166626680921,0.0563140778864904,0.0169554921764741
295,"s(lastRipplePower_z)",0.0998027098861505,0.000594784005950103,0.151358957383259,0.0405949854349633
296,"s(lastRipplePower_z)",0.111283701860905,0.000774150308078739,0.118573694741367,0.0359514828182521
297,"s(lastRipplePower_z)",0.127960487983844,0.000725946750048377,0.0919618817109575,0.0270735888851989
298,"s(lastRipplePower_z)",0.0561261252340078,0.000401006932109532,0.111895367072971,0.0345380878264332
299,"s(lastRipplePower_z)",0.11617247638882,0.000592264122399213,0.0913224112180398,0.0271841563645652
300,"s(lastRipplePower_z)",0.0276887781927977,0.000139051260527854,0.0392046203060682,0.0112135970950395
301,"s(lastRipplePower_z)",0.0352062656136527,0.000354347706817735,0.0911844579594458,0.0276889556537239
302,"s(lastRipplePower_z)",0.0264400596660989,0.000185289489964911,0.0651289509955227,0.0196566170118122
303,"s(lastRipplePower_z)",0.12230998219261,0.000773216736502551,0.0867380766966983,0.0282119247883029
304,"s(lastRipplePower_z)",0.0162760365222078,0.000146723805474683,0.0573547891813597,0.017302774474176
305,"s(lastRipplePower_z)",0.166632620421454,0.0011253833675844,0.104138382692694,0.0345603450668524
306,"s(lastRipplePower_z)",0.0519388279120923,0.00042495957210651,0.0980343795823588,0.0296062584835188
307,"s(lastRipplePower_z)",0.0218994929999439,0.000233251813727563,0.0735797756857423,0.0222762191446944
308,"s(lastRipplePower_z)",0.0408707793220127,0.000171634639337408,0.0695777126174407,0.0207280554781127
309,"s(lastRipplePower_z)",0.00111786507690592,3.24368391620034e-06,0.00870169125035473,0.00263550323143774
310,"s(lastRipplePower_z)",0.113404901525633,0.00118721428773326,0.165194881412089,0.0498730321364793
311,"s(lastRipplePower_z)",0.203615846181172,0.00114984325154682,0.124790598883652,0.0390725459520902
312,"s(lastRipplePower_z)",0.0330198709720297,0.000286447083394398,0.0803932505143341,0.0243159612570739
313,"s(lastRipplePower_z)",0.00791505421735494,8.6340142000148e-05,0.0436757270191848,0.0131962312954534
314,"s(lastRipplePower_z)",0.000834701516246872,2.44623775890797e-06,0.00740939734367399,0.00223216553386915
315,"s(lastRipplePower_z)",0.0261560104031163,0.000160809268334163,0.0592823178801664,0.0178769218175
316,"s(lastRipplePower_z)",0.00437066089423432,2.25437180869253e-05,0.0229062183855071,0.0069411759202333
317,"s(lastRipplePower_z)",0.00494875561808428,2.71575971945564e-05,0.0248914542760056,0.00754244758615541
318,"s(lastRipplePower_z)",0.101287537599293,0.000658529236258404,0.0731259885510968,0.0259313875605167
319,"s(lastRipplePower_z)",-0.000840484596395186,2.47501822085875e-07,0.00236919271307661,0.000718668569818466
320,"s(lastRipplePower_z)",0.0539157206514906,0.000464218479170716,0.1010893048283,0.0304801117243769
321,"s(lastRipplePower_z)",0.126145874695129,0.000905815077959876,0.17085194464093,0.0439863390113029
322,"s(lastRipplePower_z)",0.0880693501978471,0.000742283661785701,0.129589060464828,0.0390765861561589
323,"s(lastRipplePower_z)",0.0719453252100947,0.000498236904711795,0.0636365406951859,0.0215156607042587
324,"s(lastRipplePower_z)",0.10632560273766,0.000715667041740711,0.218804151463518,0.0657485087532736
325,"s(lastRipplePower_z)",0.0282611380376805,0.000236516238377484,0.0726962785277445,0.0220033790486455
326,"s(lastRipplePower_z)",0.0986608807503,0.000626288359347883,0.17423107307055,0.0514094191398992
327,"s(lastRipplePower_z)",0.0675300722911789,0.000229809704505266,0.053695752978746,0.0173393228446955
328,"s(lastRipplePower_z)",0.157344125651986,0.000805773978051671,0.174184265582759,0.0571403683724947
329,"s(lastRipplePower_z)",0.164050650890102,0.000988801094360243,0.103956833262624,0.0324153101036555
330,"s(lastRipplePower_z)",0.149758283995531,0.00113842508562227,0.199284912374582,0.0633404636757899
331,"s(lastRipplePower_z)",0.132836755085425,0.00105461588976959,0.208607654037878,0.0525134614870221
332,"s(lastRipplePower_z)",0.0758613807640458,0.000487321234285202,0.152612812108298,0.0385850587691728
333,"s(lastRipplePower_z)",0.332655157887126,0.00250467798994044,0.259186387170109,0.071818122089171
334,"s(lastRipplePower_z)",0.0229478517428683,8.1281626136836e-05,0.032171567080385,0.00928973296365343
335,"s(lastRipplePower_z)",0.0181741786157132,0.000157383958370001,0.0603047455010006,0.0182610602160457
336,"s(lastRipplePower_z)",0.234163705569981,0.00159274176568186,0.119304578361843,0.0430780696463509
337,"s(lastRipplePower_z)",0.0260872421829287,0.000213682248062981,0.0695318523566834,0.0210280880305533
338,"s(lastRipplePower_z)",0.107711144006687,0.000680315892881007,0.0753339543768038,0.0265376844707084
339,"s(lastRipplePower_z)",0.0845603833774454,0.000552765282554567,0.0828308556445505,0.0254380968095162
340,"s(lastRipplePower_z)",0.0581679709368508,0.000504811126127931,0.10753917150759,0.0325447806791678
341,"s(lastRipplePower_z)",0.0276337412771273,0.000258475829946867,0.0767325503408171,0.023117963006939
342,"s(lastRipplePower_z)",0.161597116530637,0.00136049135295908,0.116279756307085,0.0362932471995318
343,"s(lastRipplePower_z)",0.0537103906225943,0.000444764341909054,0.101170018205533,0.0305792606951387
344,"s(lastRipplePower_z)",0.0716174895225402,0.000378006189320095,0.120149102599393,0.0341461120091833
345,"s(lastRipplePower_z)",0.104341451197353,0.0007324520691585,0.106855370796483,0.0285388557652886
346,"s(lastRipplePower_z)",0.0380432547330937,0.000668067076690238,0.0881050383588912,0.0299132133843385
347,"s(lastRipplePower_z)",0.126418261576462,0.0006907101222184,0.101119574612441,0.0316881762513292
348,"s(lastRipplePower_z)",0.11997645150065,0.00114397684069047,0.162833208120466,0.0491866441601975
349,"s(lastRipplePower_z)",0.0893828895096572,0.000428386382628022,0.104678822064213,0.028915170654019
350,"s(lastRipplePower_z)",0.0271588529841186,0.000104725099562488,0.0433804099341763,0.013897948308108
351,"s(lastRipplePower_z)",0.0600800506020225,0.000603166206899438,0.114876007931974,0.0347426792784637
352,"s(lastRipplePower_z)",0.055666113493485,0.000333770735718241,0.0937973124726798,0.0292372526682485
353,"s(lastRipplePower_z)",0.197755417821095,0.0015065751259789,0.248943221051087,0.0648656113620073
354,"s(lastRipplePower_z)",0.0786997430571814,0.000730588551711628,0.131145995090482,0.0397437173619735
355,"s(lastRipplePower_z)",0.0219334416277313,0.0001753794151651,0.0641948977487731,0.0193712659455902
356,"s(lastRipplePower_z)",0.0168597907068515,0.000130043953505766,0.0549512290435142,0.0166305663494546
357,"s(lastRipplePower_z)",0.0682414808655754,0.00058726920684053,0.116755991974801,0.0352816660093915
358,"s(lastRipplePower_z)",0.014072732404754,0.000122331914679032,0.0523080553191476,0.0157894724994293
359,"s(lastRipplePower_z)",0.0740988665108757,0.000596470825205029,0.0691132801861464,0.0215018992299618
360,"s(lastRipplePower_z)",0.185925747166464,0.00143931661339896,0.17803782048138,0.0480022525336906
361,"s(lastRipplePower_z)",0.0577859518324888,0.00034075454559581,0.101448694195991,0.0342113404041584
362,"s(lastRipplePower_z)",0.0228619355423837,8.16755845134271e-05,0.0440570782274525,0.013393587347577
363,"s(lastRipplePower_z)",0.0301643260691784,0.000235269194948883,0.0724796737499036,0.0219148841056038
364,"s(lastRipplePower_z)",0.201316624578896,0.00130985777664558,0.113174268887964,0.0406052003925737
365,"s(lastRipplePower_z)",0.06683445553019,0.000584947018771785,0.114486087272298,0.0345808424675187
366,"s(lastRipplePower_z)",0.195513783802315,0.00128250547670991,0.121872281701267,0.0475036731686497
367,"s(lastRipplePower_z)",0.144363612140748,0.00119297616300149,0.163043119653304,0.0492771439517313
368,"s(lastRipplePower_z)",0.122237656890953,0.000939873414917597,0.0991736291646204,0.0340015713697371
369,"s(lastRipplePower_z)",0.0341916310343354,0.000243482221255743,0.0764078545236786,0.023901327048724
370,"s(lastRipplePower_z)",0.00394442002797191,5.05072731927622e-05,0.0334723820588195,0.0100884264339811
371,"s(lastRipplePower_z)",0.0713455945482604,0.000678700825398372,0.124518008037708,0.0376795782627608
372,"s(lastRipplePower_z)",0.0476815065573903,0.000300864409526788,0.0576672873031557,0.0171168346239695
373,"s(lastRipplePower_z)",0.078381308024521,0.00036805201036514,0.0617137884657924,0.0204005235111171
374,"s(lastRipplePower_z)",0.0812577677716864,0.000588140364822656,0.145662162875718,0.0392917520717577
375,"s(lastRipplePower_z)",0.0116015034432839,3.11782846011913e-05,0.0267028736958215,0.00771407085351668
376,"s(lastRipplePower_z)",0.173991734625449,0.00112451491560414,0.162105792280491,0.0408208854989186
377,"s(lastRipplePower_z)",0.15737193260975,0.00113087951628312,0.121190219093905,0.0389994008389454
378,"s(lastRipplePower_z)",0.013834910989901,0.000102416821098567,0.04859581199416,0.0147094221588589
379,"s(lastRipplePower_z)",0.100649619407451,0.000728088776778113,0.147521324623721,0.0414176096377509
380,"s(lastRipplePower_z)",0.0699307102329175,0.000648717082696681,0.120893382883628,0.0365383097978785
381,"s(lastRipplePower_z)",0.000253552812360502,3.05913993266073e-06,0.00830272075982417,0.00251231263252757
382,"s(lastRipplePower_z)",0.0160083723563642,0.000128642116001477,0.0538428194709369,0.0162706035588049
383,"s(lastRipplePower_z)",0.104687561562533,0.000658015194256659,0.0781408573779042,0.0251935256796152
384,"s(lastRipplePower_z)",0.054896071918076,0.000500215781873218,0.106708988325842,0.0323763922278268
385,"s(lastRipplePower_z)",0.0115782756478673,0.000121837512229697,0.0522993802347422,0.0158487975048499
386,"s(lastRipplePower_z)",0.123626375711821,0.000653895633590637,0.134900617568251,0.0455745668428653
387,"s(lastRipplePower_z)",0.0192044759939098,0.000146278396153956,0.0571308460536046,0.0172129597314793
388,"s(lastRipplePower_z)",0.118658597193211,0.00119322878342848,0.165450141915276,0.0500937027636269
389,"s(lastRipplePower_z)",0.051003845941314,0.000238234353122812,0.082094298510704,0.0247488456238624
390,"s(lastRipplePower_z)",0.0460146910531791,0.000312446673511246,0.0548871498081002,0.0143708067540563
391,"s(lastRipplePower_z)",0.249401600155575,0.00200504389357701,0.225846056473792,0.0587368068610992
392,"s(lastRipplePower_z)",0.201579722166954,0.00130145170225425,0.151770514186969,0.0467047920469975
393,"s(lastRipplePower_z)",0.0983136892549679,0.000660642425938157,0.14861586731869,0.0383728141842021
394,"s(lastRipplePower_z)",0.0753842518371242,0.000645936432031148,0.119637201644971,0.0362337626569493
395,"s(lastRipplePower_z)",0.0258331620075767,0.000104278313042833,0.0426097584733328,0.0123197803715434
396,"s(lastRipplePower_z)",0.00394657075596749,6.52180241020425e-06,0.0122612718678652,0.00373277809028527
397,"s(lastRipplePower_z)",0.0176089118192414,0.000120771547834531,0.0515631746573,0.0155927270968231
398,"s(lastRipplePower_z)",0.0437324797360068,0.000418237601924609,0.0981455498285041,0.0296191328126605
399,"s(lastRipplePower_z)",0.124472069635968,0.000865325442496377,0.129468085623462,0.0498346324007108
400,"s(lastRipplePower_z)",-0.000825824630488192,0.000371308293408163,0.092142334864496,0.0278333612477957
401,"s(lastRipplePower_z)",0.0492787382772946,0.000538633357318006,0.111555063426295,0.0337811055588626
402,"s(lastRipplePower_z)",0.0856793528122288,0.000755511808676029,0.132314124221912,0.0400011311489619
403,"s(lastRipplePower_z)",0.106145886642121,0.00078060020126244,0.184605435212357,0.0543230526691368
404,"s(lastRipplePower_z)",0.0230428922804442,0.00016345954035188,0.0599418067235185,0.0181095457909384
405,"s(lastRipplePower_z)",0.22337341587239,0.00164016502307688,0.151790526831455,0.0465178867964401
406,"s(lastRipplePower_z)",0.118840670389956,0.00117473464223391,0.162061164148995,0.0489180799536537
407,"s(lastRipplePower_z)",0.245272564898046,0.00186585995575957,0.127448422254721,0.0454631749304017
408,"s(lastRipplePower_z)",0.211326448831922,0.00143310312239339,0.130912685384954,0.0455299941118042
409,"s(lastRipplePower_z)",0.195287386733617,0.00181143605775399,0.205170191613989,0.0622173316702776
410,"s(lastRipplePower_z)",0.0835840136040105,0.000714001455327304,0.126930970659165,0.0383757697504909
411,"s(lastRipplePower_z)",0.0741360773753175,0.000639719918722601,0.12251136535167,0.0370923189212631
412,"s(lastRipplePower_z)",0.0880810889927989,0.000509816363710231,0.0798447693348537,0.0242883658424197
413,"s(lastRipplePower_z)",0.0457094548066765,0.000423285691996293,0.0738988482505783,0.0218548798648512
414,"s(lastRipplePower_z)",0.129858529562783,0.0011747860078339,0.16299152853813,0.0493391682878259
415,"s(lastRipplePower_z)",0.0371425317390943,0.000249060522054777,0.108554620052568,0.0324160219598221
416,"s(lastRipplePower_z)",0.0986555522070293,0.000691261660014098,0.122409552657293,0.0412638354253643
417,"s(lastRipplePower_z)",0.0272619970121704,0.000109854532239176,0.0437345584509162,0.014633217768841
418,"s(lastRipplePower_z)",0.0788719095935922,0.000727059399577312,0.129988690369068,0.0393145496254425
419,"s(lastRipplePower_z)",0.141421246749616,0.00101935987921013,0.192837206877345,0.0499442260573933
420,"s(lastRipplePower_z)",0.136615286427762,0.00106551639501371,0.11361054963848,0.0300346783001276
421,"s(lastRipplePower_z)",0.031838222206047,0.000253756704212816,0.0753636656010781,0.0228022515285508
422,"s(lastRipplePower_z)",0.0360311883265074,0.000182863227455837,0.0559002214723643,0.0172953868852612
423,"s(lastRipplePower_z)",0.148390814126091,0.000998365499987054,0.15460243923767,0.0466605339825242
424,"s(lastRipplePower_z)",0.20109272888149,0.0011602796282538,0.128060983230475,0.0401805846692606
425,"s(lastRipplePower_z)",0.122670825107696,0.000726778306915496,0.0809834067154269,0.0284003949963417
426,"s(lastRipplePower_z)",0.152760156950956,0.000854523421266547,0.0962456778802293,0.0318171257786327
427,"s(lastRipplePower_z)",0.114204835440849,0.00113834013855856,0.157120785253624,0.047477647823141
428,"s(lastRipplePower_z)",0.0433861865585,0.000189149264793937,0.0734725142788444,0.0217908408410948
429,"s(lastRipplePower_z)",0.0661315025822335,0.000391007311282979,0.0865182290694564,0.0316472848919916
430,"s(lastRipplePower_z)",0.110981367114023,0.000542631874244367,0.0824068552557257,0.024875285187034
431,"s(lastRipplePower_z)",0.0213193753127761,0.000172645236136943,0.0635161275532619,0.0192363306506012
432,"s(lastRipplePower_z)",0.0618332017904254,0.000450994790706651,0.113849886819915,0.0357806133480303
433,"s(lastRipplePower_z)",0.0822730785263601,0.000435284153978526,0.0648669704033597,0.0208407091975226
434,"s(lastRipplePower_z)",0.128847298360043,0.000756205116656345,0.125527882614803,0.0364392382194381
435,"s(lastRipplePower_z)",0.158834687755609,0.000893263300434175,0.101076090701866,0.0311877099009129
436,"s(lastRipplePower_z)",0.0156665630005162,0.000166068035667796,0.0611862494134635,0.0184901740089321
437,"s(lastRipplePower_z)",0.162742368457835,0.00130306312616317,0.194636798441241,0.0532727577778193
438,"s(lastRipplePower_z)",0.0791456507926798,0.0006150008458735,0.0873577619777006,0.0272774063736322
439,"s(lastRipplePower_z)",0.0453951006299885,0.000360929352404083,0.0963645537984607,0.0297721716067611
440,"s(lastRipplePower_z)",0.0219890651738239,0.000214778192456613,0.0698827314131953,0.0211344077335897
441,"s(lastRipplePower_z)",0.153949410415904,0.001082969446988,0.16494692748235,0.0449820860709386
442,"s(lastRipplePower_z)",0.05265495082453,0.000334014415842077,0.091549866427671,0.0302963984834347
443,"s(lastRipplePower_z)",0.123149160338928,0.000677430694752106,0.0891096271436774,0.0309688567209587
444,"s(lastRipplePower_z)",0.185430253449378,0.00134159416430474,0.11778243769232,0.0354600538025259
445,"s(lastRipplePower_z)",0.0223276624132271,0.000202055306562801,0.067395459184694,0.0204006148271969
446,"s(lastRipplePower_z)",0.166110489886518,0.00116966373290596,0.15151188189496,0.0454704339004972
447,"s(lastRipplePower_z)",0.187249000237088,0.00133872267815903,0.108480807812343,0.0383844827555094
448,"s(lastRipplePower_z)",0.0988203590747108,0.00064920772761321,0.0809173721263117,0.0231422052877469
449,"s(lastRipplePower_z)",0.0152885249417903,0.000110126066157684,0.0501687263456353,0.0151805226409151
450,"s(lastRipplePower_z)",0.117435332749138,0.000803636151104464,0.0975376435243855,0.0295838128703533
451,"s(lastRipplePower_z)",0.0298287787451708,0.000571068391740715,0.12434250711363,0.0380232214241028
452,"s(lastRipplePower_z)",0.0610237768464104,0.000568982812785655,0.116528877161136,0.0353515002263568
453,"s(lastRipplePower_z)",0.269726822250815,0.00205361286841516,0.282787164406312,0.065562883352726
454,"s(lastRipplePower_z)",0.130066108578294,0.00079692960083848,0.087537412795904,0.027286715064973
455,"s(lastRipplePower_z)",0.0270012993126075,9.33607857663771e-05,0.0450661114575559,0.013533624591629
456,"s(lastRipplePower_z)",0.0301411939854209,0.000116131510570529,0.0382188462342657,0.0116482528346156
457,"s(lastRipplePower_z)",0.11095345853699,0.000639670571921203,0.152155235315746,0.0427824277739933
458,"s(lastRipplePower_z)",0.0702795221929748,0.000208954720862092,0.0775259880636419,0.0213673821500961
459,"s(lastRipplePower_z)",0.186357661685084,0.00129654049682011,0.109539165165511,0.0370646984008176
460,"s(lastRipplePower_z)",0.175516567473535,0.00121372890419611,0.119831564500663,0.0359373470891634
461,"s(lastRipplePower_z)",0.0348644163491089,0.000342451692550432,0.0894733242325926,0.0270712756959765
462,"s(lastRipplePower_z)",0.0301701079467895,0.000227482696935643,0.0708323109902997,0.0213979312045393
463,"s(lastRipplePower_z)",0.0118663663014987,9.58422980380463e-05,0.0468081962354784,0.0141600202513685
464,"s(lastRipplePower_z)",0.150866818419775,0.000909225467717542,0.100095367990871,0.0308789009044008
465,"s(lastRipplePower_z)",0.104832951135401,0.000713794563270544,0.154237358749756,0.0393949818684268
466,"s(lastRipplePower_z)",0.137860277610772,0.0010267841948528,0.109354494384753,0.0356387600267793
467,"s(lastRipplePower_z)",0.0584588578754732,0.000448842773555242,0.100493942417899,0.0303783763208795
468,"s(lastRipplePower_z)",0.0760353305853851,0.000317669838976796,0.0872973607864113,0.0244760662502315
469,"s(lastRipplePower_z)",0.0472600855825605,0.000232756245711123,0.0539715774520747,0.0163335627695576
470,"s(lastRipplePower_z)",0.116879783474039,0.000636219532962448,0.0835765586988276,0.0263923502455623
471,"s(lastRipplePower_z)",0.0696898320919905,0.000633395000004151,0.119172855388015,0.0360828140376341
472,"s(lastRipplePower_z)",0.159858227672817,0.000958654581787519,0.137694063244115,0.036676010113805
473,"s(lastRipplePower_z)",0.173103928746857,0.00107756297962256,0.117369036901705,0.0390958105892066
474,"s(lastRipplePower_z)",0.0784678909737379,0.000462225554294022,0.102261100342915,0.030875711054116
475,"s(lastRipplePower_z)",0.048855500681793,0.000208776638021514,0.0630376421580276,0.0196094371333189
476,"s(lastRipplePower_z)",0.0579141671095191,0.000451322060078577,0.0770761110170935,0.0246589606383472
477,"s(lastRipplePower_z)",0.0184731582111094,0.000139395210575785,0.0558258622459546,0.0168655342247079
478,"s(lastRipplePower_z)",0.0656137897211571,0.000573648676640688,0.114358728153133,0.0346093754745143
479,"s(lastRipplePower_z)",0.0739681718256477,0.000670939007629828,0.122251295163533,0.036803432877914
480,"s(lastRipplePower_z)",0.0163133784265426,0.000178983405021723,0.0634662724860329,0.0192635480716659
481,"s(lastRipplePower_z)",0.130759123361605,0.000933380097140828,0.0940380821357809,0.0297731213572318
482,"s(lastRipplePower_z)",0.272751197831937,0.00241699889624432,0.310034228513694,0.0733365773285106
483,"s(lastRipplePower_z)",0.0584842990498371,0.000479268676369235,0.10502524525155,0.0317718221516055
484,"s(lastRipplePower_z)",0.180744591954749,0.00106174385044448,0.138493003751911,0.0482656518260748
485,"s(lastRipplePower_z)",0.213080848326891,0.00163795664726161,0.155828417555715,0.0471065367792218
486,"s(lastRipplePower_z)",0.0231722340504347,0.000206235242220408,0.0679482840487123,0.0206114573562541
487,"s(lastRipplePower_z)",0.163162225056773,0.00100524726606572,0.168457679101338,0.0415453052013019
488,"s(lastRipplePower_z)",0.0684213699401671,0.000585415836487282,0.114231501107786,0.0345348396272294
489,"s(lastRipplePower_z)",0.191037110748218,0.0011479091563743,0.112232837874405,0.0350915220286276
490,"s(lastRipplePower_z)",0.205973426571067,0.0012103904309484,0.150270545254136,0.0398891145428895
491,"s(lastRipplePower_z)",0.212191798596998,0.00134505699776454,0.163625154324434,0.0475022122947805
492,"s(lastRipplePower_z)",0.225078365332446,0.00158938366119637,0.129543490287607,0.0422615874235641
493,"s(lastRipplePower_z)",0.155026257441299,0.00109573274280963,0.236941610405852,0.0653297405030918
494,"s(lastRipplePower_z)",0.0426976846434208,0.000279889686789805,0.0971234112545451,0.0262434724313027
495,"s(lastRipplePower_z)",0.00708039576240094,7.61807886468968e-05,0.0413747894849946,0.0125096760834427
496,"s(lastRipplePower_z)",0.0389991305573879,0.000394878740013066,0.0939765288166443,0.0283199320864864
497,"s(lastRipplePower_z)",0.131851747684856,0.000816315483477053,0.134646724108841,0.0384324624046526
498,"s(lastRipplePower_z)",-0.034246043665607,0.000136437591600966,0.0555920065414724,0.0168011063751798
499,"s(lastRipplePower_z)",0.0271379373458033,0.000162611961009788,0.0607970164954128,0.018416851706704
500,"s(lastRipplePower_z)",0.0081889790011298,1.39223437207232e-05,0.0174212059181685,0.00525522786847216
501,"s(lastRipplePower_z)",0.137730175882023,0.000848939385866902,0.129358215348342,0.0382028609061228
502,"s(lastRipplePower_z)",0.129988301333241,0.000821766135055717,0.117918282677957,0.0345199496900383
503,"s(lastRipplePower_z)",0.154264611549457,0.00087618683954863,0.119592474444257,0.0395517358359222
504,"s(lastRipplePower_z)",0.00760447639298967,5.10278387463136e-05,0.0333863020923943,0.0100845145511161
505,"s(lastRipplePower_z)",0.217763997992619,0.00164357193930731,0.165500950427122,0.0471846755540863
506,"s(lastRipplePower_z)",0.168728820023193,0.0011104605863725,0.110600218776856,0.0362233115421097
507,"s(lastRipplePower_z)",0.0703595028283865,0.000706097724944909,0.125562744702196,0.0380465463433241
508,"s(lastRipplePower_z)",0.13940944698201,0.00106234556244891,0.174970198973201,0.0446277085721182
509,"s(lastRipplePower_z)",0.00918344327452514,2.89150750045303e-05,0.0317519611536473,0.0096744921752228
510,"s(lastRipplePower_z)",0.161364810964399,0.00159546908767579,0.187955777316532,0.0567720555161321
511,"s(lastRipplePower_z)",0.00137756781105769,1.98276309229007e-06,0.00669850551597283,0.00202788692569522
512,"s(lastRipplePower_z)",0.106084270815467,0.000511873153502717,0.121778743681213,0.0342458591182523
513,"s(lastRipplePower_z)",0.191903368801022,0.00130597106592603,0.11249177762248,0.0381106597973946
514,"s(lastRipplePower_z)",0.153515923728243,0.00089637632194885,0.0920942945857359,0.0305971091090882
515,"s(lastRipplePower_z)",0.0712432081227357,0.000637825667109178,0.122374261457463,0.0371787559018995
516,"s(lastRipplePower_z)",0.174847721205951,0.00111016296367441,0.203901737915546,0.04950547496687
517,"s(lastRipplePower_z)",0.164410061382134,0.00114899747268994,0.104005468078041,0.0350949090561013
518,"s(lastRipplePower_z)",0.148643617189035,0.000895994482566531,0.0900877232501596,0.0339482590550597
519,"s(lastRipplePower_z)",-0.000332832093408175,1.2689958479752e-06,0.00538386956516726,0.00163172150754902
520,"s(lastRipplePower_z)",0.0470001152215118,0.000363165689778032,0.0903113772292016,0.0273367424313121
521,"s(lastRipplePower_z)",0.0707781352207939,0.000532517828704837,0.0709952540818164,0.0226599500646777
522,"s(lastRipplePower_z)",0.163540281527368,0.00135295609804716,0.226852055443422,0.058674091367033
523,"s(lastRipplePower_z)",0.125678730113313,0.000744813962248689,0.120437733313601,0.0366570718826233
524,"s(lastRipplePower_z)",0.270356974447076,0.00188708718640393,0.204907084599891,0.0504153740993332
525,"s(lastRipplePower_z)",0.0249378266267544,0.000157840963710811,0.0615735146306717,0.0186449385790544
526,"s(lastRipplePower_z)",0.21339736215431,0.00128268195506746,0.147203044306522,0.0428558764567146
527,"s(lastRipplePower_z)",0.161780737288195,0.000992658655512926,0.123801649688474,0.0382142919041616
528,"s(lastRipplePower_z)",0.0626114735448474,0.000496256730204682,0.0761712196375011,0.0237446287703008
529,"s(lastRipplePower_z)",0.0548143948348521,0.000508792591925628,0.108539741163449,0.0328670398936338
530,"s(lastRipplePower_z)",0.105418384503683,0.000576221262592111,0.086438773404693,0.025891226271398
531,"s(lastRipplePower_z)",0.0159627698112801,0.000120267130247115,0.0521138662078187,0.0157683908648722
532,"s(lastRipplePower_z)",0.318280799813709,0.00252480023611864,0.32264774021436,0.0755461141828669
533,"s(lastRipplePower_z)",0.0771004519945908,0.000664577224522028,0.123161645462079,0.0372573916189288
534,"s(lastRipplePower_z)",0.017127870979429,0.00013433446622689,0.0562250798823838,0.0170172717189052
535,"s(lastRipplePower_z)",0.162273734386589,0.000911173621880952,0.136923322640201,0.0369926499690391
536,"s(lastRipplePower_z)",0.131799127892417,0.000725474165739749,0.0952397040695511,0.0271378484169107
537,"s(lastRipplePower_z)",0.0926450832314025,0.000546712958068851,0.109576751026215,0.0297594786546958
538,"s(lastRipplePower_z)",0.0789544499682842,0.000757109925016606,0.131232410416736,0.0395611841098233
539,"s(lastRipplePower_z)",0.136225016897961,0.000833751064712007,0.1464918829679,0.0441702702301972
540,"s(lastRipplePower_z)",0.0687903067615896,0.000533964350735473,0.110541262886546,0.0336145543130974
541,"s(lastRipplePower_z)",0.0655004987520011,0.000464944743383556,0.104853730118863,0.030860142020898
542,"s(lastRipplePower_z)",0.0223020062922157,0.000203647192256206,0.0682640176221763,0.0207477982189342
543,"s(lastRipplePower_z)",0.0831818946368471,0.000480345286450096,0.138390454639108,0.0368964041577235
544,"s(lastRipplePower_z)",0.00564405013517799,5.757900841525e-05,0.0363338001145055,0.0109953514389862
545,"s(lastRipplePower_z)",0.22355018750404,0.00131488498781245,0.149655666867663,0.0405842028312069
546,"s(lastRipplePower_z)",0.0662325795718787,0.000590396045221049,0.115727974938852,0.0349861749774763
547,"s(lastRipplePower_z)",0.0224417405125884,0.000207788061904829,0.0687050255224015,0.0207868322656247
548,"s(lastRipplePower_z)",0.295304683419677,0.0021210383779048,0.174969550316086,0.0537876649968714
549,"s(lastRipplePower_z)",0.136439989288628,0.000873449806529875,0.0889713515873731,0.0355788883906784
550,"s(lastRipplePower_z)",0.047100303558081,0.000408826268922226,0.0977552061854104,0.0296160209030135
551,"s(lastRipplePower_z)",0.0233197701230099,0.000447073094546356,0.0995648874465553,0.0300658443527188
552,"s(lastRipplePower_z)",0.0799631332383136,0.000466070405610065,0.0687957248191624,0.0217833677482151
553,"s(lastRipplePower_z)",0.222775338170792,0.00141554545844885,0.11645821867541,0.0408168758053201
554,"s(lastRipplePower_z)",0.00513491754416862,4.48129680239463e-05,0.0318378243314604,0.00961953350508261
555,"s(lastRipplePower_z)",0.058056976594222,0.000597740226172915,0.116839623541233,0.0353574707635835
556,"s(lastRipplePower_z)",0.0155595326242638,0.000133771553450933,0.0551439582059442,0.0166628667250037
557,"s(lastRipplePower_z)",0.103332804588186,0.000770957959974991,0.18619664245133,0.0485620077595511
558,"s(lastRipplePower_z)",0.148616413392855,0.000993021731455376,0.173998009896379,0.0470929653398225
559,"s(lastRipplePower_z)",0.198036793028278,0.00138737630697489,0.120868677967123,0.0407942830897809
560,"s(lastRipplePower_z)",0.123608857333054,0.000633158185439177,0.0905098246121002,0.0300813413088579
561,"s(lastRipplePower_z)",0.168528302173728,0.00157413022160994,0.190494447364255,0.0576750877523611
562,"s(lastRipplePower_z)",0.0201263227309282,0.000232237385058785,0.0729696157356431,0.0220587344259936
563,"s(lastRipplePower_z)",0.0883270703083486,0.000775501757621078,0.132677749077995,0.0401950646978662
564,"s(lastRipplePower_z)",0.13277368584857,0.00103537008436057,0.196845722101696,0.0499976779240143
565,"s(lastRipplePower_z)",0.203577121734621,0.00135761610677165,0.129732138327059,0.0433354663369759
566,"s(lastRipplePower_z)",0.0185228233085255,0.000134486146968188,0.055246092992842,0.0166816513172091
567,"s(lastRipplePower_z)",0.00543208606526013,5.54835749127095e-05,0.0355083928992227,0.0107601794499987
568,"s(lastRipplePower_z)",0.0490402974287631,0.000635534150121405,0.119201659491793,0.0361041829656206
569,"s(lastRipplePower_z)",0.0709604638700061,0.000611418161741405,0.116641490499667,0.0352621485883459
570,"s(lastRipplePower_z)",0.167451671790391,0.00105345363855823,0.121061748973006,0.0403871199665412
571,"s(lastRipplePower_z)",0.0299513405823515,0.0002291255426777,0.0721734728049848,0.0217837713669771
572,"s(lastRipplePower_z)",0.144679290282629,0.000896350735210617,0.0985495144905477,0.0339266965712338
573,"s(lastRipplePower_z)",0.00340472450895235,3.823009121397e-05,0.0298064198401378,0.00900096210766168
574,"s(lastRipplePower_z)",0.0920340088049441,0.000622781194826714,0.0746644302816176,0.0226652271431857
575,"s(lastRipplePower_z)",0.145452557711207,0.000832256448846253,0.0977134960294491,0.0333159991950001
576,"s(lastRipplePower_z)",0.00236360070800756,1.0879564305935e-05,0.015926021874837,0.00481943599438861
577,"s(lastRipplePower_z)",0.11671389194065,0.000934094392883057,0.149302971710337,0.0391643273396694
578,"s(lastRipplePower_z)",0.0313530014036615,6.17522921244245e-05,0.0462478115972068,0.0127726585439418
579,"s(lastRipplePower_z)",0.0210563066623584,0.000192683427859133,0.0659252817745413,0.0199306155988372
580,"s(lastRipplePower_z)",0.110503375713794,0.000851397056953239,0.095167781968132,0.0304013284613213
581,"s(lastRipplePower_z)",0.0796552919968065,0.000533110081868392,0.0792013076106338,0.0253555908165168
582,"s(lastRipplePower_z)",0.014147549270732,3.64908931499621e-05,0.0249033963158711,0.00700105514507348
583,"s(lastRipplePower_z)",0.0120088898687538,8.62046113561362e-05,0.0446173934298428,0.0134672826488397
584,"s(lastRipplePower_z)",0.0980188543646378,0.000905786986658894,0.1435769291183,0.043478347402196
585,"s(lastRipplePower_z)",0.000905954107771834,7.36091305941711e-06,0.0128835950872896,0.0039023309295504
586,"s(lastRipplePower_z)",0.0259970582460265,0.000145659220189216,0.0570719269134347,0.0172904249989051
587,"s(lastRipplePower_z)",0.113448370568689,0.00106191814968794,0.152893549717957,0.046154924000894
588,"s(lastRipplePower_z)",0.0277914750276798,5.5446286216408e-05,0.0541199643905879,0.0144056697377921
589,"s(lastRipplePower_z)",0.0154568213961996,0.000127405360566553,0.0530716278269611,0.0160410415075227
590,"s(lastRipplePower_z)",0.111550149084866,0.000604335816471406,0.124593043071794,0.0381856886035588
591,"s(lastRipplePower_z)",0.0493671094872103,0.000383192258006121,0.0919688360116907,0.027815995772251
592,"s(lastRipplePower_z)",0.0766300240593174,0.000412976071205401,0.0930877183968212,0.0339981011561888
593,"s(lastRipplePower_z)",0.06263139001776,0.000471807337872804,0.0617672886637197,0.0199074749067391
594,"s(lastRipplePower_z)",-0.000434668609532229,4.85335451539945e-06,0.0105180761912842,0.00318671878371365
595,"s(lastRipplePower_z)",0.134708929170836,0.0010016344312258,0.258476189429603,0.0705197014263371
596,"s(lastRipplePower_z)",0.073093387383721,0.000657024967711536,0.122228222361321,0.0369556801368249
597,"s(lastRipplePower_z)",0.143618480151702,0.000912491812219479,0.18564580846714,0.0601890878032269
598,"s(lastRipplePower_z)",0.0170447243847383,0.000123520277390614,0.0526493949849476,0.0159738353220606
599,"s(lastRipplePower_z)",0.0447641755400082,0.000360213458812101,0.0914689020968607,0.0277195760522478
600,"s(lastRipplePower_z)",0.0628830101534439,0.00051233352605139,0.109261576883823,0.0330493510244822
601,"s(lastRipplePower_z)",0.107968561211617,0.000219671156536373,0.0745344659740478,0.02310521961076
602,"s(lastRipplePower_z)",0.0857797321297311,0.000474044291448765,0.116272002895275,0.0317878902756182
603,"s(lastRipplePower_z)",0.122464269444272,0.000959331973854542,0.104896167967432,0.0341474788202007
604,"s(lastRipplePower_z)",0.0155820912611024,9.74356553511324e-05,0.0466688604266303,0.0141548965627504
605,"s(lastRipplePower_z)",0.0562829437176074,0.000318759247104501,0.12865800206476,0.0358036475671665
606,"s(lastRipplePower_z)",0.170073213729675,0.00148383646760883,0.162131219900835,0.039975974687908
607,"s(lastRipplePower_z)",0.0383888335715435,0.000266816138229358,0.0828155523271311,0.0257233770987412
608,"s(lastRipplePower_z)",0.0511974589333477,0.000493416058843636,0.103975938793886,0.0315498575519565
609,"s(lastRipplePower_z)",0.0333700217978511,0.000357788765344376,0.0890501708454648,0.0269429395823038
610,"s(lastRipplePower_z)",0.0782881547795725,0.000485862658476524,0.0789428632008446,0.022958806179653
611,"s(lastRipplePower_z)",0.0409694493968584,0.000418901400499965,0.0971054937163103,0.0294062536785932
612,"s(lastRipplePower_z)",0.0168682122613608,0.000122908760113763,0.053715566791196,0.016291355975961
613,"s(lastRipplePower_z)",0.127907636871864,0.000964740487489725,0.137812412221923,0.0378406722403095
614,"s(lastRipplePower_z)",0.00738075883120815,8.22185669518043e-05,0.0435043610074666,0.0131379953117506
615,"s(lastRipplePower_z)",0.0364525921207617,0.000125838519653646,0.0856615642554984,0.0247764338054597
616,"s(lastRipplePower_z)",0.13033141906704,0.000723941546038999,0.107867960981778,0.0344543281024363
617,"s(lastRipplePower_z)",0.0889741398313066,0.00043164579895123,0.0760956224657804,0.0233975920023155
618,"s(lastRipplePower_z)",0.00911117007590789,7.13929095292685e-05,0.040775876730234,0.012352784067746
619,"s(lastRipplePower_z)",0.0284321522640492,0.00036147980062928,0.091154404768629,0.027544668916147
620,"s(lastRipplePower_z)",0.0267948195361628,0.000172157666872033,0.0672677111149716,0.020236695817867
621,"s(lastRipplePower_z)",0.0965310092322611,0.000627819561187871,0.117285620066413,0.0354949735321448
622,"s(lastRipplePower_z)",0.070237244786638,0.000465767812296155,0.0562238097387827,0.0205119171155128
623,"s(lastRipplePower_z)",0.0530802554167564,0.000301804421328621,0.0582586982050349,0.0163109659636698
624,"s(lastRipplePower_z)",0.0463619706697608,0.00041180573124081,0.0975738193033118,0.0294856311569639
625,"s(lastRipplePower_z)",0.0403748137367348,0.000333032960823318,0.0872545615327698,0.0265443858249812
626,"s(lastRipplePower_z)",0.00826783448026946,7.5920248234121e-05,0.0424786527097758,0.0128957812682787
627,"s(lastRipplePower_z)",0.0107469594546508,0.000134321452504782,0.0545847521331147,0.016532620235621
628,"s(lastRipplePower_z)",0.15025989897761,0.00088077685960338,0.0898674190937939,0.030974684221942
629,"s(lastRipplePower_z)",0.0202191286765484,0.000237865876366113,0.0742048415773605,0.0224126211104983
630,"s(lastRipplePower_z)",0.0462319469487912,0.000395670714097877,0.0949020720415094,0.0287172530889832
631,"s(lastRipplePower_z)",0.0503176751688219,0.00048906455643732,0.107364013273481,0.0324168487886587
632,"s(lastRipplePower_z)",0.0322038627304386,0.000254984384403624,0.0744434691046299,0.0224778564636587
633,"s(lastRipplePower_z)",0.119412058291437,0.000725125028554569,0.0901888839294863,0.0283370127883366
634,"s(lastRipplePower_z)",0.160496107319479,0.00123433379699326,0.182395931188507,0.049183476336644
635,"s(lastRipplePower_z)",0.130487706722772,0.000852043873443414,0.157655673833746,0.0427382530247532
636,"s(lastRipplePower_z)",0.176244942438699,0.00149514500215625,0.184892741500624,0.0557588685824639
637,"s(lastRipplePower_z)",0.105974297296655,0.000739953744285478,0.0795769802427716,0.0284299683618958
638,"s(lastRipplePower_z)",0.102732232943086,0.000543660576669049,0.101385868695419,0.0302514539178149
639,"s(lastRipplePower_z)",0.0589578538658027,0.000534549800397026,0.109760400838803,0.0331905419138746
640,"s(lastRipplePower_z)",0.144917205781235,0.000810479635957915,0.12657828950225,0.0324318864328213
641,"s(lastRipplePower_z)",0.0665430484369408,0.000481474740755686,0.184675121474632,0.0519242938716059
642,"s(lastRipplePower_z)",0.0467654008201686,0.000242198333056577,0.0562221136703801,0.0165794455062886
643,"s(lastRipplePower_z)",0.264821606964748,0.00177760247702376,0.154138216601992,0.0494806734993541
644,"s(lastRipplePower_z)",0.0956473421782584,0.000426257417058821,0.104653044330344,0.0307518395589323
645,"s(lastRipplePower_z)",0.00368617871407229,1.20423480548217e-05,0.0163388065631035,0.00493496931183099
646,"s(lastRipplePower_z)",0.111677801782756,0.000565153747199268,0.0806175495197716,0.0241954185041046
647,"s(lastRipplePower_z)",0.147024159352031,0.00102936337225463,0.0943750720118147,0.0335298219267129
648,"s(lastRipplePower_z)",0.0947297601502762,0.000733252050455623,0.208671822957268,0.0501755920424559
649,"s(lastRipplePower_z)",0.301316185885235,0.00279064494382206,0.216041547421917,0.0569541982863697
650,"s(lastRipplePower_z)",0.211880433951868,0.00141319684427167,0.122861026717133,0.0378335374591595
651,"s(lastRipplePower_z)",0.00247419201153909,1.65602018948882e-05,0.0194961721935332,0.00590173397526813
652,"s(lastRipplePower_z)",0.0557957073031347,0.000256592948087286,0.106138169591277,0.0299820553314907
653,"s(lastRipplePower_z)",0.028726952914375,0.000201595204500712,0.0668929970384939,0.0202229616154178
654,"s(lastRipplePower_z)",0.0300379228771861,0.000151553909533049,0.0386920698001084,0.0109380081714586
655,"s(lastRipplePower_z)",0.162586382645411,0.00111184908668778,0.0984479707280845,0.0346587823106722
656,"s(lastRipplePower_z)",0.0533547573437704,0.000354760853645698,0.0970187789362438,0.0259701401851475
657,"s(lastRipplePower_z)",0.0296974111266511,0.000184523257668057,0.0829895797364482,0.0282485576841849
658,"s(lastRipplePower_z)",0.0847952635954868,0.000344515057833196,0.0661977570892335,0.0194327277255739
659,"s(lastRipplePower_z)",0.0292400500593266,0.000285318858197233,0.0801316719456731,0.0242303158714973
660,"s(lastRipplePower_z)",0.128603150169012,0.000727169220812132,0.178239289561589,0.0464177408979352
661,"s(lastRipplePower_z)",0.00343987135622503,2.23970536227401e-05,0.0224898239658849,0.00679793063116416
662,"s(lastRipplePower_z)",0.14404897375058,0.000885153887099875,0.112528427787798,0.0369149004174864
663,"s(lastRipplePower_z)",0.0326193645689203,0.000339341685710817,0.0877226371496111,0.0266234601329821
664,"s(lastRipplePower_z)",0.13501425007503,0.000916569672352137,0.152246880662554,0.0396878672029336
665,"s(lastRipplePower_z)",0.141065942775382,0.00157433737381823,0.130165852015817,0.0428104614883116
666,"s(lastRipplePower_z)",0.0626712934464849,0.000565465111230903,0.113020322838139,0.0343253339561444
667,"s(lastRipplePower_z)",0.021383046349445,0.000169184856229398,0.0618666519942642,0.0187146086761064
668,"s(lastRipplePower_z)",0.124822736090862,0.000844597581043981,0.156510644093116,0.0414344874729364
669,"s(lastRipplePower_z)",0.074752654421455,0.000456266953106485,0.110824981383761,0.0376413154237542
670,"s(lastRipplePower_z)",0.00321139512918933,1.16314784796893e-05,0.0161767757636147,0.00489515553205829
671,"s(lastRipplePower_z)",0.149050538627346,0.000877322300277485,0.135116485416291,0.044922173634604
672,"s(lastRipplePower_z)",0.0591131236546327,0.00064325365939885,0.121589683328353,0.0368450552866801
673,"s(lastRipplePower_z)",0.0177556856427608,0.000194222049936019,0.065118462941578,0.0196316807533522
674,"s(lastRipplePower_z)",0.00183466600501414,7.1227624006983e-06,0.0127528063931079,0.00385882079625558
675,"s(lastRipplePower_z)",0.068836397434452,0.000646691115975502,0.122766440463313,0.0370944207065516
676,"s(lastRipplePower_z)",0.117331743620589,0.00106393954648363,0.157496342828269,0.0476053381642298
677,"s(lastRipplePower_z)",0.0263960316521923,0.000223250220886588,0.0735032763092585,0.0229761112784662
678,"s(lastRipplePower_z)",0.0121067562851118,9.61967811057539e-05,0.04717890149245,0.0142376897934424
679,"s(lastRipplePower_z)",0.0553749648862321,0.000519765692039524,0.108524594352761,0.0328018096456762
680,"s(lastRipplePower_z)",0.186081518087557,0.00132585777886689,0.115768042955173,0.0370880769297329
681,"s(lastRipplePower_z)",0.0769443637489158,0.000671439819753242,0.124304324927489,0.0375879477622472
682,"s(lastRipplePower_z)",0.198055137233649,0.00152491872329378,0.127489752858298,0.0412294602691531
683,"s(lastRipplePower_z)",0.0847199381919821,0.000824482888466392,0.135760489772293,0.0410828419787837
684,"s(lastRipplePower_z)",0.0853212741926074,0.000534049500693697,0.120697090178102,0.0328713201256658
685,"s(lastRipplePower_z)",0.00564840047066317,7.77892288475413e-05,0.0417480353959133,0.0126789449469977
686,"s(lastRipplePower_z)",0.00820393737447778,7.7543185831927e-05,0.042100958785117,0.0127052720441433
687,"s(lastRipplePower_z)",0.00137619148782486,0.000913170637967443,0.143253103826805,0.0433233426211706
688,"s(lastRipplePower_z)",0.0802134180932799,0.000684537996624033,0.125096294661572,0.0380791365500537
689,"s(lastRipplePower_z)",0.0945538708154339,0.000928641426949427,0.145510348440695,0.0441574885880844
690,"s(lastRipplePower_z)",0.0044275806111016,5.52472351479392e-05,0.0348101230938008,0.0105282141971529
691,"s(lastRipplePower_z)",0.0222116701825734,0.000204661292572486,0.0681098972873609,0.02057815665693
692,"s(lastRipplePower_z)",0.132191131010104,0.000833616578456565,0.0929659782841036,0.0312983066683697
693,"s(lastRipplePower_z)",0.0575993387957523,0.000662071140062621,0.120635360877252,0.0336648105998391
694,"s(lastRipplePower_z)",0.0754939698185393,0.000514190824894323,0.0650164312857099,0.0205148186255712
695,"s(lastRipplePower_z)",0.0276392706345798,0.000237060089140963,0.0721832474654091,0.0218484727077661
696,"s(lastRipplePower_z)",0.0724102850439894,0.000399008119335388,0.146133203422802,0.0389732336439623
697,"s(lastRipplePower_z)",0.0234526346641237,0.00012531750601037,0.0379646910166614,0.0114546902791353
698,"s(lastRipplePower_z)",0.0482278942494958,0.000263610951886054,0.0566653048160371,0.0165838702516149
699,"s(lastRipplePower_z)",0.206709053257295,0.00145809720247654,0.122693350865901,0.046748569367461
700,"s(lastRipplePower_z)",0.0365504111603976,0.000376634191344879,0.0930285248608543,0.0280942789852832
701,"s(lastRipplePower_z)",0.042670959712877,0.000362731509380787,0.0915793864315423,0.0276990758428436
702,"s(lastRipplePower_z)",0.101831183923735,0.000690879057265613,0.0817200105421511,0.031416226531107
703,"s(lastRipplePower_z)",0.0267156410822766,0.000134420688782272,0.0582727514773894,0.0195482542225359
704,"s(lastRipplePower_z)",0.00116159501795643,7.47739754340731e-06,0.0132081408380272,0.00398639566711449
705,"s(lastRipplePower_z)",0.122578656103119,0.00063710923509971,0.0770918129366801,0.0244077091014697
706,"s(lastRipplePower_z)",0.146434368102861,0.000925006857164187,0.101775317494216,0.0332827567449735
707,"s(lastRipplePower_z)",0.00186834972189709,1.72933876410016e-05,0.0198612363350659,0.00600824930175496
708,"s(lastRipplePower_z)",0.0698957393700653,0.000679134423730221,0.124319440271229,0.0377075594647016
709,"s(lastRipplePower_z)",0.13413649566391,0.000918417728222488,0.21067028413041,0.055919399020456
710,"s(lastRipplePower_z)",0.110718641250279,0.00073302185822177,0.113719793731144,0.0357402957043362
711,"s(lastRipplePower_z)",0.0740953076570152,0.000545307873498082,0.110088569162424,0.0332700561238113
712,"s(lastRipplePower_z)",0.0901179623947341,0.000435446407509437,0.0825760912886779,0.027531061510224
713,"s(lastRipplePower_z)",0.0140779081387328,0.000124280398715854,0.0532582007679843,0.0161208914386595
714,"s(lastRipplePower_z)",0.250659372458153,0.00166826233870864,0.166983803505266,0.0458928454006406
715,"s(lastRipplePower_z)",0.0891849958273316,0.000688613445560715,0.134952056934296,0.041798312141129
716,"s(lastRipplePower_z)",0.0786616443646926,0.000452783547597619,0.0765050285256015,0.0230854846834315
717,"s(lastRipplePower_z)",0.0714758135052977,0.000528533391068975,0.195902231918251,0.0528945063467014
718,"s(lastRipplePower_z)",0.135130454451551,0.00085492004826577,0.139462783333971,0.0388167691877567
719,"s(lastRipplePower_z)",0.105334267743361,0.0006773292237157,0.0744804970129517,0.0254154142032226
720,"s(lastRipplePower_z)",0.00396714404910758,0.000237337555865293,0.0636702171707955,0.0196386229613881
721,"s(lastRipplePower_z)",0.0940133337331038,0.000840531315679328,0.090163341296079,0.0302904259922156
722,"s(lastRipplePower_z)",0.113308736099164,0.00101249783595436,0.150890265874738,0.0456075876050367
723,"s(lastRipplePower_z)",0.0446530048731838,0.000395605666998893,0.0948487770216457,0.028725205064722
724,"s(lastRipplePower_z)",0.0619149707085974,0.000372360508856701,0.0678022970780568,0.0212632899136441
725,"s(lastRipplePower_z)",0.0672974034662235,0.000632225667253292,0.120949559338746,0.0366877556481588
726,"s(lastRipplePower_z)",0.00928900486756379,5.79658469248116e-05,0.0369790734835728,0.0111954049572286
727,"s(lastRipplePower_z)",0.0583948237068842,0.000568322798991,0.115019630867602,0.0347558192409357
728,"s(lastRipplePower_z)",0.18506951524142,0.00142105181671653,0.241783626197173,0.0626495565728538
729,"s(lastRipplePower_z)",0.0596045315817902,0.000563231099403296,0.116220641122339,0.0351607048552857
730,"s(lastRipplePower_z)",0.0240959622277812,0.000224262307437973,0.0711543370093772,0.0214824213460817
731,"s(lastRipplePower_z)",0.194012040088006,0.00127267158293447,0.117879174222652,0.0364469438394601
732,"s(lastRipplePower_z)",0.218390316507752,0.00131950488721608,0.197077481024519,0.0462018842502078
733,"s(lastRipplePower_z)",0.0520936031208742,0.000413592443144969,0.103135431101896,0.0326254389723009
734,"s(lastRipplePower_z)",0.185897167030741,0.00110178092485756,0.115428613294981,0.032280997046118
735,"s(lastRipplePower_z)",0.178639682343407,0.00111057377749904,0.105650606413523,0.0344926639119506
736,"s(lastRipplePower_z)",0.146652472780905,0.00163834464392302,0.19409495799524,0.0585275385506238
737,"s(lastRipplePower_z)",0.0901002953356465,0.000636827627364279,0.0994829333799221,0.0296939296796562
738,"s(lastRipplePower_z)",0.204790953260398,0.00138285141649923,0.111983366248697,0.038091065656955
739,"s(lastRipplePower_z)",0.130519690578959,0.000957527008600585,0.0930011444067906,0.0329419074682318
740,"s(lastRipplePower_z)",0.0934118487308041,0.000566694919797751,0.0814614453681468,0.0235949730373056
741,"s(lastRipplePower_z)",0.203234868028669,0.00180015380076458,0.131825641794422,0.0364118606340983
742,"s(lastRipplePower_z)",0.0589995147664307,0.000376249277692622,0.116685957656764,0.0382305106247445
743,"s(lastRipplePower_z)",0.107740475387063,0.000691628436920091,0.127730510208109,0.0349412830320023
744,"s(lastRipplePower_z)",0.00933541188498588,5.20636267940885e-05,0.0342585452106803,0.0103859369171431
745,"s(lastRipplePower_z)",0.189682503423225,0.00120470036188287,0.102323892383126,0.0369502009348694
746,"s(lastRipplePower_z)",0.0560575115323771,0.000494297437662651,0.104939533247396,0.0317266507702681
747,"s(lastRipplePower_z)",0.082325814362204,0.000797673193835763,0.135228909667136,0.0410189660394888
748,"s(lastRipplePower_z)",0.0373443870371878,0.000126252957615371,0.0865155537988793,0.0250604265113914
749,"s(lastRipplePower_z)",0.0674504216288121,0.000463278369956205,0.137652900782214,0.0383539925119575
750,"s(lastRipplePower_z)",0.0410296126232848,0.0003814226924817,0.0934098479746124,0.0283522165183273
751,"s(lastRipplePower_z)",0.0677344660405019,0.000613152330197271,0.117600833205237,0.0354538199241405
752,"s(lastRipplePower_z)",0.068652197882988,0.000283709013176266,0.086001074300279,0.0268301933515966
753,"s(lastRipplePower_z)",0.142322399995569,0.000807453514751208,0.0962918808551567,0.0311666719758099
754,"s(lastRipplePower_z)",0.0670911614536187,0.000453357695912897,0.0576661951758143,0.0206445325243322
755,"s(lastRipplePower_z)",0.0287055379669423,0.000108439709698272,0.0400398886682267,0.0148129999981839
756,"s(lastRipplePower_z)",0.0968311524131502,0.000645256808460132,0.0995541763659388,0.0300215064978419
757,"s(lastRipplePower_z)",0.0429012360589436,0.000309195140716032,0.0861149294937911,0.0273065731935684
758,"s(lastRipplePower_z)",0.29672016733671,0.00261755871186119,0.464794326733741,0.114768013886561
759,"s(lastRipplePower_z)",0.0862853105924785,0.000553096468336271,0.0810142223550037,0.024291672471451
760,"s(lastRipplePower_z)",0.0306815799203732,0.00023115970679652,0.0723403033794464,0.0219122078298271
761,"s(lastRipplePower_z)",0.154318045589442,0.000856718766168147,0.127066243569226,0.0334614793288554
762,"s(lastRipplePower_z)",0.101033688072773,0.000720065349167494,0.124684671293144,0.0401791412728385
763,"s(lastRipplePower_z)",0.0264491797701074,0.000260080647157845,0.0754551916593875,0.0227911781843938
764,"s(lastRipplePower_z)",0.00353553125881345,1.7605390577481e-07,0.00200130051608758,0.000602718663592939
765,"s(lastRipplePower_z)",-0.000114278001525303,7.17272393907427e-06,0.0128456304357799,0.00389118335181229
766,"s(lastRipplePower_z)",0.00278261925887413,9.5258165869344e-06,0.014887184841931,0.00451249044928717
767,"s(lastRipplePower_z)",0.0586075203587584,0.000499249879486758,0.106099973133022,0.0320412197431567
768,"s(lastRipplePower_z)",0.139016769505746,0.000816974865650287,0.0889250890866619,0.0324235725184851
769,"s(lastRipplePower_z)",0.0597412601021989,0.0006883591143633,0.127171077919883,0.0385167313686069
770,"s(lastRipplePower_z)",0.131950580114797,0.00119245758426543,0.166255053160241,0.0501917120321755
771,"s(lastRipplePower_z)",0.177781559136125,0.00118068015234319,0.106745838997152,0.0325492510948215
772,"s(lastRipplePower_z)",0.0163388044623973,0.000158688981467731,0.0594475651106694,0.0180550278762027
773,"s(lastRipplePower_z)",0.00785942890031155,7.13094552288675e-05,0.04039667390695,0.012201105986141
774,"s(lastRipplePower_z)",0.182493003450131,0.00182672802154673,0.205096994980617,0.0620808762290591
775,"s(lastRipplePower_z)",0.132925911590561,0.000702285002106589,0.152769723072321,0.0396711336582029
776,"s(lastRipplePower_z)",0.0950956995545527,0.000656688649060208,0.0818626078683801,0.0273725823687227
777,"s(lastRipplePower_z)",0.159173591747784,0.00100540867927967,0.188890604663196,0.0556162720944677
778,"s(lastRipplePower_z)",0.064251733161908,0.00026340045637674,0.113212140911028,0.0289597848154262
779,"s(lastRipplePower_z)",0.463776790824767,0.00360597297107129,0.182044315003455,0.0636295629184163
780,"s(lastRipplePower_z)",0.174629991138977,0.00118247136148998,0.128499841601276,0.0407027065281134
781,"s(lastRipplePower_z)",0.0116952068305853,0.000100329923532619,0.0475858879094331,0.0143519681328905
782,"s(lastRipplePower_z)",0.0841759755172095,0.000760998792371134,0.129017277937796,0.0388702900726816
783,"s(lastRipplePower_z)",0.171756397812432,0.00124807054919086,0.129443067624008,0.0421518503499315
784,"s(lastRipplePower_z)",0.162349581184037,0.00133082419540012,0.219016298178321,0.0566549135043215
785,"s(lastRipplePower_z)",0.123714479206004,0.000724261230758758,0.0942593797210968,0.0318899069776007
786,"s(lastRipplePower_z)",0.151694340163196,0.000891222452048462,0.126954933144377,0.0372483637661084
787,"s(lastRipplePower_z)",0.00732106950465261,6.30773005140404e-05,0.0374556900380872,0.0113351080894935
788,"s(lastRipplePower_z)",0.047549194638443,0.000408635847669891,0.0974484891505398,0.0294032064039347
789,"s(lastRipplePower_z)",0.133321872172055,0.00111008333445437,0.159616682158975,0.0484074449955832
790,"s(lastRipplePower_z)",0.0609519492990909,0.00029641675337109,0.0920612727010467,0.0274240285927437
791,"s(lastRipplePower_z)",0.117092818097996,0.00065985622921282,0.198347062695202,0.0460321911899557
792,"s(lastRipplePower_z)",0.11692995277462,0.000583501756273438,0.0824683964596083,0.0261185208715914
793,"s(lastRipplePower_z)",0.180772080022233,0.00175533141988779,0.290536151612959,0.0662782150709522
794,"s(lastRipplePower_z)",0.231184990362432,0.00207149111439186,0.196433636645012,0.0564149413285488
795,"s(lastRipplePower_z)",0.225253412086796,0.00146696347933556,0.126442246328593,0.0432483447843005
796,"s(lastRipplePower_z)",0.0746251438286889,0.000579959828584636,0.114077348701885,0.0344903139231365
797,"s(lastRipplePower_z)",0.0280635013581789,7.26849115524885e-05,0.0570180274859905,0.0162950299053471
798,"s(lastRipplePower_z)",0.286022806422413,0.00214809964005813,0.325704432712163,0.0768942179530509
799,"s(lastRipplePower_z)",0.139218879933359,0.00106139267968289,0.167621089986822,0.0505285326574865
800,"s(lastRipplePower_z)",0.217348422619556,0.00146595266588082,0.114463666477742,0.0386432896549559
801,"s(lastRipplePower_z)",0.00501157181444301,2.64009092267334e-05,0.0243528822397379,0.00734996594298177
802,"s(lastRipplePower_z)",0.0360764844134719,0.00029952383687094,0.0820257622978025,0.0248144141024721
803,"s(lastRipplePower_z)",0.173075326873567,0.00124608166844565,0.114957459679878,0.0373562556855103
804,"s(lastRipplePower_z)",0.188601203612811,0.00115502161391852,0.145531810771374,0.0401926517394221
805,"s(lastRipplePower_z)",0.0471403795832763,0.000390157827956283,0.095386458648648,0.0287924128141345
806,"s(lastRipplePower_z)",0.132191828670342,0.000748596072424653,0.151649470514136,0.0485255353617583
807,"s(lastRipplePower_z)",0.139141481387233,0.00077014258419016,0.186818034571067,0.0429024360065123
808,"s(lastRipplePower_z)",0.0548736051007752,0.000381356733040241,0.107765454663022,0.0359787004582913
809,"s(lastRipplePower_z)",0.155610434113155,0.00106233321702266,0.108773959020814,0.0334747689377614
810,"s(lastRipplePower_z)",0.13044185144965,0.000570933908944946,0.130488883868142,0.0337000264169189
811,"s(lastRipplePower_z)",0.0033588669554061,1.39018462822384e-05,0.017638423932513,0.00533449099875729
812,"s(lastRipplePower_z)",0.0884650778757397,0.000598252791559662,0.115198835438019,0.0348492085706819
813,"s(lastRipplePower_z)",0.0145777763803069,0.000130529813202854,0.0544659423488092,0.0164855634571462
814,"s(lastRipplePower_z)",0.15031739295269,0.000981736228481027,0.110032384598308,0.0333663329470273
815,"s(lastRipplePower_z)",0.0929299867017952,0.00051020848376612,0.193069440584208,0.0561291511576438
816,"s(lastRipplePower_z)",0.0864758068286849,0.000424388768837995,0.0648052798535393,0.0207503335751529
817,"s(lastRipplePower_z)",0.0534330063546791,0.000379806162595359,0.0937999795378183,0.028481209749781
818,"s(lastRipplePower_z)",-0.000686970467109083,1.4075136262479e-06,0.00563698682231551,0.00170330099119829
819,"s(lastRipplePower_z)",0.128053890264799,0.00103952266057334,0.189336366659404,0.0495780870621963
820,"s(lastRipplePower_z)",0.0156438095622876,0.000135218946966636,0.0634493717959172,0.0193628127590744
821,"s(lastRipplePower_z)",0.00862123154877437,5.81958332522392e-05,0.0364933316058829,0.0110456326473587
822,"s(lastRipplePower_z)",0.0600109438658453,0.000628985043555094,0.118985445061851,0.0359413964700272
823,"s(lastRipplePower_z)",0.0901989214885548,0.000763480388013157,0.131536895805285,0.03959910992669
824,"s(lastRipplePower_z)",0.118323501545057,0.00109405344805664,0.158700616904807,0.0479052775534354
825,"s(lastRipplePower_z)",-0.0449054527764792,0.000137829923878043,0.0426350365722646,0.012961428512602
826,"s(lastRipplePower_z)",0.153645134161047,0.00142208928611304,0.179015219983684,0.0540921388081235
827,"s(lastRipplePower_z)",0.164112896301731,0.00135354662993057,0.258451446893902,0.06000469220168
828,"s(lastRipplePower_z)",0.00851651958072608,9.1965030233312e-05,0.045985593787514,0.0139113615029955
829,"s(lastRipplePower_z)",0.168753557165127,0.00107684350902853,0.117249837608103,0.0369490508821645
830,"s(lastRipplePower_z)",0.166152966294621,0.000888103329357177,0.190674286586057,0.0485870843107598
831,"s(lastRipplePower_z)",0.0602572703612989,0.00049159887667764,0.105043315938137,0.0317632283460951
832,"s(lastRipplePower_z)",0.0728460520129237,0.00070728593699085,0.124799208280904,0.0377282287109211
833,"s(lastRipplePower_z)",0.0508920260575991,0.000282628824430773,0.0627473412198064,0.0202599199571516
834,"s(lastRipplePower_z)",0.230611671641308,0.00170737058516091,0.239353077690037,0.0675731229418401
835,"s(lastRipplePower_z)",0.160390759776104,0.000897785953199299,0.0979724332382337,0.0333137771478906
836,"s(lastRipplePower_z)",0.244770043868008,0.00180450436900204,0.193805542985106,0.0494427872184627
837,"s(lastRipplePower_z)",0.0825600247487173,0.000583809927502841,0.0711804510275015,0.0229095170094133
838,"s(lastRipplePower_z)",0.0166650356091813,0.000127619807783753,0.0539382476121798,0.016300996673678
839,"s(lastRipplePower_z)",0.0703592687824341,0.000639641293477378,0.122210940364503,0.0370180216493409
840,"s(lastRipplePower_z)",0.0823525998007819,0.000790242426520796,0.13717998630756,0.0416798201308278
841,"s(lastRipplePower_z)",0.166346295431852,0.00100722211260387,0.209993069660803,0.0603072754321165
842,"s(lastRipplePower_z)",0.00139614687363909,1.12206281641808e-05,0.0160924031014114,0.00487720041743823
843,"s(lastRipplePower_z)",0.0404493209741351,0.000314510241400788,0.0841986260776176,0.0254751060406632
844,"s(lastRipplePower_z)",0.0879239271389181,0.000644236159789975,0.0710121040149061,0.0256665997865399
845,"s(lastRipplePower_z)",0.0807676832429736,0.00065182651940948,0.124075439578205,0.0376684056480443
846,"s(lastRipplePower_z)",0.138891589068924,0.000990920533750114,0.0931208804329523,0.0323795998159148
847,"s(lastRipplePower_z)",0.0945398721242499,0.00077218160869824,0.0809782098101064,0.0248075803304724
848,"s(lastRipplePower_z)",0.126487115937419,0.00121441039798486,0.167384542520674,0.0505776166378478
849,"s(lastRipplePower_z)",0.0349284420280063,0.000327431322201563,0.086692892411524,0.0261885248791827
850,"s(lastRipplePower_z)",0.100645197969229,0.000561922655809701,0.0717580927860398,0.0239415040223635
851,"s(lastRipplePower_z)",0.222985221082271,0.00156053162324505,0.18284593796914,0.0521401010126299
852,"s(lastRipplePower_z)",0.114527185962156,0.000535882272579079,0.131009070087259,0.0311326932547114
853,"s(lastRipplePower_z)",0.0540466044699084,0.000239315191453839,0.0546080768281771,0.0175250080991035
854,"s(lastRipplePower_z)",0.00138610690178653,3.07033682973753e-06,0.00840485541682729,0.00255147309008309
855,"s(lastRipplePower_z)",0.0308589675299343,0.000293125491174566,0.0796096966191398,0.0240164812949628
856,"s(lastRipplePower_z)",0.127887910086453,0.000270071324228071,0.0961819237728297,0.0268372506183687
857,"s(lastRipplePower_z)",0.0279485857627022,0.000157360418778583,0.0598731506914761,0.0180772699375069
858,"s(lastRipplePower_z)",0.102585546789592,0.00073106858045926,0.131122591053229,0.0397623775357827
859,"s(lastRipplePower_z)",0.0799696337192042,0.000530609088437245,0.128324236613301,0.0360475999509523
860,"s(lastRipplePower_z)",0.0752587531906005,0.000399577448059762,0.126779156345065,0.0344233245047672
861,"s(lastRipplePower_z)",0.122801266956897,0.000785191567413867,0.102579437722586,0.0330387055127604
862,"s(lastRipplePower_z)",0.0452190797711306,0.000372675155156739,0.0932916716362088,0.0282525817087948
863,"s(lastRipplePower_z)",0.0303000026736904,0.00029914767211466,0.0817260541675675,0.0246494249486712
864,"s(lastRipplePower_z)",0.101063729639228,0.000975182901768732,0.14919377381873,0.0450390474195877
865,"s(lastRipplePower_z)",0.173461073562354,0.00118608850906543,0.130760607662236,0.0403366792323614
866,"s(lastRipplePower_z)",0.0182906779548115,6.31097833436819e-05,0.0324753062682389,0.00978615913372326
867,"s(lastRipplePower_z)",0.031077702339554,0.000299410767734875,0.0829948838458221,0.0250829300466295
868,"s(lastRipplePower_z)",0.4151907093564,0.00259517415246512,0.275784148734145,0.0707682880478242
869,"s(lastRipplePower_z)",0.0557541527426568,0.000330761608716518,0.112569896381313,0.0356304700624223
870,"s(lastRipplePower_z)",0.127743330804639,0.000882508348666548,0.171488422519601,0.0440238375059517
871,"s(lastRipplePower_z)",0.138161717253497,0.000837517907657656,0.0871805384703299,0.0291361915635833
872,"s(lastRipplePower_z)",0.0809913013404656,0.000879717997904109,0.141387140749569,0.04278960688025
873,"s(lastRipplePower_z)",0.00968077267650225,6.55354767911881e-05,0.0388641615311856,0.0117817746905877
874,"s(lastRipplePower_z)",0.0560736057498301,0.000278852967565573,0.109733863175243,0.0331035761880861
875,"s(lastRipplePower_z)",0.0895399882250405,0.000661602380945364,0.134778778397094,0.0412008918490794
876,"s(lastRipplePower_z)",0.320408782221186,0.00218877929896271,0.144154853311103,0.0465460508500036
877,"s(lastRipplePower_z)",0.141420893211593,0.00107787156847899,0.104357544417404,0.0353352734537909
878,"s(lastRipplePower_z)",0.0494976870041723,0.000415886936287276,0.0974115938580393,0.0293616481802894
879,"s(lastRipplePower_z)",0.0793994308644029,0.000508984816291314,0.139602282473929,0.0376714723823471
880,"s(lastRipplePower_z)",0.194712704138629,0.00128374335825398,0.118067950543234,0.0381338385603371
881,"s(lastRipplePower_z)",0.151467625554554,0.00103150817956135,0.209807007993792,0.0561733254765613
882,"s(lastRipplePower_z)",0.0597126134204449,0.000292835908677835,0.0884950859340073,0.0269625592065915
883,"s(lastRipplePower_z)",0.045495668699711,0.000311627753951881,0.095414462876338,0.0314704340066433
884,"s(lastRipplePower_z)",0.0252912871838422,0.000223652061879833,0.0704419884141148,0.0212422289109288
885,"s(lastRipplePower_z)",0.0566961131625904,0.00052384589736511,0.110454577268949,0.0334513223345922
886,"s(lastRipplePower_z)",0.0740097168165735,0.000357498087484651,0.0593607142948721,0.0211857614308666
887,"s(lastRipplePower_z)",0.0449712300965235,0.00022587959977107,0.0794707537457182,0.0239485351310987
888,"s(lastRipplePower_z)",0.0137832026697521,0.000121548621855823,0.0520946093636064,0.0158210902346449
889,"s(lastRipplePower_z)",-0.000724644646666661,6.55577986420288e-07,0.00390910581533426,0.0011799125290512
890,"s(lastRipplePower_z)",0.0282730431988814,0.000211970980566302,0.0732892678276598,0.0220981185630035
891,"s(lastRipplePower_z)",0.243248414539994,0.00193345127805737,0.231278772808372,0.0546491186069262
892,"s(lastRipplePower_z)",0.0178771875937958,0.000190521671019616,0.0663572981390118,0.0201040290616738
893,"s(lastRipplePower_z)",0.0352767916680168,0.000189259865512986,0.054149538029787,0.0148889857743738
894,"s(lastRipplePower_z)",0.0730299590402874,0.000359794370109959,0.0866322036847705,0.0277485212710913
895,"s(lastRipplePower_z)",0.0117729580563041,9.41743894925035e-05,0.0458254469602107,0.0138728769270294
896,"s(lastRipplePower_z)",0.00951104355456789,9.768522614667e-05,0.0469443198623777,0.0141993725323383
897,"s(lastRipplePower_z)",0.00934617483694522,9.64818991412218e-05,0.0475243754885381,0.0144755263877372
898,"s(lastRipplePower_z)",0.0599196658085399,0.000481265098875108,0.0742224536002925,0.0225775067225281
899,"s(lastRipplePower_z)",0.0753679008625842,0.000445011612202794,0.072962793085602,0.0205341680057281
900,"s(lastRipplePower_z)",0.1277167236212,0.000771886463904763,0.218670378417709,0.0637893024174243
901,"s(lastRipplePower_z)",0.064802367003748,0.000496850734471235,0.105728274204389,0.0320061444874974
902,"s(lastRipplePower_z)",-0.0389179026571251,0.000627789377787896,0.12646236155319,0.0388737239999263
903,"s(lastRipplePower_z)",0.0220472382016401,0.000216103330039956,0.0698597566600726,0.0212608781827242
904,"s(lastRipplePower_z)",0.17704138707797,0.00107599812794788,0.136941178713925,0.0389289513236671
905,"s(lastRipplePower_z)",0.157903121871558,0.00103106935203822,0.0989089256310141,0.0342886114061381
906,"s(lastRipplePower_z)",0.0602015912857521,0.00051515275869861,0.105908972446934,0.0319535460490002
907,"s(lastRipplePower_z)",0.0144271906047269,0.000110343327738312,0.0507147749349465,0.0153950097894191
908,"s(lastRipplePower_z)",0.182106741122303,0.00121131279210233,0.113206962358717,0.0392061232190416
909,"s(lastRipplePower_z)",0.0704445667612279,0.000494480910924728,0.0700039530952207,0.0227891098510352
910,"s(lastRipplePower_z)",0.106341823985634,0.000635316561689132,0.115240787624074,0.0354436206924922
911,"s(lastRipplePower_z)",0.0849080711296567,0.000388986699501627,0.0857150735350076,0.025421270478084
912,"s(lastRipplePower_z)",0.00592619155918817,3.50536274511794e-05,0.0283907733268398,0.00865270932700887
913,"s(lastRipplePower_z)",0.0994372678122238,0.000588319235562949,0.139875069671633,0.0463991733018244
914,"s(lastRipplePower_z)",0.0321862289280397,0.000200616737536951,0.0440391896142988,0.0117231287806615
915,"s(lastRipplePower_z)",0.0410218086526026,0.000366693517030378,0.0912923328794383,0.0275841592557977
916,"s(lastRipplePower_z)",0.0191320626588294,0.00014705576206154,0.0565811617018005,0.017094615231428
917,"s(lastRipplePower_z)",0.0956698718286665,0.000667998644776945,0.0803495657093516,0.0250240046474366
918,"s(lastRipplePower_z)",0.00682501839039151,5.77072541560457e-05,0.0368839604123095,0.012066189493725
919,"s(lastRipplePower_z)",0.0315056443235079,0.000225811104403728,0.0717633591527422,0.0217383215533265
920,"s(lastRipplePower_z)",0.227395880502105,0.00157960804667009,0.12230217117466,0.0422202045535925
921,"s(lastRipplePower_z)",0.201724148398869,0.00146321542858036,0.252590849222288,0.0706095297330076
922,"s(lastRipplePower_z)",0.0301321185499279,0.000130650990881847,0.0468822875778264,0.0158352013587215
923,"s(lastRipplePower_z)",-0.0037547042749384,0.00035371468324465,0.0904017930710517,0.0274198521199504
924,"s(lastRipplePower_z)",0.0244078417027437,0.000233363374269256,0.0731864553019217,0.0221407807332465
925,"s(lastRipplePower_z)",0.0911309780044584,0.000594794455478134,0.092226248406987,0.0341519087484544
926,"s(lastRipplePower_z)",0.0338028558558657,0.000355198464472931,0.0882035348574264,0.026661049893995
927,"s(lastRipplePower_z)",0.0955793128649759,0.000609581835334062,0.121170839014588,0.0419276257097259
928,"s(lastRipplePower_z)",0.095532105490579,0.000941844148878848,0.103157635779104,0.0290828077404119
929,"s(lastRipplePower_z)",0.0486647502957712,0.000336160915031274,0.0863149819095681,0.0261411594594207
930,"s(lastRipplePower_z)",0.0288550845824177,0.000109708838653351,0.046910740691869,0.0136687752549988
931,"s(lastRipplePower_z)",0.0173867550187942,0.000139422909143889,0.0559664692017878,0.0169150217547373
932,"s(lastRipplePower_z)",0.0363961829967582,0.000218850563786705,0.0467427719411611,0.0141147622898722
933,"s(lastRipplePower_z)",0.0594269675249567,0.000201223992793383,0.047281952972285,0.0164076015055964
934,"s(lastRipplePower_z)",0.227142696078862,0.00142873522488559,0.126796242729143,0.0376183179507719
935,"s(lastRipplePower_z)",0.132360177565682,0.000795288495577277,0.0864990004018083,0.0290407783757658
936,"s(lastRipplePower_z)",0.100829660533073,0.000672781696604392,0.0773104040043512,0.0260316583719651
937,"s(lastRipplePower_z)",0.0112157948674745,0.000107118470945656,0.0490685126373569,0.0148778108599791
938,"s(lastRipplePower_z)",0.0363617396717646,0.000121556220991242,0.0463918984163848,0.0144110187931773
939,"s(lastRipplePower_z)",0.0649971957281474,0.000937960193705472,0.145950960174681,0.0442612169278106
940,"s(lastRipplePower_z)",0.0802350128946638,0.000440720252473614,0.0884775263022467,0.0309443086360692
941,"s(lastRipplePower_z)",0.124122037972538,0.000645867548387611,0.0864379164098105,0.029278435365868
942,"s(lastRipplePower_z)",0.0255982833583487,0.000296511074646819,0.0809341327019305,0.0244912372303165
943,"s(lastRipplePower_z)",0.0925828947424424,0.000506341156161779,0.067880538634587,0.0256965727155747
944,"s(lastRipplePower_z)",0.130950936688568,0.000875168975440755,0.15859623301584,0.0424643804546908
945,"s(lastRipplePower_z)",0.0338252810217707,0.000263362120354554,0.0773555802406577,0.023436323125735
946,"s(lastRipplePower_z)",0.132139902256116,0.000891287497360554,0.0911795984328948,0.0309983561116505
947,"s(lastRipplePower_z)",0.175012747490345,0.00149697680963221,0.286606554994759,0.0696187732746019
948,"s(lastRipplePower_z)",0.0855523956605816,0.000552476931729183,0.0798480984345788,0.0254274484713789
949,"s(lastRipplePower_z)",0.0452720068147388,0.000412480474931057,0.098162676614816,0.029764964225738
950,"s(lastRipplePower_z)",0.0180565546860723,0.0001679259032517,0.061995999763798,0.0187754193687913
951,"s(lastRipplePower_z)",0.0798853426060138,0.000778673520073383,0.13365491511783,0.0405996654504712
952,"s(lastRipplePower_z)",0.147238603779587,0.000888383223868446,0.0900250343845585,0.0310968250685412
953,"s(lastRipplePower_z)",0.0693219037532381,0.000551906996389647,0.1102803660601,0.0333855962095349
954,"s(lastRipplePower_z)",0.215913167387046,0.00163836726216379,0.237052138395656,0.0628210129725885
955,"s(lastRipplePower_z)",0.041766180083646,0.00018893822272023,0.0355455235588008,0.0110622694551482
956,"s(lastRipplePower_z)",0.130499232079466,0.000978668051929409,0.176365969341602,0.0492880818564169
957,"s(lastRipplePower_z)",0.0597635298445243,0.000309768779673787,0.063742628924246,0.0188012223495266
958,"s(lastRipplePower_z)",0.0986541682068865,0.00104456886671311,0.157370690955385,0.0476430141766476
959,"s(lastRipplePower_z)",0.119169802487443,0.00123164979056519,0.165956572626583,0.0502636489939061
960,"s(lastRipplePower_z)",0.0623819955844488,0.000559345807154708,0.111419993170674,0.0336084463165548
961,"s(lastRipplePower_z)",0.0226957249931002,0.000184100248219655,0.0639791285755745,0.0193147377913935
962,"s(lastRipplePower_z)",0.156580993425303,0.00129508692539475,0.127185765492708,0.0394496564972653
963,"s(lastRipplePower_z)",0.0467973931175703,0.000377557527990584,0.0924293120473978,0.0279345881862924
964,"s(lastRipplePower_z)",0.0709034283258725,0.000530119935537274,0.0797267150591541,0.0246141637712558
965,"s(lastRipplePower_z)",0.0959403795790732,0.000569358671129097,0.0743666912380955,0.0250054913701541
966,"s(lastRipplePower_z)",0.0213146284675332,0.000153530788277762,0.0589904994891863,0.0177839232452534
967,"s(lastRipplePower_z)",0.0828816010857077,0.000775991899404851,0.13202599316094,0.0399232811734419
968,"s(lastRipplePower_z)",0.0739610057768654,0.000433619312324129,0.0601972279523781,0.0210411464475514
969,"s(lastRipplePower_z)",0.229974796888052,0.00158735541334674,0.130419928275319,0.0386802839181667
970,"s(lastRipplePower_z)",0.0341521908828155,0.000267118277409767,0.0783129551841869,0.0236865931525907
971,"s(lastRipplePower_z)",0.0712587696539284,0.000465856583425216,0.0709635230174914,0.0207638714025073
972,"s(lastRipplePower_z)",0.143757374142165,0.00101055300415703,0.131788086329774,0.0378286657144532
973,"s(lastRipplePower_z)",0.0262358349795622,0.000266804342075869,0.078999511745674,0.0240161039976654
974,"s(lastRipplePower_z)",0.155617076362743,0.000902202923632321,0.0987250139190536,0.0308188372054761
975,"s(lastRipplePower_z)",0.232109457605227,0.00146440264228119,0.13570572300991,0.0467733914020706
976,"s(lastRipplePower_z)",0.122411168169268,0.000684402342808654,0.085159878618803,0.0267304458119644
977,"s(lastRipplePower_z)",0.119797856190095,0.000630326230933603,0.102345078755759,0.0326987461178586
978,"s(lastRipplePower_z)",0.0933378077581339,0.00082497970745679,0.13702778183216,0.0415193183581523
979,"s(lastRipplePower_z)",0.136288945534912,0.00077437880032075,0.116175363410124,0.0351197416995986
980,"s(lastRipplePower_z)",0.0889013079977689,0.000523272190180118,0.11846305975924,0.039117975298415
981,"s(lastRipplePower_z)",0.0855506470275806,0.000826027320273677,0.105564416363569,0.0350497946553034
982,"s(lastRipplePower_z)",0.0798876077560495,0.000393854942055299,0.0944465411936132,0.0283821503574965
983,"s(lastRipplePower_z)",0.0871259066049113,0.000842076961991078,0.137228094505848,0.0414002905609965
984,"s(lastRipplePower_z)",0.213822384971771,0.00174730118656931,0.316482954998435,0.0798667782452786
985,"s(lastRipplePower_z)",0.0243847688328771,0.000151724075816806,0.0621963837258941,0.0207404460755648
986,"s(lastRipplePower_z)",0.12706596804822,0.000974118717107203,0.139753859816169,0.039290805905841
987,"s(lastRipplePower_z)",0.0893287688774538,0.000468982584341031,0.0867519081920989,0.0253958343080445
988,"s(lastRipplePower_z)",0.198786326674215,0.00128102115447455,0.178475617571047,0.0446298661855053
989,"s(lastRipplePower_z)",0.101457425378997,0.000606435359624503,0.0819801578789197,0.0242826497988063
990,"s(lastRipplePower_z)",0.0450567895749268,0.000398098532164143,0.0949398425019436,0.0286893138707084
991,"s(lastRipplePower_z)",0.0975306438330988,0.000791059908435014,0.0848949363569677,0.0252779610815617
992,"s(lastRipplePower_z)",0.0690840261748304,0.000524684531449921,0.122298428770581,0.0337895110104382
993,"s(lastRipplePower_z)",0.0353344368124883,0.000283667602286832,0.087344645694363,0.0294465288160501
994,"s(lastRipplePower_z)",0.178043660382115,0.00115578993494897,0.117386667405502,0.0396509974560766
995,"s(lastRipplePower_z)",0.137186483834528,0.000750965910971936,0.0943066049521249,0.0283269472876869
996,"s(lastRipplePower_z)",-0.000115927905379065,1.81958360232043e-06,0.00650501491426287,0.00196723455260447
997,"s(lastRipplePower_z)",0.0467956410371226,0.000351654203742445,0.0942295551041484,0.0288539540772915
998,"s(lastRipplePower_z)",0.179054657094851,0.00115869294409442,0.135898917630842,0.0411835690858372
999,"s(lastRipplePower_z)",0.150091342237594,0.000874571453883354,0.117472117573977,0.0324103578810238
1000,"s(lastRipplePower_z)",0.0442337950370462,0.000366932666617526,0.0895908236477678,0.0270572570133678
1,"s(log_TimefromLastRipple_z)",0.110301105332118,0.000885730068375927,0.153276601224967,0.0539596270592673
2,"s(log_TimefromLastRipple_z)",0.175324841367263,0.0012561564702664,0.148629273251775,0.0649550998147691
3,"s(log_TimefromLastRipple_z)",0.224194022208007,0.00142939228892764,0.212948251584252,0.0793006229520177
4,"s(log_TimefromLastRipple_z)",0.185746644981637,0.00150904339938507,0.198906188245348,0.0699601755864417
5,"s(log_TimefromLastRipple_z)",0.0859805427146094,0.000659854051351292,0.0757140432939924,0.0329799993661866
6,"s(log_TimefromLastRipple_z)",0.230169588836368,0.00213911169591387,0.237508093264079,0.0832153457568
7,"s(log_TimefromLastRipple_z)",0.251413873245431,0.00194505885954488,0.135148613163656,0.0593365784614503
8,"s(log_TimefromLastRipple_z)",0.284080472649673,0.00199015643309788,0.156966603651743,0.075719520586238
9,"s(log_TimefromLastRipple_z)",0.0558697506359838,0.000544717723733375,0.119573926903325,0.0420441011883407
10,"s(log_TimefromLastRipple_z)",0.072150940998695,0.000713275199403581,0.137819652278624,0.0478512146148835
11,"s(log_TimefromLastRipple_z)",0.132553153435157,0.000735102722294149,0.089020201188193,0.0355820212359032
12,"s(log_TimefromLastRipple_z)",0.0804919463993559,0.000798181711008579,0.168338845214807,0.0662014328550635
13,"s(log_TimefromLastRipple_z)",0.168350689004106,0.00103216370955842,0.103206862419246,0.0493215230246652
14,"s(log_TimefromLastRipple_z)",0.106527195698891,0.000849006743037963,0.0874270217019816,0.0315395309179424
15,"s(log_TimefromLastRipple_z)",0.265580987352593,0.0019376490033658,0.225147373088814,0.0782399149177663
16,"s(log_TimefromLastRipple_z)",0.256288421315527,0.0018985073120423,0.157418957218629,0.0655142328733319
17,"s(log_TimefromLastRipple_z)",0.16308404660661,0.00100196702039708,0.090644514591393,0.0413212575370233
18,"s(log_TimefromLastRipple_z)",0.260532711145033,0.00196300448765763,0.159743048941321,0.077893966475656
19,"s(log_TimefromLastRipple_z)",0.186175773974051,0.0016558539541609,0.20907199192014,0.0735729776273077
20,"s(log_TimefromLastRipple_z)",0.106171987518972,0.000808760485167604,0.145383687618059,0.0508234628042989
21,"s(log_TimefromLastRipple_z)",0.0720795046206251,0.000976849404877377,0.161012369922283,0.0558967250572287
22,"s(log_TimefromLastRipple_z)",0.0796156792708657,0.000812088475502895,0.147501674509447,0.0516546674959281
23,"s(log_TimefromLastRipple_z)",0.110622845252195,0.000725262781151922,0.138356833185731,0.0521499029584679
24,"s(log_TimefromLastRipple_z)",0.162977843612958,0.00123912188929785,0.125046523343034,0.0585944694837926
25,"s(log_TimefromLastRipple_z)",0.0865276802192133,0.000632664246474646,0.128737955139315,0.0454174156801436
26,"s(log_TimefromLastRipple_z)",0.301489198675974,0.00233272506579191,0.263123382374655,0.0960128152139783
27,"s(log_TimefromLastRipple_z)",0.261825126019276,0.00223169199823937,0.136211481392841,0.0580207366313141
28,"s(log_TimefromLastRipple_z)",0.104585300205545,0.000536241246500603,0.0702917609471656,0.0338900804819242
29,"s(log_TimefromLastRipple_z)",0.132005649107506,0.00088768739407682,0.170912178939312,0.0675348104729173
30,"s(log_TimefromLastRipple_z)",0.0500463149248067,0.000218871065141419,0.094894741781715,0.0213458381350701
31,"s(log_TimefromLastRipple_z)",0.07114901965174,0.000594585590183194,0.126934991548876,0.0447333803669582
32,"s(log_TimefromLastRipple_z)",0.270779002082247,0.002276019197022,0.188017094782968,0.0729794988426942
33,"s(log_TimefromLastRipple_z)",0.286818375750815,0.00251742963580518,0.257324560905673,0.0903194015670014
34,"s(log_TimefromLastRipple_z)",0.238466324578021,0.00187279320509922,0.14669035467118,0.0534493836551679
35,"s(log_TimefromLastRipple_z)",0.153056573568589,0.000891876333989329,0.119122571115811,0.0388615896526129
36,"s(log_TimefromLastRipple_z)",0.0326052206141847,0.000308639534446691,0.090817220637772,0.0320658172203987
37,"s(log_TimefromLastRipple_z)",0.126350780344919,0.000724359373992754,0.073171457974895,0.0284881025642527
38,"s(log_TimefromLastRipple_z)",0.182906529443584,0.00108851392483921,0.183731912477547,0.0705749450884883
39,"s(log_TimefromLastRipple_z)",0.152109571038443,0.0013581899273482,0.191404308088838,0.0675324523895743
40,"s(log_TimefromLastRipple_z)",0.104198099037335,0.000712196471435083,0.129301375554544,0.0528356884820576
41,"s(log_TimefromLastRipple_z)",0.124962791838845,0.000954152761287095,0.17726130473834,0.0368347702610267
42,"s(log_TimefromLastRipple_z)",0.0686582141573293,0.000695836429642564,0.135083029554146,0.0474644847477782
43,"s(log_TimefromLastRipple_z)",0.282023177135138,0.00197032502249221,0.147787886164753,0.0724186362793604
44,"s(log_TimefromLastRipple_z)",0.0989925693876288,0.0010450249349614,0.169442089087804,0.0595418315293006
45,"s(log_TimefromLastRipple_z)",0.13201866930437,0.000768567604868222,0.107222473349544,0.0396151957768285
46,"s(log_TimefromLastRipple_z)",0.166180400387949,0.00157699782760128,0.200603848126144,0.0712434016463679
47,"s(log_TimefromLastRipple_z)",0.0369606824864985,0.000318085648055481,0.0925739259950984,0.0342436322688243
48,"s(log_TimefromLastRipple_z)",0.147249316013303,0.00152585780064226,0.197283145277278,0.0692642807055467
49,"s(log_TimefromLastRipple_z)",0.365079804939683,0.00302240484716853,0.16416340116268,0.0703940142659718
50,"s(log_TimefromLastRipple_z)",0.212709357391445,0.00150628491184639,0.142061874977985,0.0490275398886437
51,"s(log_TimefromLastRipple_z)",0.0203921059604711,0.000185666273267723,0.0703080859853625,0.024752465218423
52,"s(log_TimefromLastRipple_z)",0.234658220438974,0.0016999401172492,0.221546478612408,0.0796281621010893
53,"s(log_TimefromLastRipple_z)",0.0937685417403118,0.000537426582252464,0.125963722255819,0.046962663205102
54,"s(log_TimefromLastRipple_z)",0.288186123769392,0.00198622989013376,0.256900528728875,0.090719107555773
55,"s(log_TimefromLastRipple_z)",0.0418296201929184,0.00035031469410599,0.0958703441207809,0.0337561963168289
56,"s(log_TimefromLastRipple_z)",0.101472732922864,0.000606267210061892,0.0775020813304598,0.0246408204159849
57,"s(log_TimefromLastRipple_z)",0.192262451692477,0.00148362610559898,0.188384318753953,0.0751933213887365
58,"s(log_TimefromLastRipple_z)",0.313494482565623,0.00280380961262385,0.26802499848991,0.0946018527693636
59,"s(log_TimefromLastRipple_z)",0.0417351651690867,0.000336752983145401,0.0769653079612605,0.032412547397163
60,"s(log_TimefromLastRipple_z)",0.101616078961105,0.0015042308702249,0.200615114052922,0.0702900046516911
61,"s(log_TimefromLastRipple_z)",0.307421584431757,0.00234509283262323,0.292363987561472,0.111981470507377
62,"s(log_TimefromLastRipple_z)",0.221552904591247,0.0016054072651286,0.208984574966198,0.0826159058218176
63,"s(log_TimefromLastRipple_z)",0.200348320614255,0.0011402113494164,0.112012816820653,0.0531375288838166
64,"s(log_TimefromLastRipple_z)",0.324332950808359,0.00257259670664339,0.151627090398429,0.0736855361126456
65,"s(log_TimefromLastRipple_z)",0.092099954315172,0.000433807835029968,0.0854058658935041,0.0335794529679247
66,"s(log_TimefromLastRipple_z)",0.233215643151313,0.00150209452301084,0.19836305788517,0.0500538758890334
67,"s(log_TimefromLastRipple_z)",0.0842976592643131,0.000445284107268812,0.0715175777492183,0.0336470163411827
68,"s(log_TimefromLastRipple_z)",0.169277624738492,0.0012518693693978,0.128581492601833,0.0535414611174217
69,"s(log_TimefromLastRipple_z)",0.163707942696526,0.00139031821561386,0.156302674129177,0.042219065000274
70,"s(log_TimefromLastRipple_z)",0.16236840437743,0.00161232076445,0.203872522697035,0.0715279665503946
71,"s(log_TimefromLastRipple_z)",0.160916904754183,0.00158311318076226,0.20402471529482,0.0719050768833695
72,"s(log_TimefromLastRipple_z)",0.339083446071851,0.00250903340854784,0.201010564131736,0.0751563472678894
73,"s(log_TimefromLastRipple_z)",0.172616540346309,0.00119568454913517,0.106287149427736,0.0397057423774381
74,"s(log_TimefromLastRipple_z)",0.289272147903129,0.00206439726371745,0.152207067418852,0.0602043291028852
75,"s(log_TimefromLastRipple_z)",0.170143935073833,0.00135269634308715,0.200182021206808,0.0798884231248766
76,"s(log_TimefromLastRipple_z)",0.0982480764858117,0.000967434342731013,0.159951563861737,0.0562608842572548
77,"s(log_TimefromLastRipple_z)",0.0997952051049816,0.000725356617808636,0.0847567440368669,0.0345093967971459
78,"s(log_TimefromLastRipple_z)",0.27982037264481,0.00206784443983018,0.188180757816585,0.080505031397637
79,"s(log_TimefromLastRipple_z)",0.275527536992807,0.00205731219002919,0.270469608915376,0.0991414636660695
80,"s(log_TimefromLastRipple_z)",0.139996183391455,0.00108784791740491,0.169433179618378,0.059117842603695
81,"s(log_TimefromLastRipple_z)",0.134258405710158,0.00121792935016921,0.188011907502445,0.0740959081829239
82,"s(log_TimefromLastRipple_z)",0.0799764559141378,0.000561028837092074,0.121559216869326,0.0422304830042284
83,"s(log_TimefromLastRipple_z)",0.189970462825913,0.00197533483263109,0.229204736999869,0.0802827166632431
84,"s(log_TimefromLastRipple_z)",0.303538889404864,0.00272359207309289,0.216645958458805,0.0599615196778325
85,"s(log_TimefromLastRipple_z)",0.0489793000350021,0.000513247033867395,0.12119273934076,0.0439540847872981
86,"s(log_TimefromLastRipple_z)",0.143154368321806,0.00124371450184351,0.181785067719569,0.0638238753413393
87,"s(log_TimefromLastRipple_z)",0.402645205228229,0.00281489439737329,0.166658092714876,0.0819555167700459
88,"s(log_TimefromLastRipple_z)",0.240610307130319,0.00200310626893105,0.159286122447957,0.0796055680934777
89,"s(log_TimefromLastRipple_z)",0.146618641043734,0.000771935908063485,0.0959649224662419,0.0355291503555004
90,"s(log_TimefromLastRipple_z)",0.0754216500040872,0.000985969383096922,0.163266552543301,0.0572707977537628
91,"s(log_TimefromLastRipple_z)",0.124348575205425,0.00122074963245915,0.179680302387197,0.0629211032513485
92,"s(log_TimefromLastRipple_z)",0.0783999459395155,0.000708312174113331,0.135294116549095,0.0478168234756622
93,"s(log_TimefromLastRipple_z)",0.211135648943279,0.00163816121955796,0.227243949684909,0.0855492054810291
94,"s(log_TimefromLastRipple_z)",0.0821279891999978,0.000573111441045589,0.0809407825326522,0.0234596082786429
95,"s(log_TimefromLastRipple_z)",0.266833970222526,0.00200903653811643,0.22770904030393,0.0903250809980622
96,"s(log_TimefromLastRipple_z)",0.238682240108747,0.00156540309445359,0.15974903237179,0.0759026247979596
97,"s(log_TimefromLastRipple_z)",0.30937666217457,0.00229174868823191,0.226861418260292,0.0947322304003171
98,"s(log_TimefromLastRipple_z)",0.2542714650397,0.00167610590699453,0.140993471168578,0.0584131651588445
99,"s(log_TimefromLastRipple_z)",0.0359647972795362,0.000297599815829429,0.0921962195766712,0.0361185178399953
100,"s(log_TimefromLastRipple_z)",0.0685576916474373,0.000705332550064213,0.136882861176865,0.0481089549706519
101,"s(log_TimefromLastRipple_z)",0.136012981980908,0.00114884816918297,0.122682507130228,0.0538239723175324
102,"s(log_TimefromLastRipple_z)",0.248354552498368,0.00189147507327454,0.138529721671911,0.0598295149277387
103,"s(log_TimefromLastRipple_z)",0.351576303545672,0.00258834475268834,0.187742262641628,0.0926315607506452
104,"s(log_TimefromLastRipple_z)",0.0174099015926427,0.000111216941271634,0.0539376644901643,0.0190629431070754
105,"s(log_TimefromLastRipple_z)",0.330851118807661,0.00234265399572081,0.239026378328977,0.0958668880903255
106,"s(log_TimefromLastRipple_z)",0.169625392865122,0.00154460771758523,0.199790570373935,0.0705149683394411
107,"s(log_TimefromLastRipple_z)",0.176542323394026,0.00140298081199283,0.110131256374013,0.0467695415328555
108,"s(log_TimefromLastRipple_z)",0.183055131781899,0.00171142651058734,0.213126022794246,0.0748224557119959
109,"s(log_TimefromLastRipple_z)",0.225542868836695,0.00216692685583887,0.160557736187878,0.0684787501998514
110,"s(log_TimefromLastRipple_z)",0.151668125941213,0.00135105810912698,0.185636810961787,0.0654630868975822
111,"s(log_TimefromLastRipple_z)",0.28391463763689,0.00199023698805709,0.169522937666569,0.0756160973079398
112,"s(log_TimefromLastRipple_z)",0.0762501109368909,0.000787301221418802,0.1460586968425,0.0513994593524874
113,"s(log_TimefromLastRipple_z)",0.024706827346587,0.000244545525209915,0.0803465471116802,0.0281301223431005
114,"s(log_TimefromLastRipple_z)",0.104422547505281,0.00125569988446482,0.181887597496032,0.0639347816185703
115,"s(log_TimefromLastRipple_z)",0.272909732323852,0.00302303090367514,0.181061692442714,0.0916201172921896
116,"s(log_TimefromLastRipple_z)",0.125528537122912,0.00123978072587826,0.181585873079242,0.0636736273022328
117,"s(log_TimefromLastRipple_z)",0.135920193312539,0.000993023872701332,0.161793937755943,0.0567764973071583
118,"s(log_TimefromLastRipple_z)",0.249782572570155,0.00196478911921419,0.253765358074614,0.0948195482513914
119,"s(log_TimefromLastRipple_z)",0.161377917671141,0.000971687779212901,0.084003198117307,0.0332220015215078
120,"s(log_TimefromLastRipple_z)",0.115240387338105,0.00105443558589081,0.167557382259115,0.0589072768999075
121,"s(log_TimefromLastRipple_z)",0.180971845012187,0.00104325356068821,0.111728530384798,0.0366872670379601
122,"s(log_TimefromLastRipple_z)",0.152566758750242,0.00110172545997369,0.109694674640406,0.046009205384409
123,"s(log_TimefromLastRipple_z)",0.304970228937708,0.00307375270091295,0.286189448117928,0.100822915450554
124,"s(log_TimefromLastRipple_z)",0.201668067366993,0.00126044449954352,0.186789094460923,0.0717280590424394
125,"s(log_TimefromLastRipple_z)",0.201268686586433,0.0029211585916948,0.280759704808103,0.0989203390068055
126,"s(log_TimefromLastRipple_z)",0.33944010024833,0.00278463600594221,0.150354141893299,0.0684651984866322
127,"s(log_TimefromLastRipple_z)",0.222737203326811,0.00130365746756462,0.238812048381376,0.0875443816126452
128,"s(log_TimefromLastRipple_z)",0.25606150499421,0.0018956762131001,0.144617199903384,0.051977799407384
129,"s(log_TimefromLastRipple_z)",0.0974543440547524,0.000467408055593769,0.11720528869851,0.04661838333232
130,"s(log_TimefromLastRipple_z)",0.0942191666952963,0.00100120518564913,0.161128289251271,0.0565189122209658
131,"s(log_TimefromLastRipple_z)",0.165485413924362,0.00134140252649588,0.097216375850131,0.035311459684933
132,"s(log_TimefromLastRipple_z)",0.0483346255688193,0.000523787657566352,0.119338910614495,0.04181476999303
133,"s(log_TimefromLastRipple_z)",0.16761024263365,0.00130087660508098,0.113499322795558,0.0391874171685192
134,"s(log_TimefromLastRipple_z)",0.0821188490861856,0.000779540461504896,0.164070335985717,0.0638592914334894
135,"s(log_TimefromLastRipple_z)",0.0766137870673387,0.000562911090230534,0.122593247466377,0.0430892616281479
136,"s(log_TimefromLastRipple_z)",0.240773837375533,0.00205801806512511,0.1547310336383,0.0485149753848836
137,"s(log_TimefromLastRipple_z)",0.193300242492952,0.00161587735387691,0.204668937555768,0.0719409020371807
138,"s(log_TimefromLastRipple_z)",0.144337869677716,0.00116115636487148,0.196485476296742,0.0749814541430291
139,"s(log_TimefromLastRipple_z)",0.0472071682878665,0.000601716864430892,0.126800243735926,0.0446401845939141
140,"s(log_TimefromLastRipple_z)",0.265129557872866,0.00197216137175201,0.166641558242573,0.072417250724038
141,"s(log_TimefromLastRipple_z)",0.120564281362423,0.000959913686204664,0.142450715673614,0.0596006132390453
142,"s(log_TimefromLastRipple_z)",0.0525554845662002,0.000501346112369691,0.113459516665006,0.0400590917539041
143,"s(log_TimefromLastRipple_z)",0.231075331229744,0.0020640883492527,0.23092997417561,0.0809077297989467
144,"s(log_TimefromLastRipple_z)",0.0718211825639988,0.000626566390667703,0.127705587813705,0.0449737759533984
145,"s(log_TimefromLastRipple_z)",0.178587972849358,0.00102434177558186,0.0987072760877877,0.047329008686248
146,"s(log_TimefromLastRipple_z)",0.32086091221198,0.00255071911139842,0.166285570631693,0.0619264356557088
147,"s(log_TimefromLastRipple_z)",0.00853135192197274,0.000401297785197097,0.0734875036004945,0.0298856592867331
148,"s(log_TimefromLastRipple_z)",0.0945191506628315,0.000907305312391586,0.154549128020792,0.0540175195758155
149,"s(log_TimefromLastRipple_z)",0.0485629211543113,0.000299834739140213,0.0897970884823801,0.0313885718980561
150,"s(log_TimefromLastRipple_z)",0.340938375249647,0.00249623373042992,0.172355601737651,0.0743722102920948
151,"s(log_TimefromLastRipple_z)",0.280766110182297,0.00282639800155966,0.276197874252703,0.0973601940017405
152,"s(log_TimefromLastRipple_z)",0.0722649221237419,0.000575454310150882,0.123934370721572,0.0433377305685941
153,"s(log_TimefromLastRipple_z)",0.136891431824244,0.000919869085028194,0.098790708297606,0.0475781039716985
154,"s(log_TimefromLastRipple_z)",0.0473285037810887,0.000305830047880091,0.0887984070476269,0.0311745706255084
155,"s(log_TimefromLastRipple_z)",0.153679882232395,0.0010130562736388,0.127315313611213,0.0573578702347165
156,"s(log_TimefromLastRipple_z)",0.0648296889028789,0.000462175258389125,0.0789232681450914,0.0276325734987835
157,"s(log_TimefromLastRipple_z)",0.13967470226344,0.000972158261321927,0.16593143754184,0.0666422482417888
158,"s(log_TimefromLastRipple_z)",0.118499961019077,0.0011424591850606,0.180122978391697,0.0657882527939584
159,"s(log_TimefromLastRipple_z)",0.168611866494981,0.0011971004861376,0.104224236360901,0.0389358083918325
160,"s(log_TimefromLastRipple_z)",0.0432281319718535,0.000482424799488495,0.113574236959803,0.0398374144736111
161,"s(log_TimefromLastRipple_z)",0.130701015717257,0.00121488657466409,0.179793085454262,0.0627983914391505
162,"s(log_TimefromLastRipple_z)",0.140346787834778,0.00158706636575767,0.202661333244371,0.0710829975640556
163,"s(log_TimefromLastRipple_z)",0.038826284316785,0.000524998489866374,0.116706661360239,0.0410157296252176
164,"s(log_TimefromLastRipple_z)",0.13811763407231,0.000963257937746461,0.0795815733874192,0.0296820423052514
165,"s(log_TimefromLastRipple_z)",0.0809364593720457,0.00171485367658674,0.183473981301634,0.0790433554316665
166,"s(log_TimefromLastRipple_z)",0.0438929606525036,0.000213965750049343,0.07480327224898,0.0291303981745308
167,"s(log_TimefromLastRipple_z)",0.0811590918337451,0.000606786150221261,0.127980777395382,0.0449848089314764
168,"s(log_TimefromLastRipple_z)",0.0986303284377278,0.000841448591200247,0.149409914632649,0.0524426718862634
169,"s(log_TimefromLastRipple_z)",0.204834071568545,0.00187617456734933,0.22134840222144,0.0776024023564704
170,"s(log_TimefromLastRipple_z)",0.0918865900780189,0.000430079007367855,0.107693199993831,0.0379651610944991
171,"s(log_TimefromLastRipple_z)",0.0801028117268725,0.000481090508541043,0.108030922847796,0.0422467072422535
172,"s(log_TimefromLastRipple_z)",0.128756656681149,0.00105761437989093,0.166961382997665,0.0588249157021436
173,"s(log_TimefromLastRipple_z)",0.124647966849793,0.000888918861692966,0.15379610508972,0.0540655897840018
174,"s(log_TimefromLastRipple_z)",0.187025885942572,0.00131979950163514,0.168413229730575,0.0697780978452683
175,"s(log_TimefromLastRipple_z)",0.284630829657306,0.00219581576809286,0.22357790905511,0.0943438196580479
176,"s(log_TimefromLastRipple_z)",0.0787174463931588,0.000468210838952111,0.115954093402053,0.0458436698751855
177,"s(log_TimefromLastRipple_z)",0.0955127797539104,0.000501727966423251,0.0755364175369075,0.0372120102807641
178,"s(log_TimefromLastRipple_z)",0.157303051792884,0.00117081324643275,0.0943820095686708,0.0421217310771224
179,"s(log_TimefromLastRipple_z)",0.140327767606823,0.00101469139879987,0.0919653139471758,0.0414900884143081
180,"s(log_TimefromLastRipple_z)",0.094203015471805,0.000646229268115017,0.131125123488738,0.046224700466043
181,"s(log_TimefromLastRipple_z)",0.165847333694018,0.000973586852335116,0.101255669363649,0.0495856411292151
182,"s(log_TimefromLastRipple_z)",0.276039994988315,0.00265203081448333,0.265838291474986,0.0934955286211001
183,"s(log_TimefromLastRipple_z)",0.121104919480848,0.000996646937965055,0.160106505345577,0.0564289817775543
184,"s(log_TimefromLastRipple_z)",0.0921503883767958,0.00112865702371777,0.101124818886664,0.0433901726437652
185,"s(log_TimefromLastRipple_z)",0.129755074928369,0.000739831128714534,0.0981551921771807,0.0336857642309154
186,"s(log_TimefromLastRipple_z)",0.182196640320241,0.00134843560794679,0.121206855441286,0.0580044085544827
187,"s(log_TimefromLastRipple_z)",0.263128227641021,0.0017577053263459,0.15450359157295,0.0698936217255968
188,"s(log_TimefromLastRipple_z)",0.14811675644115,0.00118602589489932,0.114716362153169,0.0443865184116253
189,"s(log_TimefromLastRipple_z)",0.266763163715366,0.00229915749869585,0.172767486149138,0.0744373393429324
190,"s(log_TimefromLastRipple_z)",0.171603241322807,0.00115819740982667,0.115430925052924,0.0564466856260889
191,"s(log_TimefromLastRipple_z)",0.315272962043123,0.00225050727119299,0.130506788777984,0.0584011573206796
192,"s(log_TimefromLastRipple_z)",0.309040254999783,0.00229582966696178,0.153498671933493,0.0735438421855129
193,"s(log_TimefromLastRipple_z)",0.299525207031916,0.00264545419597523,0.269509108116695,0.0948363653482039
194,"s(log_TimefromLastRipple_z)",0.418011178555047,0.00317485932744326,0.185280495051552,0.0910808319247791
195,"s(log_TimefromLastRipple_z)",0.197085676250869,0.00180201252037825,0.216287417409042,0.0759917253497673
196,"s(log_TimefromLastRipple_z)",0.175601904316104,0.00202079613617469,0.229008797943516,0.0799975285506175
197,"s(log_TimefromLastRipple_z)",0.109433421558472,0.00071603818062224,0.143287140061863,0.055997331610382
198,"s(log_TimefromLastRipple_z)",0.186434477858729,0.00130465247313312,0.104328112097899,0.0439945716492551
199,"s(log_TimefromLastRipple_z)",0.236133789091606,0.00169453569172901,0.17498539929948,0.0773395498896408
200,"s(log_TimefromLastRipple_z)",0.0911198886395533,0.00109069241026037,0.168984433214673,0.0588393071189314
201,"s(log_TimefromLastRipple_z)",0.140034761009243,0.00123429360067119,0.178607392949785,0.0626579995441281
202,"s(log_TimefromLastRipple_z)",0.0819629156809727,0.000700369297189337,0.134533251069079,0.0473677194289431
203,"s(log_TimefromLastRipple_z)",0.130843206853212,0.000597845780987005,0.125477144374984,0.0495614051101583
204,"s(log_TimefromLastRipple_z)",0.122622810443648,0.000818095916354122,0.100389702738184,0.0440532844565856
205,"s(log_TimefromLastRipple_z)",0.136631580454127,0.000999532268424807,0.170389399764033,0.0667222211746731
206,"s(log_TimefromLastRipple_z)",0.152319233202463,0.00124730851729581,0.196356833141226,0.0772308759799426
207,"s(log_TimefromLastRipple_z)",0.132070517841809,0.00119641790254737,0.177728178410648,0.0623005391428939
208,"s(log_TimefromLastRipple_z)",0.0990630353423945,0.00090732803586979,0.153311549333252,0.0538244772288763
209,"s(log_TimefromLastRipple_z)",0.275777984213272,0.00228526718211549,0.13418433019336,0.0539335268082745
210,"s(log_TimefromLastRipple_z)",0.0714772079085089,0.000451502861665116,0.111052354269701,0.0461435936461903
211,"s(log_TimefromLastRipple_z)",0.192774940211927,0.00161842468610602,0.183416703941679,0.0782256480712415
212,"s(log_TimefromLastRipple_z)",0.140906319451974,0.00145487346300143,0.198249831140777,0.0698233996139557
213,"s(log_TimefromLastRipple_z)",0.158637484516448,0.00118089499812779,0.09384214272332,0.0348105796710347
214,"s(log_TimefromLastRipple_z)",0.113978122412097,0.000726562913720057,0.0825644595247538,0.0363803436903754
215,"s(log_TimefromLastRipple_z)",0.173230141632276,0.00119860762143031,0.108938686086209,0.0500217776333017
216,"s(log_TimefromLastRipple_z)",0.113998242529752,0.000739081881615593,0.0758280326441085,0.0342755505252814
217,"s(log_TimefromLastRipple_z)",0.0845053950292025,0.000431302275695884,0.0519001727913172,0.0186915049125296
218,"s(log_TimefromLastRipple_z)",0.208881101565465,0.00144337949104634,0.243133045452713,0.0879462930831225
219,"s(log_TimefromLastRipple_z)",0.036303261303988,0.000169779931797439,0.0661348824166696,0.0232598049279749
220,"s(log_TimefromLastRipple_z)",0.18114992178692,0.00110242668842207,0.110803704292822,0.0503834490303319
221,"s(log_TimefromLastRipple_z)",0.215058584770237,0.00159175932805415,0.113842022168732,0.050173024217569
222,"s(log_TimefromLastRipple_z)",0.150830665263432,0.00176470659859124,0.212949865462532,0.0746840735083046
223,"s(log_TimefromLastRipple_z)",0.175799861858104,0.00132718631295448,0.0990232754931096,0.039537935810726
224,"s(log_TimefromLastRipple_z)",0.21321032534849,0.00153665515717319,0.11406382653968,0.0551752759954746
225,"s(log_TimefromLastRipple_z)",0.203519032508923,0.00148778644387473,0.114333619838171,0.0520515807945786
226,"s(log_TimefromLastRipple_z)",0.227656355665074,0.00152552457588744,0.176634738630282,0.077494492840079
227,"s(log_TimefromLastRipple_z)",0.158148830946934,0.00112442109081937,0.170288884586782,0.0698672509945147
228,"s(log_TimefromLastRipple_z)",0.189865876057188,0.00189558991582364,0.218456454377023,0.0767411982100301
229,"s(log_TimefromLastRipple_z)",0.363357435340439,0.00267832438775521,0.211707550428408,0.101597308097696
230,"s(log_TimefromLastRipple_z)",0.103652828366018,0.00077206936773261,0.0994922566467033,0.0441685806375114
231,"s(log_TimefromLastRipple_z)",0.0909940524019196,0.000407903967434581,0.102693324465282,0.0364891084893301
232,"s(log_TimefromLastRipple_z)",0.052461301113895,0.000472939011593297,0.110758185423189,0.0390584267974547
233,"s(log_TimefromLastRipple_z)",0.117940585445611,0.000537688403426623,0.140026054901501,0.0331422535183677
234,"s(log_TimefromLastRipple_z)",0.162745457065044,0.00111106482028818,0.112018906691069,0.0561589604215353
235,"s(log_TimefromLastRipple_z)",0.203811822633318,0.00160073167000334,0.244022033413412,0.0886850960756167
236,"s(log_TimefromLastRipple_z)",0.169484927476476,0.00118951465792314,0.119120328507805,0.048959735398018
237,"s(log_TimefromLastRipple_z)",0.0871861292660286,0.000928584651981606,0.156636032689239,0.0549409802348669
238,"s(log_TimefromLastRipple_z)",0.11119963772488,0.000786269288798602,0.14469462546896,0.0504693342501199
239,"s(log_TimefromLastRipple_z)",0.193271590712357,0.00109612997249634,0.12430181925079,0.0616195355729335
240,"s(log_TimefromLastRipple_z)",0.0540745729350538,0.000422943859017099,0.105467328792053,0.0369659440801481
241,"s(log_TimefromLastRipple_z)",0.200767565007514,0.0015180824929819,0.14309092128128,0.0640687507831177
242,"s(log_TimefromLastRipple_z)",0.0975369469193126,0.000634783814770352,0.0685600580945514,0.0281036241142181
243,"s(log_TimefromLastRipple_z)",0.382863667449772,0.00274832027617906,0.267192601061462,0.1084569628208
244,"s(log_TimefromLastRipple_z)",0.121655402758761,0.00124373947969179,0.179646850248909,0.0631035376609106
245,"s(log_TimefromLastRipple_z)",0.146699560497157,0.00117612403793776,0.174620079742026,0.0615110806328494
246,"s(log_TimefromLastRipple_z)",0.117980467981909,0.00103128344452923,0.203373808782204,0.0758293672252305
247,"s(log_TimefromLastRipple_z)",0.22938588909161,0.00139503278456305,0.138006426189357,0.0520711222783266
248,"s(log_TimefromLastRipple_z)",0.140650063720289,0.000850011797340299,0.126952229830705,0.0469348727621049
249,"s(log_TimefromLastRipple_z)",0.12379376918945,0.000987179750226038,0.175479688086139,0.0679605095661048
250,"s(log_TimefromLastRipple_z)",0.199584664152123,0.00136013515694166,0.14549694474451,0.0657620882814007
251,"s(log_TimefromLastRipple_z)",0.0878643112611766,0.000344116070185052,0.0966685291108264,0.0339962962316207
252,"s(log_TimefromLastRipple_z)",0.145327075938094,0.000748892083526814,0.091730675925582,0.0315079787387278
253,"s(log_TimefromLastRipple_z)",0.192473638320164,0.0013103542503202,0.197422347377185,0.0748893463992612
254,"s(log_TimefromLastRipple_z)",0.0215047720855781,0.000374338167570729,0.0982295033038759,0.0346778456289586
255,"s(log_TimefromLastRipple_z)",0.10323008549137,0.000699382536752016,0.135037499881079,0.0473869739726707
256,"s(log_TimefromLastRipple_z)",0.321842788817892,0.00242298267920831,0.165074087274867,0.0738485044058994
257,"s(log_TimefromLastRipple_z)",0.149052555744477,0.00106127361354312,0.178110367071319,0.0704561679228416
258,"s(log_TimefromLastRipple_z)",0.25892884796498,0.00191364752579184,0.24429297123583,0.0966842076793847
259,"s(log_TimefromLastRipple_z)",0.227695498249294,0.00178588857295358,0.117737942432954,0.0491480101948664
260,"s(log_TimefromLastRipple_z)",0.0893765858357057,0.000645341515214084,0.13121646374985,0.0461324729468179
261,"s(log_TimefromLastRipple_z)",0.0565395724313793,0.000275213246705831,0.084733786308798,0.0344690717337358
262,"s(log_TimefromLastRipple_z)",0.210974804634026,0.00150894571451653,0.182449833525124,0.0662525529853087
263,"s(log_TimefromLastRipple_z)",0.0521358196596595,0.000318795517707357,0.10509348972648,0.0391515679603948
264,"s(log_TimefromLastRipple_z)",0.371193603475551,0.00292544279193739,0.164906030408985,0.0786804654107453
265,"s(log_TimefromLastRipple_z)",0.225871668936688,0.00157280877462508,0.19254727710837,0.0660080440869878
266,"s(log_TimefromLastRipple_z)",0.229176674583721,0.00226261480597749,0.245023311010671,0.0858840628711484
267,"s(log_TimefromLastRipple_z)",0.0135857678547544,0.000163690617792379,0.0665506211894316,0.0231357636585142
268,"s(log_TimefromLastRipple_z)",0.124964517768688,0.000697589554255175,0.125961953822755,0.051946212139729
269,"s(log_TimefromLastRipple_z)",0.152263587655808,0.00145976325253367,0.212756940376494,0.0810875162945063
270,"s(log_TimefromLastRipple_z)",0.0994747885601565,0.000383849763231885,0.0994435461751047,0.0350731438306413
271,"s(log_TimefromLastRipple_z)",0.0535614656598427,0.000409833852481017,0.104847316406345,0.036853451187316
272,"s(log_TimefromLastRipple_z)",0.139834816773423,0.000859273481781609,0.169245609641721,0.0415278704556976
273,"s(log_TimefromLastRipple_z)",0.218504440068286,0.00217874746510141,0.241600473560158,0.0849964373018914
274,"s(log_TimefromLastRipple_z)",0.262902835687752,0.00187258943430865,0.238698294273373,0.0953539103564682
275,"s(log_TimefromLastRipple_z)",0.184252101178788,0.00119023731628699,0.175892898349117,0.0699448245107818
276,"s(log_TimefromLastRipple_z)",0.307270657935397,0.00241483197597158,0.217935655295729,0.0899706315058112
277,"s(log_TimefromLastRipple_z)",0.215683572907117,0.00145388289603801,0.13380693704978,0.066094303712323
278,"s(log_TimefromLastRipple_z)",0.284561302776556,0.00216551940611916,0.132106867474299,0.0527541973866025
279,"s(log_TimefromLastRipple_z)",0.151032659874121,0.00135876192945052,0.187593781353994,0.0660271353719587
280,"s(log_TimefromLastRipple_z)",0.104564375568093,0.000903184903789077,0.152604689195489,0.0538600335834641
281,"s(log_TimefromLastRipple_z)",0.108665812383827,0.000711145911169386,0.136659695465611,0.0482389694620474
282,"s(log_TimefromLastRipple_z)",0.271423175943508,0.00234977746944981,0.250186581462208,0.088440749922809
283,"s(log_TimefromLastRipple_z)",0.300842119960814,0.00248054126289609,0.151142157953105,0.0709121213813958
284,"s(log_TimefromLastRipple_z)",0.0653361354796204,0.000455094741446196,0.0573600314316995,0.0222399042336856
285,"s(log_TimefromLastRipple_z)",0.284050169916559,0.00227676305760602,0.284115817849333,0.0661889363077039
286,"s(log_TimefromLastRipple_z)",0.157942766255963,0.000987784710427903,0.089564016819492,0.0356091198793934
287,"s(log_TimefromLastRipple_z)",0.0950952145995236,0.000729622803223234,0.139410600869836,0.051753479711472
288,"s(log_TimefromLastRipple_z)",0.212566613220889,0.00143688594867696,0.136942298815479,0.0550995377293052
289,"s(log_TimefromLastRipple_z)",0.0717601609895018,0.00150843420092688,0.201152280849698,0.0707263755926333
290,"s(log_TimefromLastRipple_z)",0.135495644258703,0.0010412722430554,0.105609983581658,0.0522047631192393
291,"s(log_TimefromLastRipple_z)",0.146766478909226,0.000961212792884134,0.118309506077328,0.0428234035669201
292,"s(log_TimefromLastRipple_z)",0.190476280895674,0.00159383008909589,0.131991839195467,0.0398541200926701
293,"s(log_TimefromLastRipple_z)",0.273978370834876,0.00266924147973631,0.261473901633874,0.0923058118348978
294,"s(log_TimefromLastRipple_z)",0.173533811410054,0.00145029507640212,0.122144770377976,0.0379824945497967
295,"s(log_TimefromLastRipple_z)",0.232687785165452,0.001619859833802,0.146269960518077,0.0623113328738867
296,"s(log_TimefromLastRipple_z)",0.275184319035105,0.00206272443870866,0.141533205211458,0.05960860078362
297,"s(log_TimefromLastRipple_z)",0.11021557369002,0.000649292532503294,0.133442312937537,0.0497815884154331
298,"s(log_TimefromLastRipple_z)",0.135381924652801,0.0013121357042292,0.186493396116361,0.0655097447760613
299,"s(log_TimefromLastRipple_z)",0.1124875121793,0.000883923032478298,0.157215459437475,0.0554528701408697
300,"s(log_TimefromLastRipple_z)",0.309163414459553,0.00277215821913453,0.144759980941169,0.055028853978139
301,"s(log_TimefromLastRipple_z)",0.138389009965037,0.0011794911524971,0.0927755370574433,0.0339770298504065
302,"s(log_TimefromLastRipple_z)",0.127267265591052,0.000969907198542792,0.158269806957842,0.0623428903113259
303,"s(log_TimefromLastRipple_z)",-0.00366536874802825,8.9039851467862e-05,0.0474283105077742,0.0167294368845143
304,"s(log_TimefromLastRipple_z)",0.0814751607556073,0.000623320423886331,0.128910711073145,0.0451014652792682
305,"s(log_TimefromLastRipple_z)",0.28343658688905,0.00222512431965519,0.150101398271077,0.0677092794913183
306,"s(log_TimefromLastRipple_z)",0.0753681495948708,0.000636598103153789,0.129421303787263,0.0454208443753383
307,"s(log_TimefromLastRipple_z)",0.200189933037916,0.0018925117560179,0.228120035692227,0.0806598283177315
308,"s(log_TimefromLastRipple_z)",0.167713160957375,0.00118218065207282,0.179277358651401,0.0718537989193705
309,"s(log_TimefromLastRipple_z)",0.340940562183698,0.00261281235194013,0.162056925342982,0.0720039250234519
310,"s(log_TimefromLastRipple_z)",0.207976083382984,0.00218308994356284,0.242401944713979,0.0850175864296486
311,"s(log_TimefromLastRipple_z)",0.263886227844351,0.00135800599765006,0.175628925269276,0.0724718202734399
312,"s(log_TimefromLastRipple_z)",0.0933047036574421,0.000859857325348321,0.148092441942136,0.0521296169906612
313,"s(log_TimefromLastRipple_z)",0.15889227727578,0.00105111016347338,0.0999067724982368,0.0460066217752958
314,"s(log_TimefromLastRipple_z)",0.175586011301619,0.00127583869338928,0.194589386774693,0.074758221602644
315,"s(log_TimefromLastRipple_z)",0.0632542255149027,0.000668587219100229,0.132978877982327,0.0466309854958552
316,"s(log_TimefromLastRipple_z)",0.187399181189992,0.0012266578588065,0.1126798848403,0.055334038820523
317,"s(log_TimefromLastRipple_z)",0.383907900224903,0.00303514995681298,0.152686097976019,0.0669314649332881
318,"s(log_TimefromLastRipple_z)",0.0955546011353642,0.000443852830536948,0.109372865753204,0.0385022139573762
319,"s(log_TimefromLastRipple_z)",0.234535932337096,0.00167540932344794,0.132286112381436,0.0644779485642149
320,"s(log_TimefromLastRipple_z)",0.196667499666846,0.00126796224568534,0.207084082831652,0.0826266087830407
321,"s(log_TimefromLastRipple_z)",0.273408275395189,0.00270621650180481,0.266315760718966,0.0939496454629772
322,"s(log_TimefromLastRipple_z)",0.309634874932588,0.00209075119430249,0.20869614631789,0.0553744396289683
323,"s(log_TimefromLastRipple_z)",0.135516446543136,0.000776835607486718,0.0825185510929717,0.0306773321212094
324,"s(log_TimefromLastRipple_z)",0.240419968999265,0.00169126317505039,0.182761426089852,0.0810143277665264
325,"s(log_TimefromLastRipple_z)",0.195708413076275,0.00134797103706576,0.196760025420753,0.0796707954205387
326,"s(log_TimefromLastRipple_z)",0.166469239251831,0.0015461504919323,0.199526702834544,0.0703711142448627
327,"s(log_TimefromLastRipple_z)",0.242581634570626,0.00210881333764692,0.142617553165484,0.0533807542182344
328,"s(log_TimefromLastRipple_z)",0.0913696940398601,0.000525132714967326,0.0742964610923263,0.0312470350424531
329,"s(log_TimefromLastRipple_z)",0.103906627116371,0.000607960415748643,0.1444070038131,0.050322063527174
330,"s(log_TimefromLastRipple_z)",0.099134925196829,0.000990356638495779,0.161891719557699,0.0566389494379545
331,"s(log_TimefromLastRipple_z)",0.0580177376990448,0.000226944420087382,0.0845797049506523,0.0307989366004862
332,"s(log_TimefromLastRipple_z)",0.101118973453946,0.000927172564081145,0.156372074563944,0.0549393798394382
333,"s(log_TimefromLastRipple_z)",0.064204930023364,0.000340470559250207,0.0951882785459923,0.033375978848779
334,"s(log_TimefromLastRipple_z)",0.166011727973337,0.00164649636959759,0.207726267713439,0.0730197431288601
335,"s(log_TimefromLastRipple_z)",0.207606007242787,0.00159721636261635,0.11602190713328,0.0462735535500266
336,"s(log_TimefromLastRipple_z)",0.0271887139371825,0.000149918049868558,0.0616098022965393,0.0216485095270964
337,"s(log_TimefromLastRipple_z)",0.0691225955186908,0.000674642660292485,0.134010244189738,0.0471993398204323
338,"s(log_TimefromLastRipple_z)",0.172997195263396,0.00122581490022015,0.0941454806489027,0.0415092385003566
339,"s(log_TimefromLastRipple_z)",0.0749731321052723,0.000477913385201292,0.11201527574669,0.0391841888338467
340,"s(log_TimefromLastRipple_z)",0.194479048420865,0.00135236846793507,0.231993929077497,0.0826625433175172
341,"s(log_TimefromLastRipple_z)",0.114319001213373,0.000733431943058189,0.0749257519929886,0.0298722189382552
342,"s(log_TimefromLastRipple_z)",0.406153421604537,0.00345428611926584,0.165462837146264,0.0639094792264928
343,"s(log_TimefromLastRipple_z)",0.226873929908531,0.00188002943374897,0.174230846377648,0.0739328924212576
344,"s(log_TimefromLastRipple_z)",0.0500691225755655,0.000469144696987425,0.110721992364203,0.038862490854688
345,"s(log_TimefromLastRipple_z)",0.214623546176982,0.00172001290182111,0.127464042123438,0.0633265681188034
346,"s(log_TimefromLastRipple_z)",0.0465775406807725,0.000532046307451651,0.117331315958907,0.0412128141242092
347,"s(log_TimefromLastRipple_z)",0.119605455719674,0.00102701957950006,0.166175634244262,0.0585134987274563
348,"s(log_TimefromLastRipple_z)",0.342018636274467,0.00323425840909075,0.175184209788321,0.0765323172126029
349,"s(log_TimefromLastRipple_z)",0.118973315981998,0.00116276632195617,0.174666069252651,0.061242355343571
350,"s(log_TimefromLastRipple_z)",0.0992288422953734,0.000882285578249196,0.152635199163327,0.0538768297490189
351,"s(log_TimefromLastRipple_z)",0.288805289210924,0.00219908331911113,0.157567683069434,0.06466668467048
352,"s(log_TimefromLastRipple_z)",0.195769379264809,0.0017200085927027,0.215155497567179,0.075677223587494
353,"s(log_TimefromLastRipple_z)",0.304559829195785,0.00226029344345092,0.153922599117771,0.055712490339144
354,"s(log_TimefromLastRipple_z)",0.191059536327036,0.00127842089251153,0.163266189390901,0.0637111307629594
355,"s(log_TimefromLastRipple_z)",0.18874935250776,0.00134434048347322,0.119596348163669,0.0443065289154805
356,"s(log_TimefromLastRipple_z)",0.168378190970232,0.00123371640471552,0.184107194148001,0.0733049566077235
357,"s(log_TimefromLastRipple_z)",0.123512685509733,0.00161622196548962,0.117811219657775,0.0480711719678279
358,"s(log_TimefromLastRipple_z)",0.16678547149553,0.00181343858267854,0.228051777712967,0.0837837628088619
359,"s(log_TimefromLastRipple_z)",0.0869458603936146,0.000714726802036652,0.134480255195747,0.0470362417069797
360,"s(log_TimefromLastRipple_z)",0.185324241456475,0.00121407352232156,0.173248000041284,0.0718739347233823
361,"s(log_TimefromLastRipple_z)",0.138363651925837,0.000935579323340217,0.0953375165958053,0.0473554010145085
362,"s(log_TimefromLastRipple_z)",0.145286880362356,0.00100602062051723,0.178222295276986,0.0674829391119253
363,"s(log_TimefromLastRipple_z)",0.181554417207334,0.00104320502564346,0.111701408562722,0.0466689803149412
364,"s(log_TimefromLastRipple_z)",0.0879554052022862,0.000863988787156219,0.151760697869443,0.0532329377348145
365,"s(log_TimefromLastRipple_z)",0.0572371069103337,0.000531519634146337,0.117623968440061,0.0410605570381878
366,"s(log_TimefromLastRipple_z)",0.0968418238162887,0.000722945916056126,0.154340799300145,0.0602878188517621
367,"s(log_TimefromLastRipple_z)",0.288201814564571,0.00281463436459219,0.249489619532128,0.0534144023729621
368,"s(log_TimefromLastRipple_z)",0.222273012417402,0.00172692608047627,0.119817246369142,0.051576243480415
369,"s(log_TimefromLastRipple_z)",0.162063678802278,0.00134091119816134,0.144555114955476,0.0651670062876879
370,"s(log_TimefromLastRipple_z)",0.136688418970986,0.000819078484515528,0.0802002107672293,0.0341888847221562
371,"s(log_TimefromLastRipple_z)",0.120195303772538,0.00106913789108898,0.168021222570534,0.0590492484332266
372,"s(log_TimefromLastRipple_z)",0.148287757207103,0.000959427288743772,0.169905401531262,0.0600252195101193
373,"s(log_TimefromLastRipple_z)",0.288775388649023,0.0022630833796394,0.150135893661272,0.0596719107433591
374,"s(log_TimefromLastRipple_z)",0.101872529176827,0.00057807456765654,0.078539748540172,0.0359513497929632
375,"s(log_TimefromLastRipple_z)",0.0630623963184671,0.000334369439665211,0.0932244611138593,0.0326920791216121
376,"s(log_TimefromLastRipple_z)",0.14282340071051,0.000980981777522393,0.132287780774561,0.0574919268208209
377,"s(log_TimefromLastRipple_z)",0.195557122172391,0.0012439494027959,0.211269099907124,0.0501129212514735
378,"s(log_TimefromLastRipple_z)",0.157583626772155,0.0010734606573394,0.0840248613166852,0.0302564969931571
379,"s(log_TimefromLastRipple_z)",0.080216946813258,0.000703309288310219,0.136344788005683,0.0479309922897072
380,"s(log_TimefromLastRipple_z)",0.0810336219770437,0.0010452360384182,0.163311210647329,0.0569145380792962
381,"s(log_TimefromLastRipple_z)",0.058502983402885,0.000470579413713671,0.111728159929973,0.0394015634614069
382,"s(log_TimefromLastRipple_z)",0.0347937379813587,0.00029357809124787,0.0885998887572691,0.0314033136929059
383,"s(log_TimefromLastRipple_z)",0.137439138269628,0.00127969620347953,0.183982422777805,0.0644732730506047
384,"s(log_TimefromLastRipple_z)",0.151748691768611,0.0010207408730556,0.0876101475562025,0.033121698250023
385,"s(log_TimefromLastRipple_z)",0.125176491666601,0.00123544614917303,0.17864850276399,0.0632891905495781
386,"s(log_TimefromLastRipple_z)",0.179375053714602,0.00136340712484002,0.103759097531054,0.0436109100560861
387,"s(log_TimefromLastRipple_z)",0.261749642740827,0.00199687483422957,0.144867785702289,0.0724990695409273
388,"s(log_TimefromLastRipple_z)",0.041861986502816,0.000500354510866205,0.114262221073741,0.0397822079719088
389,"s(log_TimefromLastRipple_z)",0.11110372414058,0.000730502179369119,0.144902865509397,0.0561139054684162
390,"s(log_TimefromLastRipple_z)",0.151833776527106,0.00131378044304244,0.184907515844884,0.0650998366863367
391,"s(log_TimefromLastRipple_z)",0.127097877334156,0.000813113237101081,0.0981063422223928,0.0317200010028642
392,"s(log_TimefromLastRipple_z)",0.116199180460347,0.00081445240144849,0.119783737440982,0.0350490140170151
393,"s(log_TimefromLastRipple_z)",0.215699018504687,0.00151930770107097,0.12872841705797,0.0564083665664689
394,"s(log_TimefromLastRipple_z)",0.117269787639923,0.000904186601172619,0.0844657868060082,0.0381248762247746
395,"s(log_TimefromLastRipple_z)",0.179286109290706,0.00101016783425298,0.11640405617726,0.0460589525625775
396,"s(log_TimefromLastRipple_z)",0.0602413962749052,0.000460806172931227,0.109920205795271,0.0387810344262166
397,"s(log_TimefromLastRipple_z)",0.237604697383144,0.00191355029149984,0.185661139002942,0.0824909944048866
398,"s(log_TimefromLastRipple_z)",0.127566903221049,0.00136128334888185,0.189536149513623,0.0667004273741959
399,"s(log_TimefromLastRipple_z)",0.227067940105755,0.00238190662622496,0.253648934940544,0.0885015733348005
400,"s(log_TimefromLastRipple_z)",0.199696921511269,0.00209738077551943,0.140128649443562,0.052240550870925
401,"s(log_TimefromLastRipple_z)",0.125203160738856,0.000802185239311428,0.118295925679682,0.0514899792801052
402,"s(log_TimefromLastRipple_z)",0.168162861982751,0.00117539376531005,0.100197871484204,0.0336344674410434
403,"s(log_TimefromLastRipple_z)",0.0177317011364914,9.79453537106621e-05,0.0498778848469549,0.0174773049503948
404,"s(log_TimefromLastRipple_z)",0.116039655987827,0.000674980822678245,0.134437715191473,0.0349029931978222
405,"s(log_TimefromLastRipple_z)",0.0536814796682799,0.000432561253362143,0.106155223198494,0.0373656637047026
406,"s(log_TimefromLastRipple_z)",0.312810526681855,0.00240396900104927,0.14933873432627,0.0655229974930089
407,"s(log_TimefromLastRipple_z)",0.261745099745526,0.00181642879286741,0.144194010989948,0.0585761944981079
408,"s(log_TimefromLastRipple_z)",0.153182407297274,0.000956057702318099,0.0861145842970168,0.0380071874274669
409,"s(log_TimefromLastRipple_z)",0.182891652989329,0.00140708615706698,0.108557208324664,0.0463951408510101
410,"s(log_TimefromLastRipple_z)",0.23095689465601,0.00178018944301213,0.133171902460714,0.0635883218696811
411,"s(log_TimefromLastRipple_z)",0.395209177166604,0.0028519243041195,0.204752864382467,0.0966656935153169
412,"s(log_TimefromLastRipple_z)",0.103392361092328,0.000990938047760373,0.16127621141237,0.0570143321171536
413,"s(log_TimefromLastRipple_z)",0.24414178775003,0.00206154543452819,0.162262240496559,0.0728732617335518
414,"s(log_TimefromLastRipple_z)",0.241247601566398,0.00168388568468639,0.123641045026627,0.0469399745609729
415,"s(log_TimefromLastRipple_z)",0.121052167945825,0.000710215153008908,0.0835092742575414,0.0367559886316196
416,"s(log_TimefromLastRipple_z)",0.134586623602124,0.0011752447762497,0.177999658720106,0.0624938862685625
417,"s(log_TimefromLastRipple_z)",0.287535243304451,0.00257087928436819,0.184079016225726,0.0583904164888875
418,"s(log_TimefromLastRipple_z)",0.0941667568028501,0.00107526784419167,0.169300270372774,0.0589020378188068
419,"s(log_TimefromLastRipple_z)",0.0703633772573873,0.000408242845788243,0.101864333109188,0.035999310048719
420,"s(log_TimefromLastRipple_z)",0.137751549609714,0.000996908990281244,0.162610101117747,0.0571308369109905
421,"s(log_TimefromLastRipple_z)",0.107885498395891,0.00130218187574192,0.151909637255031,0.051350402069458
422,"s(log_TimefromLastRipple_z)",0.105736096445679,0.000976632317080508,0.160573405630501,0.0564962538326165
423,"s(log_TimefromLastRipple_z)",0.204393439745429,0.00134558636353734,0.12644027284596,0.0566851333063188
424,"s(log_TimefromLastRipple_z)",0.134203762965384,0.00108197173614845,0.169251945947573,0.0594805722965338
425,"s(log_TimefromLastRipple_z)",0.142264678547992,0.00112298070442543,0.171710522372228,0.060834910065131
426,"s(log_TimefromLastRipple_z)",0.225411200214628,0.00174178701952423,0.16593729048038,0.0480281272180562
427,"s(log_TimefromLastRipple_z)",0.1221821864114,0.00104420627740759,0.134212539947117,0.0527330111943004
428,"s(log_TimefromLastRipple_z)",0.144705219415017,0.00121876446595738,0.207623838421002,0.0485653614287057
429,"s(log_TimefromLastRipple_z)",0.254896299712749,0.00181678868498196,0.263909423602409,0.101613425619424
430,"s(log_TimefromLastRipple_z)",0.173875935084734,0.00159390748116843,0.203727830626214,0.0713579140428165
431,"s(log_TimefromLastRipple_z)",0.163822095284164,0.00111662062595966,0.15635617975649,0.0395165442251278
432,"s(log_TimefromLastRipple_z)",0.189359705305566,0.00176678568231,0.213998977561052,0.0754195988544139
433,"s(log_TimefromLastRipple_z)",0.176368149583083,0.00146866125456026,0.150001699633532,0.0692491152132917
434,"s(log_TimefromLastRipple_z)",0.0842518979879843,0.000662953287952483,0.133155929575092,0.0464240416637249
435,"s(log_TimefromLastRipple_z)",0.176702782368023,0.00128928819118382,0.191703148346291,0.0765925867167381
436,"s(log_TimefromLastRipple_z)",0.104311932326089,0.00144799404510014,0.193738406218055,0.0679499327690316
437,"s(log_TimefromLastRipple_z)",0.147111340553842,0.00155108569438842,0.121730272273537,0.0551215006240128
438,"s(log_TimefromLastRipple_z)",0.267725949646787,0.00227698469639623,0.205988285287279,0.0809338255317024
439,"s(log_TimefromLastRipple_z)",0.106968868026747,0.000743557843049359,0.0818366119164396,0.0308023734751493
440,"s(log_TimefromLastRipple_z)",0.213155811119216,0.00164666822360837,0.187905539144654,0.0813330843749123
441,"s(log_TimefromLastRipple_z)",0.0798324871874729,0.00067957224436186,0.135002709302179,0.0473554765741058
442,"s(log_TimefromLastRipple_z)",0.113546721181084,0.000838228811749974,0.150388477517779,0.0615690068731033
443,"s(log_TimefromLastRipple_z)",0.0800701265779848,0.000608124981589569,0.130337486707689,0.0525096868429865
444,"s(log_TimefromLastRipple_z)",0.191793267333208,0.0012210594894976,0.121305531995019,0.0562915411805427
445,"s(log_TimefromLastRipple_z)",0.466522975332903,0.00408085148628077,0.164751727575014,0.0697650032970413
446,"s(log_TimefromLastRipple_z)",0.231596101432396,0.0016249563752433,0.154454743175217,0.0468622294151631
447,"s(log_TimefromLastRipple_z)",0.168818601427972,0.000972128498226848,0.104340358643581,0.0420218974032405
448,"s(log_TimefromLastRipple_z)",0.196715843356173,0.00111552454246332,0.109734977392057,0.0461784297675981
449,"s(log_TimefromLastRipple_z)",0.0830932033037333,0.000558311739589704,0.0656963656930443,0.0226977959195547
450,"s(log_TimefromLastRipple_z)",0.0940446410471398,0.00073663227567131,0.138797633347416,0.0487619217314057
451,"s(log_TimefromLastRipple_z)",0.106162717549024,0.00124145926511415,0.183123234068966,0.0642840476050378
452,"s(log_TimefromLastRipple_z)",0.190190348346976,0.00171058372821823,0.213499140805632,0.075189515524398
453,"s(log_TimefromLastRipple_z)",0.300838236655199,0.00202587403908392,0.134026708341387,0.0632058730482915
454,"s(log_TimefromLastRipple_z)",0.34288945055269,0.00282557372742535,0.170988626346027,0.0791430725321757
455,"s(log_TimefromLastRipple_z)",0.211982227543969,0.00146256791745119,0.202000194588032,0.0829002008343315
456,"s(log_TimefromLastRipple_z)",0.160435650569958,0.00113096129841397,0.105411438942215,0.0335004443671206
457,"s(log_TimefromLastRipple_z)",0.142535914192348,0.00115398446482167,0.147531988519273,0.0643209366288137
458,"s(log_TimefromLastRipple_z)",0.191887768195669,0.00108273585082321,0.114753645395402,0.0408382116748118
459,"s(log_TimefromLastRipple_z)",0.0457941247233572,0.000230391027550512,0.0756207354360288,0.0265190428979991
460,"s(log_TimefromLastRipple_z)",0.296949359080105,0.00197321846508607,0.159048205483091,0.0706769544602314
461,"s(log_TimefromLastRipple_z)",0.121723841827114,0.00116568121469695,0.177011918252354,0.0619978463745667
462,"s(log_TimefromLastRipple_z)",0.0349557500693344,0.000110026372940049,0.0535689469704404,0.0188187829828259
463,"s(log_TimefromLastRipple_z)",0.0992614817748101,0.000862636561702076,0.152084134130123,0.0534679963297854
464,"s(log_TimefromLastRipple_z)",0.16934007880495,0.00126826970400549,0.196599699116449,0.0791889103646881
465,"s(log_TimefromLastRipple_z)",0.189144978603462,0.00136346617699337,0.122071499910922,0.0588744812152334
466,"s(log_TimefromLastRipple_z)",0.283210256103271,0.00236771087827848,0.20876417926234,0.0889814378175921
467,"s(log_TimefromLastRipple_z)",0.173120907910551,0.00117209183682101,0.182127390269641,0.0723637701405549
468,"s(log_TimefromLastRipple_z)",0.160280843008562,0.00121867829722375,0.10947312691738,0.0487922811695654
469,"s(log_TimefromLastRipple_z)",0.150759526482189,0.00117026778907169,0.206415906218746,0.0797245359660071
470,"s(log_TimefromLastRipple_z)",0.0770943742108809,0.00052744649706851,0.124552368862492,0.047847521836994
471,"s(log_TimefromLastRipple_z)",0.287005014736764,0.00229683494335615,0.210893798737573,0.0719057122890007
472,"s(log_TimefromLastRipple_z)",0.170394547015539,0.00107551326537697,0.0979479682884451,0.0460773505469367
473,"s(log_TimefromLastRipple_z)",0.161816902334782,0.00107493321968376,0.105263098815341,0.0484083414440313
474,"s(log_TimefromLastRipple_z)",0.102055445635954,0.00068572836200917,0.094023685139874,0.0358928478486379
475,"s(log_TimefromLastRipple_z)",0.125904667077349,0.000908675478618366,0.15555806318159,0.0546151279993834
476,"s(log_TimefromLastRipple_z)",0.133734602478256,0.00114258742026845,0.266118578849518,0.059714589578364
477,"s(log_TimefromLastRipple_z)",0.173270374941825,0.00160158842271127,0.206044275646725,0.0719701350967513
478,"s(log_TimefromLastRipple_z)",0.179834076763255,0.00145326423085537,0.107437316240866,0.0459060318743962
479,"s(log_TimefromLastRipple_z)",0.0983376679398138,0.000741751950685046,0.0832472893228673,0.0321966120507525
480,"s(log_TimefromLastRipple_z)",0.0806579958694884,0.000962159686683928,0.0969476342900933,0.0395174096832749
481,"s(log_TimefromLastRipple_z)",0.257750195252331,0.00230230069254606,0.138729096632451,0.0528932510147973
482,"s(log_TimefromLastRipple_z)",0.259939031697562,0.00240087665079442,0.252833622422249,0.0891208763965559
483,"s(log_TimefromLastRipple_z)",0.0702643935784691,0.000269631475524562,0.0834967754103389,0.0292347470281526
484,"s(log_TimefromLastRipple_z)",0.124859222156241,0.000757931823117027,0.0852598669092688,0.0422258835628496
485,"s(log_TimefromLastRipple_z)",0.146195007960998,0.00137024737411895,0.18853764312371,0.0665477847616033
486,"s(log_TimefromLastRipple_z)",0.262590255964959,0.00205886926271793,0.139538589738158,0.0651150900824413
487,"s(log_TimefromLastRipple_z)",0.105351734786214,0.00103754648158431,0.166673310164253,0.0587658061315551
488,"s(log_TimefromLastRipple_z)",-0.00203792873950648,0.000152802602627196,0.0630419863948982,0.0222321567801891
489,"s(log_TimefromLastRipple_z)",0.0317548425174548,0.000220852582720357,0.0760082243430174,0.0266590683926146
490,"s(log_TimefromLastRipple_z)",0.191791393802237,0.00137494180460952,0.112425076136336,0.0451450916804794
491,"s(log_TimefromLastRipple_z)",0.0188124715645177,0.000190198393807607,0.0709810425057214,0.0249196312576699
492,"s(log_TimefromLastRipple_z)",0.113258767122246,0.0011861877811165,0.176888555806919,0.0623396847611162
493,"s(log_TimefromLastRipple_z)",0.0962646771533711,0.000973218593015005,0.158014999577855,0.0556404592354064
494,"s(log_TimefromLastRipple_z)",0.156290348538633,0.00129657989133308,0.185540168588434,0.065148236587945
495,"s(log_TimefromLastRipple_z)",0.114463808121586,0.00112579398585987,0.175214784801669,0.061875488850503
496,"s(log_TimefromLastRipple_z)",0.219403894588102,0.00193281017283708,0.172251050077387,0.0465260076727887
497,"s(log_TimefromLastRipple_z)",0.111754876126848,0.000949473862883748,0.121335408829366,0.0270691779951864
498,"s(log_TimefromLastRipple_z)",0.0625602647343031,0.00123331378169774,0.182156229428453,0.0638448318487728
499,"s(log_TimefromLastRipple_z)",0.0223276557636003,0.000118357853180975,0.0505524435337244,0.0204875456242962
500,"s(log_TimefromLastRipple_z)",0.211914972262679,0.00138302627388248,0.123861801574494,0.0473647807333805
501,"s(log_TimefromLastRipple_z)",0.159804092442252,0.0011077742273963,0.0886977316954888,0.0351060243283233
502,"s(log_TimefromLastRipple_z)",0.0207258774140141,1.5992717101774e-05,0.0203824058809588,0.007122266778007
503,"s(log_TimefromLastRipple_z)",0.256689434400771,0.00224333408019336,0.155360882526331,0.0723642220411334
504,"s(log_TimefromLastRipple_z)",0.243337264718553,0.00204815589666223,0.147429456852428,0.0681384666430061
505,"s(log_TimefromLastRipple_z)",0.19568004200228,0.00145668688484241,0.184068036273229,0.0765221172336522
506,"s(log_TimefromLastRipple_z)",0.0796811101616375,0.000680927348145198,0.130715962585415,0.0462883164512486
507,"s(log_TimefromLastRipple_z)",0.287592732555981,0.00225944481225396,0.153013597750254,0.0709638939761326
508,"s(log_TimefromLastRipple_z)",0.177345511217913,0.0018526916921926,0.216860395437112,0.0766614396689475
509,"s(log_TimefromLastRipple_z)",0.0979757271191096,0.000699533571449447,0.137711364778762,0.0514406654578902
510,"s(log_TimefromLastRipple_z)",0.179077762707329,0.00157414276100847,0.131774832771158,0.0625755756879424
511,"s(log_TimefromLastRipple_z)",0.109089211050676,0.000695038639232117,0.129026177730524,0.0522862829977687
512,"s(log_TimefromLastRipple_z)",0.154422708368379,0.00135564877985479,0.187421984181933,0.066353443861215
513,"s(log_TimefromLastRipple_z)",0.148111642241207,0.00110651189973829,0.144986848359445,0.0603612294690864
514,"s(log_TimefromLastRipple_z)",0.108399067437216,0.000844352896301413,0.150215564716504,0.0526780506749061
515,"s(log_TimefromLastRipple_z)",0.159989594333954,0.00128760293758074,0.109659595355726,0.0426887494504999
516,"s(log_TimefromLastRipple_z)",0.0878650907324267,0.00063292734879169,0.130395299730557,0.0458448982887732
517,"s(log_TimefromLastRipple_z)",0.249011622279412,0.00234290953342515,0.246517451831594,0.0861612344710841
518,"s(log_TimefromLastRipple_z)",0.110830118500771,0.00103674024938331,0.167522009404089,0.0591742106770404
519,"s(log_TimefromLastRipple_z)",0.176254995992041,0.00138639226394492,0.102513837659787,0.0418276802994248
520,"s(log_TimefromLastRipple_z)",0.140918807152577,0.000978733977812741,0.116718736802319,0.0542430682335456
521,"s(log_TimefromLastRipple_z)",0.134209077697142,0.000885511407949207,0.160179909201801,0.0650384850393932
522,"s(log_TimefromLastRipple_z)",0.235229421947471,0.00174711629727567,0.204649533045368,0.0857994173564663
523,"s(log_TimefromLastRipple_z)",0.0989237791703728,0.000480571622333208,0.101940334909852,0.0378644750235053
524,"s(log_TimefromLastRipple_z)",0.27021086262895,0.0018744467979933,0.177927362709252,0.0767060442813286
525,"s(log_TimefromLastRipple_z)",0.165649420920134,0.00124035669917876,0.176628412331594,0.0719777605862964
526,"s(log_TimefromLastRipple_z)",0.186762209146898,0.00117061845740259,0.171277508703968,0.0700589916280419
527,"s(log_TimefromLastRipple_z)",0.190515712530349,0.0012340328395653,0.113145180144139,0.0467760422673422
528,"s(log_TimefromLastRipple_z)",0.0658745575508403,0.000548042973959524,0.119743828997013,0.0441061999440628
529,"s(log_TimefromLastRipple_z)",0.253908569058585,0.00202246423415827,0.235406516515117,0.0963803232601141
530,"s(log_TimefromLastRipple_z)",0.246256144706775,0.00181134494165121,0.150906796503652,0.0639184060296729
531,"s(log_TimefromLastRipple_z)",0.161606799617672,0.00162134983990205,0.20554094828992,0.0721700476789887
532,"s(log_TimefromLastRipple_z)",0.0602257954966641,0.000396755412135306,0.0641149356153592,0.0278880977429365
533,"s(log_TimefromLastRipple_z)",0.196464983449985,0.00160646140285893,0.131062131560938,0.0579369863290752
534,"s(log_TimefromLastRipple_z)",0.0380861476031799,0.000334831282145925,0.0953342424844537,0.0337519291602555
535,"s(log_TimefromLastRipple_z)",0.134667560782962,0.000814702150667199,0.0871319814662065,0.0340090665449416
536,"s(log_TimefromLastRipple_z)",0.144047010171719,0.00136733933228473,0.138379672276327,0.0327452444863332
537,"s(log_TimefromLastRipple_z)",0.154938586712928,0.00161299974310106,0.208665056791137,0.0735512945315354
538,"s(log_TimefromLastRipple_z)",0.360977950828247,0.00288231136036134,0.259769091297057,0.109113231079063
539,"s(log_TimefromLastRipple_z)",0.349734788793688,0.00265861114594485,0.240438787784309,0.101587382834126
540,"s(log_TimefromLastRipple_z)",0.145512511538325,0.00170418585636193,0.123289511992968,0.05010334720808
541,"s(log_TimefromLastRipple_z)",0.151712583602462,0.000955812996324633,0.0848967191586127,0.035764856904308
542,"s(log_TimefromLastRipple_z)",0.224432008435282,0.00160342216418962,0.141877834489465,0.0585049153945951
543,"s(log_TimefromLastRipple_z)",0.219946048768193,0.00142981716439491,0.157018978553345,0.0685237518584653
544,"s(log_TimefromLastRipple_z)",0.0835280219325822,0.000981512000063028,0.161995363572623,0.0570094192634622
545,"s(log_TimefromLastRipple_z)",0.156162737882627,0.00121151017145791,0.160990896520839,0.0688733479738697
546,"s(log_TimefromLastRipple_z)",0.150733352634303,0.00159080974988402,0.203273718114096,0.0716734474739161
547,"s(log_TimefromLastRipple_z)",0.0662755786336714,0.000525564901856827,0.117619603439259,0.0469302736332034
548,"s(log_TimefromLastRipple_z)",0.0292997105297627,8.06494206996197e-05,0.0458552296652212,0.0160939051611951
549,"s(log_TimefromLastRipple_z)",0.131645655309657,0.00127648781898882,0.181707386287545,0.0637954995989167
550,"s(log_TimefromLastRipple_z)",0.226741145407448,0.00176357978778934,0.146389641309949,0.0469442455680906
551,"s(log_TimefromLastRipple_z)",0.183419854954869,0.00174951879776989,0.21149382777591,0.074142049943506
552,"s(log_TimefromLastRipple_z)",0.22857197455159,0.00144704480240919,0.171415081552697,0.0476106579525115
553,"s(log_TimefromLastRipple_z)",0.21603982820699,0.00205462059059349,0.184100927238035,0.0493325404166191
554,"s(log_TimefromLastRipple_z)",0.170514726477324,0.00128790977752805,0.196052654983347,0.0779975504308377
555,"s(log_TimefromLastRipple_z)",0.218540031260253,0.00172954049925477,0.178037648411643,0.0518367748852802
556,"s(log_TimefromLastRipple_z)",0.0704880234985924,0.000574417940346825,0.156563344234429,0.0581938692315625
557,"s(log_TimefromLastRipple_z)",0.128231761418029,0.000790806808154393,0.102830943142326,0.0291005779670659
558,"s(log_TimefromLastRipple_z)",0.119209552212281,0.000961462561489792,0.0949078698324054,0.0468714158774374
559,"s(log_TimefromLastRipple_z)",0.0627942868002322,0.00039916407911788,0.101854044652189,0.0377452871461686
560,"s(log_TimefromLastRipple_z)",0.277504835238733,0.00207048158111068,0.13884302717059,0.0595865075923709
561,"s(log_TimefromLastRipple_z)",0.159931765043515,0.00159748442802063,0.205251177815055,0.0721551621859893
562,"s(log_TimefromLastRipple_z)",0.188902371573514,0.00129379292533563,0.113548676194205,0.0439204914994697
563,"s(log_TimefromLastRipple_z)",0.0875030507771138,0.000732671297679084,0.137756046667658,0.0484519035611367
564,"s(log_TimefromLastRipple_z)",0.232571984749158,0.00202292000112682,0.2470049482658,0.0899918725252439
565,"s(log_TimefromLastRipple_z)",0.101137273041336,0.000814587267283615,0.148611735768371,0.0523041475780975
566,"s(log_TimefromLastRipple_z)",0.17441987398125,0.00157527114164693,0.205151351949054,0.0720466127546318
567,"s(log_TimefromLastRipple_z)",0.118230747509607,0.00120599843469827,0.179046795784889,0.0627478519452618
568,"s(log_TimefromLastRipple_z)",0.0526506262420245,0.000978818413529576,0.159001730430975,0.0559353045894248
569,"s(log_TimefromLastRipple_z)",0.0587676801480777,0.000451720434038498,0.109126283695763,0.0382804886050857
570,"s(log_TimefromLastRipple_z)",0.137574601241231,0.00114126378318546,0.188542927778322,0.0742072750694723
571,"s(log_TimefromLastRipple_z)",0.26567255774019,0.00192635437545655,0.157003329941946,0.074667852427248
572,"s(log_TimefromLastRipple_z)",0.120113174461031,0.000840211582427865,0.149920098707839,0.0524386182838997
573,"s(log_TimefromLastRipple_z)",0.090385582290694,0.000695911992714759,0.159408389689104,0.060167227159038
574,"s(log_TimefromLastRipple_z)",0.270673853803345,0.00179584668447091,0.218551234274652,0.0871171413295549
575,"s(log_TimefromLastRipple_z)",0.0678829461608429,0.000415071066686258,0.104750193070454,0.0370928647312562
576,"s(log_TimefromLastRipple_z)",0.213804039494469,0.00146638572262729,0.124856600218008,0.0596137828141593
577,"s(log_TimefromLastRipple_z)",0.254729511683952,0.00182265870794768,0.130623807100456,0.0578183592887392
578,"s(log_TimefromLastRipple_z)",0.102825373851579,0.000545202034611455,0.13136506720507,0.0517918609162878
579,"s(log_TimefromLastRipple_z)",0.106110078616698,0.00104813922440043,0.165387928214145,0.0580973365721849
580,"s(log_TimefromLastRipple_z)",0.117632244189555,0.000640456388616988,0.093740622362201,0.0392673961190074
581,"s(log_TimefromLastRipple_z)",0.107958061237423,0.000678261430315297,0.137254559757802,0.0520877579977088
582,"s(log_TimefromLastRipple_z)",0.159306297949476,0.0013362226415603,0.219192908438442,0.0789537482283497
583,"s(log_TimefromLastRipple_z)",0.250371410422993,0.00182176152974675,0.138620096979085,0.0621479642551503
584,"s(log_TimefromLastRipple_z)",-0.00854222442410058,0.00021163914215592,0.0740564329145618,0.0261013498429116
585,"s(log_TimefromLastRipple_z)",0.105775841156702,0.000750711108012926,0.141553383060335,0.0528744065102498
586,"s(log_TimefromLastRipple_z)",0.0364359488563837,0.000255603943651313,0.0810684812343088,0.0285836377874404
587,"s(log_TimefromLastRipple_z)",0.46901956767957,0.0039880082991797,0.227067805717395,0.102219707400174
588,"s(log_TimefromLastRipple_z)",0.229321911899765,0.00188519576077813,0.228440423676689,0.0811045511432076
589,"s(log_TimefromLastRipple_z)",0.248680844020727,0.00184362904469279,0.224241225658142,0.091021338439136
590,"s(log_TimefromLastRipple_z)",0.143008912647773,0.000899264561905953,0.12913666135881,0.0512582272088292
591,"s(log_TimefromLastRipple_z)",0.150106019119611,0.00143362117844951,0.209078841922964,0.0766269008260799
592,"s(log_TimefromLastRipple_z)",0.0771821956064489,0.000504423638537216,0.0721836402073197,0.0349262067782238
593,"s(log_TimefromLastRipple_z)",0.220761544513701,0.00161714409725038,0.118439233874776,0.0515265481722634
594,"s(log_TimefromLastRipple_z)",0.120702171318943,0.000970575015551508,0.159748737036005,0.0555903643137903
595,"s(log_TimefromLastRipple_z)",0.110234686192271,0.000941512000228323,0.0941602594426396,0.0458468996095715
596,"s(log_TimefromLastRipple_z)",0.258544066556294,0.00261794933318659,0.265108997410754,0.0923556306436304
597,"s(log_TimefromLastRipple_z)",0.129241360767078,0.000884077225907448,0.132283495387708,0.0472920421492537
598,"s(log_TimefromLastRipple_z)",0.072066550585121,0.000719434947495004,0.134688483302816,0.0475047956364703
599,"s(log_TimefromLastRipple_z)",0.161425171464464,0.00119078242456907,0.130833206985251,0.0563641260628544
600,"s(log_TimefromLastRipple_z)",0.169424806741723,0.00155365464805267,0.202981336839606,0.0711300008331618
601,"s(log_TimefromLastRipple_z)",0.256506672148868,0.00198293697386134,0.1709256633319,0.0834513883530124
602,"s(log_TimefromLastRipple_z)",0.0776286536435166,0.000592130836943806,0.124887796687267,0.0438621205893909
603,"s(log_TimefromLastRipple_z)",0.142155417074711,0.00139096507788316,0.163204547410819,0.0743286736224265
604,"s(log_TimefromLastRipple_z)",0.141984712759701,0.00120883572254961,0.148111356067323,0.03602894675702
605,"s(log_TimefromLastRipple_z)",0.145910327010751,0.00110522504855555,0.0965766800461656,0.0412551210663697
606,"s(log_TimefromLastRipple_z)",0.246691572173921,0.00226745648826759,0.243431640755489,0.0855516952466591
607,"s(log_TimefromLastRipple_z)",0.194705319502603,0.00132071234729911,0.133019686167572,0.0605280061119687
608,"s(log_TimefromLastRipple_z)",0.089047995350948,0.0010682516272653,0.163510507880249,0.0577395416635678
609,"s(log_TimefromLastRipple_z)",0.185791467399023,0.00211086094466703,0.233578093577274,0.0822023938967362
610,"s(log_TimefromLastRipple_z)",0.0775818981901515,0.000528729806158532,0.122292969757766,0.0465758537107224
611,"s(log_TimefromLastRipple_z)",0.297033240431281,0.00215130166958923,0.143947171657512,0.0650157989090094
612,"s(log_TimefromLastRipple_z)",0.217841393564124,0.00183668587489388,0.220569086135422,0.0774219406672109
613,"s(log_TimefromLastRipple_z)",0.0714541928793627,0.000629529706372178,0.135264647537481,0.0496423788654956
614,"s(log_TimefromLastRipple_z)",0.321955519689511,0.00242204526549893,0.204714591299022,0.0827654357620493
615,"s(log_TimefromLastRipple_z)",0.158696352649287,0.00147398107529505,0.198758191348992,0.0697780525385899
616,"s(log_TimefromLastRipple_z)",0.170087091899486,0.00121475366984566,0.144349399193249,0.0548602378966394
617,"s(log_TimefromLastRipple_z)",0.300325808430482,0.00228794680578072,0.265643084579593,0.0967871838607116
618,"s(log_TimefromLastRipple_z)",0.209709674877742,0.00145828548721496,0.147506604422833,0.049110197395492
619,"s(log_TimefromLastRipple_z)",0.0683345156374472,0.000301962103906815,0.089132706635568,0.0312717874618143
620,"s(log_TimefromLastRipple_z)",0.044150705079855,0.000447874125897608,0.113679232753652,0.0420649523405431
621,"s(log_TimefromLastRipple_z)",0.110345249879134,0.00073831120938733,0.136188080286008,0.0528297881223022
622,"s(log_TimefromLastRipple_z)",0.194064889038794,0.00158026315551854,0.203716244914389,0.0715121192999219
623,"s(log_TimefromLastRipple_z)",0.0403446935150407,0.000124510668719707,0.0443087584833561,0.0139878307747652
624,"s(log_TimefromLastRipple_z)",0.0963995193431156,0.000607322108406343,0.0723670722551985,0.0325235891726638
625,"s(log_TimefromLastRipple_z)",0.306116731401077,0.00255093611507029,0.146218344868521,0.0631009195229274
626,"s(log_TimefromLastRipple_z)",0.110334048010779,0.000685034564500297,0.135390627301613,0.0504391942533537
627,"s(log_TimefromLastRipple_z)",0.148450963427208,0.00101300789428254,0.101990983355862,0.0457246813651766
628,"s(log_TimefromLastRipple_z)",0.289717284276334,0.00213884296637497,0.150403927429011,0.0619220646094637
629,"s(log_TimefromLastRipple_z)",0.0963310511253377,0.00082982539685267,0.11342231359815,0.047864551169987
630,"s(log_TimefromLastRipple_z)",0.255839508454417,0.00162926509908875,0.138310814842605,0.0612008454317969
631,"s(log_TimefromLastRipple_z)",0.0937215553043707,0.000744646765655624,0.142241332902337,0.0497885847644537
632,"s(log_TimefromLastRipple_z)",0.0484438363260036,0.000444142489381387,0.113738014486094,0.0400839048110488
633,"s(log_TimefromLastRipple_z)",0.151069498186714,0.00104265035252506,0.183510682217801,0.0740780169647934
634,"s(log_TimefromLastRipple_z)",0.125867156525001,0.00110259417911395,0.171056875878084,0.0597421055258809
635,"s(log_TimefromLastRipple_z)",0.173757563029505,0.00162775531646928,0.208905019419645,0.0732439938029296
636,"s(log_TimefromLastRipple_z)",0.0907530452610945,0.000697534764615317,0.142924113451215,0.0562042178705523
637,"s(log_TimefromLastRipple_z)",0.105943064305086,0.00076630749698224,0.0987983759470254,0.0275793610325397
638,"s(log_TimefromLastRipple_z)",0.137775717121667,0.00108641243379372,0.15670642579049,0.064970941285767
639,"s(log_TimefromLastRipple_z)",0.31587689595295,0.00275155031513403,0.267983931593628,0.0942404277394603
640,"s(log_TimefromLastRipple_z)",0.172199890569211,0.00105406413959501,0.107004981800514,0.0486879491816748
641,"s(log_TimefromLastRipple_z)",0.0383532590480156,0.000301763772912018,0.0905560074097629,0.0320143042378017
642,"s(log_TimefromLastRipple_z)",0.306203270028883,0.00228442432347134,0.219468992046063,0.0848595224328728
643,"s(log_TimefromLastRipple_z)",0.150659151667443,0.00105214628840779,0.165029641468796,0.058045144794185
644,"s(log_TimefromLastRipple_z)",0.0757164525719081,0.000403652504844354,0.102623457963182,0.0409627136639245
645,"s(log_TimefromLastRipple_z)",0.0229547528557581,0.000287433120895139,0.0824998956083777,0.0313717912036046
646,"s(log_TimefromLastRipple_z)",0.18278893847355,0.0016899269785749,0.213154353622108,0.0747630608755127
647,"s(log_TimefromLastRipple_z)",0.17015347104642,0.00076366696132488,0.106459065772386,0.0483762192436991
648,"s(log_TimefromLastRipple_z)",0.162063919241938,0.00141611173447985,0.112071050953856,0.0442925313952962
649,"s(log_TimefromLastRipple_z)",0.154230602441063,0.00109848062275159,0.187112683224431,0.0728430149499849
650,"s(log_TimefromLastRipple_z)",0.19957396132668,0.00159319267597333,0.123962831068055,0.0477852117726493
651,"s(log_TimefromLastRipple_z)",0.0641970280093881,0.000504122553499666,0.115680349405205,0.0406169902524571
652,"s(log_TimefromLastRipple_z)",0.174237258004175,0.00133275472512187,0.102337639039424,0.0442215851040052
653,"s(log_TimefromLastRipple_z)",0.204290562576407,0.0013737400082795,0.22144987586387,0.08323892220511
654,"s(log_TimefromLastRipple_z)",0.101576896729469,0.000548466889910326,0.0911128995415795,0.0263336591641489
655,"s(log_TimefromLastRipple_z)",0.0616875125047688,0.000688019642846428,0.088988842347582,0.0429172506069939
656,"s(log_TimefromLastRipple_z)",0.0722376734749747,0.000752422989919096,0.13867441736013,0.048789910815204
657,"s(log_TimefromLastRipple_z)",0.165876501287255,0.00149918816883272,0.199429009410698,0.069875856682266
658,"s(log_TimefromLastRipple_z)",0.167996895993702,0.00163710709631584,0.212276411137783,0.0747072112980342
659,"s(log_TimefromLastRipple_z)",0.135257885732409,0.00100536452289253,0.163124643082714,0.0573099606610835
660,"s(log_TimefromLastRipple_z)",0.188651968457677,0.0016048740519,0.113632675532999,0.0414981177724505
661,"s(log_TimefromLastRipple_z)",0.134203676941459,0.00102799340660589,0.177057035223041,0.0687542011564615
662,"s(log_TimefromLastRipple_z)",0.148063403734449,0.00153045405970913,0.199283808320723,0.0699452601505136
663,"s(log_TimefromLastRipple_z)",0.17506697519999,0.00143761456492508,0.195896373228289,0.0682428282794691
664,"s(log_TimefromLastRipple_z)",0.131866089691945,0.0009403063609398,0.161384578142715,0.0632143139245638
665,"s(log_TimefromLastRipple_z)",0.138956596587112,0.000908751002193123,0.157992003263945,0.0609074338838201
666,"s(log_TimefromLastRipple_z)",0.182691006383902,0.00153837824543481,0.212520396921263,0.074016173688422
667,"s(log_TimefromLastRipple_z)",0.163478119363882,0.00089532991570247,0.180859618296474,0.0698040896593716
668,"s(log_TimefromLastRipple_z)",0.104393566638278,0.000843351475826903,0.149030260067023,0.0525225875397442
669,"s(log_TimefromLastRipple_z)",0.235875675003338,0.00173431453865593,0.116180275960382,0.0480627726604413
670,"s(log_TimefromLastRipple_z)",0.215837264225531,0.00181805728134356,0.238433728937344,0.0905243694460672
671,"s(log_TimefromLastRipple_z)",0.157616671897261,0.00108586495803461,0.0920427816505973,0.0371126359041296
672,"s(log_TimefromLastRipple_z)",0.156509659261595,0.00112186708084313,0.158641484451057,0.0578698896506031
673,"s(log_TimefromLastRipple_z)",0.434081749599865,0.00396509755803679,0.320166034006077,0.112193122514404
674,"s(log_TimefromLastRipple_z)",0.28738054705663,0.00197700897871433,0.211014033641011,0.057718621282437
675,"s(log_TimefromLastRipple_z)",0.0722831491707128,0.000736621378258213,0.140428844011525,0.0494841138597816
676,"s(log_TimefromLastRipple_z)",0.0868912543278444,0.000811101027780773,0.146070222664864,0.0514822191097728
677,"s(log_TimefromLastRipple_z)",0.0763920610805227,0.000512287440694393,0.115734626997453,0.0405846471505797
678,"s(log_TimefromLastRipple_z)",0.20691566716661,0.00173988019435581,0.206547302126212,0.086356628377336
679,"s(log_TimefromLastRipple_z)",0.160021957934932,0.00132170287769449,0.189823013644848,0.0746376132436172
680,"s(log_TimefromLastRipple_z)",0.173489634728787,0.00190573610362105,0.223034618850423,0.0783301749194605
681,"s(log_TimefromLastRipple_z)",0.104419455701563,0.000801475224100491,0.145019247581891,0.0509231143911555
682,"s(log_TimefromLastRipple_z)",0.334393066674487,0.00234655761323733,0.176564898487863,0.0623213403363755
683,"s(log_TimefromLastRipple_z)",0.258939181930142,0.00200337594930839,0.137523671367306,0.0593533637636071
684,"s(log_TimefromLastRipple_z)",0.0749646054883517,0.00049003765338382,0.112188661265389,0.0393579609461889
685,"s(log_TimefromLastRipple_z)",0.185552765419521,0.00180897957264334,0.215808217882485,0.0761454421560057
686,"s(log_TimefromLastRipple_z)",0.159492337511254,0.00120872656871511,0.190042417721027,0.0678478648547026
687,"s(log_TimefromLastRipple_z)",0.0798830855568884,0.00146202739466643,0.196330683155859,0.0693353331076995
688,"s(log_TimefromLastRipple_z)",0.103096518705801,0.000652695869747268,0.0702957373484245,0.0309683289783243
689,"s(log_TimefromLastRipple_z)",0.115501254001832,0.00114550289444074,0.176765177263285,0.0625560657611655
690,"s(log_TimefromLastRipple_z)",0.0767235459818997,0.000668336316633804,0.132571178626842,0.04661368552492
691,"s(log_TimefromLastRipple_z)",0.116627631333176,0.000670516830655857,0.0708687482072826,0.0297531423259497
692,"s(log_TimefromLastRipple_z)",0.00379047995239101,0.00025033158291343,0.0815520116599266,0.0286311533103584
693,"s(log_TimefromLastRipple_z)",0.324212913681536,0.00281297243629297,0.182077536058664,0.0755098015010591
694,"s(log_TimefromLastRipple_z)",0.260490787668161,0.0017574358262789,0.258186048100002,0.100468787452219
695,"s(log_TimefromLastRipple_z)",0.111358530710622,0.00093877627146055,0.15382175338978,0.0540047024643874
696,"s(log_TimefromLastRipple_z)",0.0724004771084467,0.00046570462895597,0.0734506665320003,0.0343999155346063
697,"s(log_TimefromLastRipple_z)",0.0292275864714626,0.000278383499794941,0.0860528659748281,0.0301439411119888
698,"s(log_TimefromLastRipple_z)",0.104766745897575,0.000979685500028334,0.162480423205055,0.0570140144540131
699,"s(log_TimefromLastRipple_z)",0.238288210058496,0.00185186844354673,0.136410763940389,0.0502336915491605
700,"s(log_TimefromLastRipple_z)",0.108077413448201,0.000994022776737074,0.164035106064799,0.0576148881111668
701,"s(log_TimefromLastRipple_z)",0.133215361495102,0.00134299391492105,0.190001208325555,0.0669837684536647
702,"s(log_TimefromLastRipple_z)",0.177032436004549,0.00116285770196945,0.120566390821767,0.0472177362357504
703,"s(log_TimefromLastRipple_z)",0.131989253207199,0.00105603442085004,0.100068177165728,0.0437706094327442
704,"s(log_TimefromLastRipple_z)",0.202816258036053,0.00162668969723051,0.126942317969797,0.0485647168303483
705,"s(log_TimefromLastRipple_z)",0.172767040945877,0.00110434561585491,0.0973759100664781,0.0455477474321795
706,"s(log_TimefromLastRipple_z)",0.216271032950051,0.00150292252241487,0.121159072613399,0.053585753198152
707,"s(log_TimefromLastRipple_z)",0.152189430382031,0.00121403909578044,0.179928473230034,0.0632757172505132
708,"s(log_TimefromLastRipple_z)",0.159629207675252,0.00147655585363251,0.198046366475315,0.0695357590523281
709,"s(log_TimefromLastRipple_z)",0.250000305544622,0.00168188674680891,0.15268530191641,0.0689648609499209
710,"s(log_TimefromLastRipple_z)",0.224843216633621,0.00134595651655766,0.116651072356472,0.048428267183368
711,"s(log_TimefromLastRipple_z)",0.0954796979138965,0.000537826577258327,0.103134215515615,0.043805272243825
712,"s(log_TimefromLastRipple_z)",0.0974548032188884,0.00076342627054281,0.147664518807803,0.0591540387929404
713,"s(log_TimefromLastRipple_z)",0.252458121325475,0.00235850376442097,0.252858928630177,0.0893306404814654
714,"s(log_TimefromLastRipple_z)",0.285292635739697,0.00186159956791321,0.145506476235232,0.0607294384176017
715,"s(log_TimefromLastRipple_z)",0.105648326960617,0.000664356215459582,0.107546984823869,0.0461910972678029
716,"s(log_TimefromLastRipple_z)",0.1361766415692,0.0012385876215295,0.179706397725044,0.0630183322419553
717,"s(log_TimefromLastRipple_z)",0.195392932527487,0.00129418653232455,0.223564662181601,0.0811207206852824
718,"s(log_TimefromLastRipple_z)",0.114978186786881,0.00117592646510784,0.179088005261636,0.0632259112450159
719,"s(log_TimefromLastRipple_z)",0.158578002089403,0.00122024512476358,0.183714412650567,0.0675742625544176
720,"s(log_TimefromLastRipple_z)",0.0923188611630128,0.00120072133394126,0.178527196125116,0.0629539736518312
721,"s(log_TimefromLastRipple_z)",0.043391427624621,0.000481616275867297,0.111486906185771,0.0393634070451665
722,"s(log_TimefromLastRipple_z)",0.107526773003036,0.000703977659904373,0.113136367606579,0.0486880687626498
723,"s(log_TimefromLastRipple_z)",0.133018489418112,0.000671205838221505,0.0843785469404826,0.0384115667994766
724,"s(log_TimefromLastRipple_z)",0.111513281066855,0.00104274148878765,0.16629170168009,0.0584880383948739
725,"s(log_TimefromLastRipple_z)",0.140498650202587,0.000937803148638904,0.113683307468451,0.038988987216562
726,"s(log_TimefromLastRipple_z)",0.154239213892112,0.00110393378990493,0.142578891034577,0.0450268775324165
727,"s(log_TimefromLastRipple_z)",0.0368832399640286,0.000291269620319509,0.0881496456053298,0.0311565546866506
728,"s(log_TimefromLastRipple_z)",0.172922263022196,0.00120474527226622,0.103790313439557,0.046098539836515
729,"s(log_TimefromLastRipple_z)",0.134652571293429,0.00105533504620859,0.171235251954021,0.0610147432835753
730,"s(log_TimefromLastRipple_z)",0.0818923283622512,0.00071175401668617,0.136190180365854,0.0476819657704559
731,"s(log_TimefromLastRipple_z)",0.0825606259777272,0.000442887866004022,0.0689525489925136,0.0224489206798513
732,"s(log_TimefromLastRipple_z)",0.122003068308222,0.00106213105583688,0.166450274494587,0.0582995571117853
733,"s(log_TimefromLastRipple_z)",0.349294595478909,0.00284747151606149,0.178047779583622,0.0768655046278302
734,"s(log_TimefromLastRipple_z)",0.331484903052764,0.00256716084995676,0.184201764539506,0.0769486948700771
735,"s(log_TimefromLastRipple_z)",0.169986667289356,0.00116522554889852,0.189606816467428,0.0746397023877789
736,"s(log_TimefromLastRipple_z)",0.197975162874089,0.00174885835470259,0.162830519429168,0.0647556925159198
737,"s(log_TimefromLastRipple_z)",0.174094018132526,0.00104143920274548,0.142488154206101,0.0608512952851846
738,"s(log_TimefromLastRipple_z)",0.085018008031337,0.000600392607991645,0.104128725983887,0.0453818559926371
739,"s(log_TimefromLastRipple_z)",0.101652818233054,0.000859669474614374,0.0835715342258504,0.038307493764911
740,"s(log_TimefromLastRipple_z)",0.151751342643957,0.000937940308842674,0.156299435119896,0.0550444754590447
741,"s(log_TimefromLastRipple_z)",0.315822535619071,0.00243961486418635,0.181270696953423,0.0846523956182738
742,"s(log_TimefromLastRipple_z)",0.0265172477477953,7.87685434945812e-05,0.0445561710344498,0.0155447989641531
743,"s(log_TimefromLastRipple_z)",0.136847522307269,0.00136514875361008,0.188903041634035,0.0663945376506275
744,"s(log_TimefromLastRipple_z)",0.254144244993096,0.00166636858109341,0.134964583207519,0.0624867467651006
745,"s(log_TimefromLastRipple_z)",0.229757087491693,0.00208801203911914,0.236728209999192,0.0826155507401681
746,"s(log_TimefromLastRipple_z)",0.0857646281581761,0.000892530627034173,0.151587576164256,0.0534487272087721
747,"s(log_TimefromLastRipple_z)",0.208439203711564,0.00167702876656589,0.229271147410687,0.0827774405584377
748,"s(log_TimefromLastRipple_z)",0.156408575413815,0.00128336826803393,0.19221059729924,0.0696102201256076
749,"s(log_TimefromLastRipple_z)",0.198613890474519,0.00132132660020525,0.192422561971957,0.0723913050382091
750,"s(log_TimefromLastRipple_z)",0.13863963489315,0.00154539060439783,0.200483246075484,0.0707082118284698
751,"s(log_TimefromLastRipple_z)",0.198178713039088,0.00133614619630144,0.19716322191558,0.0494873155155375
752,"s(log_TimefromLastRipple_z)",0.0938271524862259,0.000665198376438933,0.0765847628043213,0.0379919994518482
753,"s(log_TimefromLastRipple_z)",0.315145086895741,0.00237734730506739,0.180347328891134,0.0652277770178021
754,"s(log_TimefromLastRipple_z)",0.153341084041111,0.00143651370597729,0.192409541530469,0.0672266272839661
755,"s(log_TimefromLastRipple_z)",0.202473682832063,0.00149099386990586,0.122296133366743,0.0605298422383408
756,"s(log_TimefromLastRipple_z)",0.155366075361407,0.000974321129908962,0.160213100817901,0.0582574376240982
757,"s(log_TimefromLastRipple_z)",0.153552321089986,0.00133457527908086,0.18748665956676,0.0659061503726024
758,"s(log_TimefromLastRipple_z)",0.0789977594104454,0.00073333721561919,0.138669313094591,0.0486173475328999
759,"s(log_TimefromLastRipple_z)",0.162515010809409,0.00131264044965087,0.13691643497744,0.0561889106974754
760,"s(log_TimefromLastRipple_z)",0.00502051328141184,9.48200946775172e-05,0.0496048874007476,0.0174505257146638
761,"s(log_TimefromLastRipple_z)",0.0672066504222903,0.000514784167546988,0.117830562822706,0.0414316903601062
762,"s(log_TimefromLastRipple_z)",0.219246496945398,0.00138034553294856,0.154174294929889,0.0682378528451462
763,"s(log_TimefromLastRipple_z)",0.0956420305487899,0.00067403900283025,0.131723369225542,0.0463170423374718
764,"s(log_TimefromLastRipple_z)",0.172356524040299,0.00134500433353178,0.196354860063854,0.0796273394840525
765,"s(log_TimefromLastRipple_z)",0.160061934033421,0.00116997833464331,0.0971976216605535,0.04107813975471
766,"s(log_TimefromLastRipple_z)",0.101773388921087,0.000949908930701376,0.174963188477195,0.0669342370139778
767,"s(log_TimefromLastRipple_z)",0.296834509312807,0.00237245716494509,0.16251934606644,0.0811209143282696
768,"s(log_TimefromLastRipple_z)",0.237256013616931,0.00177888757345469,0.132046493434039,0.0644413532928788
769,"s(log_TimefromLastRipple_z)",0.205777784486922,0.00204767882393129,0.144647873260403,0.0679655075095515
770,"s(log_TimefromLastRipple_z)",0.261614471730807,0.0018894622857975,0.126357126795024,0.0508133740875325
771,"s(log_TimefromLastRipple_z)",0.0846730310541348,0.000890905695352853,0.110107683575237,0.0448897476164523
772,"s(log_TimefromLastRipple_z)",0.17924109178632,0.0016458104409019,0.206128257636714,0.0724962864223442
773,"s(log_TimefromLastRipple_z)",0.0957410347782537,0.000809762596939163,0.148518272498764,0.052340335364297
774,"s(log_TimefromLastRipple_z)",0.207447867820491,0.00206436846012823,0.232982850296661,0.081971180907987
775,"s(log_TimefromLastRipple_z)",0.245204686403975,0.00185834696751558,0.13882330922388,0.0527003412915254
776,"s(log_TimefromLastRipple_z)",0.304743815701409,0.00239742259906154,0.174602821408148,0.0549401366054812
777,"s(log_TimefromLastRipple_z)",0.0939049547094141,0.000924376231973111,0.154293623783348,0.054349350453789
778,"s(log_TimefromLastRipple_z)",0.138438572635207,0.00129315020829581,0.184170428821204,0.0646179990185363
779,"s(log_TimefromLastRipple_z)",0.144092621595069,0.00102222261260041,0.0904074334863799,0.0418972884712174
780,"s(log_TimefromLastRipple_z)",0.152615070152847,0.0010328706092931,0.106058871875648,0.0410218734221724
781,"s(log_TimefromLastRipple_z)",0.120399385170365,0.00136997671341208,0.19165028795622,0.0669820277538854
782,"s(log_TimefromLastRipple_z)",0.161859407928395,0.00102964849742917,0.11176795707866,0.0372337296438099
783,"s(log_TimefromLastRipple_z)",0.268110237447997,0.00162941228256865,0.241436430604892,0.0922375973190742
784,"s(log_TimefromLastRipple_z)",0.244240089781233,0.00210644437738699,0.235847934786167,0.0828892364351337
785,"s(log_TimefromLastRipple_z)",0.27455141632831,0.00226692061768534,0.246481698545969,0.0767524160745433
786,"s(log_TimefromLastRipple_z)",0.182807693919102,0.00114409210543343,0.0952001273687465,0.0412272978642705
787,"s(log_TimefromLastRipple_z)",0.0536323004145243,0.000442451747218964,0.105283027829851,0.0371995415351944
788,"s(log_TimefromLastRipple_z)",0.273403177687423,0.00205933667557019,0.143422512104744,0.065903245585821
789,"s(log_TimefromLastRipple_z)",0.110687665395784,0.000909229164932772,0.103087378026718,0.0488681156602008
790,"s(log_TimefromLastRipple_z)",0.173223625309622,0.00108821721292862,0.124691200368513,0.0585948461134575
791,"s(log_TimefromLastRipple_z)",0.230672774085108,0.00190157125256407,0.129595951819514,0.0563021441753253
792,"s(log_TimefromLastRipple_z)",0.117689870404438,0.000867067898269655,0.158106252905859,0.0620801831671522
793,"s(log_TimefromLastRipple_z)",0.00499283569319275,0.000108856717891752,0.0548337077159391,0.0191935328683484
794,"s(log_TimefromLastRipple_z)",0.147944852599804,0.00125960936052824,0.182776317011566,0.0643275495853752
795,"s(log_TimefromLastRipple_z)",0.159122077621568,0.0010547221613454,0.195661185316341,0.0771134932782054
796,"s(log_TimefromLastRipple_z)",0.175812524493519,0.00103607979304549,0.0989884658308733,0.0434166836514478
797,"s(log_TimefromLastRipple_z)",0.224323837352315,0.00139022504996246,0.12034707725085,0.0539067316636091
798,"s(log_TimefromLastRipple_z)",0.124352106857389,0.0010534625748301,0.167730220340093,0.0587244134600408
799,"s(log_TimefromLastRipple_z)",0.204564659437244,0.00169797862435569,0.135599765359535,0.0545435907423453
800,"s(log_TimefromLastRipple_z)",0.171972924595325,0.00133306689282621,0.152269801408922,0.0669231076765005
801,"s(log_TimefromLastRipple_z)",0.172359638895805,0.00184255586921661,0.221415712289449,0.0777740358451173
802,"s(log_TimefromLastRipple_z)",0.149034823171248,0.000933846131808457,0.105541625155276,0.0492616825893249
803,"s(log_TimefromLastRipple_z)",0.155675512957171,0.00124340068431798,0.190031066878447,0.0691623025447082
804,"s(log_TimefromLastRipple_z)",0.113817271212596,0.000466233540604374,0.113182107180367,0.0408044451160666
805,"s(log_TimefromLastRipple_z)",0.255698982774323,0.0019054384023311,0.154058613443136,0.0711719845318872
806,"s(log_TimefromLastRipple_z)",0.166236885730131,0.00116727470281381,0.130843837665641,0.0607162393466613
807,"s(log_TimefromLastRipple_z)",0.196082284453711,0.00148620048683548,0.106392629433371,0.0381522365256445
808,"s(log_TimefromLastRipple_z)",0.12195502320648,0.000458317913057793,0.110051296976362,0.038662908080082
809,"s(log_TimefromLastRipple_z)",0.158209118824311,0.00115801873988953,0.101335644534653,0.0486432738994974
810,"s(log_TimefromLastRipple_z)",0.223606242371304,0.00145243548059626,0.192190144566061,0.0679717786142916
811,"s(log_TimefromLastRipple_z)",0.176156062678731,0.00150861923486758,0.208950618880276,0.081718831808435
812,"s(log_TimefromLastRipple_z)",0.164613403636069,0.001141013532987,0.112443733621035,0.0487151217783308
813,"s(log_TimefromLastRipple_z)",0.132713934525838,0.000681546072799145,0.0895094101013179,0.0435143388174519
814,"s(log_TimefromLastRipple_z)",0.222324872561912,0.00169879944565999,0.121807275087448,0.0551749167986846
815,"s(log_TimefromLastRipple_z)",0.125365280425026,0.00102863530595745,0.165625344868769,0.0581692573744126
816,"s(log_TimefromLastRipple_z)",0.141989287436681,0.000616153016568558,0.0950315732101603,0.0404036950704713
817,"s(log_TimefromLastRipple_z)",0.113682293632212,0.000571875957000502,0.066801154839902,0.0277434051755954
818,"s(log_TimefromLastRipple_z)",0.143034709138371,0.000982362483343922,0.14630611185914,0.0530832470966385
819,"s(log_TimefromLastRipple_z)",0.246182911788085,0.00236914640219884,0.143182221793804,0.0644606361173589
820,"s(log_TimefromLastRipple_z)",0.128760166873098,0.00116679471325648,0.104207381897625,0.0446770011415651
821,"s(log_TimefromLastRipple_z)",0.325438942056371,0.0026094649978763,0.162930224907329,0.0729295811535989
822,"s(log_TimefromLastRipple_z)",0.0993036835483581,0.000956557547083673,0.159690970392911,0.0561291749031025
823,"s(log_TimefromLastRipple_z)",0.170626409185717,0.00101611649446425,0.0901714715453445,0.0341435554757321
824,"s(log_TimefromLastRipple_z)",0.18463776008844,0.00166885783151688,0.214253312726767,0.0752543819979234
825,"s(log_TimefromLastRipple_z)",0.208737874528004,0.00226636654513447,0.145173300610107,0.0606197606937225
826,"s(log_TimefromLastRipple_z)",0.0506161532404841,0.000539227018944841,0.119870160739776,0.0421125822348345
827,"s(log_TimefromLastRipple_z)",0.110834921716091,0.00116206200080426,0.176519952112985,0.0620599911513932
828,"s(log_TimefromLastRipple_z)",0.26602651761768,0.00248118355680803,0.20202768328915,0.0509311485268619
829,"s(log_TimefromLastRipple_z)",0.431808446723231,0.00296084902686765,0.169061952258404,0.0831517996587395
830,"s(log_TimefromLastRipple_z)",0.203138089256683,0.00130061783144611,0.129049767394918,0.0623501755553694
831,"s(log_TimefromLastRipple_z)",-0.0310327633573553,0.000682802601763079,0.11689518789134,0.0498653589602715
832,"s(log_TimefromLastRipple_z)",0.361236564017303,0.00297800213614133,0.17102412957504,0.070928057178848
833,"s(log_TimefromLastRipple_z)",0.227284040888521,0.00156940107150055,0.128172659153031,0.0650404580498689
834,"s(log_TimefromLastRipple_z)",0.266778527784967,0.00208780734503905,0.239875809239062,0.0602282055404589
835,"s(log_TimefromLastRipple_z)",0.231276318218077,0.00167528186688916,0.197428251955764,0.0797444426859954
836,"s(log_TimefromLastRipple_z)",0.186359471294688,0.00197732529413909,0.229293479103883,0.0801037323035906
837,"s(log_TimefromLastRipple_z)",0.131601949558897,0.000738610219083773,0.0793934293334715,0.0309942433305512
838,"s(log_TimefromLastRipple_z)",0.118731716656813,0.000865699398821501,0.138633748636192,0.0354954131305338
839,"s(log_TimefromLastRipple_z)",0.148123706057678,0.00119365087251871,0.195940760612404,0.07407838392303
840,"s(log_TimefromLastRipple_z)",0.166516686661826,0.00203405466703807,0.127967698135918,0.0574206962411904
841,"s(log_TimefromLastRipple_z)",0.115153248606055,0.00103731833747203,0.168169562172608,0.0585609714811807
842,"s(log_TimefromLastRipple_z)",0.117232284911923,0.000733451841116724,0.156251464999428,0.0615327860590225
843,"s(log_TimefromLastRipple_z)",0.0996664194155147,0.000605993283260099,0.103184809925848,0.0425514937668617
844,"s(log_TimefromLastRipple_z)",0.232814026613346,0.001601331394044,0.166020314479792,0.0713205091071834
845,"s(log_TimefromLastRipple_z)",0.205818804717973,0.00143747956162966,0.119412425214305,0.0559616827133866
846,"s(log_TimefromLastRipple_z)",0.162463993927323,0.00110532900167012,0.189695806539476,0.0683702976717289
847,"s(log_TimefromLastRipple_z)",0.253500888824704,0.00211931983934745,0.138435257566841,0.0631512873975725
848,"s(log_TimefromLastRipple_z)",0.130199426718651,0.00134411496278494,0.186589198338464,0.0654614579706016
849,"s(log_TimefromLastRipple_z)",0.0760522903180779,0.00087744092851525,0.151370677384883,0.05275450335057
850,"s(log_TimefromLastRipple_z)",0.418418250883947,0.00294218884723901,0.202725126139794,0.102139224417987
851,"s(log_TimefromLastRipple_z)",0.120319037606936,0.0012484361415757,0.188663312835122,0.0670558929781053
852,"s(log_TimefromLastRipple_z)",0.239493689267654,0.00178992724930568,0.141945453463521,0.0521271814983483
853,"s(log_TimefromLastRipple_z)",0.248687664645625,0.00186209419845254,0.121560848589557,0.0456704638519589
854,"s(log_TimefromLastRipple_z)",0.103660259134028,0.00113915876727208,0.172259684649905,0.0604197687746868
855,"s(log_TimefromLastRipple_z)",0.159643742083289,0.00109785556751964,0.188544302457742,0.0706712238640213
856,"s(log_TimefromLastRipple_z)",0.250192749197695,0.0016998463253273,0.111791854712994,0.039295663019025
857,"s(log_TimefromLastRipple_z)",0.0496996265487155,0.000290027249491118,0.0866108104678578,0.0303342713747113
858,"s(log_TimefromLastRipple_z)",0.104541369007887,0.000686624505832911,0.0839603129316528,0.0422219511680113
859,"s(log_TimefromLastRipple_z)",0.219896965869574,0.00113698629109712,0.188526705723708,0.0727555724033234
860,"s(log_TimefromLastRipple_z)",0.0276941534948507,0.000580077412654808,0.124777553976901,0.0436959468176051
861,"s(log_TimefromLastRipple_z)",0.253206062857793,0.00226346106958255,0.150164258456311,0.0695965242750256
862,"s(log_TimefromLastRipple_z)",0.315100464640922,0.0028386068469837,0.278781240212996,0.0984575099094257
863,"s(log_TimefromLastRipple_z)",0.200819734546848,0.00131994357012472,0.220020001754511,0.0789203154750287
864,"s(log_TimefromLastRipple_z)",0.152241662141387,0.00167920936200445,0.21144263335976,0.0731086940544844
865,"s(log_TimefromLastRipple_z)",0.219241520864041,0.00164709316212932,0.143285018929493,0.0426555417380479
866,"s(log_TimefromLastRipple_z)",0.180208962223515,0.00130725887482553,0.0946487848098614,0.0342719506018172
867,"s(log_TimefromLastRipple_z)",0.241262248208651,0.00195853851199943,0.131124529294081,0.0620562436257999
868,"s(log_TimefromLastRipple_z)",0.235860442616576,0.00189743840833265,0.124188958425168,0.0533425611310725
869,"s(log_TimefromLastRipple_z)",0.166155262638028,0.00138255153347008,0.14423487695628,0.0615678325902983
870,"s(log_TimefromLastRipple_z)",0.175217120699297,0.00182316437264026,0.217294170166929,0.076223465041389
871,"s(log_TimefromLastRipple_z)",0.142270411211279,0.00094345818128338,0.148746693514503,0.060938990183257
872,"s(log_TimefromLastRipple_z)",0.158654013806157,0.00130832960471866,0.138603084913673,0.0407707199006238
873,"s(log_TimefromLastRipple_z)",0.146813743128227,0.000852556551226406,0.107799005757286,0.0350550817314209
874,"s(log_TimefromLastRipple_z)",0.23060414940876,0.00161958481610668,0.184260676494275,0.0784953471955126
875,"s(log_TimefromLastRipple_z)",0.194321362760269,0.00124402778608569,0.120754134376999,0.0529337773321349
876,"s(log_TimefromLastRipple_z)",0.136751838039555,0.000897298625475343,0.152251388882475,0.0534604480714732
877,"s(log_TimefromLastRipple_z)",0.124858095713158,0.00108429518255935,0.168121689186286,0.059179564701976
878,"s(log_TimefromLastRipple_z)",0.144574561983098,0.00116073879752238,0.181452411914138,0.0645903205247098
879,"s(log_TimefromLastRipple_z)",0.159228816685673,0.000892989818387854,0.144556437082904,0.0557642080193807
880,"s(log_TimefromLastRipple_z)",0.360244394978761,0.0027981723364712,0.209340802523123,0.0984876110480066
881,"s(log_TimefromLastRipple_z)",0.139793149820455,0.00136200736472301,0.107807544505558,0.0472877046127146
882,"s(log_TimefromLastRipple_z)",0.158240880763809,0.00100206762503176,0.147819924444989,0.062269735727075
883,"s(log_TimefromLastRipple_z)",0.225050550216564,0.00132863528588939,0.166321023583306,0.0615010101915246
884,"s(log_TimefromLastRipple_z)",0.0507905990175562,0.000951821948185834,0.156912165197602,0.0547413319822202
885,"s(log_TimefromLastRipple_z)",0.152111193607946,0.00163305874331049,0.205105553599224,0.0724243962402796
886,"s(log_TimefromLastRipple_z)",0.0571729325892387,0.00060856437721044,0.124763697199566,0.043763660308082
887,"s(log_TimefromLastRipple_z)",0.283741094882368,0.00237012492563553,0.155735026576399,0.0561708325339618
888,"s(log_TimefromLastRipple_z)",0.145882254109372,0.00105146425848447,0.120821391086279,0.0547543613485032
889,"s(log_TimefromLastRipple_z)",0.274842165778716,0.00201008462625579,0.151098908916776,0.0689437856712019
890,"s(log_TimefromLastRipple_z)",0.246568845085631,0.00238020857657819,0.142295507558851,0.0436067981031059
891,"s(log_TimefromLastRipple_z)",0.2515107072677,0.0019237543265782,0.18293218672309,0.0704857859971046
892,"s(log_TimefromLastRipple_z)",0.198830121988493,0.00177822884497703,0.215346615653066,0.0760663141746188
893,"s(log_TimefromLastRipple_z)",0.121786479043444,0.000970736760984873,0.108264846614282,0.0450045405621011
894,"s(log_TimefromLastRipple_z)",0.0911884695210552,0.000623020677452236,0.129041588004733,0.0453713598174131
895,"s(log_TimefromLastRipple_z)",0.152872120396539,0.00077888480621994,0.104865312817921,0.0339251335822956
896,"s(log_TimefromLastRipple_z)",0.29383159937951,0.0025566594871234,0.214181181921604,0.0539522090766004
897,"s(log_TimefromLastRipple_z)",0.271131490247602,0.00213274647088321,0.229769833322899,0.0849438713314049
898,"s(log_TimefromLastRipple_z)",0.24731885720815,0.00196664923871782,0.216438301490355,0.092122680567386
899,"s(log_TimefromLastRipple_z)",0.237320106414026,0.00174241139941177,0.141083573536964,0.0683066661901587
900,"s(log_TimefromLastRipple_z)",0.0819361643157099,0.00104684574390731,0.169199259942519,0.0593112109913221
901,"s(log_TimefromLastRipple_z)",0.0645303023147686,0.000340073278495457,0.0935246573100913,0.032916565461456
902,"s(log_TimefromLastRipple_z)",0.0270942639330412,0.000445482352189486,0.107904802395694,0.0378670319381672
903,"s(log_TimefromLastRipple_z)",0.084197221254092,0.000800642466408412,0.144941775493441,0.0507785054695685
904,"s(log_TimefromLastRipple_z)",0.143011820128583,0.00122180189913844,0.178964457936666,0.0631789917523351
905,"s(log_TimefromLastRipple_z)",0.149111062124553,0.00116746504583897,0.107214852591248,0.054046044513601
906,"s(log_TimefromLastRipple_z)",0.149587162320697,0.00115133588623621,0.104116793563331,0.0428903164589022
907,"s(log_TimefromLastRipple_z)",0.101186471264806,0.000669012291095857,0.151639835850934,0.0553704256723264
908,"s(log_TimefromLastRipple_z)",0.100858614399619,0.00104800745194538,0.166407426085879,0.0582573182571082
909,"s(log_TimefromLastRipple_z)",0.214774720773528,0.00174257291013874,0.138165945652486,0.060537329416045
910,"s(log_TimefromLastRipple_z)",0.137287481279531,0.000889902151918259,0.0931685648269338,0.0377640977859362
911,"s(log_TimefromLastRipple_z)",0.210831687126135,0.0018718353379975,0.22325749819894,0.0784389340346793
912,"s(log_TimefromLastRipple_z)",-0.0101834818097764,0.00047758461462253,0.112806384109602,0.0392935261176149
913,"s(log_TimefromLastRipple_z)",0.156230091132837,0.00119910576152698,0.132425204255352,0.0620880331332213
914,"s(log_TimefromLastRipple_z)",0.271071400272443,0.00174661693375961,0.20780970948601,0.0842926596771902
915,"s(log_TimefromLastRipple_z)",0.0814925380824811,0.000772904840622208,0.087592714351714,0.0389347061657119
916,"s(log_TimefromLastRipple_z)",0.130128532022386,0.000871612616351024,0.162253668183219,0.0636695909633795
917,"s(log_TimefromLastRipple_z)",0.118778562170919,0.000797270962220562,0.145986790820679,0.0511917980319804
918,"s(log_TimefromLastRipple_z)",0.127078914048842,0.00110538175124128,0.171884646863516,0.0603780740729395
919,"s(log_TimefromLastRipple_z)",0.0195931096049895,1.36706565441282e-05,0.0190532840619886,0.00671796686307078
920,"s(log_TimefromLastRipple_z)",0.383533990374498,0.00276100340240639,0.162197139358046,0.0813128894095658
921,"s(log_TimefromLastRipple_z)",0.18810876038871,0.00121871583202445,0.0976771529173645,0.0408366419839841
922,"s(log_TimefromLastRipple_z)",0.0353155514564558,0.000295438239327002,0.0862521245196434,0.0314750396263773
923,"s(log_TimefromLastRipple_z)",0.171099139888327,0.00143581338274651,0.201099923213411,0.0726885365520085
924,"s(log_TimefromLastRipple_z)",0.198641875444681,0.00168614500691937,0.157608420832273,0.0672270347415513
925,"s(log_TimefromLastRipple_z)",0.28083401414612,0.00196311639399167,0.136472320226619,0.0634916847741662
926,"s(log_TimefromLastRipple_z)",0.0467124640155622,0.000429303944328522,0.107648617532261,0.0429125756454294
927,"s(log_TimefromLastRipple_z)",0.19124597360087,0.00179740361798102,0.219652363766774,0.0770935206466029
928,"s(log_TimefromLastRipple_z)",0.0747535156868679,0.000641790835691669,0.130481241675742,0.0458148509083284
929,"s(log_TimefromLastRipple_z)",0.0677430505546439,0.000464516551172006,0.133828077754904,0.0490825311340763
930,"s(log_TimefromLastRipple_z)",0.0597334353050827,0.000346737504509199,0.0969484208108006,0.0375411386914932
931,"s(log_TimefromLastRipple_z)",0.182121756722081,0.00107596900718655,0.114236916317882,0.0515158314359279
932,"s(log_TimefromLastRipple_z)",0.246932401468988,0.00163131154871023,0.178280547627656,0.0713685012691539
933,"s(log_TimefromLastRipple_z)",0.112389146609634,0.00115721121013659,0.107414039739593,0.0325308847456808
934,"s(log_TimefromLastRipple_z)",0.289390056423351,0.00221790865063056,0.223199830145479,0.0921959194669629
935,"s(log_TimefromLastRipple_z)",0.221818282300614,0.00213393873304565,0.236807487157758,0.0829053424306378
936,"s(log_TimefromLastRipple_z)",0.305129024035246,0.00224215319338234,0.19978182797019,0.0888633139673225
937,"s(log_TimefromLastRipple_z)",0.114879728297338,0.00103188982765062,0.176800367885426,0.0673990574059287
938,"s(log_TimefromLastRipple_z)",0.331437666441328,0.00233379483380581,0.169708813879685,0.0697050556764943
939,"s(log_TimefromLastRipple_z)",0.0936939477836621,0.00101754702452925,0.16470906083809,0.0582060005244695
940,"s(log_TimefromLastRipple_z)",0.250306156580576,0.00205410369915672,0.150250575297706,0.0621675432677731
941,"s(log_TimefromLastRipple_z)",0.14399389137845,0.00112573321439483,0.137525255784348,0.0361522126357336
942,"s(log_TimefromLastRipple_z)",0.176483779819523,0.00176691263407347,0.215614883404485,0.0759959165617949
943,"s(log_TimefromLastRipple_z)",0.251976838249016,0.00204432577594704,0.23456223941595,0.0825792652525998
944,"s(log_TimefromLastRipple_z)",0.130507514547955,0.00115073182196956,0.179956147897301,0.0654529306025777
945,"s(log_TimefromLastRipple_z)",0.130183661755681,0.00100833121126565,0.145317072039174,0.0605005319499227
946,"s(log_TimefromLastRipple_z)",0.267196216965178,0.00236294323244071,0.249834306818944,0.0873940539479324
947,"s(log_TimefromLastRipple_z)",0.144183790707117,0.000993341343872707,0.220172687573827,0.0787911956117745
948,"s(log_TimefromLastRipple_z)",0.154949906523076,0.00123263799666363,0.180905073679238,0.0630363850667162
949,"s(log_TimefromLastRipple_z)",0.0892677952151236,0.000931929535705665,0.157829921853114,0.0553739011145007
950,"s(log_TimefromLastRipple_z)",0.203872101241476,0.00214398951253848,0.237997995124922,0.0838171794097466
951,"s(log_TimefromLastRipple_z)",0.219866388128233,0.00152538568888846,0.190183722520088,0.0803076993777991
952,"s(log_TimefromLastRipple_z)",0.253081070459871,0.00164488433456943,0.192877853703823,0.0801185682175191
953,"s(log_TimefromLastRipple_z)",0.102761173148975,0.000990488962584766,0.162782485630272,0.0570462565189686
954,"s(log_TimefromLastRipple_z)",0.116222171180803,0.000856200643385565,0.0856964187479378,0.0354469152509203
955,"s(log_TimefromLastRipple_z)",0.148934584989657,0.00106801683981098,0.169223187945543,0.059267260368603
956,"s(log_TimefromLastRipple_z)",0.162585956839141,0.00125828420007826,0.106425814099996,0.0455140436589518
957,"s(log_TimefromLastRipple_z)",0.312304338225673,0.00260328892685113,0.222147508411133,0.093519686756461
958,"s(log_TimefromLastRipple_z)",0.137568892523804,0.0011446701772599,0.182943982415451,0.0739136479231116
959,"s(log_TimefromLastRipple_z)",0.0487960011242384,0.000547328552962831,0.118966005603757,0.0420779906731642
960,"s(log_TimefromLastRipple_z)",0.0852724118436206,0.000753376087840266,0.139884869881398,0.0491088169747368
961,"s(log_TimefromLastRipple_z)",0.215828567057053,0.00146974588801553,0.140982954299643,0.039993447190688
962,"s(log_TimefromLastRipple_z)",0.169943730119752,0.00133247468206601,0.191704522480065,0.0692052905948567
963,"s(log_TimefromLastRipple_z)",0.217895264704606,0.00159511545017858,0.135034906973494,0.0604299890982643
964,"s(log_TimefromLastRipple_z)",0.10354776851554,0.00100035980612235,0.163852960362668,0.0578249240260367
965,"s(log_TimefromLastRipple_z)",0.115182601701453,0.00105903074048082,0.167201095684693,0.0588760966121617
966,"s(log_TimefromLastRipple_z)",0.112796738703597,0.000779597019214319,0.108046240039608,0.0465809528699344
967,"s(log_TimefromLastRipple_z)",0.187514293738356,0.00136864093452008,0.158728983420449,0.0712066407084354
968,"s(log_TimefromLastRipple_z)",0.128197857170097,0.00082650847625951,0.0878905184717383,0.0324224842204725
969,"s(log_TimefromLastRipple_z)",0.08295870159241,0.000984985572294567,0.159402680123108,0.0561723449160011
970,"s(log_TimefromLastRipple_z)",-0.0185028380588805,0.000731356253523221,0.0757618630428256,0.030430538321506
971,"s(log_TimefromLastRipple_z)",0.082471758422159,0.000722310843694672,0.137190616668589,0.0481513231346812
972,"s(log_TimefromLastRipple_z)",0.259316004474009,0.00214225557541744,0.233045772745645,0.0850692823114023
973,"s(log_TimefromLastRipple_z)",0.236387669680695,0.00181954800607401,0.166237638313255,0.0728136070574827
974,"s(log_TimefromLastRipple_z)",0.332222444903313,0.00262907636268789,0.145138257092582,0.0617302899162738
975,"s(log_TimefromLastRipple_z)",0.261537891301742,0.00168354968986485,0.203498993936808,0.0849353433601562
976,"s(log_TimefromLastRipple_z)",0.114756319177604,0.00122807736260873,0.179679953606935,0.0630948322112534
977,"s(log_TimefromLastRipple_z)",0.186421191911712,0.00150748859559686,0.20678007934704,0.0746613856047798
978,"s(log_TimefromLastRipple_z)",0.247332397174774,0.00177749187706637,0.186246160216453,0.0793671727664924
979,"s(log_TimefromLastRipple_z)",0.094934255665278,0.000622055345787237,0.0698816165790477,0.0241211283337612
980,"s(log_TimefromLastRipple_z)",0.0397436450849911,0.000455157829567338,0.110990344711748,0.0419541739313638
981,"s(log_TimefromLastRipple_z)",0.0491179686724,0.00126193928490875,0.180806641895154,0.0631325730248468
982,"s(log_TimefromLastRipple_z)",0.120535524456523,0.00119287040924445,0.175753448411133,0.0713218129751963
983,"s(log_TimefromLastRipple_z)",0.105370058195635,0.000777089443909959,0.142768655231973,0.0500089628815335
984,"s(log_TimefromLastRipple_z)",0.137859151324718,0.0012608692326658,0.183732700642095,0.0647000126601684
985,"s(log_TimefromLastRipple_z)",0.141775657904169,0.000925854400275494,0.130258375109864,0.0383579283118413
986,"s(log_TimefromLastRipple_z)",0.245050538749266,0.00184495658189917,0.145291543507977,0.0586575008679327
987,"s(log_TimefromLastRipple_z)",0.128927504042449,0.00132218515822,0.184613415761477,0.0649612282679943
988,"s(log_TimefromLastRipple_z)",0.240556901275191,0.00196167479853866,0.194486529984417,0.0751333737144385
989,"s(log_TimefromLastRipple_z)",0.338798592740528,0.00268623528012504,0.189450074669421,0.0606783587346784
990,"s(log_TimefromLastRipple_z)",0.258907603098228,0.0021428084158507,0.158661479186749,0.0706587214514958
991,"s(log_TimefromLastRipple_z)",0.0179919796439032,0.000307887418993704,0.0909363169291355,0.0318813149408167
992,"s(log_TimefromLastRipple_z)",0.1846352961181,0.0013499878597996,0.205247312098342,0.0819727662785789
993,"s(log_TimefromLastRipple_z)",0.19994208383485,0.00149899916976579,0.1599170559804,0.0419486133234007
994,"s(log_TimefromLastRipple_z)",0.171435810882216,0.00132670446194864,0.168620852095672,0.0697361999114987
995,"s(log_TimefromLastRipple_z)",0.192019186460451,0.00152257444411555,0.198044672924924,0.0691332690650455
996,"s(log_TimefromLastRipple_z)",0.215195754319505,0.00152500160707677,0.204680650515127,0.0824653717060322
997,"s(log_TimefromLastRipple_z)",0.132449013160741,0.000891382671837468,0.164433115352218,0.0638364413435038
998,"s(log_TimefromLastRipple_z)",0.154694763238699,0.000857804501983205,0.163985762890769,0.0614514480211829
999,"s(log_TimefromLastRipple_z)",0.316433023190477,0.00236736560469563,0.155981129638958,0.0741248993366333
1000,"s(log_TimefromLastRipple_z)",0.0093069095443406,0.000183864935512405,0.0697922539761094,0.0244046089742372
1,"s(nextDOWNSOPower_z)",0.00220498104670985,5.64996747910889e-06,0.0250412254419261,0.00737558995264826
2,"s(nextDOWNSOPower_z)",0.00165169774107254,6.16605627943631e-07,0.00853537930478379,0.00251412984950297
3,"s(nextDOWNSOPower_z)",0.0193656754987772,0.000136342811944249,0.136309637577429,0.0399120356065798
4,"s(nextDOWNSOPower_z)",0.00252588188432967,3.77987595660111e-05,0.0622155993767192,0.0183283009433952
5,"s(nextDOWNSOPower_z)",0.000512015945550837,2.67310013956559e-08,0.00171516161293842,0.000505332294980396
6,"s(nextDOWNSOPower_z)",0.0130489651754959,0.000320426166901182,0.189772669965594,0.0558896461234037
7,"s(nextDOWNSOPower_z)",0.0276446427287009,0.000284004435111542,0.173855006221297,0.0512547369525472
8,"s(nextDOWNSOPower_z)",0.0463105456794801,0.000334478650389109,0.202810544628962,0.0597403938867572
9,"s(nextDOWNSOPower_z)",0.0516145219718489,0.000907534724862997,0.403256747760605,0.0932863433922662
10,"s(nextDOWNSOPower_z)",0.0125682443768974,0.000176221392724881,0.10381827845125,0.029788893860727
11,"s(nextDOWNSOPower_z)",0.0199906903511939,4.67786971251739e-05,0.105528914979863,0.0257056309886167
12,"s(nextDOWNSOPower_z)",-0.00754064430711598,5.25361486510761e-05,0.048767157766552,0.0139834917309445
13,"s(nextDOWNSOPower_z)",0.000108271513455493,1.55688091981254e-06,0.0123427120565765,0.00363553299179919
14,"s(nextDOWNSOPower_z)",0.0216366156605299,0.000216896144848088,0.150953829033849,0.0444611466245984
15,"s(nextDOWNSOPower_z)",0.00261146395343537,5.41456808977115e-06,0.023731614751856,0.00699177445583708
16,"s(nextDOWNSOPower_z)",0.0134150807309574,9.32605319426803e-05,0.10303069120588,0.0303454431741299
17,"s(nextDOWNSOPower_z)",-0.0198993591337548,0.000896761050399536,0.227046407209943,0.0498365158667232
18,"s(nextDOWNSOPower_z)",0.0163762212299067,0.000192541467563479,0.0547049179872029,0.0194897891235721
19,"s(nextDOWNSOPower_z)",0.0188978214707356,7.68396607196004e-05,0.0779116406308329,0.0224822952620114
20,"s(nextDOWNSOPower_z)",0.00522753761052441,0.000110705770573462,0.107710718261822,0.0317245648338639
21,"s(nextDOWNSOPower_z)",-0.0154592855188377,2.31603372597689e-05,0.0596841634857554,0.0189077552590311
22,"s(nextDOWNSOPower_z)",0.0307496246040103,0.000136161392185615,0.12560278086622,0.0369947133209588
23,"s(nextDOWNSOPower_z)",0.00293982130565895,5.94027362846419e-06,0.0257173161606818,0.00757524506008027
24,"s(nextDOWNSOPower_z)",-0.00747616767390558,2.19169529647479e-05,0.0492565435775803,0.0145107724862836
25,"s(nextDOWNSOPower_z)",0.0146224164206648,2.90451645780245e-05,0.0647645765818586,0.0171369616852642
26,"s(nextDOWNSOPower_z)",0.0264266535428002,0.00025925837539952,0.161772694133406,0.0476474387661147
27,"s(nextDOWNSOPower_z)",0.0347290782893361,0.000276839194161651,0.115333750658773,0.0275848027376221
28,"s(nextDOWNSOPower_z)",-0.000232336203332073,2.17029800172381e-07,0.0050203679208363,0.00147556902613019
29,"s(nextDOWNSOPower_z)",0.0139503672589674,0.000125907650296893,0.111940285321998,0.0329704790101918
30,"s(nextDOWNSOPower_z)",0.0305511751835028,0.000104948823051125,0.113421318024371,0.0334106416641268
31,"s(nextDOWNSOPower_z)",0.0320228673377534,0.000199305392329123,0.153721671156688,0.0452722698698962
32,"s(nextDOWNSOPower_z)",0.00965110413511472,0.000182528966401066,0.136806331164466,0.0402916403702171
33,"s(nextDOWNSOPower_z)",-0.000448828176260685,1.53526289410149e-06,0.0122297670582062,0.00360292796671256
34,"s(nextDOWNSOPower_z)",0.00839774414835315,0.000118172493235704,0.106330169703464,0.0313230270004538
35,"s(nextDOWNSOPower_z)",0.00198490566968801,1.82870866263231e-05,0.0434651495606424,0.0128032681571068
36,"s(nextDOWNSOPower_z)",0.00147234969860366,2.01073372663287e-06,0.0143215676436373,0.00421887276659525
37,"s(nextDOWNSOPower_z)",0.00514800972047058,3.53548965859926e-05,0.0767684751793692,0.0239045847645239
38,"s(nextDOWNSOPower_z)",0.0428461584217001,0.000348551060245772,0.191059730646569,0.0562689287258295
39,"s(nextDOWNSOPower_z)",0.00245512778421042,2.45430923530706e-05,0.0498814619175137,0.0146967234828442
40,"s(nextDOWNSOPower_z)",0.0554446879510282,0.000523454872292858,0.246243397087408,0.0725247677090992
41,"s(nextDOWNSOPower_z)",0.00571903366109883,3.41942290830252e-06,0.0188326274571437,0.00554648894409586
42,"s(nextDOWNSOPower_z)",0.0448112539398272,0.000410323282458242,0.199815104972554,0.0495715959156892
43,"s(nextDOWNSOPower_z)",0.00149562324963437,1.62864766504951e-06,0.0131535150423509,0.00387381161395908
44,"s(nextDOWNSOPower_z)",0.000265020245715952,3.08497161301413e-06,0.0177945107473474,0.00524080757958417
45,"s(nextDOWNSOPower_z)",0.0489552368305977,0.000511038028053788,0.231449221848355,0.0681728813840989
46,"s(nextDOWNSOPower_z)",0.0805934529107597,0.000513693425575751,0.169989021047662,0.0570927868771557
47,"s(nextDOWNSOPower_z)",0.00922013025142088,4.60661142948956e-05,0.0697934749645249,0.0205561868621815
48,"s(nextDOWNSOPower_z)",0.000669095525674734,7.18463243631817e-06,0.0269759012235555,0.00794756890894635
49,"s(nextDOWNSOPower_z)",0.00119307663871693,0.000103617999468855,0.102312538845076,0.0301359000118297
50,"s(nextDOWNSOPower_z)",0.0274254165828434,0.00014889695097697,0.0735864769482307,0.0235411873612241
51,"s(nextDOWNSOPower_z)",0.00947382676241659,6.11975254041351e-05,0.0522049337695219,0.0139276329455192
52,"s(nextDOWNSOPower_z)",0.00215031091798523,3.85570674827514e-05,0.0637413929024327,0.0186465930023438
53,"s(nextDOWNSOPower_z)",0.0149435126623907,4.63152230921415e-05,0.0717867089649767,0.0211417936409539
54,"s(nextDOWNSOPower_z)",0.013032826667253,7.5101302292778e-05,0.0838673645429086,0.0247036893974216
55,"s(nextDOWNSOPower_z)",0.00109883236734021,5.70088562925659e-08,0.00233515811359242,0.000689028401831837
56,"s(nextDOWNSOPower_z)",0.0474917908678205,0.000472874283244068,0.178237558547917,0.0484185717438514
57,"s(nextDOWNSOPower_z)",0.00145718117654026,0.000160027270064816,0.130125605626662,0.0383287786011214
58,"s(nextDOWNSOPower_z)",0.00258540903869398,6.72264134940795e-06,0.0283328430227074,0.00834518857866541
59,"s(nextDOWNSOPower_z)",0.00557600067823483,8.1762211941599e-05,0.0986447058395529,0.0290592978743022
60,"s(nextDOWNSOPower_z)",0.00264609955190753,4.60931177913117e-06,0.0223905622756033,0.00659428203771286
61,"s(nextDOWNSOPower_z)",0.00245111331401526,0.000235797921100956,0.13054717404449,0.040371415422031
62,"s(nextDOWNSOPower_z)",-0.00279190276497121,9.93378558400487e-06,0.0335804369407749,0.00989298370460193
63,"s(nextDOWNSOPower_z)",0.0158454588817907,8.77024537056851e-05,0.0993056069804759,0.029246135094176
64,"s(nextDOWNSOPower_z)",0.00566168507139131,5.69889716858779e-05,0.0766299766607196,0.0225845587522652
65,"s(nextDOWNSOPower_z)",0.0044676617454843,2.39323946465458e-05,0.0505549400060649,0.0148877337011276
66,"s(nextDOWNSOPower_z)",0.0487850039008808,0.000345165059102627,0.19331869117264,0.0569415860743204
67,"s(nextDOWNSOPower_z)",0.000410703654434075,1.63668250310941e-07,0.00421068532147026,0.00124597204910553
68,"s(nextDOWNSOPower_z)",0.0171211689208235,6.19365874370544e-05,0.0799586376921045,0.0235499876169627
69,"s(nextDOWNSOPower_z)",-0.00254732693047233,5.83535155506451e-05,0.0789173592944196,0.0232433495778685
70,"s(nextDOWNSOPower_z)",0.00871718071013916,1.78144237481771e-05,0.0233698484927684,0.00724453428124136
71,"s(nextDOWNSOPower_z)",0.00185194502488706,8.30177876498877e-06,0.0292864509398966,0.00862569705255421
72,"s(nextDOWNSOPower_z)",0.0205687015510285,4.22613397648604e-05,0.0668027133160285,0.0194902668465406
73,"s(nextDOWNSOPower_z)",0.0383581824454233,9.29178575704287e-05,0.125778651705003,0.0334489489338196
74,"s(nextDOWNSOPower_z)",0.00474285346593084,3.65790583307895e-05,0.0628253256419072,0.0185025183669447
75,"s(nextDOWNSOPower_z)",0.0625257441153066,0.000384341972117357,0.286056554210959,0.0709088662563366
76,"s(nextDOWNSOPower_z)",0.0346184074758488,0.000188447446944066,0.0978111900409839,0.0238270917216101
77,"s(nextDOWNSOPower_z)",0.00791226376889775,5.41964676364818e-05,0.0756284514872376,0.0222751081204354
78,"s(nextDOWNSOPower_z)",0.00379549939338952,1.31823510968533e-05,0.0374145322200501,0.0110191963792678
79,"s(nextDOWNSOPower_z)",0.00375462993062281,5.30831825961672e-05,0.0730593979869776,0.0215161964772238
80,"s(nextDOWNSOPower_z)",0.00919382472134223,6.33708109946742e-05,0.0819214518352009,0.0241333494868825
81,"s(nextDOWNSOPower_z)",0.00143567330520211,6.71144275208277e-07,0.00873860064343567,0.00257476286317049
82,"s(nextDOWNSOPower_z)",-0.0133360510727465,2.2473790783123e-05,0.0501483787790586,0.0147747355615128
83,"s(nextDOWNSOPower_z)",0.00616348448119797,6.06202798909131e-05,0.0810540954076544,0.0238721026629237
84,"s(nextDOWNSOPower_z)",0.00242201968111455,2.92775052930631e-05,0.0533381523714259,0.0157092562300318
85,"s(nextDOWNSOPower_z)",0.0369510861851841,0.000210762067526291,0.0961530778547748,0.028026985718092
86,"s(nextDOWNSOPower_z)",-0.000768104593181995,4.82122269099798e-07,0.00733129127271192,0.00215919692287957
87,"s(nextDOWNSOPower_z)",-0.00013173506044506,5.60122283691959e-05,0.0767488504708759,0.0226071849266352
88,"s(nextDOWNSOPower_z)",0.0152435735095193,0.000163004730592057,0.129566594755642,0.038158649290832
89,"s(nextDOWNSOPower_z)",-0.00144000411235146,1.10741187951477e-05,0.0340605009187216,0.0100534433744897
90,"s(nextDOWNSOPower_z)",0.00118566677096998,2.79881244651591e-05,0.0558220293937999,0.0164493791097855
91,"s(nextDOWNSOPower_z)",0.0133007150082063,0.000131307866105448,0.0652640950638053,0.0192695642877333
92,"s(nextDOWNSOPower_z)",0.0261349914307101,0.000101883672489899,0.0958485301249308,0.0296722083892182
93,"s(nextDOWNSOPower_z)",0.0167501836722108,0.000166676743485121,0.133570248438404,0.0393388354402582
94,"s(nextDOWNSOPower_z)",-0.00224923626544582,0.000330419587962969,0.220819954886885,0.0651776859242587
95,"s(nextDOWNSOPower_z)",0.00301104037328381,0.000103873509387148,0.104714631808258,0.0308473519158654
96,"s(nextDOWNSOPower_z)",0.0163762099390508,0.000194919233165879,0.146654480248732,0.0431912838235696
97,"s(nextDOWNSOPower_z)",0.0524464068899253,0.000771890614989982,0.318214697267083,0.0885107436665844
98,"s(nextDOWNSOPower_z)",0.00604902458852541,1.01469860343109e-05,0.0354809506032319,0.0104571171199826
99,"s(nextDOWNSOPower_z)",0.0586440159209449,0.000282078866714394,0.21401849773383,0.052141468466535
100,"s(nextDOWNSOPower_z)",0.00183676850972003,2.2210802795647e-05,0.0495266207889867,0.0145868743827575
101,"s(nextDOWNSOPower_z)",0.0312746738398888,0.000285759354556461,0.221450069540571,0.066279890031885
102,"s(nextDOWNSOPower_z)",0.000251502130252712,3.8763070610227e-05,0.0636756592173697,0.0187755368292186
103,"s(nextDOWNSOPower_z)",0.0162767821640164,0.000167030288325572,0.13269960282476,0.0390799031591675
104,"s(nextDOWNSOPower_z)",0.0387777091320344,0.000222909880966569,0.14059256129287,0.0405365436411217
105,"s(nextDOWNSOPower_z)",0.0436177154014461,2.56213823079255e-05,0.0663948902156249,0.0172962844364928
106,"s(nextDOWNSOPower_z)",0.0446862287264866,0.000419253273176582,0.283888867827865,0.0630250751214247
107,"s(nextDOWNSOPower_z)",-0.000198730066358843,6.70604542055734e-07,0.00853056350020514,0.00251297899143682
108,"s(nextDOWNSOPower_z)",0.0031904648890213,6.36973961047119e-05,0.0838074996873523,0.0246916327322471
109,"s(nextDOWNSOPower_z)",-0.052669144951195,8.24822982696413e-05,0.0877462217389377,0.0258443993220431
110,"s(nextDOWNSOPower_z)",0.0304483215108021,0.000323659524056681,0.179755609789588,0.0529396546324124
111,"s(nextDOWNSOPower_z)",0.0108655847899115,5.04639355465252e-05,0.0772738831306803,0.0252836272458064
112,"s(nextDOWNSOPower_z)",0.00432705609563921,8.5926543213984e-05,0.0938123952490853,0.0276291887311087
113,"s(nextDOWNSOPower_z)",0.0167758119483946,6.94658425721006e-05,0.098801564035712,0.0315934124271256
114,"s(nextDOWNSOPower_z)",0.000992063775625773,2.40670540616222e-06,0.0161982167544026,0.00477033651156362
115,"s(nextDOWNSOPower_z)",0.000866981635397446,1.63987376060293e-08,0.00127668733665158,0.000376736605865533
116,"s(nextDOWNSOPower_z)",0.0113001641207509,4.33392414158009e-05,0.0710797439981824,0.0209349003663814
117,"s(nextDOWNSOPower_z)",0.0264116257841174,0.000279009091047182,0.172548306026777,0.0508296867094447
118,"s(nextDOWNSOPower_z)",-0.0219063076899766,7.56098092366709e-05,0.0909659710374671,0.0267920413409024
119,"s(nextDOWNSOPower_z)",0.00874888480312952,8.36956713122061e-05,0.0923829244186942,0.027206878597167
120,"s(nextDOWNSOPower_z)",0.000161928954710788,2.75492643209705e-07,0.00554455785373757,0.00163275829028888
121,"s(nextDOWNSOPower_z)",-0.00164739429272409,6.80348349765268e-06,0.0260527882443123,0.00767280697991823
122,"s(nextDOWNSOPower_z)",0.00938611626081043,2.09557144384112e-06,0.0151439315980513,0.00446022524865564
123,"s(nextDOWNSOPower_z)",0.0048271156904176,4.20781548547957e-05,0.0658409963947948,0.0193917374972693
124,"s(nextDOWNSOPower_z)",0.00746132591943471,2.40475126449228e-05,0.0516775346580757,0.01521738321818
125,"s(nextDOWNSOPower_z)",-0.0568037809702512,0.000674626734311552,0.126414618917585,0.045053615144711
126,"s(nextDOWNSOPower_z)",0.00413712717430736,0.000304615752090537,0.186436450558305,0.0549199943739976
127,"s(nextDOWNSOPower_z)",0.00140401781782451,7.64218842471061e-05,0.0955648653200078,0.0281500754215768
128,"s(nextDOWNSOPower_z)",0.00243069360312576,2.22852245822582e-05,0.0487017617356757,0.0143464366868739
129,"s(nextDOWNSOPower_z)",-7.12084196349272e-05,1.60008730161178e-06,0.0127579508559577,0.00375948450034813
130,"s(nextDOWNSOPower_z)",0.00569472289979611,5.07872610254704e-05,0.0777546472361961,0.0229071450702285
131,"s(nextDOWNSOPower_z)",0.00362027394439779,7.40297407377208e-05,0.0935653560330204,0.0275579824048645
132,"s(nextDOWNSOPower_z)",0.0492344600909138,0.000451530354833815,0.21967107292063,0.0647084355665122
133,"s(nextDOWNSOPower_z)",0.0196834419571272,0.000143017473930952,0.127108393564727,0.0374379880610554
134,"s(nextDOWNSOPower_z)",0.0144044986487971,0.00014495009893838,0.123468165300695,0.0363769283559637
135,"s(nextDOWNSOPower_z)",0.00490914515067076,5.4999685262086e-05,0.0774097794152755,0.0228071712290519
136,"s(nextDOWNSOPower_z)",0.0016003500442856,1.42980285429327e-05,0.0402094359087627,0.011859846500288
137,"s(nextDOWNSOPower_z)",0.0575285551506352,0.000261172210497463,0.129886443898378,0.0376758536992892
138,"s(nextDOWNSOPower_z)",0.0162967866578858,0.000160769347502512,0.127837029569949,0.0376538921715
139,"s(nextDOWNSOPower_z)",-0.000978025474251298,1.66269911970495e-05,0.0413097859982944,0.0121684469067483
140,"s(nextDOWNSOPower_z)",0.0200990137218082,0.000326199381707479,0.191824712568214,0.0565050675945063
141,"s(nextDOWNSOPower_z)",0.0252517807460291,0.000110693593355659,0.0914096623491455,0.0258199574827926
142,"s(nextDOWNSOPower_z)",0.00817857424412838,9.08226362288391e-05,0.0615160643358629,0.0201752825325587
143,"s(nextDOWNSOPower_z)",0.014631243954577,9.63018889603167e-05,0.101149087772938,0.0297987527213911
144,"s(nextDOWNSOPower_z)",0.0485624075770602,0.000497037077421675,0.183787945025862,0.0545649602792279
145,"s(nextDOWNSOPower_z)",-0.000269417765286328,9.51154640105773e-06,0.0339240328857735,0.00999510296129437
146,"s(nextDOWNSOPower_z)",-0.00657678924296379,0.000231342248908435,0.157697806713858,0.0464432359736712
147,"s(nextDOWNSOPower_z)",-0.0387615609384611,0.000277674261764635,0.195000286069858,0.061796531495466
148,"s(nextDOWNSOPower_z)",0.0101853556374364,0.000254521416251036,0.127770270524766,0.0351091218842754
149,"s(nextDOWNSOPower_z)",0.0147927086127388,0.000212185825897764,0.150818651665239,0.0444272727433925
150,"s(nextDOWNSOPower_z)",0.0327347246339393,0.000461967564236844,0.222480189399011,0.065527880938022
151,"s(nextDOWNSOPower_z)",0.00667590189610356,0.000192721357016429,0.139938799932733,0.0412135140824457
152,"s(nextDOWNSOPower_z)",0.00206801160622772,1.00958821774677e-05,0.0326852063750202,0.00962684687000832
153,"s(nextDOWNSOPower_z)",0.00990684458284341,0.000319182996869832,0.0932268752345274,0.0256852974243724
154,"s(nextDOWNSOPower_z)",0.077786013832745,0.000871522668765949,0.305935246827856,0.0901142018413347
155,"s(nextDOWNSOPower_z)",0.0227461496098699,0.000177381706127681,0.142245701990463,0.0459811065892138
156,"s(nextDOWNSOPower_z)",-0.000722475197970973,4.81151699640567e-05,0.0778899355339544,0.0229526991607863
157,"s(nextDOWNSOPower_z)",0.00541403610035751,5.58603658778771e-05,0.0750150435024781,0.022091162563741
158,"s(nextDOWNSOPower_z)",0.00245006799237402,1.83817161983105e-05,0.0441575356519619,0.0130057245416254
159,"s(nextDOWNSOPower_z)",0.0096012109772563,0.000201776246973606,0.143206395721472,0.0421854295153108
160,"s(nextDOWNSOPower_z)",0.00169709023868403,1.41529834926428e-05,0.0401311750787565,0.0118202246632567
161,"s(nextDOWNSOPower_z)",0.000285732417589779,1.38517621863667e-06,0.0121566417747043,0.00358673303304138
162,"s(nextDOWNSOPower_z)",0.0497801048759856,0.000234239653147702,0.138587483846074,0.0422455635511404
163,"s(nextDOWNSOPower_z)",0.0260139486103319,5.91286629167858e-05,0.112590865356449,0.0326690359941685
164,"s(nextDOWNSOPower_z)",0.023633345088818,0.000193118046981096,0.141225973217052,0.0415933985501704
165,"s(nextDOWNSOPower_z)",-0.138614684127063,5.33805295233807e-05,0.0740818471853018,0.0218251871241679
166,"s(nextDOWNSOPower_z)",0.00395732649909153,2.87860706754133e-05,0.0559881716364553,0.0164822002195324
167,"s(nextDOWNSOPower_z)",0.0107994006734338,7.80616968062118e-05,0.0961557940755392,0.0283235306339319
168,"s(nextDOWNSOPower_z)",0.000266027131378022,2.35401741019428e-09,0.000501403357397986,0.000147512041192523
169,"s(nextDOWNSOPower_z)",0.000332329299955303,5.61050448010401e-09,0.000747905369065875,0.000220942605600306
170,"s(nextDOWNSOPower_z)",0.0130638038304087,9.51599306649324e-05,0.0990516703549706,0.0291738468410411
171,"s(nextDOWNSOPower_z)",0.0122133534994258,5.57218808929982e-05,0.0772712794331995,0.0227600789697994
172,"s(nextDOWNSOPower_z)",0.00016340322988917,2.33474377187846e-08,0.00156334391380574,0.000462795762537597
173,"s(nextDOWNSOPower_z)",0.00312046973412505,2.54060101763452e-06,0.0173281299572259,0.0051036562071171
174,"s(nextDOWNSOPower_z)",0.000754080213508868,3.92901924333515e-06,0.0208945459582193,0.00615404951456566
175,"s(nextDOWNSOPower_z)",0.00214971837404665,4.01171450141895e-05,0.0672168626548466,0.0197984977095397
176,"s(nextDOWNSOPower_z)",0.0540752265944389,0.000487776630288541,0.229673893775271,0.0676578389578874
177,"s(nextDOWNSOPower_z)",0.0260165216506197,0.000417899980677075,0.2107807107652,0.0679964833222293
178,"s(nextDOWNSOPower_z)",0.00145988872648672,7.0779396006429e-09,0.000871337873195668,0.000256582387721322
179,"s(nextDOWNSOPower_z)",-0.000654659875025665,2.18870797539622e-07,0.00460619040813348,0.00135593891793319
180,"s(nextDOWNSOPower_z)",0.0448907165777648,0.000412272161973467,0.204530657195975,0.0584413532119637
181,"s(nextDOWNSOPower_z)",0.00617729038966142,1.82860455158995e-06,0.016628517036113,0.00413521939575691
182,"s(nextDOWNSOPower_z)",0.000687288934088981,8.73255606882427e-05,0.101513707136119,0.0299121052220643
183,"s(nextDOWNSOPower_z)",0.00331813599186548,3.600384885558e-05,0.060386870525964,0.0177814950436671
184,"s(nextDOWNSOPower_z)",-0.107899859504293,3.71559435285161e-05,0.0628787207363959,0.0185220027507626
185,"s(nextDOWNSOPower_z)",0.035127228368891,0.000205002139071461,0.105100090149458,0.0359264850887641
186,"s(nextDOWNSOPower_z)",0.00252628119364218,7.46037982606925e-05,0.0900260070186869,0.0265144312153242
187,"s(nextDOWNSOPower_z)",0.00132071802023015,5.25207343752218e-07,0.00756115491502363,0.00222654665826026
188,"s(nextDOWNSOPower_z)",0.026544989180852,6.47949336896769e-05,0.0687116434722875,0.0207687397275676
189,"s(nextDOWNSOPower_z)",0.0276154809417719,0.000165747088137626,0.134450514370722,0.0396081876300406
190,"s(nextDOWNSOPower_z)",0.000898588281512569,6.95634230327578e-06,0.0262552938104376,0.00773267110858333
191,"s(nextDOWNSOPower_z)",0.000806481334944875,6.9490546232655e-07,0.00833425168439043,0.00245416950432283
192,"s(nextDOWNSOPower_z)",0.00924832664870778,6.27961169013464e-05,0.0832516166106974,0.0245209586477051
193,"s(nextDOWNSOPower_z)",0.00206904524296814,4.38733742632051e-06,0.0221631079951767,0.00652875501635268
194,"s(nextDOWNSOPower_z)",0.00927924143536596,6.24323512128638e-06,0.026436573506782,0.00778915184251658
195,"s(nextDOWNSOPower_z)",-0.0961943161825654,4.02961604962184e-05,0.0661184708026477,0.0194754309323696
196,"s(nextDOWNSOPower_z)",-0.0341071483482422,4.77772788602503e-05,0.0711423332248434,0.0209555409164099
197,"s(nextDOWNSOPower_z)",0.0623925552087139,0.000981968545902333,0.312520439906697,0.0751399654718719
198,"s(nextDOWNSOPower_z)",0.0194660512175824,0.00029098279476593,0.168764303746507,0.049705062400954
199,"s(nextDOWNSOPower_z)",0.00420089994465034,1.24859439326534e-05,0.0352878615545663,0.010392765411203
200,"s(nextDOWNSOPower_z)",0.084680327581657,0.000463027348829112,0.183635241762101,0.0406751310264168
201,"s(nextDOWNSOPower_z)",0.00194467842742196,1.32948273985008e-06,0.0116848243213586,0.00344181288976605
202,"s(nextDOWNSOPower_z)",0.00152306820221093,6.99520076950838e-05,0.0886609393141472,0.0261165828280182
203,"s(nextDOWNSOPower_z)",-0.00809538903090984,5.96976420070961e-05,0.07692252945343,0.022653995395863
204,"s(nextDOWNSOPower_z)",0.00205359562695229,4.70538612994975e-05,0.0735115478787335,0.02164932388173
205,"s(nextDOWNSOPower_z)",0.0148886955660495,0.00022811196360958,0.153320175717585,0.0451547398571778
206,"s(nextDOWNSOPower_z)",0.0396583224959797,0.00038184309636303,0.194189124573318,0.0529139427711639
207,"s(nextDOWNSOPower_z)",0.000300945171763156,1.61577143024333e-05,0.0425435172887327,0.0125249439060082
208,"s(nextDOWNSOPower_z)",0.0024127254880596,1.78711451733877e-05,0.0424245484403383,0.0124972056512674
209,"s(nextDOWNSOPower_z)",0.00632995450115148,6.9537954503418e-05,0.0872026436436268,0.0256775708434342
210,"s(nextDOWNSOPower_z)",0.00422274533454658,5.9960642784937e-05,0.0799909750366139,0.0235689552324133
211,"s(nextDOWNSOPower_z)",0.0498676881760531,0.000400989290042855,0.21190049693907,0.0624131084377349
212,"s(nextDOWNSOPower_z)",-0.000750337079397534,2.10939638676894e-05,0.0482192053039841,0.0141984344109396
213,"s(nextDOWNSOPower_z)",0.0675487936307986,0.000355139472303421,0.203550422520047,0.0488443982603073
214,"s(nextDOWNSOPower_z)",0.00105974070396986,6.20174536662125e-06,0.0252311927876686,0.00743454546172039
215,"s(nextDOWNSOPower_z)",0.0248707002563814,0.000292164899990109,0.16242703877824,0.0430543939344106
216,"s(nextDOWNSOPower_z)",0.000194037044337847,6.40206714293832e-07,0.00815191873386025,0.00240092319693847
217,"s(nextDOWNSOPower_z)",0.00379203027985253,5.5329706346554e-07,0.00755446078419729,0.00222602873184885
218,"s(nextDOWNSOPower_z)",0.00280260087925632,6.10941870025913e-05,0.0840636983826298,0.0247599171562868
219,"s(nextDOWNSOPower_z)",0.0568534284235027,0.000936746869637339,0.344125495000174,0.0809312904893099
220,"s(nextDOWNSOPower_z)",0.0269143437747997,0.000265654115377934,0.164970068520532,0.0485891660804745
221,"s(nextDOWNSOPower_z)",0.00196240803728687,9.15360894682604e-06,0.0310739239703505,0.00915415518752943
222,"s(nextDOWNSOPower_z)",0.00206570566402009,1.89675919237705e-05,0.0438112163633878,0.0129048982864716
223,"s(nextDOWNSOPower_z)",0.00957945464394605,0.000187381011947084,0.148551363325231,0.0437491045762862
224,"s(nextDOWNSOPower_z)",0.032686220061087,0.000171801537131153,0.0963042558190455,0.0270064163438083
225,"s(nextDOWNSOPower_z)",0.0079264189667877,0.000131693154952155,0.11718711671517,0.0345244161565493
226,"s(nextDOWNSOPower_z)",0.0381743060230215,0.000156534155400162,0.112225204750926,0.0301302901521965
227,"s(nextDOWNSOPower_z)",0.00177984343532378,1.93328928776831e-05,0.0458468474907257,0.0135096869538749
228,"s(nextDOWNSOPower_z)",0.00734408146408194,4.9579824788313e-05,0.0716697682815385,0.0211098900070532
229,"s(nextDOWNSOPower_z)",0.00498227460030565,6.18201904576333e-05,0.0832920752599075,0.024533381428897
230,"s(nextDOWNSOPower_z)",0.00509238858172401,0.000125079610822335,0.117902619717025,0.034730587389767
231,"s(nextDOWNSOPower_z)",0.0655057667560518,0.000592925173575287,0.311668563210976,0.0847498324556838
232,"s(nextDOWNSOPower_z)",0.00316733285729931,8.23447978663681e-06,0.0295545495262178,0.00870706298966715
233,"s(nextDOWNSOPower_z)",0.0115292481554621,4.03732402336733e-06,0.0292282862039943,0.0086295996121434
234,"s(nextDOWNSOPower_z)",0.0064480516534009,4.14019544992113e-05,0.0706401081896864,0.0236344214441588
235,"s(nextDOWNSOPower_z)",0.0260483963519362,0.000217517520888631,0.190539767366146,0.0536594981751669
236,"s(nextDOWNSOPower_z)",0.0108708830165809,0.000114782082582429,0.11183886075568,0.0329447372720022
237,"s(nextDOWNSOPower_z)",0.00923419594030528,6.28706708488169e-05,0.0783091642019497,0.0230645135191159
238,"s(nextDOWNSOPower_z)",0.0244855431340903,0.000128441289380686,0.123462970538353,0.0363600907085934
239,"s(nextDOWNSOPower_z)",0.0167388120106666,0.000179802125306958,0.134390030804006,0.0395794840030123
240,"s(nextDOWNSOPower_z)",0.0256268095808259,0.000323840019519738,0.179211237866376,0.0527860074772783
241,"s(nextDOWNSOPower_z)",0.0223076930022156,0.0012889851266386,0.23485356223754,0.0654558980451012
242,"s(nextDOWNSOPower_z)",0.0701556408003866,0.000552313228093793,0.241571985101792,0.0711636813458392
243,"s(nextDOWNSOPower_z)",0.00166219499895215,3.55130834997649e-05,0.0629788599332692,0.0185555745950903
244,"s(nextDOWNSOPower_z)",0.00177427347933068,6.08954122479607e-06,0.026030633174441,0.00766625134619286
245,"s(nextDOWNSOPower_z)",-0.00115424577625323,1.61303752099758e-05,0.0423125027607254,0.0124621890816676
246,"s(nextDOWNSOPower_z)",-0.0340007962532123,1.56693480757479e-07,0.00404653119936511,0.00119287854440929
247,"s(nextDOWNSOPower_z)",0.00507057488171903,3.62643269492474e-05,0.0606792852703532,0.0178709043905214
248,"s(nextDOWNSOPower_z)",0.00115271947404372,1.46434766196569e-05,0.040342136323023,0.0118802603550113
249,"s(nextDOWNSOPower_z)",0.00152887719444195,2.66077951825871e-05,0.0528576313193506,0.0155722551580935
250,"s(nextDOWNSOPower_z)",0.00230675768453037,4.04543262780634e-05,0.064624549276749,0.0190348287131745
251,"s(nextDOWNSOPower_z)",0.0059137482518411,2.37813690868818e-05,0.0499710733524625,0.0147205259977436
252,"s(nextDOWNSOPower_z)",0.00729195495063151,6.01896217251229e-05,0.0830070545049479,0.0244548839555595
253,"s(nextDOWNSOPower_z)",0.00376312782930976,2.92268072812866e-05,0.0556122989271905,0.016378183737453
254,"s(nextDOWNSOPower_z)",-0.000366910467309634,4.08053467557408e-06,0.0218041176928765,0.00642267131617072
255,"s(nextDOWNSOPower_z)",0.0711051172218738,0.00070405984383114,0.338521256811629,0.100420891304839
256,"s(nextDOWNSOPower_z)",0.0104660568533099,0.000485860454484777,0.23158096206715,0.0682145110522829
257,"s(nextDOWNSOPower_z)",0.0373171984167291,0.000198239283330599,0.14245808429378,0.0419640961699735
258,"s(nextDOWNSOPower_z)",0.0140556664640843,0.000189891986022989,0.149119491435811,0.0439252989507328
259,"s(nextDOWNSOPower_z)",0.0126016226797151,0.000147660269297042,0.124422766664265,0.0366439494574152
260,"s(nextDOWNSOPower_z)",0.0022952607485246,2.09925393530215e-05,0.0445463192212338,0.013122250814317
261,"s(nextDOWNSOPower_z)",2.17865637475168e-05,8.707458527507e-07,0.00939765828052182,0.00276815819125606
262,"s(nextDOWNSOPower_z)",0.0822595147898777,0.000497787691348594,0.0985862539949343,0.0318314487949395
263,"s(nextDOWNSOPower_z)",0.010535091723445,4.25525493124224e-05,0.0733717023490734,0.0224753484369861
264,"s(nextDOWNSOPower_z)",0.0333008499740417,0.000175112404208848,0.0912005934226051,0.0287351614244833
265,"s(nextDOWNSOPower_z)",-0.000738533819865106,1.9433177869692e-07,0.00454224215267274,0.00133818575539356
266,"s(nextDOWNSOPower_z)",4.67900272227428e-05,2.57599993371906e-08,0.00174388387127599,0.000515041469168608
267,"s(nextDOWNSOPower_z)",0.00559564416128466,2.92949933699391e-05,0.0570558381372758,0.0168086067669474
268,"s(nextDOWNSOPower_z)",0.00260434301466006,1.4138685691383e-05,0.0424777351388229,0.0125153678987379
269,"s(nextDOWNSOPower_z)",0.00681327271188437,9.42664219209553e-05,0.099751701758309,0.029383744121728
270,"s(nextDOWNSOPower_z)",0.00126023342081893,2.53335609578676e-06,0.0163455983899155,0.00481529016436324
271,"s(nextDOWNSOPower_z)",0.000795502352884725,7.75569848123311e-07,0.00902785350752335,0.00266027340581507
272,"s(nextDOWNSOPower_z)",0.0587315018872636,0.000341970517631418,0.202448022562434,0.0596413621313781
273,"s(nextDOWNSOPower_z)",0.0121275338183042,7.80305288677139e-05,0.0951591585992267,0.0280246196292688
274,"s(nextDOWNSOPower_z)",0.00559192382791296,7.42333332865933e-05,0.0923302041493242,0.0243172625850115
275,"s(nextDOWNSOPower_z)",0.022510915672844,0.000133792763206032,0.12240988729538,0.0360540349898452
276,"s(nextDOWNSOPower_z)",0.000503309570326183,4.75789179649673e-06,0.0222531560948199,0.00655440572207006
277,"s(nextDOWNSOPower_z)",0.0200123596345922,0.000139715429175392,0.124252508304019,0.0365931789093555
278,"s(nextDOWNSOPower_z)",0.0208048275313057,5.26222932788501e-05,0.0751369279371974,0.0221297499617892
279,"s(nextDOWNSOPower_z)",0.0432305708520957,0.000159374255799917,0.13305880507168,0.0405290644668221
280,"s(nextDOWNSOPower_z)",0.00709784757061072,6.81891898675528e-05,0.103129891429004,0.0307312661800426
281,"s(nextDOWNSOPower_z)",0.00206502843205314,5.84811754567633e-05,0.0769780665059608,0.0226755031745654
282,"s(nextDOWNSOPower_z)",0.0504710679429188,0.000352601030102564,0.244254671026157,0.0714172315094695
283,"s(nextDOWNSOPower_z)",0.00085008345247517,1.09370005798906e-05,0.0329253014204374,0.00969389096483902
284,"s(nextDOWNSOPower_z)",0.00727133108462907,7.21088169517996e-05,0.0924996088474381,0.0272430938112587
285,"s(nextDOWNSOPower_z)",-0.0257523813274438,0.000237945727969062,0.139522067287207,0.0389959108620549
286,"s(nextDOWNSOPower_z)",0.00228536895426068,1.06827747858124e-06,0.0105452051123118,0.00310591131233021
287,"s(nextDOWNSOPower_z)",0.00226343796750816,3.94691199687991e-06,0.0206266375970541,0.0060744349222338
288,"s(nextDOWNSOPower_z)",3.44893317971717e-06,3.33991896439617e-07,0.00584940916032365,0.00172458646614425
289,"s(nextDOWNSOPower_z)",-0.0810771230889991,4.34995688020086e-06,0.0218932584997993,0.00644908449156442
290,"s(nextDOWNSOPower_z)",0.0120293737590713,6.58090950079048e-05,0.0887409675557034,0.0261392272969074
291,"s(nextDOWNSOPower_z)",0.00931463645289465,1.8823895602939e-05,0.0429080978774595,0.0145770172065824
292,"s(nextDOWNSOPower_z)",0.0108301770305734,7.07132480574058e-05,0.0614291649223333,0.018001512277125
293,"s(nextDOWNSOPower_z)",0.0100085583436758,6.76340932612022e-05,0.0866178995829053,0.0255126799503399
294,"s(nextDOWNSOPower_z)",0.011004752891659,0.000120993650890074,0.119808121857875,0.0352936110635859
295,"s(nextDOWNSOPower_z)",0.0718593220235866,0.000891910479440528,0.296067418690949,0.0678340527063133
296,"s(nextDOWNSOPower_z)",-0.000721052868877581,2.74860535623962e-05,0.0525447008248238,0.0154806916602919
297,"s(nextDOWNSOPower_z)",0.00296778968284717,1.18462668156353e-05,0.0356436516344776,0.0104992549593901
298,"s(nextDOWNSOPower_z)",0.000429452666476982,1.45067681060948e-06,0.0127838348740876,0.00376500189124657
299,"s(nextDOWNSOPower_z)",0.00313360769579352,5.21381063750217e-05,0.0745114371424566,0.0219506214538966
300,"s(nextDOWNSOPower_z)",0.00125288607684038,3.18299275860823e-05,0.0564868628386223,0.0166369049117758
301,"s(nextDOWNSOPower_z)",0.000522172125493992,0.000138114895278354,0.115682265303131,0.0340690404492533
302,"s(nextDOWNSOPower_z)",0.017568481696384,0.000238041285953575,0.158035684760836,0.0465440677362423
303,"s(nextDOWNSOPower_z)",0.0183343816571504,0.000511502417231001,0.246590611668815,0.0709725708269776
304,"s(nextDOWNSOPower_z)",0.000851325223824251,1.26891833162607e-05,0.0371221228142375,0.0109365971051964
305,"s(nextDOWNSOPower_z)",0.00680739076961112,2.65649344494415e-05,0.0517806565377436,0.015375083795476
306,"s(nextDOWNSOPower_z)",0.00987010448774339,5.35692313614907e-05,0.0783150049136997,0.0230652148030572
307,"s(nextDOWNSOPower_z)",0.0255339404537136,0.000302305772695644,0.192302292640857,0.0566687688334694
308,"s(nextDOWNSOPower_z)",0.00127436320702867,6.36744251770959e-06,0.0265866222517068,0.00783328151757594
309,"s(nextDOWNSOPower_z)",0.00893295839074915,7.69791271762602e-05,0.0912671408804055,0.0268897084786762
310,"s(nextDOWNSOPower_z)",0.000181721162212822,1.57366443867169e-05,0.0413400643351075,0.0121785303726881
311,"s(nextDOWNSOPower_z)",0.0054098964007554,0.000107593520576258,0.118898255853883,0.0350389310573827
312,"s(nextDOWNSOPower_z)",0.0440037046564881,0.000555182937153337,0.234234812697759,0.0689933748560394
313,"s(nextDOWNSOPower_z)",0.0106335618896951,6.89267362647754e-05,0.105194812704797,0.0313873028954064
314,"s(nextDOWNSOPower_z)",0.0322724243444209,0.000149626405243448,0.125004928622572,0.0368160185638903
315,"s(nextDOWNSOPower_z)",0.0366886422014524,0.00041637249101092,0.218265284550441,0.0642910683930105
316,"s(nextDOWNSOPower_z)",0.0755941473460578,0.000762814990831493,0.259106491896936,0.0654527343641069
317,"s(nextDOWNSOPower_z)",7.93856294141193e-05,5.7085171867279e-07,0.00772686894512924,0.00227584650227459
318,"s(nextDOWNSOPower_z)",0.0170340288334505,0.000276958512558819,0.178610110984734,0.0526004903579363
319,"s(nextDOWNSOPower_z)",0.00897659011380969,0.000109505188561117,0.121869595198431,0.0378096359664217
320,"s(nextDOWNSOPower_z)",0.0163842896451777,4.44509087273118e-05,0.0701222106157982,0.020666412560266
321,"s(nextDOWNSOPower_z)",0.0428429441171048,0.000138050662947458,0.173462965582012,0.0426365743234824
322,"s(nextDOWNSOPower_z)",0.00748261362466995,0.000141643264374941,0.118456625774297,0.0348876952686647
323,"s(nextDOWNSOPower_z)",0.00483695197914336,2.57633307874413e-06,0.0171295968599181,0.00504421500068817
324,"s(nextDOWNSOPower_z)",0.00571962826290384,3.47010407214815e-05,0.084605421562768,0.0249243822076259
325,"s(nextDOWNSOPower_z)",0.0325409759801019,0.000415298645539332,0.293903648000126,0.0708070242902178
326,"s(nextDOWNSOPower_z)",0.00202611553480003,2.92401149550881e-05,0.0398992887412224,0.0122356445921824
327,"s(nextDOWNSOPower_z)",0.0105707964418432,4.25722573807649e-05,0.0680210204193092,0.0200348261610131
328,"s(nextDOWNSOPower_z)",0.0617371872267524,6.54613911476554e-05,0.0854832864062424,0.0251747346117851
329,"s(nextDOWNSOPower_z)",0.00593715244331028,5.94387185151291e-05,0.0768602181596778,0.0226367366249466
330,"s(nextDOWNSOPower_z)",-0.000488239493225406,6.5498840887117e-07,0.00856731019064712,0.0025137649129732
331,"s(nextDOWNSOPower_z)",0.00869276199839786,3.23659813015863e-05,0.0603451989495052,0.0177745356041548
332,"s(nextDOWNSOPower_z)",0.0109909963112885,0.000225741856963966,0.148961412025904,0.0438876615097667
333,"s(nextDOWNSOPower_z)",0.0632261444993127,0.000611237866535734,0.247756654913694,0.0601692117653788
334,"s(nextDOWNSOPower_z)",0.000434580720004574,2.10414072154959e-06,0.0146983948022146,0.00433102472748233
335,"s(nextDOWNSOPower_z)",0.0187890162964326,9.42057017506016e-05,0.167932600359265,0.0394800213394191
336,"s(nextDOWNSOPower_z)",0.0308741329676594,0.000117560324617214,0.108480113436088,0.0283969206627208
337,"s(nextDOWNSOPower_z)",0.00783559528918409,4.35435162529662e-05,0.0689665154513247,0.0203163616220331
338,"s(nextDOWNSOPower_z)",0.00488075259383558,2.10334406331653e-05,0.0485076344657045,0.0142874790300408
339,"s(nextDOWNSOPower_z)",0.0405525991923334,0.000377272245779116,0.220467080914698,0.0470018473600211
340,"s(nextDOWNSOPower_z)",0.0135338269654106,7.3198093125473e-05,0.0904325239527836,0.026637441367251
341,"s(nextDOWNSOPower_z)",0.0453971844610079,0.000318017501411083,0.160932781430961,0.0452468763797125
342,"s(nextDOWNSOPower_z)",-0.00868951876500068,3.84998488135112e-05,0.0632132270982418,0.0186418142855956
343,"s(nextDOWNSOPower_z)",-0.0676635841835758,1.94048395588913e-06,0.0144441837692292,0.00425268118541162
344,"s(nextDOWNSOPower_z)",0.000749570875542949,3.53447312030912e-07,0.00578151501833531,0.00170303661218304
345,"s(nextDOWNSOPower_z)",-0.0205399879983494,2.83918409579881e-05,0.0549721193921414,0.0161975141800565
346,"s(nextDOWNSOPower_z)",-0.00905013274924893,8.64814094912643e-05,0.0972922448197772,0.0286508821412209
347,"s(nextDOWNSOPower_z)",0.0257981083989932,0.000153178378134729,0.127298275048642,0.0351183463952358
348,"s(nextDOWNSOPower_z)",0.00133456575329083,1.30162210251612e-05,0.0378806078033771,0.0111568753897386
349,"s(nextDOWNSOPower_z)",0.00922742892046147,0.00012277587251613,0.119043893785765,0.0350628309224316
350,"s(nextDOWNSOPower_z)",0.0764994891041374,0.000711376544205857,0.2856696045074,0.0841344478230794
351,"s(nextDOWNSOPower_z)",0.00632101285639686,0.000115628388764696,0.113554312448494,0.0334522991615232
352,"s(nextDOWNSOPower_z)",0.0473010235212832,0.000231259060398032,0.243721474097456,0.0580144476347953
353,"s(nextDOWNSOPower_z)",0.00494188126983941,2.55095496262518e-05,0.054508983906992,0.0160553332264556
354,"s(nextDOWNSOPower_z)",0.00263858157800745,2.2680149534046e-06,0.0154954487256889,0.00456316871841087
355,"s(nextDOWNSOPower_z)",0.00857656413113039,2.87597827549162e-05,0.0582938008702783,0.017169027254525
356,"s(nextDOWNSOPower_z)",0.00103795470299051,1.8030418561722e-05,0.0451867913905989,0.0133129098957579
357,"s(nextDOWNSOPower_z)",-0.0780490809003815,7.35331158412372e-05,0.0651160821825746,0.018654398455978
358,"s(nextDOWNSOPower_z)",0.00771254340843996,5.63095543519014e-05,0.0792369713799706,0.0233414497087117
359,"s(nextDOWNSOPower_z)",0.0163480876884117,8.66314722309489e-05,0.0887337790440152,0.0261349366869521
360,"s(nextDOWNSOPower_z)",0.00295208204403419,2.19665593453455e-05,0.0478476368485576,0.0140957052773095
361,"s(nextDOWNSOPower_z)",0.0235924183385945,0.000138324436158723,0.113326847342884,0.0333767604210145
362,"s(nextDOWNSOPower_z)",0.00744655424022678,1.01792848589669e-05,0.0200449201804496,0.00645306803450986
363,"s(nextDOWNSOPower_z)",0.014335922464466,0.000121003146924652,0.108795180624263,0.032045117710256
364,"s(nextDOWNSOPower_z)",1.26932829467297e-05,1.98185694530868e-06,0.0142383407884538,0.0041935227990178
365,"s(nextDOWNSOPower_z)",0.152229967684021,0.00107733427958234,0.308784201627672,0.0860327062768865
366,"s(nextDOWNSOPower_z)",0.00183167709613863,5.77587642177099e-06,0.0267135682237084,0.00787271157918294
367,"s(nextDOWNSOPower_z)",-0.000825123552281926,1.82930176804858e-08,0.00134563238064882,0.000396583824785809
368,"s(nextDOWNSOPower_z)",0.00513591787260315,2.95833485947705e-05,0.0558964137458387,0.0164673487959232
369,"s(nextDOWNSOPower_z)",0.0606537327067115,0.000922012732489896,0.310475985803407,0.0914414515780866
370,"s(nextDOWNSOPower_z)",0.0128849871600872,0.000100642147277431,0.100225076128405,0.0295202886610357
371,"s(nextDOWNSOPower_z)",0.0130806800934844,0.000118169845485941,0.112873524247072,0.0332445223775856
372,"s(nextDOWNSOPower_z)",0.0066244639213473,9.93524018870494e-05,0.102107777866684,0.03007564262645
373,"s(nextDOWNSOPower_z)",0.0115271538760005,1.24486070341038e-05,0.0360644034587887,0.0106178691485912
374,"s(nextDOWNSOPower_z)",0.00643497761718859,3.57775383169354e-05,0.0683409963142506,0.0201324457528685
375,"s(nextDOWNSOPower_z)",0.00135602808586466,4.10767892472045e-08,0.00206873598507352,0.000606251383142929
376,"s(nextDOWNSOPower_z)",0.00676331792709739,3.43483926202687e-05,0.0627368378683885,0.0184804659914688
377,"s(nextDOWNSOPower_z)",0.019073045557513,0.000353191205901864,0.196429611282763,0.0578552606070103
378,"s(nextDOWNSOPower_z)",0.00115999912740405,1.16701464150539e-05,0.0372846458948226,0.010979897692085
379,"s(nextDOWNSOPower_z)",0.0270181631261222,0.000356641410587219,0.186999700155935,0.0550748693722904
380,"s(nextDOWNSOPower_z)",0.00488493439145854,4.23913942306445e-05,0.0679050243791912,0.0200047606427613
381,"s(nextDOWNSOPower_z)",0.0108075463176872,7.03242133653652e-05,0.0917515312116084,0.0270282309368617
382,"s(nextDOWNSOPower_z)",0.00220297470689346,6.34437544125243e-06,0.0265507199170534,0.00782017030459552
383,"s(nextDOWNSOPower_z)",0.00152034170667714,1.9746016316126e-06,0.0140813538691641,0.00414723727232255
384,"s(nextDOWNSOPower_z)",0.00299677230920525,1.52815794298007e-05,0.0413563972934795,0.012181200077627
385,"s(nextDOWNSOPower_z)",2.31090996700711e-05,8.34913717458296e-09,0.000872915356030131,0.000257854158516901
386,"s(nextDOWNSOPower_z)",0.000219528650763356,4.51913831654707e-07,0.00702263616233535,0.00206822519871627
387,"s(nextDOWNSOPower_z)",-0.000321622372048136,2.51817545654805e-07,0.00514516048524396,0.00151586783955139
388,"s(nextDOWNSOPower_z)",0.00295103027552668,7.22765066046855e-07,0.00905378472021642,0.00266723698169461
389,"s(nextDOWNSOPower_z)",0.000702847981596477,2.57725515250434e-05,0.0545148477555388,0.0160570220676052
390,"s(nextDOWNSOPower_z)",0.0246368620897106,0.000255305807039006,0.166232463398383,0.0489708223003102
391,"s(nextDOWNSOPower_z)",0.000355135675440765,3.15288665595456e-06,0.0179347115756326,0.00528254693319228
392,"s(nextDOWNSOPower_z)",0.0196822954332776,0.000128190114988473,0.117317439838761,0.0345664005623212
393,"s(nextDOWNSOPower_z)",-0.000348516894627338,2.41913264571205e-05,0.0535978293488548,0.0157916161347795
394,"s(nextDOWNSOPower_z)",0.0104643097885559,0.000170955232595244,0.131440696093773,0.0387144634306239
395,"s(nextDOWNSOPower_z)",-0.000442122375057141,2.34027292609205e-05,0.0516198288217667,0.0152037296904868
396,"s(nextDOWNSOPower_z)",0.0300020580063661,0.000194183595507207,0.143942021355778,0.0423986754540109
397,"s(nextDOWNSOPower_z)",0.0293283581321674,0.000253737263609494,0.158865375100703,0.0467862214894055
398,"s(nextDOWNSOPower_z)",0.00462010796984602,3.62990551329939e-05,0.0590992285489695,0.0174048983826877
399,"s(nextDOWNSOPower_z)",0.0034173412093278,4.61297122888237e-05,0.0700232506966409,0.0206247362690506
400,"s(nextDOWNSOPower_z)",-0.0363912032415028,9.56394027263753e-05,0.102701596649676,0.0302565883851142
401,"s(nextDOWNSOPower_z)",0.00290651000248776,4.09538831346071e-05,0.0670937966592405,0.0197605441412299
402,"s(nextDOWNSOPower_z)",0.0258647132196326,7.11133864572654e-05,0.088472853638702,0.0248727449493369
403,"s(nextDOWNSOPower_z)",0.00132596473839031,2.23401890390806e-05,0.0477263378116218,0.014058548747755
404,"s(nextDOWNSOPower_z)",-0.0222806819820291,2.91383284473074e-05,0.0554584188701263,0.0163376889322618
405,"s(nextDOWNSOPower_z)",-0.000523128660746774,6.1836508375706e-07,0.00788649412913798,0.00232122067990536
406,"s(nextDOWNSOPower_z)",0.00225978271413041,5.01611947232994e-06,0.0237205875343225,0.00698631454297655
407,"s(nextDOWNSOPower_z)",0.00119064163499583,3.94448258066603e-06,0.020647350445656,0.00608207260024029
408,"s(nextDOWNSOPower_z)",6.45290736085435e-05,1.4114164854914e-07,0.00374187700624662,0.00110177653241864
409,"s(nextDOWNSOPower_z)",0.0177100138743546,0.000421092319090131,0.204203142828698,0.0601434755064699
410,"s(nextDOWNSOPower_z)",0.0223551433342568,9.25201478255831e-05,0.0999179547005593,0.0297671465198456
411,"s(nextDOWNSOPower_z)",-0.00152189996322827,1.98980090480118e-05,0.04788749163215,0.01410726047173
412,"s(nextDOWNSOPower_z)",0.00525256636876714,1.71626699496976e-05,0.044981764773999,0.0132472816630614
413,"s(nextDOWNSOPower_z)",0.0190206622631321,0.000220600938768828,0.153281849808112,0.0451448267184021
414,"s(nextDOWNSOPower_z)",0.00177996247067558,1.39656729513925e-05,0.0376906577281565,0.0111000041059836
415,"s(nextDOWNSOPower_z)",0.00115266100065703,7.34352100146047e-06,0.0281866523084965,0.00830247474839217
416,"s(nextDOWNSOPower_z)",0.0123239610786496,0.000136518722834304,0.121807909721107,0.0358831136505783
417,"s(nextDOWNSOPower_z)",0.0090802399012071,0.000205226763873391,0.146979622357596,0.0432959753365029
418,"s(nextDOWNSOPower_z)",0.010977105955984,5.39735559423637e-05,0.0984541284550559,0.0286946504368703
419,"s(nextDOWNSOPower_z)",0.0368813521641069,0.000264505548595663,0.15509029423718,0.0410557780552006
420,"s(nextDOWNSOPower_z)",-0.0290839359545343,0.000192433688267907,0.141822600073284,0.0417733392118275
421,"s(nextDOWNSOPower_z)",-0.094313541923015,8.71312647595353e-05,0.0956134957304391,0.0281619748194216
422,"s(nextDOWNSOPower_z)",0.0179085689179583,0.000248271762922085,0.164991206888603,0.0485926164752828
423,"s(nextDOWNSOPower_z)",0.0152723288975121,8.66750832782277e-05,0.107378536959488,0.0339895738890609
424,"s(nextDOWNSOPower_z)",0.00138232771996616,1.06043199700212e-05,0.0324484441967747,0.0095563546484513
425,"s(nextDOWNSOPower_z)",0.00757387246932029,7.56750371847278e-05,0.0875668672519292,0.0258011407189862
426,"s(nextDOWNSOPower_z)",0.127314727214032,0.000640063486207622,0.220577732483218,0.0619980396332574
427,"s(nextDOWNSOPower_z)",0.00372674419575025,1.90527604400502e-05,0.0463729834784621,0.0136615456285207
428,"s(nextDOWNSOPower_z)",0.0346174533945846,0.000201204929248901,0.0974399931521817,0.0284680763542522
429,"s(nextDOWNSOPower_z)",0.00491485492928589,4.26083412416012e-05,0.0694614414140993,0.0204586455635419
430,"s(nextDOWNSOPower_z)",0.0201110747295461,0.000158154452787778,0.131224696828202,0.0350187097340255
431,"s(nextDOWNSOPower_z)",0.00243664297009583,2.07085273039745e-06,0.014181523151664,0.00417800620284841
432,"s(nextDOWNSOPower_z)",0.0064308050256352,2.11578931312931e-05,0.0499358653413205,0.014711118284428
433,"s(nextDOWNSOPower_z)",-0.00316074233164931,8.61314277189884e-06,0.0304860140610294,0.00897877471822998
434,"s(nextDOWNSOPower_z)",0.00402445562191689,1.61918231000789e-05,0.0422840398852691,0.0124550182089821
435,"s(nextDOWNSOPower_z)",0.00398732489716813,5.1269837145838e-05,0.0748365778577209,0.0220467500176325
436,"s(nextDOWNSOPower_z)",0.0761149471062093,0.000395865228310278,0.191041522923691,0.0443327994158155
437,"s(nextDOWNSOPower_z)",0.0441613799728406,0.000491068734331938,0.19248213859028,0.0421594196713407
438,"s(nextDOWNSOPower_z)",0.00236537535390835,2.69831229539316e-05,0.053898993127861,0.0158743134101972
439,"s(nextDOWNSOPower_z)",0.00127251449455712,2.82137632574065e-07,0.00517306856008772,0.00152446520599166
440,"s(nextDOWNSOPower_z)",0.0034306165591802,5.36702754144732e-05,0.0747858019323684,0.022027190221916
441,"s(nextDOWNSOPower_z)",0.000793803381361258,7.12351939686185e-06,0.0277018366190075,0.00816168798228408
442,"s(nextDOWNSOPower_z)",0.0164431101146707,0.000201191068822543,0.142164312324634,0.0418728770742749
443,"s(nextDOWNSOPower_z)",0.000704426744933762,3.097663609368e-07,0.00586224640123873,0.00172616744170997
444,"s(nextDOWNSOPower_z)",0.00122792213811196,1.88677473493047e-06,0.0152223888485769,0.00448510910206567
445,"s(nextDOWNSOPower_z)",0.00895820694903082,7.93018527866668e-05,0.0918559897138088,0.0270550323673481
446,"s(nextDOWNSOPower_z)",0.00121832764977536,3.51297349774282e-06,0.0192513060270961,0.00567106556152362
447,"s(nextDOWNSOPower_z)",0.0236203431288446,0.000453715360840554,0.17121190382828,0.0446098173061755
448,"s(nextDOWNSOPower_z)",0.0115122628418691,7.78413292605058e-05,0.0931501717860725,0.0274411411684191
449,"s(nextDOWNSOPower_z)",0.00161323984595441,2.77716273681118e-05,0.0522572837067728,0.0153891254122966
450,"s(nextDOWNSOPower_z)",-0.00160703415781993,1.83579221375008e-05,0.0435764143884281,0.01283423605328
451,"s(nextDOWNSOPower_z)",-0.0319326942410709,1.71109624741816e-05,0.04594142282746,0.0135345269148082
452,"s(nextDOWNSOPower_z)",0.0363139922042802,0.000205961220968717,0.133273789906354,0.0373712901159762
453,"s(nextDOWNSOPower_z)",0.0580796383624884,0.00158782272635286,0.308220606244444,0.0799009804975379
454,"s(nextDOWNSOPower_z)",0.00313712519851217,3.34388554134016e-05,0.0592396234661715,0.0174478907475909
455,"s(nextDOWNSOPower_z)",0.0312507507291109,0.00017382619210071,0.138082417615045,0.0406780106606059
456,"s(nextDOWNSOPower_z)",0.00572625128138737,8.77116763160586e-09,0.00103533949159698,0.000305518128695112
457,"s(nextDOWNSOPower_z)",0.0433502857392437,0.000215703659879232,0.145494608496536,0.0319658139722001
458,"s(nextDOWNSOPower_z)",0.0118362888210958,6.60370149707141e-05,0.0811270547435985,0.0238937461001491
459,"s(nextDOWNSOPower_z)",0.00235975022568402,1.09400637109626e-06,0.0108286039073974,0.00318284204544482
460,"s(nextDOWNSOPower_z)",0.00157873205778603,3.8909751683528e-06,0.0199585984095415,0.0058804750102276
461,"s(nextDOWNSOPower_z)",0.0229081038314488,0.00023883103964369,0.169316022049734,0.0498974348417575
462,"s(nextDOWNSOPower_z)",-0.0512777431674388,0.000237394649439459,0.156227593165203,0.0460188820901221
463,"s(nextDOWNSOPower_z)",0.0385496390643875,0.000164699787868212,0.126143933248254,0.0380782551739675
464,"s(nextDOWNSOPower_z)",0.00743707998401555,0.000265491364514732,0.166183434963693,0.0489438025897999
465,"s(nextDOWNSOPower_z)",0.0248942937988114,0.000353234357109999,0.19031320986962,0.0560665887353108
466,"s(nextDOWNSOPower_z)",0.00719483819524913,5.38393342580962e-05,0.0768945513360858,0.0226432150836351
467,"s(nextDOWNSOPower_z)",-0.0440442813827624,0.00046052820054019,0.171948057747904,0.0453617837004986
468,"s(nextDOWNSOPower_z)",-0.000214101280106904,4.94443100884965e-06,0.0248280444301865,0.0073132608111654
469,"s(nextDOWNSOPower_z)",0.00557376317255009,3.76670935020544e-05,0.0667288281732159,0.0196547332626797
470,"s(nextDOWNSOPower_z)",0.00216374260600483,2.55790772383039e-06,0.0172999839029614,0.00509617463629284
471,"s(nextDOWNSOPower_z)",0.00113331781799575,1.26203798266393e-06,0.0116703248838577,0.00343787451446794
472,"s(nextDOWNSOPower_z)",0.00866096662167593,8.51032681413919e-05,0.0914303141896818,0.0269271191569791
473,"s(nextDOWNSOPower_z)",0.00359062453344827,2.47418835643091e-05,0.0512827032875239,0.0151054784067285
474,"s(nextDOWNSOPower_z)",0.0119475219216337,0.000100844379916339,0.102131264732202,0.0300843670102194
475,"s(nextDOWNSOPower_z)",-0.00152722669389804,2.07544011463974e-05,0.0486747894257877,0.0143383581385436
476,"s(nextDOWNSOPower_z)",-0.00123005804321052,1.15499133932547e-05,0.0362765923689762,0.0106874621021893
477,"s(nextDOWNSOPower_z)",0.0356035060653809,0.000826198863995832,0.394797809913339,0.11432269438014
478,"s(nextDOWNSOPower_z)",0.00657773815619678,3.06826152348211e-05,0.0446078552460117,0.0137658485407963
479,"s(nextDOWNSOPower_z)",-0.000184315913663857,3.33794021615585e-06,0.0187866740951872,0.00553392246154891
480,"s(nextDOWNSOPower_z)",-0.0496088879286065,1.29102697758237e-05,0.0389975183054626,0.0114890759951055
481,"s(nextDOWNSOPower_z)",0.0349336976837868,0.000329160009177417,0.191965862217752,0.0565388875216782
482,"s(nextDOWNSOPower_z)",0.0469665331280429,0.000419040842539166,0.215875994097882,0.0635957242016457
483,"s(nextDOWNSOPower_z)",0.00180177903475731,6.88156755898376e-07,0.00856447903020652,0.00252111096549952
484,"s(nextDOWNSOPower_z)",0.00626318338966281,5.71787194649205e-05,0.0729147371290532,0.021475621586846
485,"s(nextDOWNSOPower_z)",6.52695155580751e-05,1.71992581128653e-06,0.0134409477253549,0.00395858453816718
486,"s(nextDOWNSOPower_z)",0.0235286090472687,0.000285158870407367,0.17096305531753,0.0503515407330374
487,"s(nextDOWNSOPower_z)",0.0017604037688409,3.49808587787483e-05,0.0622410773449395,0.0183328309180143
488,"s(nextDOWNSOPower_z)",-0.00852966541391764,4.03859908331973e-05,0.0634622833356104,0.019890144807834
489,"s(nextDOWNSOPower_z)",0.0363307976880136,0.000175374652154063,0.14038001470061,0.0413559881634379
490,"s(nextDOWNSOPower_z)",0.0134940299919878,6.04573748702599e-05,0.110426777685808,0.0278550891748267
491,"s(nextDOWNSOPower_z)",0.0112378585656594,0.000201727971614635,0.139134696522035,0.0409772922771733
492,"s(nextDOWNSOPower_z)",0.0195714608107795,0.000223021374285159,0.157206884983209,0.0462986501557446
493,"s(nextDOWNSOPower_z)",0.00496725850802981,5.90334843722242e-06,0.0241796664054957,0.00712139586596683
494,"s(nextDOWNSOPower_z)",-7.80240352962203e-05,7.23006014934505e-06,0.0279227403653743,0.00822594740340026
495,"s(nextDOWNSOPower_z)",-0.00323648570932977,1.72296334219244e-06,0.0134065957016523,0.00394850595949491
496,"s(nextDOWNSOPower_z)",0.00154848101786409,1.63084391254005e-05,0.0413323131248949,0.012180932181612
497,"s(nextDOWNSOPower_z)",0.003220995039803,2.93527604122336e-05,0.0531454037674323,0.0156578137030376
498,"s(nextDOWNSOPower_z)",-0.0465103762204931,5.55766487926018e-06,0.0234508479772011,0.00690692490904622
499,"s(nextDOWNSOPower_z)",0.00349912361130578,2.84134366616428e-05,0.0531074927530714,0.0156416728091877
500,"s(nextDOWNSOPower_z)",0.00643799719022997,6.91095431544326e-06,0.0167336671821556,0.00587081032147942
501,"s(nextDOWNSOPower_z)",0.00810782606286653,9.41036703539372e-05,0.101282942309647,0.0298326688517188
502,"s(nextDOWNSOPower_z)",0.000565588665658368,3.82032660978729e-07,0.00636492732867944,0.00187445412907649
503,"s(nextDOWNSOPower_z)",0.0110107552006662,3.57704538549691e-05,0.0644788963755552,0.0190046652950505
504,"s(nextDOWNSOPower_z)",0.0448248920904237,0.000525733502636496,0.30388874339707,0.0832748847744181
505,"s(nextDOWNSOPower_z)",0.0158967635612393,0.000265119824897803,0.162863940695186,0.0479792669215739
506,"s(nextDOWNSOPower_z)",0.0250620987305422,0.00031212752220191,0.174434568349815,0.0513804318777665
507,"s(nextDOWNSOPower_z)",0.00367179027920439,2.66916531047775e-05,0.0540502823374307,0.0159195066754129
508,"s(nextDOWNSOPower_z)",0.000342811474061344,3.30768273659054e-07,0.00578284047750097,0.00170253888128685
509,"s(nextDOWNSOPower_z)",0.0531379639782734,0.000371462616251904,0.281737534659491,0.0646402181351431
510,"s(nextDOWNSOPower_z)",-0.0672397328011145,7.0642983491878e-10,0.000232717767860597,6.93861468907857e-05
511,"s(nextDOWNSOPower_z)",0.00227028262874374,2.58738451348017e-05,0.0516104792615638,0.0152039224474191
512,"s(nextDOWNSOPower_z)",0.0136517814500966,0.000134693607439432,0.122540415619731,0.0360889725283691
513,"s(nextDOWNSOPower_z)",-0.00110488595496183,1.20570909976284e-05,0.0357892169885294,0.0105425680685907
514,"s(nextDOWNSOPower_z)",0.0675576457284065,0.000456038847518525,0.203547968837024,0.0551755228733977
515,"s(nextDOWNSOPower_z)",0.0516763601151182,0.000205106172098359,0.0682768711716654,0.0200810772256839
516,"s(nextDOWNSOPower_z)",0.00629040848166795,3.48248272824779e-05,0.0596164853778197,0.017558391541634
517,"s(nextDOWNSOPower_z)",0.0107063797537601,0.000180745312123182,0.139593263145922,0.0411221334002049
518,"s(nextDOWNSOPower_z)",0.0289742554231915,0.000236252638450761,0.168588381774993,0.049657284553026
519,"s(nextDOWNSOPower_z)",0.0120676583661765,9.60533378551031e-05,0.10007780548164,0.0294764360553167
520,"s(nextDOWNSOPower_z)",0.0160143941143819,2.66439071044413e-05,0.0537158405503378,0.0165968126451319
521,"s(nextDOWNSOPower_z)",0.00262145957421211,4.68430468893974e-05,0.0703084271724331,0.0207083003188807
522,"s(nextDOWNSOPower_z)",0.03883383119481,0.000256807080577203,0.180414292276109,0.0531380284175562
523,"s(nextDOWNSOPower_z)",0.00251758017470904,3.42407253340852e-05,0.0620392640627532,0.0182742150093822
524,"s(nextDOWNSOPower_z)",0.00168850668658627,9.25857838746946e-05,0.0961556930674673,0.0283225936276331
525,"s(nextDOWNSOPower_z)",0.00273574451378567,2.73979795290813e-06,0.017919894588097,0.00527339447856569
526,"s(nextDOWNSOPower_z)",0.0942659220043593,0.000418735536622519,0.184222156395676,0.0535205002766102
527,"s(nextDOWNSOPower_z)",0.00123678024490426,3.92183126514199e-05,0.0666908464118318,0.0196475165778646
528,"s(nextDOWNSOPower_z)",0.00148256107186684,3.27183616127308e-07,0.00594308325561002,0.00175046892145653
529,"s(nextDOWNSOPower_z)",0.0330655515514906,0.000196143608139324,0.148968626561585,0.0438793948631394
530,"s(nextDOWNSOPower_z)",0.00932237085618826,3.36782378580327e-05,0.0561054361469111,0.0165259710232838
531,"s(nextDOWNSOPower_z)",-0.0649901854313899,0.000293452295179426,0.183024511691593,0.0539111618159847
532,"s(nextDOWNSOPower_z)",0.0277623477910159,0.000294007010103976,0.192347096424595,0.0555678223524333
533,"s(nextDOWNSOPower_z)",-0.00273261076474518,0.000172124172895053,0.134749393808091,0.0396927722618632
534,"s(nextDOWNSOPower_z)",0.0138694473908616,7.21887684475331e-05,0.0850393163762636,0.0287668559448458
535,"s(nextDOWNSOPower_z)",0.0113856319628252,0.000139420803376587,0.124684748144282,0.0367263923007553
536,"s(nextDOWNSOPower_z)",0.00152079835892027,6.68146000273166e-07,0.00868721033567366,0.00256068708430902
537,"s(nextDOWNSOPower_z)",0.00995482918532042,4.45115119159562e-05,0.0697668469103367,0.0205490507127692
538,"s(nextDOWNSOPower_z)",0.0207072476855885,0.000376410182382303,0.0957853547415619,0.0284394954187765
539,"s(nextDOWNSOPower_z)",0.0274280712961137,0.000312449197453091,0.186737163126213,0.0549994950476599
540,"s(nextDOWNSOPower_z)",0.0777844888701262,0.000628727265820243,0.33517883535061,0.0763884630633404
541,"s(nextDOWNSOPower_z)",0.0266110387340386,0.00025276360153553,0.17080933566381,0.0503065483653627
542,"s(nextDOWNSOPower_z)",0.00707125057250635,0.000184166343157304,0.0989865131617023,0.032284698490277
543,"s(nextDOWNSOPower_z)",0.00882388879880558,5.29535980527383e-05,0.0737933403321598,0.021732017778836
544,"s(nextDOWNSOPower_z)",0.0040544544204375,6.33453929070798e-05,0.0873686127691975,0.0257323258798738
545,"s(nextDOWNSOPower_z)",0.0173632385303096,7.91610985624822e-05,0.080025463481056,0.0253502367988232
546,"s(nextDOWNSOPower_z)",0.00715304311217613,7.99740961584931e-05,0.0888758359624056,0.0261747850075806
547,"s(nextDOWNSOPower_z)",0.00120894298786589,1.08275051366181e-06,0.0107919870081636,0.00317997895886618
548,"s(nextDOWNSOPower_z)",0.00103040415679245,5.96196446603193e-06,0.0255428709107652,0.00752382330188682
549,"s(nextDOWNSOPower_z)",0.0416978814609605,0.000206472349661616,0.112886784445596,0.0287631090770893
550,"s(nextDOWNSOPower_z)",0.000519211752546767,0.000553628579763664,0.244773046994022,0.0721130846214063
551,"s(nextDOWNSOPower_z)",-0.0271736031441174,2.81265981292384e-05,0.054796298187171,0.0161426781755299
552,"s(nextDOWNSOPower_z)",0.0129226543863826,7.08125077983414e-05,0.0917590811959114,0.0270255716587419
553,"s(nextDOWNSOPower_z)",0.098059890214238,0.000651090384760777,0.245234465914674,0.0639643382613646
554,"s(nextDOWNSOPower_z)",0.000412775863179893,1.27222825858878e-06,0.0104410873614622,0.0030787945683707
555,"s(nextDOWNSOPower_z)",0.0548540992921378,0.000532310073802897,0.171007244996128,0.0609426423096018
556,"s(nextDOWNSOPower_z)",0.0292841560785114,0.000300586254376393,0.179746580240495,0.0529383626848031
557,"s(nextDOWNSOPower_z)",0.000333479105172119,3.03614496623227e-06,0.0179098436519392,0.00527696754574174
558,"s(nextDOWNSOPower_z)",0.000703977523458521,2.7490769901806e-07,0.00548999120231887,0.00161722300954485
559,"s(nextDOWNSOPower_z)",0.0537143499008643,0.000583371704276586,0.254352357683903,0.0749175862339026
560,"s(nextDOWNSOPower_z)",0.0367860751331253,0.000213789001517634,0.0894530140057009,0.0253939269791294
561,"s(nextDOWNSOPower_z)",0.0199864477635898,0.000170252760305544,0.0602222079654126,0.0215511419076536
562,"s(nextDOWNSOPower_z)",0.0938436147908021,0.000814609351795136,0.294767316501046,0.0868320788109197
563,"s(nextDOWNSOPower_z)",-0.0103611726866497,0.000527689795537413,0.159642767412372,0.0429670469181698
564,"s(nextDOWNSOPower_z)",0.0140577701110149,0.000190622171180025,0.148832545822951,0.0438404995425743
565,"s(nextDOWNSOPower_z)",0.00118686366637255,4.34271675800291e-06,0.0227159296997392,0.00669116415251614
566,"s(nextDOWNSOPower_z)",0.0357032701292049,0.00035241579853434,0.195806032748824,0.0576871985984216
567,"s(nextDOWNSOPower_z)",-0.0388325841475649,5.36838309447982e-05,0.0768726449726113,0.0226444666574398
568,"s(nextDOWNSOPower_z)",-0.0388862466756399,1.67377959176297e-07,0.00440718949279512,0.00129513275279021
569,"s(nextDOWNSOPower_z)",0.0466253268276785,0.000220486265480944,0.145197934912463,0.0426589444612099
570,"s(nextDOWNSOPower_z)",0.0572513410614359,0.000505731776750003,0.228521472696019,0.067308729289414
571,"s(nextDOWNSOPower_z)",0.0225409035640816,0.000227740259455272,0.158517458690031,0.046705106017042
572,"s(nextDOWNSOPower_z)",0.020192574609516,0.000256813442274643,0.163672414696688,0.0482286658843057
573,"s(nextDOWNSOPower_z)",0.00207810529856789,5.5933589078376e-05,0.0805228343019388,0.0237179486671109
574,"s(nextDOWNSOPower_z)",0.0281533877028649,9.96857861073843e-05,0.0729195867222817,0.0197891093571205
575,"s(nextDOWNSOPower_z)",0.00182086597622655,1.76228698771823e-05,0.04403353931871,0.0129711904606052
576,"s(nextDOWNSOPower_z)",0.0966729650296081,0.00107563640133503,0.466168468293375,0.121965361687532
577,"s(nextDOWNSOPower_z)",5.55639206194503e-05,1.33295372867618e-08,0.00118171852422907,0.000348007474295424
578,"s(nextDOWNSOPower_z)",0.00300914143906528,4.06632824896345e-05,0.0667202598626099,0.0196551164262784
579,"s(nextDOWNSOPower_z)",0.00638095290757068,1.77892654316669e-06,0.0163447390526678,0.00521759035285975
580,"s(nextDOWNSOPower_z)",0.0564052075949615,0.000596720046819747,0.266215358003599,0.0784155648169118
581,"s(nextDOWNSOPower_z)",0.000452008475501975,8.51876410228857e-07,0.00898994279538535,0.0026473440637842
582,"s(nextDOWNSOPower_z)",0.000468758911378431,4.39806943226415e-06,0.0208052900400784,0.00613028881427672
583,"s(nextDOWNSOPower_z)",0.0245737408170197,0.000267967396275007,0.168096808868367,0.0495116693584538
584,"s(nextDOWNSOPower_z)",0.00101320309412245,2.96212242448649e-07,0.00568661613742163,0.00167625071160497
585,"s(nextDOWNSOPower_z)",0.00191596730375521,2.26946421932004e-05,0.0503467967101852,0.0148298394643033
586,"s(nextDOWNSOPower_z)",0.089431616986646,0.00134704865484865,0.346872246861014,0.0792321097321206
587,"s(nextDOWNSOPower_z)",0.015434260234789,0.000144324799032761,0.125224734075707,0.0368846758166806
588,"s(nextDOWNSOPower_z)",0.0036586837128747,2.46648251376538e-05,0.0512774427206173,0.0151046342596826
589,"s(nextDOWNSOPower_z)",0.00166902828453974,1.62058278156177e-05,0.0397471021483822,0.0117074271214656
590,"s(nextDOWNSOPower_z)",0.0232366455412065,0.000125966360096903,0.0641071500450937,0.0190150773708878
591,"s(nextDOWNSOPower_z)",0.0105164306811463,5.59806514231314e-05,0.0663557703114573,0.0198902604358161
592,"s(nextDOWNSOPower_z)",0.0050474610966148,4.92328269160379e-05,0.0721120208019029,0.0212370248155295
593,"s(nextDOWNSOPower_z)",0.0347910480992231,0.000199857616168647,0.171670103336336,0.0542592428478042
594,"s(nextDOWNSOPower_z)",0.00412839904813334,1.4853322051218e-05,0.0393585259999862,0.0115925414917413
595,"s(nextDOWNSOPower_z)",0.0287442122405752,0.000409763650214251,0.240960111210154,0.0706091378739244
596,"s(nextDOWNSOPower_z)",-0.0338254407921563,4.9622682553628e-05,0.0771014474086709,0.0227113670667765
597,"s(nextDOWNSOPower_z)",0.000540042007190711,5.87501709279828e-07,0.00834439068604443,0.00245937679092136
598,"s(nextDOWNSOPower_z)",0.0043254883622017,2.22083465840593e-05,0.0469312678401694,0.013818471963476
599,"s(nextDOWNSOPower_z)",0.015716843383703,0.000188440900271498,0.137455636755496,0.0404796397544847
600,"s(nextDOWNSOPower_z)",0.0166698435166467,0.000117871781387735,0.0968896806636445,0.0279182578385698
601,"s(nextDOWNSOPower_z)",0.000762050434888195,1.88326838437395e-05,0.0458410111736719,0.013503408476674
602,"s(nextDOWNSOPower_z)",0.0468904341991155,0.000524806116439472,0.240806187676093,0.0709392419739377
603,"s(nextDOWNSOPower_z)",-0.0176195290189384,0.00141212800626038,0.435876054257109,0.09937127017221
604,"s(nextDOWNSOPower_z)",0.0014385185917144,4.54586033407619e-05,0.0693907737289535,0.0204367438799914
605,"s(nextDOWNSOPower_z)",0.00976327357534779,4.92375523437373e-05,0.0793917925887428,0.0233863700816872
606,"s(nextDOWNSOPower_z)",0.0129437601406401,0.000162921640795603,0.150027210333707,0.0434453074338193
607,"s(nextDOWNSOPower_z)",0.0141828167046162,5.37743280261147e-05,0.0770412300583362,0.0226954418216927
608,"s(nextDOWNSOPower_z)",0.022666142181236,8.58014707832753e-05,0.0831429945315422,0.0225431672755545
609,"s(nextDOWNSOPower_z)",0.012780247118348,0.000101903355875929,0.103876975160732,0.030594268005087
610,"s(nextDOWNSOPower_z)",-0.000891896881195176,3.56599340212853e-09,0.000629316404626478,0.000185450131836972
611,"s(nextDOWNSOPower_z)",0.00189039876987973,0.000124973190751731,0.110729124978561,0.032612605388086
612,"s(nextDOWNSOPower_z)",0.0256200816177559,0.000646409068549024,0.269790774306646,0.0794842163994347
613,"s(nextDOWNSOPower_z)",0.00482031063593102,1.09561427898519e-05,0.035344565080102,0.0104093549425613
614,"s(nextDOWNSOPower_z)",0.00378000246011734,5.72280988785116e-05,0.0800978287874365,0.023593836885005
615,"s(nextDOWNSOPower_z)",-0.00061590776632503,2.38615777265715e-05,0.0356818479069796,0.0109482522517283
616,"s(nextDOWNSOPower_z)",0.00482023897797457,3.1521358488205e-05,0.0564252683491877,0.0166179156805956
617,"s(nextDOWNSOPower_z)",0.0139107279429115,0.000163538349732065,0.139133735242095,0.040976153117139
618,"s(nextDOWNSOPower_z)",0.0071432138601677,4.06836085941161e-05,0.0892422988309234,0.0275441138881847
619,"s(nextDOWNSOPower_z)",0.0011987987997919,7.35125950571342e-06,0.0285550976198761,0.00841158080170251
620,"s(nextDOWNSOPower_z)",0.0278619580728972,0.0002726389093317,0.16373338976094,0.0482463583548917
621,"s(nextDOWNSOPower_z)",0.00623691324506004,1.45955677811172e-05,0.0389987663991373,0.0114850949303057
622,"s(nextDOWNSOPower_z)",0.0410185586060698,0.000106687204832219,0.110727844930137,0.0326374868673654
623,"s(nextDOWNSOPower_z)",0.00169121366882796,5.61515789084763e-05,0.0778168945606003,0.0229210326471998
624,"s(nextDOWNSOPower_z)",0.00119149592327195,1.21711084283216e-05,0.0372324866657961,0.0109669063030846
625,"s(nextDOWNSOPower_z)",0.000852865369513678,1.11452813621018e-06,0.0102613389757994,0.00302292355446062
626,"s(nextDOWNSOPower_z)",0.0204081504962369,0.000195318934904385,0.147985134374931,0.0435868459304393
627,"s(nextDOWNSOPower_z)",-8.90655923049266e-05,2.9239552360477e-05,0.0561738314487918,0.0165529775375532
628,"s(nextDOWNSOPower_z)",0.00583352402219472,4.39212155727751e-05,0.067990077127666,0.0200275577856555
629,"s(nextDOWNSOPower_z)",-0.00299512489590015,1.77086155663455e-05,0.0447246862136995,0.0131746935262016
630,"s(nextDOWNSOPower_z)",0.0502516300675395,0.000250160504389929,0.149888153837378,0.0475469069010994
631,"s(nextDOWNSOPower_z)",0.0297537881328152,0.000424273446785529,0.217385705366166,0.0640220555261364
632,"s(nextDOWNSOPower_z)",0.00225773820272523,4.77780746958567e-05,0.073668672203756,0.021697098757175
633,"s(nextDOWNSOPower_z)",0.00229510491616514,9.04151263261287e-05,0.102669182203603,0.0302409007634352
634,"s(nextDOWNSOPower_z)",0.0523415586043394,0.000720948352182712,0.292865981341142,0.0862790429093337
635,"s(nextDOWNSOPower_z)",-0.00116051775479986,6.22760374141003e-06,0.0248836894639383,0.0073293948111699
636,"s(nextDOWNSOPower_z)",0.00509545501844089,7.22997655202247e-05,0.0908116942432075,0.0267463091878335
637,"s(nextDOWNSOPower_z)",0.0740338950304253,0.000373669140540686,0.253774088285394,0.0636075195865208
638,"s(nextDOWNSOPower_z)",0.0323930463053731,0.000508539749665204,0.221899046563036,0.065354699463747
639,"s(nextDOWNSOPower_z)",-0.0414896001624278,7.08697571674766e-06,0.0271153664065826,0.00798749649589928
640,"s(nextDOWNSOPower_z)",0.00651736653979162,5.32171839130656e-05,0.07702595456421,0.0226841684288961
641,"s(nextDOWNSOPower_z)",-0.0108877270437419,0.000154364532723641,0.129541484910291,0.0381546870179163
642,"s(nextDOWNSOPower_z)",-0.000309029191223109,1.89745498943967e-05,0.0455873843230132,0.0134293385410127
643,"s(nextDOWNSOPower_z)",0.0167802155046998,0.000150640430100491,0.125148300561511,0.0368576691652936
644,"s(nextDOWNSOPower_z)",0.0840322276393038,0.000541148867086286,0.22270116119332,0.06698679499563
645,"s(nextDOWNSOPower_z)",0.0215657556677884,5.82935208017282e-05,0.080193178427,0.0236203565507127
646,"s(nextDOWNSOPower_z)",-0.000268659556877937,7.06839765573554e-09,0.000881141789119332,0.000259872316428289
647,"s(nextDOWNSOPower_z)",0.0231235291686192,0.000243577753931088,0.153889638224749,0.0453271590497391
648,"s(nextDOWNSOPower_z)",0.00408698604697388,3.36056554029284e-05,0.0566964230956807,0.0166975024955611
649,"s(nextDOWNSOPower_z)",0.0480074245671247,0.000538042323865228,0.194807801687689,0.0495159660406369
650,"s(nextDOWNSOPower_z)",0.0320463361724681,0.000311403631794932,0.185787235955761,0.0547253591724182
651,"s(nextDOWNSOPower_z)",0.000456067327545773,2.78816985172647e-06,0.0167336575544374,0.0049281301269411
652,"s(nextDOWNSOPower_z)",-0.00066492573228305,2.24848803600381e-05,0.052330590304384,0.0154129252645226
653,"s(nextDOWNSOPower_z)",0.022816267143775,0.000144137599157009,0.123803276780702,0.0364717074380319
654,"s(nextDOWNSOPower_z)",0.00540791137532082,1.48142549322135e-05,0.0395120139077138,0.0116382334552227
655,"s(nextDOWNSOPower_z)",0.0307405243250432,0.000288781798100997,0.183558682128309,0.054064925434912
656,"s(nextDOWNSOPower_z)",0.0228012384971431,0.000218264423887782,0.150934284951594,0.0444546588777332
657,"s(nextDOWNSOPower_z)",0.00075837592903949,4.40488687434977e-06,0.0235681370210081,0.00694159304556403
658,"s(nextDOWNSOPower_z)",0.0228758451274309,0.000214339050653142,0.141263376362307,0.0416052902057618
659,"s(nextDOWNSOPower_z)",-0.00330624802417856,1.78564891977111e-05,0.0461519955763778,0.0135930733234277
660,"s(nextDOWNSOPower_z)",0.0060881725842401,4.33621505398329e-05,0.0654994103003161,0.0192899935995555
661,"s(nextDOWNSOPower_z)",0.00251068477164651,1.61722992330651e-05,0.0431033764645052,0.0126929699827474
662,"s(nextDOWNSOPower_z)",0.00894817128282399,5.02316661781664e-05,0.0715282392307239,0.0210744253003021
663,"s(nextDOWNSOPower_z)",-0.0015225242542547,1.57452362841592e-05,0.0433679131813109,0.0127734959870844
664,"s(nextDOWNSOPower_z)",0.0036489959011865,6.68604009382283e-05,0.0867184881754167,0.0255402698036603
665,"s(nextDOWNSOPower_z)",0.0385009510294336,0.000325988843550528,0.186278654071189,0.0548714701533716
666,"s(nextDOWNSOPower_z)",0.00247972258874074,4.51860212972841e-08,0.0022425549414388,0.000660646306089964
667,"s(nextDOWNSOPower_z)",0.0022597211544948,1.39629589453273e-05,0.0371576312349559,0.0109448207108882
668,"s(nextDOWNSOPower_z)",0.00377434796324416,5.84586262978345e-05,0.0746524633294421,0.0219896441443282
669,"s(nextDOWNSOPower_z)",-0.000254620642036629,3.65635632260465e-06,0.020620151659194,0.00607450587249492
670,"s(nextDOWNSOPower_z)",0.00926830516242572,0.000140324750064281,0.119854725103638,0.0352988237861257
671,"s(nextDOWNSOPower_z)",0.0083830436372756,6.87816719199326e-05,0.0874425110725444,0.0257545207106736
672,"s(nextDOWNSOPower_z)",0.00172331345110543,3.64296457119254e-05,0.0635450042488076,0.0187141858296896
673,"s(nextDOWNSOPower_z)",0.00583528112763565,0.000142503029238514,0.125843375670533,0.0370720609750786
674,"s(nextDOWNSOPower_z)",0.0616879794645623,0.000480629482476462,0.300468187225814,0.0661190827859334
675,"s(nextDOWNSOPower_z)",0.0166746747044096,6.87932070884062e-05,0.0918096441881072,0.0270446548172094
676,"s(nextDOWNSOPower_z)",0.00627811054211125,9.62280062760682e-05,0.103544279634424,0.0304978299904063
677,"s(nextDOWNSOPower_z)",0.0114143639446347,0.00012811622704157,0.115490065350271,0.034018983902824
678,"s(nextDOWNSOPower_z)",0.0202965441131666,3.3324577276038e-05,0.0808361617294531,0.0201781943176896
679,"s(nextDOWNSOPower_z)",0.0266805300717587,0.000251106446648385,0.141339177830748,0.0317841358612701
680,"s(nextDOWNSOPower_z)",0.00123535185445345,4.2728225775085e-06,0.0222294042987166,0.00654814246511666
681,"s(nextDOWNSOPower_z)",0.041415780571409,0.000414583207322863,0.202698389920246,0.0597082327192564
682,"s(nextDOWNSOPower_z)",0.0201157693054319,0.000159801001028417,0.131541745287723,0.038744222225756
683,"s(nextDOWNSOPower_z)",-0.00172708976885572,1.09674428785158e-05,0.0330038944112821,0.00972100210291438
684,"s(nextDOWNSOPower_z)",0.00106219045897071,2.55895547240023e-05,0.0520820353187891,0.0153395973934531
685,"s(nextDOWNSOPower_z)",0.00330384821897289,4.2516135593286e-06,0.0212249896169653,0.00625249224079324
686,"s(nextDOWNSOPower_z)",0.00339903785992279,3.77085638644168e-05,0.063254043272339,0.0186375982045286
687,"s(nextDOWNSOPower_z)",0.0160327897400914,6.91290894675355e-05,0.0845145095325239,0.0248965585696721
688,"s(nextDOWNSOPower_z)",0.040932218221951,0.000339564250619741,0.0859436657939941,0.0310451891310086
689,"s(nextDOWNSOPower_z)",0.0358313230403855,0.00021778032105935,0.16744577795927,0.046142024160365
690,"s(nextDOWNSOPower_z)",0.00122502781798328,2.03753742967237e-06,0.0150792805002104,0.00443937927091347
691,"s(nextDOWNSOPower_z)",0.0313549704011638,0.000211952186837601,0.165143915621368,0.0486529297391
692,"s(nextDOWNSOPower_z)",-0.00091512086782064,3.56478956791698e-05,0.0648102546955127,0.0190895272761986
693,"s(nextDOWNSOPower_z)",-0.0413811315374437,6.29037776165406e-05,0.0806168384058344,0.0237445232148634
694,"s(nextDOWNSOPower_z)",0.00220447465610674,5.42504139715433e-06,0.0244334273692635,0.00719825201797194
695,"s(nextDOWNSOPower_z)",0.00126911338916413,9.03055398378296e-06,0.0299484292820266,0.0088264520130779
696,"s(nextDOWNSOPower_z)",0.0220209747258787,0.000194248009327738,0.137480202544919,0.040493089872979
697,"s(nextDOWNSOPower_z)",0.0111199889763174,5.84297325112439e-05,0.0835785819252648,0.0246166599916064
698,"s(nextDOWNSOPower_z)",0.0148153538119518,0.000124589012451639,0.123484054679633,0.0363709528370355
699,"s(nextDOWNSOPower_z)",0.000691320080208335,1.94844951054664e-06,0.0147120879895875,0.00433283809531818
700,"s(nextDOWNSOPower_z)",-0.000753804764633381,4.8358243370074e-07,0.00713147553379022,0.00210139731012745
701,"s(nextDOWNSOPower_z)",0.00209497003958459,4.53621486172977e-05,0.0661309195927668,0.0194783305159331
702,"s(nextDOWNSOPower_z)",0.0391691764340401,0.000393578505303623,0.208518025953351,0.0614095150493723
703,"s(nextDOWNSOPower_z)",0.00296340276197737,4.32073206830832e-06,0.0208255078583328,0.00613487479769131
704,"s(nextDOWNSOPower_z)",0.000656131801297755,3.07662424305028e-05,0.0578799132684296,0.0170537720162068
705,"s(nextDOWNSOPower_z)",0.0237945536250573,5.57402912994012e-05,0.0873927955671538,0.0224732517167994
706,"s(nextDOWNSOPower_z)",0.0096990520054816,0.00014123324699695,0.119179264002652,0.0351020406826586
707,"s(nextDOWNSOPower_z)",0.000239988433430205,3.75448880011779e-08,0.00205249220985294,0.000604811291066533
708,"s(nextDOWNSOPower_z)",0.00427808073326597,6.58255821066989e-05,0.0828295118142494,0.0243943077834266
709,"s(nextDOWNSOPower_z)",0.00677313045923889,0.000169973494997458,0.134419372991211,0.0395874097363691
710,"s(nextDOWNSOPower_z)",0.030986671037702,0.00036261899853303,0.190040718135973,0.0559939055689883
711,"s(nextDOWNSOPower_z)",-0.0017244857681451,1.78235166300622e-05,0.0430370469291222,0.012677909533994
712,"s(nextDOWNSOPower_z)",0.0328333610010803,0.000316149262333321,0.187357032842259,0.0551816587214368
713,"s(nextDOWNSOPower_z)",0.00386733347129564,1.99659943751049e-05,0.0435283221840976,0.0128199360824366
714,"s(nextDOWNSOPower_z)",0.00212047875474175,9.99524788769257e-06,0.0317062064102948,0.00933989753703245
715,"s(nextDOWNSOPower_z)",-0.000132464666975585,1.13771091267792e-05,0.0353700736154526,0.0104191138650424
716,"s(nextDOWNSOPower_z)",0.000126293091343932,1.06090805969825e-08,0.00111143518285324,0.000327709180220771
717,"s(nextDOWNSOPower_z)",0.00613119845272658,0.000101382328454905,0.105124552203254,0.0309591578946657
718,"s(nextDOWNSOPower_z)",0.000203474760308908,7.42739216836027e-06,0.0282189506340079,0.00831084777203258
719,"s(nextDOWNSOPower_z)",0.0759951341994469,0.000376003164800399,0.213884230504007,0.0490328592950326
720,"s(nextDOWNSOPower_z)",-0.0265744749588313,0.000169639921269653,0.136656996232701,0.0402516854738238
721,"s(nextDOWNSOPower_z)",-0.0270655160892745,2.28106817790164e-05,0.0698840852456277,0.0204744926672876
722,"s(nextDOWNSOPower_z)",0.0047196767124924,1.9532626849431e-06,0.0149368623995244,0.00440048305834389
723,"s(nextDOWNSOPower_z)",9.74423438648842e-06,6.39860286174922e-05,0.0840442803625095,0.0247539301537565
724,"s(nextDOWNSOPower_z)",0.0981236029385514,0.000805694476464698,0.284200790971834,0.0837118465312493
725,"s(nextDOWNSOPower_z)",0.0160048624403443,0.000219385382018732,0.153090174393073,0.045089684205139
726,"s(nextDOWNSOPower_z)",0.0318974848013267,0.000406476914931888,0.221857125941748,0.0653440650869569
727,"s(nextDOWNSOPower_z)",0.00968083513779283,2.7812458976661e-05,0.0602033007536853,0.0177171193204579
728,"s(nextDOWNSOPower_z)",0.00196124535069986,7.05296710279959e-05,0.0824572348190964,0.0242812072455718
729,"s(nextDOWNSOPower_z)",-0.000254162842822314,4.28614367485642e-06,0.0221665707842757,0.00652824330493659
730,"s(nextDOWNSOPower_z)",0.00380735962142009,6.77112368307658e-05,0.085155732770392,0.0250804907664881
731,"s(nextDOWNSOPower_z)",0.00716838664417652,5.13446573148893e-05,0.0790364520347525,0.0232774133083086
732,"s(nextDOWNSOPower_z)",-0.00124122344939037,2.58264488507261e-05,0.0514028954866406,0.0151393308060057
733,"s(nextDOWNSOPower_z)",0.0150823597040539,0.000154930333334937,0.10644558188879,0.031638085842646
734,"s(nextDOWNSOPower_z)",-0.000198380200538084,9.86897605121095e-07,0.0104444558159653,0.00307708465112631
735,"s(nextDOWNSOPower_z)",0.00373058529956505,6.97706420982733e-06,0.0271028779318876,0.00798328013937607
736,"s(nextDOWNSOPower_z)",0.0561759702061395,0.00100649101148371,0.502027921869982,0.121413441148368
737,"s(nextDOWNSOPower_z)",0.032208634633685,0.000417576097244581,0.0905799160910263,0.0333001356352429
738,"s(nextDOWNSOPower_z)",0.000903810993284848,7.89080528165317e-08,0.00295996710229472,0.000872210318853523
739,"s(nextDOWNSOPower_z)",0.00101172729194809,9.65009606362732e-07,0.0104566112767159,0.00308010236040943
740,"s(nextDOWNSOPower_z)",0.00693779843521591,2.58890073198431e-05,0.0535235135452904,0.0157678855860634
741,"s(nextDOWNSOPower_z)",0.0353514674751607,0.000431366486919662,0.2115370956737,0.0623041604595899
742,"s(nextDOWNSOPower_z)",0.00170871477775547,4.45281630366957e-05,0.0693470161370335,0.020434554001087
743,"s(nextDOWNSOPower_z)",0.00477146288297892,3.23961911521383e-05,0.0588699060094609,0.0173381416507666
744,"s(nextDOWNSOPower_z)",-0.000129088791970045,3.70573630348568e-05,0.060963185592573,0.017955256810652
745,"s(nextDOWNSOPower_z)",0.00190445124052152,1.20920159889014e-05,0.0358034894323549,0.010547170937622
746,"s(nextDOWNSOPower_z)",0.0469823597464025,0.000530256962767736,0.242443027838929,0.054772761770549
747,"s(nextDOWNSOPower_z)",-0.000809914746112916,4.63952743730173e-06,0.0224830097642783,0.00662026679539437
748,"s(nextDOWNSOPower_z)",-0.148652966185461,0.00137144234223391,0.402668295942867,0.119076964787356
749,"s(nextDOWNSOPower_z)",0.00624908160473892,0.00012499673576086,0.109727216710937,0.0323155751929413
750,"s(nextDOWNSOPower_z)",0.045830107841009,0.000555363579770102,0.241051224748941,0.0709990950383265
751,"s(nextDOWNSOPower_z)",0.0627503947885184,0.00074679592625293,0.300303856927433,0.0884799209115945
752,"s(nextDOWNSOPower_z)",0.013718828838524,0.000152077572108397,0.130790148010002,0.0385213471155686
753,"s(nextDOWNSOPower_z)",0.0186389899328521,0.000171629483072671,0.168597139831902,0.0484338840038785
754,"s(nextDOWNSOPower_z)",0.0105415988657696,1.24200724882672e-05,0.0347929821127283,0.00994678194521149
755,"s(nextDOWNSOPower_z)",0.0960538888470552,0.00116657974139112,0.356582200276075,0.105019448619148
756,"s(nextDOWNSOPower_z)",-0.00073025238146085,8.70876101270124e-08,0.00311008652477283,0.000916274105521605
757,"s(nextDOWNSOPower_z)",-0.000640933286435663,1.20232893022883e-05,0.0365134948858644,0.0107557977900677
758,"s(nextDOWNSOPower_z)",0.00995971454140476,6.98949187796459e-05,0.0886014507864361,0.0261009205920098
759,"s(nextDOWNSOPower_z)",-0.041648925789334,0.000508093031118309,0.227020041577914,0.0668730928165642
760,"s(nextDOWNSOPower_z)",0.00372362196090992,4.47847339724673e-05,0.0675801021319399,0.0199040958861301
761,"s(nextDOWNSOPower_z)",0.00348233329312286,2.1108460980397e-05,0.0480974616927187,0.014169146559089
762,"s(nextDOWNSOPower_z)",-0.019197127518447,5.30521711278641e-05,0.0773463667987772,0.0227844393220134
763,"s(nextDOWNSOPower_z)",0.000578583602865335,4.44270622936464e-05,0.0733934313149447,0.0215681847505159
764,"s(nextDOWNSOPower_z)",0.0414766007424333,0.000190839329456544,0.187688001748678,0.0550466780367323
765,"s(nextDOWNSOPower_z)",0.0673191340505108,0.000533118739199928,0.230217846881248,0.0538051719101193
766,"s(nextDOWNSOPower_z)",0.0122988090208722,0.000234665797753685,0.159268135560949,0.0469124411994833
767,"s(nextDOWNSOPower_z)",0.0280328080523728,0.000177446751912969,0.134741755973689,0.0396832896367127
768,"s(nextDOWNSOPower_z)",-0.000451648213569023,4.06888652958918e-06,0.0212742836073022,0.00626640569463359
769,"s(nextDOWNSOPower_z)",0.00715573417808479,3.61521497665843e-05,0.0638643955851552,0.0188101948740707
770,"s(nextDOWNSOPower_z)",0.033656815294395,0.000204202634447192,0.154063228067306,0.0453762889954047
771,"s(nextDOWNSOPower_z)",0.000960368445758863,1.0153864918814e-06,0.0104180351721095,0.00306894684969497
772,"s(nextDOWNSOPower_z)",0.013039923165483,0.000193170411207861,0.138945383535424,0.0409323390680365
773,"s(nextDOWNSOPower_z)",-0.000603137336874893,1.63142694485744e-05,0.0423618637133803,0.0124761869983899
774,"s(nextDOWNSOPower_z)",0.00364216956104269,1.48316345142711e-05,0.0392470216936346,0.0115595839825411
775,"s(nextDOWNSOPower_z)",0.0066577942280972,3.93464725171238e-05,0.0645353473839243,0.0190096294615053
776,"s(nextDOWNSOPower_z)",0.00656352014576456,0.000110390998646846,0.108219382429163,0.0318750009999588
777,"s(nextDOWNSOPower_z)",0.00242745401919686,6.57939790807973e-05,0.082743712711217,0.0243769771139245
778,"s(nextDOWNSOPower_z)",0.000885173940915474,1.9849813063956e-05,0.0454677334890488,0.0133934662206244
779,"s(nextDOWNSOPower_z)",0.0101805208552024,0.000103928950573494,0.114535170170487,0.0337314721467047
780,"s(nextDOWNSOPower_z)",0.0130057840463744,8.55382001497873e-05,0.0966400215354658,0.0284683467353567
781,"s(nextDOWNSOPower_z)",0.00936851582087894,0.000120192147205124,0.116852592849266,0.0344407906910001
782,"s(nextDOWNSOPower_z)",0.00110000551227052,6.35283408062054e-07,0.00835267063094077,0.00245995945365435
783,"s(nextDOWNSOPower_z)",0.0083001835792097,7.56161084698537e-05,0.0888402165928787,0.0261686741688564
784,"s(nextDOWNSOPower_z)",0.0036759698840525,3.17451089262233e-05,0.0607258705460809,0.0178894034182325
785,"s(nextDOWNSOPower_z)",-0.00428428309712703,3.12168811611257e-05,0.0578549287196277,0.0170425823039824
786,"s(nextDOWNSOPower_z)",0.0266063984001043,0.000175379651989673,0.163083393461628,0.047400601661156
787,"s(nextDOWNSOPower_z)",0.0119990990758916,4.80954327028114e-05,0.0306553687140092,0.0090089672227004
788,"s(nextDOWNSOPower_z)",0.0200191975654913,0.00016856327933754,0.119234727227291,0.0336842727288709
789,"s(nextDOWNSOPower_z)",0.020439468023848,0.000156368097997334,0.131295648614748,0.0386679858068447
790,"s(nextDOWNSOPower_z)",-0.00500614886729889,5.30624381643894e-05,0.079901705722453,0.0235322901342321
791,"s(nextDOWNSOPower_z)",0.0125394019479685,0.0012885268679107,0.386258654999432,0.090339959371515
792,"s(nextDOWNSOPower_z)",0.0254698942382309,0.000228060723545351,0.157315515078296,0.0463325272492134
793,"s(nextDOWNSOPower_z)",-0.00252064188553613,1.38407766517722e-05,0.03947951738494,0.0116308367638859
794,"s(nextDOWNSOPower_z)",0.00473843455574374,5.38149750199611e-06,0.0335778202114227,0.00982061523500331
795,"s(nextDOWNSOPower_z)",0.00864147701221318,0.000105411910756288,0.103377781010725,0.03044213679352
796,"s(nextDOWNSOPower_z)",0.000127159417463329,4.50949462966102e-08,0.00225577114229073,0.00066292618896886
797,"s(nextDOWNSOPower_z)",0.0118386167418367,9.28723385823221e-05,0.0963340455044682,0.0283729672254978
798,"s(nextDOWNSOPower_z)",0.0267358088104785,0.000230278070394542,0.123212229711883,0.0375348995191772
799,"s(nextDOWNSOPower_z)",0.00965836448074375,4.75691787064709e-05,0.0723033595706448,0.0212956718420661
800,"s(nextDOWNSOPower_z)",0.0820656303279163,0.00044418293120359,0.172616243367315,0.0483860254901794
801,"s(nextDOWNSOPower_z)",0.000396725503071904,1.35122381964583e-06,0.0123653491603978,0.00364228046647685
802,"s(nextDOWNSOPower_z)",-0.0222041223432985,1.5585479462213e-05,0.0512297874024882,0.014668412193537
803,"s(nextDOWNSOPower_z)",0.0337378783794151,9.98141528480642e-05,0.0819365505506843,0.0207946556802147
804,"s(nextDOWNSOPower_z)",0.0383471561658149,0.000451667868281927,0.140938634799722,0.0322392860983527
805,"s(nextDOWNSOPower_z)",0.000953626136112273,4.42022505945465e-11,6.82629679572099e-05,1.98339560408998e-05
806,"s(nextDOWNSOPower_z)",0.00600436261769022,2.61309407760201e-05,0.0583093038269153,0.0171750864677283
807,"s(nextDOWNSOPower_z)",0.00992429417299445,0.000261963646928946,0.167625100956708,0.0493815470203246
808,"s(nextDOWNSOPower_z)",0.0571555230042748,9.9641793493695e-05,0.102195890634957,0.0301014417739215
809,"s(nextDOWNSOPower_z)",0.0104278228774214,0.000301388484178335,0.114701377705255,0.03053692086135
810,"s(nextDOWNSOPower_z)",0.00641979146681138,8.24926081041725e-05,0.0925519834768028,0.0272599371827586
811,"s(nextDOWNSOPower_z)",0.0106117585048815,0.000104795173417039,0.109593524498328,0.0322784529091488
812,"s(nextDOWNSOPower_z)",0.0706853557866904,0.000385497640921925,0.180122267844735,0.0435276434931169
813,"s(nextDOWNSOPower_z)",0.015543154945829,0.000185897851751447,0.145817862983213,0.0429506837160571
814,"s(nextDOWNSOPower_z)",0.00604672550313601,5.60481488442619e-05,0.079414742783488,0.0233900642768616
815,"s(nextDOWNSOPower_z)",0.037128760287124,0.000145053368946047,0.126475804068957,0.0332904812944973
816,"s(nextDOWNSOPower_z)",0.0406333824821125,0.000405588247520068,0.217998221695197,0.06420517355324
817,"s(nextDOWNSOPower_z)",0.00291659696897129,1.11949904720468e-05,0.0340627733691663,0.010032845993804
818,"s(nextDOWNSOPower_z)",0.0187844191764283,0.000132542519563328,0.0815788385929465,0.0249184030032045
819,"s(nextDOWNSOPower_z)",0.0520392958902194,0.00046783713902066,0.232372177404728,0.0684456078480267
820,"s(nextDOWNSOPower_z)",0.00970381791509767,0.000126717205363113,0.117215200541604,0.0345221103739659
821,"s(nextDOWNSOPower_z)",0.00559432188634146,0.000107684732858131,0.10832786899919,0.0319021157439003
822,"s(nextDOWNSOPower_z)",0.00314833956523874,3.32801604992331e-05,0.0608333640441385,0.0179159800214871
823,"s(nextDOWNSOPower_z)",0.00567387868876412,7.71776398067413e-05,0.0880989659533432,0.0259460989804628
824,"s(nextDOWNSOPower_z)",0.00478296596247074,2.9468265317856e-05,0.0591427027252834,0.0203557879238496
825,"s(nextDOWNSOPower_z)",-0.0657673846738818,1.51646980059514e-05,0.0394985874350681,0.0116324423322726
826,"s(nextDOWNSOPower_z)",-0.00062631629788612,1.33969923433394e-06,0.0114733344624689,0.00337994409245205
827,"s(nextDOWNSOPower_z)",0.00852579767512207,6.47956432829605e-05,0.0836523915601463,0.0246449081025609
828,"s(nextDOWNSOPower_z)",-0.00013310505938835,2.46379048373506e-06,0.0166821182921463,0.0049135402482507
829,"s(nextDOWNSOPower_z)",0.0368253072974938,1.22299555515006e-05,0.0351851730126134,0.0103635483265761
830,"s(nextDOWNSOPower_z)",0.0321836364606687,0.000185109714078581,0.142904099227712,0.0419590489718573
831,"s(nextDOWNSOPower_z)",-0.101406720049973,0.000139237637692913,0.120080589028744,0.0353717716473685
832,"s(nextDOWNSOPower_z)",0.00329821110777928,5.74592179021388e-06,0.0250284126788693,0.00738759917282545
833,"s(nextDOWNSOPower_z)",0.00687426666395918,1.80146624326515e-05,0.0432568661199995,0.0127406243068734
834,"s(nextDOWNSOPower_z)",0.00652502847372083,5.48080266432128e-05,0.0775274711711296,0.0228256627116786
835,"s(nextDOWNSOPower_z)",0.00521327963374119,3.73096704568307e-05,0.0632551960663582,0.0186336577067991
836,"s(nextDOWNSOPower_z)",0.00328209304459115,3.85883347120039e-05,0.0645474480672303,0.0190155845918387
837,"s(nextDOWNSOPower_z)",0.115220884769687,0.000578442253770154,0.215717672799877,0.0657990470919357
838,"s(nextDOWNSOPower_z)",0.003987850216986,0.000100674473849448,0.106621390397121,0.0314048832915413
839,"s(nextDOWNSOPower_z)",0.00157203899331204,1.02837346342357e-05,0.0358954347429828,0.0105573044889151
840,"s(nextDOWNSOPower_z)",-0.0783896529076566,0.000427520019543922,0.0912571028658871,0.0300870654800994
841,"s(nextDOWNSOPower_z)",0.0147903987799811,7.61190511129998e-05,0.0803058837115369,0.0230651289247773
842,"s(nextDOWNSOPower_z)",0.00397624601618096,4.336774427093e-06,0.0247583918389324,0.00729256477041
843,"s(nextDOWNSOPower_z)",0.00132605083316389,4.28336628583197e-07,0.0067130987879951,0.00197693500269402
844,"s(nextDOWNSOPower_z)",0.00116799568456627,8.8111965329393e-07,0.00982807868762073,0.00289705389222451
845,"s(nextDOWNSOPower_z)",0.00333024653136582,0.000180387839659335,0.139651153037201,0.0411283196641134
846,"s(nextDOWNSOPower_z)",0.0259364989491633,0.000427080688621615,0.221275950134418,0.0652079487582544
847,"s(nextDOWNSOPower_z)",0.00663488540817259,3.21255448548465e-05,0.0582479314431328,0.0171557562072489
848,"s(nextDOWNSOPower_z)",0.00761654507125553,1.473204583711e-05,0.0403328816162792,0.0118790884130435
849,"s(nextDOWNSOPower_z)",0.00239119282267175,4.52761965065991e-05,0.065747597983218,0.0193625793942119
850,"s(nextDOWNSOPower_z)",0.000384146914799599,3.56396282404505e-05,0.0671549338815858,0.0197833049029814
851,"s(nextDOWNSOPower_z)",0.0561886413285165,0.000596697886451922,0.240201052462593,0.0707548999528752
852,"s(nextDOWNSOPower_z)",0.00143100790487849,6.25111547925431e-06,0.0264541911443838,0.00779312029872726
853,"s(nextDOWNSOPower_z)",0.0394502539408808,3.58043663313202e-05,0.0660200656154563,0.019446246957617
854,"s(nextDOWNSOPower_z)",0.00263075782653088,1.60673559226337e-05,0.0407553789439868,0.0120047267345986
855,"s(nextDOWNSOPower_z)",0.0696896108983061,0.000304152440971048,0.197108844326757,0.0433597805476955
856,"s(nextDOWNSOPower_z)",0.0801855170916931,0.000239108386969873,0.154179922319053,0.0417744951253708
857,"s(nextDOWNSOPower_z)",0.0216477196686441,0.000115873494411664,0.109952004601978,0.032394607931522
858,"s(nextDOWNSOPower_z)",0.0871779054816459,0.000517894222421973,0.256429789174011,0.0551349869987781
859,"s(nextDOWNSOPower_z)",0.0234420388301837,0.000493625854078794,0.237609810894212,0.0673336800643894
860,"s(nextDOWNSOPower_z)",0.0128370491342755,4.89188385150446e-05,0.0419287780878867,0.0136850542095672
861,"s(nextDOWNSOPower_z)",-0.00146762705121373,8.40650000823793e-06,0.0300564995151809,0.00885192913037955
862,"s(nextDOWNSOPower_z)",0.000435803279259406,3.84607980969306e-05,0.0621270582553629,0.0182976501396691
863,"s(nextDOWNSOPower_z)",-0.0357309048909262,8.48496026612919e-06,0.031846215397462,0.00938077100653901
864,"s(nextDOWNSOPower_z)",0.0368998616990912,0.000501346530298593,0.242707227677029,0.0619818021443095
865,"s(nextDOWNSOPower_z)",0.0271399171737869,0.000182558771969169,0.141029427601731,0.0415302521719246
866,"s(nextDOWNSOPower_z)",0.0255733037428316,0.000300137106441231,0.187280983920543,0.0551865487305231
867,"s(nextDOWNSOPower_z)",0.0498287875185878,0.000515826739994617,0.252659500751576,0.0589946259286568
868,"s(nextDOWNSOPower_z)",0.00300437308928725,4.3059320380678e-05,0.0684603897379412,0.0201639434475104
869,"s(nextDOWNSOPower_z)",0.00354442596888149,0.000130949430759058,0.120270301288248,0.0354216385406162
870,"s(nextDOWNSOPower_z)",0.00761093991315376,4.91540456108077e-05,0.071732095512622,0.0211267878402306
871,"s(nextDOWNSOPower_z)",0.000935710572504855,2.14318330069323e-07,0.00488729010508592,0.00143843928678631
872,"s(nextDOWNSOPower_z)",-0.0131063817946169,7.95391172785655e-05,0.0963576769974507,0.02838239423235
873,"s(nextDOWNSOPower_z)",-0.00224409732463016,4.65337063723604e-05,0.0709226052629971,0.0208913277808398
874,"s(nextDOWNSOPower_z)",0.0588831732653148,0.000191310114352092,0.107713754748063,0.0337280435900613
875,"s(nextDOWNSOPower_z)",0.00737216218575754,9.81787516112394e-05,0.126913416504177,0.0383841466882523
876,"s(nextDOWNSOPower_z)",0.0205291810123661,0.000183277272675558,0.0933513811677487,0.028078404180604
877,"s(nextDOWNSOPower_z)",0.0297051452671229,0.000229679394185386,0.161442326360219,0.0475462529935744
878,"s(nextDOWNSOPower_z)",0.00102008408086252,5.01245762954979e-05,0.0756965293314692,0.0223153800794871
879,"s(nextDOWNSOPower_z)",0.00199912711849071,1.18616933705055e-05,0.0333763737795386,0.00982959641407967
880,"s(nextDOWNSOPower_z)",0.103204468010585,0.000510272729634733,0.16113658438277,0.0485158714085173
881,"s(nextDOWNSOPower_z)",0.00839474639581039,6.09684215819477e-05,0.0824213609602125,0.0242755816606093
882,"s(nextDOWNSOPower_z)",0.0432795199236582,0.000109356341752704,0.143980932467556,0.041760957986241
883,"s(nextDOWNSOPower_z)",0.0339273481865,0.000199033254929658,0.148060171205265,0.043615218510014
884,"s(nextDOWNSOPower_z)",-0.0430278368227206,4.07542624563812e-05,0.057392015821026,0.0178224365113626
885,"s(nextDOWNSOPower_z)",-0.018747103322981,0.000250318880233548,0.158351334941455,0.0466428193967044
886,"s(nextDOWNSOPower_z)",0.0117264398561068,4.38271012567208e-05,0.0688037299791808,0.0202669646268734
887,"s(nextDOWNSOPower_z)",0.0141966974255814,0.000115167414147682,0.110349041913283,0.0325119654508583
888,"s(nextDOWNSOPower_z)",0.0181588390161972,0.000142304192016632,0.122978644148417,0.0362178127227675
889,"s(nextDOWNSOPower_z)",0.00454664050075282,3.75412184102244e-05,0.064610725349389,0.0190316466571601
890,"s(nextDOWNSOPower_z)",-0.000514054299685096,3.58582506378424e-05,0.0604248690282169,0.01779791350816
891,"s(nextDOWNSOPower_z)",0.00234443410802909,9.41423339045037e-05,0.098616012703121,0.0290449830863223
892,"s(nextDOWNSOPower_z)",-0.00141226101290859,4.06685985582933e-05,0.0666654121622541,0.0196378710205277
893,"s(nextDOWNSOPower_z)",0.00127042254376453,3.2504418552751e-05,0.0568826540810009,0.0167602727356561
894,"s(nextDOWNSOPower_z)",0.0198442650119559,0.000104074639315141,0.140319507381101,0.0411674824600241
895,"s(nextDOWNSOPower_z)",0.0114352575696298,9.14915764894073e-05,0.09925807159727,0.0292328145782924
896,"s(nextDOWNSOPower_z)",-0.000655707765553348,2.85287489207407e-06,0.0200267695032554,0.00589979906561118
897,"s(nextDOWNSOPower_z)",-0.00181257772944643,9.49699728961237e-06,0.0312447622558776,0.00920374077448094
898,"s(nextDOWNSOPower_z)",-0.00219528633818156,8.85160506024932e-05,0.0965065451381991,0.0284257534920561
899,"s(nextDOWNSOPower_z)",0.00786697541685943,7.25507605254223e-05,0.0866838951651766,0.0255312794497473
900,"s(nextDOWNSOPower_z)",0.00848930998419029,6.57290005364897e-05,0.0815653133996609,0.0240226775023601
901,"s(nextDOWNSOPower_z)",0.00295971430167841,0.000286190113305325,0.164682143640559,0.0389856061502393
902,"s(nextDOWNSOPower_z)",0.0274064053378749,0.000105721206520265,0.124404314426362,0.0329981070453967
903,"s(nextDOWNSOPower_z)",0.00100202729346266,4.18614580008703e-07,0.00663270072799801,0.00195605413479275
904,"s(nextDOWNSOPower_z)",0.00176890612889324,5.5039130462591e-06,0.0266714184632484,0.00724801280037572
905,"s(nextDOWNSOPower_z)",-0.000260623134224258,5.85170948110674e-08,0.00255831903725385,0.000752126410074182
906,"s(nextDOWNSOPower_z)",0.0212429787597428,2.92380905691427e-05,0.0654092322616088,0.015139322037504
907,"s(nextDOWNSOPower_z)",0.000722251769143312,6.74512137617256e-06,0.0277989321019715,0.00818721913727125
908,"s(nextDOWNSOPower_z)",0.0046298106665783,2.75538714946896e-05,0.0564040267187039,0.0166118906074073
909,"s(nextDOWNSOPower_z)",0.00116154019273607,1.7424781020254e-06,0.0131926566069628,0.00388680447269406
910,"s(nextDOWNSOPower_z)",0.00384142471888183,8.40232249769372e-05,0.0916663989272584,0.0269980756601816
911,"s(nextDOWNSOPower_z)",0.0061361413017077,0.000195369040529915,0.106663437639035,0.0326726116787995
912,"s(nextDOWNSOPower_z)",-0.0579885725577247,0.000114530578693317,0.113143169160093,0.0333248232337074
913,"s(nextDOWNSOPower_z)",0.0552263209968381,0.000300502746774942,0.198551980425172,0.0435116767129914
914,"s(nextDOWNSOPower_z)",0.00365001961605915,8.85802002545943e-05,0.0598861907448706,0.0177650860294534
915,"s(nextDOWNSOPower_z)",0.000996002367841253,4.80322756714045e-07,0.00704903585113397,0.00207566894669735
916,"s(nextDOWNSOPower_z)",0.00636738410345017,1.42463115015392e-05,0.0376951538519038,0.0111029797599613
917,"s(nextDOWNSOPower_z)",0.0754991378134764,0.000697754375827972,0.271010560262991,0.0798103329356631
918,"s(nextDOWNSOPower_z)",0.0421377648874708,0.000280581584253144,0.236650136858077,0.052830865583678
919,"s(nextDOWNSOPower_z)",0.0421609057343033,0.000510227879764424,0.226455146430932,0.0667040212017262
920,"s(nextDOWNSOPower_z)",0.0111022135470072,5.60919324727983e-05,0.0754238992558003,0.022221206642733
921,"s(nextDOWNSOPower_z)",0.0636400805782509,0.000454784636428929,0.299876594507143,0.0731448692143985
922,"s(nextDOWNSOPower_z)",0.000441348315494361,1.17930084086182e-05,0.0346904470604544,0.0102126352406851
923,"s(nextDOWNSOPower_z)",0.012780442893667,3.38359247227311e-05,0.0674438853766265,0.0201580189385104
924,"s(nextDOWNSOPower_z)",0.0551066150693524,0.000309428641999818,0.193731033099059,0.0570484048170992
925,"s(nextDOWNSOPower_z)",0.00258472391297004,3.71867798397984e-05,0.0635940578543294,0.0187323187448288
926,"s(nextDOWNSOPower_z)",0.00826115185789833,0.000132491636524986,0.121736009355227,0.035851271833414
927,"s(nextDOWNSOPower_z)",0.000560484968187058,2.06693093120789e-06,0.0149297290438953,0.00440965978134661
928,"s(nextDOWNSOPower_z)",0.0736955241427723,0.000410075737001147,0.216087900794284,0.0636465575259099
929,"s(nextDOWNSOPower_z)",0.0078642899631185,7.36492362637601e-05,0.0878816791628926,0.0258873177415778
930,"s(nextDOWNSOPower_z)",0.0300119853271036,0.000245648561332132,0.211505758753815,0.0476561853074443
931,"s(nextDOWNSOPower_z)",-0.0429305014209846,1.77753792156483e-06,0.0148321252670191,0.00436893354459431
932,"s(nextDOWNSOPower_z)",0.00403291645506221,8.33885273992312e-05,0.0946037383241494,0.0278690571883158
933,"s(nextDOWNSOPower_z)",0.0557176259253958,0.000458241602041531,0.174543236480428,0.05305220870115
934,"s(nextDOWNSOPower_z)",0.074006622072293,0.000363139500055207,0.136850338364378,0.035712747558549
935,"s(nextDOWNSOPower_z)",0.00526491984593913,4.59146206261228e-05,0.072712163053502,0.0214142720076233
936,"s(nextDOWNSOPower_z)",-0.00256543783806973,4.20486101716534e-05,0.0666236516411441,0.0196207047529558
937,"s(nextDOWNSOPower_z)",0.000557513712845403,1.4319139219321e-05,0.0380842079939333,0.011221105432756
938,"s(nextDOWNSOPower_z)",0.0457560485303079,0.000553598230216214,0.227158002147783,0.0669041817609726
939,"s(nextDOWNSOPower_z)",-0.0249073918997984,0.000154284164792794,0.0925569966769888,0.0265452945420634
940,"s(nextDOWNSOPower_z)",0.0454036019606843,0.000206998986202257,0.169554830889633,0.047742801733306
941,"s(nextDOWNSOPower_z)",0.00394544118476092,1.81112590027128e-05,0.0442620483870337,0.0130362244599506
942,"s(nextDOWNSOPower_z)",0.00155653581202875,2.88600686828502e-07,0.00537212191594591,0.00158267785133118
943,"s(nextDOWNSOPower_z)",0.0763302670020319,0.000637599824079965,0.251933340181971,0.0742086706354101
944,"s(nextDOWNSOPower_z)",0.00323830142472015,3.11206053836608e-05,0.0554580455114907,0.016334562921012
945,"s(nextDOWNSOPower_z)",0.0469740526170284,0.000272779243044112,0.181654236213726,0.050843209578415
946,"s(nextDOWNSOPower_z)",0.000737689735485048,1.96028847376221e-05,0.0453704777231115,0.0133675603899321
947,"s(nextDOWNSOPower_z)",0.0163030675858059,0.00013121852718211,0.115551023448059,0.0340345508730214
948,"s(nextDOWNSOPower_z)",0.000893891612024356,4.59384968214156e-07,0.0067996472420603,0.00200259196173285
949,"s(nextDOWNSOPower_z)",0.00228582084821072,5.74400728401164e-06,0.023787706940413,0.00701209803499854
950,"s(nextDOWNSOPower_z)",0.0101190344815995,0.000157191002833959,0.134114001982637,0.0395092578339827
951,"s(nextDOWNSOPower_z)",0.00915028436253462,0.00014351852511509,0.12567709445693,0.0370142277523134
952,"s(nextDOWNSOPower_z)",0.0269011169028164,0.000178875484363411,0.14012009594925,0.0412759437414326
953,"s(nextDOWNSOPower_z)",0.0124648098512158,0.000360652905350573,0.188395543120945,0.0554878945577916
954,"s(nextDOWNSOPower_z)",-0.000766484355135155,4.07175469847512e-06,0.0210851203515836,0.0062106687666994
955,"s(nextDOWNSOPower_z)",0.00149914471695389,1.37848305975608e-05,0.0376973936010014,0.0111036319528063
956,"s(nextDOWNSOPower_z)",0.013525402897151,4.26303088815589e-05,0.0712611751693436,0.0209877369487363
957,"s(nextDOWNSOPower_z)",0.0147787236035222,0.000115757126681064,0.110889108801757,0.0326588153384512
958,"s(nextDOWNSOPower_z)",0.00221817459340612,1.1647031182374e-05,0.0369900411137863,0.0108944717857996
959,"s(nextDOWNSOPower_z)",0.00308526896407324,2.70796145460393e-05,0.056275099183261,0.0165754206992212
960,"s(nextDOWNSOPower_z)",0.0218831913701388,0.000333574553495143,0.156071771673275,0.0441328137256732
961,"s(nextDOWNSOPower_z)",0.0254023083049063,0.00019412556366091,0.135978133375545,0.0386564796780195
962,"s(nextDOWNSOPower_z)",0.0378282964148994,0.000485869679718116,0.213284703071255,0.0628212198035203
963,"s(nextDOWNSOPower_z)",0.0461713524963359,0.000282560021270145,0.176226579178361,0.0519004042742121
964,"s(nextDOWNSOPower_z)",0.0168005978733576,0.000114033171197234,0.111461393498395,0.0328333189162727
965,"s(nextDOWNSOPower_z)",-0.00111630637061122,1.39018770746995e-06,0.012323079478267,0.00362997327923118
966,"s(nextDOWNSOPower_z)",0.00718832741503472,6.03604278338969e-06,0.0176269170886214,0.00488287114463744
967,"s(nextDOWNSOPower_z)",0.042979922562745,0.000238762417738623,0.160144537368479,0.0407306087864454
968,"s(nextDOWNSOPower_z)",0.00408886367697026,8.21050836412926e-05,0.0895643416238605,0.0263777467417274
969,"s(nextDOWNSOPower_z)",0.0298758151901275,0.000309271961595496,0.185186168940649,0.0545584939094768
970,"s(nextDOWNSOPower_z)",-0.0957435362001591,0.000274536186636053,0.175746429890018,0.0517724657767565
971,"s(nextDOWNSOPower_z)",0.0338916086857703,0.000203449692431941,0.145507216411727,0.0428546240090888
972,"s(nextDOWNSOPower_z)",0.0674188754742342,0.000254741838551805,0.196853383409948,0.0573653479261044
973,"s(nextDOWNSOPower_z)",0.00301487370243847,2.37924746431791e-05,0.0513291515177658,0.0151168316671178
974,"s(nextDOWNSOPower_z)",0.00355394893911787,4.82188921109765e-05,0.0729894529000131,0.0214987893779084
975,"s(nextDOWNSOPower_z)",0.00131390940111897,4.7592042007749e-05,0.0728931450155724,0.0214696501642955
976,"s(nextDOWNSOPower_z)",-0.000795286425034458,1.79328616661632e-05,0.0442211776517754,0.0130245355557981
977,"s(nextDOWNSOPower_z)",0.0108481495623522,3.00821383083235e-05,0.0724015978183018,0.0222839261685368
978,"s(nextDOWNSOPower_z)",0.00612190899569431,7.88033194987201e-05,0.0967460658929608,0.0284991487944141
979,"s(nextDOWNSOPower_z)",0.0166424426782533,0.000103137417582298,0.104219475159541,0.0306996985706708
980,"s(nextDOWNSOPower_z)",0.000914444817181281,1.27018662560523e-08,0.00113018460492058,0.000333584020206637
981,"s(nextDOWNSOPower_z)",-0.100469653924588,0.000135258597273792,0.144299168283948,0.0459126214200809
982,"s(nextDOWNSOPower_z)",0.0178127035216451,4.95441763667235e-05,0.0486441138053509,0.0137142387972939
983,"s(nextDOWNSOPower_z)",-0.00055150354785749,9.51386330018054e-06,0.0310654212042738,0.00914846877891226
984,"s(nextDOWNSOPower_z)",0.0449702335189789,0.00030619060919765,0.191016834333444,0.0562560294335185
985,"s(nextDOWNSOPower_z)",0.00610237737281949,1.78824458107077e-05,0.0451929352181885,0.0133113000660942
986,"s(nextDOWNSOPower_z)",0.00743860540777641,6.05907743657582e-05,0.080322688209807,0.023657594769812
987,"s(nextDOWNSOPower_z)",0.0378770308713319,0.000269357084424471,0.160833863106075,0.0473789360311307
988,"s(nextDOWNSOPower_z)",0.00831788929275512,0.000138875012873313,0.1238145577232,0.0364691569052672
989,"s(nextDOWNSOPower_z)",0.0215381298101434,6.87210216203322e-05,0.0720354573447288,0.0205375671252467
990,"s(nextDOWNSOPower_z)",0.0918398183246532,0.000754030045314573,0.261870266133351,0.0644037924529855
991,"s(nextDOWNSOPower_z)",0.0158935151401894,0.000248582445146755,0.178431377401467,0.0395698171024504
992,"s(nextDOWNSOPower_z)",-0.000723238727330822,1.0466586397757e-05,0.0332502832216353,0.00979345984122902
993,"s(nextDOWNSOPower_z)",0.0035287836554686,2.05569088619383e-05,0.0476947283270675,0.0140465304656688
994,"s(nextDOWNSOPower_z)",0.0432165262959361,0.000371311388037019,0.0876343362310649,0.0273152539359673
995,"s(nextDOWNSOPower_z)",0.0136903417377516,0.000107785413983396,0.102601786720586,0.0302172836292887
996,"s(nextDOWNSOPower_z)",0.0162248297694769,0.000308191444400792,0.205773357016155,0.0447434851507035
997,"s(nextDOWNSOPower_z)",0.00862237158676837,6.7925525936718e-05,0.0855236491678628,0.0251880552623018
998,"s(nextDOWNSOPower_z)",0.0010340856092943,2.42724439758925e-05,0.0515615463551532,0.0151850924352684
999,"s(nextDOWNSOPower_z)",0.000438174859477058,5.80116810405872e-07,0.00788217262611989,0.00232149200633632
1000,"s(nextDOWNSOPower_z)",0.00390870157271872,0.000160211231200937,0.135709793919559,0.0399744408700505
1,"s(nextDOWNlag_z)",0.000144035558158118,4.11567518143254e-08,0.00139592462533594,0.000416627896582253
2,"s(nextDOWNlag_z)",0.041549562068891,0.000181028507055148,0.0640743156602956,0.0189889272708672
3,"s(nextDOWNlag_z)",0.00432160744559207,2.74371337591592e-06,0.0110549084650427,0.00333566432440001
4,"s(nextDOWNlag_z)",0.0118052799565228,5.41277118841591e-05,0.0491433067564808,0.0148112894640875
5,"s(nextDOWNlag_z)",0.00931101363888032,9.56667021910699e-05,0.0715380414909323,0.023433860766722
6,"s(nextDOWNlag_z)",0.00932676057005022,0.000264706579094553,0.112465438910474,0.0338095249383582
7,"s(nextDOWNlag_z)",0.0213005259204622,0.000267646285551287,0.107977318044754,0.0324748069042015
8,"s(nextDOWNlag_z)",0.0744817346452378,0.000188712583766459,0.122182979653067,0.0343957451236564
9,"s(nextDOWNlag_z)",0.00167886020327468,8.55094899156797e-06,0.0194675568272524,0.00581859965747557
10,"s(nextDOWNlag_z)",0.000434508687517932,9.10163298764302e-06,0.0210685406051671,0.00636836693833321
11,"s(nextDOWNlag_z)",0.0286349755598391,8.2115102739697e-05,0.066406226821495,0.01995147018023
12,"s(nextDOWNlag_z)",-0.0143610727769019,7.24645629642254e-08,0.00192631489335115,0.000584505206319051
13,"s(nextDOWNlag_z)",0.14789803055512,0.00077246808212347,0.12912660726038,0.0403734366408539
14,"s(nextDOWNlag_z)",0.0042430942410232,9.59947455526868e-06,0.021204301601193,0.00639599993763825
15,"s(nextDOWNlag_z)",0.0291320188999427,0.000404949491242594,0.138834091612903,0.0419549047090867
16,"s(nextDOWNlag_z)",0.020043195195327,8.22920648071387e-05,0.0622271066115142,0.0186489296545376
17,"s(nextDOWNlag_z)",-0.0875709614506404,1.7663097217808e-06,0.00978075257631395,0.00294057377628355
18,"s(nextDOWNlag_z)",0.0222779736737415,0.000213421779921638,0.108658368487523,0.032707180592519
19,"s(nextDOWNlag_z)",0.0322742036973784,0.000177807071604199,0.0978649076044921,0.0294819127741723
20,"s(nextDOWNlag_z)",-0.00303375316874233,2.14419273747116e-05,0.0315560457517382,0.00949692174875922
21,"s(nextDOWNlag_z)",0.00850148951506724,0.000332048239915302,0.12767792767283,0.0384483415460155
22,"s(nextDOWNlag_z)",0.0510508096258192,0.000143522222764928,0.170420432986452,0.0528821837254815
23,"s(nextDOWNlag_z)",0.0645486050090162,0.000341821369149455,0.23688477714962,0.0719072733329388
24,"s(nextDOWNlag_z)",0.072540741746026,0.000230676464980203,0.105192748447581,0.0317454039657602
25,"s(nextDOWNlag_z)",0.0366581809881508,0.000212269017215626,0.104133642805803,0.0316001836549299
26,"s(nextDOWNlag_z)",0.0796958583645822,0.000461989342091412,0.143971113171473,0.0435175787086003
27,"s(nextDOWNlag_z)",0.0232238957595365,0.000194416663701323,0.104650213383865,0.0316062443498945
28,"s(nextDOWNlag_z)",0.00667195585765934,0.000184832555386062,0.0649880285933334,0.0192875195867018
29,"s(nextDOWNlag_z)",0.235604674588546,0.00183614194408307,0.291030226795654,0.0820969352062115
30,"s(nextDOWNlag_z)",0.108320899099483,0.000545517451882698,0.326391485591954,0.0921912790389187
31,"s(nextDOWNlag_z)",0.102431671326262,0.000437337655074873,0.235882317231952,0.0696743428526971
32,"s(nextDOWNlag_z)",0.00254700204625669,9.47215148989653e-06,0.0203312552446402,0.00610405314020272
33,"s(nextDOWNlag_z)",0.0366312095871267,0.000187851071667936,0.0928645538024646,0.0281904089674057
34,"s(nextDOWNlag_z)",0.00640328861159523,3.64962526346882e-05,0.0412053563147877,0.0124865198756774
35,"s(nextDOWNlag_z)",3.0509778225718e-05,1.40100006292097e-07,0.00257121289361231,0.000771569346457083
36,"s(nextDOWNlag_z)",-0.000416534456523676,1.13014264058299e-05,0.0227450648511381,0.0068294236365473
37,"s(nextDOWNlag_z)",0.0977328792337137,0.00057655788692313,0.0976788873139194,0.0287857067518893
38,"s(nextDOWNlag_z)",0.0415076648498531,0.000295507885581095,0.219590487018147,0.0732318702075473
39,"s(nextDOWNlag_z)",0.00596721504419473,3.11768147013757e-05,0.0374935172523279,0.0113428826492722
40,"s(nextDOWNlag_z)",-0.0311061065770135,0.000236943350807188,0.108215447470483,0.0324672777940835
41,"s(nextDOWNlag_z)",0.0279459625118855,0.000103193627418739,0.0718031555257728,0.0212680214733565
42,"s(nextDOWNlag_z)",0.0247586376622686,0.000104180111524162,0.0810112308718409,0.0245632920286785
43,"s(nextDOWNlag_z)",0.0719580210459114,0.000330843790058372,0.064248664317295,0.0194101104987805
44,"s(nextDOWNlag_z)",0.00146409161937333,1.5798658285461e-07,0.00266964411811971,0.000802416327990196
45,"s(nextDOWNlag_z)",0.0047794959022448,6.16066882083792e-05,0.0532683277592306,0.0159686784664296
46,"s(nextDOWNlag_z)",0.116525580583479,0.000682457707511486,0.19154114492352,0.0578823873154699
47,"s(nextDOWNlag_z)",0.0218523200469852,4.83392854467365e-05,0.046739226702577,0.0140800496871387
48,"s(nextDOWNlag_z)",0.0251503503944912,0.000117926269016032,0.0766197865744691,0.0230322579204639
49,"s(nextDOWNlag_z)",0.118100351490196,0.000591836872615717,0.181701255373345,0.0543573457978598
50,"s(nextDOWNlag_z)",0.00306963248224323,0.000114121173746479,0.077699375036919,0.0234834228076377
51,"s(nextDOWNlag_z)",0.0159337625622001,0.000133209209942321,0.0836758268707664,0.0253228092393908
52,"s(nextDOWNlag_z)",0.00501662558147986,5.33870060241859e-06,0.015981854258354,0.00481583687062226
53,"s(nextDOWNlag_z)",0.0092992437252235,4.98117360725953e-06,0.013261907732904,0.00364166178308353
54,"s(nextDOWNlag_z)",0.0341921012569693,0.000109640310009123,0.0518199958602681,0.0147554806769111
55,"s(nextDOWNlag_z)",0.00628212686906326,6.23139730401811e-05,0.0520184865988342,0.0156306800538249
56,"s(nextDOWNlag_z)",0.131801983798764,0.000733387979186214,0.212111025626485,0.0635403314503252
57,"s(nextDOWNlag_z)",0.0189763705581931,8.06421639087916e-05,0.0607568812371604,0.0183107175834535
58,"s(nextDOWNlag_z)",-0.000455272351845504,1.18660794411483e-05,0.0240895550546337,0.00721270770526497
59,"s(nextDOWNlag_z)",0.000180736396570347,4.59867567377651e-08,0.00144612557524014,0.000431336372963025
60,"s(nextDOWNlag_z)",0.174653005765289,0.00109641990435283,0.172466971175723,0.0579429425875965
61,"s(nextDOWNlag_z)",0.036794024198721,0.000450020608372714,0.171599617058721,0.0561471326873069
62,"s(nextDOWNlag_z)",0.0908678039884273,0.00044328687502138,0.0838635500889295,0.0268410316798347
63,"s(nextDOWNlag_z)",0.0321277010898502,0.000119632343933627,0.177857722955089,0.05201484845492
64,"s(nextDOWNlag_z)",0.0174814863334638,0.000401452153823568,0.137210063800766,0.0413466748661176
65,"s(nextDOWNlag_z)",0.0335276003999292,0.000230573015411192,0.132402898112833,0.0454143261495971
66,"s(nextDOWNlag_z)",0.0169742964773094,1.55432545123141e-05,0.0409495917209688,0.0114695739168571
67,"s(nextDOWNlag_z)",0.0104025611512746,4.13586852457407e-05,0.0448090831990322,0.0135518111583629
68,"s(nextDOWNlag_z)",0.0779361087685468,0.000407834878216079,0.162503907288648,0.0532055804322027
69,"s(nextDOWNlag_z)",0.00812907989137091,4.77796182253448e-05,0.0317773544087179,0.0082530296254769
70,"s(nextDOWNlag_z)",0.0483935454882554,0.000302641885203995,0.123799264330265,0.0370699193706139
71,"s(nextDOWNlag_z)",0.00590878456445942,5.05516705332396e-05,0.0476863443888306,0.0143435314266247
72,"s(nextDOWNlag_z)",0.0656136886607768,0.000201190119439906,0.0914889231541161,0.0262998564327607
73,"s(nextDOWNlag_z)",0.14244380045942,0.000933067287213592,0.225362045533098,0.0679782120218335
74,"s(nextDOWNlag_z)",0.00197130073159846,7.81384443106011e-05,0.0629686301228317,0.0190606855346714
75,"s(nextDOWNlag_z)",0.0470506105250585,0.000134919231679212,0.152658428798581,0.0477925504845727
76,"s(nextDOWNlag_z)",0.00692707946550619,2.42960778001572e-05,0.0364746041254014,0.0109254901907839
77,"s(nextDOWNlag_z)",-2.88647423392074e-05,4.27090637383428e-06,0.014331449479258,0.00430780311159634
78,"s(nextDOWNlag_z)",0.0817752588766187,0.000479566355480875,0.0906987556713714,0.0272631747144891
79,"s(nextDOWNlag_z)",0.000684903921049917,6.30962973868565e-06,0.0169985470534653,0.00510962812491577
80,"s(nextDOWNlag_z)",0.0221674785164795,0.000267697647455437,0.107336305123273,0.0320827370155184
81,"s(nextDOWNlag_z)",-0.0484996395369951,1.10552971755889e-07,0.00227510300094489,0.00068506118788723
82,"s(nextDOWNlag_z)",-0.00473466713859838,2.8498833492091e-06,0.0110508316846232,0.00329397334362508
83,"s(nextDOWNlag_z)",0.0125106853180128,0.000126575556349919,0.0771102052165412,0.0232300788638889
84,"s(nextDOWNlag_z)",-0.000229322678590993,4.44851437009386e-05,0.0439998288105314,0.0133075162236262
85,"s(nextDOWNlag_z)",0.00278036622451072,5.13151289948089e-07,0.0052394510530232,0.00156823041139487
86,"s(nextDOWNlag_z)",0.00892737523383658,3.91043497226459e-05,0.0424905362113793,0.0127488862178091
87,"s(nextDOWNlag_z)",0.0810542902832444,0.00055243463509297,0.179243684472046,0.0498263292489945
88,"s(nextDOWNlag_z)",0.00035195370379415,1.22559404623617e-08,0.000756848865661919,0.000227471403057403
89,"s(nextDOWNlag_z)",0.150285435203097,0.000820507054994312,0.112916300445709,0.0301151089692388
90,"s(nextDOWNlag_z)",0.000392627947132573,2.02479358454985e-07,0.00302490683248921,0.000904805882016866
91,"s(nextDOWNlag_z)",0.0278621514705057,0.000364119481425437,0.139569975516415,0.0419407338850889
92,"s(nextDOWNlag_z)",0.0436705528479124,0.000231042450345201,0.111312802203885,0.0335175504158402
93,"s(nextDOWNlag_z)",0.0717780987075827,0.000300482859966724,0.106619095468475,0.0354739036340335
94,"s(nextDOWNlag_z)",0.0290313647647422,0.00029556432325567,0.118973087988174,0.0360264250376781
95,"s(nextDOWNlag_z)",0.021326941133869,0.000130012405741962,0.0757827857716543,0.0227918270523346
96,"s(nextDOWNlag_z)",-0.002818663468106,2.05962106322836e-05,0.0326137798323081,0.00982846906347303
97,"s(nextDOWNlag_z)",0.0576390514556508,0.000615196445212117,0.118174050656096,0.0365982350960147
98,"s(nextDOWNlag_z)",0.0421794326915621,0.000138991662626462,0.0583247124571532,0.0187362222656813
99,"s(nextDOWNlag_z)",0.0663800879285754,0.000422501532240996,0.155706442063189,0.0471323327064048
100,"s(nextDOWNlag_z)",0.0388775656679053,0.000206843176152557,0.0975534318738985,0.0292786119124665
101,"s(nextDOWNlag_z)",-0.00105407756497211,1.19607169528004e-05,0.0266296160997669,0.0080182120057811
102,"s(nextDOWNlag_z)",0.0588008805014777,0.00102225897866508,0.225908785655424,0.0636354927139175
103,"s(nextDOWNlag_z)",0.121709132143712,0.000838374037023638,0.207593424723781,0.0581792103833037
104,"s(nextDOWNlag_z)",0.0642598393349139,0.000223582287351376,0.132448414591584,0.0414652832798497
105,"s(nextDOWNlag_z)",0.088995637191686,0.000489759265050071,0.161505460436429,0.0483858919870599
106,"s(nextDOWNlag_z)",0.0426099087533798,0.000173093629635737,0.0961302490944388,0.0288426985315487
107,"s(nextDOWNlag_z)",0.00432390171644936,2.69223564999327e-05,0.0359819878818442,0.0107846750275616
108,"s(nextDOWNlag_z)",0.000671845148382921,9.42369275156749e-08,0.00205401424342957,0.000615302722558297
109,"s(nextDOWNlag_z)",0.019093721216049,0.000556944540967015,0.185396046892027,0.0570607236403622
110,"s(nextDOWNlag_z)",0.029066584591486,0.000233299848221625,0.179753910370439,0.0585283339891113
111,"s(nextDOWNlag_z)",0.00361495155217861,1.73978424574286e-08,0.0009384802403543,0.000287968521833844
112,"s(nextDOWNlag_z)",0.00617792444006982,3.47611783286328e-05,0.0404150012924526,0.0121584686012234
113,"s(nextDOWNlag_z)",0.0492016298197455,0.000354574363449615,0.138341594597078,0.0419718643528688
114,"s(nextDOWNlag_z)",0.0666459320164334,0.000531042287146636,0.152637277249391,0.0456529776328644
115,"s(nextDOWNlag_z)",0.00738490324345142,2.40689552783342e-05,0.0334166804590947,0.0100700767738062
116,"s(nextDOWNlag_z)",0.0374921683665894,0.000122748469861675,0.137917092096826,0.0425371360352462
117,"s(nextDOWNlag_z)",0.0317081940202613,8.46632340515957e-05,0.127247567372547,0.0380782605990201
118,"s(nextDOWNlag_z)",-0.0203700254259618,3.41066636501489e-05,0.0402303704174804,0.0121353369899097
119,"s(nextDOWNlag_z)",0.0237361174162917,0.000351779766690223,0.126357463137272,0.0380183580190812
120,"s(nextDOWNlag_z)",0.0258655830483807,0.000180140732067202,0.0943761112785318,0.0283928046164451
121,"s(nextDOWNlag_z)",0.000705417038224243,3.10757549845797e-08,0.00117122120718586,0.00035258892536747
122,"s(nextDOWNlag_z)",0.0656380556381059,0.000540064828993537,0.164371066393772,0.0509596841188448
123,"s(nextDOWNlag_z)",0.041065704314917,0.000793059051401696,0.196407321514048,0.059879870089673
124,"s(nextDOWNlag_z)",0.0578152864921928,0.000248008257852199,0.100352271499551,0.0292070620624069
125,"s(nextDOWNlag_z)",-0.0432273330475258,0.000539333249646549,0.172062476329762,0.0520434233326996
126,"s(nextDOWNlag_z)",0.110651003207721,0.000719538464171321,0.212462318804658,0.0630560738873667
127,"s(nextDOWNlag_z)",0.043186928320462,0.000370965207641586,0.0822156106895419,0.0230749592435392
128,"s(nextDOWNlag_z)",0.0140448453271418,9.37507095538683e-05,0.0655165016001473,0.019756906557616
129,"s(nextDOWNlag_z)",0.00447655642851164,0.000170663818760055,0.0871342232928431,0.0262623038981666
130,"s(nextDOWNlag_z)",0.018526159500511,0.00016253755481498,0.0856994477644227,0.0257067517529929
131,"s(nextDOWNlag_z)",0.0717856461517326,0.000571462914694857,0.12298175158004,0.0380457009527652
132,"s(nextDOWNlag_z)",0.0229738769067866,0.000180335954414474,0.0882602501232937,0.0264666792347616
133,"s(nextDOWNlag_z)",0.157759634238044,0.00106966257323148,0.409406753313472,0.123002418298209
134,"s(nextDOWNlag_z)",0.00056459465936709,4.691430241272e-08,0.00146674211278879,0.000443734885753303
135,"s(nextDOWNlag_z)",0.153893735923081,0.00105565131238125,0.231473543427652,0.0693504291447346
136,"s(nextDOWNlag_z)",0.00216320691302818,1.904551309506e-05,0.0291239224938305,0.00874495137593823
137,"s(nextDOWNlag_z)",0.02993668878842,8.26778168128824e-05,0.0685055643855,0.0206466989583109
138,"s(nextDOWNlag_z)",0.0384218688779792,0.000364250575713557,0.128018722019413,0.0385627033728007
139,"s(nextDOWNlag_z)",0.0467528068376784,0.000344858040707728,0.12711669774087,0.0383509160198004
140,"s(nextDOWNlag_z)",0.0341974090156629,5.24421269038252e-06,0.0151070956483656,0.00451439890334435
141,"s(nextDOWNlag_z)",0.0159025689586372,1.86099650520685e-05,0.0299045870333943,0.00901655757718284
142,"s(nextDOWNlag_z)",0.000686136652945923,0.000203534427606377,0.101299640169659,0.0304104750391004
143,"s(nextDOWNlag_z)",0.0961221956294624,0.000399752478734998,0.139566407824501,0.041364925392215
144,"s(nextDOWNlag_z)",-0.000301111752950112,4.10299109783017e-06,0.0140196015525059,0.0042373674008342
145,"s(nextDOWNlag_z)",0.0572259736204527,0.000407321666784481,0.164244140597617,0.0545487606556353
146,"s(nextDOWNlag_z)",0.0253019600389763,9.03500108682291e-05,0.0683705440494516,0.0224413957408587
147,"s(nextDOWNlag_z)",-0.0346267400659579,0.000166373640991466,0.0779794644400237,0.0241152437034158
148,"s(nextDOWNlag_z)",0.028367357633957,0.000146041682788848,0.0881454402037643,0.026522512079663
149,"s(nextDOWNlag_z)",-0.000954925359298864,0.000126064689907583,0.0765269210910822,0.0230735383832207
150,"s(nextDOWNlag_z)",0.000831311469858154,0.000100341216817863,0.0686823101675497,0.0206263137224355
151,"s(nextDOWNlag_z)",0.000136645811630642,2.16616790301902e-07,0.00312981170293611,0.000946430291455988
152,"s(nextDOWNlag_z)",0.0303516395016368,0.000244557067430711,0.1076485218405,0.0324433171963958
153,"s(nextDOWNlag_z)",0.0619474396458863,0.000278666352799251,0.112262239210919,0.0338391105457623
154,"s(nextDOWNlag_z)",0.0337735116106248,0.000392677828928806,0.15201466847231,0.0477242569050538
155,"s(nextDOWNlag_z)",0.239883336946122,0.00162280668986471,0.165995120773708,0.0452615761569099
156,"s(nextDOWNlag_z)",0.0726348963490693,0.000500059098183432,0.189227946924323,0.0470327740879729
157,"s(nextDOWNlag_z)",0.00187343563258768,3.78961050899456e-06,0.013197715683584,0.00397013141132702
158,"s(nextDOWNlag_z)",0.000219727470749498,2.09764983612548e-07,0.00310684418807102,0.000935764150596255
159,"s(nextDOWNlag_z)",0.00731264907605333,0.000384304129463167,0.129048087238616,0.03885708515925
160,"s(nextDOWNlag_z)",0.0661480322571718,0.000318652111428403,0.112355234142965,0.0341042945909464
161,"s(nextDOWNlag_z)",0.00107629402842191,5.52015714912396e-06,0.0161550254979279,0.00488581538413942
162,"s(nextDOWNlag_z)",0.0600187135675561,0.000321203501774175,0.143370621822421,0.0435949316030419
163,"s(nextDOWNlag_z)",0.0995493491393589,0.000543430755487966,0.244041812194358,0.0638745741318682
164,"s(nextDOWNlag_z)",0.0441665216286042,0.000334499191365842,0.1253900284908,0.0376842794621297
165,"s(nextDOWNlag_z)",-0.128768931563753,0.000123305185609497,0.0740721225914468,0.0223262866494282
166,"s(nextDOWNlag_z)",0.0380707322955423,0.00031263298022287,0.120587455500954,0.0363004207798394
167,"s(nextDOWNlag_z)",0.0310796516132927,0.00020699208906803,0.100865316920915,0.0302980482989243
168,"s(nextDOWNlag_z)",0.000287731057107554,2.95790211274244e-07,0.00376436769130884,0.00114147332549688
169,"s(nextDOWNlag_z)",0.0436389711649282,0.000300842677298743,0.116178815805713,0.0350551138221666
170,"s(nextDOWNlag_z)",0.000847116788939783,3.59704849113747e-05,0.0404961702243002,0.0121352264673866
171,"s(nextDOWNlag_z)",0.0014136432025772,2.19860089213571e-07,0.00317816582257379,0.000948048266817671
172,"s(nextDOWNlag_z)",0.0108273363162833,5.49097526435844e-05,0.0487744110843096,0.0146975150569492
173,"s(nextDOWNlag_z)",0.0980443118406448,0.000645628919264735,0.189809528474701,0.0566770391917939
174,"s(nextDOWNlag_z)",0.0331200912219762,0.000258253600805911,0.111425909649656,0.0335081035710032
175,"s(nextDOWNlag_z)",0.0566971159912435,0.000306800674622598,0.122920795530295,0.0369824536490936
176,"s(nextDOWNlag_z)",0.101805809653036,0.000912093919476654,0.348018805242599,0.112118682624705
177,"s(nextDOWNlag_z)",-0.00255601347760892,0.000122479422969353,0.0796481852680354,0.0240051089743037
178,"s(nextDOWNlag_z)",0.109725569784238,0.000949643376686203,0.342645714079877,0.105081878000693
179,"s(nextDOWNlag_z)",0.0487668083328017,0.00031820499960746,0.10919459146035,0.0335434452629944
180,"s(nextDOWNlag_z)",0.0806434299806034,0.000486025079088411,0.17869010492825,0.048093983897456
181,"s(nextDOWNlag_z)",0.16053649399572,0.00081647931673325,0.203542485222016,0.0586867153655766
182,"s(nextDOWNlag_z)",0.00864629563551422,5.26378846717659e-05,0.0501120600215071,0.0150404841046571
183,"s(nextDOWNlag_z)",0.0198912603786348,0.000289697012229151,0.111781351665144,0.0335296418072107
184,"s(nextDOWNlag_z)",-0.00818625306707688,0.00130847748885717,0.13072567648586,0.038606163659174
185,"s(nextDOWNlag_z)",0.111316114332573,0.000628911595719189,0.184904125168086,0.0559801119917748
186,"s(nextDOWNlag_z)",0.00790145046853108,1.59285487585024e-05,0.0266678953363687,0.00794787500872922
187,"s(nextDOWNlag_z)",0.0645252614445828,0.00015074047707229,0.0981958739125492,0.0280288602127974
188,"s(nextDOWNlag_z)",0.133432379776147,0.000496171748070223,0.134433430880455,0.0436618038855044
189,"s(nextDOWNlag_z)",0.0603352230739398,0.000209483760611343,0.0928128105234966,0.026055721535967
190,"s(nextDOWNlag_z)",0.12818546299661,0.00105046023392972,0.218815603456375,0.0661048315457097
191,"s(nextDOWNlag_z)",0.0662078973727477,0.000273061409063483,0.0624293818881297,0.0170702646887592
192,"s(nextDOWNlag_z)",0.00933867148522949,3.5644572676333e-05,0.0416092409358717,0.0125619926121335
193,"s(nextDOWNlag_z)",0.0221181121271085,0.000490888458669625,0.17822497885757,0.0600425508544343
194,"s(nextDOWNlag_z)",0.0235457880723131,6.35358280075062e-05,0.0516830265640271,0.0163211447843724
195,"s(nextDOWNlag_z)",-0.0879697893739262,1.84655453599221e-05,0.0297953534710351,0.0094168539922119
196,"s(nextDOWNlag_z)",-0.0298588136907352,4.23695687283978e-06,0.0140673039125575,0.00424477794259979
197,"s(nextDOWNlag_z)",0.117247479429144,0.00048144934408194,0.230207219592522,0.067687418350764
198,"s(nextDOWNlag_z)",0.198487522576545,0.00175381203336203,0.167289652237787,0.0513522195016608
199,"s(nextDOWNlag_z)",0.0503965623488976,0.000340367317751782,0.151988644882499,0.0466066423279373
200,"s(nextDOWNlag_z)",0.0412858720548006,0.000230524395293746,0.108674003817384,0.0324850454198924
201,"s(nextDOWNlag_z)",0.0594595011436887,0.000527320529804422,0.152436137635751,0.0457986381385357
202,"s(nextDOWNlag_z)",0.0227194855888644,0.000100346084014463,0.0708137034127978,0.0211416226782771
203,"s(nextDOWNlag_z)",-0.0123047208843252,3.82928107827061e-05,0.0398589236338928,0.0119980344989075
204,"s(nextDOWNlag_z)",0.00532781661882797,1.83213809507571e-05,0.0306787557915477,0.00922845431723321
205,"s(nextDOWNlag_z)",0.0220532936498696,8.85545534151708e-05,0.0632577591539255,0.0213919642617717
206,"s(nextDOWNlag_z)",0.00852123439472807,0.000182238041910687,0.100784572162265,0.0304265087546798
207,"s(nextDOWNlag_z)",0.00399696618908996,9.46387137214019e-06,0.0210287634706002,0.00633994669367631
208,"s(nextDOWNlag_z)",0.0075302764351185,1.28050254218958e-05,0.0237333176132565,0.00715348161898507
209,"s(nextDOWNlag_z)",0.043725168545248,0.000211122103847505,0.171052022212962,0.0452854858137341
210,"s(nextDOWNlag_z)",0.0148114111721116,6.75427848356862e-05,0.0470744695683735,0.0145735185568426
211,"s(nextDOWNlag_z)",0.0453009164203182,0.000102137043767842,0.107389979973872,0.0298759242211881
212,"s(nextDOWNlag_z)",0.00361184621487975,7.96523521295814e-06,0.0196063222602303,0.00588491505726282
213,"s(nextDOWNlag_z)",0.000685188561739825,3.93707461875921e-08,0.0015374652434513,0.000462543624454659
214,"s(nextDOWNlag_z)",0.0290164820299414,0.000203824403195802,0.096486116926333,0.0292334601926213
215,"s(nextDOWNlag_z)",0.0223686107654945,0.000365673721826285,0.135547533859151,0.0408163575790315
216,"s(nextDOWNlag_z)",0.0862434258245128,0.000767691499525333,0.260197937961052,0.0685054249532656
217,"s(nextDOWNlag_z)",0.0366572558886989,4.8784489583995e-05,0.0335937052747584,0.00896704163153358
218,"s(nextDOWNlag_z)",-0.00148271802561784,7.50930320634912e-06,0.0184564461157666,0.00553183203160306
219,"s(nextDOWNlag_z)",0.00349003117603441,0.000116438786403607,0.0837831954675312,0.0272537134735495
220,"s(nextDOWNlag_z)",0.0936505331958912,0.00102610120271379,0.214758616331438,0.0651119378312374
221,"s(nextDOWNlag_z)",0.0169819558206734,9.4596531616192e-05,0.0657070814631878,0.0197062468764197
222,"s(nextDOWNlag_z)",0.0564642498987202,0.00133168328110165,0.244724762246787,0.0735786745127827
223,"s(nextDOWNlag_z)",0.0033308392737087,1.56463809349009e-06,0.00867718404616011,0.00259783747580683
224,"s(nextDOWNlag_z)",0.0870209219287151,0.000553864122520178,0.172578458234192,0.0515242941364753
225,"s(nextDOWNlag_z)",0.0238362540318655,4.43949737641445e-05,0.032501155437891,0.00880450669325898
226,"s(nextDOWNlag_z)",0.000181358552197697,8.80976924175592e-07,0.00729740175514111,0.00221157926075453
227,"s(nextDOWNlag_z)",0.113869466152677,0.000540648288129797,0.104514632434434,0.0349844304915597
228,"s(nextDOWNlag_z)",0.00720803258131064,2.72701942012889e-05,0.0347539517446875,0.0104591799227321
229,"s(nextDOWNlag_z)",0.122293874291765,0.000687576832630357,0.138735203002813,0.0489666041731782
230,"s(nextDOWNlag_z)",0.0363447763863394,0.000135593987169257,0.0909081799676205,0.0263528285064803
231,"s(nextDOWNlag_z)",0.0157330312891631,0.000248058542497844,0.104181163689156,0.0312467073163017
232,"s(nextDOWNlag_z)",0.0257083278875498,0.000198578433100414,0.0954272901465206,0.0287225793306979
233,"s(nextDOWNlag_z)",0.0330967103205433,6.30798854965728e-05,0.0557987784972179,0.0168217531765407
234,"s(nextDOWNlag_z)",0.0189053300241108,0.000342862341185254,0.13024928943193,0.0391883225879339
235,"s(nextDOWNlag_z)",0.00984525449655083,0.000112636419319488,0.095985859183571,0.031934735107963
236,"s(nextDOWNlag_z)",0.0641198820369627,0.000380169264724425,0.273734103407303,0.0857038572314461
237,"s(nextDOWNlag_z)",0.086256548511574,0.000910596043555295,0.202642085091119,0.0614054440203356
238,"s(nextDOWNlag_z)",0.0945579534558648,0.000350619479718813,0.145693491234777,0.0434107023523689
239,"s(nextDOWNlag_z)",0.0738349112356333,0.000469497546923226,0.196997936556434,0.0543009193600455
240,"s(nextDOWNlag_z)",0.00979421686164694,7.812980219918e-05,0.0586597008869989,0.0177903346868253
241,"s(nextDOWNlag_z)",0.0208466352856811,7.11230017433346e-05,0.0570085249859617,0.0172937046412627
242,"s(nextDOWNlag_z)",0.151998504833845,0.000875281967036476,0.325001901651606,0.0937494074607064
243,"s(nextDOWNlag_z)",0.114739924099374,0.000480090772213124,0.1426769517054,0.0437694279884467
244,"s(nextDOWNlag_z)",0.0208340724352312,0.000148598962560458,0.0812598155936804,0.0243144427438494
245,"s(nextDOWNlag_z)",0.0288783084076945,8.25311768622829e-05,0.0502980252346385,0.0161619957307457
246,"s(nextDOWNlag_z)",0.0187529823289012,0.000127693067352553,0.0763907128586104,0.0230632641031949
247,"s(nextDOWNlag_z)",0.0313765070353095,0.000139936630862286,0.0810194339002805,0.0244329351872926
248,"s(nextDOWNlag_z)",0.0431249692238583,0.000336221989220851,0.0749969295050914,0.0243015249704645
249,"s(nextDOWNlag_z)",0.0531602710418331,0.000296412316277337,0.0633517752521866,0.0201562737903308
250,"s(nextDOWNlag_z)",0.0310099170008483,0.000161305588425373,0.0850146489716702,0.0257309822322979
251,"s(nextDOWNlag_z)",0.103954037908051,0.000603979043278816,0.096034189623849,0.0254579505040609
252,"s(nextDOWNlag_z)",0.108526046839913,0.000699033031331989,0.154405252898797,0.0444994613710718
253,"s(nextDOWNlag_z)",0.0918997580051473,0.000714029700168301,0.183902539514742,0.0555757364871126
254,"s(nextDOWNlag_z)",0.0757126719566618,0.000420001146087616,0.162164013035713,0.0472775879640098
255,"s(nextDOWNlag_z)",0.0195595315003169,0.000528821994543671,0.255529027449418,0.0640491606069089
256,"s(nextDOWNlag_z)",-0.0335979900322665,5.20104142732629e-05,0.0385265669104972,0.0117828158932266
257,"s(nextDOWNlag_z)",0.0433299587211577,0.000754244152740761,0.181856948314452,0.054554792482739
258,"s(nextDOWNlag_z)",0.0518345041291614,0.000347028599009921,0.129763971265981,0.0388450260202955
259,"s(nextDOWNlag_z)",0.0635630739408036,0.000253024026977361,0.0647813969008646,0.0193177228490877
260,"s(nextDOWNlag_z)",0.0450555545989808,0.000496624067678469,0.148385201996467,0.0450299696006709
261,"s(nextDOWNlag_z)",0.0103199696913954,4.94671061075785e-05,0.0476779855977197,0.0143792057233572
262,"s(nextDOWNlag_z)",0.120344746398629,0.000573664116547497,0.108105878874097,0.0345835701022924
263,"s(nextDOWNlag_z)",0.0795988914260017,0.000339904639964559,0.125001684438157,0.0368415746879571
264,"s(nextDOWNlag_z)",0.0576867700245827,0.000391681705443951,0.136875577961488,0.0413854537895947
265,"s(nextDOWNlag_z)",0.0155841793191487,0.000120744550385487,0.0750777700975614,0.0225542915057067
266,"s(nextDOWNlag_z)",0.0186608134032639,0.000164894667227936,0.0883112074291412,0.0266233904578327
267,"s(nextDOWNlag_z)",0.00432292644340315,3.54131203302006e-05,0.0402694251986212,0.0121202717546654
268,"s(nextDOWNlag_z)",0.0982535453812114,0.000503100700567417,0.111757348203388,0.0365788136490418
269,"s(nextDOWNlag_z)",0.0179120482905384,0.000101694646085285,0.0696866125019091,0.0210454272078707
270,"s(nextDOWNlag_z)",-0.00159659863068162,1.37205820519456e-05,0.0248566350337876,0.00745212593258087
271,"s(nextDOWNlag_z)",-0.00135067086906249,3.62699912765525e-05,0.040620641513845,0.0121683991619673
272,"s(nextDOWNlag_z)",0.0813501197736088,0.000351679929178955,0.199564688284184,0.064305580256403
273,"s(nextDOWNlag_z)",0.00995441783436357,0.000106170926855436,0.0719519187622702,0.0216852301162753
274,"s(nextDOWNlag_z)",0.0516426103694461,0.000261917705337387,0.118459555778919,0.0356023330774975
275,"s(nextDOWNlag_z)",0.0371314175099118,0.00011245466464895,0.12421884552088,0.0355057492406025
276,"s(nextDOWNlag_z)",0.000292281855334808,1.49367087884419e-07,0.00257896643222905,0.000776822403259032
277,"s(nextDOWNlag_z)",0.117069981189052,0.000578961002057176,0.11304869179583,0.0401393635257696
278,"s(nextDOWNlag_z)",0.0905291189356363,0.000451787283302302,0.0907984202949031,0.0255929060404195
279,"s(nextDOWNlag_z)",0.0369994573072057,0.000118266954520692,0.0790929757665597,0.0237894240012479
280,"s(nextDOWNlag_z)",0.0683135021661301,0.000414764575840228,0.116443193488637,0.0390775463571113
281,"s(nextDOWNlag_z)",-0.000619205973689474,2.45706715184728e-06,0.0107057718114445,0.00324390614657018
282,"s(nextDOWNlag_z)",0.0340349496292163,0.000391478130101215,0.176425717265328,0.0608521376219776
283,"s(nextDOWNlag_z)",0.07809907991233,0.000431937056381965,0.167651702856662,0.044433090881925
284,"s(nextDOWNlag_z)",0.00971213080299949,4.91025502102511e-05,0.0485329646042615,0.0145601242376724
285,"s(nextDOWNlag_z)",0.0288141372901309,2.75443936997392e-05,0.0304490754463785,0.00911103927809405
286,"s(nextDOWNlag_z)",0.0087274568363529,1.52273823040191e-05,0.0265544869715208,0.00800001849146755
287,"s(nextDOWNlag_z)",0.125554333701375,0.000579674083508272,0.134965352259053,0.0455638558900814
288,"s(nextDOWNlag_z)",0.00221179838850627,6.93035738978508e-06,0.0175942283227663,0.00531662115156581
289,"s(nextDOWNlag_z)",0.0454408982896916,0.000355852520366209,0.129542622160863,0.0391472040724931
290,"s(nextDOWNlag_z)",0.066935686978755,0.000311277652013217,0.168488490082941,0.045503944894381
291,"s(nextDOWNlag_z)",0.0395395759327746,0.000242510367723866,0.111236032620673,0.0338039742431393
292,"s(nextDOWNlag_z)",0.0683847652276184,0.000211061640290933,0.173373258941581,0.0493167027849056
293,"s(nextDOWNlag_z)",0.0286176632796867,0.000162237594866417,0.0584182007385017,0.0171500347575337
294,"s(nextDOWNlag_z)",0.0389226463161283,0.00013401005601923,0.151792728344794,0.0450951605151259
295,"s(nextDOWNlag_z)",0.0917043449485866,0.000722381994651162,0.21131309452918,0.0633776596171654
296,"s(nextDOWNlag_z)",0.00325391837640621,0.00022895038370807,0.102009694092989,0.0308942022059551
297,"s(nextDOWNlag_z)",0.0494017506715322,0.00044737965927005,0.14594217151874,0.044007735588788
298,"s(nextDOWNlag_z)",0.00429683074580822,1.01085401842795e-05,0.021991411933109,0.00658129354678233
299,"s(nextDOWNlag_z)",0.00472389375490101,6.41303060827204e-05,0.0546311752980609,0.0164453260203173
300,"s(nextDOWNlag_z)",-0.000209223169621575,1.83164263791708e-06,0.00904430410999632,0.00274654649270653
301,"s(nextDOWNlag_z)",0.0580989900863706,0.000374842036866462,0.136224869982954,0.0413322589177475
302,"s(nextDOWNlag_z)",0.00969324969586705,5.760678593778e-05,0.0524562155915401,0.0158155856263429
303,"s(nextDOWNlag_z)",-0.0370787325532403,7.54166113472853e-05,0.0619388517407072,0.018617474223602
304,"s(nextDOWNlag_z)",0.0174149835713261,0.000130089292324597,0.0775576289452076,0.0233031018828346
305,"s(nextDOWNlag_z)",0.0270758668694975,0.000183635783239847,0.101405971691222,0.0306664751085538
306,"s(nextDOWNlag_z)",0.0581143446197975,0.000349554763876293,0.13056076188977,0.0391418711720403
307,"s(nextDOWNlag_z)",0.0519699349683667,0.000767482848632717,0.148956241750812,0.0452344036314909
308,"s(nextDOWNlag_z)",0.00664376913331544,2.16856307983928e-05,0.0315387216452516,0.00952469037296811
309,"s(nextDOWNlag_z)",0.0576334012240161,0.000593883803763561,0.162272421104854,0.0488108545190418
310,"s(nextDOWNlag_z)",0.0867062517829479,0.000604764852225529,0.100313545371256,0.0288875167859347
311,"s(nextDOWNlag_z)",0.13193861098771,0.000868269212889807,0.268763958637836,0.0717231645276582
312,"s(nextDOWNlag_z)",0.0848983178096778,0.000807002355842428,0.192755725276957,0.0585729233130131
313,"s(nextDOWNlag_z)",0.00260890919856882,0.000141770495608918,0.0805879962357531,0.0241179007084859
314,"s(nextDOWNlag_z)",0.0199075641122459,4.63096600125077e-05,0.0533849702444488,0.0157643133735147
315,"s(nextDOWNlag_z)",0.0662918709152972,0.000402748409468144,0.221287543804606,0.0653151207918436
316,"s(nextDOWNlag_z)",0.00878361713406994,8.13775875527747e-06,0.0209574601684257,0.00631259641969392
317,"s(nextDOWNlag_z)",0.125926377872122,0.000226401592574226,0.124637636907959,0.035344079611441
318,"s(nextDOWNlag_z)",0.00344829294045101,6.52094002496109e-06,0.0176793083546312,0.00532883054728546
319,"s(nextDOWNlag_z)",0.0121175842761818,7.12431019471663e-05,0.0606683462368614,0.0181851892755689
320,"s(nextDOWNlag_z)",0.0257015612821831,7.87806783568576e-05,0.0734031757240354,0.0225680699535023
321,"s(nextDOWNlag_z)",0.143416134667545,0.00117801729120013,0.477335338501713,0.123473872728985
322,"s(nextDOWNlag_z)",0.00120954978169763,7.93607784250513e-07,0.00585216389517823,0.00176815438084276
323,"s(nextDOWNlag_z)",0.0896713044933195,0.00061114397880611,0.110020659209472,0.031896769628582
324,"s(nextDOWNlag_z)",0.000955137639896075,1.04278930979326e-05,0.0231917603700419,0.00700309440722356
325,"s(nextDOWNlag_z)",-7.04714994063105e-05,2.92385212608429e-06,0.0123776381414337,0.00374388984681545
326,"s(nextDOWNlag_z)",0.0168788554852337,1.4232787530972e-05,0.0199209415693431,0.00516620522085441
327,"s(nextDOWNlag_z)",0.0461611060246879,0.000231777813607541,0.10187316136665,0.0305572934136461
328,"s(nextDOWNlag_z)",0.0334901056428237,7.90097239417876e-05,0.143737151966465,0.0435363669518953
329,"s(nextDOWNlag_z)",0.00307509235795722,1.31797112235256e-05,0.0240863020492362,0.00727760147265837
330,"s(nextDOWNlag_z)",0.0293343873084722,0.000184327363305182,0.0945414238253606,0.028431688696241
331,"s(nextDOWNlag_z)",0.0369985755896636,8.37260512846728e-05,0.0367703815521592,0.0105924948451334
332,"s(nextDOWNlag_z)",0.015746757042835,6.7591587411995e-05,0.0536333733778004,0.0166573458088946
333,"s(nextDOWNlag_z)",0.0278265909267319,0.000298748806161923,0.168105830340624,0.0544233508214148
334,"s(nextDOWNlag_z)",0.0842887670980452,0.000751179534700013,0.182664946192157,0.0550329914615812
335,"s(nextDOWNlag_z)",0.0139805368716581,3.08402649419215e-05,0.0416973421112776,0.0125777462283173
336,"s(nextDOWNlag_z)",0.0539039486683826,0.000123186224736003,0.0625621921424401,0.0195569385078865
337,"s(nextDOWNlag_z)",0.0132049229870074,0.00021940330224545,0.10516179112765,0.0318931704970501
338,"s(nextDOWNlag_z)",0.00555764468578213,1.28153347906973e-05,0.0171797086690615,0.00417861442095304
339,"s(nextDOWNlag_z)",0.00158470665725496,3.29162847194939e-06,0.0134016997515546,0.00401520531711648
340,"s(nextDOWNlag_z)",0.0924014810254665,0.00046322912725963,0.106273145995942,0.0339094997455802
341,"s(nextDOWNlag_z)",0.0766507613126419,0.000273244330943716,0.18962829302138,0.0554147869413222
342,"s(nextDOWNlag_z)",0.0399090766807442,0.000476356320051815,0.11044004447113,0.0367345188401963
343,"s(nextDOWNlag_z)",-0.050708809553452,4.8687362391352e-05,0.0492953110293036,0.0149429191092826
344,"s(nextDOWNlag_z)",0.00317420758931553,2.81534217194603e-06,0.0109389457784721,0.00340215052670015
345,"s(nextDOWNlag_z)",0.00264256244589933,1.53324895480265e-05,0.0260970605061684,0.00780040347957209
346,"s(nextDOWNlag_z)",0.0190460489961927,6.15441934880752e-05,0.0530549553199403,0.0159205227949213
347,"s(nextDOWNlag_z)",0.00153084303117879,4.07346160114196e-08,0.00153386220036065,0.000459689853082846
348,"s(nextDOWNlag_z)",0.0037279163813666,0.000281173461611752,0.118971824226647,0.0357568739562928
349,"s(nextDOWNlag_z)",0.00692186484766766,3.19135644556323e-05,0.0381577684954923,0.0114035164355422
350,"s(nextDOWNlag_z)",0.00499130962452032,0.000279276260702275,0.113451802546811,0.034045244127397
351,"s(nextDOWNlag_z)",0.0768042775088114,0.000783366446250113,0.18234057768653,0.0629823709872533
352,"s(nextDOWNlag_z)",0.0326687521049291,0.000112014084785088,0.0846142858390206,0.0255834993640032
353,"s(nextDOWNlag_z)",0.0830554196470448,0.000631443666415323,0.171609798936079,0.0514585980181498
354,"s(nextDOWNlag_z)",0.12158992250116,0.000611039042782788,0.333942990993542,0.10124712522799
355,"s(nextDOWNlag_z)",0.0584158571244876,0.000182518557798958,0.101368034491835,0.0301786541052356
356,"s(nextDOWNlag_z)",0.0196872189789593,0.000299371161731079,0.116403266943984,0.0350440740323612
357,"s(nextDOWNlag_z)",-0.0286706939349621,0.000222840642003473,0.153808316959992,0.0458780481806867
358,"s(nextDOWNlag_z)",0.00769241762813611,5.47598589643312e-05,0.0449098869917792,0.0139489310492123
359,"s(nextDOWNlag_z)",0.125858378181094,0.000607690784408489,0.151116124958421,0.0438283563955343
360,"s(nextDOWNlag_z)",0.0747563506991797,0.000377691397666923,0.0984302835520075,0.0301097729057468
361,"s(nextDOWNlag_z)",0.021798936389396,4.68902389109081e-05,0.0418979207312049,0.0132903091844578
362,"s(nextDOWNlag_z)",0.0430712582299462,0.000387285492869211,0.139591335186336,0.0420353954334118
363,"s(nextDOWNlag_z)",0.0444639142203175,0.000102455220966828,0.0735116538757444,0.0209574172611287
364,"s(nextDOWNlag_z)",0.00846108812811741,0.00016691293083661,0.0863168904397913,0.0259315744731816
365,"s(nextDOWNlag_z)",0.0581689540710223,0.000126064762085247,0.0791077532557296,0.0237842606185041
366,"s(nextDOWNlag_z)",0.0637031519823382,0.000498506193711458,0.122473411038479,0.0458417569551327
367,"s(nextDOWNlag_z)",0.0205287404650102,0.000115509392517372,0.0724291151841417,0.0218933923756159
368,"s(nextDOWNlag_z)",-4.21397043892657e-05,1.46184300782576e-05,0.0257201504734025,0.00773940695860122
369,"s(nextDOWNlag_z)",0.000608453715240431,5.56182087515432e-09,0.000522486821722707,0.000159152798210425
370,"s(nextDOWNlag_z)",0.0348900570011258,0.000141475780886043,0.0783090335381201,0.0234978611802189
371,"s(nextDOWNlag_z)",0.00220942615833963,1.6234652261622e-05,0.0281755161926016,0.00851573485814108
372,"s(nextDOWNlag_z)",0.00250014710800706,5.40229556934206e-05,0.048281388725883,0.0144660694278435
373,"s(nextDOWNlag_z)",0.0618287439082827,0.000199556704653564,0.0918794600910287,0.0268450912265918
374,"s(nextDOWNlag_z)",0.0944451801808639,0.000716836377601405,0.325421007668445,0.0885123362205383
375,"s(nextDOWNlag_z)",0.00764273646977087,0.000119672588149408,0.0750762899591183,0.0224929564217411
376,"s(nextDOWNlag_z)",0.0260649356340972,0.000375655512021371,0.19163115346801,0.0499482795060013
377,"s(nextDOWNlag_z)",-0.00010382017590016,3.96432972157543e-06,0.0136068625689722,0.00408866389880248
378,"s(nextDOWNlag_z)",0.0266802795086818,0.000256507812873079,0.131017900555342,0.0427874878045897
379,"s(nextDOWNlag_z)",-0.0265977120005949,6.35467516443697e-05,0.0529792719239031,0.016064007288163
380,"s(nextDOWNlag_z)",0.0853581985748101,0.000799388704890461,0.190268949372584,0.0568934852187045
381,"s(nextDOWNlag_z)",0.137587614814582,0.000696431673957604,0.309483988268575,0.108620369121447
382,"s(nextDOWNlag_z)",0.0266999997690913,0.000165219025416865,0.0870511664080157,0.026127353898429
383,"s(nextDOWNlag_z)",0.0650045011248022,0.000359081661657779,0.228582502537704,0.0702126855945742
384,"s(nextDOWNlag_z)",0.000171245657707875,6.7140208922792e-09,0.000540149080324731,0.000161219504689865
385,"s(nextDOWNlag_z)",0.0501392587550278,0.000363878295506189,0.126241369657635,0.0379837376763929
386,"s(nextDOWNlag_z)",0.0105235967302744,4.44608266258347e-06,0.0141197176649109,0.00424079296805674
387,"s(nextDOWNlag_z)",0.107879472916904,0.000482511763200392,0.145433819400553,0.0443206021191011
388,"s(nextDOWNlag_z)",0.125821976806667,0.000610200081666811,0.233105417450753,0.0627352997423797
389,"s(nextDOWNlag_z)",0.00190850369856976,7.72641034128642e-05,0.0621305862755759,0.0186578336426337
390,"s(nextDOWNlag_z)",0.0334771664282234,0.000217746445708243,0.067024793631927,0.0207632941005444
391,"s(nextDOWNlag_z)",0.0212971879345653,0.000273919876171625,0.111288732296729,0.0335103052241101
392,"s(nextDOWNlag_z)",0.0119178842250556,3.52701454102122e-05,0.0691744651383094,0.0215375537989614
393,"s(nextDOWNlag_z)",0.0825342868172201,0.000686067209392259,0.117959212124063,0.0345915280071798
394,"s(nextDOWNlag_z)",0.0300045797074555,0.000176229618386931,0.0900770527334454,0.0272735386285354
395,"s(nextDOWNlag_z)",0.0243589241070712,0.000276675114087628,0.116520980757151,0.0352142159044621
396,"s(nextDOWNlag_z)",0.0669410985139879,0.000170412850397456,0.192902965622529,0.0564555023800464
397,"s(nextDOWNlag_z)",0.0106917731159817,8.08609197494962e-05,0.0711752916218537,0.0230323638304504
398,"s(nextDOWNlag_z)",0.0995778370225495,0.000468962198109883,0.0987356395494091,0.0309658152371171
399,"s(nextDOWNlag_z)",0.00241993476602298,1.91623745838258e-06,0.0092917075121013,0.00279223325741283
400,"s(nextDOWNlag_z)",-0.00505129072068922,0.00041088365785803,0.139282999262699,0.0416871970528077
401,"s(nextDOWNlag_z)",0.000151054267975459,1.18675385028664e-07,0.00242014585878704,0.000726330128136519
402,"s(nextDOWNlag_z)",0.134365236522386,0.000915387649451471,0.257960559868013,0.0684979675250701
403,"s(nextDOWNlag_z)",0.00664068325589762,0.000161416488756016,0.0857477905613729,0.0258429579880198
404,"s(nextDOWNlag_z)",0.0414713467687298,0.000261149575503278,0.109514085467987,0.0330207938366376
405,"s(nextDOWNlag_z)",0.0268417996474661,0.000170437266726765,0.0886503954639302,0.0268017770914077
406,"s(nextDOWNlag_z)",0.147546772163801,0.00092662606062137,0.16330111897262,0.050030880985325
407,"s(nextDOWNlag_z)",0.0361132611600667,0.000288410682616877,0.114817733029656,0.0344615852856704
408,"s(nextDOWNlag_z)",0.0091851758558753,1.65831300657657e-05,0.0265721101459162,0.00796596585744989
409,"s(nextDOWNlag_z)",0.0192841347710426,0.000216465673553535,0.0998651118732177,0.0301436779770725
410,"s(nextDOWNlag_z)",0.103490201715569,0.000558108723808414,0.290381695606243,0.0758748662982577
411,"s(nextDOWNlag_z)",0.0759859240763652,0.000416099460486209,0.137592169897889,0.0411638575511403
412,"s(nextDOWNlag_z)",0.0563634801780328,0.000291505450756759,0.195386270812737,0.0583948460157386
413,"s(nextDOWNlag_z)",0.00468811464384977,1.40666245117112e-05,0.0256037444107996,0.00767988596879955
414,"s(nextDOWNlag_z)",0.000376315283021844,5.32701085750554e-08,0.00152703031937889,0.000460096515256623
415,"s(nextDOWNlag_z)",-0.000863988380041314,3.64235568277042e-06,0.0129479735743335,0.00389504257169889
416,"s(nextDOWNlag_z)",0.0129047403327442,6.25468460357812e-05,0.0551700329251645,0.0167347671934903
417,"s(nextDOWNlag_z)",0.0753471347842098,0.000518727384222925,0.168720006477778,0.0503015968300552
418,"s(nextDOWNlag_z)",0.0254425605321248,0.000138669701238863,0.103174303021998,0.0339721258460302
419,"s(nextDOWNlag_z)",0.0920932124738756,0.000452764330687026,0.194664801582971,0.0612037553473
420,"s(nextDOWNlag_z)",0.000771509779233792,0.000623224525693409,0.0850499001567639,0.0198014705361896
421,"s(nextDOWNlag_z)",-0.0974635330835361,1.26356776489373e-05,0.0239511622658493,0.00721184641250012
422,"s(nextDOWNlag_z)",0.0209236870137933,0.000110732941386004,0.0717229444727453,0.0215629427359178
423,"s(nextDOWNlag_z)",0.0076014659645216,1.42143719926739e-05,0.0277485341058981,0.00839154863462906
424,"s(nextDOWNlag_z)",0.0362229773820542,0.000227703336465957,0.104073875764287,0.0313674300323527
425,"s(nextDOWNlag_z)",0.0278277565864715,0.000233161823483352,0.106813723095885,0.0323260929947364
426,"s(nextDOWNlag_z)",0.0498599460644633,0.000108518089508878,0.0617628017287182,0.0190700339204519
427,"s(nextDOWNlag_z)",0.0428159473770764,0.000317174078751333,0.20333678270681,0.0577388016490028
428,"s(nextDOWNlag_z)",0.0277139254142227,8.98934602372908e-05,0.0733761020155116,0.0227413684237375
429,"s(nextDOWNlag_z)",0.0858889154437563,0.000921560942044975,0.158990453015729,0.053964075192747
430,"s(nextDOWNlag_z)",0.0149576659634156,1.6162480877138e-05,0.0285148676098669,0.00864884537329822
431,"s(nextDOWNlag_z)",0.00649625048543301,1.5883729700352e-05,0.027155324723204,0.00820743078120179
432,"s(nextDOWNlag_z)",0.0603388280621939,0.000230728556936865,0.16189748993585,0.048651733864702
433,"s(nextDOWNlag_z)",0.0155414379567687,4.41338275700472e-05,0.0460014267649966,0.0138912812895761
434,"s(nextDOWNlag_z)",0.0282829268037754,0.000206058088555725,0.0475045833014438,0.012475883924789
435,"s(nextDOWNlag_z)",0.0294736711839222,0.000103629621494772,0.0699287750613578,0.0209748797950746
436,"s(nextDOWNlag_z)",0.0463744156646327,0.000275857309618051,0.124285912837193,0.0373293668374083
437,"s(nextDOWNlag_z)",0.116053470155981,0.000476436755841397,0.1640328380165,0.0518174601027757
438,"s(nextDOWNlag_z)",0.0436482317385107,0.000176134813678518,0.0986644618048762,0.0291913925311872
439,"s(nextDOWNlag_z)",0.00182780360945856,1.1928534176098e-06,0.00721933503551329,0.00219063200814225
440,"s(nextDOWNlag_z)",0.000310796170970518,2.9659237908364e-11,3.61119756945302e-05,1.1093448813725e-05
441,"s(nextDOWNlag_z)",0.0987057536027671,0.000866269608504194,0.198947956991009,0.0598374590402373
442,"s(nextDOWNlag_z)",0.0100723491531409,1.3661238055634e-05,0.0253210203563547,0.00770027320098815
443,"s(nextDOWNlag_z)",0.0411837334272738,0.000294426246832975,0.117125508485384,0.0350776929788831
444,"s(nextDOWNlag_z)",0.00952845326291762,0.00022096579291001,0.102116300348061,0.0305351404213154
445,"s(nextDOWNlag_z)",0.0242626115788931,8.60488602104567e-05,0.0590860381177433,0.0190538137717325
446,"s(nextDOWNlag_z)",0.107145266105752,0.00066885558537974,0.154980621893174,0.0439200586932952
447,"s(nextDOWNlag_z)",0.0615911179275956,0.000508801382613261,0.339669622782999,0.0946741856618585
448,"s(nextDOWNlag_z)",0.0732693310674458,0.000243419432443702,0.0924596702113356,0.0290731698776652
449,"s(nextDOWNlag_z)",0.00461597976037209,2.47889945914224e-05,0.0340402541590824,0.0103109061236364
450,"s(nextDOWNlag_z)",3.51626793472226e-05,3.58184748200388e-05,0.0408491904574724,0.0122979366519616
451,"s(nextDOWNlag_z)",0.0237946261562665,0.000325120156727299,0.122630153920883,0.0367952181254395
452,"s(nextDOWNlag_z)",0.110610120667639,0.00045306958247346,0.165543627133678,0.0482740370387715
453,"s(nextDOWNlag_z)",0.000608173336376749,4.12121935376465e-07,0.00419909060229058,0.0012616026621439
454,"s(nextDOWNlag_z)",0.0209797280250217,0.000113345336044523,0.0725185072935723,0.0218775013209777
455,"s(nextDOWNlag_z)",0.119575183664468,0.000722727724378093,0.204434769863797,0.0627491767067825
456,"s(nextDOWNlag_z)",0.0593041684895808,0.000380484734333053,0.19304000865898,0.0606805864348394
457,"s(nextDOWNlag_z)",0.00540206379643926,7.12204928891172e-06,0.0193198409601605,0.00579065752196581
458,"s(nextDOWNlag_z)",0.00374254186744694,9.47564712987098e-06,0.0200289834621664,0.0060328509658269
459,"s(nextDOWNlag_z)",0.0527886362707128,0.000216231105036865,0.23207221575789,0.0738159895429001
460,"s(nextDOWNlag_z)",0.0637387698792748,0.000433780066205684,0.13973423130969,0.0423916574351512
461,"s(nextDOWNlag_z)",0.0194304304994851,0.000158182839657459,0.0861637534976983,0.0259881781661842
462,"s(nextDOWNlag_z)",-0.0654424578280699,0.000173476715642709,0.089607466893001,0.0271373141630419
463,"s(nextDOWNlag_z)",0.0259521103167719,0.000122512409576217,0.0812821901606092,0.0243533560630842
464,"s(nextDOWNlag_z)",0.0279945309741547,0.000131914217039485,0.116743868729441,0.0328026301285459
465,"s(nextDOWNlag_z)",0.000169053536503316,3.73000455220761e-05,0.0404195373234117,0.0121660545465293
466,"s(nextDOWNlag_z)",0.102397441868076,0.000866994778902563,0.126492082425822,0.0453720946694193
467,"s(nextDOWNlag_z)",0.0405761249368651,0.000126850914262645,0.0779275348410269,0.0235822773232092
468,"s(nextDOWNlag_z)",0.12134816302416,0.000774195290833822,0.198924748854269,0.054345108236131
469,"s(nextDOWNlag_z)",0.0756840649720083,0.000972707042896691,0.216088374915042,0.0648667875983824
470,"s(nextDOWNlag_z)",0.0710395576127306,0.000484841018459945,0.132820202374636,0.0377923807143859
471,"s(nextDOWNlag_z)",0.00745024422719509,4.0227935661523e-05,0.0426748876180631,0.0127747661021535
472,"s(nextDOWNlag_z)",0.00626373301889127,1.16310968037794e-05,0.0228828006358626,0.0069201094458228
473,"s(nextDOWNlag_z)",0.00548133806744178,1.98462216972273e-05,0.0295006766222994,0.00888100530451001
474,"s(nextDOWNlag_z)",0.0810547397144599,0.000286454264950695,0.0859823276536693,0.0258155251928463
475,"s(nextDOWNlag_z)",0.0620281775772122,0.000583751591514651,0.166215916440609,0.0500546611191452
476,"s(nextDOWNlag_z)",-0.0312514830656174,0.000134083055407175,0.0786134466967129,0.0236049966340595
477,"s(nextDOWNlag_z)",0.00113876873008179,0.000150913858826187,0.0899961865838851,0.026944104922006
478,"s(nextDOWNlag_z)",-0.000747136927017666,5.304930556118e-05,0.0494136453489721,0.0148342961064431
479,"s(nextDOWNlag_z)",0.0352645926214156,0.000193950031002678,0.0949723985116439,0.0286080501148772
480,"s(nextDOWNlag_z)",0.0600983276757159,0.000641076204351469,0.137275253979895,0.0536343352098284
481,"s(nextDOWNlag_z)",0.00126284723330139,4.47615396230817e-06,0.0145325251541405,0.00438160150581549
482,"s(nextDOWNlag_z)",0.0857036181709316,0.000639575153504232,0.283627642006312,0.0808571684962716
483,"s(nextDOWNlag_z)",-0.000718949552597548,6.80194476701846e-06,0.0174389500999373,0.0052236166980762
484,"s(nextDOWNlag_z)",0.0900340618584587,0.000505805286676001,0.14581027746763,0.0440830394025697
485,"s(nextDOWNlag_z)",0.0170746448032721,7.96709909791071e-05,0.0601769930154452,0.0180348060650623
486,"s(nextDOWNlag_z)",0.000631705433341567,4.97788233656608e-07,0.0047468633374887,0.00143019178465721
487,"s(nextDOWNlag_z)",0.0243691710012968,0.000232214684643273,0.10735364410718,0.0322120577107091
488,"s(nextDOWNlag_z)",0.135185385113148,0.000759591259362433,0.11958485000838,0.035199729342746
489,"s(nextDOWNlag_z)",0.0175479515206491,6.80435459869779e-05,0.0805700712720934,0.0257089940274455
490,"s(nextDOWNlag_z)",0.026984173187238,4.21420311118654e-05,0.0450847678796121,0.013587310583557
491,"s(nextDOWNlag_z)",-0.00155107890061779,9.899662246915e-06,0.0212627621485328,0.00644901114170316
492,"s(nextDOWNlag_z)",0.0131190104813836,8.21666304500981e-05,0.0617497269781465,0.0185436431298688
493,"s(nextDOWNlag_z)",0.0187024833868585,4.08173092693194e-05,0.0353908013600005,0.0104001978708911
494,"s(nextDOWNlag_z)",0.00981558750661427,0.000107255436474192,0.072286882231334,0.0218373542466367
495,"s(nextDOWNlag_z)",0.00632931306952111,1.900705771123e-05,0.0296420810319255,0.00895134740904983
496,"s(nextDOWNlag_z)",0.0190859656637742,0.000109402508735524,0.07616194335301,0.0226367080664493
497,"s(nextDOWNlag_z)",0.000381552588271328,1.03395502890041e-05,0.0215835997355592,0.00653805090914333
498,"s(nextDOWNlag_z)",-0.00115578977777508,2.34210425092278e-06,0.0101505390440363,0.0030580032371327
499,"s(nextDOWNlag_z)",0.196970587287172,0.00112792228616141,0.212817223679936,0.0601402994459387
500,"s(nextDOWNlag_z)",0.0242575432909412,1.84659295004063e-05,0.0219659415606544,0.00687417514995485
501,"s(nextDOWNlag_z)",0.0394088421831656,0.000235529024437113,0.107893066796011,0.0326213071899674
502,"s(nextDOWNlag_z)",0.00112339672204975,3.09073673534027e-05,0.037899564664167,0.0114163721410094
503,"s(nextDOWNlag_z)",0.0454168453841133,0.000234812733515321,0.115691765029578,0.0380999280033162
504,"s(nextDOWNlag_z)",-0.000857077000525175,1.59592321144352e-05,0.0285170718730959,0.00859241304651483
505,"s(nextDOWNlag_z)",0.00276278275287867,5.78767433501735e-06,0.0160756921861755,0.00484117154026706
506,"s(nextDOWNlag_z)",0.0617281110729531,0.000309482863616608,0.143723354073119,0.0384039713354397
507,"s(nextDOWNlag_z)",0.0088258826856682,0.000130486478708709,0.0794341019370589,0.0239704303238547
508,"s(nextDOWNlag_z)",0.00670878408386566,1.89870500744093e-05,0.0293699646180949,0.00886614164397261
509,"s(nextDOWNlag_z)",0.0109786548575979,5.76968143029126e-05,0.0571808222720001,0.0173296231353547
510,"s(nextDOWNlag_z)",-0.0503800169527401,9.95975254747663e-05,0.0966417620014878,0.0298947641202212
511,"s(nextDOWNlag_z)",-0.00282966505854787,0.00012133322309253,0.072784850466377,0.0218541946874211
512,"s(nextDOWNlag_z)",0.0147902104183779,0.000624247260502779,0.173602829883302,0.0521392241534635
513,"s(nextDOWNlag_z)",0.00285527013044606,4.52628442318308e-05,0.0465978902366513,0.0140353390178231
514,"s(nextDOWNlag_z)",-0.0011219594934454,4.36772933759104e-05,0.0489126664860262,0.0147325180218481
515,"s(nextDOWNlag_z)",0.00707200688730514,1.35767902340487e-05,0.0285645359371192,0.00859542550178926
516,"s(nextDOWNlag_z)",0.0130438242352052,0.000113259083926067,0.0793212007799039,0.0277619776408446
517,"s(nextDOWNlag_z)",0.040905352607855,0.000315257136472116,0.119218948586066,0.0358785993206029
518,"s(nextDOWNlag_z)",0.117782544058328,0.000542312902249331,0.279569328014434,0.0798743079941734
519,"s(nextDOWNlag_z)",0.0680122962190165,0.000572103591771934,0.234132897812009,0.0724261806596495
520,"s(nextDOWNlag_z)",0.088918985063254,0.000286068723275626,0.223591790843804,0.0674489859682749
521,"s(nextDOWNlag_z)",0.0628778538138222,0.000488821087478712,0.148714495432698,0.0448948130576087
522,"s(nextDOWNlag_z)",0.127547079042568,0.000606060737909252,0.271946268582817,0.0698290560061447
523,"s(nextDOWNlag_z)",0.111698633839016,0.000453471125357311,0.109501952544881,0.0352580593424365
524,"s(nextDOWNlag_z)",0.00346235331305123,3.09908283646123e-05,0.0362721107819253,0.0109643006035096
525,"s(nextDOWNlag_z)",0.074285865012456,0.000494692718524621,0.133486172774492,0.0377272445374447
526,"s(nextDOWNlag_z)",0.0637646316519372,0.000134966686083531,0.146226164053013,0.0410048996983997
527,"s(nextDOWNlag_z)",0.0292351130789608,0.00104750380757556,0.315400495144897,0.0886842482906575
528,"s(nextDOWNlag_z)",0.00458985886325325,7.30851145160036e-05,0.0376870406073302,0.0112200465687267
529,"s(nextDOWNlag_z)",0.189105591539558,0.000675134378202233,0.170029066096045,0.0551994621922752
530,"s(nextDOWNlag_z)",0.0408826544838015,8.50459939989327e-05,0.049850322389361,0.0157623906023733
531,"s(nextDOWNlag_z)",-0.0612991819473878,0.000482441039509233,0.0731770597030215,0.0189867150818141
532,"s(nextDOWNlag_z)",0.0711948747639162,0.000233414340554152,0.248969633651227,0.0733890900217801
533,"s(nextDOWNlag_z)",0.00017341777042823,2.31168178978177e-08,0.00100680612572876,0.000302669863583444
534,"s(nextDOWNlag_z)",0.0107773443770207,4.62329531943646e-05,0.0493135454668376,0.0148766046022197
535,"s(nextDOWNlag_z)",0.092265665875725,0.000527814615041607,0.0946549502456062,0.0270215310398803
536,"s(nextDOWNlag_z)",0.0274930253089187,0.000162148436281037,0.0894678732877535,0.0267976035836854
537,"s(nextDOWNlag_z)",0.0126563195835721,4.12184558280107e-05,0.0435221347144079,0.0131319621138904
538,"s(nextDOWNlag_z)",0.0406016700287777,0.000499460449101679,0.170838623080374,0.0514377417815955
539,"s(nextDOWNlag_z)",0.00952087894524056,3.81390786805588e-05,0.0417114317485709,0.0125218455164431
540,"s(nextDOWNlag_z)",-0.075600692432894,2.22815655782274e-05,0.0291475993404344,0.00852899025662162
541,"s(nextDOWNlag_z)",0.020284709636551,0.000123447319281941,0.0760390858340076,0.0227538991632615
542,"s(nextDOWNlag_z)",0.0131407383915181,0.000160132378771981,0.0994390242427227,0.0321135446913457
543,"s(nextDOWNlag_z)",0.025772890291676,0.000128839536477127,0.0763772555391318,0.0228707218328249
544,"s(nextDOWNlag_z)",0.00810774563855698,4.19997729081077e-05,0.0455949841361735,0.0136297393824408
545,"s(nextDOWNlag_z)",0.030611262472743,0.000224758600385018,0.104530583988547,0.0313993399413385
546,"s(nextDOWNlag_z)",0.00966014504196488,6.88219511592097e-05,0.0540093036507042,0.0162010239878803
547,"s(nextDOWNlag_z)",0.12198383318442,0.00111773303891732,0.224913900676409,0.0674906770598544
548,"s(nextDOWNlag_z)",0.0125467905384241,9.16066087168436e-05,0.0496692674357696,0.0167921682992316
549,"s(nextDOWNlag_z)",0.0658490662516222,0.000307313598900955,0.131432031156666,0.0352239318897107
550,"s(nextDOWNlag_z)",0.0826654386308967,0.000673981014581701,0.176655493409187,0.0532649356406327
551,"s(nextDOWNlag_z)",-0.027783986225107,0.000104571678163625,0.0686158546311855,0.0206620778853673
552,"s(nextDOWNlag_z)",0.0905030167126962,0.000432142100828667,0.134428753558965,0.0381638880468708
553,"s(nextDOWNlag_z)",0.0667412333664792,0.000388750282413099,0.0813715471641473,0.0216489447547339
554,"s(nextDOWNlag_z)",0.228803734467185,0.00146474961649293,0.202328841299498,0.0591135663793953
555,"s(nextDOWNlag_z)",0.0400103417643296,0.000236576597736435,0.114561597473529,0.0342115138534303
556,"s(nextDOWNlag_z)",-0.00166871703562621,1.25020871379815e-05,0.0243965895479506,0.00734201499528091
557,"s(nextDOWNlag_z)",0.000532972108596264,1.57347464020595e-07,0.00266388923464451,0.000801807706227752
558,"s(nextDOWNlag_z)",0.00230640066923005,1.83101469582431e-06,0.00920273089473345,0.00276620368896232
559,"s(nextDOWNlag_z)",-0.000236045889356218,4.1502911289133e-07,0.00447336328297594,0.00134666731297461
560,"s(nextDOWNlag_z)",0.246579562079428,0.00121098649115997,0.189810536951652,0.0566388211327999
561,"s(nextDOWNlag_z)",0.0513478937975271,0.00048144164186484,0.162732067876839,0.0492327555668605
562,"s(nextDOWNlag_z)",0.152794272604601,0.000718319848256817,0.303388863208806,0.101838047044006
563,"s(nextDOWNlag_z)",0.00271865126059767,1.00634538180395e-05,0.0228145283933206,0.00684804415653393
564,"s(nextDOWNlag_z)",0.0693666289413657,0.000273918972666915,0.130048630397531,0.0382753095549286
565,"s(nextDOWNlag_z)",0.0321420072496947,0.000248758318173919,0.112160375960906,0.0338062500115253
566,"s(nextDOWNlag_z)",-0.0009164600349304,3.40362616141308e-06,0.0127812914800709,0.00383525568311963
567,"s(nextDOWNlag_z)",-0.0245399231646776,0.000163334378375911,0.0880981766976748,0.0267045927377966
568,"s(nextDOWNlag_z)",-0.0382678678527053,2.16319969263037e-06,0.0102455113182068,0.0030872050024357
569,"s(nextDOWNlag_z)",0.0309868799019842,4.96884385808064e-05,0.0369361133074581,0.0109933308493139
570,"s(nextDOWNlag_z)",0.000652303521337716,3.08094528101536e-07,0.00376496757381385,0.00113260819587874
571,"s(nextDOWNlag_z)",0.11636458647685,0.000720902555521825,0.222471812372708,0.066927119359936
572,"s(nextDOWNlag_z)",-0.00131684159967649,4.55072390439173e-06,0.0143977552975323,0.00432095814233101
573,"s(nextDOWNlag_z)",-0.000880177192435161,3.21542241024791e-06,0.0122881732075285,0.00367817698709494
574,"s(nextDOWNlag_z)",0.0755204009403162,0.000330455829184513,0.0709210083327469,0.0185517698041895
575,"s(nextDOWNlag_z)",0.0473464462611687,0.000281013465044838,0.115857772560699,0.0347889694176242
576,"s(nextDOWNlag_z)",-0.00573607896566219,3.59642160862545e-05,0.0442009394218201,0.0132404433286748
577,"s(nextDOWNlag_z)",0.051315020603947,0.000330680927623377,0.0893500121025608,0.0296831781219142
578,"s(nextDOWNlag_z)",0.0521195436933763,0.000380807873575749,0.132265028841063,0.0398638501424026
579,"s(nextDOWNlag_z)",0.030753124986669,0.000276471217774516,0.0638482206789524,0.022535842920866
580,"s(nextDOWNlag_z)",-0.000663857225718933,1.16330469608697e-06,0.00745806709556878,0.00224310636041298
581,"s(nextDOWNlag_z)",0.011627192937535,5.51582476523615e-05,0.0490174648377832,0.0148469645563005
582,"s(nextDOWNlag_z)",0.00518274384643747,3.04602490802507e-05,0.0378037323658872,0.0114380943506238
583,"s(nextDOWNlag_z)",0.010646317972432,8.85348511192938e-05,0.0698051355662453,0.0215928805206488
584,"s(nextDOWNlag_z)",0.0141908972032017,7.43128921271727e-05,0.0635828537460328,0.0208729434764522
585,"s(nextDOWNlag_z)",0.103770437696023,0.00132527508200408,0.256448307551484,0.0774400133014291
586,"s(nextDOWNlag_z)",0.0202982553903552,9.44193487802924e-05,0.0810559973505383,0.0243517532760812
587,"s(nextDOWNlag_z)",0.0792619877345537,0.000692540628819583,0.179812416988647,0.0540681920861399
588,"s(nextDOWNlag_z)",0.0085587792078754,0.000102331354501333,0.069044540807697,0.0208770226465456
589,"s(nextDOWNlag_z)",0.0109996329974622,6.96839253827808e-05,0.0559231787253182,0.0168508799235135
590,"s(nextDOWNlag_z)",0.00115900170548078,0.000234739395291739,0.109843648646963,0.0331642768992676
591,"s(nextDOWNlag_z)",0.00510174236153293,0.000263173166675703,0.108236706946563,0.0326467660935509
592,"s(nextDOWNlag_z)",0.0107718288081661,3.57490261922467e-05,0.0408605802082661,0.0122945816985688
593,"s(nextDOWNlag_z)",0.0319189101660544,0.000165490643466884,0.103000595801859,0.0309680851216594
594,"s(nextDOWNlag_z)",0.00115217952996161,4.58021920084878e-07,0.00464327625450834,0.00140968434658402
595,"s(nextDOWNlag_z)",0.000835596786095572,1.56762951965142e-05,0.0292779651321435,0.00882132406048993
596,"s(nextDOWNlag_z)",0.126903260531693,0.000643067970461295,0.116800378016809,0.0368516133824436
597,"s(nextDOWNlag_z)",0.120245323361691,0.00077862039184501,0.20123675237814,0.0582234666136729
598,"s(nextDOWNlag_z)",0.0024423673845303,7.00263364132166e-05,0.0615829612851208,0.018080859801872
599,"s(nextDOWNlag_z)",0.019948564207268,0.00010772328600109,0.0704680980813062,0.0213484579048279
600,"s(nextDOWNlag_z)",0.114407638135414,0.000463911940094787,0.261895186352178,0.0760953897406451
601,"s(nextDOWNlag_z)",0.0527014775231142,0.000265451385904291,0.110935173408009,0.0334436902783035
602,"s(nextDOWNlag_z)",-0.000102292292727846,8.21174016970127e-05,0.0609882912000104,0.0183637382595665
603,"s(nextDOWNlag_z)",-0.0443277625141347,2.11723401254638e-07,0.00292691380853998,0.000882858736000734
604,"s(nextDOWNlag_z)",0.0211091553630758,6.79929592826426e-05,0.0599702921901517,0.0192792851914266
605,"s(nextDOWNlag_z)",0.037857271637379,0.000138097040289987,0.0551571675068214,0.0164145258317222
606,"s(nextDOWNlag_z)",0.00143635807892761,9.95176065560556e-06,0.0222224236125895,0.00671651998758851
607,"s(nextDOWNlag_z)",0.162721534259828,0.000664221157037853,0.121568476165316,0.0392798040063262
608,"s(nextDOWNlag_z)",0.0701682245363342,0.00011389917025676,0.102211871015701,0.0289247019544609
609,"s(nextDOWNlag_z)",0.0157881525716254,0.000185703366333249,0.0914735991633329,0.0274123828734566
610,"s(nextDOWNlag_z)",0.00676134417136587,7.54814354929417e-05,0.0595199561648286,0.0179866219690909
611,"s(nextDOWNlag_z)",0.0983086106250912,0.000549732142559962,0.192950683346574,0.0507685825881495
612,"s(nextDOWNlag_z)",-0.000534092075248793,0.000379746249032973,0.134486591795761,0.0404876113791121
613,"s(nextDOWNlag_z)",0.140178911951947,0.000692546153600452,0.232818099768952,0.0764136934833287
614,"s(nextDOWNlag_z)",-0.0241953341021013,6.94805832957259e-05,0.054856221705152,0.0163848651796825
615,"s(nextDOWNlag_z)",0.00205799541363294,2.43462816679097e-06,0.0104977269246249,0.00316991426053319
616,"s(nextDOWNlag_z)",0.0464639824565289,0.00045295191485551,0.14525940605532,0.0439719080894551
617,"s(nextDOWNlag_z)",0.0235293262372104,6.71493492051931e-05,0.0482237591695268,0.0147258901133612
618,"s(nextDOWNlag_z)",0.000533254747887124,1.15292341080716e-05,0.026165920347245,0.00784609516804158
619,"s(nextDOWNlag_z)",0.0690271649276177,0.000296842921884438,0.123199531245785,0.0378561119784421
620,"s(nextDOWNlag_z)",0.0249938823037748,0.000145585871037504,0.0798391455397703,0.0242087358002973
621,"s(nextDOWNlag_z)",0.122602753430338,0.00052369956468446,0.136680011094445,0.0409320051480975
622,"s(nextDOWNlag_z)",0.0912025556333107,0.000465766573061391,0.099759490695559,0.0304601041106688
623,"s(nextDOWNlag_z)",0.0736395322456609,0.000506874870368815,0.192975301773281,0.0565355608271211
624,"s(nextDOWNlag_z)",0.00140181041534793,5.65932850582349e-05,0.0517929875273262,0.0155953953028677
625,"s(nextDOWNlag_z)",0.120226242685002,0.000473114602006232,0.125977970074014,0.0401476612511008
626,"s(nextDOWNlag_z)",-0.0087512364822494,0.00013177925298215,0.07942041448954,0.0239540793591347
627,"s(nextDOWNlag_z)",0.0305593146712413,0.000207492349400664,0.0956708500781323,0.0287441658893123
628,"s(nextDOWNlag_z)",0.0319081428597854,0.000352657148780664,0.154521185980407,0.0396375124331863
629,"s(nextDOWNlag_z)",0.0549917177850711,0.000248702429515312,0.116476854700631,0.0373025995442133
630,"s(nextDOWNlag_z)",0.0490891959686238,0.000222042908166717,0.109747294775142,0.033011894557312
631,"s(nextDOWNlag_z)",0.0750593590836599,0.000491409331438314,0.165215659635641,0.0444891101018154
632,"s(nextDOWNlag_z)",0.0163763860468016,6.39716362857597e-05,0.0543741591298918,0.0163485918461324
633,"s(nextDOWNlag_z)",0.0926022295843592,0.000471775828700593,0.16480070350678,0.0488843586095359
634,"s(nextDOWNlag_z)",-0.0006439692576653,5.44608244250265e-05,0.0932742201585657,0.0266155072827922
635,"s(nextDOWNlag_z)",0.00900938118321115,4.92727421577225e-05,0.0491349335584033,0.014871969094319
636,"s(nextDOWNlag_z)",0.0126135575688063,0.000107030523558715,0.0706366108969993,0.0211573295808941
637,"s(nextDOWNlag_z)",0.213213617344854,0.00139401595720836,0.384442576845987,0.0994838111903608
638,"s(nextDOWNlag_z)",0.00271615889800403,5.1165590509202e-06,0.0110794999842326,0.00337146951349452
639,"s(nextDOWNlag_z)",0.0199022981380248,8.09819782700672e-05,0.060375856891563,0.0182833354293879
640,"s(nextDOWNlag_z)",0.00118603422301033,6.35055504916018e-07,0.00558145022501362,0.00167951105632611
641,"s(nextDOWNlag_z)",0.0113961254635923,1.4676043309068e-05,0.0264201400781928,0.00794993307661564
642,"s(nextDOWNlag_z)",0.00226643342256616,2.12374577091881e-05,0.0306508698993029,0.00918067156232445
643,"s(nextDOWNlag_z)",0.0435853763939075,0.000329831121298692,0.0722721162889465,0.0205636559373386
644,"s(nextDOWNlag_z)",0.00256601263594358,6.90098466894198e-05,0.0614565097192327,0.0184509244272116
645,"s(nextDOWNlag_z)",0.0801676546644259,0.000263811784468537,0.194233513336837,0.0628507512884429
646,"s(nextDOWNlag_z)",0.0440164378240873,0.000396988137006021,0.134072278477838,0.0401477352009656
647,"s(nextDOWNlag_z)",0.0485000258469124,0.000466773662303326,0.145774164077467,0.0439885631654464
648,"s(nextDOWNlag_z)",0.0341217168309609,0.000249454486920399,0.106662155360889,0.0321559783671519
649,"s(nextDOWNlag_z)",0.0217977947656118,0.000198131418734948,0.108377464329072,0.0326264869392058
650,"s(nextDOWNlag_z)",0.0339250696445454,0.000234151160428536,0.141975704377699,0.0439343210745261
651,"s(nextDOWNlag_z)",0.0102522979293987,7.00058401107716e-05,0.0566692605733689,0.0171825297771165
652,"s(nextDOWNlag_z)",0.0367116833732377,0.000335263738391724,0.122206129162987,0.0399381394471233
653,"s(nextDOWNlag_z)",0.101159925994753,0.000527506691085589,0.176533571365709,0.0537874888208952
654,"s(nextDOWNlag_z)",0.07653639792495,0.000452475587425455,0.0996480891739456,0.030307015847919
655,"s(nextDOWNlag_z)",0.0532293479847813,0.000268160729650952,0.150824623876842,0.039803582813853
656,"s(nextDOWNlag_z)",-0.000370461585805448,1.54254373712382e-05,0.0260547077362812,0.00785945550591955
657,"s(nextDOWNlag_z)",0.00208029603737914,7.16275785734415e-05,0.0577312407582692,0.0172352294092533
658,"s(nextDOWNlag_z)",0.0110553338716768,4.88335464004509e-05,0.0468437084920038,0.0141813567444597
659,"s(nextDOWNlag_z)",0.00798533107296961,4.95467149255701e-06,0.0120796850352328,0.00373767229207796
660,"s(nextDOWNlag_z)",0.00162581849948107,7.64029995198677e-06,0.0189644637404113,0.00573951304874212
661,"s(nextDOWNlag_z)",0.0405203993492245,0.000154574361473518,0.0706224433492753,0.0210075837842438
662,"s(nextDOWNlag_z)",0.0344850372229351,0.00022077412826606,0.0969370123019704,0.029231859481297
663,"s(nextDOWNlag_z)",0.0126198838996332,4.86866072191562e-05,0.050344531222012,0.0138823404205519
664,"s(nextDOWNlag_z)",0.00094522710997702,9.95315939578444e-07,0.00693563949943011,0.00209129615059077
665,"s(nextDOWNlag_z)",-0.00142303493382023,1.4649703301495e-05,0.0263230582225315,0.00795995509293257
666,"s(nextDOWNlag_z)",0.00977922050619628,1.56345200585549e-05,0.0268922091323111,0.00809945491481926
667,"s(nextDOWNlag_z)",0.0491133837008331,0.000302856827794657,0.117106258202276,0.0355132214397749
668,"s(nextDOWNlag_z)",0.0750092773793509,0.000430075923568136,0.0851289145313799,0.0238826524323829
669,"s(nextDOWNlag_z)",0.0124546483099135,4.3921891793073e-05,0.0464657582707092,0.0140354932233581
670,"s(nextDOWNlag_z)",0.0309039205747061,0.000132574288885731,0.077770052146336,0.0233768835785851
671,"s(nextDOWNlag_z)",0.00538667925386305,2.63674436037714e-05,0.0352553953185671,0.0106324928095329
672,"s(nextDOWNlag_z)",0.00686769800711129,0.000244429015047981,0.107170649405566,0.0322466560313697
673,"s(nextDOWNlag_z)",0.0432555737856233,0.000255899813581578,0.106080325902743,0.031828254037291
674,"s(nextDOWNlag_z)",0.0367908186533881,0.000418525650527239,0.262534595185388,0.0880981146313474
675,"s(nextDOWNlag_z)",0.112465240140881,0.000622272816307094,0.26596045644669,0.0803043794864023
676,"s(nextDOWNlag_z)",0.0554888060986557,0.000411507248639827,0.139146286063263,0.0417480886851169
677,"s(nextDOWNlag_z)",0.00513928578180733,0.000166047488343535,0.0845211318088546,0.0254365318433048
678,"s(nextDOWNlag_z)",0.0187805180357967,7.7574681663266e-06,0.0201060883713081,0.0060497950743127
679,"s(nextDOWNlag_z)",0.00509819072706663,1.24383138967331e-05,0.0278863267543889,0.0083792428227314
680,"s(nextDOWNlag_z)",0.0079977804027489,2.69080511348722e-05,0.0347886222252381,0.010418289133259
681,"s(nextDOWNlag_z)",0.0142547777578942,0.000182491829631659,0.0478368427755009,0.0153772653927131
682,"s(nextDOWNlag_z)",0.0432921373004898,0.000239040536586787,0.173849305719537,0.0526194489775682
683,"s(nextDOWNlag_z)",0.0239663086532536,0.000286863646322317,0.113262919249226,0.0341052337296752
684,"s(nextDOWNlag_z)",0.0104803483327457,5.87141309230951e-05,0.0515965930637597,0.0154997718361132
685,"s(nextDOWNlag_z)",0.0420475560821252,0.00013258953845594,0.0691945997766177,0.0211155998089961
686,"s(nextDOWNlag_z)",0.00169417625121904,4.42345224339778e-06,0.0137466007593105,0.00410750278116447
687,"s(nextDOWNlag_z)",0.00957386929903215,8.46100927170753e-06,0.0147066417382627,0.00466273748359477
688,"s(nextDOWNlag_z)",0.020492750148952,8.6405068346273e-05,0.0702336337224022,0.0210426911846552
689,"s(nextDOWNlag_z)",0.0103603878565417,3.27570935897647e-05,0.0421514056926484,0.0126421831426418
690,"s(nextDOWNlag_z)",-0.000155128190026832,9.80718262809756e-05,0.0694866732102022,0.0209854917788225
691,"s(nextDOWNlag_z)",0.0912600966190527,0.000339117874446204,0.155750187090948,0.0447834053159002
692,"s(nextDOWNlag_z)",0.00455802212004308,9.2862501548677e-06,0.020883361347628,0.00626394408687391
693,"s(nextDOWNlag_z)",0.0615676732162838,0.000509729742456285,0.156230746291129,0.0472947483028884
694,"s(nextDOWNlag_z)",0.0840607745990558,0.000377970330696458,0.138635572226477,0.0406693738487768
695,"s(nextDOWNlag_z)",0.0354309029153905,0.000581457745834235,0.164359069353317,0.0496597626203058
696,"s(nextDOWNlag_z)",0.00697869641722848,0.000145076581748203,0.0794409576921651,0.0239224615266356
697,"s(nextDOWNlag_z)",0.0560372600225639,0.00021763980353976,0.090603716879191,0.0273531197579957
698,"s(nextDOWNlag_z)",0.00334758901246057,0.000154630896788791,0.0882024006423575,0.0264716453995617
699,"s(nextDOWNlag_z)",0.0307554194228528,0.00010366205404288,0.0778272994711327,0.0233101632143939
700,"s(nextDOWNlag_z)",0.0889475949095231,0.000547312069561321,0.156597600233264,0.045191470019206
701,"s(nextDOWNlag_z)",0.0252076978259216,0.000109275582755162,0.0686527795583647,0.0207739900469129
702,"s(nextDOWNlag_z)",0.00656368340479441,6.02421096753222e-05,0.0545756792919386,0.0164800927795745
703,"s(nextDOWNlag_z)",0.00537066299525557,2.09166594351001e-05,0.0311090166321803,0.00937928735078505
704,"s(nextDOWNlag_z)",0.00953874696438639,3.7384581779156e-05,0.0409175521581246,0.0122486755464109
705,"s(nextDOWNlag_z)",0.0765750212307047,0.000496337289054183,0.245312581624598,0.0776324495027972
706,"s(nextDOWNlag_z)",0.0225529407948362,0.000138961880697167,0.078762893508678,0.0236002738209563
707,"s(nextDOWNlag_z)",0.00381391875969406,1.44432949915238e-05,0.0265494938633811,0.00804957053583878
708,"s(nextDOWNlag_z)",0.0232883192867662,0.000179936142580444,0.092396006608985,0.0279668294936775
709,"s(nextDOWNlag_z)",0.0345105458780635,0.000206071447414551,0.0982920438843831,0.0294836408823761
710,"s(nextDOWNlag_z)",0.0379751371810613,0.000171352862314983,0.134509666221962,0.0423511206478123
711,"s(nextDOWNlag_z)",0.0529296830018106,0.000172550107376569,0.0990665153538122,0.0287087277091327
712,"s(nextDOWNlag_z)",0.0217947069037203,5.5416384890121e-05,0.0422450061231697,0.0119657011594736
713,"s(nextDOWNlag_z)",0.0236792349244056,0.000163588657877108,0.0840338913280172,0.0254553525736413
714,"s(nextDOWNlag_z)",0.0395255578801519,0.000192032810723723,0.0597383458250809,0.0173584531747623
715,"s(nextDOWNlag_z)",0.000563413089436526,1.02786576760752e-08,0.000690749550893484,0.000207740815359045
716,"s(nextDOWNlag_z)",0.0708859632284913,0.000535736338958847,0.100568977486588,0.0277380576059005
717,"s(nextDOWNlag_z)",0.0458095347156551,0.000446443734693417,0.211105510149732,0.0562757028138248
718,"s(nextDOWNlag_z)",0.00288609359811443,1.25290772234913e-05,0.0245775823638998,0.00739136059829862
719,"s(nextDOWNlag_z)",0.0274853108633104,0.000103059519836552,0.0727074379698874,0.021935066151388
720,"s(nextDOWNlag_z)",0.00244079675295161,6.82844170191064e-06,0.0177381418279077,0.00533463931403253
721,"s(nextDOWNlag_z)",-0.0350245313055451,4.33050156743512e-06,0.0144534713262976,0.00432282675102953
722,"s(nextDOWNlag_z)",0.028995582583372,5.56733378315321e-05,0.042135336664164,0.012688538720206
723,"s(nextDOWNlag_z)",0.159039819948976,0.000780652094989068,0.123408742465865,0.034643060604273
724,"s(nextDOWNlag_z)",0.0389174015817524,0.000171595243824646,0.168444100835444,0.0557673990248929
725,"s(nextDOWNlag_z)",0.0634730806272359,0.000345839900464332,0.172437214477547,0.0507763660417165
726,"s(nextDOWNlag_z)",0.0195221641275145,0.000112020029154749,0.0727436965305071,0.0217282247135168
727,"s(nextDOWNlag_z)",0.0995991762835763,0.00112435228606204,0.137078067583392,0.0420536250958816
728,"s(nextDOWNlag_z)",0.0441977686891895,0.000573751163246913,0.161493670773378,0.0491340327672838
729,"s(nextDOWNlag_z)",-0.0342390150399995,0.000428863124837275,0.140790339081557,0.0422955197697449
730,"s(nextDOWNlag_z)",-0.0290010782040055,4.15044300020655e-05,0.0441182642966629,0.0133405372037551
731,"s(nextDOWNlag_z)",0.0636460346189247,0.000463258089265865,0.241756673493393,0.0683933614955112
732,"s(nextDOWNlag_z)",0.00634604489921253,1.28724646795487e-05,0.0240248870936181,0.00726565881053835
733,"s(nextDOWNlag_z)",-5.25696623980831e-05,8.91040287505187e-05,0.0665269192477149,0.0199361101053687
734,"s(nextDOWNlag_z)",0.0167491429874538,7.04030199447091e-05,0.0577929510889638,0.0173178076885374
735,"s(nextDOWNlag_z)",0.00252583427436326,2.63884995327855e-05,0.0364642911757656,0.0113186915970188
736,"s(nextDOWNlag_z)",0.0221887920584718,0.000226727375073219,0.0917644887378829,0.0256745196558224
737,"s(nextDOWNlag_z)",0.124760610734049,0.000848137064384288,0.250847435367136,0.0687673468306909
738,"s(nextDOWNlag_z)",-0.00401304758262166,2.47766643190359e-05,0.0345109499847601,0.0103972765237572
739,"s(nextDOWNlag_z)",0.0014437646493235,6.54737384493937e-06,0.0170936907312831,0.00532784665742294
740,"s(nextDOWNlag_z)",0.0044414192599187,2.96557392079731e-05,0.0373695299529751,0.0120641310042772
741,"s(nextDOWNlag_z)",0.032798283751897,0.000204955538793746,0.176085823962069,0.0569327223503329
742,"s(nextDOWNlag_z)",0.114506252670358,0.000580241741490998,0.244057888115757,0.0692811045834545
743,"s(nextDOWNlag_z)",0.0307580071587004,0.000207405599637626,0.166711973139988,0.0510742940395118
744,"s(nextDOWNlag_z)",0.04694285874232,0.00021333089060556,0.0743796865666553,0.023305802327604
745,"s(nextDOWNlag_z)",0.0520997160914155,0.000219404360933314,0.0704548915962664,0.0222588186772923
746,"s(nextDOWNlag_z)",0.0186153414329351,0.000107306368837277,0.0790866385596617,0.0237466173289798
747,"s(nextDOWNlag_z)",-0.0014106527683424,3.03716912670146e-05,0.0375946089094613,0.0112705884559684
748,"s(nextDOWNlag_z)",0.0883548251268351,0.000453005095106236,0.180441908628006,0.0507983778205936
749,"s(nextDOWNlag_z)",0.0197854998194598,0.000150844402705135,0.0824738786447172,0.0249238243557548
750,"s(nextDOWNlag_z)",0.0175341239185813,0.00020529843034654,0.101384722674166,0.0307028658959715
751,"s(nextDOWNlag_z)",0.0221737902931374,9.02816448927007e-05,0.098792509385292,0.0313053464155525
752,"s(nextDOWNlag_z)",0.0387528629099324,1.01682257586683e-05,0.0165366901826378,0.0052543670902593
753,"s(nextDOWNlag_z)",0.0561502948452981,0.000384653148017869,0.139169204911098,0.0347407631108402
754,"s(nextDOWNlag_z)",0.0491803034135464,0.000345761712699077,0.127854119292232,0.0383319616584969
755,"s(nextDOWNlag_z)",0.0173384363460449,0.000360617545296228,0.213983944690618,0.0726339950458436
756,"s(nextDOWNlag_z)",0.00335925743700449,1.46930988095997e-05,0.0262305969652186,0.00792483098636873
757,"s(nextDOWNlag_z)",0.104417935690413,0.000610002661733408,0.132425034253851,0.0419662076480952
758,"s(nextDOWNlag_z)",0.0426799939664069,0.000211762062661167,0.0811379969120239,0.0241771195220149
759,"s(nextDOWNlag_z)",-0.00364691959408847,3.46655117279338e-05,0.039156819125043,0.0117593343861208
760,"s(nextDOWNlag_z)",0.0107161287063501,5.99636763162094e-05,0.0520282617745439,0.0157442881909953
761,"s(nextDOWNlag_z)",0.000528420035830757,2.41672113889418e-06,0.0105400914214453,0.00316810410227154
762,"s(nextDOWNlag_z)",0.217760654940625,0.00149739038072343,0.201657385171261,0.0570210719002205
763,"s(nextDOWNlag_z)",0.00829072715785517,0.000339305567960431,0.124921473392498,0.0377564046358388
764,"s(nextDOWNlag_z)",0.0148329046944364,2.050836725384e-05,0.0293462660877127,0.00894772412833392
765,"s(nextDOWNlag_z)",0.0335013741014383,0.000128262049352941,0.0825373002196785,0.024986184031875
766,"s(nextDOWNlag_z)",-0.000234474292173159,5.55020373964164e-07,0.00500863718365166,0.00149810628445897
767,"s(nextDOWNlag_z)",0.0332520231636262,0.000461286496349536,0.192367600300578,0.0565860572495191
768,"s(nextDOWNlag_z)",0.0193184873073871,0.000126789984475183,0.0785681000282177,0.0235571240368773
769,"s(nextDOWNlag_z)",0.116984745365554,0.0005163372338549,0.155626616681989,0.048493179713248
770,"s(nextDOWNlag_z)",0.0160751247803981,2.80796355453542e-05,0.0570311621262168,0.0171563942629171
771,"s(nextDOWNlag_z)",0.0730598836974197,0.00026589853158811,0.102844357450404,0.0301464572003898
772,"s(nextDOWNlag_z)",0.000765460789031502,4.3788483482038e-07,0.00437926070616028,0.00132265040926093
773,"s(nextDOWNlag_z)",0.0137131328628499,8.92577889328962e-05,0.0637931445482422,0.0192380261167594
774,"s(nextDOWNlag_z)",0.0149971948685448,8.73462132464853e-05,0.0624753883517597,0.0189177975533001
775,"s(nextDOWNlag_z)",0.000463606235551195,2.14222011652016e-08,0.000992474966743325,0.000299916858891757
776,"s(nextDOWNlag_z)",0.08738569705455,0.000591224133898552,0.259090567574022,0.0748415285790296
777,"s(nextDOWNlag_z)",0.044080121380543,0.00035258333747924,0.126245820005116,0.0380368970952565
778,"s(nextDOWNlag_z)",0.00421843618112816,8.1333083392033e-05,0.0612026293630738,0.0183710750701238
779,"s(nextDOWNlag_z)",0.00855172569571239,8.9211371269008e-06,0.015887610400541,0.00480212392910792
780,"s(nextDOWNlag_z)",0.0174868209457664,0.000121847941406936,0.0760119882150355,0.0229246579778513
781,"s(nextDOWNlag_z)",0.0162865183355142,0.000104006641680902,0.0692124164360143,0.020762858863092
782,"s(nextDOWNlag_z)",0.027588735439968,0.000119308317649362,0.0849045609233786,0.0242671926967103
783,"s(nextDOWNlag_z)",0.0034034121981209,3.63967106268243e-06,0.0124900240681803,0.00367948256971522
784,"s(nextDOWNlag_z)",0.039732948232081,0.000155375682507099,0.139859357096665,0.0398442274607111
785,"s(nextDOWNlag_z)",0.00580702494314367,3.45725320563964e-05,0.0403732295917833,0.0121943891753385
786,"s(nextDOWNlag_z)",0.00910407725562179,2.93495556456219e-05,0.0369198617120417,0.0110448977039518
787,"s(nextDOWNlag_z)",0.0553280447924405,0.00111514038693511,0.167675431301623,0.0558786794436746
788,"s(nextDOWNlag_z)",0.00954852472254841,1.47438514279846e-05,0.0268455393354728,0.00803435390924929
789,"s(nextDOWNlag_z)",0.0682688379303305,0.000131438099180977,0.106086683437489,0.0334078427615347
790,"s(nextDOWNlag_z)",0.0613308803030311,0.000476492816559901,0.159160989976482,0.0479210596341956
791,"s(nextDOWNlag_z)",0.0598099280699536,0.000468976316979966,0.137819337093026,0.0414170992474078
792,"s(nextDOWNlag_z)",0.00106011021022501,2.81373648334499e-07,0.00354539881056862,0.00106016474650431
793,"s(nextDOWNlag_z)",-0.0128766971793037,0.000176547450540087,0.0919462690473682,0.0277578980614689
794,"s(nextDOWNlag_z)",0.00782721756792459,3.14523459462389e-05,0.0386198903438278,0.0115693217343965
795,"s(nextDOWNlag_z)",0.0444310723968391,0.00027968629010781,0.11420877438538,0.0343907082083469
796,"s(nextDOWNlag_z)",-0.00206145216866327,0.000191080678950141,0.0930718528196107,0.0279765069686023
797,"s(nextDOWNlag_z)",0.161442488310963,0.00157049584949076,0.263857357677198,0.0794320312231529
798,"s(nextDOWNlag_z)",0.0377152317011175,0.000151752753572942,0.15817809987635,0.0493794988248986
799,"s(nextDOWNlag_z)",0.0753150488310101,0.000425048111548576,0.0869403712211144,0.0266668920542099
800,"s(nextDOWNlag_z)",0.0277959988074035,9.15643063120648e-05,0.0703972726472755,0.0213242818797821
801,"s(nextDOWNlag_z)",0.0485617611248789,0.000496765010852724,0.153472128563571,0.046529276616958
802,"s(nextDOWNlag_z)",0.0144249813033906,1.02321657361012e-05,0.0244149644632021,0.00711486822092795
803,"s(nextDOWNlag_z)",0.192583690957339,0.00113319958113107,0.140618031648887,0.046217688078459
804,"s(nextDOWNlag_z)",0.0771983691229561,0.000656512694594083,0.181182427900157,0.0588558396569107
805,"s(nextDOWNlag_z)",0.0696929859199393,0.000496653956071992,0.176175150708736,0.0464496321118955
806,"s(nextDOWNlag_z)",0.0898251897971036,0.000319111147099141,0.0928500318029677,0.0305326585498555
807,"s(nextDOWNlag_z)",0.0758246678672219,0.000419372133987457,0.133428906599828,0.0371416829104822
808,"s(nextDOWNlag_z)",0.058604655601864,0.000376898976506038,0.14319880048865,0.0387822312220646
809,"s(nextDOWNlag_z)",-0.00225652289135281,1.78629714165687e-05,0.0281566393178808,0.00844251762617224
810,"s(nextDOWNlag_z)",0.00966726320071709,6.30083322855682e-05,0.0542502395498959,0.0164168872008336
811,"s(nextDOWNlag_z)",0.0595548401112733,0.000418157223504455,0.137086798794408,0.0411343425379712
812,"s(nextDOWNlag_z)",0.0872730696425288,0.000267868113832887,0.0683391088129257,0.0186839539653418
813,"s(nextDOWNlag_z)",0.0137436584443965,9.97204663627454e-05,0.0958333246549096,0.0299877425280005
814,"s(nextDOWNlag_z)",0.0393153741165795,0.000246635266621066,0.109499148170427,0.0330354255164126
815,"s(nextDOWNlag_z)",0.0845491721168601,0.000677285461691689,0.19424277723493,0.0583670948465865
816,"s(nextDOWNlag_z)",0.00218891179489789,3.47790190791969e-06,0.0133872889393737,0.00404280414587835
817,"s(nextDOWNlag_z)",0.0166547923204432,7.27944497575191e-05,0.0728476123094684,0.0232553067367386
818,"s(nextDOWNlag_z)",0.00774870847999032,0.000179358108736948,0.0945587889893763,0.0285417481323844
819,"s(nextDOWNlag_z)",0.0842901807929284,0.000337616140305102,0.209035704052889,0.0584550694646945
820,"s(nextDOWNlag_z)",-0.000741150457938877,1.09442247654996e-05,0.0231290011348908,0.00696758419686093
821,"s(nextDOWNlag_z)",0.0127502621797035,0.000281143447645651,0.11713061058161,0.0353476095877869
822,"s(nextDOWNlag_z)",0.0327628809342145,0.000316893572214706,0.131269113231945,0.0382655862967724
823,"s(nextDOWNlag_z)",0.106153620807227,0.000916507712971125,0.341529296639214,0.0897024413166341
824,"s(nextDOWNlag_z)",0.206041115042551,0.00151595304870129,0.235279206749644,0.0710501124511221
825,"s(nextDOWNlag_z)",0.00354714388761668,0.000263175464579486,0.109262732960888,0.0329260933736302
826,"s(nextDOWNlag_z)",0.0218683765202973,0.000139429711898959,0.0779144155633231,0.0234819732073759
827,"s(nextDOWNlag_z)",0.00517137625153685,3.62991379997498e-05,0.0420665021268955,0.0127360225497603
828,"s(nextDOWNlag_z)",0.0233107078073151,0.000228354810228865,0.106077764686387,0.0320771829921784
829,"s(nextDOWNlag_z)",0.00306277119645082,4.79795417389851e-06,0.0144647701967948,0.00434417508382709
830,"s(nextDOWNlag_z)",0.00418048180353225,1.25822010332092e-05,0.024135462726376,0.00731742387258461
831,"s(nextDOWNlag_z)",-0.0619896956970207,0.000482737578252086,0.15067974772631,0.0455631888223006
832,"s(nextDOWNlag_z)",0.0324424816609359,0.000177234127338089,0.09173403688016,0.0277169381108601
833,"s(nextDOWNlag_z)",0.0265229933255686,0.000240589047480546,0.122082676794875,0.0357080876153787
834,"s(nextDOWNlag_z)",0.00217952349340045,1.27671391725555e-05,0.0215205142053283,0.00726911056397187
835,"s(nextDOWNlag_z)",0.0325882145843751,0.000299114888352727,0.118971231974932,0.0358076365707977
836,"s(nextDOWNlag_z)",0.0103068676889173,4.24716117882216e-05,0.0444759607052266,0.0132564123950032
837,"s(nextDOWNlag_z)",0.0198687096814099,1.60501809167433e-05,0.0190984007413954,0.00622637987369554
838,"s(nextDOWNlag_z)",0.010680662124223,6.153567362902e-06,0.018572270841121,0.00505943729752039
839,"s(nextDOWNlag_z)",-0.00011088385552771,3.25956016640082e-06,0.0126481356727106,0.00380500064516984
840,"s(nextDOWNlag_z)",-0.0784570830525371,0.000167330848157574,0.0892442093366654,0.0270010887812074
841,"s(nextDOWNlag_z)",0.117414732098099,0.000620794702524484,0.194172118927166,0.0558506708461623
842,"s(nextDOWNlag_z)",0.0997339678460467,0.000484361247348601,0.155899010884314,0.041813399890175
843,"s(nextDOWNlag_z)",0.0109495472432306,8.97705121246306e-05,0.0725017696994888,0.0235241521415877
844,"s(nextDOWNlag_z)",0.043240012737763,0.000209516256345944,0.0784290697549611,0.0246058953867973
845,"s(nextDOWNlag_z)",0.137263320250991,0.00122173808996991,0.264641937466033,0.0782358901759902
846,"s(nextDOWNlag_z)",0.0014444746001403,2.47925918088996e-05,0.0338197880072834,0.0101598710631437
847,"s(nextDOWNlag_z)",0.0295163737910056,0.000168372900917964,0.0878416703764103,0.026440258075094
848,"s(nextDOWNlag_z)",0.181946324116964,0.000904657800614672,0.281194243746316,0.0891689320144601
849,"s(nextDOWNlag_z)",0.0298784098277489,0.000258725584560124,0.109620112524101,0.0332804500254435
850,"s(nextDOWNlag_z)",0.0397604392972124,0.000163167322383797,0.080108682056356,0.0241246015354321
851,"s(nextDOWNlag_z)",0.049863254820173,0.000393036715809667,0.152977054153438,0.0369213994437166
852,"s(nextDOWNlag_z)",0.0694795358734486,0.000391976655237529,0.0738084713663744,0.0204084959387586
853,"s(nextDOWNlag_z)",0.143516489666039,0.000554600869981584,0.187164603431577,0.058468669693997
854,"s(nextDOWNlag_z)",0.062183635238143,0.000552237533057767,0.153724266168083,0.0462279370665377
855,"s(nextDOWNlag_z)",0.0439861648660398,0.000267919274206642,0.126950970889889,0.0379760907191002
856,"s(nextDOWNlag_z)",0.0511628671500353,8.50978021291727e-05,0.0935552229452757,0.0258629310640391
857,"s(nextDOWNlag_z)",0.0222398084103811,0.000142682523689371,0.120109370006492,0.0393576769133032
858,"s(nextDOWNlag_z)",0.0372539765521462,0.00026630914540093,0.106550128325094,0.0294595891443171
859,"s(nextDOWNlag_z)",-0.0105835901119391,0.00017733787129042,0.0886380758324145,0.0266467436249488
860,"s(nextDOWNlag_z)",0.0881382612205802,0.000501707973702956,0.0953422498938745,0.0299216678138032
861,"s(nextDOWNlag_z)",0.00748827676581043,1.1901351544804e-05,0.0226337187113762,0.00677799797544931
862,"s(nextDOWNlag_z)",0.123889371115276,0.000669419875151712,0.217325602430335,0.0627852017898771
863,"s(nextDOWNlag_z)",0.0168536860027173,0.00019739052882984,0.131644389467845,0.0409010946409081
864,"s(nextDOWNlag_z)",-0.00217490191699043,0.000371057469349143,0.135335559074893,0.0407420925081281
865,"s(nextDOWNlag_z)",0.0628508372948158,0.000299743034320109,0.110145359187086,0.0322941748662903
866,"s(nextDOWNlag_z)",0.0162864635647095,0.000110164847242947,0.068554258734336,0.0205722724978004
867,"s(nextDOWNlag_z)",0.106339317145529,0.000640087212504849,0.29991135417338,0.0805459168503403
868,"s(nextDOWNlag_z)",0.0675283378869982,0.000325338003684008,0.0981857497088828,0.0293525337892956
869,"s(nextDOWNlag_z)",0.00690617713967212,1.63805296133672e-05,0.0283747322251148,0.00866018278337873
870,"s(nextDOWNlag_z)",0.00899438693343113,4.37825995996272e-05,0.0438282035536144,0.0132013559035152
871,"s(nextDOWNlag_z)",0.000823500377920228,8.36220327646644e-07,0.00620960001457418,0.00187312259262635
872,"s(nextDOWNlag_z)",0.000984365117035146,6.74080852741404e-07,0.00685562365356351,0.00177837225851495
873,"s(nextDOWNlag_z)",-0.000816813469177502,3.11085078206591e-06,0.0119436889994957,0.0035928877535572
874,"s(nextDOWNlag_z)",0.0527610494044288,0.000283687661096444,0.147357241579277,0.0379974300641092
875,"s(nextDOWNlag_z)",0.0114506572761299,7.93254904568667e-05,0.0647016175208968,0.0194775719907179
876,"s(nextDOWNlag_z)",0.0987077871408232,0.000446881361131907,0.170019169055795,0.0456004747114741
877,"s(nextDOWNlag_z)",0.0718427670317985,0.0004555820695519,0.308694834021736,0.0966399495442216
878,"s(nextDOWNlag_z)",0.108092801028154,0.00062291977994858,0.0966616650173059,0.0260427247013397
879,"s(nextDOWNlag_z)",0.0275411019969204,0.000149284540677884,0.0800248972169685,0.0242486039979013
880,"s(nextDOWNlag_z)",0.102934242226569,0.00026603574501688,0.137741958048683,0.0417023686324962
881,"s(nextDOWNlag_z)",0.0342209938539187,0.000165598351139898,0.0922644487918751,0.0276614408204127
882,"s(nextDOWNlag_z)",0.0817024524896284,0.000387448355069597,0.236152013076584,0.0729373774636381
883,"s(nextDOWNlag_z)",0.0738060786545862,0.000368395828007804,0.0850489775034267,0.0237728773208371
884,"s(nextDOWNlag_z)",-0.0179687853583909,0.00022694379405999,0.102187696678054,0.0307788726916846
885,"s(nextDOWNlag_z)",-0.0302416134594343,6.56913259278718e-05,0.047215367378413,0.0156535432855027
886,"s(nextDOWNlag_z)",0.0204539016713773,4.47095265657174e-05,0.0950963524302388,0.0273756174955478
887,"s(nextDOWNlag_z)",0.0221130240693634,0.000108498041346574,0.0561091876290648,0.0170269227180685
888,"s(nextDOWNlag_z)",0.0508919187435265,0.000451408315765486,0.142739020033427,0.0431432222582634
889,"s(nextDOWNlag_z)",-0.0851587297011486,1.34936919536347e-05,0.0248660254818481,0.00745748988187273
890,"s(nextDOWNlag_z)",0.00826780572239838,7.95438249239142e-05,0.0719097660978363,0.0235923597023175
891,"s(nextDOWNlag_z)",0.120782229339688,0.000799520994406066,0.20494074004951,0.0526436043941127
892,"s(nextDOWNlag_z)",0.0060893407550271,4.60841768932234e-05,0.0458366655292513,0.0137542192666301
893,"s(nextDOWNlag_z)",0.00688703994052009,0.000120275285579357,0.0717879942380683,0.0215958957598813
894,"s(nextDOWNlag_z)",0.0722012119842826,0.000587892436947439,0.255557997408564,0.0746281882801642
895,"s(nextDOWNlag_z)",0.0551504547713974,0.000869340365134832,0.19011238500509,0.0498488084474634
896,"s(nextDOWNlag_z)",0.076628356619919,0.000739704986354415,0.139063528764551,0.042832255250012
897,"s(nextDOWNlag_z)",0.0857282283787515,0.000497325484434158,0.203008092703077,0.0547180017083622
898,"s(nextDOWNlag_z)",0.205552204881941,0.00147669477511868,0.321617534827259,0.0767648989959549
899,"s(nextDOWNlag_z)",0.0234024989620699,9.68136347295629e-05,0.0661582873204424,0.0199985197435125
900,"s(nextDOWNlag_z)",0.0163756359033693,0.000164114930820375,0.0858350423063442,0.0258290356102297
901,"s(nextDOWNlag_z)",0.0830787392185824,0.00061081099067477,0.122684532270483,0.0405755944373791
902,"s(nextDOWNlag_z)",0.0299683075976269,8.02327924502764e-05,0.0679153675278285,0.0203710887184764
903,"s(nextDOWNlag_z)",0.00108052979567064,6.61110088590506e-06,0.0176192977283377,0.00531110126447739
904,"s(nextDOWNlag_z)",0.0904583584835754,0.000472796692714844,0.122049740268243,0.0384297599894816
905,"s(nextDOWNlag_z)",0.018465818388484,8.46132348965155e-05,0.0617453093862188,0.018552032159209
906,"s(nextDOWNlag_z)",0.0403690795496776,0.000141930678038379,0.0842822091631412,0.025510745100149
907,"s(nextDOWNlag_z)",0.0212978760216118,0.000132379925254268,0.0795416864060726,0.0237933764818595
908,"s(nextDOWNlag_z)",0.00321724269076662,1.56467650825763e-05,0.0278901521113251,0.00837927064486189
909,"s(nextDOWNlag_z)",-0.000318357157799598,2.57244865827788e-05,0.0349745022476906,0.0106001884380351
910,"s(nextDOWNlag_z)",0.00108176916216729,9.4195854708598e-07,0.00653668873644303,0.00196635612242755
911,"s(nextDOWNlag_z)",0.0862147113489713,0.000137326878231233,0.0789716563973286,0.0235612696704365
912,"s(nextDOWNlag_z)",-0.0698619280934591,2.83384133386434e-05,0.0387456950994932,0.0116217672266484
913,"s(nextDOWNlag_z)",0.0814811965956131,0.000581669544874897,0.250880530164159,0.0825877575532859
914,"s(nextDOWNlag_z)",0.00804220977293602,1.86783322847484e-05,0.0265871801909539,0.00804622302814466
915,"s(nextDOWNlag_z)",0.0160030457208691,0.00035509106868175,0.193359529805482,0.0619899477879746
916,"s(nextDOWNlag_z)",0.0382112737499859,9.83245419833861e-05,0.0545966891039808,0.0157756418523648
917,"s(nextDOWNlag_z)",0.0129346438711002,0.000209736054226082,0.150484980197692,0.0476156675161018
918,"s(nextDOWNlag_z)",0.136873878631771,0.000756049814979672,0.152459924253416,0.0510384728504243
919,"s(nextDOWNlag_z)",0.0105380728754495,0.00023817598135831,0.100252818476726,0.0299892485492453
920,"s(nextDOWNlag_z)",0.141538345334238,0.000443374234448915,0.153953265178051,0.043894936539999
921,"s(nextDOWNlag_z)",-0.00196356977906409,5.08370251481227e-06,0.0167343478185796,0.00503962873068397
922,"s(nextDOWNlag_z)",0.0134760191374028,0.000341636556227401,0.145789275601889,0.0490322074166935
923,"s(nextDOWNlag_z)",0.0154131700871042,5.97201473605721e-05,0.0549459737672768,0.01654990660246
924,"s(nextDOWNlag_z)",0.119055478883083,0.000415502419984367,0.243282587610059,0.0737284104398094
925,"s(nextDOWNlag_z)",0.05630028326411,0.000296047904851035,0.117878764860298,0.0353468019374943
926,"s(nextDOWNlag_z)",-6.05580519681403e-05,8.21790344715055e-06,0.019175992058233,0.00577480128256856
927,"s(nextDOWNlag_z)",0.023694780969445,0.00016789629893271,0.0885116938366043,0.0265444156131251
928,"s(nextDOWNlag_z)",0.107722370926332,0.000517591780273535,0.279377731858679,0.0908154048116458
929,"s(nextDOWNlag_z)",0.0307084439374817,0.000550232924806426,0.222878989407477,0.0611787759601825
930,"s(nextDOWNlag_z)",0.00129634014038893,5.259964356783e-07,0.00513449065068466,0.00155727773216131
931,"s(nextDOWNlag_z)",-0.0306409924552725,5.89560941230113e-05,0.0555120657247422,0.0166774313470132
932,"s(nextDOWNlag_z)",0.121706037824116,0.00107300118872202,0.283702112033585,0.0671812026181676
933,"s(nextDOWNlag_z)",-0.000735692217851192,0.000232500384299144,0.109381668364355,0.0329117251546641
934,"s(nextDOWNlag_z)",0.0799783107364334,0.000398196439291152,0.147177393872535,0.0440915526114758
935,"s(nextDOWNlag_z)",0.000265162328694002,1.46312744455253e-08,0.000814599590368612,0.000245889492770162
936,"s(nextDOWNlag_z)",0.0150725400988938,1.94679985881005e-05,0.0301797100079257,0.00908762150243268
937,"s(nextDOWNlag_z)",0.00148097685886328,6.77709744987558e-06,0.0176397315316579,0.00533481153451099
938,"s(nextDOWNlag_z)",-0.000866367484274155,1.03391190186068e-05,0.0212769097156952,0.00642770777691587
939,"s(nextDOWNlag_z)",0.0540637737555082,0.000381116325356638,0.147567418598993,0.0447462057327423
940,"s(nextDOWNlag_z)",0.134269563259576,0.000735707241718032,0.202950423168794,0.0606361472797366
941,"s(nextDOWNlag_z)",0.000522561394576515,6.18071138679673e-06,0.0167518415319059,0.00503479498880049
942,"s(nextDOWNlag_z)",0.00106489162558465,5.33704747438698e-06,0.0158058277359779,0.00477397534881354
943,"s(nextDOWNlag_z)",3.51322818996636e-05,1.63895416654496e-07,0.00279589384808708,0.000845037574333817
944,"s(nextDOWNlag_z)",0.0235936381349662,0.000131342894694207,0.0779405829076864,0.0236496734294831
945,"s(nextDOWNlag_z)",0.0167657752946515,2.09410630012463e-05,0.0350482239323618,0.0105007908598048
946,"s(nextDOWNlag_z)",0.0538741281090419,0.000208491962868396,0.0759555096081541,0.0214688895038949
947,"s(nextDOWNlag_z)",0.0469583682124919,0.000163643841817092,0.0550461312169802,0.0149005749573686
948,"s(nextDOWNlag_z)",0.0519841382892958,0.000406321437792472,0.133259620464848,0.0401172375740735
949,"s(nextDOWNlag_z)",0.0127355089659961,5.14234308280711e-05,0.0488285098171942,0.0147876906189173
950,"s(nextDOWNlag_z)",0.0175138874235303,8.46756242018504e-05,0.0622982290261632,0.0186711557367937
951,"s(nextDOWNlag_z)",0.0338259339978201,0.000211798802818894,0.0997181610152652,0.0298801828396579
952,"s(nextDOWNlag_z)",0.0132378311609076,4.36776009321875e-05,0.048805040687664,0.0151390877753103
953,"s(nextDOWNlag_z)",-0.0626958040688915,0.000153040608581539,0.0796462330886513,0.0239380432941902
954,"s(nextDOWNlag_z)",0.018563954895952,0.00010395304344324,0.070601538371406,0.0212559085603295
955,"s(nextDOWNlag_z)",0.0181732745366996,0.000136874438912376,0.0790442382277294,0.0238212791585099
956,"s(nextDOWNlag_z)",0.0592789070160311,0.000357461656585751,0.17596273364245,0.0569027110554269
957,"s(nextDOWNlag_z)",0.0377590349527634,0.000370455543888617,0.129956189329253,0.0390080729921476
958,"s(nextDOWNlag_z)",0.00941881532474198,2.7221214634222e-05,0.0360911888364052,0.0108057532713385
959,"s(nextDOWNlag_z)",0.100222343730878,0.00102250127588975,0.216151192311352,0.064647246810422
960,"s(nextDOWNlag_z)",0.102874893727888,0.00056457400734901,0.25550865281001,0.0766653782190244
961,"s(nextDOWNlag_z)",0.067378885007856,0.000221330987811881,0.0880260123042856,0.0272238636655439
962,"s(nextDOWNlag_z)",-0.000963938941631493,8.56878778642623e-07,0.00601365929196881,0.00181854195563303
963,"s(nextDOWNlag_z)",0.0685284223583742,0.000131926683946572,0.112172419603271,0.0344607725973322
964,"s(nextDOWNlag_z)",0.0721720017352112,0.000296176221949624,0.0664178792293517,0.0177860207006389
965,"s(nextDOWNlag_z)",0.00393774546710013,1.99424801377616e-05,0.0310157189445269,0.00933419380546884
966,"s(nextDOWNlag_z)",0.0306496699329407,0.00016575918520334,0.0894573024621848,0.0268774002189948
967,"s(nextDOWNlag_z)",0.0217062699911642,0.000106674798502542,0.0785733266273524,0.0237205317350737
968,"s(nextDOWNlag_z)",0.00779863339904241,4.25958898507733e-05,0.042868966698724,0.0128822514915693
969,"s(nextDOWNlag_z)",0.0568786148594431,0.000435208195031191,0.250797206968298,0.0673119708563
970,"s(nextDOWNlag_z)",-0.0197917728246211,0.000606065122369311,0.17475589256235,0.0529543911220002
971,"s(nextDOWNlag_z)",0.0042329421551528,1.0716219597758e-05,0.0235607988017496,0.00765918628522115
972,"s(nextDOWNlag_z)",0.0520003175612347,0.000208869769637109,0.145756638919266,0.0405549268834168
973,"s(nextDOWNlag_z)",0.0594155302159201,0.000541407477631269,0.155377690249579,0.0466116667691945
974,"s(nextDOWNlag_z)",0.0445166035412152,0.000300734485839955,0.103238921947465,0.031187619177441
975,"s(nextDOWNlag_z)",0.00433921323220132,1.33642722906538e-05,0.0254292186755449,0.00764283309264263
976,"s(nextDOWNlag_z)",0.00563140225762349,7.27727704510432e-05,0.0587088670678889,0.0176701927486206
977,"s(nextDOWNlag_z)",0.0283046202034491,0.000170550337384387,0.0932133553901488,0.0280167735250948
978,"s(nextDOWNlag_z)",0.0278469429840198,0.000380090928881205,0.133797243167842,0.0402681513497618
979,"s(nextDOWNlag_z)",0.070450117508645,0.000288384173384244,0.140201024377956,0.0422807191417612
980,"s(nextDOWNlag_z)",0.00592575726835864,2.81726191838226e-05,0.0354765532783721,0.0106636917847825
981,"s(nextDOWNlag_z)",-0.0574522839367073,8.50445279007162e-07,0.00705140742829864,0.00212071647416446
982,"s(nextDOWNlag_z)",0.018930153360272,2.04312951130052e-05,0.0307530990883394,0.00931561138658734
983,"s(nextDOWNlag_z)",-0.0233748499456244,2.84766278760291e-05,0.036333514317225,0.0110446231011492
984,"s(nextDOWNlag_z)",0.0527213891572663,0.000163478606445921,0.158500702992976,0.0488512488326732
985,"s(nextDOWNlag_z)",0.0175287772367713,7.68126927990042e-05,0.0650446690121255,0.0198699314356536
986,"s(nextDOWNlag_z)",0.0462576259684233,0.000140909656949827,0.145282687708929,0.0413142442858241
987,"s(nextDOWNlag_z)",0.060260227940298,0.000257944249267753,0.213645793742785,0.0623510180817984
988,"s(nextDOWNlag_z)",0.0040079277490046,1.25152908880526e-05,0.0245244098375944,0.00740896499193981
989,"s(nextDOWNlag_z)",0.122940512787984,0.000451655258486697,0.118872738389618,0.0363927563850814
990,"s(nextDOWNlag_z)",0.0329292577174236,9.68741516787562e-05,0.0836239711053582,0.0249185164432144
991,"s(nextDOWNlag_z)",0.0629096045156607,0.000271747625570249,0.189272364886905,0.0488059303636647
992,"s(nextDOWNlag_z)",0.0145910909922182,0.000119644854955252,0.076253944865706,0.0230614297415681
993,"s(nextDOWNlag_z)",0.0138325764974906,0.000363595049719794,0.127379949920821,0.0381621638426081
994,"s(nextDOWNlag_z)",-0.000392412777731277,1.40118138344832e-06,0.00880348284512841,0.00264062665328371
995,"s(nextDOWNlag_z)",0.00388489857245644,2.78013887214842e-06,0.0110192662299765,0.00333788149320308
996,"s(nextDOWNlag_z)",0.12386716238093,0.000729283124557846,0.176024896939061,0.052677598575744
997,"s(nextDOWNlag_z)",0.0441301056760287,0.000289157642694235,0.116593918458131,0.0350463044307738
998,"s(nextDOWNlag_z)",0.067573320372339,0.000409302404014162,0.0991070165768331,0.0312858125437351
999,"s(nextDOWNlag_z)",-0.000790239716103258,9.09885244344809e-06,0.020629789570463,0.00623717717915041
1000,"s(nextDOWNlag_z)",0.0718891178353188,0.000284070811700581,0.0858696695877694,0.0267981388513301
1,"ti(nextDOWNSOPower_z,nextDOWNlag_z)",0.174596970732796,0.000930818947200659,0.26289428037713,0.0270546835090547
2,"ti(nextDOWNSOPower_z,nextDOWNlag_z)",0.3754720556003,0.00469754593790196,0.348242868876432,0.0587543770743544
3,"ti(nextDOWNSOPower_z,nextDOWNlag_z)",0.375057712948352,0.00235476260626317,0.572790943382173,0.0824194085780234
4,"ti(nextDOWNSOPower_z,nextDOWNlag_z)",0.306420927407317,0.00180326758695476,0.313294767543878,0.0410400013169159
5,"ti(nextDOWNSOPower_z,nextDOWNlag_z)",0.111940996155197,0.00162180179121498,0.228511380935646,0.0320216881988264
6,"ti(nextDOWNSOPower_z,nextDOWNlag_z)",0.170395194922337,0.00107584270876261,0.646562644547865,0.0746707225087095
7,"ti(nextDOWNSOPower_z,nextDOWNlag_z)",0.413992406253837,0.00399054638859016,0.743589978569953,0.0889660555921198
8,"ti(nextDOWNSOPower_z,nextDOWNlag_z)",0.248632315440407,0.00134729329618395,0.409818956516166,0.0734535543773672
9,"ti(nextDOWNSOPower_z,nextDOWNlag_z)",0.195696340748897,0.0012012443841157,0.450816851478448,0.0468370147341851
10,"ti(nextDOWNSOPower_z,nextDOWNlag_z)",0.213764828742332,0.00125615724640709,0.393062874896289,0.0598038288128709
11,"ti(nextDOWNSOPower_z,nextDOWNlag_z)",0.13821293789596,0.00109463358438495,0.226732596914799,0.0360149691568325
12,"ti(nextDOWNSOPower_z,nextDOWNlag_z)",0.107544506903898,0.000958387300054722,0.322208613456332,0.0440936656820515
13,"ti(nextDOWNSOPower_z,nextDOWNlag_z)",0.0987874491108318,0.00249238320146238,0.360312177212681,0.0521471129778372
14,"ti(nextDOWNSOPower_z,nextDOWNlag_z)",0.426249631177825,0.00304992186357152,0.542845299930577,0.0515757401735719
15,"ti(nextDOWNSOPower_z,nextDOWNlag_z)",0.339062551454386,0.00268867268577012,0.536044391129484,0.0768101210755256
16,"ti(nextDOWNSOPower_z,nextDOWNlag_z)",0.222443992831616,0.00166382604349447,0.359124655832856,0.0315990623803666
17,"ti(nextDOWNSOPower_z,nextDOWNlag_z)",0.153777930135779,0.000914412484131016,0.322305669648638,0.0422849833847752
18,"ti(nextDOWNSOPower_z,nextDOWNlag_z)",0.33344497788361,0.00225972081876553,0.522443889124514,0.0823011144742731
19,"ti(nextDOWNSOPower_z,nextDOWNlag_z)",0.107045604460296,0.000977542022391011,0.196514480882219,0.0351097909111784
20,"ti(nextDOWNSOPower_z,nextDOWNlag_z)",0.125551772742784,0.000741865971313624,0.37873158886971,0.0527552543428019
21,"ti(nextDOWNSOPower_z,nextDOWNlag_z)",0.252059787300811,0.0021608878665324,0.41510827267011,0.04597110735463
22,"ti(nextDOWNSOPower_z,nextDOWNlag_z)",0.323887228769817,0.00214358033667132,0.628105461692671,0.092992820862549
23,"ti(nextDOWNSOPower_z,nextDOWNlag_z)",0.138849382604762,0.000672739333806737,0.229629616864764,0.0255795089876167
24,"ti(nextDOWNSOPower_z,nextDOWNlag_z)",0.232712165151367,0.00121332560919699,0.30288088427467,0.034346248698325
25,"ti(nextDOWNSOPower_z,nextDOWNlag_z)",0.247920764504817,0.00176971977663549,0.51780170205075,0.0541935795750582
26,"ti(nextDOWNSOPower_z,nextDOWNlag_z)",0.179475699380766,0.00170616694799077,0.471760573371243,0.0573175445003469
27,"ti(nextDOWNSOPower_z,nextDOWNlag_z)",0.420557377960141,0.00278420091414004,0.590643669370444,0.074937994195738
28,"ti(nextDOWNSOPower_z,nextDOWNlag_z)",0.264675131628487,0.00289923047921549,0.32691426065221,0.0428738243914099
29,"ti(nextDOWNSOPower_z,nextDOWNlag_z)",0.357796833711387,0.00343153435663079,0.85044278533767,0.101091862517548
30,"ti(nextDOWNSOPower_z,nextDOWNlag_z)",0.363325637250009,0.00203577792355686,0.945532306213657,0.11451922567504
31,"ti(nextDOWNSOPower_z,nextDOWNlag_z)",0.315234560690469,0.00184088869674656,0.340245246570263,0.0573932197218124
32,"ti(nextDOWNSOPower_z,nextDOWNlag_z)",0.129827003711729,0.00158366449307766,0.226025026613799,0.0384762016784964
33,"ti(nextDOWNSOPower_z,nextDOWNlag_z)",0.143467712890146,0.00079478956780823,0.252907111217464,0.0242429042636388
34,"ti(nextDOWNSOPower_z,nextDOWNlag_z)",0.308920345846025,0.00220643961284016,0.30982218576226,0.0364561401518166
35,"ti(nextDOWNSOPower_z,nextDOWNlag_z)",0.0336523473738145,0.00105489545413384,0.184481157186036,0.0298840044927608
36,"ti(nextDOWNSOPower_z,nextDOWNlag_z)",0.221033732517344,0.00168073449654737,0.228353529436536,0.0403190088585301
37,"ti(nextDOWNSOPower_z,nextDOWNlag_z)",0.171725389398671,0.00104116460460109,0.200103055969933,0.0231536367141292
38,"ti(nextDOWNSOPower_z,nextDOWNlag_z)",0.376506874706759,0.00346599081210934,0.439364764130727,0.0752262757140185
39,"ti(nextDOWNSOPower_z,nextDOWNlag_z)",0.261253777913703,0.00266412263291956,0.460431450213418,0.0541344658939428
40,"ti(nextDOWNSOPower_z,nextDOWNlag_z)",0.322341517185171,0.00208732767539133,0.617079923880665,0.103102310866409
41,"ti(nextDOWNSOPower_z,nextDOWNlag_z)",0.276083545037666,0.00151620275248824,0.364157077307129,0.044867642540559
42,"ti(nextDOWNSOPower_z,nextDOWNlag_z)",0.27897503066304,0.00194738428728351,0.325612290352781,0.0389168465302046
43,"ti(nextDOWNSOPower_z,nextDOWNlag_z)",0.294330111672628,0.0026102283083272,0.351079050626834,0.0394401690373469
44,"ti(nextDOWNSOPower_z,nextDOWNlag_z)",0.229403442332357,0.00139367303399635,0.453168767435039,0.0577799210595145
45,"ti(nextDOWNSOPower_z,nextDOWNlag_z)",0.164706690078541,0.00211875511398815,0.34163071630654,0.0672075308950008
46,"ti(nextDOWNSOPower_z,nextDOWNlag_z)",0.274400597416548,0.0016138797969864,0.448265248098395,0.0628203149779474
47,"ti(nextDOWNSOPower_z,nextDOWNlag_z)",0.124027902704639,0.000815996653893177,0.37219118635195,0.0547629340838479
48,"ti(nextDOWNSOPower_z,nextDOWNlag_z)",0.167340531242604,0.00157020005154395,0.359902811283307,0.0446793383860208
49,"ti(nextDOWNSOPower_z,nextDOWNlag_z)",0.287306000426466,0.00228148608807998,0.519232748962677,0.0703896375157116
50,"ti(nextDOWNSOPower_z,nextDOWNlag_z)",0.456439728971721,0.00294317055244177,0.583161612463833,0.0785102248032477
51,"ti(nextDOWNSOPower_z,nextDOWNlag_z)",0.346187276875873,0.00152495130162049,0.298996682189716,0.0336394408564135
52,"ti(nextDOWNSOPower_z,nextDOWNlag_z)",0.276698213669323,0.00177202256841483,1.25428833260943,0.118096537612921
53,"ti(nextDOWNSOPower_z,nextDOWNlag_z)",0.230594506509717,0.00134047707023755,0.2359104723661,0.0435152130944502
54,"ti(nextDOWNSOPower_z,nextDOWNlag_z)",0.435199521803527,0.00358047765538615,0.427466402104833,0.0533680146145683
55,"ti(nextDOWNSOPower_z,nextDOWNlag_z)",0.257846176746442,0.00285967780410643,0.453798336759973,0.0533654236026759
56,"ti(nextDOWNSOPower_z,nextDOWNlag_z)",0.418187293186073,0.00327904152360672,0.460231648945638,0.0821333714329936
57,"ti(nextDOWNSOPower_z,nextDOWNlag_z)",0.270581971014629,0.00219666657674364,0.402373047281449,0.0436964998649986
58,"ti(nextDOWNSOPower_z,nextDOWNlag_z)",0.126508923116748,0.000712318451118741,0.166098699051602,0.0227746413812304
59,"ti(nextDOWNSOPower_z,nextDOWNlag_z)",0.160930338430113,0.000855688232901027,0.272701300442463,0.0302510634805939
60,"ti(nextDOWNSOPower_z,nextDOWNlag_z)",0.383758664833289,0.00278194637190973,0.329161106381955,0.0419430873416354
61,"ti(nextDOWNSOPower_z,nextDOWNlag_z)",0.248287464146165,0.00142244572538285,0.428532052668532,0.0409299446838246
62,"ti(nextDOWNSOPower_z,nextDOWNlag_z)",0.262672902229454,0.00278774217194042,0.569500515492125,0.0625661800620844
63,"ti(nextDOWNSOPower_z,nextDOWNlag_z)",0.207025136391025,0.00211336798401639,0.518694140648269,0.0648389365627768
64,"ti(nextDOWNSOPower_z,nextDOWNlag_z)",0.230108909341835,0.00218791191509481,0.41003096751921,0.0595717010518898
65,"ti(nextDOWNSOPower_z,nextDOWNlag_z)",0.304414373597557,0.00254488148779236,0.33956537924315,0.0457428569361318
66,"ti(nextDOWNSOPower_z,nextDOWNlag_z)",0.370179316700279,0.00232845876992688,0.493212128267577,0.0731579961401015
67,"ti(nextDOWNSOPower_z,nextDOWNlag_z)",0.250376402144077,0.00183723593948977,0.259523346033085,0.044097429393537
68,"ti(nextDOWNSOPower_z,nextDOWNlag_z)",0.297697797307072,0.0028881556798524,0.71328533345423,0.0855932163469172
69,"ti(nextDOWNSOPower_z,nextDOWNlag_z)",0.474188996889964,0.00306899429019327,0.345753939246841,0.0437494452233876
70,"ti(nextDOWNSOPower_z,nextDOWNlag_z)",0.248051021736818,0.00148807588337876,0.291701131043076,0.0333929567912335
71,"ti(nextDOWNSOPower_z,nextDOWNlag_z)",0.253096508578385,0.00380357142189325,0.36179705487156,0.0615191447509916
72,"ti(nextDOWNSOPower_z,nextDOWNlag_z)",0.428248132092312,0.00260241464447562,0.45095697163323,0.052795792531553
73,"ti(nextDOWNSOPower_z,nextDOWNlag_z)",0.289611884444398,0.00208826493014101,0.564462317302291,0.0687712692148611
74,"ti(nextDOWNSOPower_z,nextDOWNlag_z)",0.5819459779374,0.00406561216209224,0.564775482306232,0.0706464390399282
75,"ti(nextDOWNSOPower_z,nextDOWNlag_z)",0.266115843944865,0.00184665508090139,0.58778456688939,0.0605589423599889
76,"ti(nextDOWNSOPower_z,nextDOWNlag_z)",0.199493505015263,0.00112148446830972,0.440875380793991,0.0443716493785392
77,"ti(nextDOWNSOPower_z,nextDOWNlag_z)",0.173849131404897,0.00147394991906022,0.311455845881629,0.0471808886706945
78,"ti(nextDOWNSOPower_z,nextDOWNlag_z)",0.291044159717522,0.002913331722214,0.314730422961303,0.0446057554780924
79,"ti(nextDOWNSOPower_z,nextDOWNlag_z)",0.333347277384631,0.00308047139153679,0.447301390950076,0.0779742469778251
80,"ti(nextDOWNSOPower_z,nextDOWNlag_z)",0.194491225364616,0.00145124785973388,0.376663095374199,0.0483869193622111
81,"ti(nextDOWNSOPower_z,nextDOWNlag_z)",0.0873467417870231,0.00096444854504986,0.170349815069919,0.019203603330744
82,"ti(nextDOWNSOPower_z,nextDOWNlag_z)",0.182841637100109,0.0019442630099252,0.364775759725134,0.0442237290691203
83,"ti(nextDOWNSOPower_z,nextDOWNlag_z)",0.38917608484943,0.0026684974035861,0.417290124313875,0.0557984875665569
84,"ti(nextDOWNSOPower_z,nextDOWNlag_z)",0.174159273535859,0.00162074016309364,0.247783412020423,0.0466378392972484
85,"ti(nextDOWNSOPower_z,nextDOWNlag_z)",0.468680969978536,0.00295912372601123,0.400815841742555,0.0502168623819039
86,"ti(nextDOWNSOPower_z,nextDOWNlag_z)",0.354600360605597,0.00421925525361993,0.479922096573519,0.0611563346557518
87,"ti(nextDOWNSOPower_z,nextDOWNlag_z)",0.136827769378995,0.00100967135521445,0.321202307220658,0.0323106830017037
88,"ti(nextDOWNSOPower_z,nextDOWNlag_z)",0.290027558522515,0.00259703013232422,0.428252722374169,0.0697254058716119
89,"ti(nextDOWNSOPower_z,nextDOWNlag_z)",0.178834283817815,0.00116201054322085,0.191038217869983,0.0211340807654135
90,"ti(nextDOWNSOPower_z,nextDOWNlag_z)",0.183919412518065,0.00102691671048208,0.360154628922379,0.0527343116200419
91,"ti(nextDOWNSOPower_z,nextDOWNlag_z)",0.15424239954217,0.0015380367668579,0.399802936896279,0.0407768980397075
92,"ti(nextDOWNSOPower_z,nextDOWNlag_z)",0.223754187590447,0.00179019016106144,0.266563789966365,0.0342810837615201
93,"ti(nextDOWNSOPower_z,nextDOWNlag_z)",0.323581655641479,0.00205879287286939,0.268185735675946,0.0444522530712202
94,"ti(nextDOWNSOPower_z,nextDOWNlag_z)",0.284722745030659,0.00205312396054108,0.898705193084434,0.113699374850274
95,"ti(nextDOWNSOPower_z,nextDOWNlag_z)",0.0537062380865427,0.000755597787880588,0.154551848356881,0.0258187326009215
96,"ti(nextDOWNSOPower_z,nextDOWNlag_z)",0.357646401763001,0.00242117575425427,0.289928086558959,0.0430806127502018
97,"ti(nextDOWNSOPower_z,nextDOWNlag_z)",0.118600104212743,0.000747603413400762,0.290321833660116,0.0285351038127093
98,"ti(nextDOWNSOPower_z,nextDOWNlag_z)",0.314688721797618,0.00369777515238919,0.725672568007231,0.0764283873586525
99,"ti(nextDOWNSOPower_z,nextDOWNlag_z)",0.451086277069329,0.00300208744571964,0.616886920111632,0.0567478010561887
100,"ti(nextDOWNSOPower_z,nextDOWNlag_z)",0.156050314096272,0.000855431093627868,0.402098143341592,0.0569425944562639
101,"ti(nextDOWNSOPower_z,nextDOWNlag_z)",0.296870186697495,0.00208420150781219,0.284702622102951,0.0494260060623699
102,"ti(nextDOWNSOPower_z,nextDOWNlag_z)",0.525030095750321,0.00304385238286905,0.769262804316848,0.0963428429104565
103,"ti(nextDOWNSOPower_z,nextDOWNlag_z)",0.487726281536139,0.0042159992673959,0.46768830038604,0.0449881536917809
104,"ti(nextDOWNSOPower_z,nextDOWNlag_z)",0.357492668722007,0.0025002443647267,0.299764990538194,0.0442159757580702
105,"ti(nextDOWNSOPower_z,nextDOWNlag_z)",0.339195532388291,0.00234364045444765,0.525580100648477,0.06826712445293
106,"ti(nextDOWNSOPower_z,nextDOWNlag_z)",0.101496953594476,0.00050280838575989,0.254502707631638,0.0328102484542109
107,"ti(nextDOWNSOPower_z,nextDOWNlag_z)",0.35737888419273,0.00302744887209229,0.329759327941826,0.0487102135366281
108,"ti(nextDOWNSOPower_z,nextDOWNlag_z)",0.280203160566261,0.00266256843680282,0.420256238249162,0.0460613137642403
109,"ti(nextDOWNSOPower_z,nextDOWNlag_z)",0.127694177126285,0.00185296048776622,0.206805379947975,0.0386826345011696
110,"ti(nextDOWNSOPower_z,nextDOWNlag_z)",0.256709406922999,0.00161897420736622,0.428078436115736,0.0580312144446339
111,"ti(nextDOWNSOPower_z,nextDOWNlag_z)",0.34688874323596,0.00236574921696654,0.343554071273978,0.0568162981648636
112,"ti(nextDOWNSOPower_z,nextDOWNlag_z)",0.226065235350664,0.00160574535579139,0.319291352518739,0.0314639358123635
113,"ti(nextDOWNSOPower_z,nextDOWNlag_z)",0.182633645679143,0.001132905232183,0.25312301636181,0.0294896217550922
114,"ti(nextDOWNSOPower_z,nextDOWNlag_z)",0.191304412124196,0.00110130713527307,0.237625645738374,0.0286394277658975
115,"ti(nextDOWNSOPower_z,nextDOWNlag_z)",0.222769317219387,0.00219314920955934,0.390851963507207,0.0600510836578227
116,"ti(nextDOWNSOPower_z,nextDOWNlag_z)",0.276482148862609,0.00173602700603229,0.337698089787609,0.0558337831518089
117,"ti(nextDOWNSOPower_z,nextDOWNlag_z)",0.345314221416409,0.00434618304819727,0.512071520593931,0.0821409372126836
118,"ti(nextDOWNSOPower_z,nextDOWNlag_z)",0.284984209891145,0.00259216028711582,0.342561608635604,0.0370383722662319
119,"ti(nextDOWNSOPower_z,nextDOWNlag_z)",0.0687642183074594,0.000984972120896291,0.421408114521246,0.0546639369579614
120,"ti(nextDOWNSOPower_z,nextDOWNlag_z)",0.175381548169203,0.00168297806479249,0.225977010866319,0.0266756890356029
121,"ti(nextDOWNSOPower_z,nextDOWNlag_z)",0.11799475405747,0.00102964414728189,0.274150496313973,0.0305682682062385
122,"ti(nextDOWNSOPower_z,nextDOWNlag_z)",0.231570288848044,0.00136610609712915,0.215385013797928,0.0270613061079875
123,"ti(nextDOWNSOPower_z,nextDOWNlag_z)",0.304863774427087,0.00259448911876533,0.316594368314266,0.0352746413798274
124,"ti(nextDOWNSOPower_z,nextDOWNlag_z)",0.268502187691668,0.00132228626628958,0.335609663212873,0.0459606826072213
125,"ti(nextDOWNSOPower_z,nextDOWNlag_z)",0.188631053405697,0.00126936402824591,0.319469421424197,0.0624607911715144
126,"ti(nextDOWNSOPower_z,nextDOWNlag_z)",0.37114130254107,0.00271030201067874,0.684469093032895,0.0901874904235234
127,"ti(nextDOWNSOPower_z,nextDOWNlag_z)",0.181766026611654,0.00203571745144158,0.667352923569946,0.084845321090332
128,"ti(nextDOWNSOPower_z,nextDOWNlag_z)",0.401492085194238,0.00366795821456388,0.377261519062508,0.0455078360023777
129,"ti(nextDOWNSOPower_z,nextDOWNlag_z)",0.129726162478196,0.00125226465272649,0.213804358742341,0.0320679090068345
130,"ti(nextDOWNSOPower_z,nextDOWNlag_z)",0.222086529336478,0.00199083454987748,0.334959967848007,0.0596691697541987
131,"ti(nextDOWNSOPower_z,nextDOWNlag_z)",0.287842088756381,0.00158263147643165,0.262247572994862,0.0425507781828224
132,"ti(nextDOWNSOPower_z,nextDOWNlag_z)",0.452328661391667,0.00398650386151582,0.489801840996838,0.0765468111342051
133,"ti(nextDOWNSOPower_z,nextDOWNlag_z)",0.305080605850712,0.00248294706213177,0.379650264138998,0.0830788735830038
134,"ti(nextDOWNSOPower_z,nextDOWNlag_z)",0.311246728618541,0.00195857359703532,0.345084433980826,0.0560983959915941
135,"ti(nextDOWNSOPower_z,nextDOWNlag_z)",0.303111060185758,0.00262312893572953,0.46257536580095,0.0562922816542526
136,"ti(nextDOWNSOPower_z,nextDOWNlag_z)",0.102441540392889,0.000996645242351317,0.271287986605164,0.0382537021207471
137,"ti(nextDOWNSOPower_z,nextDOWNlag_z)",0.344779155587161,0.00200000797302097,0.605098111830794,0.0646803752210455
138,"ti(nextDOWNSOPower_z,nextDOWNlag_z)",0.223958559897178,0.00257342821158568,0.344951105259151,0.0597552846613466
139,"ti(nextDOWNSOPower_z,nextDOWNlag_z)",0.345205266338715,0.00270399228365943,0.375105154373143,0.0382553539244033
140,"ti(nextDOWNSOPower_z,nextDOWNlag_z)",0.13210095889986,0.000746040994022433,0.37993720975077,0.0545576841423149
141,"ti(nextDOWNSOPower_z,nextDOWNlag_z)",0.280523851368231,0.0017705351488235,0.452225240564524,0.0597774322573326
142,"ti(nextDOWNSOPower_z,nextDOWNlag_z)",0.196174051596163,0.00161378665294697,0.343063356614527,0.0405245801610965
143,"ti(nextDOWNSOPower_z,nextDOWNlag_z)",0.200942860875721,0.00109306143166673,0.451015618156761,0.0416786143658064
144,"ti(nextDOWNSOPower_z,nextDOWNlag_z)",0.263459638155484,0.00164826346474275,0.475379917202603,0.0780660156264514
145,"ti(nextDOWNSOPower_z,nextDOWNlag_z)",0.250925931352764,0.00148052089875975,0.359590066895174,0.0345024080302185
146,"ti(nextDOWNSOPower_z,nextDOWNlag_z)",0.144697906889835,0.000895266824044887,0.320017361919031,0.0470429907382233
147,"ti(nextDOWNSOPower_z,nextDOWNlag_z)",0.467448094800609,0.00312848856369244,0.548896371863697,0.0790404681256733
148,"ti(nextDOWNSOPower_z,nextDOWNlag_z)",0.122942516822347,0.000659335048280941,0.288996079329737,0.0334141734019757
149,"ti(nextDOWNSOPower_z,nextDOWNlag_z)",0.455146259341243,0.00320094314553671,0.530298637055581,0.0791826325957589
150,"ti(nextDOWNSOPower_z,nextDOWNlag_z)",0.325903354760326,0.00326648880021173,0.354883796867147,0.0569270668916937
151,"ti(nextDOWNSOPower_z,nextDOWNlag_z)",0.193737998098821,0.00124565039620741,0.362244525022008,0.0527094036873217
152,"ti(nextDOWNSOPower_z,nextDOWNlag_z)",0.286116100186423,0.00179030887320098,0.337647113133945,0.0458878749804508
153,"ti(nextDOWNSOPower_z,nextDOWNlag_z)",0.19461164654088,0.00119701011004684,0.590279574306796,0.067175842110245
154,"ti(nextDOWNSOPower_z,nextDOWNlag_z)",0.444375191848319,0.0031840769899165,0.495371146574315,0.0898024912151127
155,"ti(nextDOWNSOPower_z,nextDOWNlag_z)",0.274981169837297,0.00173311006891817,0.457132267607449,0.0462527296427048
156,"ti(nextDOWNSOPower_z,nextDOWNlag_z)",0.222954630096739,0.00170298010879097,0.400804871479243,0.0441357404697386
157,"ti(nextDOWNSOPower_z,nextDOWNlag_z)",0.0497895124562892,0.000564704342460067,0.343028726790411,0.0450902096783971
158,"ti(nextDOWNSOPower_z,nextDOWNlag_z)",0.137507647248493,0.00177745229948867,0.246991595903621,0.0423900760819759
159,"ti(nextDOWNSOPower_z,nextDOWNlag_z)",0.159836296332746,0.00273035940527855,0.2770816064039,0.0500078992812109
160,"ti(nextDOWNSOPower_z,nextDOWNlag_z)",0.202003190912396,0.00110551486387189,0.189369149189768,0.0219063204077313
161,"ti(nextDOWNSOPower_z,nextDOWNlag_z)",0.210050221341392,0.00213387740909229,0.280587849597829,0.0503672808950174
162,"ti(nextDOWNSOPower_z,nextDOWNlag_z)",0.335004286649436,0.00206385207568722,0.414387319876265,0.0422851361575633
163,"ti(nextDOWNSOPower_z,nextDOWNlag_z)",0.274902515338763,0.00162577627289057,0.318715708679349,0.0338661715289417
164,"ti(nextDOWNSOPower_z,nextDOWNlag_z)",0.307883841393136,0.00238118741324654,0.397670938508072,0.0523585954321959
165,"ti(nextDOWNSOPower_z,nextDOWNlag_z)",0.330635740040855,0.00207897315109538,0.350622631154475,0.0549270814286308
166,"ti(nextDOWNSOPower_z,nextDOWNlag_z)",0.35406072013482,0.00337559640839619,0.354877367394792,0.0331503394763405
167,"ti(nextDOWNSOPower_z,nextDOWNlag_z)",0.231402143459133,0.00136999137630693,0.316078501494139,0.0302675980711764
168,"ti(nextDOWNSOPower_z,nextDOWNlag_z)",0.171395238686877,0.00103696271076509,0.206536889328497,0.0309473669434616
169,"ti(nextDOWNSOPower_z,nextDOWNlag_z)",0.140199768333023,0.00114887471407494,0.342893786873991,0.049837279541092
170,"ti(nextDOWNSOPower_z,nextDOWNlag_z)",0.137568275190726,0.0028794424030747,0.401017672711212,0.064781169546164
171,"ti(nextDOWNSOPower_z,nextDOWNlag_z)",0.20775273945319,0.00281415587256436,0.362371450552988,0.0435904451915903
172,"ti(nextDOWNSOPower_z,nextDOWNlag_z)",0.0456157382269708,0.000636062011428653,0.133920202693761,0.0216699027352377
173,"ti(nextDOWNSOPower_z,nextDOWNlag_z)",0.330134073250563,0.00211241757621711,0.281300677039884,0.0411048157815057
174,"ti(nextDOWNSOPower_z,nextDOWNlag_z)",0.440812201313252,0.00375319702883206,0.502571826439487,0.0654634981751336
175,"ti(nextDOWNSOPower_z,nextDOWNlag_z)",0.170911669763621,0.000938447944965052,0.322359192885183,0.0393192761140404
176,"ti(nextDOWNSOPower_z,nextDOWNlag_z)",0.254690141806666,0.00230035224204916,0.360384908338857,0.0649504672799907
177,"ti(nextDOWNSOPower_z,nextDOWNlag_z)",0.147049110512262,0.000838020969991686,0.281803004120926,0.0340294958863614
178,"ti(nextDOWNSOPower_z,nextDOWNlag_z)",0.414309581166136,0.00266683065176619,1.08050435734245,0.115711632574202
179,"ti(nextDOWNSOPower_z,nextDOWNlag_z)",0.284189019560705,0.00190186266816572,0.483791348153677,0.0636368372965111
180,"ti(nextDOWNSOPower_z,nextDOWNlag_z)",0.363868712124916,0.00316159336888876,0.411823575437991,0.0634804277849893
181,"ti(nextDOWNSOPower_z,nextDOWNlag_z)",0.0689196227017717,0.000811207331114623,0.341722109155902,0.0522746470815601
182,"ti(nextDOWNSOPower_z,nextDOWNlag_z)",0.391422944617477,0.00423546445114318,0.642703738332709,0.0747911929537175
183,"ti(nextDOWNSOPower_z,nextDOWNlag_z)",0.194628229860637,0.00206846330014655,0.279379000899215,0.0484996250012098
184,"ti(nextDOWNSOPower_z,nextDOWNlag_z)",0.216454098787513,0.00181199010325585,0.383678576232863,0.0466635573990515
185,"ti(nextDOWNSOPower_z,nextDOWNlag_z)",0.361461969661163,0.00268326416103089,0.549020627845389,0.0824886028884822
186,"ti(nextDOWNSOPower_z,nextDOWNlag_z)",0.282829797990012,0.0026956104488179,0.305962850824486,0.0443760293143447
187,"ti(nextDOWNSOPower_z,nextDOWNlag_z)",0.157454550425976,0.000696155808830648,0.277586497672709,0.0413174537027952
188,"ti(nextDOWNSOPower_z,nextDOWNlag_z)",0.30304591604462,0.00228967691198057,0.468704479984697,0.0592683602921149
189,"ti(nextDOWNSOPower_z,nextDOWNlag_z)",0.280516406008895,0.00254637580049797,0.378583399292022,0.0420216103169142
190,"ti(nextDOWNSOPower_z,nextDOWNlag_z)",0.340385950250595,0.00251508328711874,0.336550227571375,0.0467612955294073
191,"ti(nextDOWNSOPower_z,nextDOWNlag_z)",0.2368432961664,0.00183761960841578,0.473154822358055,0.0535048776133628
192,"ti(nextDOWNSOPower_z,nextDOWNlag_z)",0.245587592742779,0.00143431120731881,0.297560528125025,0.0323826374687519
193,"ti(nextDOWNSOPower_z,nextDOWNlag_z)",0.117434526350885,0.000661842509402296,0.215554186916745,0.0265257691347218
194,"ti(nextDOWNSOPower_z,nextDOWNlag_z)",0.424155602323413,0.00271980785530033,0.473025336913639,0.057357026605816
195,"ti(nextDOWNSOPower_z,nextDOWNlag_z)",0.287072569296215,0.00186014592997827,0.394084975119673,0.0402697665950886
196,"ti(nextDOWNSOPower_z,nextDOWNlag_z)",0.284293154059221,0.00235625550740761,0.307523435799939,0.0543040888661537
197,"ti(nextDOWNSOPower_z,nextDOWNlag_z)",0.324635294999559,0.00221807066924219,0.410126295465665,0.0615653553138906
198,"ti(nextDOWNSOPower_z,nextDOWNlag_z)",0.140997286227163,0.00148904127465925,0.428993251446552,0.0528346584710532
199,"ti(nextDOWNSOPower_z,nextDOWNlag_z)",0.245604295960261,0.00135122677584011,0.544845584357201,0.0719233725925729
200,"ti(nextDOWNSOPower_z,nextDOWNlag_z)",0.170362772403154,0.000872559583661206,0.330632472774257,0.0499211755874497
201,"ti(nextDOWNSOPower_z,nextDOWNlag_z)",0.344925189368662,0.00252205702143407,0.405320111133088,0.0502690028987683
202,"ti(nextDOWNSOPower_z,nextDOWNlag_z)",0.50996193973807,0.00371156187512796,0.298737695765556,0.0589015935610752
203,"ti(nextDOWNSOPower_z,nextDOWNlag_z)",0.0416029301245177,0.000224028045257148,0.265330307980124,0.0440234776167948
204,"ti(nextDOWNSOPower_z,nextDOWNlag_z)",0.185834300546565,0.0015849775906115,0.25225260074711,0.0416592222621123
205,"ti(nextDOWNSOPower_z,nextDOWNlag_z)",0.147926003815761,0.000988849586536198,0.400098376142017,0.0633753799081504
206,"ti(nextDOWNSOPower_z,nextDOWNlag_z)",0.257536693657315,0.00175488070851249,0.261574724097394,0.0467478633815029
207,"ti(nextDOWNSOPower_z,nextDOWNlag_z)",0.19320533619972,0.00108505186702077,0.288017306815041,0.0346023287322599
208,"ti(nextDOWNSOPower_z,nextDOWNlag_z)",0.16592723900453,0.0015185298196797,0.251271347268575,0.031832573883633
209,"ti(nextDOWNSOPower_z,nextDOWNlag_z)",0.1996365523431,0.0015890438222056,0.38107651307162,0.0388491511329378
210,"ti(nextDOWNSOPower_z,nextDOWNlag_z)",0.166478921393314,0.00147373274250019,0.211051833890871,0.0288490655615865
211,"ti(nextDOWNSOPower_z,nextDOWNlag_z)",0.26163486491123,0.00173043084014989,0.317819364821652,0.0489753370668111
212,"ti(nextDOWNSOPower_z,nextDOWNlag_z)",0.126843561550769,0.00191185487800418,0.24107832450363,0.0350006534918687
213,"ti(nextDOWNSOPower_z,nextDOWNlag_z)",0.377573238995033,0.0024415527176482,0.578563382843694,0.0486782463078799
214,"ti(nextDOWNSOPower_z,nextDOWNlag_z)",0.198004047636735,0.00111428065750568,0.292333329508602,0.0388083307832926
215,"ti(nextDOWNSOPower_z,nextDOWNlag_z)",0.152597606979848,0.00091890246467872,0.391996809236293,0.0426781718938617
216,"ti(nextDOWNSOPower_z,nextDOWNlag_z)",0.259510870889405,0.0022730381807926,0.330461148076179,0.0406566812093457
217,"ti(nextDOWNSOPower_z,nextDOWNlag_z)",0.174255782085554,0.00159243800421397,0.256636236074115,0.0371104562451939
218,"ti(nextDOWNSOPower_z,nextDOWNlag_z)",0.273106381535424,0.00152796234287007,0.305899874531539,0.0471306789682396
219,"ti(nextDOWNSOPower_z,nextDOWNlag_z)",0.0549742134559448,0.000264434445434768,0.293268004722577,0.0476016998984448
220,"ti(nextDOWNSOPower_z,nextDOWNlag_z)",0.318230486791311,0.00321164082910162,0.531521889912524,0.0568533855762905
221,"ti(nextDOWNSOPower_z,nextDOWNlag_z)",0.289416545469045,0.00349640505647837,0.99238578582648,0.106017010986316
222,"ti(nextDOWNSOPower_z,nextDOWNlag_z)",0.282187336761988,0.00227492449340001,0.496627051047541,0.0664616093715635
223,"ti(nextDOWNSOPower_z,nextDOWNlag_z)",0.252312716354572,0.00187859388102532,0.426548096737252,0.0463105672147519
224,"ti(nextDOWNSOPower_z,nextDOWNlag_z)",0.193385674000755,0.00188514097830838,0.50460810478272,0.0690792473151161
225,"ti(nextDOWNSOPower_z,nextDOWNlag_z)",0.201466307546815,0.00100687590982581,0.27430969104566,0.0332031062004754
226,"ti(nextDOWNSOPower_z,nextDOWNlag_z)",0.386238218100572,0.00228954598033,0.331866874297418,0.0573667790488181
227,"ti(nextDOWNSOPower_z,nextDOWNlag_z)",0.150362271230951,0.000928450866152971,0.187285199641339,0.0257093835207346
228,"ti(nextDOWNSOPower_z,nextDOWNlag_z)",0.299578939440374,0.00208556861561626,0.583669347182512,0.0682377337292525
229,"ti(nextDOWNSOPower_z,nextDOWNlag_z)",0.340606289608834,0.00344815180605503,0.330748692753356,0.0442320290813407
230,"ti(nextDOWNSOPower_z,nextDOWNlag_z)",0.286160245743897,0.0023293809452504,0.257837671229129,0.0468283666963895
231,"ti(nextDOWNSOPower_z,nextDOWNlag_z)",0.249645481594962,0.00165704585407832,0.551833281443654,0.0589669777922287
232,"ti(nextDOWNSOPower_z,nextDOWNlag_z)",0.133700792343112,0.00109230387055578,0.196304563396209,0.0223860477409816
233,"ti(nextDOWNSOPower_z,nextDOWNlag_z)",0.326758156416031,0.00217036073967903,0.576480708967544,0.0807750690037204
234,"ti(nextDOWNSOPower_z,nextDOWNlag_z)",0.254042355519866,0.00181082036906822,0.307738527802708,0.0332665700743998
235,"ti(nextDOWNSOPower_z,nextDOWNlag_z)",0.29085025429717,0.00199483952269387,0.349481580769293,0.046828310465526
236,"ti(nextDOWNSOPower_z,nextDOWNlag_z)",0.423673309836597,0.00307713898159323,0.927615418456753,0.108431419006459
237,"ti(nextDOWNSOPower_z,nextDOWNlag_z)",0.404132911448677,0.00327091432615961,0.582208635363699,0.0807296325750893
238,"ti(nextDOWNSOPower_z,nextDOWNlag_z)",0.44507287241076,0.00263601315688419,0.720319205868511,0.102926107496206
239,"ti(nextDOWNSOPower_z,nextDOWNlag_z)",0.245914076223946,0.00192054892318219,0.460629036402884,0.0675235022546953
240,"ti(nextDOWNSOPower_z,nextDOWNlag_z)",0.355318025208215,0.00274629796048344,0.375598007954886,0.0544119963247294
241,"ti(nextDOWNSOPower_z,nextDOWNlag_z)",0.182063670468055,0.00122505613632898,0.369452435217606,0.0584171868394978
242,"ti(nextDOWNSOPower_z,nextDOWNlag_z)",0.195921099425615,0.00135722185859092,0.573807577756008,0.0921800573263572
243,"ti(nextDOWNSOPower_z,nextDOWNlag_z)",0.298630432695218,0.00245949842031365,0.362478731946124,0.0415984528059473
244,"ti(nextDOWNSOPower_z,nextDOWNlag_z)",0.189101610858513,0.00116882984622043,0.195652177708295,0.032230757525009
245,"ti(nextDOWNSOPower_z,nextDOWNlag_z)",0.304800613430462,0.00249517240334327,0.353391976441799,0.0374403615572759
246,"ti(nextDOWNSOPower_z,nextDOWNlag_z)",0.122587715997831,0.00152089336208468,0.336023598994565,0.0436396506669346
247,"ti(nextDOWNSOPower_z,nextDOWNlag_z)",0.164868083671351,0.00105205158926574,0.223004725516692,0.0303782453687965
248,"ti(nextDOWNSOPower_z,nextDOWNlag_z)",0.170024579899313,0.00103153963855573,0.325028113422917,0.0333971845016227
249,"ti(nextDOWNSOPower_z,nextDOWNlag_z)",0.226744747371474,0.00160995341169407,0.25054365074361,0.0396238271899824
250,"ti(nextDOWNSOPower_z,nextDOWNlag_z)",0.212126704999648,0.00118472482979357,0.422704805200998,0.0520252214905088
251,"ti(nextDOWNSOPower_z,nextDOWNlag_z)",0.400286155059194,0.00295870739423224,0.395628853334901,0.046908003601655
252,"ti(nextDOWNSOPower_z,nextDOWNlag_z)",0.431160657087264,0.00333120212032921,0.35061729958187,0.0444129659290007
253,"ti(nextDOWNSOPower_z,nextDOWNlag_z)",0.215093951028779,0.00132090621854851,0.230275212329283,0.0312937588140398
254,"ti(nextDOWNSOPower_z,nextDOWNlag_z)",0.243391179626029,0.00176687310488465,0.423670373656971,0.0420578107421585
255,"ti(nextDOWNSOPower_z,nextDOWNlag_z)",0.273789893795764,0.00156293641247187,1.18006310382416,0.140694406708742
256,"ti(nextDOWNSOPower_z,nextDOWNlag_z)",0.519271849926428,0.0038444875225058,0.809889720994928,0.1100020476465
257,"ti(nextDOWNSOPower_z,nextDOWNlag_z)",0.325993253708213,0.00375363629010926,0.479723187742001,0.063582776362937
258,"ti(nextDOWNSOPower_z,nextDOWNlag_z)",0.286751520478639,0.0018134147742665,0.298686373915797,0.0384856170169384
259,"ti(nextDOWNSOPower_z,nextDOWNlag_z)",0.156892431357422,0.00157817473710582,0.342230905852054,0.0350583315510052
260,"ti(nextDOWNSOPower_z,nextDOWNlag_z)",0.171190855497474,0.00087797880133791,0.32239505000403,0.04748652825932
261,"ti(nextDOWNSOPower_z,nextDOWNlag_z)",0.236852611978794,0.00178165987759891,0.302856623539618,0.0349237876354286
262,"ti(nextDOWNSOPower_z,nextDOWNlag_z)",0.0637588901608688,0.000299595841107,0.284066916516752,0.03429699801187
263,"ti(nextDOWNSOPower_z,nextDOWNlag_z)",0.391729241573291,0.00291349605331271,0.471591521826682,0.0535886862629346
264,"ti(nextDOWNSOPower_z,nextDOWNlag_z)",0.207558706282545,0.00130513953553619,0.358916182407804,0.0552484915653151
265,"ti(nextDOWNSOPower_z,nextDOWNlag_z)",0.247139181395186,0.00158128729191505,0.373359896888265,0.0521346868029926
266,"ti(nextDOWNSOPower_z,nextDOWNlag_z)",0.178535528984064,0.00118200117808487,0.309992315393061,0.0375945639472065
267,"ti(nextDOWNSOPower_z,nextDOWNlag_z)",0.279738380316977,0.00176967699006286,0.292960717561512,0.032700871037751
268,"ti(nextDOWNSOPower_z,nextDOWNlag_z)",0.27845046108142,0.00250673751431243,0.289274416678593,0.0426236018815981
269,"ti(nextDOWNSOPower_z,nextDOWNlag_z)",0.356263666279342,0.00337460119948336,0.433387004563285,0.0404617683243927
270,"ti(nextDOWNSOPower_z,nextDOWNlag_z)",0.248727585743625,0.00253469117225468,0.464695510804119,0.0542287078328265
271,"ti(nextDOWNSOPower_z,nextDOWNlag_z)",0.278743935970615,0.00235987805860697,0.390250034196505,0.0420025974963892
272,"ti(nextDOWNSOPower_z,nextDOWNlag_z)",0.408243923995048,0.00238278387929738,0.980473570810717,0.117030182949027
273,"ti(nextDOWNSOPower_z,nextDOWNlag_z)",0.299673393355975,0.00284517339221591,0.394182311439164,0.0547783859266859
274,"ti(nextDOWNSOPower_z,nextDOWNlag_z)",0.227105390417964,0.00167626555495263,0.279667270062084,0.0395061523211167
275,"ti(nextDOWNSOPower_z,nextDOWNlag_z)",0.201098714977562,0.00226553207585313,0.34078799895783,0.0621282176745089
276,"ti(nextDOWNSOPower_z,nextDOWNlag_z)",0.326095473160522,0.00210823875969019,0.309305495206319,0.0491061938482391
277,"ti(nextDOWNSOPower_z,nextDOWNlag_z)",0.153420804699044,0.00183904151549811,0.259207557382132,0.0466951431268502
278,"ti(nextDOWNSOPower_z,nextDOWNlag_z)",0.391816571949454,0.00293996503849803,0.410150239844443,0.0502557719418825
279,"ti(nextDOWNSOPower_z,nextDOWNlag_z)",0.269839453648446,0.00145468157745546,0.287058889257824,0.0491399403958787
280,"ti(nextDOWNSOPower_z,nextDOWNlag_z)",0.280730805517084,0.00223152567710449,0.417442628824779,0.0491340300780417
281,"ti(nextDOWNSOPower_z,nextDOWNlag_z)",0.290639288840315,0.00255369463629471,0.578005748011761,0.0769373007450659
282,"ti(nextDOWNSOPower_z,nextDOWNlag_z)",0.234843747750784,0.0017153723349384,0.406360990828133,0.0617339374660803
283,"ti(nextDOWNSOPower_z,nextDOWNlag_z)",0.216008124402248,0.00171728854188554,0.364196169304025,0.0355334279200884
284,"ti(nextDOWNSOPower_z,nextDOWNlag_z)",0.222753926695164,0.00150794961433936,0.214976377303796,0.0280524189112437
285,"ti(nextDOWNSOPower_z,nextDOWNlag_z)",0.233240091988538,0.00132950711623399,0.292301427733141,0.0458013005324979
286,"ti(nextDOWNSOPower_z,nextDOWNlag_z)",0.236337663996975,0.0014415962562339,0.216941451511763,0.0241704946200256
287,"ti(nextDOWNSOPower_z,nextDOWNlag_z)",0.254669131495571,0.0015937969091214,0.247505662632312,0.037137174325049
288,"ti(nextDOWNSOPower_z,nextDOWNlag_z)",0.0840607819431084,0.00133170927692659,0.183798365296732,0.0234716887773713
289,"ti(nextDOWNSOPower_z,nextDOWNlag_z)",0.312997843673256,0.0022138619926793,0.341565053284408,0.0390293737283638
290,"ti(nextDOWNSOPower_z,nextDOWNlag_z)",0.400513785691269,0.00290368457358232,0.56434970291032,0.0777953554441051
291,"ti(nextDOWNSOPower_z,nextDOWNlag_z)",0.107425857326459,0.000769002352900801,0.261577152721034,0.0347887458606018
292,"ti(nextDOWNSOPower_z,nextDOWNlag_z)",0.309600334800887,0.00194133169544652,1.25705691303093,0.124820511221712
293,"ti(nextDOWNSOPower_z,nextDOWNlag_z)",0.171906434266471,0.00166317154332537,0.20232819136053,0.0366429102324953
294,"ti(nextDOWNSOPower_z,nextDOWNlag_z)",0.32233208760599,0.00202206896982452,0.482681689733944,0.0658277568685846
295,"ti(nextDOWNSOPower_z,nextDOWNlag_z)",0.366725751862531,0.00226102096510126,0.590095577084864,0.0702507790701582
296,"ti(nextDOWNSOPower_z,nextDOWNlag_z)",0.150258603578927,0.000864535994440163,0.229900609874679,0.0283543922416787
297,"ti(nextDOWNSOPower_z,nextDOWNlag_z)",0.236930840347301,0.0020621947265843,0.452631690409981,0.0661369769434164
298,"ti(nextDOWNSOPower_z,nextDOWNlag_z)",0.181252482673923,0.00110020481537559,0.324743545866246,0.0448667071372001
299,"ti(nextDOWNSOPower_z,nextDOWNlag_z)",0.282512625346418,0.0016378167035907,0.266328969755738,0.0352185904467572
300,"ti(nextDOWNSOPower_z,nextDOWNlag_z)",0.42107978355238,0.00258411260765201,0.455101813365331,0.0670902429323826
301,"ti(nextDOWNSOPower_z,nextDOWNlag_z)",0.219362421055392,0.00177521378988773,0.356111907526786,0.0359939145168863
302,"ti(nextDOWNSOPower_z,nextDOWNlag_z)",0.288473584358643,0.00309322190739597,0.310742192655884,0.0484157784690552
303,"ti(nextDOWNSOPower_z,nextDOWNlag_z)",0.0884173546799958,0.000487236532950363,0.366872659067906,0.0609945007537424
304,"ti(nextDOWNSOPower_z,nextDOWNlag_z)",0.289427811012167,0.00214102567171542,0.374478005184843,0.0446415999881739
305,"ti(nextDOWNSOPower_z,nextDOWNlag_z)",0.533375061296358,0.0047627062777086,1.00717374423862,0.128222283357081
306,"ti(nextDOWNSOPower_z,nextDOWNlag_z)",0.118156349987107,0.000856463259215342,0.286093835783013,0.0300214765321727
307,"ti(nextDOWNSOPower_z,nextDOWNlag_z)",0.341523925684839,0.00241595290365348,1.10694920332498,0.136187354424764
308,"ti(nextDOWNSOPower_z,nextDOWNlag_z)",0.304330386862824,0.00260758694684189,0.410835090622275,0.0472061234907412
309,"ti(nextDOWNSOPower_z,nextDOWNlag_z)",0.275163497559623,0.00179447615151839,0.942687761669091,0.0964792474792623
310,"ti(nextDOWNSOPower_z,nextDOWNlag_z)",0.221008459924121,0.00177688763529596,0.264347131208611,0.032450892484154
311,"ti(nextDOWNSOPower_z,nextDOWNlag_z)",0.200024691164504,0.00104954322994966,0.823387635186824,0.0920588868472434
312,"ti(nextDOWNSOPower_z,nextDOWNlag_z)",0.347231549151479,0.00289686016085318,0.553432057926716,0.0728972221703476
313,"ti(nextDOWNSOPower_z,nextDOWNlag_z)",0.514791535591514,0.00426176842830893,0.459724442338215,0.0664979033977278
314,"ti(nextDOWNSOPower_z,nextDOWNlag_z)",0.430982044328414,0.00276059814982827,0.496957950201961,0.0632015295264908
315,"ti(nextDOWNSOPower_z,nextDOWNlag_z)",0.214383962042326,0.00150736411328987,0.470473278284818,0.0728147159438871
316,"ti(nextDOWNSOPower_z,nextDOWNlag_z)",0.101556005353164,0.000492014017811352,0.241651046041021,0.0250186104752136
317,"ti(nextDOWNSOPower_z,nextDOWNlag_z)",0.316514900029846,0.00278624779183968,0.756965066194996,0.0886480386413987
318,"ti(nextDOWNSOPower_z,nextDOWNlag_z)",0.200805477188036,0.00183750366591012,0.398349906531517,0.0577461468582409
319,"ti(nextDOWNSOPower_z,nextDOWNlag_z)",0.171140605000347,0.0011284233369677,0.326584746263029,0.031764152747666
320,"ti(nextDOWNSOPower_z,nextDOWNlag_z)",0.275832003011438,0.00209926672854955,0.862006613355619,0.123309870994679
321,"ti(nextDOWNSOPower_z,nextDOWNlag_z)",0.261108846815354,0.00173330199604306,0.504993984263152,0.0572194098705249
322,"ti(nextDOWNSOPower_z,nextDOWNlag_z)",0.231063578460753,0.0013776893027178,0.432686333795007,0.0404786785717089
323,"ti(nextDOWNSOPower_z,nextDOWNlag_z)",0.186010204549777,0.0017725572082171,0.222735590235306,0.0341393772045714
324,"ti(nextDOWNSOPower_z,nextDOWNlag_z)",0.134474154002277,0.00101319502274874,0.27107077097747,0.030990898614913
325,"ti(nextDOWNSOPower_z,nextDOWNlag_z)",0.245644986922199,0.00155119751312289,0.38376928142835,0.0411777797052471
326,"ti(nextDOWNSOPower_z,nextDOWNlag_z)",0.299927178497327,0.00182347443001102,0.335292798453929,0.047930289728902
327,"ti(nextDOWNSOPower_z,nextDOWNlag_z)",0.233119241158229,0.000861334512824162,0.254047530809336,0.0295404260832194
328,"ti(nextDOWNSOPower_z,nextDOWNlag_z)",0.443476163786851,0.00230421150263435,0.837492868519001,0.101378665526054
329,"ti(nextDOWNSOPower_z,nextDOWNlag_z)",0.268723841876254,0.0023144506023082,0.265776705567556,0.0341981152222248
330,"ti(nextDOWNSOPower_z,nextDOWNlag_z)",0.154032604150424,0.00168777574520043,0.324324231111351,0.0361028497019593
331,"ti(nextDOWNSOPower_z,nextDOWNlag_z)",0.14773485393839,0.000783596836674058,0.230785145377893,0.0290994114811829
332,"ti(nextDOWNSOPower_z,nextDOWNlag_z)",0.167117650220742,0.00129272381623197,0.376162574571865,0.0446997955553631
333,"ti(nextDOWNSOPower_z,nextDOWNlag_z)",0.139738163983457,0.000663044905803836,0.265094048218632,0.0432751421601006
334,"ti(nextDOWNSOPower_z,nextDOWNlag_z)",0.27110664042722,0.00202640842066826,0.631213090933746,0.0762772860340177
335,"ti(nextDOWNSOPower_z,nextDOWNlag_z)",0.292297687166997,0.00199233263163931,0.445997244631533,0.0498301511794725
336,"ti(nextDOWNSOPower_z,nextDOWNlag_z)",0.279968182372823,0.00215129998479194,0.305842474345772,0.0520494617228243
337,"ti(nextDOWNSOPower_z,nextDOWNlag_z)",0.163948192525629,0.00199006269049148,0.552205996947356,0.0661593337008967
338,"ti(nextDOWNSOPower_z,nextDOWNlag_z)",0.265856073830083,0.00179650935614683,0.313959584157987,0.0417071648391665
339,"ti(nextDOWNSOPower_z,nextDOWNlag_z)",0.215737596238145,0.00133977514751719,0.239984197157625,0.0325386137929195
340,"ti(nextDOWNSOPower_z,nextDOWNlag_z)",0.211041388331715,0.0016455595691581,0.386637930350868,0.0452674079904593
341,"ti(nextDOWNSOPower_z,nextDOWNlag_z)",0.479943667814348,0.00361399330398588,0.553274319106462,0.0919414317776922
342,"ti(nextDOWNSOPower_z,nextDOWNlag_z)",0.332437859512632,0.00402468952761994,0.607586616792693,0.0615368440028484
343,"ti(nextDOWNSOPower_z,nextDOWNlag_z)",0.322757476250766,0.00343460753755092,0.731102616097247,0.0786917425537115
344,"ti(nextDOWNSOPower_z,nextDOWNlag_z)",0.0481201284902207,0.000339434465640622,0.282049687937237,0.0470597933960136
345,"ti(nextDOWNSOPower_z,nextDOWNlag_z)",0.142642479226108,0.00180768876274879,0.494394481483262,0.0653363209377849
346,"ti(nextDOWNSOPower_z,nextDOWNlag_z)",0.185928132336535,0.0012974812853859,0.30119295566473,0.0434066940785698
347,"ti(nextDOWNSOPower_z,nextDOWNlag_z)",0.111503032932027,0.0011359127590877,0.270738659806223,0.0534982179813906
348,"ti(nextDOWNSOPower_z,nextDOWNlag_z)",0.417261121709881,0.00302820321924114,0.616358239549333,0.0629563374877405
349,"ti(nextDOWNSOPower_z,nextDOWNlag_z)",0.325074930966667,0.00273197386039776,0.288401177285389,0.0437207982285385
350,"ti(nextDOWNSOPower_z,nextDOWNlag_z)",0.325420067521463,0.00208558897613489,0.573070114035071,0.107685044109926
351,"ti(nextDOWNSOPower_z,nextDOWNlag_z)",0.25689194051437,0.00162005488810424,0.431545721144677,0.0534053456526
352,"ti(nextDOWNSOPower_z,nextDOWNlag_z)",0.236101709681629,0.00207286907598566,0.415374746809846,0.0546861986408258
353,"ti(nextDOWNSOPower_z,nextDOWNlag_z)",0.367920625051932,0.00245908549315034,0.466202256472107,0.0649737568417589
354,"ti(nextDOWNSOPower_z,nextDOWNlag_z)",0.275355344426846,0.00185094079140849,0.619572688842671,0.0840117844405247
355,"ti(nextDOWNSOPower_z,nextDOWNlag_z)",0.330656635061229,0.00257828085963704,0.412602350920816,0.0439955323758352
356,"ti(nextDOWNSOPower_z,nextDOWNlag_z)",0.367191549594854,0.00245160905601772,0.536228442034506,0.0718395495161187
357,"ti(nextDOWNSOPower_z,nextDOWNlag_z)",0.335367334309802,0.00224095273587504,0.300464396507949,0.0318015628997055
358,"ti(nextDOWNSOPower_z,nextDOWNlag_z)",0.482354592805874,0.0032747624841811,0.381573370310067,0.0512401191919135
359,"ti(nextDOWNSOPower_z,nextDOWNlag_z)",0.513012179518423,0.00406204797621822,0.632849114185178,0.0799230371980075
360,"ti(nextDOWNSOPower_z,nextDOWNlag_z)",0.119236743589676,0.00131197880297306,0.301084593373246,0.0384240344049824
361,"ti(nextDOWNSOPower_z,nextDOWNlag_z)",0.363401800022106,0.00234485212644598,0.368568680133175,0.0517211554195113
362,"ti(nextDOWNSOPower_z,nextDOWNlag_z)",0.290629142876717,0.00172769941000554,0.418624002045654,0.0459548692163729
363,"ti(nextDOWNSOPower_z,nextDOWNlag_z)",0.247601134367688,0.00124070596570229,0.478947068571897,0.0615168129416244
364,"ti(nextDOWNSOPower_z,nextDOWNlag_z)",0.30910449708933,0.00320057616037273,0.531447989340088,0.0660251882633518
365,"ti(nextDOWNSOPower_z,nextDOWNlag_z)",0.523468520764615,0.00310853112055402,0.563099228986928,0.0581938737830758
366,"ti(nextDOWNSOPower_z,nextDOWNlag_z)",0.331677526130185,0.00287856062147826,0.524603226242469,0.0694494753970284
367,"ti(nextDOWNSOPower_z,nextDOWNlag_z)",0.278849908847817,0.00163368275852852,0.434309299967154,0.0601634536489112
368,"ti(nextDOWNSOPower_z,nextDOWNlag_z)",0.472182108759015,0.00313435806316464,0.395128362648802,0.0533614692893523
369,"ti(nextDOWNSOPower_z,nextDOWNlag_z)",0.304846414955376,0.00192497437431659,0.406063286913601,0.0692256379688578
370,"ti(nextDOWNSOPower_z,nextDOWNlag_z)",0.25439515399832,0.00218362098604322,0.385623476420336,0.0443213753414327
371,"ti(nextDOWNSOPower_z,nextDOWNlag_z)",0.525802801125523,0.00365036074296646,0.427467184594342,0.0620599867693059
372,"ti(nextDOWNSOPower_z,nextDOWNlag_z)",0.356612271650384,0.00256933234527549,0.376304692669323,0.0444606874085499
373,"ti(nextDOWNSOPower_z,nextDOWNlag_z)",0.422311182795608,0.00309470803563915,0.444399572761616,0.0517315525317905
374,"ti(nextDOWNSOPower_z,nextDOWNlag_z)",0.402850260124261,0.00251972452701178,1.12029161442442,0.121911588052521
375,"ti(nextDOWNSOPower_z,nextDOWNlag_z)",0.517966290171347,0.00451886296545535,0.671618131665928,0.0657371022808762
376,"ti(nextDOWNSOPower_z,nextDOWNlag_z)",0.128090742955234,0.000766402308607905,0.25291379219222,0.0277190056742281
377,"ti(nextDOWNSOPower_z,nextDOWNlag_z)",0.151345020392124,0.00118858628424412,0.279412684375906,0.055265197041287
378,"ti(nextDOWNSOPower_z,nextDOWNlag_z)",0.206743924867639,0.00149279085103897,0.3306439127833,0.0496876759123118
379,"ti(nextDOWNSOPower_z,nextDOWNlag_z)",0.188100365941829,0.00122259874055032,0.440967424870018,0.0689441853487803
380,"ti(nextDOWNSOPower_z,nextDOWNlag_z)",0.243516829692799,0.0019809852062841,0.358991892788873,0.0412034976255998
381,"ti(nextDOWNSOPower_z,nextDOWNlag_z)",0.283087884871778,0.00199598328372709,0.500244343177459,0.0739961708352792
382,"ti(nextDOWNSOPower_z,nextDOWNlag_z)",0.396469509027388,0.0031435965456847,1.32384292466631,0.120895511466048
383,"ti(nextDOWNSOPower_z,nextDOWNlag_z)",0.352395292912096,0.0025744053303785,0.308427907576746,0.0330182435977825
384,"ti(nextDOWNSOPower_z,nextDOWNlag_z)",0.156000770626609,0.000987890980026223,0.234063205594918,0.0369276142317469
385,"ti(nextDOWNSOPower_z,nextDOWNlag_z)",0.207672189480774,0.00151725002118846,0.227965478055687,0.0269698222759353
386,"ti(nextDOWNSOPower_z,nextDOWNlag_z)",0.123027120801988,0.000757621362168634,0.349448168061682,0.0299581336257829
387,"ti(nextDOWNSOPower_z,nextDOWNlag_z)",0.172251695827852,0.00111252849879738,0.276759725091441,0.0308779576280475
388,"ti(nextDOWNSOPower_z,nextDOWNlag_z)",0.479520711150599,0.00275418573194317,0.753580821260533,0.105461945481143
389,"ti(nextDOWNSOPower_z,nextDOWNlag_z)",0.228871770659263,0.00212710940765654,0.273811423259258,0.0371712048087459
390,"ti(nextDOWNSOPower_z,nextDOWNlag_z)",0.54066037135147,0.00448446104287531,0.66862206357508,0.0892971428860776
391,"ti(nextDOWNSOPower_z,nextDOWNlag_z)",0.140292100175328,0.0011177182739423,0.206045450596535,0.0265425753968612
392,"ti(nextDOWNSOPower_z,nextDOWNlag_z)",0.274528762057849,0.00276426921114236,0.323967547384661,0.0431901190170223
393,"ti(nextDOWNSOPower_z,nextDOWNlag_z)",0.219204344372296,0.00239522035360287,0.397774899025718,0.0452643110725464
394,"ti(nextDOWNSOPower_z,nextDOWNlag_z)",0.344341334140287,0.00285458772441813,0.31267020173337,0.0377137444836382
395,"ti(nextDOWNSOPower_z,nextDOWNlag_z)",0.224210659394677,0.00174071911278017,0.353579299670057,0.0361245518460481
396,"ti(nextDOWNSOPower_z,nextDOWNlag_z)",0.281941757468806,0.00143954635228987,0.628623566619879,0.0919188695981431
397,"ti(nextDOWNSOPower_z,nextDOWNlag_z)",0.222903938863977,0.00190192996534143,0.318479056984719,0.0511520677828846
398,"ti(nextDOWNSOPower_z,nextDOWNlag_z)",0.263882758533256,0.00173823111645188,0.533214549010884,0.0674215652559026
399,"ti(nextDOWNSOPower_z,nextDOWNlag_z)",0.212206517332766,0.00123119788678853,0.32899818020219,0.0353458379868526
400,"ti(nextDOWNSOPower_z,nextDOWNlag_z)",0.128239446700261,0.00224467395273039,0.352423523271382,0.0385852822648567
401,"ti(nextDOWNSOPower_z,nextDOWNlag_z)",0.112437387958291,0.000802671329377182,0.215891487423837,0.0298335218597674
402,"ti(nextDOWNSOPower_z,nextDOWNlag_z)",0.346581289383137,0.00252059414927146,0.363190459164595,0.0481475430399626
403,"ti(nextDOWNSOPower_z,nextDOWNlag_z)",0.19765250782679,0.00126398347987885,0.369779640426213,0.0452463079953844
404,"ti(nextDOWNSOPower_z,nextDOWNlag_z)",0.0915415000753049,0.00128172159028545,0.238640725125488,0.0455556503764201
405,"ti(nextDOWNSOPower_z,nextDOWNlag_z)",0.171961335595827,0.00114189765213922,0.244960986828722,0.0249294747035068
406,"ti(nextDOWNSOPower_z,nextDOWNlag_z)",0.304766529447936,0.00188095188576706,0.62260637565581,0.0697434750239635
407,"ti(nextDOWNSOPower_z,nextDOWNlag_z)",0.278632099730991,0.00238114627015451,0.301020534290162,0.0369455197611501
408,"ti(nextDOWNSOPower_z,nextDOWNlag_z)",0.0838301403577144,0.000428996851908471,0.239344921269242,0.0351707847132386
409,"ti(nextDOWNSOPower_z,nextDOWNlag_z)",0.230447612619043,0.00160513288486647,0.397068783455411,0.0570125024113557
410,"ti(nextDOWNSOPower_z,nextDOWNlag_z)",0.243713407895989,0.00182410042940856,0.867771187448936,0.106980037690879
411,"ti(nextDOWNSOPower_z,nextDOWNlag_z)",0.281411231305425,0.0029961113795246,0.491214794121245,0.0506574904424502
412,"ti(nextDOWNSOPower_z,nextDOWNlag_z)",0.282973143658519,0.00170453192692634,0.237077476843491,0.0321930796695543
413,"ti(nextDOWNSOPower_z,nextDOWNlag_z)",0.338373428922908,0.00212126799490279,0.286482958887178,0.0389208457856699
414,"ti(nextDOWNSOPower_z,nextDOWNlag_z)",0.133465165589133,0.00075480919567154,0.323425125586365,0.0487762491212912
415,"ti(nextDOWNSOPower_z,nextDOWNlag_z)",0.431243597089969,0.00335543123799471,0.486315132782579,0.0550360055361644
416,"ti(nextDOWNSOPower_z,nextDOWNlag_z)",0.218028115774602,0.00236793529920566,0.324692052015483,0.0523762730408405
417,"ti(nextDOWNSOPower_z,nextDOWNlag_z)",0.129705717146959,0.000841807371760513,0.739598795771658,0.0865981178306598
418,"ti(nextDOWNSOPower_z,nextDOWNlag_z)",0.198780106415439,0.00121766647545416,0.321347332388998,0.0446816860951254
419,"ti(nextDOWNSOPower_z,nextDOWNlag_z)",0.583920065300881,0.00373176300813044,1.47501225727181,0.161930760906858
420,"ti(nextDOWNSOPower_z,nextDOWNlag_z)",0.349597798407884,0.00284061947772931,0.36350832062527,0.0689074586344521
421,"ti(nextDOWNSOPower_z,nextDOWNlag_z)",0.211062067735947,0.00138348512314043,0.268457718317383,0.0319628189103814
422,"ti(nextDOWNSOPower_z,nextDOWNlag_z)",0.188119925390729,0.0011695507788567,0.433795380682891,0.0632466855910855
423,"ti(nextDOWNSOPower_z,nextDOWNlag_z)",0.369705626034748,0.00372185138013083,0.432568622276111,0.0629090800235307
424,"ti(nextDOWNSOPower_z,nextDOWNlag_z)",0.149946385911894,0.000809287082558564,0.259378812399427,0.0385946855501146
425,"ti(nextDOWNSOPower_z,nextDOWNlag_z)",0.315036012472207,0.0019405664724135,0.302103780123369,0.0439351256008991
426,"ti(nextDOWNSOPower_z,nextDOWNlag_z)",0.391056247278995,0.00212724007574389,0.419008563728139,0.0697979971635783
427,"ti(nextDOWNSOPower_z,nextDOWNlag_z)",0.553761742647226,0.00395470026288496,1.25187752769489,0.171311309933305
428,"ti(nextDOWNSOPower_z,nextDOWNlag_z)",0.265602243477218,0.00140565064817503,0.220337312802227,0.0352800922986911
429,"ti(nextDOWNSOPower_z,nextDOWNlag_z)",0.205424169403244,0.00120541415293956,0.168259798347778,0.0267040713910262
430,"ti(nextDOWNSOPower_z,nextDOWNlag_z)",0.19482978847894,0.00128314544488004,0.332138603566052,0.0356389045890044
431,"ti(nextDOWNSOPower_z,nextDOWNlag_z)",0.0877682882146952,0.00148328770436164,0.268204815917131,0.0430242302500714
432,"ti(nextDOWNSOPower_z,nextDOWNlag_z)",0.358862437751475,0.00207590531115596,0.414145691304836,0.0725850846620039
433,"ti(nextDOWNSOPower_z,nextDOWNlag_z)",0.20494155984585,0.00188347991530155,0.268007672347779,0.0355671398593904
434,"ti(nextDOWNSOPower_z,nextDOWNlag_z)",0.0470010089482077,0.000576862662939099,0.204356946251348,0.0226775729000546
435,"ti(nextDOWNSOPower_z,nextDOWNlag_z)",0.242835457001353,0.00189129097590747,0.275077545007073,0.0489154401987726
436,"ti(nextDOWNSOPower_z,nextDOWNlag_z)",0.274690832436353,0.00179987494405394,0.394527421150282,0.0437088061654882
437,"ti(nextDOWNSOPower_z,nextDOWNlag_z)",0.264284013550996,0.00154797514420629,0.339821886630859,0.0453948630124792
438,"ti(nextDOWNSOPower_z,nextDOWNlag_z)",0.373991774398092,0.00284615686557908,0.436826085022362,0.0465833200291636
439,"ti(nextDOWNSOPower_z,nextDOWNlag_z)",0.173647190315467,0.000918726384759095,0.233078744353114,0.025528501866733
440,"ti(nextDOWNSOPower_z,nextDOWNlag_z)",0.343404488162036,0.00283248776777425,0.361092344512623,0.054585877749007
441,"ti(nextDOWNSOPower_z,nextDOWNlag_z)",0.223667596428461,0.00139733152567299,0.311221664614576,0.0356697743384645
442,"ti(nextDOWNSOPower_z,nextDOWNlag_z)",0.291552373186103,0.00218119869224232,0.467572890341922,0.0646597432475152
443,"ti(nextDOWNSOPower_z,nextDOWNlag_z)",0.257144417104633,0.00189446871415849,0.304609469568856,0.0358616345698785
444,"ti(nextDOWNSOPower_z,nextDOWNlag_z)",0.29891027216595,0.00241083488512256,0.334515190247589,0.0448013293543087
445,"ti(nextDOWNSOPower_z,nextDOWNlag_z)",0.288426201773017,0.00266440542873342,0.301296356801915,0.0342513650549513
446,"ti(nextDOWNSOPower_z,nextDOWNlag_z)",0.060293179161963,0.00089524781099226,0.233504259564717,0.0341131787281079
447,"ti(nextDOWNSOPower_z,nextDOWNlag_z)",0.292613431913833,0.00196699373885191,1.1150039466956,0.108147897631255
448,"ti(nextDOWNSOPower_z,nextDOWNlag_z)",0.323286129529009,0.00282842619199968,0.342132652979644,0.0403602106143035
449,"ti(nextDOWNSOPower_z,nextDOWNlag_z)",0.1395696322667,0.00112264887437486,0.184317029641479,0.0212875961261743
450,"ti(nextDOWNSOPower_z,nextDOWNlag_z)",0.11777467281269,0.00137430925553786,0.366306667306103,0.0370212984315072
451,"ti(nextDOWNSOPower_z,nextDOWNlag_z)",0.477969881224008,0.0035789224697732,0.428157787379737,0.077599040419032
452,"ti(nextDOWNSOPower_z,nextDOWNlag_z)",0.26049406885084,0.00183679700254085,0.548757501187289,0.0721624669895463
453,"ti(nextDOWNSOPower_z,nextDOWNlag_z)",0.107025940207014,0.000911556162851212,0.360025647292699,0.0336531198137221
454,"ti(nextDOWNSOPower_z,nextDOWNlag_z)",0.346336429077882,0.00234168697025416,0.464775490711523,0.04757174443563
455,"ti(nextDOWNSOPower_z,nextDOWNlag_z)",0.495022104588819,0.00313706244596822,0.4491992101786,0.0633198874180139
456,"ti(nextDOWNSOPower_z,nextDOWNlag_z)",0.242654276356661,0.00191942199412957,0.230343067328757,0.0307225283779897
457,"ti(nextDOWNSOPower_z,nextDOWNlag_z)",0.195771279124603,0.00104086388990506,0.301323964014138,0.0471965352616496
458,"ti(nextDOWNSOPower_z,nextDOWNlag_z)",0.141499143699748,0.000664831158183583,0.442919026124457,0.069552080779058
459,"ti(nextDOWNSOPower_z,nextDOWNlag_z)",0.260019727594206,0.00239204241165943,0.422852263151592,0.0698598763898366
460,"ti(nextDOWNSOPower_z,nextDOWNlag_z)",0.133173911765318,0.000610350019775561,0.144511418341581,0.0190504913734536
461,"ti(nextDOWNSOPower_z,nextDOWNlag_z)",0.419752639971321,0.00274694414473377,0.713852701356147,0.0819467208380172
462,"ti(nextDOWNSOPower_z,nextDOWNlag_z)",0.481811869298102,0.0033262757507207,1.10232311936533,0.113282004370215
463,"ti(nextDOWNSOPower_z,nextDOWNlag_z)",0.32616008251968,0.0018490635036787,0.337991696763283,0.0371658783554255
464,"ti(nextDOWNSOPower_z,nextDOWNlag_z)",0.129436256882006,0.00132900579442791,0.532205758407739,0.0694520183100317
465,"ti(nextDOWNSOPower_z,nextDOWNlag_z)",0.0953047929859793,0.00104999826219901,0.399656861439352,0.0704364427647204
466,"ti(nextDOWNSOPower_z,nextDOWNlag_z)",0.171291985254195,0.00252465249425716,0.307412109912478,0.0409689926558959
467,"ti(nextDOWNSOPower_z,nextDOWNlag_z)",0.0692637456674335,0.000264224300957219,0.180645644192684,0.0198521787650647
468,"ti(nextDOWNSOPower_z,nextDOWNlag_z)",0.238941492457981,0.00180065157689421,0.311477667744498,0.0321838715074869
469,"ti(nextDOWNSOPower_z,nextDOWNlag_z)",0.135540605134123,0.00114930913464098,0.231201100832166,0.0263143056261054
470,"ti(nextDOWNSOPower_z,nextDOWNlag_z)",0.121854076280518,0.00068347506754338,0.267407921896401,0.0319176678235757
471,"ti(nextDOWNSOPower_z,nextDOWNlag_z)",0.107496573229571,0.00126027714937182,0.1803670837194,0.0262466509662539
472,"ti(nextDOWNSOPower_z,nextDOWNlag_z)",0.248998988905086,0.00139538065836221,0.326547241811835,0.0536062550645875
473,"ti(nextDOWNSOPower_z,nextDOWNlag_z)",0.282747837614268,0.00202426512711646,0.391063830688665,0.0506210835526301
474,"ti(nextDOWNSOPower_z,nextDOWNlag_z)",0.161599420427722,0.0023869724308243,0.300393411154107,0.037606336691699
475,"ti(nextDOWNSOPower_z,nextDOWNlag_z)",0.191488728622275,0.00151628902253834,0.278826183163595,0.0280811104687744
476,"ti(nextDOWNSOPower_z,nextDOWNlag_z)",0.123214207176777,0.00214009416824843,0.332992692223779,0.0521103952793713
477,"ti(nextDOWNSOPower_z,nextDOWNlag_z)",0.385153494802067,0.00270746904720762,0.568445215213693,0.0744507313958714
478,"ti(nextDOWNSOPower_z,nextDOWNlag_z)",0.187517909356107,0.00153097880980482,0.308153699481729,0.0489074609480609
479,"ti(nextDOWNSOPower_z,nextDOWNlag_z)",0.359671365179513,0.00264465864935916,0.30824380959141,0.0377624635038383
480,"ti(nextDOWNSOPower_z,nextDOWNlag_z)",0.535841738469192,0.00440329634778979,0.587574537142991,0.0816935501200747
481,"ti(nextDOWNSOPower_z,nextDOWNlag_z)",0.289599499724364,0.00177989905437381,0.442544934961744,0.0721689521763678
482,"ti(nextDOWNSOPower_z,nextDOWNlag_z)",0.296684970605419,0.00283149479367375,0.454281280826271,0.0824354026377164
483,"ti(nextDOWNSOPower_z,nextDOWNlag_z)",0.101040571049849,0.000853940662877874,0.38677381415651,0.0548514729717611
484,"ti(nextDOWNSOPower_z,nextDOWNlag_z)",0.20231108665554,0.00113707141781316,0.336250966705836,0.0422570606558011
485,"ti(nextDOWNSOPower_z,nextDOWNlag_z)",0.220710544917396,0.00243879168934372,0.347021118119273,0.0438294238318629
486,"ti(nextDOWNSOPower_z,nextDOWNlag_z)",0.272482948954423,0.00188906602266328,0.416113000543333,0.0557173752707004
487,"ti(nextDOWNSOPower_z,nextDOWNlag_z)",0.172599971353159,0.00179488697451825,0.262635021504117,0.0444059620523133
488,"ti(nextDOWNSOPower_z,nextDOWNlag_z)",0.234503680642015,0.00146175921449049,0.318616524017777,0.0331411277901373
489,"ti(nextDOWNSOPower_z,nextDOWNlag_z)",0.521523354804045,0.00341556169619963,0.624263353304675,0.100582225146387
490,"ti(nextDOWNSOPower_z,nextDOWNlag_z)",0.171448269118161,0.000857282592489125,0.33226158899562,0.0497749210388359
491,"ti(nextDOWNSOPower_z,nextDOWNlag_z)",0.139895212089929,0.00139074327163492,0.39108944842673,0.0504400946188644
492,"ti(nextDOWNSOPower_z,nextDOWNlag_z)",0.258283535569563,0.00164562895292475,0.598391125187711,0.0729739742202139
493,"ti(nextDOWNSOPower_z,nextDOWNlag_z)",0.215032459336763,0.00113698510598691,0.361707770610816,0.0458788061740016
494,"ti(nextDOWNSOPower_z,nextDOWNlag_z)",0.158109510855917,0.00189584174165328,0.672592749401296,0.0619644518368519
495,"ti(nextDOWNSOPower_z,nextDOWNlag_z)",0.233827074941229,0.00165250359252935,0.4434419474162,0.0447366876355586
496,"ti(nextDOWNSOPower_z,nextDOWNlag_z)",0.299712317820562,0.00199055190868082,0.316899759024907,0.0430525651943575
497,"ti(nextDOWNSOPower_z,nextDOWNlag_z)",0.160686588032532,0.00102246769206408,0.183131177218264,0.02569935173351
498,"ti(nextDOWNSOPower_z,nextDOWNlag_z)",0.111162982427486,0.000570053972958728,0.273009735233873,0.0332472986148972
499,"ti(nextDOWNSOPower_z,nextDOWNlag_z)",0.437257488063763,0.00281652211950367,0.67250907552442,0.0947813467687244
500,"ti(nextDOWNSOPower_z,nextDOWNlag_z)",0.214552923237499,0.00117987670994728,1.09751433324548,0.110426553811461
501,"ti(nextDOWNSOPower_z,nextDOWNlag_z)",0.252405804919082,0.00171729416436586,0.282178812109437,0.0448360976150981
502,"ti(nextDOWNSOPower_z,nextDOWNlag_z)",0.206894591535275,0.00116441216126363,0.313480345568582,0.0415936604354137
503,"ti(nextDOWNSOPower_z,nextDOWNlag_z)",0.156264387270423,0.00134672329436314,0.514067381464362,0.0704924848743937
504,"ti(nextDOWNSOPower_z,nextDOWNlag_z)",0.14890283265721,0.00139368115247959,0.586216687602866,0.0911769784959694
505,"ti(nextDOWNSOPower_z,nextDOWNlag_z)",0.407504503664678,0.00266641656758378,0.535111855893411,0.0731537395967262
506,"ti(nextDOWNSOPower_z,nextDOWNlag_z)",0.258176694023426,0.00162119345454867,0.381455554333705,0.0539430281638291
507,"ti(nextDOWNSOPower_z,nextDOWNlag_z)",0.230352243651452,0.00207962330107816,0.289276123425544,0.04114396671522
508,"ti(nextDOWNSOPower_z,nextDOWNlag_z)",0.181024464407186,0.00113216679290216,0.316165485479528,0.0315783516778302
509,"ti(nextDOWNSOPower_z,nextDOWNlag_z)",0.0742236291700683,0.000572381533390843,0.423217057281842,0.0553572935171649
510,"ti(nextDOWNSOPower_z,nextDOWNlag_z)",0.19093209142704,0.0013808063388417,0.257912797796121,0.0383328739851143
511,"ti(nextDOWNSOPower_z,nextDOWNlag_z)",0.150021097141252,0.000890095847194728,0.322259216518691,0.0486010236400009
512,"ti(nextDOWNSOPower_z,nextDOWNlag_z)",0.213368788822303,0.0012321665664729,0.355596840563432,0.0421607209130691
513,"ti(nextDOWNSOPower_z,nextDOWNlag_z)",0.312639253340485,0.00268944804544877,0.693369402424556,0.0850392043299595
514,"ti(nextDOWNSOPower_z,nextDOWNlag_z)",0.168470074464643,0.00102979013431887,0.194284666180199,0.0213621288836403
515,"ti(nextDOWNSOPower_z,nextDOWNlag_z)",0.307925263903914,0.00184222009692197,0.551259130673389,0.0696579199748919
516,"ti(nextDOWNSOPower_z,nextDOWNlag_z)",0.461648460116747,0.00285609318920762,0.505018144046746,0.0757877750823849
517,"ti(nextDOWNSOPower_z,nextDOWNlag_z)",0.164525978475018,0.0013512686751724,0.363146673937256,0.0471296229150584
518,"ti(nextDOWNSOPower_z,nextDOWNlag_z)",0.526449794038629,0.0029821101727502,0.738584639354259,0.109344896510662
519,"ti(nextDOWNSOPower_z,nextDOWNlag_z)",0.220649403345105,0.0012884350027966,0.666318053434366,0.0772619547714053
520,"ti(nextDOWNSOPower_z,nextDOWNlag_z)",0.308456383103159,0.00174012104183737,0.390786824714154,0.0609250845064644
521,"ti(nextDOWNSOPower_z,nextDOWNlag_z)",0.259358349720244,0.00184541765596327,0.350934360003973,0.0532830973795012
522,"ti(nextDOWNSOPower_z,nextDOWNlag_z)",0.290837918540188,0.00166224491814496,0.987491880201695,0.116362489234718
523,"ti(nextDOWNSOPower_z,nextDOWNlag_z)",0.238817697396655,0.0027552105886213,0.612252477039671,0.0577954937450417
524,"ti(nextDOWNSOPower_z,nextDOWNlag_z)",0.0325437302949299,0.000303933899061847,0.299125962948879,0.0468983633696427
525,"ti(nextDOWNSOPower_z,nextDOWNlag_z)",0.122572968119789,0.000676773619265133,0.253589675214914,0.0274501384910775
526,"ti(nextDOWNSOPower_z,nextDOWNlag_z)",0.477449088962352,0.00215351263805082,0.680539569651096,0.0834268596009066
527,"ti(nextDOWNSOPower_z,nextDOWNlag_z)",0.194541354736986,0.00152242676404083,0.268046960679674,0.0391162398787854
528,"ti(nextDOWNSOPower_z,nextDOWNlag_z)",0.148073637405993,0.00217556536381086,0.287894890244315,0.0476521218942644
529,"ti(nextDOWNSOPower_z,nextDOWNlag_z)",0.439446892558352,0.00320201811003778,1.34849740207043,0.170074040335809
530,"ti(nextDOWNSOPower_z,nextDOWNlag_z)",0.380503507936481,0.00316327594605831,0.443390333528309,0.064290352178447
531,"ti(nextDOWNSOPower_z,nextDOWNlag_z)",0.370319177741163,0.0027836859126752,0.558923965830765,0.0639439659973248
532,"ti(nextDOWNSOPower_z,nextDOWNlag_z)",0.247460475178743,0.00115046020210546,0.747512045031976,0.0827060856208205
533,"ti(nextDOWNSOPower_z,nextDOWNlag_z)",0.149745836646599,0.00209633299567256,0.273867391578715,0.0463131883454042
534,"ti(nextDOWNSOPower_z,nextDOWNlag_z)",0.145240400727467,0.00121773893325467,0.298351767077325,0.0354228664122828
535,"ti(nextDOWNSOPower_z,nextDOWNlag_z)",0.225370802714894,0.00189683909910099,0.258618517613833,0.0366155312346566
536,"ti(nextDOWNSOPower_z,nextDOWNlag_z)",0.24942279006783,0.00161956806575441,0.331518663469132,0.041464011215913
537,"ti(nextDOWNSOPower_z,nextDOWNlag_z)",0.126461963667249,0.000799785663287771,0.243582919731437,0.027823411635215
538,"ti(nextDOWNSOPower_z,nextDOWNlag_z)",0.360883375758572,0.00237989370068619,0.4096928653618,0.0564624889182414
539,"ti(nextDOWNSOPower_z,nextDOWNlag_z)",0.485907422848741,0.00434270156170605,0.389590135872211,0.051891535814272
540,"ti(nextDOWNSOPower_z,nextDOWNlag_z)",0.220550570005693,0.00126268439282034,0.567328221440191,0.0623984979824099
541,"ti(nextDOWNSOPower_z,nextDOWNlag_z)",0.206396762821543,0.00356475603158441,0.544469842072401,0.0753002417847867
542,"ti(nextDOWNSOPower_z,nextDOWNlag_z)",0.0890554695455914,0.000754505843649435,0.463135391727749,0.0734205000813339
543,"ti(nextDOWNSOPower_z,nextDOWNlag_z)",0.181953253279996,0.00144578552351098,0.278666015812124,0.0606392333367308
544,"ti(nextDOWNSOPower_z,nextDOWNlag_z)",0.338399920547107,0.00365906519623684,0.561425283800198,0.0679392175619988
545,"ti(nextDOWNSOPower_z,nextDOWNlag_z)",0.299944411433228,0.00238803272650527,0.826645215039605,0.0914478567175667
546,"ti(nextDOWNSOPower_z,nextDOWNlag_z)",0.169094262067172,0.00155890870254805,0.249167277517611,0.0457750905752208
547,"ti(nextDOWNSOPower_z,nextDOWNlag_z)",0.27962788021914,0.00252183183735256,0.373178559616264,0.0472133806980485
548,"ti(nextDOWNSOPower_z,nextDOWNlag_z)",0.189476746135062,0.00182790946593625,0.374179729935352,0.0473498725182523
549,"ti(nextDOWNSOPower_z,nextDOWNlag_z)",0.217594767597155,0.000957609177469249,0.294818350233692,0.0320389115989137
550,"ti(nextDOWNSOPower_z,nextDOWNlag_z)",0.291331415584786,0.00300920015149338,1.07263698168398,0.108024261659009
551,"ti(nextDOWNSOPower_z,nextDOWNlag_z)",0.200835340446168,0.00269959607051396,0.301862536278299,0.0456812937994847
552,"ti(nextDOWNSOPower_z,nextDOWNlag_z)",0.265278137582045,0.00181825636532219,0.247623184471012,0.0372628758551609
553,"ti(nextDOWNSOPower_z,nextDOWNlag_z)",0.580978459199187,0.00377406223519547,0.605944248308411,0.0629164996470534
554,"ti(nextDOWNSOPower_z,nextDOWNlag_z)",0.110544468305056,0.000765416625167521,0.245561982012422,0.0360156924871892
555,"ti(nextDOWNSOPower_z,nextDOWNlag_z)",0.314011120232685,0.00221121068612358,0.394599779615675,0.0726044752962238
556,"ti(nextDOWNSOPower_z,nextDOWNlag_z)",0.25697429749469,0.00157565859101951,0.503268507289373,0.0709511769592668
557,"ti(nextDOWNSOPower_z,nextDOWNlag_z)",0.438538035803076,0.00333252850235279,0.53155152040529,0.0570476331202798
558,"ti(nextDOWNSOPower_z,nextDOWNlag_z)",0.187666184358887,0.00112741965857071,0.223864817800539,0.0314706962404108
559,"ti(nextDOWNSOPower_z,nextDOWNlag_z)",0.208527122445511,0.00149097023328583,0.795816396159958,0.102965977619652
560,"ti(nextDOWNSOPower_z,nextDOWNlag_z)",0.220888545871217,0.00114653014319261,0.759006315098625,0.0932012087000632
561,"ti(nextDOWNSOPower_z,nextDOWNlag_z)",0.254272902384596,0.0017714244687723,0.371728662727241,0.053046537885215
562,"ti(nextDOWNSOPower_z,nextDOWNlag_z)",0.460694223058202,0.00272139248136011,1.30476856259561,0.145079484151869
563,"ti(nextDOWNSOPower_z,nextDOWNlag_z)",0.227367625349758,0.0013809484737724,0.494322208233335,0.0567719885516445
564,"ti(nextDOWNSOPower_z,nextDOWNlag_z)",0.255130665756501,0.00105469793191814,0.312647532351432,0.0471929503421928
565,"ti(nextDOWNSOPower_z,nextDOWNlag_z)",0.385567197175254,0.0028567488237701,0.35602702340617,0.0457555453042989
566,"ti(nextDOWNSOPower_z,nextDOWNlag_z)",0.358171937476588,0.0022157446867169,0.508496868890611,0.0749393313876394
567,"ti(nextDOWNSOPower_z,nextDOWNlag_z)",0.294011824817109,0.00162746413358069,0.353690725889615,0.046474095699392
568,"ti(nextDOWNSOPower_z,nextDOWNlag_z)",0.317187497597322,0.00285773959144072,0.838006630796769,0.0936360588345193
569,"ti(nextDOWNSOPower_z,nextDOWNlag_z)",0.236770003719778,0.00160751582550266,0.318355912834286,0.0470989388695827
570,"ti(nextDOWNSOPower_z,nextDOWNlag_z)",0.337239776069494,0.00221900859913384,0.337116183337888,0.0639795103028316
571,"ti(nextDOWNSOPower_z,nextDOWNlag_z)",0.177054914353654,0.00220258389317116,0.305742931375377,0.0579179629394918
572,"ti(nextDOWNSOPower_z,nextDOWNlag_z)",0.225086822802486,0.00150190230602092,0.348056473519951,0.0509565907683624
573,"ti(nextDOWNSOPower_z,nextDOWNlag_z)",0.193735570901648,0.00140257301340006,0.239743989704814,0.0339332975796804
574,"ti(nextDOWNSOPower_z,nextDOWNlag_z)",0.255202181617893,0.00127118948429408,0.318191291130478,0.0401385939173473
575,"ti(nextDOWNSOPower_z,nextDOWNlag_z)",0.271238871155089,0.0019917966711215,0.350636367946636,0.0533629955682647
576,"ti(nextDOWNSOPower_z,nextDOWNlag_z)",0.27681663971734,0.00173405709411686,0.701702308339908,0.106020195187443
577,"ti(nextDOWNSOPower_z,nextDOWNlag_z)",0.269328268399999,0.00309378928963543,0.362669680593008,0.053556151336979
578,"ti(nextDOWNSOPower_z,nextDOWNlag_z)",0.26200701012367,0.00187733543453481,0.413944054540188,0.0415123859036284
579,"ti(nextDOWNSOPower_z,nextDOWNlag_z)",0.374296409796749,0.00242640150507955,0.570722409123905,0.0750631667868723
580,"ti(nextDOWNSOPower_z,nextDOWNlag_z)",0.318050182209027,0.0026920589462024,0.686242776342486,0.0694942055740666
581,"ti(nextDOWNSOPower_z,nextDOWNlag_z)",0.179908913708482,0.00143839801999758,0.315542031979143,0.0319213525403892
582,"ti(nextDOWNSOPower_z,nextDOWNlag_z)",0.244842908722852,0.00171982186463709,0.235810221760308,0.0397150138081013
583,"ti(nextDOWNSOPower_z,nextDOWNlag_z)",0.254820194935788,0.0021978544613375,0.378392631270989,0.0521186338473777
584,"ti(nextDOWNSOPower_z,nextDOWNlag_z)",0.369729464737169,0.00318957758906348,0.503263206979139,0.0599869934174508
585,"ti(nextDOWNSOPower_z,nextDOWNlag_z)",0.305153985421527,0.00403789373684412,0.915329532154046,0.103743622507481
586,"ti(nextDOWNSOPower_z,nextDOWNlag_z)",0.179448691168617,0.00124388862842444,0.297782769742807,0.0434589466812456
587,"ti(nextDOWNSOPower_z,nextDOWNlag_z)",0.227014213391721,0.00134439714626812,0.246416525698568,0.0359790866019006
588,"ti(nextDOWNSOPower_z,nextDOWNlag_z)",0.451351847259509,0.00389224035094766,0.440350734594885,0.0480831406755925
589,"ti(nextDOWNSOPower_z,nextDOWNlag_z)",0.394070805679949,0.0028372189088808,0.650928522130045,0.0922925358103416
590,"ti(nextDOWNSOPower_z,nextDOWNlag_z)",0.319271222468108,0.00278494191579179,0.420124371167054,0.059090413335403
591,"ti(nextDOWNSOPower_z,nextDOWNlag_z)",0.43678119433491,0.00295129032081304,0.60888151595799,0.0935465897830708
592,"ti(nextDOWNSOPower_z,nextDOWNlag_z)",0.307856391347489,0.00221715625142208,0.387494797044642,0.0367858192268408
593,"ti(nextDOWNSOPower_z,nextDOWNlag_z)",0.225696466135455,0.00146506958271345,0.407805398278573,0.0590945457000445
594,"ti(nextDOWNSOPower_z,nextDOWNlag_z)",0.145069828472308,0.00147394621498903,0.218336817599908,0.0240280705207757
595,"ti(nextDOWNSOPower_z,nextDOWNlag_z)",0.214088271950433,0.00134560215993935,0.405977161664782,0.056805034339162
596,"ti(nextDOWNSOPower_z,nextDOWNlag_z)",0.372785810090831,0.00317804083099467,0.486734100217124,0.061801673807132
597,"ti(nextDOWNSOPower_z,nextDOWNlag_z)",0.136608269013395,0.00169833090926644,0.319489926954763,0.0414060476172907
598,"ti(nextDOWNSOPower_z,nextDOWNlag_z)",0.0894764058478448,0.00285387466131562,0.293821931890955,0.0552335081857026
599,"ti(nextDOWNSOPower_z,nextDOWNlag_z)",0.0942394100954437,0.00107477367717209,0.188315246987268,0.0339546506865681
600,"ti(nextDOWNSOPower_z,nextDOWNlag_z)",0.21671714726384,0.00158231163711448,0.453273736886867,0.0637755113719993
601,"ti(nextDOWNSOPower_z,nextDOWNlag_z)",0.200332476448309,0.00115003905148289,0.642755559785839,0.0741362818702368
602,"ti(nextDOWNSOPower_z,nextDOWNlag_z)",0.374829362326565,0.00254323765631594,0.421294372852978,0.0692653746593875
603,"ti(nextDOWNSOPower_z,nextDOWNlag_z)",0.0565981829768883,0.000681923641626861,0.433269724244578,0.0681893657987613
604,"ti(nextDOWNSOPower_z,nextDOWNlag_z)",0.23535577455,0.00125660225107283,0.302180836593415,0.0405784534696327
605,"ti(nextDOWNSOPower_z,nextDOWNlag_z)",0.193755159302743,0.00111956563677324,0.500291842541754,0.0598424248622404
606,"ti(nextDOWNSOPower_z,nextDOWNlag_z)",0.146479656760683,0.00172194658381597,0.252678091050623,0.0489616501236942
607,"ti(nextDOWNSOPower_z,nextDOWNlag_z)",0.297510381879161,0.00160825079714241,0.924309740762751,0.10954336755717
608,"ti(nextDOWNSOPower_z,nextDOWNlag_z)",0.216816977328634,0.00126007641821524,0.610079350818556,0.0793754713910638
609,"ti(nextDOWNSOPower_z,nextDOWNlag_z)",0.254214621774648,0.00227749315022225,0.273065275930665,0.0393872457894359
610,"ti(nextDOWNSOPower_z,nextDOWNlag_z)",0.209207976898096,0.00173365243081868,0.328440726503241,0.0468849818177463
611,"ti(nextDOWNSOPower_z,nextDOWNlag_z)",0.201006117460485,0.0022380503807911,0.408333952453395,0.0568913874479876
612,"ti(nextDOWNSOPower_z,nextDOWNlag_z)",0.229326383335002,0.00232095507045987,0.626222864395068,0.0914283418264707
613,"ti(nextDOWNSOPower_z,nextDOWNlag_z)",0.209250602739464,0.00153937524972067,0.392719426303692,0.0584807357087453
614,"ti(nextDOWNSOPower_z,nextDOWNlag_z)",0.0721060197264721,0.000718149131107169,0.301387395024273,0.0453605356523721
615,"ti(nextDOWNSOPower_z,nextDOWNlag_z)",0.131181694357123,0.000704609463305604,0.29182293720043,0.0336207125947857
616,"ti(nextDOWNSOPower_z,nextDOWNlag_z)",0.267010670079091,0.00236578718341272,0.322792854773023,0.0328662374255146
617,"ti(nextDOWNSOPower_z,nextDOWNlag_z)",0.203964429622692,0.00117407152956755,0.355717470756663,0.0516375868412735
618,"ti(nextDOWNSOPower_z,nextDOWNlag_z)",0.297900966351561,0.00244028156040696,0.31682577602586,0.0416449261697705
619,"ti(nextDOWNSOPower_z,nextDOWNlag_z)",0.0514222271976045,0.000459376577120039,0.171208518196538,0.0224317122437119
620,"ti(nextDOWNSOPower_z,nextDOWNlag_z)",0.235205095762724,0.00157808299556371,0.490775747205808,0.0697813544622704
621,"ti(nextDOWNSOPower_z,nextDOWNlag_z)",0.265071276077181,0.00169663082292244,0.381055332315036,0.0518447999344199
622,"ti(nextDOWNSOPower_z,nextDOWNlag_z)",0.298946598115267,0.00201157169826624,0.259824323996359,0.030098717851282
623,"ti(nextDOWNSOPower_z,nextDOWNlag_z)",0.182286931824519,0.00222341933979172,0.274021663671702,0.0348195154283129
624,"ti(nextDOWNSOPower_z,nextDOWNlag_z)",0.281029396920239,0.00177069459118537,0.217459856187218,0.0293679687195185
625,"ti(nextDOWNSOPower_z,nextDOWNlag_z)",0.107763375660785,0.00117408289918266,0.179195699645098,0.0324450588040485
626,"ti(nextDOWNSOPower_z,nextDOWNlag_z)",0.269812166823821,0.00249901065803941,0.308177959953381,0.0608977542493353
627,"ti(nextDOWNSOPower_z,nextDOWNlag_z)",0.29116215846252,0.00276676530896045,0.64427469660587,0.0812600464539805
628,"ti(nextDOWNSOPower_z,nextDOWNlag_z)",0.199812518867146,0.00143335529780304,0.2798372614952,0.0394765284597086
629,"ti(nextDOWNSOPower_z,nextDOWNlag_z)",0.109908614857396,0.000892798434294361,0.249426601524397,0.0281609587105885
630,"ti(nextDOWNSOPower_z,nextDOWNlag_z)",0.123698600106336,0.000610922746118002,0.306797504868552,0.0323666830248281
631,"ti(nextDOWNSOPower_z,nextDOWNlag_z)",0.216034079691445,0.00229082718374355,0.45294715756193,0.0620703937515905
632,"ti(nextDOWNSOPower_z,nextDOWNlag_z)",0.158378572211848,0.00087262705668615,0.280585543729119,0.0329010550830546
633,"ti(nextDOWNSOPower_z,nextDOWNlag_z)",0.177505808448667,0.00110552988107188,0.794313712400714,0.0967036585435723
634,"ti(nextDOWNSOPower_z,nextDOWNlag_z)",0.213054659365107,0.00243917116251818,0.412838625764684,0.067405306889965
635,"ti(nextDOWNSOPower_z,nextDOWNlag_z)",0.179822125853871,0.00243421433212931,0.306190565667762,0.0445230938284601
636,"ti(nextDOWNSOPower_z,nextDOWNlag_z)",0.342344840823159,0.00352885636843056,0.440549041942105,0.0537858380791397
637,"ti(nextDOWNSOPower_z,nextDOWNlag_z)",0.259158780854056,0.00170445427743066,0.497887925258085,0.0668693468599146
638,"ti(nextDOWNSOPower_z,nextDOWNlag_z)",0.291888536053524,0.00288292141396446,0.309800709421237,0.0443050531623833
639,"ti(nextDOWNSOPower_z,nextDOWNlag_z)",0.167437601504584,0.000838215982165722,0.323246888950811,0.0399638826304704
640,"ti(nextDOWNSOPower_z,nextDOWNlag_z)",0.259407629714993,0.00187241086649354,0.345367323780518,0.048718209903595
641,"ti(nextDOWNSOPower_z,nextDOWNlag_z)",0.0483292990220232,0.000282803159037265,0.328939647756335,0.0523152750837048
642,"ti(nextDOWNSOPower_z,nextDOWNlag_z)",0.2321105761416,0.00221649283301334,0.294901997241036,0.0380681182461987
643,"ti(nextDOWNSOPower_z,nextDOWNlag_z)",0.184697291782366,0.00187302752217574,0.316949284135314,0.0473486699043599
644,"ti(nextDOWNSOPower_z,nextDOWNlag_z)",0.463811835591353,0.00327915470649219,0.506293408622178,0.0811765890380835
645,"ti(nextDOWNSOPower_z,nextDOWNlag_z)",0.417395806787759,0.00312671423520594,0.473114105997047,0.0825393063083985
646,"ti(nextDOWNSOPower_z,nextDOWNlag_z)",0.374071882739064,0.00307700460351366,0.430341558553308,0.0820970505938097
647,"ti(nextDOWNSOPower_z,nextDOWNlag_z)",0.374698159981211,0.00325592052826463,0.298183581471343,0.0585767008688593
648,"ti(nextDOWNSOPower_z,nextDOWNlag_z)",0.308491790014657,0.00277086857634021,0.297177694946937,0.0434143959699538
649,"ti(nextDOWNSOPower_z,nextDOWNlag_z)",0.10391344443594,0.000730754343465903,0.184303160196672,0.0222834150597524
650,"ti(nextDOWNSOPower_z,nextDOWNlag_z)",0.161518095396538,0.00132125970248929,0.529176114479545,0.0739865268971923
651,"ti(nextDOWNSOPower_z,nextDOWNlag_z)",0.417673401864715,0.00340944575394126,0.429825862372686,0.0592830158388537
652,"ti(nextDOWNSOPower_z,nextDOWNlag_z)",0.300598451898971,0.00239069055547682,0.306514010790883,0.037544176321403
653,"ti(nextDOWNSOPower_z,nextDOWNlag_z)",0.319762737250853,0.00194692548345677,0.507593421161905,0.0621869239426426
654,"ti(nextDOWNSOPower_z,nextDOWNlag_z)",0.425682011208713,0.00362000838005497,0.602152571965453,0.0825033692818451
655,"ti(nextDOWNSOPower_z,nextDOWNlag_z)",0.382313216148366,0.00285732007943955,0.339873523177396,0.0584630439368152
656,"ti(nextDOWNSOPower_z,nextDOWNlag_z)",0.207939848472069,0.00158100722696317,0.86423073437703,0.102755102607774
657,"ti(nextDOWNSOPower_z,nextDOWNlag_z)",0.296597781075921,0.00285709643339221,0.306913472048882,0.0375451335782268
658,"ti(nextDOWNSOPower_z,nextDOWNlag_z)",0.33937352192433,0.00206409201907377,0.333392195563827,0.0441330349900101
659,"ti(nextDOWNSOPower_z,nextDOWNlag_z)",0.422229435481975,0.00274794778067541,0.689510260806499,0.0692301828157138
660,"ti(nextDOWNSOPower_z,nextDOWNlag_z)",0.964731367956732,0.00855076703149029,0.781389758020146,0.104144694661166
661,"ti(nextDOWNSOPower_z,nextDOWNlag_z)",0.216038599298946,0.00144069527844618,0.279173639335871,0.0301593629515069
662,"ti(nextDOWNSOPower_z,nextDOWNlag_z)",0.219421756861376,0.00185842078472124,0.506866381820845,0.0675049945473309
663,"ti(nextDOWNSOPower_z,nextDOWNlag_z)",0.444157831338458,0.0038440759986048,0.612149957424694,0.0669286857464693
664,"ti(nextDOWNSOPower_z,nextDOWNlag_z)",0.378301241660706,0.00316886632502342,0.339033308067484,0.0471169983676533
665,"ti(nextDOWNSOPower_z,nextDOWNlag_z)",0.389933167708833,0.0035750327644043,0.363519449082844,0.0512105855027062
666,"ti(nextDOWNSOPower_z,nextDOWNlag_z)",0.0797291487493419,0.000377954313593031,0.162120050883688,0.0199479932115796
667,"ti(nextDOWNSOPower_z,nextDOWNlag_z)",0.114509416933786,0.00198860514289267,0.471327458675709,0.0810716969301072
668,"ti(nextDOWNSOPower_z,nextDOWNlag_z)",0.331602332975571,0.00257724577118591,0.389674946493838,0.0481608481443566
669,"ti(nextDOWNSOPower_z,nextDOWNlag_z)",0.281113652934147,0.00187243532200543,0.604957127103036,0.0595606369167358
670,"ti(nextDOWNSOPower_z,nextDOWNlag_z)",0.25995101035333,0.00177788644903396,0.392550935619804,0.0507815622862805
671,"ti(nextDOWNSOPower_z,nextDOWNlag_z)",0.398633838717816,0.00274537932373463,0.604024072856818,0.0776775333527129
672,"ti(nextDOWNSOPower_z,nextDOWNlag_z)",0.134379893343148,0.000921340721191125,0.348108308056065,0.0568719476771854
673,"ti(nextDOWNSOPower_z,nextDOWNlag_z)",0.142677765529573,0.000800043388076571,0.255666453566908,0.0381799201467631
674,"ti(nextDOWNSOPower_z,nextDOWNlag_z)",0.156517755915063,0.000938986793800479,0.387227793576302,0.0449880224566294
675,"ti(nextDOWNSOPower_z,nextDOWNlag_z)",0.435825335363192,0.00290784581630746,0.997174671961624,0.11498236844453
676,"ti(nextDOWNSOPower_z,nextDOWNlag_z)",0.199910894665566,0.00194602658785913,0.246004649093519,0.0375138953436514
677,"ti(nextDOWNSOPower_z,nextDOWNlag_z)",0.15225236559579,0.00115761132979433,0.483312523168063,0.0709441275050609
678,"ti(nextDOWNSOPower_z,nextDOWNlag_z)",0.267777187541127,0.00175107114020022,0.444140158400942,0.0551236955147502
679,"ti(nextDOWNSOPower_z,nextDOWNlag_z)",0.193330327220013,0.00119018518705204,0.218518633235012,0.0355227738913653
680,"ti(nextDOWNSOPower_z,nextDOWNlag_z)",0.216413011386292,0.00257867393258594,0.544819483048896,0.0554466944283539
681,"ti(nextDOWNSOPower_z,nextDOWNlag_z)",0.0819794802074741,0.00150941002218043,0.23487758508655,0.0474128337290731
682,"ti(nextDOWNSOPower_z,nextDOWNlag_z)",0.197032229673825,0.00204473278651975,0.413480007213688,0.0515062110306396
683,"ti(nextDOWNSOPower_z,nextDOWNlag_z)",0.211757930112572,0.00128935584198446,0.384033650831024,0.0390945442373403
684,"ti(nextDOWNSOPower_z,nextDOWNlag_z)",0.157704435889185,0.00192405304594957,0.360203528453167,0.0414093971791817
685,"ti(nextDOWNSOPower_z,nextDOWNlag_z)",0.470244204114803,0.00343779616138357,0.411508896026655,0.0587555787886616
686,"ti(nextDOWNSOPower_z,nextDOWNlag_z)",0.279602910974984,0.0022273970357211,0.325713178992826,0.0415049847084729
687,"ti(nextDOWNSOPower_z,nextDOWNlag_z)",0.272217764144302,0.00243655485418761,0.373854829481128,0.039952786017023
688,"ti(nextDOWNSOPower_z,nextDOWNlag_z)",0.196037740928835,0.00119474033314816,0.404917371518539,0.0437454370842942
689,"ti(nextDOWNSOPower_z,nextDOWNlag_z)",0.269307182743477,0.00245379364473994,0.367556869048697,0.0701401184717326
690,"ti(nextDOWNSOPower_z,nextDOWNlag_z)",0.20811606150697,0.00117865675749842,0.236700192010923,0.038335877007037
691,"ti(nextDOWNSOPower_z,nextDOWNlag_z)",0.414436920895695,0.00340728898425383,0.712301468492328,0.0839318966258506
692,"ti(nextDOWNSOPower_z,nextDOWNlag_z)",0.113051937994822,0.000603260602267959,0.184772622444681,0.0291408912934439
693,"ti(nextDOWNSOPower_z,nextDOWNlag_z)",0.257417258884937,0.00221338651124202,0.281914182157002,0.0378744321665513
694,"ti(nextDOWNSOPower_z,nextDOWNlag_z)",0.349050705484788,0.00315602685665359,0.532491620972541,0.0709906327716086
695,"ti(nextDOWNSOPower_z,nextDOWNlag_z)",0.117278357036361,0.00140996466546841,0.403527160192392,0.053625765613322
696,"ti(nextDOWNSOPower_z,nextDOWNlag_z)",0.117943274298728,0.00122622696616756,0.289223745304816,0.0569196826940237
697,"ti(nextDOWNSOPower_z,nextDOWNlag_z)",0.495385683563142,0.00358101608396701,0.436067444301263,0.0620291268326728
698,"ti(nextDOWNSOPower_z,nextDOWNlag_z)",0.231789161441866,0.00193984959571775,0.906036556563254,0.102769687203238
699,"ti(nextDOWNSOPower_z,nextDOWNlag_z)",0.245877548729908,0.00151747008590159,0.281959994779911,0.0491600614251207
700,"ti(nextDOWNSOPower_z,nextDOWNlag_z)",0.312975206283101,0.00240484846951518,0.355752130382816,0.0550041114138031
701,"ti(nextDOWNSOPower_z,nextDOWNlag_z)",0.0902922705856755,0.000907853480963671,0.237176485862149,0.037765165909078
702,"ti(nextDOWNSOPower_z,nextDOWNlag_z)",0.306888075670107,0.00202434189409309,0.421335435389846,0.0726988325028637
703,"ti(nextDOWNSOPower_z,nextDOWNlag_z)",0.141687355808042,0.000752987691087031,0.151456248762442,0.0251202784930209
704,"ti(nextDOWNSOPower_z,nextDOWNlag_z)",0.163705320260597,0.00149366117127304,0.22669425630027,0.0298070171969618
705,"ti(nextDOWNSOPower_z,nextDOWNlag_z)",0.321426779858511,0.00175395782737064,0.3784140780529,0.0412721366834918
706,"ti(nextDOWNSOPower_z,nextDOWNlag_z)",0.334164431364791,0.00230633409442507,0.459651594844143,0.0531716837887369
707,"ti(nextDOWNSOPower_z,nextDOWNlag_z)",0.212508977048575,0.00155683563096626,0.329953182052998,0.0438578843321456
708,"ti(nextDOWNSOPower_z,nextDOWNlag_z)",0.118366987417858,0.00103952591365015,0.258518577883724,0.040593660512812
709,"ti(nextDOWNSOPower_z,nextDOWNlag_z)",0.163572559223061,0.00211903071236415,0.256533103557705,0.0443482291522962
710,"ti(nextDOWNSOPower_z,nextDOWNlag_z)",0.217052581804584,0.00142914064879354,0.461618058824108,0.0862985065964637
711,"ti(nextDOWNSOPower_z,nextDOWNlag_z)",0.402048796589477,0.00252969670931685,0.302311882787611,0.0486132041527134
712,"ti(nextDOWNSOPower_z,nextDOWNlag_z)",0.159840756075984,0.000878178334925227,0.407429208672373,0.0561648771009802
713,"ti(nextDOWNSOPower_z,nextDOWNlag_z)",0.415852757932263,0.00302706003382345,0.374039449542376,0.0618797911080976
714,"ti(nextDOWNSOPower_z,nextDOWNlag_z)",0.102588385386285,0.000494068913904603,0.243113718092237,0.0352042435910427
715,"ti(nextDOWNSOPower_z,nextDOWNlag_z)",0.166498664830832,0.0009851822614032,0.30354204053941,0.0357129437252971
716,"ti(nextDOWNSOPower_z,nextDOWNlag_z)",0.499071132472983,0.00320486101855777,0.495871936190115,0.0824315216745784
717,"ti(nextDOWNSOPower_z,nextDOWNlag_z)",0.114740331493945,0.000662680502143967,0.286744791384539,0.0341270513053583
718,"ti(nextDOWNSOPower_z,nextDOWNlag_z)",0.263754802819455,0.00221337653566794,0.284426528333477,0.0457198098663188
719,"ti(nextDOWNSOPower_z,nextDOWNlag_z)",0.178779339529571,0.000981590259947819,0.323472276685748,0.0289373782016966
720,"ti(nextDOWNSOPower_z,nextDOWNlag_z)",0.265597241881428,0.0029846132538891,0.481794751556091,0.0646976032695596
721,"ti(nextDOWNSOPower_z,nextDOWNlag_z)",0.303055133736698,0.0018768364908523,0.373681528750526,0.0387711226421159
722,"ti(nextDOWNSOPower_z,nextDOWNlag_z)",0.435267608749131,0.00275728545424452,0.44872026945256,0.0588488319823794
723,"ti(nextDOWNSOPower_z,nextDOWNlag_z)",0.277360609495661,0.00159264130385188,0.355988971726461,0.0494816724187649
724,"ti(nextDOWNSOPower_z,nextDOWNlag_z)",0.445524326968701,0.0027871484847669,0.384931136351076,0.0739594299276086
725,"ti(nextDOWNSOPower_z,nextDOWNlag_z)",0.0695135939399842,0.000743151014011193,0.472754626399969,0.0746310048161067
726,"ti(nextDOWNSOPower_z,nextDOWNlag_z)",0.213454465433533,0.00189222125960266,0.272493031261845,0.0408103695754673
727,"ti(nextDOWNSOPower_z,nextDOWNlag_z)",0.223672455235737,0.00223983075769818,0.267596536031128,0.0470770875307487
728,"ti(nextDOWNSOPower_z,nextDOWNlag_z)",0.212657878401354,0.00186937032066869,0.368218976691328,0.0370180054776615
729,"ti(nextDOWNSOPower_z,nextDOWNlag_z)",0.14077275516734,0.00135111048321131,0.260544093372359,0.0289283598574809
730,"ti(nextDOWNSOPower_z,nextDOWNlag_z)",0.29476917240213,0.00176473340060865,0.298792463225691,0.0450145163345764
731,"ti(nextDOWNSOPower_z,nextDOWNlag_z)",0.20179533641991,0.00130188554116096,0.333936625857384,0.0326097151644704
732,"ti(nextDOWNSOPower_z,nextDOWNlag_z)",0.211617504641545,0.00132796099957918,0.341870190687776,0.0377391941523534
733,"ti(nextDOWNSOPower_z,nextDOWNlag_z)",0.273576836823214,0.00230703849671669,0.569481204060751,0.076914298624926
734,"ti(nextDOWNSOPower_z,nextDOWNlag_z)",0.2571456201289,0.00179483495929779,0.328300526889281,0.032262959366668
735,"ti(nextDOWNSOPower_z,nextDOWNlag_z)",0.165893512770657,0.000977480417255645,0.226830712932797,0.0240299077922297
736,"ti(nextDOWNSOPower_z,nextDOWNlag_z)",0.449745206565243,0.00301363667667231,0.6306888118255,0.0735260796356519
737,"ti(nextDOWNSOPower_z,nextDOWNlag_z)",0.290670233852937,0.00203478585299239,0.517931617185844,0.0801647244333225
738,"ti(nextDOWNSOPower_z,nextDOWNlag_z)",0.263612072973836,0.00203025233724267,0.268290166199804,0.0325779205924405
739,"ti(nextDOWNSOPower_z,nextDOWNlag_z)",0.51570154802509,0.00416398268599728,0.628541710772937,0.0833447130686197
740,"ti(nextDOWNSOPower_z,nextDOWNlag_z)",0.100779433929798,0.000891525106602837,0.172489109624001,0.0313187487557376
741,"ti(nextDOWNSOPower_z,nextDOWNlag_z)",0.268801376355121,0.00180280493765858,0.589286564928205,0.0846167219973957
742,"ti(nextDOWNSOPower_z,nextDOWNlag_z)",0.225460984042888,0.00170812644427817,0.264689268308245,0.0394762204462956
743,"ti(nextDOWNSOPower_z,nextDOWNlag_z)",0.364751551527719,0.0028096233320119,0.514111184813221,0.063012188757986
744,"ti(nextDOWNSOPower_z,nextDOWNlag_z)",0.329031680827793,0.00223602179969515,0.343436874987121,0.0507997023955708
745,"ti(nextDOWNSOPower_z,nextDOWNlag_z)",0.176859155852768,0.00117493739236957,0.210730306713768,0.029552123378629
746,"ti(nextDOWNSOPower_z,nextDOWNlag_z)",0.271606842715125,0.00177615065273919,0.526602811007475,0.0688784524566769
747,"ti(nextDOWNSOPower_z,nextDOWNlag_z)",0.236471789845146,0.0019020805253951,0.323847856641101,0.0363734320074609
748,"ti(nextDOWNSOPower_z,nextDOWNlag_z)",0.201382928147023,0.00151028937898549,0.562834807476792,0.0883610536735329
749,"ti(nextDOWNSOPower_z,nextDOWNlag_z)",0.314976664703945,0.0031054900403835,0.498423977325691,0.0616635157284455
750,"ti(nextDOWNSOPower_z,nextDOWNlag_z)",0.418347627746153,0.00438016117912043,0.526558047587546,0.061188497355884
751,"ti(nextDOWNSOPower_z,nextDOWNlag_z)",0.253864713887852,0.00183023551515395,0.451121007029198,0.0615087549383451
752,"ti(nextDOWNSOPower_z,nextDOWNlag_z)",0.362757775494805,0.00268824895736904,0.337126219198294,0.038352018060841
753,"ti(nextDOWNSOPower_z,nextDOWNlag_z)",0.174291306286212,0.00149277804932598,0.307841670023854,0.0429075035450472
754,"ti(nextDOWNSOPower_z,nextDOWNlag_z)",0.246873836275522,0.00137622992575651,0.34674110846566,0.0387897892790635
755,"ti(nextDOWNSOPower_z,nextDOWNlag_z)",0.317542776913993,0.00243933510805733,0.625872919027237,0.0857392371200214
756,"ti(nextDOWNSOPower_z,nextDOWNlag_z)",0.190948596518453,0.00127013995750255,0.310047494403281,0.049529440526696
757,"ti(nextDOWNSOPower_z,nextDOWNlag_z)",0.292282516796496,0.00230382234962278,0.57273600094492,0.0644743773466725
758,"ti(nextDOWNSOPower_z,nextDOWNlag_z)",0.539139809463709,0.00276399353202871,0.455670489238343,0.0462888602888828
759,"ti(nextDOWNSOPower_z,nextDOWNlag_z)",0.302808464430093,0.00321654898884893,0.535191500513839,0.084413886252046
760,"ti(nextDOWNSOPower_z,nextDOWNlag_z)",0.381132760669146,0.00395769965970925,0.369727922473574,0.0504157705067935
761,"ti(nextDOWNSOPower_z,nextDOWNlag_z)",0.358044116302388,0.00269176762428031,0.390469985451245,0.0616023827796207
762,"ti(nextDOWNSOPower_z,nextDOWNlag_z)",0.28301089137377,0.00330202757188915,0.633132390631033,0.0703657968006617
763,"ti(nextDOWNSOPower_z,nextDOWNlag_z)",0.295111777957233,0.00250865501578095,0.3862176735247,0.0439977058080453
764,"ti(nextDOWNSOPower_z,nextDOWNlag_z)",0.544179916302038,0.00356591478066234,0.401172672401586,0.0765554834776315
765,"ti(nextDOWNSOPower_z,nextDOWNlag_z)",0.245592982657491,0.00141636710328338,0.521339934057634,0.0600094234013672
766,"ti(nextDOWNSOPower_z,nextDOWNlag_z)",0.154130771782106,0.00130343872046989,0.238530159841796,0.0348531478082468
767,"ti(nextDOWNSOPower_z,nextDOWNlag_z)",0.338769937994523,0.00283591376810551,0.372371888862544,0.059968572382894
768,"ti(nextDOWNSOPower_z,nextDOWNlag_z)",0.47731677105243,0.00315868220688606,0.434987162159761,0.0605806321426283
769,"ti(nextDOWNSOPower_z,nextDOWNlag_z)",0.228429708328209,0.00143790605604784,0.215249292354497,0.0361524923118287
770,"ti(nextDOWNSOPower_z,nextDOWNlag_z)",0.397915812720869,0.0027545220437535,0.668974719457795,0.0908418068580304
771,"ti(nextDOWNSOPower_z,nextDOWNlag_z)",0.279161154406285,0.00229263391390651,0.236348360677621,0.0332437888219682
772,"ti(nextDOWNSOPower_z,nextDOWNlag_z)",0.157260496346917,0.00201841292615855,0.378542773136528,0.0582092094629039
773,"ti(nextDOWNSOPower_z,nextDOWNlag_z)",0.289306782125562,0.00242541025596328,0.353374269935812,0.0356925847313897
774,"ti(nextDOWNSOPower_z,nextDOWNlag_z)",0.18485313700582,0.00150501073432876,0.19184129003317,0.0209225563192919
775,"ti(nextDOWNSOPower_z,nextDOWNlag_z)",0.224796867335958,0.00131494777220757,0.337430937393659,0.0442388631576648
776,"ti(nextDOWNSOPower_z,nextDOWNlag_z)",0.13302718249546,0.000811356139934018,0.324364245565943,0.0508918453729975
777,"ti(nextDOWNSOPower_z,nextDOWNlag_z)",0.196759214590937,0.00188855887391418,0.369229730231538,0.0384467205541401
778,"ti(nextDOWNSOPower_z,nextDOWNlag_z)",0.144470752290205,0.00222968317404538,0.44245717025761,0.04813257550456
779,"ti(nextDOWNSOPower_z,nextDOWNlag_z)",0.420375258935297,0.00366666812983895,0.494651786924127,0.0516260836242079
780,"ti(nextDOWNSOPower_z,nextDOWNlag_z)",0.226489208174306,0.00267454499186122,0.4574770901235,0.0551223075281689
781,"ti(nextDOWNSOPower_z,nextDOWNlag_z)",0.341293089313572,0.00301748514568656,0.335097427894711,0.0447462276343293
782,"ti(nextDOWNSOPower_z,nextDOWNlag_z)",0.284152453087022,0.00237165143666074,0.402486888005183,0.0467748591952725
783,"ti(nextDOWNSOPower_z,nextDOWNlag_z)",0.27982601686897,0.00244716741089308,0.402973895916733,0.051669743221326
784,"ti(nextDOWNSOPower_z,nextDOWNlag_z)",0.38722199472382,0.00261295395016327,0.569570370014431,0.0831755910561803
785,"ti(nextDOWNSOPower_z,nextDOWNlag_z)",0.331991296225161,0.00262864539259091,0.314860894114965,0.0335134873779197
786,"ti(nextDOWNSOPower_z,nextDOWNlag_z)",0.148243381498472,0.00191037239387426,0.231776593388439,0.0430852206925472
787,"ti(nextDOWNSOPower_z,nextDOWNlag_z)",0.138722801106241,0.000754186823211889,0.256626836191621,0.0274500393894151
788,"ti(nextDOWNSOPower_z,nextDOWNlag_z)",0.249182287838121,0.00160852133163686,0.24108507564968,0.0268040699362058
789,"ti(nextDOWNSOPower_z,nextDOWNlag_z)",0.222805327801762,0.00123568862504928,0.489211008873161,0.0654653577513273
790,"ti(nextDOWNSOPower_z,nextDOWNlag_z)",0.296281814298057,0.00228006843041447,0.391123719622322,0.0512799315555382
791,"ti(nextDOWNSOPower_z,nextDOWNlag_z)",0.307583204047975,0.00179280672008153,0.527411700051761,0.0445802687992752
792,"ti(nextDOWNSOPower_z,nextDOWNlag_z)",0.255044724793896,0.00181599238753254,0.352619151864764,0.042193992109043
793,"ti(nextDOWNSOPower_z,nextDOWNlag_z)",0.378528818081716,0.00304332614514964,0.368776368856243,0.0483711459266848
794,"ti(nextDOWNSOPower_z,nextDOWNlag_z)",0.0709792785654957,0.000451551027501386,0.235041324661698,0.0237176040531586
795,"ti(nextDOWNSOPower_z,nextDOWNlag_z)",0.134208067400742,0.00168357481339065,0.328532099026276,0.0498702404683751
796,"ti(nextDOWNSOPower_z,nextDOWNlag_z)",0.20017624212844,0.00114888747777389,0.326831150486875,0.0293483427070434
797,"ti(nextDOWNSOPower_z,nextDOWNlag_z)",0.100238987399316,0.00043044221609341,0.221916243546676,0.0258333645190526
798,"ti(nextDOWNSOPower_z,nextDOWNlag_z)",0.302411801430345,0.00257634483211417,0.348303455543819,0.0636820134134193
799,"ti(nextDOWNSOPower_z,nextDOWNlag_z)",0.564596460393943,0.00475470213584548,0.412042073068826,0.0434794384043872
800,"ti(nextDOWNSOPower_z,nextDOWNlag_z)",0.197256101233084,0.00104672448427274,0.283752198604949,0.0453417678757275
801,"ti(nextDOWNSOPower_z,nextDOWNlag_z)",0.222734096506824,0.00191255045397094,0.361567723688089,0.0346326447347215
802,"ti(nextDOWNSOPower_z,nextDOWNlag_z)",0.357383061853012,0.00264837472052469,0.375699856636821,0.0570165356381325
803,"ti(nextDOWNSOPower_z,nextDOWNlag_z)",0.312232708894939,0.0019935705143662,0.428614053607685,0.049573378947555
804,"ti(nextDOWNSOPower_z,nextDOWNlag_z)",0.100996622602214,0.000733260690930265,0.174223105896166,0.0198768744554852
805,"ti(nextDOWNSOPower_z,nextDOWNlag_z)",0.316384306848316,0.00244478969804461,0.473842098960022,0.0750777645734517
806,"ti(nextDOWNSOPower_z,nextDOWNlag_z)",0.525102019185395,0.00412077894561686,1.13839524605875,0.127858722424223
807,"ti(nextDOWNSOPower_z,nextDOWNlag_z)",0.230680070693933,0.000515449796766456,0.333818552045949,0.0406874521398392
808,"ti(nextDOWNSOPower_z,nextDOWNlag_z)",0.447300998765998,0.00303848061444804,1.07686063465668,0.118364344640311
809,"ti(nextDOWNSOPower_z,nextDOWNlag_z)",0.110952207969446,0.000615800162789274,0.251114878315407,0.0364212294428888
810,"ti(nextDOWNSOPower_z,nextDOWNlag_z)",0.428890607626871,0.00327616298595885,0.495582233444866,0.0563569826704719
811,"ti(nextDOWNSOPower_z,nextDOWNlag_z)",0.40678622986671,0.00326605739955848,0.489741891031247,0.0635839535891704
812,"ti(nextDOWNSOPower_z,nextDOWNlag_z)",0.211035090852773,0.00108782122233201,0.474541997452508,0.0580931665744777
813,"ti(nextDOWNSOPower_z,nextDOWNlag_z)",0.138632105893738,0.00155736842517198,0.444536041645355,0.0557393899322285
814,"ti(nextDOWNSOPower_z,nextDOWNlag_z)",0.255503328378536,0.00179305068411991,0.473198119123386,0.0557523142882488
815,"ti(nextDOWNSOPower_z,nextDOWNlag_z)",0.301395420887517,0.00199590962540835,0.537570483944484,0.0698562117800175
816,"ti(nextDOWNSOPower_z,nextDOWNlag_z)",0.31915117226051,0.00269577885054815,0.480963686302591,0.0691349846448897
817,"ti(nextDOWNSOPower_z,nextDOWNlag_z)",0.403139718745915,0.00309964782906988,0.68868103511948,0.0730320108906172
818,"ti(nextDOWNSOPower_z,nextDOWNlag_z)",0.159515865756759,0.000787476004763273,0.192061290379824,0.0342587898541716
819,"ti(nextDOWNSOPower_z,nextDOWNlag_z)",0.504543964790827,0.00405631620422109,0.900388329993726,0.118215884367435
820,"ti(nextDOWNSOPower_z,nextDOWNlag_z)",0.43889428033847,0.00313770570870895,0.535260773223367,0.0535450511701847
821,"ti(nextDOWNSOPower_z,nextDOWNlag_z)",0.188569583403636,0.00186653245408582,0.428185420333521,0.0439840088141893
822,"ti(nextDOWNSOPower_z,nextDOWNlag_z)",0.130548820176294,0.000999657906302418,0.309051489208187,0.0416143287511835
823,"ti(nextDOWNSOPower_z,nextDOWNlag_z)",0.146598345407753,0.00191542009482385,0.365820898439874,0.0429166382979372
824,"ti(nextDOWNSOPower_z,nextDOWNlag_z)",0.427321527418877,0.00334990760474791,1.13475340215764,0.123046517451967
825,"ti(nextDOWNSOPower_z,nextDOWNlag_z)",0.32723796651091,0.00275974003089168,0.346396640266497,0.0382601126804292
826,"ti(nextDOWNSOPower_z,nextDOWNlag_z)",0.171024929241243,0.00190762205482137,0.357007431409022,0.0520197298259225
827,"ti(nextDOWNSOPower_z,nextDOWNlag_z)",0.362097350222739,0.00297521662957236,0.528894277694034,0.0586587384928662
828,"ti(nextDOWNSOPower_z,nextDOWNlag_z)",0.331164944282583,0.00192561983496064,0.444066631875613,0.0571730329789757
829,"ti(nextDOWNSOPower_z,nextDOWNlag_z)",0.187829353481838,0.00164054557568556,0.252683155274644,0.0271192043620221
830,"ti(nextDOWNSOPower_z,nextDOWNlag_z)",0.230358845807293,0.00214696189725145,0.406170824887197,0.0714213239549489
831,"ti(nextDOWNSOPower_z,nextDOWNlag_z)",0.257098832226153,0.00244298109246119,0.333888201388544,0.041739948494603
832,"ti(nextDOWNSOPower_z,nextDOWNlag_z)",0.199499630252731,0.00108982408850852,0.309761520445635,0.0365434817123642
833,"ti(nextDOWNSOPower_z,nextDOWNlag_z)",0.239353129068318,0.00124320823885507,0.230091147402311,0.0302650020139905
834,"ti(nextDOWNSOPower_z,nextDOWNlag_z)",0.186047393268833,0.00110856274060501,0.263837513185125,0.052809934913556
835,"ti(nextDOWNSOPower_z,nextDOWNlag_z)",0.157890004908827,0.00170570512388099,0.289893902443044,0.0349779545090321
836,"ti(nextDOWNSOPower_z,nextDOWNlag_z)",0.229621090227348,0.00142217545927232,0.263360452345742,0.0355850557232856
837,"ti(nextDOWNSOPower_z,nextDOWNlag_z)",0.48059523662736,0.00285762738072966,0.617523793115725,0.067153734250705
838,"ti(nextDOWNSOPower_z,nextDOWNlag_z)",0.265842610511908,0.00212173909254744,0.298099062303829,0.0448086169431032
839,"ti(nextDOWNSOPower_z,nextDOWNlag_z)",0.202704588099178,0.00111697602154615,0.494785882589572,0.0668369047974738
840,"ti(nextDOWNSOPower_z,nextDOWNlag_z)",0.0995997526505412,0.00120799667359308,0.341047063578162,0.0503730798606433
841,"ti(nextDOWNSOPower_z,nextDOWNlag_z)",0.432213691712795,0.00337239529880714,0.887312679027187,0.106768634186773
842,"ti(nextDOWNSOPower_z,nextDOWNlag_z)",0.311406462765268,0.00259375387648537,0.640971629977708,0.0789139735965275
843,"ti(nextDOWNSOPower_z,nextDOWNlag_z)",0.156136664676101,0.000945194292819622,0.310718854183542,0.0298830584103058
844,"ti(nextDOWNSOPower_z,nextDOWNlag_z)",0.272306815121072,0.00250526211113258,0.501900152294578,0.0543015245295902
845,"ti(nextDOWNSOPower_z,nextDOWNlag_z)",0.157401281204929,0.0010856029303819,0.37427403956645,0.0375707157010822
846,"ti(nextDOWNSOPower_z,nextDOWNlag_z)",0.301442522441803,0.00228990286652609,0.519017997583661,0.10301396905276
847,"ti(nextDOWNSOPower_z,nextDOWNlag_z)",0.224821931052097,0.00134570208906184,0.338999162239865,0.0644156106085996
848,"ti(nextDOWNSOPower_z,nextDOWNlag_z)",0.138895137052746,0.000577685630392536,0.381857921913094,0.0499589102246116
849,"ti(nextDOWNSOPower_z,nextDOWNlag_z)",0.289308941749248,0.00336475162642679,0.4719421337465,0.0469191840833651
850,"ti(nextDOWNSOPower_z,nextDOWNlag_z)",0.20119246608509,0.00124570211256325,0.524661982322809,0.0621897705706278
851,"ti(nextDOWNSOPower_z,nextDOWNlag_z)",0.234064380745291,0.00163199560070957,0.666678324882541,0.0925437503622071
852,"ti(nextDOWNSOPower_z,nextDOWNlag_z)",0.268477771902469,0.00162322910339009,0.228872938568756,0.0279105599349873
853,"ti(nextDOWNSOPower_z,nextDOWNlag_z)",0.350668712654274,0.00205392627253721,1.25616662506376,0.148907357311452
854,"ti(nextDOWNSOPower_z,nextDOWNlag_z)",0.263507144215416,0.00194281117641718,0.420467048554474,0.0527169622718675
855,"ti(nextDOWNSOPower_z,nextDOWNlag_z)",0.204467872946972,0.00137709829071452,0.397222750528078,0.0616174285790766
856,"ti(nextDOWNSOPower_z,nextDOWNlag_z)",0.262244420265266,0.0012618572697528,0.401871903975111,0.0504043446493568
857,"ti(nextDOWNSOPower_z,nextDOWNlag_z)",0.249221820442069,0.00134283263489456,0.575385274965806,0.0848485001474424
858,"ti(nextDOWNSOPower_z,nextDOWNlag_z)",0.0530129869716367,0.000432031459175856,0.352554657062398,0.0564946652334544
859,"ti(nextDOWNSOPower_z,nextDOWNlag_z)",0.0524365810905051,0.000409846643473446,0.312743240443805,0.0510602559801822
860,"ti(nextDOWNSOPower_z,nextDOWNlag_z)",0.352070505730775,0.00203130678066738,0.375672194890614,0.0538310133046473
861,"ti(nextDOWNSOPower_z,nextDOWNlag_z)",0.131694290237393,0.000778832569169466,0.271868058429273,0.04046673806833
862,"ti(nextDOWNSOPower_z,nextDOWNlag_z)",0.0608547546188217,0.000923606137771302,0.216607749735303,0.0331981671124905
863,"ti(nextDOWNSOPower_z,nextDOWNlag_z)",0.26804996834155,0.00229796992359186,0.40282384055223,0.0503198350319448
864,"ti(nextDOWNSOPower_z,nextDOWNlag_z)",0.131975607747492,0.000758207946271249,0.313050053011652,0.0341600767047962
865,"ti(nextDOWNSOPower_z,nextDOWNlag_z)",0.191066267447513,0.00163642787602059,0.259980014833393,0.0410116678272129
866,"ti(nextDOWNSOPower_z,nextDOWNlag_z)",0.266019711823156,0.00205342286024012,0.632837566592401,0.0915281691200559
867,"ti(nextDOWNSOPower_z,nextDOWNlag_z)",0.297424742796335,0.00187081360990088,0.344771886987554,0.0413255088033072
868,"ti(nextDOWNSOPower_z,nextDOWNlag_z)",0.153103416510992,0.00180393042777682,0.209601589315868,0.0278706349170562
869,"ti(nextDOWNSOPower_z,nextDOWNlag_z)",0.207394389601665,0.00220421586126776,0.364700604539178,0.0579318824247109
870,"ti(nextDOWNSOPower_z,nextDOWNlag_z)",0.164726583863556,0.00121874840763952,0.400309483740092,0.0629457744155152
871,"ti(nextDOWNSOPower_z,nextDOWNlag_z)",0.196372028753942,0.00197493936716064,0.320921704927648,0.0362359378219318
872,"ti(nextDOWNSOPower_z,nextDOWNlag_z)",0.23823662507449,0.00187372952978197,0.258597872725418,0.0274872065327397
873,"ti(nextDOWNSOPower_z,nextDOWNlag_z)",0.18645086137323,0.00217258921193812,0.272349992535342,0.0394145655995153
874,"ti(nextDOWNSOPower_z,nextDOWNlag_z)",0.330793181636376,0.00169652285704416,0.514024468443416,0.054995291449003
875,"ti(nextDOWNSOPower_z,nextDOWNlag_z)",0.325983960693718,0.00269872261671382,0.588083569984393,0.057863872808668
876,"ti(nextDOWNSOPower_z,nextDOWNlag_z)",0.466107203740133,0.00256907613355495,0.42241751293075,0.061598454725345
877,"ti(nextDOWNSOPower_z,nextDOWNlag_z)",0.48712174993666,0.00412953762320036,0.641991318832912,0.0954201322132555
878,"ti(nextDOWNSOPower_z,nextDOWNlag_z)",0.127835052541328,0.000858719901421772,0.226388722435692,0.0228971237138032
879,"ti(nextDOWNSOPower_z,nextDOWNlag_z)",0.188395627994853,0.00226332763569036,0.378036014706507,0.0461355636430603
880,"ti(nextDOWNSOPower_z,nextDOWNlag_z)",0.395374371915516,0.00280135192467104,0.604256814455713,0.0655054852824919
881,"ti(nextDOWNSOPower_z,nextDOWNlag_z)",0.148968097257445,0.000904886744441185,0.255345117060079,0.0307446293093496
882,"ti(nextDOWNSOPower_z,nextDOWNlag_z)",0.252731431781903,0.00137290152998984,0.813409306578912,0.1022735347976
883,"ti(nextDOWNSOPower_z,nextDOWNlag_z)",0.17817358536443,0.00225165965104969,1.12006402692487,0.102848597279975
884,"ti(nextDOWNSOPower_z,nextDOWNlag_z)",0.246718691794332,0.00135675291701846,0.572063312052086,0.0691116832984397
885,"ti(nextDOWNSOPower_z,nextDOWNlag_z)",0.132331492835463,0.000776634713961123,0.268224756630069,0.0415938192856821
886,"ti(nextDOWNSOPower_z,nextDOWNlag_z)",0.301674461676912,0.00202406201216287,0.367341864837581,0.0419857857480088
887,"ti(nextDOWNSOPower_z,nextDOWNlag_z)",0.260625337776745,0.00217845517930305,0.306780363247705,0.038063309082773
888,"ti(nextDOWNSOPower_z,nextDOWNlag_z)",0.192488907094261,0.00197068456028189,0.23598373782064,0.0363722657886143
889,"ti(nextDOWNSOPower_z,nextDOWNlag_z)",0.322343339465516,0.00196255813154701,0.432970696121364,0.0583669838738062
890,"ti(nextDOWNSOPower_z,nextDOWNlag_z)",0.296164947426296,0.00240016208426002,0.382255165295783,0.0621924020511963
891,"ti(nextDOWNSOPower_z,nextDOWNlag_z)",0.116901238881217,0.000668914296376398,0.418042946633822,0.0647621946792924
892,"ti(nextDOWNSOPower_z,nextDOWNlag_z)",0.47508322872889,0.00357951251266197,0.367520377794514,0.0609368820245553
893,"ti(nextDOWNSOPower_z,nextDOWNlag_z)",0.285076093058751,0.00173545573333822,0.539729008847573,0.0771864006171338
894,"ti(nextDOWNSOPower_z,nextDOWNlag_z)",0.238652008632882,0.00162945988947085,0.329187574758947,0.0376854356875374
895,"ti(nextDOWNSOPower_z,nextDOWNlag_z)",0.156285018296635,0.000896678413111306,0.419210246945572,0.0483063970356914
896,"ti(nextDOWNSOPower_z,nextDOWNlag_z)",0.273938262813599,0.00168554989658403,1.02565239861662,0.101273953015009
897,"ti(nextDOWNSOPower_z,nextDOWNlag_z)",0.406357410767454,0.00345898466386442,0.389189896569576,0.0499278973164706
898,"ti(nextDOWNSOPower_z,nextDOWNlag_z)",0.0547368568456768,0.00130789624351134,0.299723353481922,0.0374300847769024
899,"ti(nextDOWNSOPower_z,nextDOWNlag_z)",0.217812112899976,0.001277094419024,0.498893688410576,0.0528928954503811
900,"ti(nextDOWNSOPower_z,nextDOWNlag_z)",0.391534218250166,0.00289721558878892,0.478140926055106,0.0642993984837762
901,"ti(nextDOWNSOPower_z,nextDOWNlag_z)",0.0897849424845126,0.000623348718504691,0.238555676495029,0.0359753425865894
902,"ti(nextDOWNSOPower_z,nextDOWNlag_z)",0.170915956899638,0.00170635844676464,0.291277237635179,0.0542604134935785
903,"ti(nextDOWNSOPower_z,nextDOWNlag_z)",0.294891654955974,0.00217400091244767,0.262103941170052,0.0395246426324587
904,"ti(nextDOWNSOPower_z,nextDOWNlag_z)",0.40247341534934,0.00184597504619046,0.309515471162921,0.0413304204983536
905,"ti(nextDOWNSOPower_z,nextDOWNlag_z)",0.0886724687377919,0.00101665413817672,0.171728927554665,0.0319378076543964
906,"ti(nextDOWNSOPower_z,nextDOWNlag_z)",0.259760309072572,0.00205284679670345,0.515578459585998,0.0669917840111718
907,"ti(nextDOWNSOPower_z,nextDOWNlag_z)",0.217633136603264,0.00106130756251036,0.333476554391625,0.0425066040590392
908,"ti(nextDOWNSOPower_z,nextDOWNlag_z)",0.293376637478632,0.00232046308229765,0.35991837308962,0.0651022387474814
909,"ti(nextDOWNSOPower_z,nextDOWNlag_z)",0.125204158431138,0.00111855194011814,0.179397504734367,0.0249579677300676
910,"ti(nextDOWNSOPower_z,nextDOWNlag_z)",0.350035281392079,0.00249652805326954,0.30102800354979,0.0353103174686201
911,"ti(nextDOWNSOPower_z,nextDOWNlag_z)",0.120716058336126,0.000700059561474413,0.283719631012643,0.0324142993695156
912,"ti(nextDOWNSOPower_z,nextDOWNlag_z)",0.303508232956985,0.00315602769490062,0.334913099875757,0.0545824878343179
913,"ti(nextDOWNSOPower_z,nextDOWNlag_z)",0.164929548300973,0.000939720238649828,0.459588727531708,0.0507778460962865
914,"ti(nextDOWNSOPower_z,nextDOWNlag_z)",0.352240460586499,0.00337058205527735,0.488746350958133,0.0749309329664075
915,"ti(nextDOWNSOPower_z,nextDOWNlag_z)",0.205626709330514,0.00120959052752026,0.428630279475957,0.0599254212994868
916,"ti(nextDOWNSOPower_z,nextDOWNlag_z)",0.216992607730593,0.00114482626154576,0.333966914343517,0.0434932451160487
917,"ti(nextDOWNSOPower_z,nextDOWNlag_z)",0.295891790606114,0.00183787544944645,0.688118366017067,0.0968414028436271
918,"ti(nextDOWNSOPower_z,nextDOWNlag_z)",0.263523903065585,0.00157332126242812,0.481383555941761,0.04855350982426
919,"ti(nextDOWNSOPower_z,nextDOWNlag_z)",0.319548290059532,0.00222894250300414,0.471038060681129,0.0786457415523476
920,"ti(nextDOWNSOPower_z,nextDOWNlag_z)",0.27593229603677,0.0016588386028595,0.418418626110621,0.0673065717422971
921,"ti(nextDOWNSOPower_z,nextDOWNlag_z)",0.368728432769558,0.00259713011303622,0.564374153963007,0.0618566401359152
922,"ti(nextDOWNSOPower_z,nextDOWNlag_z)",0.0788202919209283,0.0012467057215334,0.187327810183074,0.0292310452898014
923,"ti(nextDOWNSOPower_z,nextDOWNlag_z)",0.218266758724781,0.00232165183886218,0.325795626323706,0.0386495789222289
924,"ti(nextDOWNSOPower_z,nextDOWNlag_z)",0.252181138925612,0.00131804165019212,0.515403652093239,0.0830590348154891
925,"ti(nextDOWNSOPower_z,nextDOWNlag_z)",0.233935194846616,0.00123414115357244,0.196164160784654,0.0289302995921808
926,"ti(nextDOWNSOPower_z,nextDOWNlag_z)",0.224561207853883,0.00127485155973715,0.44760431630742,0.0522813314069969
927,"ti(nextDOWNSOPower_z,nextDOWNlag_z)",0.258278404099674,0.00272469488863049,0.28386931504107,0.0373635666442392
928,"ti(nextDOWNSOPower_z,nextDOWNlag_z)",0.423398377124964,0.00280692037468733,0.698074301515982,0.10355648788052
929,"ti(nextDOWNSOPower_z,nextDOWNlag_z)",0.170930957223654,0.00205906640434264,0.30482122367299,0.050999628888772
930,"ti(nextDOWNSOPower_z,nextDOWNlag_z)",0.13493401253571,0.000973058651484366,0.340687521096637,0.0534896773645218
931,"ti(nextDOWNSOPower_z,nextDOWNlag_z)",0.350353184549943,0.00277622543105378,0.315845540982519,0.0459716372497961
932,"ti(nextDOWNSOPower_z,nextDOWNlag_z)",0.228037546155545,0.0015721075726123,0.399113882893401,0.0372275180108816
933,"ti(nextDOWNSOPower_z,nextDOWNlag_z)",0.300784851726472,0.00139751157711904,0.294037244490026,0.0434338752996689
934,"ti(nextDOWNSOPower_z,nextDOWNlag_z)",0.182671237124016,0.00106791532305082,0.455931164832091,0.0492940900539947
935,"ti(nextDOWNSOPower_z,nextDOWNlag_z)",0.466937945418679,0.00339008271423479,0.521304991681507,0.0863899136071649
936,"ti(nextDOWNSOPower_z,nextDOWNlag_z)",0.143679221657722,0.000736620163436522,0.393256789091973,0.0575477845152051
937,"ti(nextDOWNSOPower_z,nextDOWNlag_z)",0.333917243657989,0.00253764566325725,0.308095885127436,0.0415541173374855
938,"ti(nextDOWNSOPower_z,nextDOWNlag_z)",0.318543607869432,0.00266725949319502,0.330486503566351,0.0520475933288624
939,"ti(nextDOWNSOPower_z,nextDOWNlag_z)",0.278556347523245,0.0018379101299942,0.270287072539781,0.0357338061452851
940,"ti(nextDOWNSOPower_z,nextDOWNlag_z)",0.338843679795055,0.00258882771288195,0.414114128033941,0.0725816638168247
941,"ti(nextDOWNSOPower_z,nextDOWNlag_z)",0.115972121909469,0.000601689174597149,0.189604324874422,0.032230993626748
942,"ti(nextDOWNSOPower_z,nextDOWNlag_z)",0.118548081580806,0.00120499463659138,0.302262975640726,0.0370604777405121
943,"ti(nextDOWNSOPower_z,nextDOWNlag_z)",0.157414045846122,0.00205851209313407,0.442084643209303,0.071022620028851
944,"ti(nextDOWNSOPower_z,nextDOWNlag_z)",0.224465859302326,0.00269987205544488,0.499413167561979,0.0572976947408241
945,"ti(nextDOWNSOPower_z,nextDOWNlag_z)",0.263356022167573,0.00263712848185246,0.321184053944257,0.0580409095464383
946,"ti(nextDOWNSOPower_z,nextDOWNlag_z)",0.200518647564645,0.00142505948586406,0.28523787991891,0.0327328841271623
947,"ti(nextDOWNSOPower_z,nextDOWNlag_z)",0.297170949943187,0.00181957265824763,0.279964934207424,0.0322172381745357
948,"ti(nextDOWNSOPower_z,nextDOWNlag_z)",0.347324457356325,0.0023844607722033,0.512068476121249,0.0688894904916575
949,"ti(nextDOWNSOPower_z,nextDOWNlag_z)",0.178548261887273,0.00167851735643278,0.277621503358957,0.0335195576684354
950,"ti(nextDOWNSOPower_z,nextDOWNlag_z)",0.305712636863558,0.00199051413995618,0.503150715091204,0.0509492998039814
951,"ti(nextDOWNSOPower_z,nextDOWNlag_z)",0.298013722380649,0.00189232319890733,0.442451914262899,0.0429283832647306
952,"ti(nextDOWNSOPower_z,nextDOWNlag_z)",0.509266698915596,0.00341287144244578,0.419837584345847,0.0752669645039706
953,"ti(nextDOWNSOPower_z,nextDOWNlag_z)",0.143137519790222,0.00110279504741027,0.559713486363488,0.0930950464852009
954,"ti(nextDOWNSOPower_z,nextDOWNlag_z)",0.165640828403767,0.00185985422817257,0.366019629660406,0.0388232247533345
955,"ti(nextDOWNSOPower_z,nextDOWNlag_z)",0.313013946687575,0.00194392830820839,0.252936454857516,0.0297001644632943
956,"ti(nextDOWNSOPower_z,nextDOWNlag_z)",0.241321089637054,0.002601861161054,0.444493913996268,0.0554499853960574
957,"ti(nextDOWNSOPower_z,nextDOWNlag_z)",0.433912754142689,0.00282431628381753,0.485431550033115,0.0571515903265626
958,"ti(nextDOWNSOPower_z,nextDOWNlag_z)",0.177685906643107,0.0011397240728978,0.310296185515243,0.0266931314610467
959,"ti(nextDOWNSOPower_z,nextDOWNlag_z)",0.422351448180955,0.00350942245678156,0.540921059178125,0.0759685884620033
960,"ti(nextDOWNSOPower_z,nextDOWNlag_z)",0.358789558216331,0.00236346857256557,0.427025527706662,0.0668374128997676
961,"ti(nextDOWNSOPower_z,nextDOWNlag_z)",0.271468916130606,0.00174786967245069,0.272861961025495,0.0389980788452901
962,"ti(nextDOWNSOPower_z,nextDOWNlag_z)",0.314852764167352,0.00225998136425642,0.635872618932963,0.0750627458057852
963,"ti(nextDOWNSOPower_z,nextDOWNlag_z)",0.539076525550042,0.00448968649727118,0.746371173225327,0.071078937237647
964,"ti(nextDOWNSOPower_z,nextDOWNlag_z)",0.159577793582265,0.00091970825541517,0.265225740111213,0.0267898974008971
965,"ti(nextDOWNSOPower_z,nextDOWNlag_z)",0.424397473129129,0.00364259079447017,0.512720801725699,0.0653627629480783
966,"ti(nextDOWNSOPower_z,nextDOWNlag_z)",0.305842172923852,0.00184340553429343,0.324757603557449,0.0426694169679885
967,"ti(nextDOWNSOPower_z,nextDOWNlag_z)",0.265749922609305,0.00198798604937348,0.32794069498623,0.0423816383745751
968,"ti(nextDOWNSOPower_z,nextDOWNlag_z)",0.19907439050313,0.00263103891794707,0.33499350150817,0.0457512704689753
969,"ti(nextDOWNSOPower_z,nextDOWNlag_z)",0.453832581677222,0.00315234521203658,0.545537019145972,0.0556219141987426
970,"ti(nextDOWNSOPower_z,nextDOWNlag_z)",0.241209355640086,0.00208994243967842,0.284064130562422,0.0506218712765061
971,"ti(nextDOWNSOPower_z,nextDOWNlag_z)",0.79637488909632,0.00601767504214131,0.548558219201935,0.102513108378615
972,"ti(nextDOWNSOPower_z,nextDOWNlag_z)",0.41707507145043,0.003143806104791,0.391887356627597,0.0613851736988332
973,"ti(nextDOWNSOPower_z,nextDOWNlag_z)",0.407704623847179,0.00347579146608339,0.341547576525242,0.034560354235245
974,"ti(nextDOWNSOPower_z,nextDOWNlag_z)",0.172867895486097,0.00163957059746036,0.306501733790191,0.0365958904423616
975,"ti(nextDOWNSOPower_z,nextDOWNlag_z)",0.193113536624981,0.00284293462456474,0.273373558463656,0.0495753003033648
976,"ti(nextDOWNSOPower_z,nextDOWNlag_z)",0.212511756055573,0.00145550504331684,0.340609248689435,0.0473584416498406
977,"ti(nextDOWNSOPower_z,nextDOWNlag_z)",0.182736627562668,0.00185660204107458,0.406279809238505,0.0449962309969374
978,"ti(nextDOWNSOPower_z,nextDOWNlag_z)",0.248532706081116,0.00225131923588547,0.504898829536436,0.0534455477101749
979,"ti(nextDOWNSOPower_z,nextDOWNlag_z)",0.219004359261431,0.00164701822649344,0.34959812976879,0.0500174677942802
980,"ti(nextDOWNSOPower_z,nextDOWNlag_z)",0.192663226140726,0.00193271613403137,0.243778992095526,0.0378217554420147
981,"ti(nextDOWNSOPower_z,nextDOWNlag_z)",0.112647098589071,0.00154093814137664,0.253239512283242,0.0420815889517933
982,"ti(nextDOWNSOPower_z,nextDOWNlag_z)",0.169445312348085,0.000830702874154648,0.261227778662695,0.0280169331972635
983,"ti(nextDOWNSOPower_z,nextDOWNlag_z)",0.211362626683161,0.00196586989487523,0.344744502246766,0.0327250566197853
984,"ti(nextDOWNSOPower_z,nextDOWNlag_z)",0.207487030085565,0.00121359565620795,0.291759656770786,0.061485351973832
985,"ti(nextDOWNSOPower_z,nextDOWNlag_z)",0.195237241281171,0.00156320836121208,0.228835620128611,0.0264129670435926
986,"ti(nextDOWNSOPower_z,nextDOWNlag_z)",0.281219525204549,0.00167206313698755,0.255241376114961,0.0340284521073634
987,"ti(nextDOWNSOPower_z,nextDOWNlag_z)",0.359855043694077,0.00233490626191216,0.293439062848464,0.0489294755588176
988,"ti(nextDOWNSOPower_z,nextDOWNlag_z)",0.416637558615929,0.00297744696213819,0.48888913920023,0.0651733611924142
989,"ti(nextDOWNSOPower_z,nextDOWNlag_z)",0.326206017144278,0.00189487834476131,0.430822195332843,0.0516833400975186
990,"ti(nextDOWNSOPower_z,nextDOWNlag_z)",0.196635900951381,0.00140425885933806,0.316796266664375,0.0549299696185628
991,"ti(nextDOWNSOPower_z,nextDOWNlag_z)",0.2981242833534,0.00191151909314789,0.426598558270042,0.0482429571215372
992,"ti(nextDOWNSOPower_z,nextDOWNlag_z)",0.268102830650942,0.00166056822327674,0.513945383141707,0.0598312017094403
993,"ti(nextDOWNSOPower_z,nextDOWNlag_z)",0.179515163861669,0.00113283121073038,0.202276895565202,0.023895358259702
994,"ti(nextDOWNSOPower_z,nextDOWNlag_z)",0.0682078948824377,0.000418201208085316,0.271610346772687,0.0290923502558661
995,"ti(nextDOWNSOPower_z,nextDOWNlag_z)",0.120792283122908,0.000654999078683997,0.487201395235997,0.0757085023240128
996,"ti(nextDOWNSOPower_z,nextDOWNlag_z)",0.166835631861382,0.00100548398642563,0.462636166623651,0.0502026726601195
997,"ti(nextDOWNSOPower_z,nextDOWNlag_z)",0.258553055216354,0.00237519784409214,0.275447249529442,0.0354137280784097
998,"ti(nextDOWNSOPower_z,nextDOWNlag_z)",0.197111268505941,0.00119519328168929,0.274409368713843,0.0352973981378547
999,"ti(nextDOWNSOPower_z,nextDOWNlag_z)",0.251258376173178,0.00214420105489618,0.365335754507936,0.0448096739478603
1000,"ti(nextDOWNSOPower_z,nextDOWNlag_z)",0.245132401085874,0.00138161921109556,0.305629416012555,0.0409442218451397
