"Replicate","Term","Deviance_Value","Eta_Sq_Value","Amplitude_Value","RMS_Value"
1,"s(lastRippleHPC_z):DOWN_no",0.0157358291012395,5.0278076226528e-05,0.0949159701909236,0.0672130694942334
2,"s(lastRippleHPC_z):DOWN_no",0.0225977775889721,0.000125837291371189,0.108716393894653,0.054150603778023
3,"s(lastRippleHPC_z):DOWN_no",0.0392226652356733,0.000311572905915756,0.162816055646164,0.0468659479017901
4,"s(lastRippleHPC_z):DOWN_no",0.0151859857027938,0.000127287000917165,0.0831171732122769,0.0344611873778309
5,"s(lastRippleHPC_z):DOWN_no",0.0102697753817758,0.000110123099227695,0.0893616651421066,0.0296702064734191
6,"s(lastRippleHPC_z):DOWN_no",0.0370957391560722,0.000266401496363612,0.170398801494033,0.200361703376398
7,"s(lastRippleHPC_z):DOWN_no",0.0258153581319016,0.000148139481825836,0.09530845850687,0.0319761035295929
8,"s(lastRippleHPC_z):DOWN_no",0.024391523704538,0.000311133667858676,0.117216347585372,0.199886402768351
9,"s(lastRippleHPC_z):DOWN_no",0.00211192425272078,2.26711681303993e-05,0.0408737036053566,0.0120411517275265
10,"s(lastRippleHPC_z):DOWN_no",0.0218825448523017,0.000151588889830485,0.106760174628796,0.0546477118111567
11,"s(lastRippleHPC_z):DOWN_no",0.000791967915338532,8.50350664029398e-06,0.0251267658509793,0.00739977874547152
12,"s(lastRippleHPC_z):DOWN_no",0.0383677044688495,0.000293254361535624,0.148748448778384,0.119472110357005
13,"s(lastRippleHPC_z):DOWN_no",0.000307971336853896,2.95264452986062e-06,0.0148861212297755,0.00438356835553423
14,"s(lastRippleHPC_z):DOWN_no",0.0161458541621711,7.33092343337695e-05,0.0712736794000422,0.0521435835595297
15,"s(lastRippleHPC_z):DOWN_no",0.0155138951860554,8.5078942963103e-05,0.0787956020126618,0.044420308975943
16,"s(lastRippleHPC_z):DOWN_no",0.0155074487405118,6.59655560019691e-05,0.0944167662194855,0.053856406360635
17,"s(lastRippleHPC_z):DOWN_no",0.0205463742683154,0.00016076551899094,0.0851144845208384,0.0321456810819894
18,"s(lastRippleHPC_z):DOWN_no",0.0500711577957356,0.000391119095227158,0.183116167167198,0.0717062081795683
19,"s(lastRippleHPC_z):DOWN_no",0.0136433023991707,5.98525497432368e-05,0.0713258056412636,0.0558948108744693
20,"s(lastRippleHPC_z):DOWN_no",0.0344679029646437,0.000178836386976823,0.217464041187346,0.0644349141185995
21,"s(lastRippleHPC_z):DOWN_no",0.00418498941410395,4.43824599310485e-05,0.0560771528843943,0.0165151704712587
22,"s(lastRippleHPC_z):DOWN_no",0.0166881622233355,0.000112838265253445,0.0783857811138683,0.023589814430472
23,"s(lastRippleHPC_z):DOWN_no",0.0256641134793769,0.0001990186182008,0.0993729783398225,0.0442847027999292
24,"s(lastRippleHPC_z):DOWN_no",0.00547521766593029,5.6681306717888e-05,0.0643840348946173,0.0189620977634157
25,"s(lastRippleHPC_z):DOWN_no",0.0145146213955263,3.15746396481617e-05,0.0569557928615998,0.0342176381771498
26,"s(lastRippleHPC_z):DOWN_no",0.00317021361967118,3.31840403044005e-05,0.040263959331354,0.0240398638910314
27,"s(lastRippleHPC_z):DOWN_no",0.0507533793885333,0.00025664523574074,0.177760852891981,0.0751242691157786
28,"s(lastRippleHPC_z):DOWN_no",0.0169327391634653,0.000122906669582036,0.102327767370107,0.0527109496054903
29,"s(lastRippleHPC_z):DOWN_no",0.0257756223505385,0.00012871806556058,0.105500327451419,0.088721579646446
30,"s(lastRippleHPC_z):DOWN_no",0.0225621320540759,0.000176767847766877,0.148082080909047,0.0634585066032294
31,"s(lastRippleHPC_z):DOWN_no",0.0313052288383711,0.000225368641202155,0.146321965766953,0.0400043997157876
32,"s(lastRippleHPC_z):DOWN_no",0.00381921560909504,3.84762780482665e-05,0.0533546799748794,0.0157153417858889
33,"s(lastRippleHPC_z):DOWN_no",0.0169000357157731,4.80099599529721e-05,0.0963313640610011,0.0629799748188404
34,"s(lastRippleHPC_z):DOWN_no",0.0331691901168369,0.000209758267423356,0.155324425908355,0.12663243453946
35,"s(lastRippleHPC_z):DOWN_no",0.00703839977255782,7.48706370341371e-05,0.0728825142964526,0.0221772822404547
36,"s(lastRippleHPC_z):DOWN_no",0.0108985777496251,4.65878703438127e-05,0.0609175245419653,0.0296886590543984
37,"s(lastRippleHPC_z):DOWN_no",0.025949269343406,0.000144482354060697,0.222199341371611,0.0514787151784968
38,"s(lastRippleHPC_z):DOWN_no",0.0167885047801182,4.4680688682799e-05,0.0779924054390519,0.0531080396237727
39,"s(lastRippleHPC_z):DOWN_no",0.0141998921400743,9.43873867500365e-05,0.061558251255228,0.0199380438078754
40,"s(lastRippleHPC_z):DOWN_no",0.00246552207867889,8.62909609169678e-06,0.0246490514294393,0.00955507939813525
41,"s(lastRippleHPC_z):DOWN_no",0.00279895709071454,3.06135618628205e-05,0.0454094662709046,0.0238809965022934
42,"s(lastRippleHPC_z):DOWN_no",0.0258165927584546,0.000200584747714035,0.124010199218812,0.0512032061428171
43,"s(lastRippleHPC_z):DOWN_no",0.00280959996510433,2.93128150510184e-05,0.0464265835641274,0.0136708862987867
44,"s(lastRippleHPC_z):DOWN_no",7.95444507497578e-05,7.20689906687826e-07,0.00725403636265033,0.00213638603205508
45,"s(lastRippleHPC_z):DOWN_no",0.0145311315686705,0.000104896867892311,0.067730464273682,0.0313845084598679
46,"s(lastRippleHPC_z):DOWN_no",0.0307794660655905,0.000134950975643089,0.178262122653126,0.0555650944152965
47,"s(lastRippleHPC_z):DOWN_no",0.00457368563811311,4.95775419888922e-05,0.0598884254512703,0.0210532767686206
48,"s(lastRippleHPC_z):DOWN_no",0.0282860866588317,0.000221264253005511,0.135259870802671,0.0906049703186904
49,"s(lastRippleHPC_z):DOWN_no",0.0056626189586817,8.96189812603365e-05,0.0302280210821442,0.132707536990375
50,"s(lastRippleHPC_z):DOWN_no",-2.54086205941917e-06,8.25401107688577e-06,0.00114216228097441,0.0241102787622877
51,"s(lastRippleHPC_z):DOWN_no",0.0142970156637698,8.16437220951867e-05,0.0773687570715359,0.0366642006949588
52,"s(lastRippleHPC_z):DOWN_no",0.000203883228136803,1.82424248903638e-06,0.0115079211251387,0.003389092883744
53,"s(lastRippleHPC_z):DOWN_no",0.0264422074144193,9.44187528479081e-05,0.0964968762721298,0.0370530759269529
54,"s(lastRippleHPC_z):DOWN_no",0.00194396535711316,2.14034333149533e-05,0.0378260795191874,0.0177994793335119
55,"s(lastRippleHPC_z):DOWN_no",0.0211706253119095,8.27700139385889e-05,0.107408648805972,0.0507242456398068
56,"s(lastRippleHPC_z):DOWN_no",0.0200790406578042,0.000132837049848976,0.0918522154128948,0.0312342315973846
57,"s(lastRippleHPC_z):DOWN_no",0.0103834804909537,9.45107708474105e-05,0.0875234628635919,0.0331238665141249
58,"s(lastRippleHPC_z):DOWN_no",0.0173366929957073,9.50392521290387e-05,0.0802463115738312,0.0312761982740948
59,"s(lastRippleHPC_z):DOWN_no",0.0180429733365006,8.40141713543252e-06,0.14521474029777,0.0310091997270046
60,"s(lastRippleHPC_z):DOWN_no",0.0180397732893702,9.57294023505017e-05,0.08681402064096,0.0884735989557703
61,"s(lastRippleHPC_z):DOWN_no",0.0330691508184753,0.000261817272722251,0.131441822378401,0.0907885577174829
62,"s(lastRippleHPC_z):DOWN_no",0.0623868353440438,0.000770696258212562,0.168753748433093,0.297322711246933
63,"s(lastRippleHPC_z):DOWN_no",0.000465391259528936,1.65095491738607e-05,0.0197238603459732,0.0556662396240798
64,"s(lastRippleHPC_z):DOWN_no",0.0240567896899364,0.000193684801655623,0.12608638841505,0.0793531663292497
65,"s(lastRippleHPC_z):DOWN_no",0.00802410587695945,2.5199589020506e-05,0.0693881375001481,0.021264114541002
66,"s(lastRippleHPC_z):DOWN_no",0.0160122298810634,0.000123727326518776,0.0708473313779859,0.0230325665524507
67,"s(lastRippleHPC_z):DOWN_no",0.018003248053045,0.00012963853077178,0.0923778887948037,0.026689111601885
68,"s(lastRippleHPC_z):DOWN_no",0.00654327561875068,6.50130656892421e-05,0.0683425127119814,0.0201341639349774
69,"s(lastRippleHPC_z):DOWN_no",0.00123718727992195,2.02513524042664e-05,0.0313920933312801,0.0248304240697361
70,"s(lastRippleHPC_z):DOWN_no",0.00660384438266881,2.80093890802629e-05,0.042881114101609,0.0231328633009407
71,"s(lastRippleHPC_z):DOWN_no",0.0115121639962013,0.000119158067504114,0.0925499690042502,0.0272614814316636
72,"s(lastRippleHPC_z):DOWN_no",0.0233517985499079,9.41330132167955e-05,0.120946984850034,0.0700858840947295
73,"s(lastRippleHPC_z):DOWN_no",0.00466837953218224,4.88672349433896e-05,0.0597674173386814,0.0176089155839049
74,"s(lastRippleHPC_z):DOWN_no",0.0270384023190262,0.000152252552919203,0.142638356028159,0.102522767976171
75,"s(lastRippleHPC_z):DOWN_no",0.0278499248270538,0.000202006230377682,0.125696064676536,0.0739839143132897
76,"s(lastRippleHPC_z):DOWN_no",0.00306573310893743,6.18261085595554e-06,0.0178342363118592,0.0151374719187238
77,"s(lastRippleHPC_z):DOWN_no",0.0160127680648445,0.000112987631359128,0.0714591010829107,0.0220988439284691
78,"s(lastRippleHPC_z):DOWN_no",0.00781130150363563,9.33178827669125e-05,0.0466001534859299,0.129728144868017
79,"s(lastRippleHPC_z):DOWN_no",0.00803845908636625,3.24775940056639e-05,0.0457001732694607,0.0189172598217974
80,"s(lastRippleHPC_z):DOWN_no",0.026983554839429,0.000103037455713003,0.110993341397647,0.0700270745467556
81,"s(lastRippleHPC_z):DOWN_no",0.0309917430278013,0.000252203005639668,0.144028073641627,0.0463995293361616
82,"s(lastRippleHPC_z):DOWN_no",0.00200866642163344,6.43944558180142e-06,0.016831455602023,0.0103689169158109
83,"s(lastRippleHPC_z):DOWN_no",0.00672275252678212,1.00465663585287e-05,0.0451133460187085,0.0216406052414759
84,"s(lastRippleHPC_z):DOWN_no",0.037586177581109,0.000286244856678502,0.176645901078019,0.111283477902019
85,"s(lastRippleHPC_z):DOWN_no",0.0312637828997913,0.000211044165794868,0.1527993187352,0.0970578227905229
86,"s(lastRippleHPC_z):DOWN_no",0.047114482851252,0.00041791598337032,0.174413506620277,0.0761155340549182
87,"s(lastRippleHPC_z):DOWN_no",0.00226137040837848,2.32099313631898e-05,0.0417290601889018,0.0122900735266815
88,"s(lastRippleHPC_z):DOWN_no",0.00119591329083057,1.45684248220685e-05,0.0319411434687085,0.0130436675698671
89,"s(lastRippleHPC_z):DOWN_no",0.0106779642350885,3.54754609042401e-05,0.0631749154873824,0.0331387716044298
90,"s(lastRippleHPC_z):DOWN_no",0.0121624211714426,8.95223114689958e-05,0.0682201466819699,0.0204062640340912
91,"s(lastRippleHPC_z):DOWN_no",7.28752969321178e-05,9.387526030489e-07,0.00806319903093828,0.00237699189968871
92,"s(lastRippleHPC_z):DOWN_no",0.030841198085092,0.000229270502027731,0.162485810719692,0.0458541270112106
93,"s(lastRippleHPC_z):DOWN_no",0.0281670925442867,0.000204223852045796,0.135387881888581,0.10019900273137
94,"s(lastRippleHPC_z):DOWN_no",0.0509123385106527,0.000398894344877986,0.138552160699733,0.0948691424006556
95,"s(lastRippleHPC_z):DOWN_no",0.0214106829432792,0.000142674050213328,0.100931818602673,0.0570908667741058
96,"s(lastRippleHPC_z):DOWN_no",0.0420606203958798,0.000329085674922152,0.152494114917125,0.0507717402421092
97,"s(lastRippleHPC_z):DOWN_no",0.022531810357731,0.000173825294166616,0.0960166495272071,0.0304562567346195
98,"s(lastRippleHPC_z):DOWN_no",0.00511382120697768,2.59944514603375e-05,0.044300791495984,0.0229396784342145
99,"s(lastRippleHPC_z):DOWN_no",0.0132694379202434,0.000142130783071052,0.102604901142886,0.0302174942265575
100,"s(lastRippleHPC_z):DOWN_no",0.0205786042152099,0.000143494357937744,0.101729792771725,0.0445895307587006
101,"s(lastRippleHPC_z):DOWN_no",0.0383271168909767,0.00028197568756533,0.127423908469798,0.0905461512735156
102,"s(lastRippleHPC_z):DOWN_no",0.00660804373075052,8.01505829765801e-06,0.0439367825318211,0.0248250114492846
103,"s(lastRippleHPC_z):DOWN_no",0.0297803199333186,0.000207152584616361,0.129625069545364,0.100707433153867
104,"s(lastRippleHPC_z):DOWN_no",0.0337777355502862,0.000254778112837386,0.121145784505294,0.0319425860052845
105,"s(lastRippleHPC_z):DOWN_no",0.0274202271947885,0.000286869702286203,0.146992114368265,0.0432928781260251
106,"s(lastRippleHPC_z):DOWN_no",0.0154001138368152,0.000154488419979822,0.105910808957919,0.0311983205582639
107,"s(lastRippleHPC_z):DOWN_no",0.0108301916021691,3.96280077696659e-05,0.0586488423220181,0.0531933538584548
108,"s(lastRippleHPC_z):DOWN_no",1.87348557822986e-05,7.20877741844814e-08,0.00229628221685574,0.000676778611969278
109,"s(lastRippleHPC_z):DOWN_no",0.0131693898491267,0.000143736985645123,0.101652943843696,0.0320272524124783
110,"s(lastRippleHPC_z):DOWN_no",0.00417217989343044,3.21152054778757e-06,0.0291644063790208,0.012625259489356
111,"s(lastRippleHPC_z):DOWN_no",0.00844552888067351,9.04454824856565e-05,0.0814024331447598,0.0239741400511608
112,"s(lastRippleHPC_z):DOWN_no",0.00278732788866165,3.16645427306749e-05,0.0458896117155533,0.0203774628710697
113,"s(lastRippleHPC_z):DOWN_no",0.0435813363221902,0.000346525490706362,0.142891313404624,0.0491438085777653
114,"s(lastRippleHPC_z):DOWN_no",0.0149614811178092,9.77197224892419e-05,0.0893876544051824,0.0522538225874163
115,"s(lastRippleHPC_z):DOWN_no",0.0219631801048124,0.000141188928290833,0.114536535003438,0.0349969245240701
116,"s(lastRippleHPC_z):DOWN_no",0.00466168453474758,4.8384566259996e-05,0.058450264701401,0.0189539967862425
117,"s(lastRippleHPC_z):DOWN_no",0.0194339155756591,0.000122529825146047,0.112082412707074,0.0503643815695923
118,"s(lastRippleHPC_z):DOWN_no",0.0520569997730682,0.000411394959535206,0.246513279453365,0.0666505252964129
119,"s(lastRippleHPC_z):DOWN_no",0.0288929089787926,0.000207958787689574,0.141451978148058,0.0403917607017888
120,"s(lastRippleHPC_z):DOWN_no",0.0159591466007498,0.000138122275679641,0.0946207550114352,0.0273117485341845
121,"s(lastRippleHPC_z):DOWN_no",0.0199284955108174,7.53889569583814e-05,0.124021705408886,0.0324427169444605
122,"s(lastRippleHPC_z):DOWN_no",0.0046992562589967,5.08174867232828e-05,0.0584492294092317,0.0261209175724949
123,"s(lastRippleHPC_z):DOWN_no",0.014689798762503,6.6786184246397e-05,0.0774564610690287,0.0628480761936012
124,"s(lastRippleHPC_z):DOWN_no",0.0871971137893475,0.000792734276108742,0.339679942614846,0.302783443946102
125,"s(lastRippleHPC_z):DOWN_no",0.0309976900638649,0.000182147408344839,0.126279545062175,0.0969839818991267
126,"s(lastRippleHPC_z):DOWN_no",0.0388902707247638,0.00020578475799007,0.15497794608597,0.142599226951198
127,"s(lastRippleHPC_z):DOWN_no",0.0122240028282921,0.000127831980190153,0.0985681636119917,0.0306728992295032
128,"s(lastRippleHPC_z):DOWN_no",0.0118490545244256,5.27865783436218e-05,0.0762804490762416,0.0484313598646355
129,"s(lastRippleHPC_z):DOWN_no",0.0301108552177123,0.000226247304261445,0.158580429989213,0.042999578669895
130,"s(lastRippleHPC_z):DOWN_no",0.0348688036961962,0.000267224563819422,0.0940032577713293,0.0648871305531203
131,"s(lastRippleHPC_z):DOWN_no",0.00759464071017035,8.70861755584767e-05,0.074979894944019,0.0371633412302352
132,"s(lastRippleHPC_z):DOWN_no",0.0238252009957352,0.000127829110369331,0.12658611377573,0.0418367987553376
133,"s(lastRippleHPC_z):DOWN_no",0.00164120506914411,1.88924315504225e-06,0.0190318263360606,0.00827085935722334
134,"s(lastRippleHPC_z):DOWN_no",2.34653108659444e-05,1.98616512884111e-07,0.00379118682473157,0.00111615114742503
135,"s(lastRippleHPC_z):DOWN_no",0.0130179978223408,7.09149860828679e-05,0.059175877396683,0.0201569988268806
136,"s(lastRippleHPC_z):DOWN_no",0.0125024434034433,0.000194370789041085,0.085269441206885,0.151556608538162
137,"s(lastRippleHPC_z):DOWN_no",0.000443491297949627,5.4580736059425e-06,0.0197356164191355,0.0086348673679027
138,"s(lastRippleHPC_z):DOWN_no",0.00188872230209292,2.10247514727722e-05,0.0385161836438235,0.0113433165168467
139,"s(lastRippleHPC_z):DOWN_no",0.00276384191247736,2.85680996091229e-05,0.0461167748367035,0.0135821962475783
140,"s(lastRippleHPC_z):DOWN_no",0.000300526377434274,1.11681701910156e-05,0.0143550261591387,0.0298334257650235
141,"s(lastRippleHPC_z):DOWN_no",0.0209047282389632,0.000168344349016122,0.110120785911197,0.0347019382534935
142,"s(lastRippleHPC_z):DOWN_no",0.0161625100374492,0.000113236460680598,0.0860353884315766,0.0265567077177291
143,"s(lastRippleHPC_z):DOWN_no",0.0238907759570566,0.000157521022583686,0.119971299618891,0.0346071290276861
144,"s(lastRippleHPC_z):DOWN_no",0.000552096016462222,5.16427383918172e-06,0.0193831651538788,0.00570730488543049
145,"s(lastRippleHPC_z):DOWN_no",0.000165368112222453,1.5091608745006e-06,0.0104809572825326,0.00308580521017119
146,"s(lastRippleHPC_z):DOWN_no",0.0186606922152359,0.000102886956906935,0.110406585974893,0.035266867616197
147,"s(lastRippleHPC_z):DOWN_no",0.0113617183356807,0.000119830973103867,0.093928158033768,0.0276662130434511
148,"s(lastRippleHPC_z):DOWN_no",0.00510127590103959,5.36396493656095e-05,0.0615926690359184,0.0181399763094339
149,"s(lastRippleHPC_z):DOWN_no",0.0129999909940484,0.000133629274833721,0.0996566349986454,0.029351909863296
150,"s(lastRippleHPC_z):DOWN_no",0.0322879427865344,0.00023708519516184,0.134759406489333,0.0406834162002175
151,"s(lastRippleHPC_z):DOWN_no",0.0219095798453743,2.5197588833636e-05,0.186372647579361,0.0581140845157789
152,"s(lastRippleHPC_z):DOWN_no",0.0146778861643329,0.000171305653800378,0.106004708522459,0.0490217760281768
153,"s(lastRippleHPC_z):DOWN_no",0.00640259552001776,6.64490292851714e-05,0.0690248911484869,0.0203251565824595
154,"s(lastRippleHPC_z):DOWN_no",0.00635040595571645,6.95106872671509e-05,0.0703785911358308,0.0207266748042755
155,"s(lastRippleHPC_z):DOWN_no",0.0165730101982708,6.10506149284571e-05,0.064075679650899,0.0276889202270297
156,"s(lastRippleHPC_z):DOWN_no",0.000174637088480978,6.23377616500225e-06,0.0125356317673893,0.0187257181285328
157,"s(lastRippleHPC_z):DOWN_no",0.00877728524268573,6.61776569565749e-05,0.0527326140687135,0.0238755911364584
158,"s(lastRippleHPC_z):DOWN_no",0.00480570175440498,9.59056484734379e-06,0.0438122859269553,0.0190554874500886
159,"s(lastRippleHPC_z):DOWN_no",0.0103957773378367,6.57027827239111e-05,0.0776563439507669,0.0462682019856476
160,"s(lastRippleHPC_z):DOWN_no",0.00813028007725247,3.49232732477589e-05,0.0377956435981723,0.0124774908014776
161,"s(lastRippleHPC_z):DOWN_no",0.0160444611608606,0.00011262012395621,0.0828642864792457,0.0283919566298939
162,"s(lastRippleHPC_z):DOWN_no",0.0274627916175332,0.000134254962477945,0.13981691075236,0.0907914591403701
163,"s(lastRippleHPC_z):DOWN_no",0.0781339822445357,0.000683828391024084,0.256233551233303,0.318205762756374
164,"s(lastRippleHPC_z):DOWN_no",0.00149772149811689,1.44539903490496e-05,0.0325888191886566,0.00959864465409348
165,"s(lastRippleHPC_z):DOWN_no",0.0130088335953396,9.08000026609961e-05,0.0671319838759042,0.0205242602848251
166,"s(lastRippleHPC_z):DOWN_no",0.00563318102349442,6.68313149384386e-05,0.06544025745544,0.0470689969994983
167,"s(lastRippleHPC_z):DOWN_no",0.00871597542769376,2.06256295317913e-05,0.0507845411397359,0.0387388368929301
168,"s(lastRippleHPC_z):DOWN_no",0.00628781817174762,1.46365928986447e-05,0.0434855525867559,0.0214676590617645
169,"s(lastRippleHPC_z):DOWN_no",0.0367545184409002,0.000272127695947193,0.170949368561379,0.166851099762003
170,"s(lastRippleHPC_z):DOWN_no",0.0013374674015818,3.64801108907244e-05,0.0321448673826627,0.077688913921832
171,"s(lastRippleHPC_z):DOWN_no",0.000980055144943037,9.90666359311623e-06,0.0267457644065651,0.00788485269399466
172,"s(lastRippleHPC_z):DOWN_no",4.53120354038106e-06,7.44202691677826e-08,0.00237271445329115,0.000699026634781502
173,"s(lastRippleHPC_z):DOWN_no",0.00699035780956159,7.14847300339213e-05,0.0714191628198755,0.0210342421132705
174,"s(lastRippleHPC_z):DOWN_no",0.0285719583989028,0.000241036882690661,0.104594458006526,0.031429127726503
175,"s(lastRippleHPC_z):DOWN_no",0.0111747347857811,4.8535868099643e-05,0.0625342539255837,0.0238625108591065
176,"s(lastRippleHPC_z):DOWN_no",0.00448235412384435,4.60771588029986e-05,0.0579566103889923,0.0170693132890789
177,"s(lastRippleHPC_z):DOWN_no",0.00387624913868123,4.46833041293601e-05,0.0558478282339797,0.0167985711246868
178,"s(lastRippleHPC_z):DOWN_no",0.0348903128383151,0.000204044228413822,0.175994273849974,0.116622115184613
179,"s(lastRippleHPC_z):DOWN_no",0.0155774154986066,9.51463728396653e-05,0.0816753656937697,0.0407682193905372
180,"s(lastRippleHPC_z):DOWN_no",0.00848772008141196,5.8560291042085e-05,0.0448566742787996,0.0278843204612413
181,"s(lastRippleHPC_z):DOWN_no",0.00910297091296997,5.51637603959581e-05,0.0636919989568312,0.0187581288636711
182,"s(lastRippleHPC_z):DOWN_no",0.0507230927409381,0.000418082773471905,0.140950971890941,0.0510445396912301
183,"s(lastRippleHPC_z):DOWN_no",0.00681966817159108,3.98335762834024e-05,0.0463469862161121,0.0227993868021685
184,"s(lastRippleHPC_z):DOWN_no",0.00212274858326111,2.14623011058738e-05,0.0389829528303947,0.011480172626306
185,"s(lastRippleHPC_z):DOWN_no",0.0462216268107341,0.000379666230122177,0.145603996359184,0.0784080506460997
186,"s(lastRippleHPC_z):DOWN_no",0.00200008439099086,2.15947209587192e-05,0.0391183650750649,0.0115242625442784
187,"s(lastRippleHPC_z):DOWN_no",0.00603570841097589,6.17128933380861e-05,0.0667701459539491,0.0196655121043879
188,"s(lastRippleHPC_z):DOWN_no",0.03136677539272,0.000221108000819285,0.123047257428502,0.0392903498102281
189,"s(lastRippleHPC_z):DOWN_no",0.00508209822926364,3.79644237301803e-05,0.0306073234630697,0.0511365664524963
190,"s(lastRippleHPC_z):DOWN_no",0.00398966915773702,4.24041432272014e-05,0.0536396437821747,0.0197470093796312
191,"s(lastRippleHPC_z):DOWN_no",0.00158470220021467,1.65153198873017e-05,0.0339834802727352,0.0112654436225445
192,"s(lastRippleHPC_z):DOWN_no",0.00208647045796972,1.93932763055243e-05,0.0371903791898831,0.0109549434824674
193,"s(lastRippleHPC_z):DOWN_no",0.00143881807450619,1.39636547751923e-05,0.0317498319403903,0.00936483264875337
194,"s(lastRippleHPC_z):DOWN_no",0.042036396166699,0.000329768195606878,0.155417074289047,0.0491396606759008
195,"s(lastRippleHPC_z):DOWN_no",0.00325798990699333,3.36321689636471e-05,0.049643937606537,0.0146213015574104
196,"s(lastRippleHPC_z):DOWN_no",0.013963259989783,8.93809812424605e-05,0.0713768982989466,0.0221403426393532
197,"s(lastRippleHPC_z):DOWN_no",0.011274628937489,5.36851518690645e-05,0.0774301542370762,0.042357927378647
198,"s(lastRippleHPC_z):DOWN_no",0.00670303603632583,6.70282240458605e-05,0.0558312685250517,0.0265625162734332
199,"s(lastRippleHPC_z):DOWN_no",0.0257229382540025,0.000172583946448342,0.12366000710486,0.0554708406775275
200,"s(lastRippleHPC_z):DOWN_no",0.00036363049806809,5.34766424917805e-06,0.0168430820752334,0.0134753792447201
201,"s(lastRippleHPC_z):DOWN_no",0.0214993321303982,0.000135336305335068,0.0892223939961213,0.0675979534563542
202,"s(lastRippleHPC_z):DOWN_no",0.0203888044294667,5.75783002861492e-05,0.132822699393223,0.0542050219130096
203,"s(lastRippleHPC_z):DOWN_no",0.0521584205810059,0.0004185786034551,0.184860058729711,0.144336728879149
204,"s(lastRippleHPC_z):DOWN_no",0.00740361343957918,1.59511403982244e-05,0.0530805476871984,0.0285631005591078
205,"s(lastRippleHPC_z):DOWN_no",0.0180814786153283,8.67552194918666e-05,0.103433377754615,0.0487784127685626
206,"s(lastRippleHPC_z):DOWN_no",0.054179341501623,0.000435304934884517,0.215801857393244,0.0564844477043479
207,"s(lastRippleHPC_z):DOWN_no",1.68967204121628e-05,1.1128615407152e-07,0.00285832517994524,0.000842134899906211
208,"s(lastRippleHPC_z):DOWN_no",0.0254947030682882,0.000177215038089623,0.124314784030898,0.0401361109337668
209,"s(lastRippleHPC_z):DOWN_no",0.0197987206165067,0.000105857199250491,0.0650239047065553,0.0204841986702313
210,"s(lastRippleHPC_z):DOWN_no",0.00572588965625087,6.23509661314319e-05,0.0671034970303738,0.019764386461054
211,"s(lastRippleHPC_z):DOWN_no",0.00155748579430259,1.72414208181414e-05,0.0358465205219819,0.0105591858347666
212,"s(lastRippleHPC_z):DOWN_no",0.00792130200678631,8.10727770879714e-05,0.0757647850100103,0.02231416163334
213,"s(lastRippleHPC_z):DOWN_no",0.00176418874197903,2.00149042084687e-05,0.0385740522293647,0.0113610150849011
214,"s(lastRippleHPC_z):DOWN_no",0.0143360418021041,6.2990316838823e-05,0.0931161506001068,0.0575421024022425
215,"s(lastRippleHPC_z):DOWN_no",0.0427519459994219,0.000137952897712819,0.257219456107122,0.0919062444518949
216,"s(lastRippleHPC_z):DOWN_no",0.00870083281146172,4.61708728073228e-05,0.0549126267780093,0.0227902181755459
217,"s(lastRippleHPC_z):DOWN_no",0.0247268770688223,0.000173995450958434,0.131202433442231,0.04024760763667
218,"s(lastRippleHPC_z):DOWN_no",0.0157077122300207,7.0099551163978e-05,0.065628203425241,0.0274318740120198
219,"s(lastRippleHPC_z):DOWN_no",0.00793477361105666,4.5560756660505e-05,0.0443258321901947,0.0130600996420558
220,"s(lastRippleHPC_z):DOWN_no",0.00696103853540109,7.28319173465738e-05,0.0721266128680391,0.0220025711680291
221,"s(lastRippleHPC_z):DOWN_no",0.0378277110961562,0.000305813999343617,0.141650852173102,0.0443116322817912
222,"s(lastRippleHPC_z):DOWN_no",0.00163826123818378,1.79773287353496e-05,0.0351073449449685,0.0152147643831937
223,"s(lastRippleHPC_z):DOWN_no",0.00869781118197555,5.11119716099554e-05,0.0616120776855637,0.023940172878823
224,"s(lastRippleHPC_z):DOWN_no",0.0541396093633955,0.000438464168669162,0.304118155868956,0.0938741454621475
225,"s(lastRippleHPC_z):DOWN_no",0.0178253356826152,0.00018368748442965,0.114887961553997,0.0353536687361342
226,"s(lastRippleHPC_z):DOWN_no",0.000560875537088279,6.82937253570626e-06,0.021813210114002,0.00642485822951079
227,"s(lastRippleHPC_z):DOWN_no",0.0134870291211611,8.4452463649424e-05,0.0884205833016735,0.0445984183450012
228,"s(lastRippleHPC_z):DOWN_no",0.0110619876123375,3.57104805464688e-05,0.0703229772858585,0.0543301983223777
229,"s(lastRippleHPC_z):DOWN_no",0.0195947089656583,0.000205718387679224,0.120176906232254,0.0353848057715341
230,"s(lastRippleHPC_z):DOWN_no",0.0208348015116391,9.75823457975565e-05,0.0985880340898399,0.059346060038626
231,"s(lastRippleHPC_z):DOWN_no",0.00108153806539502,1.05712703946841e-05,0.0273657463579813,0.00806266400445197
232,"s(lastRippleHPC_z):DOWN_no",0.0461280268420721,0.000287480764844658,0.22955826583211,0.169882748935475
233,"s(lastRippleHPC_z):DOWN_no",0.0183478677193323,0.000108629080123015,0.0685999988399917,0.0344940749935455
234,"s(lastRippleHPC_z):DOWN_no",0.0634508136157752,0.000539757213768894,0.206334525293128,0.0670982811739828
235,"s(lastRippleHPC_z):DOWN_no",0.000111735967271542,1.69197458323062e-06,0.0111059090997107,0.00327137452891957
236,"s(lastRippleHPC_z):DOWN_no",0.0517534462395997,0.000449690908463498,0.15331464672246,0.0477645888204481
237,"s(lastRippleHPC_z):DOWN_no",0.000461188517903999,4.51163730727848e-06,0.017991764463176,0.00529901223293671
238,"s(lastRippleHPC_z):DOWN_no",0.000584558265456003,4.78908583665078e-06,0.0184274634838773,0.00547424773056401
239,"s(lastRippleHPC_z):DOWN_no",0.0172292855893845,6.19573258166241e-05,0.0920433168390322,0.0528535861981798
240,"s(lastRippleHPC_z):DOWN_no",0.0106831213558003,0.00011140501982843,0.0901666032332791,0.0265591328246824
241,"s(lastRippleHPC_z):DOWN_no",0.000125459182548582,1.53614496486063e-06,0.0106719919556464,0.00314309630865052
242,"s(lastRippleHPC_z):DOWN_no",0.00934623791359268,9.91471052287105e-05,0.0827016958193691,0.0296004110451798
243,"s(lastRippleHPC_z):DOWN_no",0.00416514362006648,4.28386687394458e-05,0.0559297963779148,0.0164713834253104
244,"s(lastRippleHPC_z):DOWN_no",0.0190394175823547,0.000154329107015712,0.0858083708607691,0.0268276337412127
245,"s(lastRippleHPC_z):DOWN_no",0.0183715380626426,0.000197118892055202,0.120767576593972,0.0355660591469203
246,"s(lastRippleHPC_z):DOWN_no",0.0192828285459257,0.00013430499243942,0.100947900853018,0.0313598828209154
247,"s(lastRippleHPC_z):DOWN_no",0.0134246996451104,7.75819262176568e-05,0.0811467316819437,0.0240068706654701
248,"s(lastRippleHPC_z):DOWN_no",0.0165452937390036,0.00022037010172748,0.0838847062003607,0.164991025263657
249,"s(lastRippleHPC_z):DOWN_no",0.00827825817295835,2.0985426986728e-05,0.0317375758971289,0.0193821904579357
250,"s(lastRippleHPC_z):DOWN_no",0.0272021102835183,0.000219389549465916,0.131073707668274,0.0582180810878266
251,"s(lastRippleHPC_z):DOWN_no",0.0157607518971794,5.31265996388837e-05,0.0806975615186843,0.0584575926425242
252,"s(lastRippleHPC_z):DOWN_no",0.0316536553690367,0.00022085258288078,0.105615555862313,0.0427533445937759
253,"s(lastRippleHPC_z):DOWN_no",0.0168698897697812,0.00012817579235129,0.0889540448939669,0.0260727025048176
254,"s(lastRippleHPC_z):DOWN_no",0.00252361768922782,9.22562612082755e-06,0.0339126400752616,0.0113077613202014
255,"s(lastRippleHPC_z):DOWN_no",0.0165605877971169,4.52556373115376e-05,0.0986696510432716,0.0609079348952906
256,"s(lastRippleHPC_z):DOWN_no",0.00149702171732713,1.11085657080121e-06,0.0223150065715167,0.00779980476418027
257,"s(lastRippleHPC_z):DOWN_no",0.0174505873849125,0.000123747977294661,0.112728845320699,0.0412942074182167
258,"s(lastRippleHPC_z):DOWN_no",0.000924707450657536,9.83463812336966e-06,0.0271543942351447,0.00800209647446796
259,"s(lastRippleHPC_z):DOWN_no",0.0144829002086517,5.21797954098006e-05,0.0595760117338435,0.0291055067266833
260,"s(lastRippleHPC_z):DOWN_no",0.032536694726149,0.000133074332137763,0.114520062941731,0.0688320152590748
261,"s(lastRippleHPC_z):DOWN_no",0.0148182866895619,7.90521437362e-05,0.0761271446707057,0.0304562083101273
262,"s(lastRippleHPC_z):DOWN_no",0.0466379899991534,0.000352174406810093,0.210168764341449,0.130575024197699
263,"s(lastRippleHPC_z):DOWN_no",0.0213174790147734,0.000117480753959221,0.132052226823383,0.107808941254722
264,"s(lastRippleHPC_z):DOWN_no",0.028369012826416,0.000112077814407112,0.131692133805463,0.0782003336573276
265,"s(lastRippleHPC_z):DOWN_no",0.0427105712433784,0.000341498775225659,0.165452882814095,0.0494002784859257
266,"s(lastRippleHPC_z):DOWN_no",2.62730805475897e-05,1.61675427348989e-07,0.00345788404497632,0.00101871058073401
267,"s(lastRippleHPC_z):DOWN_no",0.000745650725189506,8.35326755927953e-06,0.0247610527399118,0.00730040085445077
268,"s(lastRippleHPC_z):DOWN_no",0.0249581489704456,0.000146461905349552,0.151812612980749,0.0426902687342429
269,"s(lastRippleHPC_z):DOWN_no",0.00783210637625231,8.73078086187686e-05,0.0783439847841107,0.0296741826578649
270,"s(lastRippleHPC_z):DOWN_no",0.025595217264156,0.000269011080004946,0.140821832080252,0.0414747581707
271,"s(lastRippleHPC_z):DOWN_no",0.00319696255440061,1.0147675700082e-05,0.0406261342881919,0.0128532569789578
272,"s(lastRippleHPC_z):DOWN_no",0.0054176932279919,5.55090844014564e-05,0.0631865959849973,0.0186098413395232
273,"s(lastRippleHPC_z):DOWN_no",0.0264346840200131,0.000271625589881076,0.136876520767048,0.202018968457171
274,"s(lastRippleHPC_z):DOWN_no",0.0641072574532533,0.000528328686412816,0.223646286531734,0.0706363107398102
275,"s(lastRippleHPC_z):DOWN_no",0.00940847041438619,2.05356135678964e-05,0.0770227046930338,0.0236620983704899
276,"s(lastRippleHPC_z):DOWN_no",0.0482272886089223,0.000518381005287246,0.193610195300729,0.314606774016327
277,"s(lastRippleHPC_z):DOWN_no",0.00169013420450437,2.11632733425711e-05,0.0394675306193814,0.0116313416762184
278,"s(lastRippleHPC_z):DOWN_no",0.0331417743311286,0.000216650669650687,0.178332244261559,0.0494365518586755
279,"s(lastRippleHPC_z):DOWN_no",0.0526012093477766,0.000393226450030105,0.144848800084031,0.0903531711133539
280,"s(lastRippleHPC_z):DOWN_no",0.0312549095640025,0.000250968162072251,0.128184299314294,0.0883885869171338
281,"s(lastRippleHPC_z):DOWN_no",0.00140355292410899,9.21116873792421e-07,0.0238633853476079,0.00760743869682229
282,"s(lastRippleHPC_z):DOWN_no",0.0308312508351563,0.00025429426136603,0.124828091335955,0.0574306831268055
283,"s(lastRippleHPC_z):DOWN_no",0.00777653575543624,2.05382457805661e-05,0.0523957866361305,0.0395851055305292
284,"s(lastRippleHPC_z):DOWN_no",0.0273360356070329,0.000178744791029022,0.150543239354408,0.0403862684525318
285,"s(lastRippleHPC_z):DOWN_no",0.0548451120698283,0.000395120188458608,0.217208876403846,0.168485888951486
286,"s(lastRippleHPC_z):DOWN_no",0.000675803794909946,7.84082877481904e-06,0.023988722352606,0.00706448454047134
287,"s(lastRippleHPC_z):DOWN_no",0.021693614979049,0.00015584212054221,0.131032099086425,0.0653729066450129
288,"s(lastRippleHPC_z):DOWN_no",0.00719143391901333,8.82888684304684e-06,0.0437193843672604,0.0277683870384151
289,"s(lastRippleHPC_z):DOWN_no",0.0156360984868256,8.5952872150345e-05,0.0989373399203613,0.0452946126026602
290,"s(lastRippleHPC_z):DOWN_no",0.00198221806407606,1.42681329748992e-06,0.0306775776677819,0.00929422918065202
291,"s(lastRippleHPC_z):DOWN_no",0.00290366834861988,3.10663607618167e-05,0.0474646804243458,0.0139736009619442
292,"s(lastRippleHPC_z):DOWN_no",0.00273747301235261,1.2957669590477e-05,0.027131402348635,0.0216533335685975
293,"s(lastRippleHPC_z):DOWN_no",0.014789256288414,9.32350936051345e-05,0.0866433355977232,0.0420615482244128
294,"s(lastRippleHPC_z):DOWN_no",0.0152920036933581,4.07337638236425e-05,0.0923587657757935,0.0472421384898391
295,"s(lastRippleHPC_z):DOWN_no",0.00540213799605205,8.05830929609755e-06,0.0307446820318952,0.0250491396372802
296,"s(lastRippleHPC_z):DOWN_no",0.000325461028352514,9.43107145968181e-06,0.0155737908952073,0.0240914614320975
297,"s(lastRippleHPC_z):DOWN_no",0.00650849255843866,2.44558834142076e-05,0.0474196195412118,0.018231887929993
298,"s(lastRippleHPC_z):DOWN_no",0.00793312122833445,5.0665525126229e-05,0.045662708661036,0.0186209543399148
299,"s(lastRippleHPC_z):DOWN_no",0.0260282769237854,8.01900038194626e-05,0.110110095069134,0.0501592005871008
300,"s(lastRippleHPC_z):DOWN_no",0.00273077728564619,2.97381153178531e-05,0.0468149338347753,0.0137873989508287
301,"s(lastRippleHPC_z):DOWN_no",2.43631261831467e-06,1.23741822857995e-08,0.000976189170735926,0.000287304322610805
302,"s(lastRippleHPC_z):DOWN_no",0.0308028510214164,0.000237496284906586,0.246820545701845,0.0570186115373427
303,"s(lastRippleHPC_z):DOWN_no",0.0430377321201947,0.000335489540815202,0.151743784085966,0.116734227896296
304,"s(lastRippleHPC_z):DOWN_no",0.00712193788126658,7.73352513941616e-05,0.0764962438523561,0.0225349710336633
305,"s(lastRippleHPC_z):DOWN_no",0.0669170376934591,0.000581828399491632,0.162080326871713,0.109157588511239
306,"s(lastRippleHPC_z):DOWN_no",0.00132466571044532,1.21184139979522e-05,0.0290336829434203,0.00855010106352687
307,"s(lastRippleHPC_z):DOWN_no",0.0394044172500472,0.000301942894728729,0.122861308001755,0.0413466677267092
308,"s(lastRippleHPC_z):DOWN_no",0.0087405703946688,7.3235345189507e-05,0.0470024675412788,0.10113509627081
309,"s(lastRippleHPC_z):DOWN_no",0.00904185005068481,5.67622910765886e-05,0.0692207983342489,0.0250078501002447
310,"s(lastRippleHPC_z):DOWN_no",0.0205890723980078,0.000126605434521361,0.0887707747714976,0.0534361732313271
311,"s(lastRippleHPC_z):DOWN_no",0.012015562109446,0.000155380856156549,0.0921185619866908,0.0924175719102061
312,"s(lastRippleHPC_z):DOWN_no",0.0135604288493569,2.55622832854191e-05,0.0834792590546441,0.0453372532210611
313,"s(lastRippleHPC_z):DOWN_no",0.00175035559997916,1.78756163350325e-05,0.0362981557236809,0.0106878724641713
314,"s(lastRippleHPC_z):DOWN_no",0.0338203740197498,0.000259086100719891,0.148449238082983,0.0563228194342327
315,"s(lastRippleHPC_z):DOWN_no",0.0917740763237411,0.000796408632017376,0.281427267159156,0.093730957605008
316,"s(lastRippleHPC_z):DOWN_no",0.0026377250756946,3.00685200675226e-05,0.043902532670154,0.020566738716442
317,"s(lastRippleHPC_z):DOWN_no",0.00310617856669015,2.61807506456326e-07,0.0134262227825669,0.00686959577856737
318,"s(lastRippleHPC_z):DOWN_no",0.0115463930684543,0.000124338238172543,0.093937982181774,0.0285960957299192
319,"s(lastRippleHPC_z):DOWN_no",0.0029868729585667,3.02119146270037e-05,0.0465998674858434,0.0139979550723904
320,"s(lastRippleHPC_z):DOWN_no",0.00257640416742699,2.96659140958538e-05,0.0455777443298779,0.0134225301837286
321,"s(lastRippleHPC_z):DOWN_no",0.0175123530856576,0.00012786787522129,0.0883415774879201,0.046935740638607
322,"s(lastRippleHPC_z):DOWN_no",0.0286601271945237,0.000201334423569196,0.129398855698127,0.0364340584370013
323,"s(lastRippleHPC_z):DOWN_no",0.0650092265978239,0.000559814924562405,0.181462950237468,0.17633286852786
324,"s(lastRippleHPC_z):DOWN_no",0.0723791212814628,0.00060598342520797,0.326830098229466,0.36922486494062
325,"s(lastRippleHPC_z):DOWN_no",0.005654511930822,6.32357808412282e-05,0.0674748397837382,0.0198719145663256
326,"s(lastRippleHPC_z):DOWN_no",0.00897470416218571,2.45064140158718e-05,0.0446211219536077,0.0363132601183357
327,"s(lastRippleHPC_z):DOWN_no",0.0117587922738043,5.68764930925112e-05,0.0684771887053511,0.037021616583884
328,"s(lastRippleHPC_z):DOWN_no",0.0136055856933952,0.000116323914170363,0.0709050004020152,0.0408789059619328
329,"s(lastRippleHPC_z):DOWN_no",0.00531899201639874,8.2422796518627e-05,0.0674405312911792,0.0722340410868199
330,"s(lastRippleHPC_z):DOWN_no",0.0255710537511611,0.000266511322961982,0.135978152669178,0.0400461912506882
331,"s(lastRippleHPC_z):DOWN_no",0.0270896108647118,0.000135169401508907,0.174371264832964,0.0713832123338559
332,"s(lastRippleHPC_z):DOWN_no",0.0170513692356469,0.000157651794426547,0.0930641351833614,0.0377436084923388
333,"s(lastRippleHPC_z):DOWN_no",0.0179576478393031,0.000205312714851689,0.119939358865187,0.0596893148624982
334,"s(lastRippleHPC_z):DOWN_no",0.053063071234881,0.000462273291128113,0.202838307152934,0.102871787142097
335,"s(lastRippleHPC_z):DOWN_no",0.00535258983096742,1.91076222495947e-05,0.0399355025611296,0.0128777334551572
336,"s(lastRippleHPC_z):DOWN_no",0.00958174526930122,0.000518085596626958,0.084703550380368,0.482024273257682
337,"s(lastRippleHPC_z):DOWN_no",0.0477342652395478,0.000419246878551655,0.273506362284463,0.0693326718721912
338,"s(lastRippleHPC_z):DOWN_no",0.0146002568413222,0.000122777638539527,0.085857437276716,0.0724397658860142
339,"s(lastRippleHPC_z):DOWN_no",0.000188707646538333,2.28132401902737e-06,0.0127168765536752,0.0037452044646679
340,"s(lastRippleHPC_z):DOWN_no",0.0379247620368686,0.000266185087454235,0.144461536237958,0.0836288391542197
341,"s(lastRippleHPC_z):DOWN_no",0.0250403756589126,0.000205890836248807,0.109948520633374,0.0368953602949517
342,"s(lastRippleHPC_z):DOWN_no",0.0238537885849688,0.000168387065262282,0.105052112721451,0.0609746911081418
343,"s(lastRippleHPC_z):DOWN_no",0.0212026163711014,0.000225460001517492,0.129383344349259,0.0381131469125474
344,"s(lastRippleHPC_z):DOWN_no",0.0201861956678933,0.000210119228154395,0.122640629672618,0.0361192273539886
345,"s(lastRippleHPC_z):DOWN_no",0.0208375846177624,9.88651894138985e-05,0.0970972888799478,0.0897956084949722
346,"s(lastRippleHPC_z):DOWN_no",7.77869688928234e-05,6.01359070613778e-06,0.00868564559057518,0.0199440773039046
347,"s(lastRippleHPC_z):DOWN_no",0.00523629336855969,5.22622233606291e-05,0.0615825508241575,0.0181444910026205
348,"s(lastRippleHPC_z):DOWN_no",0.0196211792578236,7.77936812865122e-05,0.0990624673800957,0.0474059998109611
349,"s(lastRippleHPC_z):DOWN_no",0.0171346680622255,0.000107898372295625,0.0905253990936734,0.0265429254550549
350,"s(lastRippleHPC_z):DOWN_no",0.02971894446069,0.000161654376415611,0.136918305311008,0.102835539852474
351,"s(lastRippleHPC_z):DOWN_no",0.0255477062566642,0.000196373328616653,0.125673527616977,0.0515102165748382
352,"s(lastRippleHPC_z):DOWN_no",0.00219544771591718,2.18719916639596e-05,0.039700094869607,0.0118071571461028
353,"s(lastRippleHPC_z):DOWN_no",0.000321927634117536,3.42480198407042e-06,0.015275272661301,0.00639255845226595
354,"s(lastRippleHPC_z):DOWN_no",0.0163870826206116,0.000110577165592477,0.080008156846931,0.0313552174035456
355,"s(lastRippleHPC_z):DOWN_no",0.0330696593260527,0.000281091986271007,0.155241582445687,0.0568210519246574
356,"s(lastRippleHPC_z):DOWN_no",0.0156336783626063,9.70701148680894e-05,0.102018393515144,0.0259690516248546
357,"s(lastRippleHPC_z):DOWN_no",0.0161813368726813,0.000109914832052285,0.0850677313055833,0.0264448406537398
358,"s(lastRippleHPC_z):DOWN_no",0.00216933358095783,2.10833403277505e-05,0.0384387379536696,0.0122409777213447
359,"s(lastRippleHPC_z):DOWN_no",0.000397015366488063,4.47358131126862e-06,0.0181457060550279,0.00534493274915719
360,"s(lastRippleHPC_z):DOWN_no",0.0054486371868645,5.81872633820512e-05,0.0641451859479336,0.0190468045515814
361,"s(lastRippleHPC_z):DOWN_no",0.0221443004904414,0.000163523259130772,0.107974737837957,0.0390098316565168
362,"s(lastRippleHPC_z):DOWN_no",0.0528208038875135,0.000349656014039741,0.200013908275175,0.111310071179246
363,"s(lastRippleHPC_z):DOWN_no",0.0411054534917223,0.000145681080140494,0.266064349090194,0.0643607993450116
364,"s(lastRippleHPC_z):DOWN_no",0.000116371994315578,1.3774136666426e-06,0.00976588558278756,0.00287539769709217
365,"s(lastRippleHPC_z):DOWN_no",0.000321524268824369,1.10825827582689e-05,0.014850830492918,0.0412796026556091
366,"s(lastRippleHPC_z):DOWN_no",0.00846085690413734,5.63423158535514e-05,0.0450109221713313,0.0217114284060809
367,"s(lastRippleHPC_z):DOWN_no",0.000991137081099325,9.16952800308362e-06,0.0260589404016077,0.00767435309286039
368,"s(lastRippleHPC_z):DOWN_no",0.00717851588542295,8.64114201276112e-06,0.0326703048597341,0.025423050160716
369,"s(lastRippleHPC_z):DOWN_no",0.00467812748857277,4.79415114030991e-05,0.0591359509274045,0.0174205543108994
370,"s(lastRippleHPC_z):DOWN_no",0.0585959122889301,0.000457045675125771,0.138917044929305,0.0544331104744531
371,"s(lastRippleHPC_z):DOWN_no",0.00614399599733773,3.03932978406049e-05,0.0474355715225172,0.0231228635856421
372,"s(lastRippleHPC_z):DOWN_no",0.0152827925276631,0.000108757038621387,0.083722392437028,0.0231298918890586
373,"s(lastRippleHPC_z):DOWN_no",0.000764748950039085,1.12154824057986e-05,0.0238372376073896,0.0186108580672098
374,"s(lastRippleHPC_z):DOWN_no",0.00978897545737389,8.50348856775063e-05,0.0451480946088915,0.106482003134514
375,"s(lastRippleHPC_z):DOWN_no",0.000553667605380781,6.26679986351421e-06,0.0212424193153692,0.00625721676540398
376,"s(lastRippleHPC_z):DOWN_no",0.0383808087166591,0.000307406839206188,0.151741488110039,0.0648675038532171
377,"s(lastRippleHPC_z):DOWN_no",0.0168051129726763,0.000111456939539697,0.0919831649539971,0.0421309980446461
378,"s(lastRippleHPC_z):DOWN_no",0.00431792860494262,0.000150677933717248,0.064528166597995,0.169351488629383
379,"s(lastRippleHPC_z):DOWN_no",0.0298348086700893,0.000208425580488821,0.132466075734144,0.0488031338628812
380,"s(lastRippleHPC_z):DOWN_no",0.0120217261072044,6.41003797826351e-05,0.0722576639699867,0.0336448945192395
381,"s(lastRippleHPC_z):DOWN_no",0.0378583817985474,0.000282096946368982,0.132353323307847,0.0773831317829993
382,"s(lastRippleHPC_z):DOWN_no",0.017454128061507,0.000106570201113817,0.0840619448419309,0.0342414116237166
383,"s(lastRippleHPC_z):DOWN_no",0.00354861358985037,1.14059936301691e-05,0.0423022364993259,0.0134076167674768
384,"s(lastRippleHPC_z):DOWN_no",-9.45366842586282e-07,1.97300485626602e-08,0.00122413388236008,0.0003598116242094
385,"s(lastRippleHPC_z):DOWN_no",0.0103072401284114,4.76876141455462e-05,0.0725950367213789,0.0194732853802075
386,"s(lastRippleHPC_z):DOWN_no",0.00518194033791186,8.78504499730608e-06,0.0289283750672147,0.0244246559566238
387,"s(lastRippleHPC_z):DOWN_no",0.00940938027284588,1.84407961399251e-05,0.0464601431665883,0.0217079218311458
388,"s(lastRippleHPC_z):DOWN_no",0.0223988611741159,7.28475881208133e-05,0.100177673791611,0.0715877358244248
389,"s(lastRippleHPC_z):DOWN_no",0.00721723742436264,3.46954504837386e-05,0.0583983652506898,0.0207916565121244
390,"s(lastRippleHPC_z):DOWN_no",0.00677446279929228,7.76187520111215e-06,0.0479214604194335,0.024767661245049
391,"s(lastRippleHPC_z):DOWN_no",0.014446693357657,0.000102241518827212,0.0766329559033448,0.0392121694533604
392,"s(lastRippleHPC_z):DOWN_no",0.0106410228371141,4.05746965129548e-05,0.0537838192621569,0.0327036778361414
393,"s(lastRippleHPC_z):DOWN_no",0.0296085836135518,0.0001902174455784,0.134876815157752,0.110604934473686
394,"s(lastRippleHPC_z):DOWN_no",0.00140336267772057,3.84443795280483e-06,0.00886989031892811,0.00787049113393672
395,"s(lastRippleHPC_z):DOWN_no",0.0243257475879748,0.000135284921947811,0.128635051161403,0.0370523162367783
396,"s(lastRippleHPC_z):DOWN_no",0.0605568954935585,0.00023572357559114,0.276244445420441,0.11695645124936
397,"s(lastRippleHPC_z):DOWN_no",0.0152666344840053,8.93152396573123e-05,0.0959015066004105,0.0458601985616617
398,"s(lastRippleHPC_z):DOWN_no",3.78708131734129e-05,3.87077869101285e-06,0.00495054397464571,0.0249349413992951
399,"s(lastRippleHPC_z):DOWN_no",0.0111333682583004,7.59870724843915e-05,0.0620241993020854,0.0175143865408848
400,"s(lastRippleHPC_z):DOWN_no",0.0593874958985996,0.000473548283606708,0.263717910110778,0.0708239846249262
401,"s(lastRippleHPC_z):DOWN_no",0.000120195567252068,1.57437296428397e-06,0.0107075611135015,0.00315382717186256
402,"s(lastRippleHPC_z):DOWN_no",0.0287713743224414,0.000170216378237871,0.0965282934474117,0.0572356845688249
403,"s(lastRippleHPC_z):DOWN_no",0.0562885924454584,0.000537775773191956,0.195603609368353,0.106531947235884
404,"s(lastRippleHPC_z):DOWN_no",0.000651521380876652,6.52181828150368e-06,0.0219861383728993,0.00647421259836005
405,"s(lastRippleHPC_z):DOWN_no",-2.10960061952647e-06,8.45784792229941e-10,0.000242975156290875,7.21649441662922e-05
406,"s(lastRippleHPC_z):DOWN_no",0.0614361805914347,0.000531806471156648,0.142933187052591,0.0733086154549492
407,"s(lastRippleHPC_z):DOWN_no",0.0157628093120525,0.000163435961937088,0.110833627293674,0.0326442334196192
408,"s(lastRippleHPC_z):DOWN_no",0.00850007212382842,1.8440849765075e-05,0.049011321188537,0.0363797211762257
409,"s(lastRippleHPC_z):DOWN_no",0.0163958312449966,6.73106518913646e-05,0.0750532712470439,0.0555983078480095
410,"s(lastRippleHPC_z):DOWN_no",0.0119889099833355,8.26098484780324e-05,0.064292383347546,0.0195383804262362
411,"s(lastRippleHPC_z):DOWN_no",0.0189551930479288,0.000150182146323064,0.0859977114245632,0.0253686548250374
412,"s(lastRippleHPC_z):DOWN_no",0.00972064745027446,3.47917934042639e-05,0.0838807360451109,0.0246308417116952
413,"s(lastRippleHPC_z):DOWN_no",0.0332430944767639,0.000289872912102527,0.163022743490601,0.0548498379158709
414,"s(lastRippleHPC_z):DOWN_no",0.0142837677686405,3.07357487831863e-05,0.0685378746045542,0.0434380245111833
415,"s(lastRippleHPC_z):DOWN_no",0.0332276437641132,0.000288123139563632,0.129793460302558,0.0534755695051182
416,"s(lastRippleHPC_z):DOWN_no",0.00173866459347316,1.03559380963939e-06,0.0149453136441685,0.0071499399561159
417,"s(lastRippleHPC_z):DOWN_no",0.00423733280620908,4.39034452437045e-05,0.0574678450223053,0.0169224019099815
418,"s(lastRippleHPC_z):DOWN_no",0.050590147326762,0.000397660859482504,0.171540980325788,0.0583727097250102
419,"s(lastRippleHPC_z):DOWN_no",0.00515817749559044,5.55087658765196e-05,0.0628185087323404,0.0185028995004679
420,"s(lastRippleHPC_z):DOWN_no",0.060802613330968,0.000481786074554325,0.221669868735943,0.190841674706734
421,"s(lastRippleHPC_z):DOWN_no",0.0283909282378785,0.000159581124536987,0.112761561603025,0.0967356846323687
422,"s(lastRippleHPC_z):DOWN_no",0.0372131167293901,0.000302019680397695,0.133942402750281,0.0586179250257662
423,"s(lastRippleHPC_z):DOWN_no",0.0127348209435345,0.000133005322854736,0.0988866152899585,0.029124474773776
424,"s(lastRippleHPC_z):DOWN_no",0.00341684729902791,4.3308535632954e-06,0.0242460051876251,0.0148610682032346
425,"s(lastRippleHPC_z):DOWN_no",0.0342239308345214,0.000292600348670697,0.139332816024213,0.0729272027731805
426,"s(lastRippleHPC_z):DOWN_no",0.0201621784876469,0.000112680474548917,0.101489886954943,0.0338888667314407
427,"s(lastRippleHPC_z):DOWN_no",0.0228386597355223,0.000239734212874474,0.131178499445047,0.0396639734762886
428,"s(lastRippleHPC_z):DOWN_no",0.0161539751383835,0.00010069217921153,0.100432633921786,0.0306555604881656
429,"s(lastRippleHPC_z):DOWN_no",0.0524847351575373,0.000427659994754487,0.203933239976337,0.0604629422385301
430,"s(lastRippleHPC_z):DOWN_no",0.036568231897637,0.000276972675593984,0.144252141164125,0.144169194822054
431,"s(lastRippleHPC_z):DOWN_no",0.000851461986686175,8.34215706809023e-06,0.0247105399674553,0.00727807752983676
432,"s(lastRippleHPC_z):DOWN_no",0.0293006696230078,0.000205668478619053,0.170247714554872,0.0481299382282824
433,"s(lastRippleHPC_z):DOWN_no",0.00401476897839004,5.44054743950217e-06,0.0331628067694183,0.0123976204398266
434,"s(lastRippleHPC_z):DOWN_no",6.76004035682354e-06,1.12731409809528e-07,0.00290048227274563,0.000854336810711673
435,"s(lastRippleHPC_z):DOWN_no",0.0515796031526037,0.000408013258649917,0.17388426518495,0.0578108181896711
436,"s(lastRippleHPC_z):DOWN_no",0.0233832218756405,0.000163999705700345,0.108191502208744,0.0287273628377412
437,"s(lastRippleHPC_z):DOWN_no",0.0168944100774251,7.81228781246145e-05,0.101933136705987,0.0264239356463916
438,"s(lastRippleHPC_z):DOWN_no",0.0453804623750429,0.00034980677646407,0.138871138497147,0.0857886980496083
439,"s(lastRippleHPC_z):DOWN_no",0.0011164123422116,1.08443528239946e-05,0.0283943711352292,0.00834624712159318
440,"s(lastRippleHPC_z):DOWN_no",0.00450535779269767,1.94656041608252e-05,0.0369493925210833,0.0264896660288461
441,"s(lastRippleHPC_z):DOWN_no",0.0460081768917524,0.00034592359953483,0.226208692626491,0.0705360447992392
442,"s(lastRippleHPC_z):DOWN_no",0.0512428436982919,0.000407743432916924,0.150547565873593,0.103095088690331
443,"s(lastRippleHPC_z):DOWN_no",0.028904322747997,0.000234918192899778,0.139293263835586,0.0817245053155273
444,"s(lastRippleHPC_z):DOWN_no",0.00308474153605864,6.55551017196862e-06,0.0406440232660637,0.0123362802484141
445,"s(lastRippleHPC_z):DOWN_no",0.00403688258128554,9.63446288745868e-06,0.0263487175660941,0.0167021342057994
446,"s(lastRippleHPC_z):DOWN_no",0.00722605869893567,1.8889667626942e-05,0.0525627215671039,0.0271530669229564
447,"s(lastRippleHPC_z):DOWN_no",0.0265955381626677,0.000164049277362234,0.124788773138247,0.0435348755186779
448,"s(lastRippleHPC_z):DOWN_no",0.00226154156137692,3.6035976731204e-05,0.0420407136262514,0.0316311971190191
449,"s(lastRippleHPC_z):DOWN_no",0.004821335757625,4.85863370187294e-05,0.0603192708090849,0.0177640864093989
450,"s(lastRippleHPC_z):DOWN_no",0.00098767845244474,4.14398086133198e-06,0.0191895791839319,0.00829664607731969
451,"s(lastRippleHPC_z):DOWN_no",0.0507265955445089,0.00032242365753207,0.22700389191321,0.170854146691045
452,"s(lastRippleHPC_z):DOWN_no",0.0716102133362115,0.000596316097524031,0.220788575914092,0.0666330965514063
453,"s(lastRippleHPC_z):DOWN_no",0.0448002238836498,0.000368815166418679,0.186625317312557,0.0483676246321424
454,"s(lastRippleHPC_z):DOWN_no",0.00249731514621043,2.70113733073961e-05,0.0439642392997066,0.0129492110704815
455,"s(lastRippleHPC_z):DOWN_no",0.0379504743750321,0.00030141439794721,0.215131571442041,0.228815112213337
456,"s(lastRippleHPC_z):DOWN_no",0.000131372078909564,2.92844220836689e-07,0.00525412560411597,0.00153784783555529
457,"s(lastRippleHPC_z):DOWN_no",0.0254470802174485,0.000206389109071991,0.111800036554503,0.0368792160862937
458,"s(lastRippleHPC_z):DOWN_no",0.0121407762354009,0.000119185891430928,0.0565689174606261,0.0983863795195401
459,"s(lastRippleHPC_z):DOWN_no",0.000113583507725501,1.58964357533649e-06,0.0108349574119272,0.00319063194047239
460,"s(lastRippleHPC_z):DOWN_no",0.0208411306708784,6.40514021700534e-05,0.110218948916429,0.0632002534068728
461,"s(lastRippleHPC_z):DOWN_no",0.0582795533696627,0.000476581795161665,0.237130689748183,0.262845819383935
462,"s(lastRippleHPC_z):DOWN_no",0.0142452734104914,8.11262393173035e-05,0.0504000022860672,0.0156546340565736
463,"s(lastRippleHPC_z):DOWN_no",0.00427629567799492,4.43827309031237e-05,0.0576703777524741,0.016981106026032
464,"s(lastRippleHPC_z):DOWN_no",0.00141760495373688,1.45718437198043e-05,0.0325991321756455,0.0096010324559909
465,"s(lastRippleHPC_z):DOWN_no",0.00832057083955995,8.83781790951582e-05,0.079028110163009,0.0284495477989297
466,"s(lastRippleHPC_z):DOWN_no",0.00043886145759231,5.08354258661594e-06,0.0193639734176854,0.0057027888830448
467,"s(lastRippleHPC_z):DOWN_no",0.0706605373831,0.000644742397338779,0.270057440690149,0.121553770034025
468,"s(lastRippleHPC_z):DOWN_no",0.00583640465309365,1.4501955068184e-05,0.0403605983950648,0.0212883282870998
469,"s(lastRippleHPC_z):DOWN_no",0.022287665062783,0.000179085749467824,0.103679840687822,0.030934466638245
470,"s(lastRippleHPC_z):DOWN_no",0.0256096628091154,7.76568336291585e-05,0.124138624283149,0.0449429341343013
471,"s(lastRippleHPC_z):DOWN_no",0.00428279919419161,3.55735367580417e-06,0.0226315795112935,0.0162857187229729
472,"s(lastRippleHPC_z):DOWN_no",0.0421506756655807,0.000314130154758221,0.188197591823634,0.165130203154177
473,"s(lastRippleHPC_z):DOWN_no",0.0103653806120256,0.000113787127917333,0.0809965819429611,0.0255196732353507
474,"s(lastRippleHPC_z):DOWN_no",0.00231745087199009,2.74239720762252e-05,0.0415950564265019,0.0218636105220284
475,"s(lastRippleHPC_z):DOWN_no",0.0442656599372286,0.000317948517273875,0.161754568634304,0.108470378014085
476,"s(lastRippleHPC_z):DOWN_no",0.0230239776774592,0.00010885093935477,0.14947404145149,0.0988228722632997
477,"s(lastRippleHPC_z):DOWN_no",0.0617092926821572,0.000477162536484779,0.244825776565403,0.0824876506745098
478,"s(lastRippleHPC_z):DOWN_no",0.0114820443746924,3.70818889127374e-05,0.0774642227339976,0.0242661247231072
479,"s(lastRippleHPC_z):DOWN_no",0.00465017693014769,8.91822848562482e-05,0.0637576123727635,0.0773412241997269
480,"s(lastRippleHPC_z):DOWN_no",0.0245637574805322,0.000157475647755313,0.0978806790125296,0.031423456076232
481,"s(lastRippleHPC_z):DOWN_no",0.000874448604747613,1.38514328377029e-05,0.0265338004944614,0.0222678638054868
482,"s(lastRippleHPC_z):DOWN_no",0.00177105840932779,1.95440688449981e-05,0.035767817995389,0.0177586309812088
483,"s(lastRippleHPC_z):DOWN_no",0.0142279972141415,0.000108928000266351,0.0796637629815289,0.0250230831661503
484,"s(lastRippleHPC_z):DOWN_no",0.0252785975124761,0.000127057705928379,0.129590934453402,0.0847763255508749
485,"s(lastRippleHPC_z):DOWN_no",0.0150062844700392,3.79773387807164e-05,0.0748640174331524,0.043618329450861
486,"s(lastRippleHPC_z):DOWN_no",0.00100572331656323,1.12960184186473e-05,0.0259031635343359,0.0156493449872567
487,"s(lastRippleHPC_z):DOWN_no",0.00197776577711473,1.78541508561529e-05,0.0352894802015492,0.0103935644756814
488,"s(lastRippleHPC_z):DOWN_no",0.00196114963407545,0.00021966509292677,0.0368337392268989,0.293729726823931
489,"s(lastRippleHPC_z):DOWN_no",0.0182525587672879,9.05852511654683e-05,0.0816201095206247,0.0581433192865501
490,"s(lastRippleHPC_z):DOWN_no",0.014927407118007,8.03365946230144e-05,0.110512994378854,0.0395078432312023
491,"s(lastRippleHPC_z):DOWN_no",0.0424955117673962,0.000323239256184913,0.175090599135505,0.142626999430071
492,"s(lastRippleHPC_z):DOWN_no",0.0494323006795181,0.000322321897338109,0.195277998708469,0.0651275877122587
493,"s(lastRippleHPC_z):DOWN_no",0.00848472996981631,1.87054630268438e-05,0.0527183302426695,0.0377721932361517
494,"s(lastRippleHPC_z):DOWN_no",9.06633547286262e-05,1.06399738601078e-06,0.00874459038497399,0.00257554271659098
495,"s(lastRippleHPC_z):DOWN_no",0.0114623130626406,2.39731444065973e-05,0.0531357252146318,0.0377544744755414
496,"s(lastRippleHPC_z):DOWN_no",0.011315730734446,4.60774294406445e-05,0.0752157912138403,0.0384272609901742
497,"s(lastRippleHPC_z):DOWN_no",0.0290137378291515,0.000186724744864003,0.166062545180111,0.0453337038888398
498,"s(lastRippleHPC_z):DOWN_no",0.00946086138732039,2.92012226584142e-05,0.0576752327511004,0.0245440770477507
499,"s(lastRippleHPC_z):DOWN_no",0.030614694453746,0.000217649673296162,0.112960665625402,0.0349165167504801
500,"s(lastRippleHPC_z):DOWN_no",0.00768920273793405,1.11803523207261e-05,0.0464851080011052,0.027473260815254
501,"s(lastRippleHPC_z):DOWN_no",0.0406040976176474,0.000219620220207004,0.150447026198295,0.0824193740263528
502,"s(lastRippleHPC_z):DOWN_no",0.0321078395054535,0.000236406865790156,0.175716827045209,0.0489057606095037
503,"s(lastRippleHPC_z):DOWN_no",0.00130262017677474,1.72805079281619e-05,0.0313049181855717,0.0222670899563262
504,"s(lastRippleHPC_z):DOWN_no",1.45998510916456e-05,9.67240438288607e-08,0.00260233982949706,0.000766980949833028
505,"s(lastRippleHPC_z):DOWN_no",0.0312819257208066,9.95804449175834e-05,0.150072719192346,0.0774972548394537
506,"s(lastRippleHPC_z):DOWN_no",0.03548039844231,0.00015304910567639,0.218565009845055,0.174857059574782
507,"s(lastRippleHPC_z):DOWN_no",0.0225675195990833,0.000178441798356605,0.0968647122398383,0.0285223444784142
508,"s(lastRippleHPC_z):DOWN_no",0.00589631560840864,9.7087410343277e-05,0.06015587307978,0.110738690874293
509,"s(lastRippleHPC_z):DOWN_no",0.023129190241721,0.00015392420979056,0.101485350116259,0.078960591146283
510,"s(lastRippleHPC_z):DOWN_no",0.0146986198516323,0.000137738121286085,0.101436348363114,0.0409235188258403
511,"s(lastRippleHPC_z):DOWN_no",0.0162660962066346,0.000173395634363306,0.113500648206931,0.0334264569462658
512,"s(lastRippleHPC_z):DOWN_no",0.000394410443677273,3.95436643526835e-06,0.0170959084896738,0.00503883752253367
513,"s(lastRippleHPC_z):DOWN_no",0.00143432274143951,1.53519449744531e-05,0.0334739299864026,0.00985958785251275
514,"s(lastRippleHPC_z):DOWN_no",0.00942070833881559,6.23777154161594e-05,0.0416267169025119,0.0143975436948597
515,"s(lastRippleHPC_z):DOWN_no",0.0104562742812719,4.80053091121014e-05,0.0532641784786757,0.0309617843822586
516,"s(lastRippleHPC_z):DOWN_no",0.00692430220415297,1.00120867837206e-05,0.0396948421803781,0.0245739700373339
517,"s(lastRippleHPC_z):DOWN_no",0.010732197258827,0.000174928680463012,0.0567896969231,0.233475742042682
518,"s(lastRippleHPC_z):DOWN_no",0.00242775789986904,2.64937473939728e-05,0.0421430853851935,0.0171546861602244
519,"s(lastRippleHPC_z):DOWN_no",0.0209949768328315,0.000157678509543974,0.0928239796166076,0.0348320190001359
520,"s(lastRippleHPC_z):DOWN_no",0.0561098577405224,0.000383503347914007,0.277953029851683,0.0797447844253224
521,"s(lastRippleHPC_z):DOWN_no",0.02924625229703,0.000184769441415706,0.130190131907125,0.106308141205522
522,"s(lastRippleHPC_z):DOWN_no",0.00105068642120365,1.23619850538591e-05,0.0281243379332847,0.0144672422138889
523,"s(lastRippleHPC_z):DOWN_no",0.0169568031164555,9.58574581944635e-05,0.0633328938406354,0.0302453798000521
524,"s(lastRippleHPC_z):DOWN_no",0.0349739253170362,0.000189025439706304,0.147480280460237,0.0875944053861142
525,"s(lastRippleHPC_z):DOWN_no",0.00588598883180147,6.43974655819303e-05,0.0687488466865247,0.0202587211573972
526,"s(lastRippleHPC_z):DOWN_no",0.00752621883472315,7.93747827107381e-05,0.075858783520523,0.0223415531215738
527,"s(lastRippleHPC_z):DOWN_no",0.0445717520467177,0.000364408167233446,0.12229815036478,0.067365837232938
528,"s(lastRippleHPC_z):DOWN_no",0.0106963137899694,0.000114933813122118,0.0903975232915299,0.0334124463716751
529,"s(lastRippleHPC_z):DOWN_no",0.0223339439657737,9.16395414482206e-05,0.111632059382505,0.0713708251680457
530,"s(lastRippleHPC_z):DOWN_no",0.0104855130715658,4.41380258924249e-05,0.0491779205692526,0.029815714506392
531,"s(lastRippleHPC_z):DOWN_no",0.0286007570419411,0.000205236491924604,0.160542559945441,0.151154963212061
532,"s(lastRippleHPC_z):DOWN_no",0.00894002335675737,2.62192662867679e-05,0.0593298697707118,0.0304822161299977
533,"s(lastRippleHPC_z):DOWN_no",0.0229575432069691,0.000117933878782679,0.112284576405757,0.0369049438583967
534,"s(lastRippleHPC_z):DOWN_no",0.000752661195293491,8.67742200743392e-06,0.025211363033084,0.00742227999695483
535,"s(lastRippleHPC_z):DOWN_no",0.0259564194962145,0.000114852683600535,0.102443582980267,0.0808745180923293
536,"s(lastRippleHPC_z):DOWN_no",0.0162603499052727,3.30438249795379e-05,0.0854706089989963,0.0430872843372338
537,"s(lastRippleHPC_z):DOWN_no",0.000930609569123497,1.05092794438343e-05,0.0274644825915348,0.00808814749320297
538,"s(lastRippleHPC_z):DOWN_no",0.0135695933258262,8.15717336162155e-05,0.0859303246945256,0.0462540718798895
539,"s(lastRippleHPC_z):DOWN_no",0.0114010036139272,4.58047052997929e-05,0.0917812740993342,0.0275192893467356
540,"s(lastRippleHPC_z):DOWN_no",0.0215362681608378,0.000228530981036519,0.126965877123292,0.0441607680980345
541,"s(lastRippleHPC_z):DOWN_no",0.0612585583529173,0.000513050200690194,0.187344469325344,0.0630843500473142
542,"s(lastRippleHPC_z):DOWN_no",0.0247451230195193,8.63199091184063e-05,0.125197208831821,0.0699448349893065
543,"s(lastRippleHPC_z):DOWN_no",0.020907290403029,6.84132120518426e-05,0.0952075587431898,0.0423453081703856
544,"s(lastRippleHPC_z):DOWN_no",0.000183638504709371,1.54155199442276e-05,0.010569951200531,0.0363764277587529
545,"s(lastRippleHPC_z):DOWN_no",0.0277018106522329,0.000212645108955451,0.129771463501243,0.0362212332220319
546,"s(lastRippleHPC_z):DOWN_no",0.00125402923821927,1.35604698551133e-05,0.0315924216652534,0.00930467191643087
547,"s(lastRippleHPC_z):DOWN_no",0.000617386036865675,0.000104906277463353,0.0223999407189629,0.203034573577216
548,"s(lastRippleHPC_z):DOWN_no",0.0166998012185271,0.000181944506128732,0.114428078537317,0.0337016925632389
549,"s(lastRippleHPC_z):DOWN_no",0.0516992551151745,0.000419677644401075,0.163003074718793,0.106104622423596
550,"s(lastRippleHPC_z):DOWN_no",0.0170962338549732,5.6866636986591e-05,0.0759090921111567,0.0670633212763854
551,"s(lastRippleHPC_z):DOWN_no",0.03713256648191,0.000256788317705845,0.192132005985299,0.170743741651779
552,"s(lastRippleHPC_z):DOWN_no",0.0131881699666803,2.41793885393821e-05,0.063675537932406,0.0263394063949386
553,"s(lastRippleHPC_z):DOWN_no",0.0115644330808351,7.34857646512932e-05,0.062116488629243,0.0440183056786172
554,"s(lastRippleHPC_z):DOWN_no",0.00991714774251218,7.16938094927182e-05,0.0584769674108877,0.0176681152499181
555,"s(lastRippleHPC_z):DOWN_no",0.00125403296286919,1.27659653046643e-05,0.0300450821008216,0.00884613391086603
556,"s(lastRippleHPC_z):DOWN_no",0.0127261893453134,0.000132745397617453,0.0971860026510389,0.0287126081161491
557,"s(lastRippleHPC_z):DOWN_no",0.00545889333768734,6.35141047278429e-06,0.0294745304271023,0.0191405913908387
558,"s(lastRippleHPC_z):DOWN_no",0.00121061461357463,8.27406470229574e-07,0.0205440635266159,0.00678497670555757
559,"s(lastRippleHPC_z):DOWN_no",0.00234528077763585,2.41981852993115e-05,0.0418982600997977,0.0123429662069116
560,"s(lastRippleHPC_z):DOWN_no",0.0299296786077834,0.000239453999466594,0.144238304403903,0.042536480883825
561,"s(lastRippleHPC_z):DOWN_no",0.0157335997326751,7.69105163150461e-05,0.0921407105638685,0.0416061649034791
562,"s(lastRippleHPC_z):DOWN_no",0.00693691461673041,3.11060031842813e-05,0.0391816545081839,0.0207351442783715
563,"s(lastRippleHPC_z):DOWN_no",0.00703052138708937,7.81860268282948e-05,0.0719129414576286,0.0312590708383547
564,"s(lastRippleHPC_z):DOWN_no",0.0274927559132916,0.000218591244143245,0.112242802887988,0.0359907502399193
565,"s(lastRippleHPC_z):DOWN_no",0.0127541535658295,0.000153329648656692,0.0607346518894386,0.14799614845642
566,"s(lastRippleHPC_z):DOWN_no",0.0127733588961698,3.58129566287402e-05,0.0688043733049484,0.0355959202971596
567,"s(lastRippleHPC_z):DOWN_no",0.0393882133614563,0.000323150868336872,0.117429568497666,0.0628415231998962
568,"s(lastRippleHPC_z):DOWN_no",0.00543273882186579,5.2991826546592e-05,0.0625025149698985,0.018404290517115
569,"s(lastRippleHPC_z):DOWN_no",0.0291509563075234,0.000210526022612506,0.154597984112609,0.0430256325846657
570,"s(lastRippleHPC_z):DOWN_no",0.0146402731536535,6.86305960896264e-05,0.0642882178224469,0.0340825951823612
571,"s(lastRippleHPC_z):DOWN_no",0.0010981371742389,1.36104287801975e-05,0.0317385635070053,0.00934758018379096
572,"s(lastRippleHPC_z):DOWN_no",0.0157631707747257,8.60678481410325e-05,0.101451503469215,0.0977471074518745
573,"s(lastRippleHPC_z):DOWN_no",0.0191130864519584,0.000111270476668262,0.115502641646718,0.0333800372345677
574,"s(lastRippleHPC_z):DOWN_no",0.0559450856497978,0.000335771993104348,0.173440876871166,0.0908859643748995
575,"s(lastRippleHPC_z):DOWN_no",0.00111922155294142,1.07428763630325e-05,0.0279953379659123,0.00824554866144315
576,"s(lastRippleHPC_z):DOWN_no",0.0296741798905282,0.000172877751241901,0.167533479205625,0.0425143128973624
577,"s(lastRippleHPC_z):DOWN_no",0.0187231910710546,0.000151558169885425,0.0865523406485585,0.0289278673160276
578,"s(lastRippleHPC_z):DOWN_no",0.00685772477443347,9.93806466216436e-06,0.0377877731083521,0.0280652880313862
579,"s(lastRippleHPC_z):DOWN_no",0.0264394264921997,0.000168452064347203,0.108656817635349,0.0351182777727545
580,"s(lastRippleHPC_z):DOWN_no",0.0115454495032381,7.15319127687088e-05,0.0673572396157402,0.0212401844770277
581,"s(lastRippleHPC_z):DOWN_no",0.0447782618215822,0.000279289174680638,0.161032204680578,0.0805384873097935
582,"s(lastRippleHPC_z):DOWN_no",0.0220830655514002,0.000153242956257971,0.134425349759688,0.042982903225231
583,"s(lastRippleHPC_z):DOWN_no",0.0274331864098016,0.00016573485065051,0.14767436792921,0.128660777350177
584,"s(lastRippleHPC_z):DOWN_no",0.00529479874885741,5.55308102609364e-05,0.0637316962655523,0.0187692721384612
585,"s(lastRippleHPC_z):DOWN_no",0.00443980263580457,1.81337055234921e-05,0.0408979541919639,0.0152234720003639
586,"s(lastRippleHPC_z):DOWN_no",0.0135108159756978,0.00014114562871214,0.100880394339133,0.029709675351656
587,"s(lastRippleHPC_z):DOWN_no",0.00159661904422315,1.55024605730853e-05,0.033791260133417,0.00995081801761393
588,"s(lastRippleHPC_z):DOWN_no",0.00362212863330846,4.64906469755856e-05,0.0516463932400283,0.0333145377667784
589,"s(lastRippleHPC_z):DOWN_no",0.0496673184071241,0.000380052386773262,0.214970045774769,0.0753101696972764
590,"s(lastRippleHPC_z):DOWN_no",0.0206360795018767,0.000211465581557367,0.122926048318063,0.0374067809494258
591,"s(lastRippleHPC_z):DOWN_no",0.00108727885747761,1.86678994140014e-05,0.0290999713168984,0.0251464985986826
592,"s(lastRippleHPC_z):DOWN_no",0.0299018032447949,0.000243609750216795,0.123386137834083,0.0386836597055638
593,"s(lastRippleHPC_z):DOWN_no",0.0353576335913139,0.000237698479733186,0.185765237218305,0.0815689889074479
594,"s(lastRippleHPC_z):DOWN_no",0.0141015102773236,6.91186440944659e-05,0.0763259193010009,0.0744245609344421
595,"s(lastRippleHPC_z):DOWN_no",0.0141639425215017,4.95862358273855e-05,0.0698987527304524,0.0631540090695408
596,"s(lastRippleHPC_z):DOWN_no",0.01265807192725,4.98265157077833e-05,0.069741599263754,0.0396789915898058
597,"s(lastRippleHPC_z):DOWN_no",0.0599852194484898,0.000505210139475769,0.250303532976817,0.267527410931448
598,"s(lastRippleHPC_z):DOWN_no",0.0135553868713041,2.10702867255268e-05,0.0495086790789655,0.0336108386886005
599,"s(lastRippleHPC_z):DOWN_no",0.00297243362173116,3.41351689234562e-05,0.0492191182259393,0.0188208847706104
600,"s(lastRippleHPC_z):DOWN_no",0.00383051181395899,1.9919166961394e-06,0.0234221364753857,0.0128911210838213
601,"s(lastRippleHPC_z):DOWN_no",0.0149383034993766,0.000156586064797207,0.104145433478735,0.0366206056559992
602,"s(lastRippleHPC_z):DOWN_no",0.0132843208347726,4.20110165743301e-05,0.0842364107229549,0.0629251340548543
603,"s(lastRippleHPC_z):DOWN_no",0.0031121578244564,3.17268283507821e-05,0.0484819717845777,0.0142779951171662
604,"s(lastRippleHPC_z):DOWN_no",0.00284655894396213,3.42431819073596e-05,0.0477805429938139,0.0234085985094992
605,"s(lastRippleHPC_z):DOWN_no",0.0288523342762659,0.000170765047728553,0.168106008650363,0.0471484647174776
606,"s(lastRippleHPC_z):DOWN_no",0.00490741013074292,5.48850690118708e-05,0.0615584076874795,0.0314167463536781
607,"s(lastRippleHPC_z):DOWN_no",0.00360812483793982,2.56319802300157e-06,0.0243528619197379,0.0111624122197507
608,"s(lastRippleHPC_z):DOWN_no",0.0215517324486134,0.000186388098440193,0.141050182182349,0.0849874865165939
609,"s(lastRippleHPC_z):DOWN_no",0.0525862664987367,0.000427820762403517,0.180049245607518,0.0586033246104361
610,"s(lastRippleHPC_z):DOWN_no",0.0353408396210435,0.000294899942380629,0.189040280296773,0.0536783188064167
611,"s(lastRippleHPC_z):DOWN_no",3.48945791373012e-05,5.25962550190877e-07,0.00615378603248336,0.00181233741499366
612,"s(lastRippleHPC_z):DOWN_no",0.0600973404054077,0.00048558177036564,0.191386701179679,0.101988874223331
613,"s(lastRippleHPC_z):DOWN_no",0.0266891491118892,0.000180295945549208,0.116390888730116,0.0352132868753816
614,"s(lastRippleHPC_z):DOWN_no",0.00487380892232814,5.15436314784621e-05,0.0606448999932222,0.0178634577642388
615,"s(lastRippleHPC_z):DOWN_no",0.00545382481153034,6.05953224021812e-05,0.0581869424297931,0.0284335204580206
616,"s(lastRippleHPC_z):DOWN_no",0.000369639264643951,3.58217730290051e-06,0.0143790639775253,0.0109262676333611
617,"s(lastRippleHPC_z):DOWN_no",0.0278701538609125,0.000172634840905345,0.0935388910620195,0.0400773611571611
618,"s(lastRippleHPC_z):DOWN_no",0.0304845666498004,0.000213413167114824,0.120207130948364,0.0830162515590205
619,"s(lastRippleHPC_z):DOWN_no",0.000448349456465102,5.17829094815843e-06,0.0194356697800173,0.00572430726913332
620,"s(lastRippleHPC_z):DOWN_no",0.0398561869468699,0.000326312706942832,0.220694911491934,0.0581687295240395
621,"s(lastRippleHPC_z):DOWN_no",0.0200065512721732,0.000161673453490577,0.0797662715170813,0.0243746749257357
622,"s(lastRippleHPC_z):DOWN_no",0.0177723963031786,5.79031297228226e-05,0.102121508814962,0.063827625211258
623,"s(lastRippleHPC_z):DOWN_no",0.00643011910490898,2.57638844936554e-05,0.0464104070943992,0.0140808229557801
624,"s(lastRippleHPC_z):DOWN_no",0.0397317698013504,0.00029938383376781,0.157680913569692,0.161071753234434
625,"s(lastRippleHPC_z):DOWN_no",0.00207658873803229,2.3106245174871e-06,0.019099569595707,0.00878312060749219
626,"s(lastRippleHPC_z):DOWN_no",0.0186029879364789,0.000148537827732541,0.084403380049163,0.0437972707330718
627,"s(lastRippleHPC_z):DOWN_no",0.0527192927934435,0.000424015098639953,0.214297794333872,0.0813953397392047
628,"s(lastRippleHPC_z):DOWN_no",0.0501465611799272,0.000409740226379369,0.184427217353932,0.0539827614727877
629,"s(lastRippleHPC_z):DOWN_no",0.0327438333248855,0.000143733806810318,0.209282676731634,0.0470824946737816
630,"s(lastRippleHPC_z):DOWN_no",0.0394344726445226,0.000292956434326412,0.15851024146286,0.0491837507767562
631,"s(lastRippleHPC_z):DOWN_no",0.00409123876219475,1.20986633064166e-05,0.0313756411625145,0.014591975591312
632,"s(lastRippleHPC_z):DOWN_no",0.0111707083510106,6.13954085936159e-05,0.0883373165257641,0.0278713432898455
633,"s(lastRippleHPC_z):DOWN_no",0.0244065323823843,0.000133546927807634,0.131204673610377,0.099990200236944
634,"s(lastRippleHPC_z):DOWN_no",0.0715995186488216,0.000644700420997054,0.392035024372258,0.119416900937026
635,"s(lastRippleHPC_z):DOWN_no",0.000897420858026798,8.49757164119138e-06,0.0248427797559268,0.00731625939802799
636,"s(lastRippleHPC_z):DOWN_no",0.00587710995422874,6.22615330376397e-05,0.066930846619584,0.0197139121403289
637,"s(lastRippleHPC_z):DOWN_no",1.38108284071237e-05,3.58479164146724e-08,0.00158994732985352,0.000468405045773983
638,"s(lastRippleHPC_z):DOWN_no",0.0114745916889119,6.4750059474153e-05,0.0750031977884108,0.0465803298168979
639,"s(lastRippleHPC_z):DOWN_no",0.00593258802876484,1.23609666076311e-05,0.0592597737368972,0.0191192951259385
640,"s(lastRippleHPC_z):DOWN_no",0.000638671075776642,6.26682951755299e-06,0.021098292006926,0.00621418861289101
641,"s(lastRippleHPC_z):DOWN_no",0.0227861100298643,0.000193116248370276,0.102409224401837,0.0669089244559009
642,"s(lastRippleHPC_z):DOWN_no",0.000208523527964743,2.00130087508907e-06,0.0126437355205367,0.00373054995267531
643,"s(lastRippleHPC_z):DOWN_no",0.00892814089640037,8.42508908542349e-06,0.0811295337641069,0.0240591140261638
644,"s(lastRippleHPC_z):DOWN_no",0.039332687184463,0.000327193437134787,0.131791769176626,0.0390891814868655
645,"s(lastRippleHPC_z):DOWN_no",0.0222733692641448,8.75973530300991e-05,0.131323032842362,0.080553331557501
646,"s(lastRippleHPC_z):DOWN_no",0.046537854225801,0.000387235944534766,0.205848679844192,0.146205408926943
647,"s(lastRippleHPC_z):DOWN_no",0.00463815361673792,5.82563570752741e-05,0.0595146434269982,0.0334910594469246
648,"s(lastRippleHPC_z):DOWN_no",0.0303304685863726,0.000157755823429971,0.13845845836237,0.067950873164485
649,"s(lastRippleHPC_z):DOWN_no",0.00997278843781313,0.000107654451644434,0.0876818759189095,0.0258314253790229
650,"s(lastRippleHPC_z):DOWN_no",0.00220145527490434,5.52033709353262e-05,0.0459587463834627,0.073543064574884
651,"s(lastRippleHPC_z):DOWN_no",0.0416333798604125,0.000315432134965625,0.157534021407088,0.148228947088048
652,"s(lastRippleHPC_z):DOWN_no",0.0417788227653437,0.000352022247525328,0.105171052289228,0.0340002493447403
653,"s(lastRippleHPC_z):DOWN_no",0.00438632048482201,4.71611043915286e-06,0.0306712968404458,0.0163629596569433
654,"s(lastRippleHPC_z):DOWN_no",0.012675025015513,8.18150702535191e-05,0.0901087451761371,0.0311578017554873
655,"s(lastRippleHPC_z):DOWN_no",0.038832647810767,0.000300020303794544,0.149971581052414,0.0498152892620004
656,"s(lastRippleHPC_z):DOWN_no",0.0306327368454253,0.000144993116510411,0.194822803140171,0.183362885335857
657,"s(lastRippleHPC_z):DOWN_no",0.0201408756957626,0.000119114283532746,0.117259134632263,0.0438774555709588
658,"s(lastRippleHPC_z):DOWN_no",0.0158034347182916,0.000104415928290567,0.0893032444277155,0.0257848454424275
659,"s(lastRippleHPC_z):DOWN_no",0.00824462481200605,2.00424679897326e-05,0.0587653427931997,0.0353202845887345
660,"s(lastRippleHPC_z):DOWN_no",0.0115097535621542,8.11330814163717e-05,0.0564434886978622,0.0204711739755321
661,"s(lastRippleHPC_z):DOWN_no",0.00109545574795433,1.15623072635851e-05,0.0282031276969365,0.0106582832665187
662,"s(lastRippleHPC_z):DOWN_no",9.53992039676166e-06,6.07778521022992e-07,0.00160224585746521,0.00706272434433099
663,"s(lastRippleHPC_z):DOWN_no",0.0166353781534703,0.000102594819377291,0.0871022004303105,0.0399537487881056
664,"s(lastRippleHPC_z):DOWN_no",0.00440463558316928,1.77423973543381e-05,0.0309146732538646,0.0140175406107388
665,"s(lastRippleHPC_z):DOWN_no",0.00567715400537416,2.23913960871793e-05,0.04288736476324,0.0174242767877083
666,"s(lastRippleHPC_z):DOWN_no",7.0260975167713e-05,5.24658189553852e-07,0.00610709818920264,0.00180315314348178
667,"s(lastRippleHPC_z):DOWN_no",0.0226461114799079,0.00015833424547428,0.125264297773121,0.0366514981669043
668,"s(lastRippleHPC_z):DOWN_no",0.00145405303551005,1.5390335628773e-05,0.0331615390106858,0.0114435388526058
669,"s(lastRippleHPC_z):DOWN_no",0.0791996375441961,0.000649997972271029,0.266669390870357,0.191143830185569
670,"s(lastRippleHPC_z):DOWN_no",0.00506156395252155,3.29887316951437e-05,0.0327990774853356,0.00976189402943139
671,"s(lastRippleHPC_z):DOWN_no",0.0143530679694743,8.82134529606648e-05,0.0825860210128497,0.0195250451187844
672,"s(lastRippleHPC_z):DOWN_no",0.00922371206505357,8.53018234722344e-05,0.0611282808656073,0.0228251101681229
673,"s(lastRippleHPC_z):DOWN_no",0.0707083882509956,0.000548839170000856,0.236818287915504,0.0870477429801016
674,"s(lastRippleHPC_z):DOWN_no",0.0351199776449178,0.00037421300484808,0.16239146608167,0.0596232095281448
675,"s(lastRippleHPC_z):DOWN_no",0.0571069418797663,0.000495659724981486,0.238339565802744,0.276696557453406
676,"s(lastRippleHPC_z):DOWN_no",0.00455886083815393,1.15097089627042e-05,0.0372389021292538,0.0167404211943507
677,"s(lastRippleHPC_z):DOWN_no",0.000736290280886287,6.77985729570322e-06,0.0221578942976244,0.00652784555237078
678,"s(lastRippleHPC_z):DOWN_no",0.00139624241117087,1.42337201943976e-05,0.0324168088972832,0.00954918141136701
679,"s(lastRippleHPC_z):DOWN_no",0.000512491493394052,6.0156028521849e-06,0.0207927417793654,0.00612250387367408
680,"s(lastRippleHPC_z):DOWN_no",0.0253937922696199,0.000349206523582298,0.143899750075148,0.155043162334955
681,"s(lastRippleHPC_z):DOWN_no",0.0103056198089986,2.51359425693097e-05,0.0809698858334467,0.024528296704678
682,"s(lastRippleHPC_z):DOWN_no",0.0296515195686986,0.000222140915693908,0.177752383757928,0.0503434862747516
683,"s(lastRippleHPC_z):DOWN_no",0.0119354670199412,5.19853985762953e-05,0.0603005316942364,0.0190341019429803
684,"s(lastRippleHPC_z):DOWN_no",0.0376154370796833,0.000253020458683772,0.155442751438481,0.0506416656961677
685,"s(lastRippleHPC_z):DOWN_no",0.000406234288373497,3.99735416575785e-06,0.0171641306202858,0.00505739100288325
686,"s(lastRippleHPC_z):DOWN_no",0.00355451430537546,3.80678552514125e-05,0.0541673671126788,0.0159552791215736
687,"s(lastRippleHPC_z):DOWN_no",0.000680303983325636,7.92340692260981e-06,0.0239161056793388,0.0070435375814239
688,"s(lastRippleHPC_z):DOWN_no",0.000965121068992936,1.06987092110421e-05,0.0280821865203999,0.00827066573465569
689,"s(lastRippleHPC_z):DOWN_no",0.0052388216039807,2.00648405920307e-05,0.0371179740762926,0.0222997451799989
690,"s(lastRippleHPC_z):DOWN_no",0.0281030158916593,0.000220691489333692,0.124724435398986,0.0498118243615061
691,"s(lastRippleHPC_z):DOWN_no",0.0142024304110722,4.71679940174901e-05,0.0842402915796914,0.0603171400992713
692,"s(lastRippleHPC_z):DOWN_no",0.0414717172238914,0.000111798424769717,0.219962298917006,0.0875579847073949
693,"s(lastRippleHPC_z):DOWN_no",0.0348757468442704,0.000238832210060881,0.130105860157191,0.0708761766485535
694,"s(lastRippleHPC_z):DOWN_no",0.0272789799303483,0.000208174021960106,0.112095088691331,0.0340872834235253
695,"s(lastRippleHPC_z):DOWN_no",0.0153121028721586,0.000118732287314754,0.0628458460823906,0.0374958973247586
696,"s(lastRippleHPC_z):DOWN_no",0.0237977286321085,0.000114456744568046,0.126646226715346,0.0831089520261336
697,"s(lastRippleHPC_z):DOWN_no",0.011827496895652,0.000127792066515187,0.0947642652894276,0.0315042848255858
698,"s(lastRippleHPC_z):DOWN_no",0.00278693475865754,3.05581606798561e-05,0.0454241012290705,0.019768013070778
699,"s(lastRippleHPC_z):DOWN_no",0.047684837364252,0.000371924638834878,0.15485324682987,0.12892456569603
700,"s(lastRippleHPC_z):DOWN_no",0.0432465938173845,0.000311298573073094,0.160194021246809,0.100214720847701
701,"s(lastRippleHPC_z):DOWN_no",0.0242993874401485,0.000109597317371784,0.12032070643335,0.0771556559265523
702,"s(lastRippleHPC_z):DOWN_no",0.00294348488985552,4.24917477875947e-06,0.0145830158612869,0.0155231111277126
703,"s(lastRippleHPC_z):DOWN_no",0.0153403776087551,4.41676079049884e-05,0.0606252823078559,0.0375680251167313
704,"s(lastRippleHPC_z):DOWN_no",0.0215119031467896,0.000118867620582611,0.113701057810095,0.0287532240914215
705,"s(lastRippleHPC_z):DOWN_no",0.00797064881182319,7.28741820688268e-05,0.0733754306087915,0.021611148180196
706,"s(lastRippleHPC_z):DOWN_no",0.0179421915836686,7.97609711075463e-05,0.091387393392207,0.0275555274976038
707,"s(lastRippleHPC_z):DOWN_no",0.0576796148939813,0.000484481815872873,0.119463761986762,0.048308433209192
708,"s(lastRippleHPC_z):DOWN_no",5.04559202862964e-06,4.28030373846699e-08,0.00175088322023017,0.000515839514820001
709,"s(lastRippleHPC_z):DOWN_no",0.0254352642049902,0.000190984852880687,0.122678946517743,0.0351459048680537
710,"s(lastRippleHPC_z):DOWN_no",0.0132425603245911,5.29094531703225e-05,0.0780857006852575,0.0482333389173497
711,"s(lastRippleHPC_z):DOWN_no",0.00286183881532853,3.23786883413201e-05,0.0486019026477002,0.0143096803881992
712,"s(lastRippleHPC_z):DOWN_no",0.0249189137053873,0.000178196198639236,0.0899734053507898,0.0315641115068748
713,"s(lastRippleHPC_z):DOWN_no",0.0552810283013292,0.000408533717010646,0.137498066733509,0.0663325698231624
714,"s(lastRippleHPC_z):DOWN_no",0.0534432459778733,0.000408091159248382,0.209812794054297,0.0850286331736786
715,"s(lastRippleHPC_z):DOWN_no",0.00323562696616086,9.38040894429389e-06,0.026680107241485,0.015037273114924
716,"s(lastRippleHPC_z):DOWN_no",0.00282270592367073,1.961102042646e-06,0.0298625068514731,0.00955094511587837
717,"s(lastRippleHPC_z):DOWN_no",0.0379682981353309,0.000224906435872238,0.230438946062946,0.064831860999969
718,"s(lastRippleHPC_z):DOWN_no",0.0291339264706245,9.87745408819738e-05,0.129617662277929,0.0615471017817313
719,"s(lastRippleHPC_z):DOWN_no",0.0136755097554149,5.95176472285574e-05,0.0681419115055203,0.0478748880825781
720,"s(lastRippleHPC_z):DOWN_no",0.0318644985462688,0.0002395573594753,0.134598385319521,0.0443312407982279
721,"s(lastRippleHPC_z):DOWN_no",0.00214380586282381,2.39074505444992e-05,0.0413635691733582,0.0132444869844598
722,"s(lastRippleHPC_z):DOWN_no",0.00980060861891907,3.4887448397356e-05,0.062049615212923,0.033047230388101
723,"s(lastRippleHPC_z):DOWN_no",0.0170758398741784,0.000161378336208798,0.058162477274566,0.0473590745021595
724,"s(lastRippleHPC_z):DOWN_no",0.00761530770286356,7.9884640044354e-05,0.0760065363671511,0.0223843137148116
725,"s(lastRippleHPC_z):DOWN_no",0.0455826893999136,0.000355705881664164,0.177485045646146,0.0586267448250901
726,"s(lastRippleHPC_z):DOWN_no",0.0382312696415905,0.000182239666734836,0.274769546659353,0.0701376619427761
727,"s(lastRippleHPC_z):DOWN_no",0.00336447476655533,3.81511334696141e-05,0.0513491451991916,0.0274773259300234
728,"s(lastRippleHPC_z):DOWN_no",0.0386015443495005,0.000314097595335345,0.147489782375505,0.0607242142417792
729,"s(lastRippleHPC_z):DOWN_no",0.0115975836278022,0.000120952594377403,0.0932262060985668,0.0275520225062328
730,"s(lastRippleHPC_z):DOWN_no",0.00590664578374156,3.33487434324982e-05,0.0571233418352455,0.037914640971999
731,"s(lastRippleHPC_z):DOWN_no",0.0378728005066744,0.000331117063179097,0.134308610148136,0.0544224519820209
732,"s(lastRippleHPC_z):DOWN_no",0.0221478798372789,0.000152744820834677,0.106792481502043,0.0540393509604708
733,"s(lastRippleHPC_z):DOWN_no",0.0162698946114883,0.000101050678895716,0.0903802028743571,0.0389323845229395
734,"s(lastRippleHPC_z):DOWN_no",0.0340392527452344,0.000253521200288551,0.186297846041716,0.0512892685507902
735,"s(lastRippleHPC_z):DOWN_no",0.0232330303702604,0.000107262477995252,0.151473392961667,0.0431237899929791
736,"s(lastRippleHPC_z):DOWN_no",0.0260153085314592,0.00016159236988447,0.120280814057474,0.0999973282246713
737,"s(lastRippleHPC_z):DOWN_no",0.00126578570171887,1.25988726111103e-05,0.0302656271955306,0.00891382685060414
738,"s(lastRippleHPC_z):DOWN_no",0.0335743109088167,0.000243392199044917,0.148407936371439,0.156806568605865
739,"s(lastRippleHPC_z):DOWN_no",0.0652980161568388,0.000547111799465337,0.272167065842663,0.375036233952465
740,"s(lastRippleHPC_z):DOWN_no",0.0571118634640531,0.000450981286936156,0.167798541617919,0.103216973669462
741,"s(lastRippleHPC_z):DOWN_no",0.0218384202550865,0.000103402383679028,0.0999768785657359,0.0276589578863848
742,"s(lastRippleHPC_z):DOWN_no",0.000177481446979044,2.14779229138749e-06,0.0125958472223951,0.00371049676129295
743,"s(lastRippleHPC_z):DOWN_no",0.00336636985416039,9.56459452689993e-06,0.0271370412426468,0.013943452423616
744,"s(lastRippleHPC_z):DOWN_no",0.0398620168140953,0.000303619803968621,0.119030669292467,0.0428208308763868
745,"s(lastRippleHPC_z):DOWN_no",0.0188304845788014,0.000156112932976683,0.105079926440622,0.107764310187935
746,"s(lastRippleHPC_z):DOWN_no",0.00072566931437823,1.18890034930791e-05,0.0294137617390344,0.00866256291215814
747,"s(lastRippleHPC_z):DOWN_no",0.0015354304303834,1.63071821983784e-05,0.0339163231974973,0.00998880575617685
748,"s(lastRippleHPC_z):DOWN_no",0.0612528708772713,0.000515947151321115,0.225847593365337,0.10621816730846
749,"s(lastRippleHPC_z):DOWN_no",0.0273914838383371,0.000188936066572232,0.153776174023454,0.0863545974928357
750,"s(lastRippleHPC_z):DOWN_no",0.00874324153058392,7.26689788338598e-05,0.0587123269965687,0.0227631244217451
751,"s(lastRippleHPC_z):DOWN_no",0.00649623277567191,6.65454295085831e-05,0.0694024603282681,0.0204424008115842
752,"s(lastRippleHPC_z):DOWN_no",0.00858657926066364,8.91289533438182e-05,0.0798135789678967,0.0235080131120918
753,"s(lastRippleHPC_z):DOWN_no",0.00760259147985476,8.19838055248531e-05,0.0782834052822464,0.0230559012966343
754,"s(lastRippleHPC_z):DOWN_no",0.010454809008972,2.18156419834313e-05,0.0538336725809648,0.0441135492988372
755,"s(lastRippleHPC_z):DOWN_no",0.0263973052317947,0.000283666386966728,0.139188763755509,0.0422704980652787
756,"s(lastRippleHPC_z):DOWN_no",0.0420341706945973,0.000285326774559267,0.110926377468643,0.0429784538180873
757,"s(lastRippleHPC_z):DOWN_no",0.00851371582732519,5.34730659119903e-05,0.0396191777794481,0.012704491258019
758,"s(lastRippleHPC_z):DOWN_no",0.0153022757872696,0.000116983047078594,0.080268018525246,0.021874586390344
759,"s(lastRippleHPC_z):DOWN_no",0.0308614670749048,0.000206904429844916,0.130328525978194,0.0521056542711915
760,"s(lastRippleHPC_z):DOWN_no",0.0103673145272554,4.01291115011456e-05,0.0530148943361224,0.0225937976788925
761,"s(lastRippleHPC_z):DOWN_no",0.00590847642037495,1.12972506707139e-05,0.0388435640425786,0.0191853773534168
762,"s(lastRippleHPC_z):DOWN_no",0.000986754709024318,1.04391627075893e-05,0.0269560320839114,0.0108892802499555
763,"s(lastRippleHPC_z):DOWN_no",0.0158960827862851,9.80251905694947e-05,0.0766735373475863,0.0460066897013123
764,"s(lastRippleHPC_z):DOWN_no",0.0213410659917663,0.000150810199712189,0.0903928108869175,0.0583404948794286
765,"s(lastRippleHPC_z):DOWN_no",0.0274103514063233,6.01993792584557e-05,0.18372272813013,0.0708908951776444
766,"s(lastRippleHPC_z):DOWN_no",0.0480203063426483,0.000367358989508824,0.16235979945527,0.0880503594454753
767,"s(lastRippleHPC_z):DOWN_no",0.0179275837703381,4.41922761794264e-05,0.0779181707373249,0.0510767924368603
768,"s(lastRippleHPC_z):DOWN_no",0.0118992259615922,5.45352047224576e-05,0.0515948812480343,0.0216010908075705
769,"s(lastRippleHPC_z):DOWN_no",0.00486445791657797,4.01548346497089e-06,0.0281522813770142,0.0164152812557465
770,"s(lastRippleHPC_z):DOWN_no",0.00484947231753452,4.2636065146052e-05,0.0399767187026243,0.033498993251982
771,"s(lastRippleHPC_z):DOWN_no",0.0242104122839972,0.000148765172747393,0.111082801528173,0.0345216571074476
772,"s(lastRippleHPC_z):DOWN_no",0.0178003172532879,7.90903657451995e-05,0.0928936187325796,0.0762136994738373
773,"s(lastRippleHPC_z):DOWN_no",0.026369523187868,0.000196320640526002,0.137691326801504,0.0450023215248555
774,"s(lastRippleHPC_z):DOWN_no",0.00267743011849131,2.59449688658547e-05,0.0429992486294397,0.0126514290346215
775,"s(lastRippleHPC_z):DOWN_no",0.00102328033858257,1.15794987005054e-05,0.0291004688308861,0.00857127808075952
776,"s(lastRippleHPC_z):DOWN_no",0.00188395793638652,1.78268016629721e-05,0.0354888150599689,0.0104511840315095
777,"s(lastRippleHPC_z):DOWN_no",0.0105697063031878,0.000379353041033651,0.0905219277487205,0.344035974563487
778,"s(lastRippleHPC_z):DOWN_no",0.010203007373244,6.98682686279867e-05,0.0576455550808599,0.0271736913391336
779,"s(lastRippleHPC_z):DOWN_no",0.00178358442430326,1.9504327452897e-05,0.0375847105497877,0.0110672111218725
780,"s(lastRippleHPC_z):DOWN_no",0.00226118700178635,2.28845498014362e-05,0.0405444584623144,0.0119415960371163
781,"s(lastRippleHPC_z):DOWN_no",6.84907258108325e-06,8.72772182290981e-06,0.00396617792531336,0.0276436756124154
782,"s(lastRippleHPC_z):DOWN_no",0.009383631284968,5.65907737784016e-05,0.0502792517639007,0.0156395142521322
783,"s(lastRippleHPC_z):DOWN_no",0.0034949127046735,3.92836459655875e-05,0.0522144090623351,0.0175458175952283
784,"s(lastRippleHPC_z):DOWN_no",0.0967348324752439,0.00077528878152866,0.307977379497766,0.259481995784649
785,"s(lastRippleHPC_z):DOWN_no",0.0207566835660469,0.000226118689034662,0.125260857773848,0.0465731614557672
786,"s(lastRippleHPC_z):DOWN_no",0.0450516698306922,0.000360273824549486,0.14945617461348,0.0558096252507163
787,"s(lastRippleHPC_z):DOWN_no",0.00809537413351524,3.20035937252612e-05,0.0703814533427734,0.0220574545791382
788,"s(lastRippleHPC_z):DOWN_no",0.036419549497368,0.000292908367798243,0.144931490455779,0.083268050147846
789,"s(lastRippleHPC_z):DOWN_no",0.027575363901124,0.000286030752605458,0.142102457300457,0.0417652434887089
790,"s(lastRippleHPC_z):DOWN_no",0.0199703001306073,0.000130928097155006,0.0956790593912323,0.0418042030383085
791,"s(lastRippleHPC_z):DOWN_no",0.0459331574433062,0.000341759922132264,0.109112716425392,0.0354255532519475
792,"s(lastRippleHPC_z):DOWN_no",0.000983885777244176,3.15730807564403e-06,0.00982049016237757,0.00504196137846461
793,"s(lastRippleHPC_z):DOWN_no",0.00738392033522928,3.29947958331042e-05,0.0450027824317389,0.0187435462769796
794,"s(lastRippleHPC_z):DOWN_no",0.0308509264928585,0.000234315235813764,0.127617356978857,0.040476050723805
795,"s(lastRippleHPC_z):DOWN_no",0.00391244239701738,3.99618122867196e-05,0.0542505010467292,0.0159774031519562
796,"s(lastRippleHPC_z):DOWN_no",0.0258898478640361,0.000177091952307679,0.127856853109676,0.124829260031815
797,"s(lastRippleHPC_z):DOWN_no",0.00615089177794914,3.94816584559064e-06,0.0357614709047871,0.0143665873008175
798,"s(lastRippleHPC_z):DOWN_no",0.0290852986036203,0.000164424601760298,0.167432482772682,0.155446557039855
799,"s(lastRippleHPC_z):DOWN_no",0.0214839976367482,9.58422598599913e-05,0.100195075562083,0.0657569681209647
800,"s(lastRippleHPC_z):DOWN_no",0.0126406098614273,0.000140374018541078,0.0976929403262722,0.0406229796164145
801,"s(lastRippleHPC_z):DOWN_no",0.044254173905971,0.000291475926192225,0.208624657375515,0.128160077827956
802,"s(lastRippleHPC_z):DOWN_no",0.00135428811531924,1.46179076701905e-05,0.0315942322740528,0.0146957457707961
803,"s(lastRippleHPC_z):DOWN_no",0.00448886100120127,4.5203236151498e-05,0.0576870067056565,0.0169844836392853
804,"s(lastRippleHPC_z):DOWN_no",0.0546580086627024,0.000455827182266021,0.210168418477642,0.183576969153868
805,"s(lastRippleHPC_z):DOWN_no",0.00316985166709394,3.43872020161894e-05,0.0498811745448809,0.0146904058673862
806,"s(lastRippleHPC_z):DOWN_no",0.0210412846811971,7.1163815927178e-05,0.122853067354342,0.0699095555700673
807,"s(lastRippleHPC_z):DOWN_no",0.0113809372695721,8.06955093628062e-05,0.0501849630721708,0.0163007225232292
808,"s(lastRippleHPC_z):DOWN_no",0.0307875965252036,0.000162811177572626,0.142527673571302,0.0957059271319765
809,"s(lastRippleHPC_z):DOWN_no",0.0346653676608204,0.000168395472647081,0.224978775882195,0.0609702860139536
810,"s(lastRippleHPC_z):DOWN_no",0.000230409728946945,2.02979444794138e-06,0.0123309809807522,0.00362850722520684
811,"s(lastRippleHPC_z):DOWN_no",0.00596183623494273,6.0536677602019e-05,0.0670772832331723,0.0197581912531832
812,"s(lastRippleHPC_z):DOWN_no",0.0226837128919914,0.000151799301440272,0.076731459616008,0.0447610746579096
813,"s(lastRippleHPC_z):DOWN_no",0.000922742952605304,9.42893449948809e-06,0.0253547170904507,0.0112689722998889
814,"s(lastRippleHPC_z):DOWN_no",0.0179167178509791,4.98537840574903e-05,0.0668612899601156,0.0476609972729406
815,"s(lastRippleHPC_z):DOWN_no",0.0257950042794723,0.000107155897275308,0.12462848058021,0.0707035153408622
816,"s(lastRippleHPC_z):DOWN_no",0.00497683324208165,1.34397816404349e-05,0.0318490647602249,0.0258418256591586
817,"s(lastRippleHPC_z):DOWN_no",0.0124568739159931,0.000129451328269642,0.0963014317674852,0.0283725418751887
818,"s(lastRippleHPC_z):DOWN_no",0.0344424938853383,0.00023323146161718,0.132849676523337,0.0945268660582751
819,"s(lastRippleHPC_z):DOWN_no",0.0339131641263313,0.000265928302401478,0.129258219743916,0.0557522744506914
820,"s(lastRippleHPC_z):DOWN_no",0.00084199678411423,5.91297876587462e-05,0.0243152069012614,0.116946087692249
821,"s(lastRippleHPC_z):DOWN_no",0.030394027344733,0.000173992755363671,0.137399286094338,0.122554256506002
822,"s(lastRippleHPC_z):DOWN_no",0.0237003002227194,0.000107312736053181,0.133211390359639,0.0929050496629303
823,"s(lastRippleHPC_z):DOWN_no",0.0400083397511137,0.000164783085726468,0.154742622272418,0.0611715624156578
824,"s(lastRippleHPC_z):DOWN_no",0.0073527350309277,2.48884577799487e-05,0.0411596533354174,0.0337086524190218
825,"s(lastRippleHPC_z):DOWN_no",0.00518713221260025,5.30811404016081e-05,0.0632663578857079,0.0186317262682135
826,"s(lastRippleHPC_z):DOWN_no",0.0180818603240915,7.0870907188649e-05,0.113210986975027,0.0534096659023796
827,"s(lastRippleHPC_z):DOWN_no",0.0304211749777199,0.00026396672823993,0.139443741259723,0.0779722368776239
828,"s(lastRippleHPC_z):DOWN_no",0.0318575833397974,0.00018392104331062,0.182331139042264,0.132370929453909
829,"s(lastRippleHPC_z):DOWN_no",0.00439711542563703,4.64121537215311e-05,0.0578682018524179,0.0170428244744552
830,"s(lastRippleHPC_z):DOWN_no",0.00310527575708353,1.4090811165932e-05,0.0182312448147616,0.0173516568714361
831,"s(lastRippleHPC_z):DOWN_no",0.047712625320683,0.000370538408560361,0.192193123352163,0.051289571187461
832,"s(lastRippleHPC_z):DOWN_no",0.0168845790588712,6.81763491673788e-05,0.122735331784777,0.034099288151181
833,"s(lastRippleHPC_z):DOWN_no",0.011922436802192,8.14624506871251e-05,0.0809065649776431,0.0217383695055835
834,"s(lastRippleHPC_z):DOWN_no",0.000213960720879314,1.99854369794178e-06,0.0122879903187333,0.0036189059995856
835,"s(lastRippleHPC_z):DOWN_no",0.0133071106809277,6.70115390320171e-05,0.0845672385432845,0.062668928503103
836,"s(lastRippleHPC_z):DOWN_no",0.000662696416348751,6.68774657496034e-06,0.0215232185752562,0.00724816173102592
837,"s(lastRippleHPC_z):DOWN_no",0.0323657672448068,0.000228285000117982,0.101748197757334,0.0343234482691321
838,"s(lastRippleHPC_z):DOWN_no",0.0194504963068436,0.000177711475553792,0.0892623520199858,0.0544049661471889
839,"s(lastRippleHPC_z):DOWN_no",0.000110794312287332,4.03361884518132e-06,0.0101998312847974,0.0154382126895707
840,"s(lastRippleHPC_z):DOWN_no",0.0208467804278643,0.000144765514614779,0.0861489591728174,0.0377528512636939
841,"s(lastRippleHPC_z):DOWN_no",0.020242697015032,0.000115743564939673,0.0671893549722604,0.0216746794726826
842,"s(lastRippleHPC_z):DOWN_no",0.0122478052685713,0.000127061353373239,0.0972500384020074,0.0290799978986619
843,"s(lastRippleHPC_z):DOWN_no",0.00212224488258173,3.73840129484103e-05,0.0409897266103733,0.0724601218746652
844,"s(lastRippleHPC_z):DOWN_no",0.0694916493590014,0.000643443073169445,0.333631392714606,0.30495350649644
845,"s(lastRippleHPC_z):DOWN_no",0.0673395148993556,0.000505801015480004,0.259631638628263,0.32110482527509
846,"s(lastRippleHPC_z):DOWN_no",0.0204423501738109,8.14818498275411e-05,0.0961129180804699,0.0517820625489716
847,"s(lastRippleHPC_z):DOWN_no",0.0271063381114676,0.00020372168755687,0.0894587105235932,0.03388920268339
848,"s(lastRippleHPC_z):DOWN_no",0.00799008893506237,8.37834062391481e-05,0.079178509275423,0.0237279678138446
849,"s(lastRippleHPC_z):DOWN_no",0.0392265415162099,0.000291378878154243,0.164964990412912,0.0522159889807932
850,"s(lastRippleHPC_z):DOWN_no",0.00226709643114198,2.74159768975353e-05,0.0444757290135573,0.0130995030994881
851,"s(lastRippleHPC_z):DOWN_no",0.0515207014173651,0.000406624721877748,0.147135547579786,0.091987100508195
852,"s(lastRippleHPC_z):DOWN_no",0.00503652315934566,3.66353042769011e-06,0.0264171088870372,0.0193098409160338
853,"s(lastRippleHPC_z):DOWN_no",0.000108451227506023,1.38754967450241e-06,0.00992953012112097,0.00373289263995678
854,"s(lastRippleHPC_z):DOWN_no",0.00466242033598263,4.51279008447282e-05,0.0513830733162554,0.0159758832238582
855,"s(lastRippleHPC_z):DOWN_no",0.0683735562454784,0.000466416011946413,0.428252003647002,0.232940603585264
856,"s(lastRippleHPC_z):DOWN_no",0.00938803397146959,6.90941098035293e-05,0.0655998772863938,0.0858474788123272
857,"s(lastRippleHPC_z):DOWN_no",0.0355995061639973,0.000294634328911515,0.0925632237052479,0.032084938608775
858,"s(lastRippleHPC_z):DOWN_no",0.00356555435882822,3.79282914768058e-05,0.0519716742368079,0.0157746982590761
859,"s(lastRippleHPC_z):DOWN_no",0.0203398981564451,0.000213180384751768,0.123871418918098,0.0368272417113263
860,"s(lastRippleHPC_z):DOWN_no",0.00176776747341201,1.742129129097e-05,0.0355653034084231,0.0104752284293517
861,"s(lastRippleHPC_z):DOWN_no",0.0512847521563504,0.000394802719569121,0.20454221595277,0.0681913188903792
862,"s(lastRippleHPC_z):DOWN_no",0.0278789620137641,0.00028807130555204,0.141559398000456,0.0417699211505172
863,"s(lastRippleHPC_z):DOWN_no",0.00387884768795388,9.99168439988159e-06,0.0264877989651728,0.0138606693991793
864,"s(lastRippleHPC_z):DOWN_no",0.012525937474904,3.03755405668971e-05,0.0956213068253373,0.0295421622035143
865,"s(lastRippleHPC_z):DOWN_no",0.0165711707926368,3.64836385041659e-05,0.101038839374396,0.0462898811079519
866,"s(lastRippleHPC_z):DOWN_no",0.0116019202537219,4.67263963982516e-05,0.068316596639391,0.0314858834340846
867,"s(lastRippleHPC_z):DOWN_no",-2.42763159050696e-05,1.60229350729234e-07,0.00338673479779239,0.000997474756480271
868,"s(lastRippleHPC_z):DOWN_no",0.0313538064773908,0.000207116867175538,0.0956997974292368,0.0551773229202678
869,"s(lastRippleHPC_z):DOWN_no",0.0130155040024054,2.66035674380942e-05,0.0803820809077776,0.0455284759374885
870,"s(lastRippleHPC_z):DOWN_no",0.0173500850490829,0.000179683139610827,0.116124859258277,0.0342021826213414
871,"s(lastRippleHPC_z):DOWN_no",0.0282862226037865,0.000228136278373137,0.121422972262847,0.048347434002119
872,"s(lastRippleHPC_z):DOWN_no",0.00254890219341508,2.70259836070412e-05,0.044163380680242,0.0130064467334072
873,"s(lastRippleHPC_z):DOWN_no",0.000912560946160212,8.80189183548035e-06,0.0250677469512523,0.00738283222605573
874,"s(lastRippleHPC_z):DOWN_no",0.00855374424682154,3.83088138610085e-05,0.0591009263671367,0.0374918692480635
875,"s(lastRippleHPC_z):DOWN_no",0.0428136196829039,0.0003014405764842,0.260106689361605,0.299777805377742
876,"s(lastRippleHPC_z):DOWN_no",0.055338700343456,0.00040697541600187,0.153343355974193,0.0721211594491302
877,"s(lastRippleHPC_z):DOWN_no",0.00608019695064321,1.54090238993055e-05,0.0500739476607195,0.0221040603255797
878,"s(lastRippleHPC_z):DOWN_no",0.0122100358278763,5.68635670311254e-05,0.0854333222596592,0.0267791791584131
879,"s(lastRippleHPC_z):DOWN_no",0.00472526873807499,1.62580068056479e-05,0.0373596920513743,0.0135292807007209
880,"s(lastRippleHPC_z):DOWN_no",0.00169494831883998,1.6552216368602e-05,0.034057454754698,0.0100310534999555
881,"s(lastRippleHPC_z):DOWN_no",0.0229978018299759,0.000144955226340162,0.129439595354663,0.0405853702423136
882,"s(lastRippleHPC_z):DOWN_no",0.00469712820203139,1.49721651677039e-05,0.033201354634126,0.0100076235641895
883,"s(lastRippleHPC_z):DOWN_no",0.043822680919404,0.000338203702213501,0.212542086123267,0.0599349855800717
884,"s(lastRippleHPC_z):DOWN_no",0.0493089160824658,0.000269894241243838,0.347596801469598,0.139080502102484
885,"s(lastRippleHPC_z):DOWN_no",0.00789240313694872,3.10860872716441e-05,0.0717535679528054,0.0220821003883643
886,"s(lastRippleHPC_z):DOWN_no",0.0149596042162878,7.21877624168709e-05,0.0822836000577608,0.0579063123809034
887,"s(lastRippleHPC_z):DOWN_no",3.99146492924274e-06,1.22210213589031e-08,0.000937345809543943,0.000276617465450612
888,"s(lastRippleHPC_z):DOWN_no",0.00309333417143431,3.74982854459163e-05,0.0485570660924423,0.0250553266315927
889,"s(lastRippleHPC_z):DOWN_no",0.0152891145846255,0.000177631825482884,0.11385300969429,0.0335311781411585
890,"s(lastRippleHPC_z):DOWN_no",0.0398190169677131,0.000283370552758994,0.17984038541121,0.050346820242395
891,"s(lastRippleHPC_z):DOWN_no",0.0480982379638855,0.000356747521229169,0.204144868593597,0.0629795869295117
892,"s(lastRippleHPC_z):DOWN_no",0.00470222694637279,7.14997284183632e-06,0.0258805525456513,0.0195713397397432
893,"s(lastRippleHPC_z):DOWN_no",0.0264045969273727,0.000189689774459613,0.117507521825465,0.0586429841081777
894,"s(lastRippleHPC_z):DOWN_no",0.0229645873829023,0.000171045494324421,0.108283294748716,0.0518144261384014
895,"s(lastRippleHPC_z):DOWN_no",0.00017264675219586,2.12743696599282e-06,0.0125438283464595,0.00369386701359771
896,"s(lastRippleHPC_z):DOWN_no",0.000380394176226595,9.00627172808505e-06,0.0178605451953839,0.0297209532112925
897,"s(lastRippleHPC_z):DOWN_no",0.0210587684655463,0.000133458220806916,0.0989201492988414,0.0650077150188704
898,"s(lastRippleHPC_z):DOWN_no",4.30365695756052e-05,5.92947594028894e-07,0.00663139812344611,0.00195285101754697
899,"s(lastRippleHPC_z):DOWN_no",0.000871850497723869,9.06647345757205e-06,0.025653021904279,0.00755584357941354
900,"s(lastRippleHPC_z):DOWN_no",0.0107537066211645,5.77000053928831e-05,0.077826128916794,0.0304953982631514
901,"s(lastRippleHPC_z):DOWN_no",0.000953991451789094,1.03003941690505e-05,0.0279884501958207,0.00824508538201298
902,"s(lastRippleHPC_z):DOWN_no",0.0120524021128166,0.000130715221358565,0.092265213851435,0.0353724407031857
903,"s(lastRippleHPC_z):DOWN_no",0.0301265669088062,0.000228781321929822,0.153742181179669,0.0901164306039423
904,"s(lastRippleHPC_z):DOWN_no",0.0162008172737638,6.70335919215331e-05,0.0874784492244189,0.0598016966674901
905,"s(lastRippleHPC_z):DOWN_no",0.012163969766422,0.000129723580221099,0.0949880201577984,0.0356371041207057
906,"s(lastRippleHPC_z):DOWN_no",0.0381351306410753,0.000369261847021259,0.148608442826407,0.159537510429593
907,"s(lastRippleHPC_z):DOWN_no",0.00128360082155776,1.3734199568223e-05,0.0317565773002591,0.00935363224736392
908,"s(lastRippleHPC_z):DOWN_no",0.0387468810010425,0.000337698585719592,0.141095133085058,0.0776959972724929
909,"s(lastRippleHPC_z):DOWN_no",0.00467923265948311,4.82469852445035e-05,0.059969616732674,0.0176649692203381
910,"s(lastRippleHPC_z):DOWN_no",0.0192810598177697,5.47601090242839e-05,0.116861442263048,0.0355707047651495
911,"s(lastRippleHPC_z):DOWN_no",0.000383737805282003,3.30588857203991e-06,0.0154550083264515,0.00456041381177015
912,"s(lastRippleHPC_z):DOWN_no",0.0146953617367025,0.000161004358863581,0.107165903874574,0.0372028065554987
913,"s(lastRippleHPC_z):DOWN_no",0.0306621676324808,0.000194131575588878,0.186987280277162,0.111495552272045
914,"s(lastRippleHPC_z):DOWN_no",0.0169201577090297,3.6186074547011e-05,0.101224794769812,0.0333387176077136
915,"s(lastRippleHPC_z):DOWN_no",0.00302394772851677,3.19656914050999e-05,0.0484250199490358,0.0142614049897228
916,"s(lastRippleHPC_z):DOWN_no",0.027234112122251,0.000198299892358126,0.0596292962252662,0.0274394480633585
917,"s(lastRippleHPC_z):DOWN_no",0.00349901275383857,3.64589764957568e-05,0.05273192793527,0.0155295487214069
918,"s(lastRippleHPC_z):DOWN_no",0.0592370557434529,0.000495184965935411,0.159313409802683,0.0497557014816553
919,"s(lastRippleHPC_z):DOWN_no",0.000308408241374458,4.26793805065155e-06,0.017685432149292,0.00520870150320025
920,"s(lastRippleHPC_z):DOWN_no",0.000144601273378342,3.17791716549134e-06,0.0101096957485973,0.0129949107400394
921,"s(lastRippleHPC_z):DOWN_no",0.0112264047365445,7.04688220762934e-05,0.0699824853797713,0.0212513895569483
922,"s(lastRippleHPC_z):DOWN_no",0.0243153927652004,0.000178988098162652,0.126728496168706,0.0379844422707403
923,"s(lastRippleHPC_z):DOWN_no",0.000720935054565608,8.13392087232068e-06,0.0240147684112476,0.0075838694716984
924,"s(lastRippleHPC_z):DOWN_no",0.00140421923427958,4.06307303762087e-06,0.00866493361432593,0.013731484373437
925,"s(lastRippleHPC_z):DOWN_no",0.00488955846511718,5.16989981486801e-06,0.034555976734202,0.0196484332379144
926,"s(lastRippleHPC_z):DOWN_no",0.000537846636776251,5.30272457109288e-06,0.0196682414464443,0.00579259949845519
927,"s(lastRippleHPC_z):DOWN_no",0.00550083301357418,4.88009907087328e-05,0.0357552585900614,0.0981233365626483
928,"s(lastRippleHPC_z):DOWN_no",0.0595508798325373,0.000466243363473081,0.209575353611676,0.0738988931770198
929,"s(lastRippleHPC_z):DOWN_no",0.0260175074171052,0.000186876526413992,0.106757581498384,0.0642083227633991
930,"s(lastRippleHPC_z):DOWN_no",0.000686697974759731,2.42824412339984e-05,0.0226662057776042,0.0710257779037237
931,"s(lastRippleHPC_z):DOWN_no",0.0479859692393045,0.000167980865048419,0.307326837363259,0.118272573405692
932,"s(lastRippleHPC_z):DOWN_no",0.0261521641145315,0.000108947005703029,0.130223954100991,0.0713160566192517
933,"s(lastRippleHPC_z):DOWN_no",0.0138621453263523,0.000103714566764239,0.0736476556894431,0.0213191690820906
934,"s(lastRippleHPC_z):DOWN_no",0.00956271600086644,3.83366627361893e-05,0.0613362350776018,0.0341209143369781
935,"s(lastRippleHPC_z):DOWN_no",0.0232378142367917,0.000177828534020692,0.108640464657815,0.0500361876739023
936,"s(lastRippleHPC_z):DOWN_no",0.00686738229298101,8.1133763200264e-05,0.0722135669282996,0.0352743089131825
937,"s(lastRippleHPC_z):DOWN_no",0.0248896725189205,0.000190698943754782,0.109695580188012,0.0561750154976313
938,"s(lastRippleHPC_z):DOWN_no",0.00160901943618885,7.51874534191554e-05,0.0375517361056693,0.126629080898251
939,"s(lastRippleHPC_z):DOWN_no",0.000204761397754716,4.1818821803889e-06,0.0127237638044816,0.0134030248527813
940,"s(lastRippleHPC_z):DOWN_no",0.0039406166048721,3.97738968873146e-05,0.0541356339311673,0.0159468965662794
941,"s(lastRippleHPC_z):DOWN_no",0.0142494868985885,6.54152611569821e-05,0.0821441515035422,0.0253939506283918
942,"s(lastRippleHPC_z):DOWN_no",0.0260098660522088,0.000272657626722114,0.141543649758581,0.0416857154945908
943,"s(lastRippleHPC_z):DOWN_no",0.0179884671829251,8.23436964616078e-05,0.112641985461904,0.0737747697916072
944,"s(lastRippleHPC_z):DOWN_no",0.00421679464699665,4.59296630945494e-06,0.0310736059486077,0.0186040477813441
945,"s(lastRippleHPC_z):DOWN_no",0.0123980722040988,4.67462525015082e-05,0.0865533744223132,0.0431933186008603
946,"s(lastRippleHPC_z):DOWN_no",0.0334329525114683,0.00023130988559341,0.144693758521196,0.134583863393646
947,"s(lastRippleHPC_z):DOWN_no",0.080619170221893,0.000663459550601325,0.303042852747778,0.10647039044787
948,"s(lastRippleHPC_z):DOWN_no",0.0598934879002275,0.000429952893425403,0.235657365178356,0.156510866762975
949,"s(lastRippleHPC_z):DOWN_no",0.0040348113864983,4.47134002039946e-05,0.0576617939722711,0.0177500597946178
950,"s(lastRippleHPC_z):DOWN_no",0.0340661893954239,0.000250737419392099,0.16114069843392,0.0460313806631749
951,"s(lastRippleHPC_z):DOWN_no",0.0215534069902601,0.000139715334235513,0.11884071586018,0.0555120006683764
952,"s(lastRippleHPC_z):DOWN_no",0.0112938959195423,2.58980041125929e-05,0.061411693442865,0.0490342322076146
953,"s(lastRippleHPC_z):DOWN_no",0.0373495169710214,0.000226682603696247,0.191780113341693,0.113669442476685
954,"s(lastRippleHPC_z):DOWN_no",0.00462532817059902,5.05411769273612e-05,0.0604027743296634,0.0177861075303265
955,"s(lastRippleHPC_z):DOWN_no",0.00544102937426771,3.66174375842083e-05,0.0394796980160867,0.0664800738744075
956,"s(lastRippleHPC_z):DOWN_no",0.0160574565901612,0.00017793198500614,0.102510273629206,0.140732628472738
957,"s(lastRippleHPC_z):DOWN_no",0.0112209532840088,3.41938948604146e-05,0.0716831385089531,0.0317939202464704
958,"s(lastRippleHPC_z):DOWN_no",0.000438964211022963,6.91970669820602e-06,0.0194423249747201,0.0134261960493276
959,"s(lastRippleHPC_z):DOWN_no",0.011674129767913,2.54993628461647e-05,0.0545443359124561,0.0376763304187091
960,"s(lastRippleHPC_z):DOWN_no",0.0455921900052836,0.000336715207112343,0.114154629503954,0.0509105067715443
961,"s(lastRippleHPC_z):DOWN_no",0.0083864360635566,8.64893742632865e-05,0.0793995028434368,0.0233897611506431
962,"s(lastRippleHPC_z):DOWN_no",0.0334450790753307,0.000243513332168052,0.15085433289928,0.134497664378755
963,"s(lastRippleHPC_z):DOWN_no",0.031516079704895,0.000237237396294275,0.133318743306766,0.040054390697139
964,"s(lastRippleHPC_z):DOWN_no",0.000507935934487946,4.81466335033276e-06,0.0184511870417669,0.00543507574982361
965,"s(lastRippleHPC_z):DOWN_no",0.0489141524656684,0.000344730237955459,0.265393198183641,0.0757635935672873
966,"s(lastRippleHPC_z):DOWN_no",0.0164186138442775,4.10091954715148e-05,0.0834097964860317,0.0549758247761321
967,"s(lastRippleHPC_z):DOWN_no",0.00352568332573977,3.58398830292386e-05,0.0514965093226354,0.0151638000349366
968,"s(lastRippleHPC_z):DOWN_no",0.032893918035743,0.000247594026833575,0.160470631265872,0.130826942946415
969,"s(lastRippleHPC_z):DOWN_no",0.0128365334860101,5.15973752381311e-05,0.0832928279589334,0.0297833029002881
970,"s(lastRippleHPC_z):DOWN_no",0.0141515949926161,7.61427726353482e-05,0.0631083145074189,0.03293722142176
971,"s(lastRippleHPC_z):DOWN_no",0.00579747026578747,1.11524597720956e-05,0.0382643121075178,0.0220480306204523
972,"s(lastRippleHPC_z):DOWN_no",0.00114995562151865,1.53549765019365e-05,0.0301309158897897,0.0177552533709918
973,"s(lastRippleHPC_z):DOWN_no",0.0496779911638576,0.000385956606137549,0.168218152356443,0.0594838960162853
974,"s(lastRippleHPC_z):DOWN_no",0.00317586339571463,3.22293171954789e-05,0.0479403711278826,0.0141186815241176
975,"s(lastRippleHPC_z):DOWN_no",0.0293734008128155,0.00022340465635444,0.113782631629113,0.0306856421829992
976,"s(lastRippleHPC_z):DOWN_no",0.00419674141620163,4.70315238987498e-05,0.0573614370758722,0.0188362639540574
977,"s(lastRippleHPC_z):DOWN_no",0.0445165298337704,0.00032691615713779,0.190809170614981,0.148109348346354
978,"s(lastRippleHPC_z):DOWN_no",4.09158792624709e-06,1.27368112742398e-05,0.00248707992636308,0.0338062806152589
979,"s(lastRippleHPC_z):DOWN_no",0.0101500150643892,9.1110570278934e-05,0.0616398405072773,0.0507830514927437
980,"s(lastRippleHPC_z):DOWN_no",0.0333881286236828,0.000235345933061465,0.164186589649837,0.126399297718399
981,"s(lastRippleHPC_z):DOWN_no",0.0134968215342637,0.000139755214453559,0.101371658230236,0.0298701456758746
982,"s(lastRippleHPC_z):DOWN_no",0.000550300117743596,6.55091023371288e-06,0.0220405513393961,0.00648808974109744
983,"s(lastRippleHPC_z):DOWN_no",0.0512287213671287,0.000416856426952055,0.205940178333607,0.0623213410160921
984,"s(lastRippleHPC_z):DOWN_no",0.0063980822534706,3.63906607443229e-05,0.0355888149072799,0.0102740135464765
985,"s(lastRippleHPC_z):DOWN_no",0.00776483346383117,4.97278234875097e-05,0.0450576857929372,0.0161461329018426
986,"s(lastRippleHPC_z):DOWN_no",0.0134019611217164,7.13266121018998e-05,0.0859990035121691,0.0283387354293895
987,"s(lastRippleHPC_z):DOWN_no",0.0215038427156662,0.000120514629300352,0.0885965515385211,0.0516861003056226
988,"s(lastRippleHPC_z):DOWN_no",0.0263032148668927,0.00020692688425827,0.133345976948518,0.0672775113488009
989,"s(lastRippleHPC_z):DOWN_no",0.0209182474289538,0.000222642019637892,0.123755044293134,0.0394905978784865
990,"s(lastRippleHPC_z):DOWN_no",0.00145355585936535,1.65601570252307e-05,0.032176269764572,0.016230247469279
991,"s(lastRippleHPC_z):DOWN_no",0.0211902684697503,0.000143312293860607,0.113652271701023,0.0819607056516573
992,"s(lastRippleHPC_z):DOWN_no",0.000162254133742934,1.67646641233365e-06,0.0111851661823495,0.00329403163264599
993,"s(lastRippleHPC_z):DOWN_no",0.0170485589800577,0.0001936759622928,0.110699128369641,0.200469053488269
994,"s(lastRippleHPC_z):DOWN_no",0.00850969562677317,1.13302298327472e-05,0.0429158671928233,0.0288086952418747
995,"s(lastRippleHPC_z):DOWN_no",0.029113963741378,0.0002246747900751,0.110603051051461,0.0375414826475706
996,"s(lastRippleHPC_z):DOWN_no",0.0330129733706404,0.000238029589703614,0.153158547882831,0.141038616491821
997,"s(lastRippleHPC_z):DOWN_no",0.0549802453454511,0.000480076522722412,0.188897903739251,0.0883323101409432
998,"s(lastRippleHPC_z):DOWN_no",0.00762747252944163,2.68261545959312e-05,0.054344401943881,0.0387888406168347
999,"s(lastRippleHPC_z):DOWN_no",0.047551783399399,0.000380399568251814,0.0927006670152099,0.0356490002977995
1000,"s(lastRippleHPC_z):DOWN_no",0.0215180551975793,0.000164036310729132,0.106007267840062,0.0335537520245448
1,"s(lastRippleHPC_z):DOWN_yes",0.0405623966737698,0.000342855445037672,0.16765337625694,0.0591710109990784
2,"s(lastRippleHPC_z):DOWN_yes",0.0488202757109528,0.000409515442069082,0.262848559473708,0.0766297452523368
3,"s(lastRippleHPC_z):DOWN_yes",0.0481526145448488,0.000357327297044627,0.118315012899566,0.149254443731038
4,"s(lastRippleHPC_z):DOWN_yes",0.0565621007976258,0.000616683444283941,0.267079453877311,0.11153928354025
5,"s(lastRippleHPC_z):DOWN_yes",0.0775864975416418,0.000813380567352552,0.314676460394202,0.0926935356764003
6,"s(lastRippleHPC_z):DOWN_yes",0.0998549753201878,0.00104875105974694,0.356286875311014,0.104934700699465
7,"s(lastRippleHPC_z):DOWN_yes",0.0549043508682381,0.000574030139782222,0.269010384546841,0.0792349021644426
8,"s(lastRippleHPC_z):DOWN_yes",0.0316003183108204,6.98348588190676e-05,0.196954585255541,0.0582651172545476
9,"s(lastRippleHPC_z):DOWN_yes",0.0945240302407404,0.000994442455271137,0.35282214211309,0.103909614440435
10,"s(lastRippleHPC_z):DOWN_yes",0.167577402236494,0.00175018865307052,0.466717909451437,0.137460738311767
11,"s(lastRippleHPC_z):DOWN_yes",0.0732686934827651,0.000609696866972476,0.239065396411569,0.0782736818135884
12,"s(lastRippleHPC_z):DOWN_yes",0.0843698320510313,0.000781815893221159,0.239740775684929,0.0941899502965196
13,"s(lastRippleHPC_z):DOWN_yes",0.0575235819522355,0.000316350568266811,0.176755140456738,0.0934606464027023
14,"s(lastRippleHPC_z):DOWN_yes",0.0465193709469087,0.000491027427293405,0.246087811224033,0.0724761689513398
15,"s(lastRippleHPC_z):DOWN_yes",0.0960732060935863,0.0010089794277882,0.343518572736282,0.101168921847926
16,"s(lastRippleHPC_z):DOWN_yes",0.0415305517481883,0.000435328031825077,0.225524570622537,0.0759969484703692
17,"s(lastRippleHPC_z):DOWN_yes",0.0461063524403658,0.000489048277206441,0.238912897421004,0.0878204769666526
18,"s(lastRippleHPC_z):DOWN_yes",0.0318543935180937,0.000328920706357098,0.197932542213006,0.0583000470773793
19,"s(lastRippleHPC_z):DOWN_yes",0.0114671758398659,0.000120232796083808,0.1209149803738,0.0356297001722189
20,"s(lastRippleHPC_z):DOWN_yes",0.0370077694076976,0.000387952737311239,0.214841152308199,0.0632763551398425
21,"s(lastRippleHPC_z):DOWN_yes",0.0606793917688728,0.000623853352129811,0.275213470749343,0.0810527743678051
22,"s(lastRippleHPC_z):DOWN_yes",0.048630483213234,0.000504525541030852,0.247629613344848,0.0729463909450199
23,"s(lastRippleHPC_z):DOWN_yes",0.0472084569679554,0.000278013581058571,0.240005660071432,0.0725711510694176
24,"s(lastRippleHPC_z):DOWN_yes",0.055015728064582,0.0005831074235631,0.266368094452062,0.0836210780520449
25,"s(lastRippleHPC_z):DOWN_yes",0.00843773914037627,8.68511531110842e-05,0.10438418486581,0.0307433457248448
26,"s(lastRippleHPC_z):DOWN_yes",0.024724472507847,0.000198062699342206,0.129489372728814,0.0423014163486345
27,"s(lastRippleHPC_z):DOWN_yes",0.0104592394748044,0.000142462504982018,0.114584381980064,0.0951545280308945
28,"s(lastRippleHPC_z):DOWN_yes",0.0774590314009469,0.000818318110600357,0.311374869044675,0.0969306306067622
29,"s(lastRippleHPC_z):DOWN_yes",0.0846561386224556,0.000889495509485394,0.329284056578397,0.096989484188122
30,"s(lastRippleHPC_z):DOWN_yes",0.0530372873543081,0.000554149712021367,0.256240515502815,0.0755307967485965
31,"s(lastRippleHPC_z):DOWN_yes",0.0632949162723051,0.000637330285051948,0.282605772518567,0.0832299574141964
32,"s(lastRippleHPC_z):DOWN_yes",0.0305440492735221,0.000294588933508816,0.188681422858823,0.0555752994314198
33,"s(lastRippleHPC_z):DOWN_yes",0.122861888891834,0.00129430200773228,0.397010281255577,0.116925799897987
34,"s(lastRippleHPC_z):DOWN_yes",0.0347487893634941,0.000402341294600069,0.207785766559037,0.150439010579481
35,"s(lastRippleHPC_z):DOWN_yes",0.120043341908237,0.000961984572797782,0.177020584880583,0.153902452086062
36,"s(lastRippleHPC_z):DOWN_yes",0.0757464287701914,0.0007938407956787,0.309439650986645,0.0911770907675336
37,"s(lastRippleHPC_z):DOWN_yes",0.0403281956037853,0.000406125767110854,0.219972092587044,0.0647616375282618
38,"s(lastRippleHPC_z):DOWN_yes",0.0788156597924221,0.000676119323261309,0.275113473294019,0.110415104066889
39,"s(lastRippleHPC_z):DOWN_yes",0.0470716526943633,0.000500748043187913,0.236203255685858,0.0731725613108946
40,"s(lastRippleHPC_z):DOWN_yes",0.0164051578951803,0.000172586964666128,0.144557152268622,0.0425764035610364
41,"s(lastRippleHPC_z):DOWN_yes",0.00803918712826945,9.03546220131266e-05,0.0990263698413601,0.051867465107008
42,"s(lastRippleHPC_z):DOWN_yes",0.099169109052152,0.00104488227059103,0.354826956146944,0.104500577293405
43,"s(lastRippleHPC_z):DOWN_yes",0.0304775508120807,0.000208583428926434,0.195326352413003,0.0612227600232537
44,"s(lastRippleHPC_z):DOWN_yes",0.0454728971759106,0.000474298202451317,0.236571473615884,0.0696841884379745
45,"s(lastRippleHPC_z):DOWN_yes",0.128311414236031,0.00134497148336211,0.39954422722669,0.117671315604304
46,"s(lastRippleHPC_z):DOWN_yes",0.0882772956623494,0.000840282383556005,0.309073403785625,0.100873593414448
47,"s(lastRippleHPC_z):DOWN_yes",0.0817201846467253,0.000436969270562848,0.254096785489149,0.102134058304283
48,"s(lastRippleHPC_z):DOWN_yes",0.0783128025893607,0.000812063973289671,0.316219215881366,0.0931310679420456
49,"s(lastRippleHPC_z):DOWN_yes",0.06849656774531,0.000699026135766999,0.291668111589863,0.0859117173412324
50,"s(lastRippleHPC_z):DOWN_yes",0.072346305041485,0.000754006093263189,0.301817125513297,0.0889097740485643
51,"s(lastRippleHPC_z):DOWN_yes",0.212852976402186,0.00198352455480204,0.489403951585122,0.599283148137892
52,"s(lastRippleHPC_z):DOWN_yes",0.0695109640769473,0.000405327125857291,0.149844994472603,0.10865908058261
53,"s(lastRippleHPC_z):DOWN_yes",0.0578682314624128,0.000607874901207384,0.273056256388183,0.080424843383198
54,"s(lastRippleHPC_z):DOWN_yes",0.0519951511361079,0.000544440278499873,0.256009576583655,0.0753997136658625
55,"s(lastRippleHPC_z):DOWN_yes",0.055412070407014,0.000577419304916631,0.267694875136149,0.0788419925720969
56,"s(lastRippleHPC_z):DOWN_yes",0.0907397620985382,0.000519359026227103,0.257687341267797,0.102553537978335
57,"s(lastRippleHPC_z):DOWN_yes",0.0551357540747999,0.000471131965861903,0.223468309712018,0.0869198564385967
58,"s(lastRippleHPC_z):DOWN_yes",0.0668912159457626,0.00048849356988908,0.223488560394565,0.151047920563138
59,"s(lastRippleHPC_z):DOWN_yes",0.0484710029058055,0.000291323957085166,0.152094304076155,0.108690972114372
60,"s(lastRippleHPC_z):DOWN_yes",0.0295039786859279,0.000296430532069524,0.191508858328812,0.056403719758559
61,"s(lastRippleHPC_z):DOWN_yes",0.095759770008943,0.000824561354114122,0.342129707036423,0.104616362377948
62,"s(lastRippleHPC_z):DOWN_yes",0.10495403234602,0.000884098823346586,0.172226981500729,0.209310380922326
63,"s(lastRippleHPC_z):DOWN_yes",0.00727762865997672,7.43271231358896e-05,0.0957607136232546,0.0282018180846511
64,"s(lastRippleHPC_z):DOWN_yes",0.0800479342439742,0.000833464384963969,0.320521980366951,0.094397129469609
65,"s(lastRippleHPC_z):DOWN_yes",0.0198560451192131,0.000207885054869725,0.157898157191807,0.0465057091200477
66,"s(lastRippleHPC_z):DOWN_yes",0.0333627792787219,0.000125070958733827,0.193798913566545,0.0589889357530039
67,"s(lastRippleHPC_z):DOWN_yes",0.0421994057843786,0.000185916804450641,0.180394005842733,0.0944496840783551
68,"s(lastRippleHPC_z):DOWN_yes",0.0948020880245304,0.000998173703568616,0.347266849221386,0.102474804969739
69,"s(lastRippleHPC_z):DOWN_yes",0.0252246518180144,0.000262042861984161,0.18221028676089,0.0536626489196425
70,"s(lastRippleHPC_z):DOWN_yes",0.0503148296633089,0.000520776427748745,0.253184321563369,0.0745812417384639
71,"s(lastRippleHPC_z):DOWN_yes",0.0127708667062869,0.000132911261159051,0.127740106778653,0.0389116523049877
72,"s(lastRippleHPC_z):DOWN_yes",0.072676893190863,0.000318287588781176,0.289069769199891,0.0862459110388323
73,"s(lastRippleHPC_z):DOWN_yes",0.0771605976568415,0.000803464204536419,0.314009715148516,0.0924980694604329
74,"s(lastRippleHPC_z):DOWN_yes",0.0308783562026305,0.000322031747474845,0.198045967256555,0.0583250526548312
75,"s(lastRippleHPC_z):DOWN_yes",0.0479357653677459,0.000416750164182614,0.18929813630302,0.240393706580896
76,"s(lastRippleHPC_z):DOWN_yes",0.0286654517192444,0.000295326159108452,0.190464957373218,0.0560971941446525
77,"s(lastRippleHPC_z):DOWN_yes",0.0365135538117949,0.000373727898887434,0.216485397852574,0.0637576527496463
78,"s(lastRippleHPC_z):DOWN_yes",0.0968845710730353,0.000962855870028061,0.329465371283366,0.118189506288866
79,"s(lastRippleHPC_z):DOWN_yes",0.0353048388997124,0.000369591780095165,0.213917281150022,0.0630067317676649
80,"s(lastRippleHPC_z):DOWN_yes",0.068885849251811,0.000710731449151057,0.285144907179782,0.0839839342547265
81,"s(lastRippleHPC_z):DOWN_yes",0.063290491889787,0.000533110822244748,0.181030624666798,0.0640784673021849
82,"s(lastRippleHPC_z):DOWN_yes",0.0416151343906286,0.000471984019181575,0.231594968608105,0.122920874566021
83,"s(lastRippleHPC_z):DOWN_yes",0.0328954768983891,0.000377302791357513,0.203329580004432,0.075473858310575
84,"s(lastRippleHPC_z):DOWN_yes",0.0274324890423623,0.000281937176122393,0.182405668150597,0.0537265561803493
85,"s(lastRippleHPC_z):DOWN_yes",0.0357353084243712,0.000137191885614144,0.220877628357402,0.0641597621555194
86,"s(lastRippleHPC_z):DOWN_yes",0.0832332049903854,0.00070461787626546,0.159629394184082,0.0666364959320539
87,"s(lastRippleHPC_z):DOWN_yes",0.0284392390829336,4.28643462794089e-05,0.185286667866125,0.0547445622166382
88,"s(lastRippleHPC_z):DOWN_yes",0.0818369188490751,0.000882309954173237,0.324293998264054,0.1052013472134
89,"s(lastRippleHPC_z):DOWN_yes",0.035314097019846,0.00037835637914226,0.208987351501798,0.0766815709131673
90,"s(lastRippleHPC_z):DOWN_yes",0.0197617280351157,0.000198925433720225,0.159542080760415,0.0469888724756449
91,"s(lastRippleHPC_z):DOWN_yes",0.0681808761589542,0.000728533832058788,0.289160070377701,0.0885180036083544
92,"s(lastRippleHPC_z):DOWN_yes",0.0599337123268793,0.000621888312570688,0.28093387797169,0.0827390210372016
93,"s(lastRippleHPC_z):DOWN_yes",0.0634019214191008,0.000259070487299905,0.282709391695452,0.0843694664767204
94,"s(lastRippleHPC_z):DOWN_yes",0.0960958265966596,0.00101343576232318,0.345768180905572,0.101832965646235
95,"s(lastRippleHPC_z):DOWN_yes",0.1689321740227,0.00158247845731386,0.489394370927643,0.145151707335565
96,"s(lastRippleHPC_z):DOWN_yes",0.0474526126167065,0.000258508600674533,0.23499305497245,0.0752431365857996
97,"s(lastRippleHPC_z):DOWN_yes",0.0677239708276796,0.000701597978825266,0.288610467999496,0.0849992355557706
98,"s(lastRippleHPC_z):DOWN_yes",0.0407027600146366,0.00022551825586885,0.148181767514416,0.0673328381200572
99,"s(lastRippleHPC_z):DOWN_yes",0.0141043642781327,0.000146589481050363,0.132353980877264,0.0389845381628892
100,"s(lastRippleHPC_z):DOWN_yes",0.0214812990942184,0.000218108546754628,0.162524680217628,0.0478849047190482
101,"s(lastRippleHPC_z):DOWN_yes",0.107082163405667,0.00111092459473922,0.36764737868988,0.108283672045883
102,"s(lastRippleHPC_z):DOWN_yes",0.0578907252045981,0.000600807943965174,0.267861340832451,0.0788884752723163
103,"s(lastRippleHPC_z):DOWN_yes",0.10316360413772,0.000935653292036568,0.302074795043068,0.219521808334096
104,"s(lastRippleHPC_z):DOWN_yes",0.0879947584497307,0.000908132890746894,0.336091021220739,0.0989836027976297
105,"s(lastRippleHPC_z):DOWN_yes",0.0664313845719811,0.000596901378796531,0.291300770720657,0.0859546494580971
106,"s(lastRippleHPC_z):DOWN_yes",0.0174040009706236,0.000181094713289001,0.151255088956574,0.0445505899327431
107,"s(lastRippleHPC_z):DOWN_yes",0.127534862768035,0.00087624089831488,0.314822792044415,0.146293324683
108,"s(lastRippleHPC_z):DOWN_yes",0.00609159222377098,9.77649125804175e-06,0.0728601317441845,0.0239376330722749
109,"s(lastRippleHPC_z):DOWN_yes",0.0208179331288498,0.00021634710712971,0.16043702852281,0.0472498845276016
110,"s(lastRippleHPC_z):DOWN_yes",0.039018022073261,0.000419600020738752,0.213068585823209,0.0914958656704085
111,"s(lastRippleHPC_z):DOWN_yes",0.0694125074645369,0.000602551957169964,0.2184704096214,0.0816483945185444
112,"s(lastRippleHPC_z):DOWN_yes",0.0853259781193447,0.00067919849459526,0.289896513226836,0.0927816325344554
113,"s(lastRippleHPC_z):DOWN_yes",0.0944370030943995,0.000792654613719021,0.138682647024305,0.0549309205010469
114,"s(lastRippleHPC_z):DOWN_yes",0.0105413108081276,0.000107712713008033,0.116859829177811,0.0344223346998168
115,"s(lastRippleHPC_z):DOWN_yes",0.0776705196687706,0.000818475004657205,0.315855054209948,0.0930301201608174
116,"s(lastRippleHPC_z):DOWN_yes",0.0348394702795041,0.000189021402010332,0.266100295823301,0.13211261109318
117,"s(lastRippleHPC_z):DOWN_yes",0.050919509046417,0.000512302844006419,0.246259330629189,0.0725274499361942
118,"s(lastRippleHPC_z):DOWN_yes",0.100911435691169,0.000923853133008161,0.37065102168166,0.13238525905908
119,"s(lastRippleHPC_z):DOWN_yes",0.0307194321757613,0.000313303723362853,0.198830504510315,0.0585593144002866
120,"s(lastRippleHPC_z):DOWN_yes",0.079129723173585,0.000809493727746652,0.310464362051141,0.0914405547934957
121,"s(lastRippleHPC_z):DOWN_yes",0.083540137945036,0.000872686299793249,0.320950464615521,0.0945237041802306
122,"s(lastRippleHPC_z):DOWN_yes",0.0742377093329454,0.00056495559859127,0.260304371082473,0.0861003724385398
123,"s(lastRippleHPC_z):DOWN_yes",0.0373717849016657,0.000138411612945966,0.218659568350403,0.0637973824295807
124,"s(lastRippleHPC_z):DOWN_yes",0.0593300773089762,0.000622730223669178,0.275506243090884,0.0811634891631046
125,"s(lastRippleHPC_z):DOWN_yes",0.0488296385821414,0.000513469802517443,0.251356791322771,0.0740267695903047
126,"s(lastRippleHPC_z):DOWN_yes",0.0899506899722757,0.000941776121572133,0.33976688597994,0.113510233994803
127,"s(lastRippleHPC_z):DOWN_yes",0.0467845389293462,0.00025134231853783,0.112483039562797,0.0538900495505753
128,"s(lastRippleHPC_z):DOWN_yes",0.0576033254174266,0.000488840252772363,0.173520155242575,0.0802552234397298
129,"s(lastRippleHPC_z):DOWN_yes",0.0648402301942594,0.000485993595873075,0.204797166306228,0.192451927076801
130,"s(lastRippleHPC_z):DOWN_yes",0.0660140121457875,0.000680911507093133,0.285642235570289,0.0841304519519283
131,"s(lastRippleHPC_z):DOWN_yes",0.0774860849843515,0.000572191159185727,0.298600487220474,0.102117277930995
132,"s(lastRippleHPC_z):DOWN_yes",0.0564332520008319,0.000356982139299991,0.260567015752046,0.0913861400423137
133,"s(lastRippleHPC_z):DOWN_yes",0.0900072804463994,0.000944103118305584,0.3463949448608,0.102019120895403
134,"s(lastRippleHPC_z):DOWN_yes",0.0565822065692867,0.000179618610301135,0.268337899125942,0.0802072316046494
135,"s(lastRippleHPC_z):DOWN_yes",0.0390905578878602,0.000402164582175369,0.221697330861579,0.0652956533340892
136,"s(lastRippleHPC_z):DOWN_yes",0.0956950450031995,0.00078550828020685,0.217396380252931,0.086854027851929
137,"s(lastRippleHPC_z):DOWN_yes",0.0639078199986027,0.000669363012512409,0.286911437185253,0.0845001485849455
138,"s(lastRippleHPC_z):DOWN_yes",0.0738115756598434,0.000770346357828685,0.309735653301197,0.091221086978606
139,"s(lastRippleHPC_z):DOWN_yes",0.0285087263269164,0.000289790238977768,0.188858706147585,0.0556194779929457
140,"s(lastRippleHPC_z):DOWN_yes",0.0310671596372831,0.000345134597532765,0.198432582541581,0.0982539594935154
141,"s(lastRippleHPC_z):DOWN_yes",0.0219053913352774,0.000229835550069744,0.167791911819088,0.0637050564118849
142,"s(lastRippleHPC_z):DOWN_yes",0.0319166901982566,0.000320979751673302,0.196025674266517,0.0577324851783988
143,"s(lastRippleHPC_z):DOWN_yes",0.0609731605719146,0.000634285422231149,0.27954777571617,0.0823290490632618
144,"s(lastRippleHPC_z):DOWN_yes",0.0168896781136505,3.13135252574897e-05,0.140271401762583,0.0422340357166507
145,"s(lastRippleHPC_z):DOWN_yes",0.0283739559271154,0.000296369034099943,0.18818428550853,0.0554252082176731
146,"s(lastRippleHPC_z):DOWN_yes",0.0831453958385033,0.000702935391309493,0.297859474277907,0.100326904816934
147,"s(lastRippleHPC_z):DOWN_yes",0.0580302684135781,0.000457957200167043,0.234426030927061,0.0763563792868229
148,"s(lastRippleHPC_z):DOWN_yes",0.0708689889457883,0.000543893461687655,0.284970251044005,0.0871893046555438
149,"s(lastRippleHPC_z):DOWN_yes",0.105692673714523,0.000753099922890105,0.372446234399458,0.109039499330053
150,"s(lastRippleHPC_z):DOWN_yes",0.0569287194929871,0.000539067002633516,0.265315297465876,0.0780467856821837
151,"s(lastRippleHPC_z):DOWN_yes",0.0490477041140354,0.000507666880137988,0.243343168015136,0.0716709929520529
152,"s(lastRippleHPC_z):DOWN_yes",0.0318098983658937,0.00032887114615686,0.193352814683534,0.0569461759714204
153,"s(lastRippleHPC_z):DOWN_yes",0.0281506513653822,0.000241421583616413,0.149678164024373,0.123241619563941
154,"s(lastRippleHPC_z):DOWN_yes",0.058927737400956,0.000633638756100196,0.275713827962132,0.118741219205405
155,"s(lastRippleHPC_z):DOWN_yes",0.0604439394983523,0.000630374540804309,0.278246723711283,0.0819456850521176
156,"s(lastRippleHPC_z):DOWN_yes",0.0535424714826078,0.00056275675649479,0.264335313315073,0.0778514560352925
157,"s(lastRippleHPC_z):DOWN_yes",0.0145035139279726,0.000147471310742998,0.136223011853664,0.0401201533784438
158,"s(lastRippleHPC_z):DOWN_yes",0.0446259274732093,0.000466492552961087,0.232722789221528,0.0686250707029182
159,"s(lastRippleHPC_z):DOWN_yes",0.0283325484641228,0.0002805908062583,0.186281800260131,0.0548746063821678
160,"s(lastRippleHPC_z):DOWN_yes",0.0157108783317232,0.000157823397762968,0.141602755367464,0.0417083005448728
161,"s(lastRippleHPC_z):DOWN_yes",0.0348576252596358,0.000323087670589375,0.184919497162209,0.0555311700040802
162,"s(lastRippleHPC_z):DOWN_yes",0.0430781317127629,8.408637362244e-05,0.237948762228624,0.0699737005070269
163,"s(lastRippleHPC_z):DOWN_yes",0.0565530424343965,0.000585335360293776,0.266623351783284,0.078521499274178
164,"s(lastRippleHPC_z):DOWN_yes",0.0640557439003935,0.00050653235223024,0.287148459829755,0.091780579940388
165,"s(lastRippleHPC_z):DOWN_yes",0.0920225561744505,0.0009649655292086,0.339942710331031,0.100132394644029
166,"s(lastRippleHPC_z):DOWN_yes",0.0563160512767045,0.000515121882168016,0.20546721399125,0.0816049254037042
167,"s(lastRippleHPC_z):DOWN_yes",0.0421918698283807,0.000454439574407399,0.231231461287458,0.0740976740444951
168,"s(lastRippleHPC_z):DOWN_yes",0.0285124160688062,0.000320485637009367,0.191142454683755,0.0979781185503805
169,"s(lastRippleHPC_z):DOWN_yes",0.0815788767641541,0.000686432277162911,0.264558559081134,0.093303288818667
170,"s(lastRippleHPC_z):DOWN_yes",0.0594881274002717,0.000375796729440513,0.222083737169563,0.13061246031107
171,"s(lastRippleHPC_z):DOWN_yes",0.0700936069911693,0.000737881586677656,0.293616750070993,0.117470376173953
172,"s(lastRippleHPC_z):DOWN_yes",0.0492816884829486,0.000518425541371594,0.254637078872877,0.0750041092776049
173,"s(lastRippleHPC_z):DOWN_yes",0.026383235208816,0.000162162596249048,0.176324178698307,0.0525622545798543
174,"s(lastRippleHPC_z):DOWN_yes",0.030653566038632,0.000333188542217938,0.196507558370566,0.0673020218267942
175,"s(lastRippleHPC_z):DOWN_yes",0.0539610958244232,0.000566812020159351,0.266601195777694,0.0785214155030817
176,"s(lastRippleHPC_z):DOWN_yes",0.0454470021065001,0.000456917635836158,0.237541007253102,0.069955437358883
177,"s(lastRippleHPC_z):DOWN_yes",0.070186359405648,0.000449618723753334,0.195724223727813,0.0824065261409864
178,"s(lastRippleHPC_z):DOWN_yes",0.0299866601883219,0.000312998448772467,0.194719575350864,0.0573463278008834
179,"s(lastRippleHPC_z):DOWN_yes",0.0243231119123291,0.00024154482457272,0.174500047933709,0.0513926834786805
180,"s(lastRippleHPC_z):DOWN_yes",0.00763459616320983,9.17135031861455e-06,0.0926265113209472,0.027964260159442
181,"s(lastRippleHPC_z):DOWN_yes",0.055805029910136,0.000565752274114852,0.26357036951001,0.0776393384027446
182,"s(lastRippleHPC_z):DOWN_yes",0.0635919133552028,0.000666549519879379,0.291673807376845,0.0859095342371576
183,"s(lastRippleHPC_z):DOWN_yes",0.102146430293432,0.00106895101796658,0.363676575919491,0.107115105078318
184,"s(lastRippleHPC_z):DOWN_yes",0.0173495660800729,0.000191859256292368,0.14846439007538,0.0551775155387629
185,"s(lastRippleHPC_z):DOWN_yes",0.0496165189630426,0.000269588081837535,0.175194293331709,0.0788492430065517
186,"s(lastRippleHPC_z):DOWN_yes",0.0322488979594819,0.000323085143522092,0.197046863661213,0.0604162726430829
187,"s(lastRippleHPC_z):DOWN_yes",0.0644594040873514,0.000348532660996934,0.187134651108361,0.0715666971781185
188,"s(lastRippleHPC_z):DOWN_yes",0.0539349710035459,0.000289772877319738,0.25005683383324,0.0783370246447935
189,"s(lastRippleHPC_z):DOWN_yes",0.0236010542970924,0.000247832514008836,0.173864142660629,0.0519967120483518
190,"s(lastRippleHPC_z):DOWN_yes",0.113725842271284,0.00119907839038048,0.377921983844645,0.111302142344417
191,"s(lastRippleHPC_z):DOWN_yes",0.0326034808609945,0.000337210058486745,0.195366691894102,0.0576219413313818
192,"s(lastRippleHPC_z):DOWN_yes",0.0348929424157634,0.000277523354471266,0.202723848363583,0.061462070297112
193,"s(lastRippleHPC_z):DOWN_yes",0.138126232143032,0.00142705694191879,0.419679850883591,0.173386631862057
194,"s(lastRippleHPC_z):DOWN_yes",0.0846557122396652,0.000874896727972306,0.330270496742796,0.0973438169488119
195,"s(lastRippleHPC_z):DOWN_yes",0.153873379473596,0.0011496152361541,0.183073134060259,0.0775131619032971
196,"s(lastRippleHPC_z):DOWN_yes",0.0721535339182626,0.000746315659891514,0.304804103976988,0.0898031884903856
197,"s(lastRippleHPC_z):DOWN_yes",0.0631822226410046,0.000660089750550012,0.279343661844972,0.0840285672259886
198,"s(lastRippleHPC_z):DOWN_yes",0.0800467426117377,0.000866902074746571,0.318837402107664,0.157303754585653
199,"s(lastRippleHPC_z):DOWN_yes",0.0149259590266757,0.000154817216186519,0.139656998218995,0.0411287332476529
200,"s(lastRippleHPC_z):DOWN_yes",0.0501784298941468,0.000411379490516264,0.213418955385299,0.0669593438795525
201,"s(lastRippleHPC_z):DOWN_yes",0.0311785366957498,0.000328906113918584,0.200106109618387,0.0589368457062664
202,"s(lastRippleHPC_z):DOWN_yes",0.105556325498438,0.00110933158699434,0.366286122448371,0.109072638910825
203,"s(lastRippleHPC_z):DOWN_yes",0.0431925825662951,0.000335390027758682,0.198153570647191,0.0724762546335415
204,"s(lastRippleHPC_z):DOWN_yes",0.0538271922008677,0.000573119243964827,0.264875011666449,0.0815234656592086
205,"s(lastRippleHPC_z):DOWN_yes",0.0914550566030297,0.000966291602451288,0.346033168364517,0.111884060617191
206,"s(lastRippleHPC_z):DOWN_yes",0.101804989966586,0.00107757376829498,0.355634425890988,0.104749129149721
207,"s(lastRippleHPC_z):DOWN_yes",0.107152512818327,0.00124373339345624,0.37174579665239,0.112027295172739
208,"s(lastRippleHPC_z):DOWN_yes",0.0666290482826399,0.000533228143857159,0.241260787673525,0.0757362385992005
209,"s(lastRippleHPC_z):DOWN_yes",0.060273664395659,0.00051755150036577,0.279987992590464,0.208354974438679
210,"s(lastRippleHPC_z):DOWN_yes",0.0345548102034838,0.0004240309510518,0.212152637223986,0.147458243035774
211,"s(lastRippleHPC_z):DOWN_yes",0.0300075799582462,0.000317881039513722,0.19480197220992,0.0798377447181567
212,"s(lastRippleHPC_z):DOWN_yes",0.0582879930350577,0.000520769690623548,0.255334966529571,0.0752015857224272
213,"s(lastRippleHPC_z):DOWN_yes",0.0538983626724727,0.000556477531939672,0.260826711232226,0.0768233847590539
214,"s(lastRippleHPC_z):DOWN_yes",0.0366898001979585,0.000397248479574511,0.216355312763311,0.0895801779018921
215,"s(lastRippleHPC_z):DOWN_yes",0.11497325621839,0.000911637945915141,0.349569473845016,0.191754650590672
216,"s(lastRippleHPC_z):DOWN_yes",0.11487974109039,0.00120062420573543,0.38571611150281,0.145961656516531
217,"s(lastRippleHPC_z):DOWN_yes",0.029474020760115,0.000311926965898401,0.196160864928524,0.0608777460917259
218,"s(lastRippleHPC_z):DOWN_yes",0.0276633942367219,0.000289951711466864,0.189191818623779,0.0557224895109241
219,"s(lastRippleHPC_z):DOWN_yes",0.0378674644848997,5.74916461715622e-05,0.22007864752528,0.0649820667409544
220,"s(lastRippleHPC_z):DOWN_yes",0.101901261418746,0.00106448283322133,0.362378833301915,0.106721839763284
221,"s(lastRippleHPC_z):DOWN_yes",0.0593742188209534,0.000608649946819482,0.266386738202588,0.0784537377649556
222,"s(lastRippleHPC_z):DOWN_yes",0.110908049141625,0.000965714704092691,0.267251036801666,0.0916023849596699
223,"s(lastRippleHPC_z):DOWN_yes",0.058343220082544,0.000604687757671583,0.274321004061368,0.0808012995208436
224,"s(lastRippleHPC_z):DOWN_yes",0.0574358619268969,0.000596644119458795,0.269937992535673,0.0794957415075921
225,"s(lastRippleHPC_z):DOWN_yes",0.140950165877798,0.00146272591438906,0.418597364864538,0.123288049598611
226,"s(lastRippleHPC_z):DOWN_yes",0.0496739134426605,0.000300176765404621,0.379400773381051,0.0923933228746817
227,"s(lastRippleHPC_z):DOWN_yes",0.0598613096656342,0.000612889766852019,0.279113508349511,0.0822139282611426
228,"s(lastRippleHPC_z):DOWN_yes",0.0889752831584021,0.000923231610434133,0.332094170827303,0.0978135454404861
229,"s(lastRippleHPC_z):DOWN_yes",0.0447609015336212,0.000464922220937638,0.232370692121437,0.0684281020054387
230,"s(lastRippleHPC_z):DOWN_yes",0.109475910812417,0.0011455409587181,0.373345388095471,0.109954383592333
231,"s(lastRippleHPC_z):DOWN_yes",0.145289419207111,0.00146079906543738,0.253410496966569,0.135250690319921
232,"s(lastRippleHPC_z):DOWN_yes",0.0275136263046436,0.000293257373224752,0.187822231687159,0.0986664987113326
233,"s(lastRippleHPC_z):DOWN_yes",0.0520193703504033,0.000544460643726272,0.25773569868079,0.0759171342967367
234,"s(lastRippleHPC_z):DOWN_yes",0.0980042481535071,0.00102858568231424,0.34950719060287,0.102941958749316
235,"s(lastRippleHPC_z):DOWN_yes",0.156329206291119,0.00161050600276446,0.443645528303479,0.13066027177499
236,"s(lastRippleHPC_z):DOWN_yes",0.0705784644558527,0.000626207288286439,0.324557399663541,0.0996496666412922
237,"s(lastRippleHPC_z):DOWN_yes",0.0552147922115802,0.000294370359448263,0.258757918132044,0.0769432682059814
238,"s(lastRippleHPC_z):DOWN_yes",0.0724405981732685,0.000731507984255028,0.299262835916281,0.0881440897284085
239,"s(lastRippleHPC_z):DOWN_yes",0.0997083176990321,0.000639300957337418,0.379537075399825,0.132770120703731
240,"s(lastRippleHPC_z):DOWN_yes",0.0186170433937942,0.000251132815516991,0.157376257443712,0.201292669296919
241,"s(lastRippleHPC_z):DOWN_yes",0.04678827453679,0.00052265433166186,0.245002042043144,0.0729654026335175
242,"s(lastRippleHPC_z):DOWN_yes",0.00593040223224595,6.94063123457272e-05,0.0919191379685442,0.0274542823581377
243,"s(lastRippleHPC_z):DOWN_yes",0.0824459409519545,0.000871160082901067,0.324615381310209,0.0956063594006724
244,"s(lastRippleHPC_z):DOWN_yes",0.0341582329377124,0.000368109311737131,0.211268898145375,0.0622214996793896
245,"s(lastRippleHPC_z):DOWN_yes",0.0187150149225968,0.000191925237091353,0.153403853834516,0.0451815678759782
246,"s(lastRippleHPC_z):DOWN_yes",0.0562056659778021,0.000609305168253949,0.272209888316791,0.0849730074675296
247,"s(lastRippleHPC_z):DOWN_yes",0.0686352577053722,0.000431824938996393,0.122682830694805,0.0469396208313033
248,"s(lastRippleHPC_z):DOWN_yes",0.0483794939826643,0.000518783314629438,0.246687264539806,0.103153427561873
249,"s(lastRippleHPC_z):DOWN_yes",0.0427351463994974,0.000434199755744882,0.232467510438762,0.068464766305786
250,"s(lastRippleHPC_z):DOWN_yes",0.099555261744281,0.000909340129876311,0.329313285817239,0.101030040156154
251,"s(lastRippleHPC_z):DOWN_yes",0.0317813042571542,0.000341900237937484,0.200100828684651,0.0641869465586759
252,"s(lastRippleHPC_z):DOWN_yes",0.0563653735398022,0.000307340829220868,0.242320328346504,0.0779814539083769
253,"s(lastRippleHPC_z):DOWN_yes",0.0424472756958201,0.000457305137338674,0.228188937291355,0.0934778449348043
254,"s(lastRippleHPC_z):DOWN_yes",0.0649983529269758,0.000780912263028195,0.283944875987333,0.208192470900729
255,"s(lastRippleHPC_z):DOWN_yes",0.016257438789208,0.000166743267074116,0.140311201839346,0.0413355433849525
256,"s(lastRippleHPC_z):DOWN_yes",0.029134102328265,0.000308432703223309,0.1931052786392,0.0620574127932945
257,"s(lastRippleHPC_z):DOWN_yes",0.100894425002474,0.00103876331167254,0.356579001523854,0.105627878771085
258,"s(lastRippleHPC_z):DOWN_yes",0.0653139836814871,0.00067166006386679,0.286920399693436,0.0845017898783967
259,"s(lastRippleHPC_z):DOWN_yes",0.0232022590275118,0.00023981835731212,0.172711749457436,0.0508691458795264
260,"s(lastRippleHPC_z):DOWN_yes",0.0899833076704564,0.00097973507280605,0.350546233791871,0.1140463378435
261,"s(lastRippleHPC_z):DOWN_yes",0.102390865504989,0.000879287165588406,0.341193125124851,0.108267172186408
262,"s(lastRippleHPC_z):DOWN_yes",0.0354167261377931,0.00036913983924126,0.216493803454405,0.063759795133733
263,"s(lastRippleHPC_z):DOWN_yes",0.0278746809305268,0.00017832303336936,0.107607171760805,0.0815851404055654
264,"s(lastRippleHPC_z):DOWN_yes",0.0447914950750476,0.000462952286845516,0.239567170437844,0.0705687829758722
265,"s(lastRippleHPC_z):DOWN_yes",0.109458200344518,0.000787337052869984,0.351420532075016,0.109545234667481
266,"s(lastRippleHPC_z):DOWN_yes",0.101745735256726,0.000692149223500852,0.357743256329882,0.104888389736435
267,"s(lastRippleHPC_z):DOWN_yes",0.0429436935663121,0.000435054771698105,0.231074905259207,0.0680599733639822
268,"s(lastRippleHPC_z):DOWN_yes",0.0189674418527188,0.000199239244170448,0.156896600351136,0.046210120983162
269,"s(lastRippleHPC_z):DOWN_yes",0.0676323819820821,0.000707481592695025,0.295673936912504,0.0870856793578898
270,"s(lastRippleHPC_z):DOWN_yes",0.0400688600064312,0.000419128754875026,0.226923588401546,0.0668343820955721
271,"s(lastRippleHPC_z):DOWN_yes",0.0324314508340899,0.000327744692699996,0.200011025045235,0.0589185377022963
272,"s(lastRippleHPC_z):DOWN_yes",0.0628249851873202,0.000585558088678028,0.267169409305548,0.0968162838174147
273,"s(lastRippleHPC_z):DOWN_yes",0.0478327658839932,0.000378690380876611,0.303089873878237,0.0862197564708641
274,"s(lastRippleHPC_z):DOWN_yes",0.0633408250855272,0.000661538212770485,0.281368738537218,0.0828785200685291
275,"s(lastRippleHPC_z):DOWN_yes",0.0759256840653171,0.000695700261150283,0.238261592142849,0.0960166554446883
276,"s(lastRippleHPC_z):DOWN_yes",0.0819509619673031,0.000853420532225951,0.332546673837465,0.0979406219060756
277,"s(lastRippleHPC_z):DOWN_yes",0.0171261040171622,0.000177494088354072,0.146624100994852,0.0431836367767323
278,"s(lastRippleHPC_z):DOWN_yes",0.0690575968702785,0.000417616977846134,0.309185848502617,0.0891722728601697
279,"s(lastRippleHPC_z):DOWN_yes",0.0253422674558248,0.000260190943321049,0.176568800374745,0.0520074359146294
280,"s(lastRippleHPC_z):DOWN_yes",0.0559987418776258,0.000345161489852484,0.22377150020087,0.095926116924436
281,"s(lastRippleHPC_z):DOWN_yes",0.0467608458127273,0.000484152365845608,0.239320590719973,0.0704804087083934
282,"s(lastRippleHPC_z):DOWN_yes",0.162626287097004,0.00169899690415282,0.447297094995599,0.132448531575344
283,"s(lastRippleHPC_z):DOWN_yes",0.0871195672505474,0.000655325901482139,0.267207400147899,0.0755043173902979
284,"s(lastRippleHPC_z):DOWN_yes",0.0723365051141407,0.00075352654951476,0.299894359017868,0.0883230243757428
285,"s(lastRippleHPC_z):DOWN_yes",0.0113640854611443,0.000121715807735869,0.120922621120868,0.0389473801318098
286,"s(lastRippleHPC_z):DOWN_yes",0.0181172053411247,0.000177418236801676,0.147284652515419,0.0433808759039785
287,"s(lastRippleHPC_z):DOWN_yes",0.0388971334469206,0.000432370493531255,0.220426310281148,0.142560369333254
288,"s(lastRippleHPC_z):DOWN_yes",0.0386321109388819,0.000385243852304851,0.215341180104595,0.0634202962369799
289,"s(lastRippleHPC_z):DOWN_yes",0.0886010908504264,0.000932049520917122,0.336685511273149,0.0996940077003226
290,"s(lastRippleHPC_z):DOWN_yes",0.1406072765633,0.00148507809235383,0.429707523144769,0.126559079690537
291,"s(lastRippleHPC_z):DOWN_yes",0.0605290485599461,0.000632349991991455,0.279985835327795,0.0824588473347005
292,"s(lastRippleHPC_z):DOWN_yes",0.0776683191280991,0.000619106409003618,0.398784491873096,0.106480245578635
293,"s(lastRippleHPC_z):DOWN_yes",0.0374792780640094,0.000304682222676537,0.155171108941833,0.0609241628739085
294,"s(lastRippleHPC_z):DOWN_yes",0.0206274240719564,0.000214366479366499,0.160276929890604,0.0472059773922004
295,"s(lastRippleHPC_z):DOWN_yes",0.0577652563766984,0.000609580322023634,0.273667948599226,0.0820212848661632
296,"s(lastRippleHPC_z):DOWN_yes",0.112526194092641,0.000945888504066203,0.279529974409117,0.139752244951832
297,"s(lastRippleHPC_z):DOWN_yes",0.090764705723819,0.000946045711690431,0.336447645609897,0.0990956020742126
298,"s(lastRippleHPC_z):DOWN_yes",0.0353013689615231,0.000356321668990703,0.209983552451091,0.0618429804741842
299,"s(lastRippleHPC_z):DOWN_yes",0.0398148788372223,0.000416437782503687,0.22564764858462,0.0664633439022677
300,"s(lastRippleHPC_z):DOWN_yes",0.0831532851353352,0.000876169108607184,0.33397522875307,0.0983597005510402
301,"s(lastRippleHPC_z):DOWN_yes",0.100110397224736,0.000958706426196912,0.293064711847711,0.242136448074639
302,"s(lastRippleHPC_z):DOWN_yes",0.0655806407830362,0.000579758727859339,0.255082931769004,0.0888804138207961
303,"s(lastRippleHPC_z):DOWN_yes",0.0986202953002495,0.000743558742487273,0.199602904655929,0.066355194364459
304,"s(lastRippleHPC_z):DOWN_yes",0.0148008973106037,0.000152015300424361,0.137008306985403,0.0403514461902706
305,"s(lastRippleHPC_z):DOWN_yes",0.031719035713011,0.000257882197710854,0.126427072880785,0.0511988629639056
306,"s(lastRippleHPC_z):DOWN_yes",0.0355199218269933,0.000373462383653413,0.209008659010517,0.0789672007047717
307,"s(lastRippleHPC_z):DOWN_yes",0.0198517788714403,0.000204522145881344,0.16281871760864,0.0479488415903941
308,"s(lastRippleHPC_z):DOWN_yes",0.0377793480179358,0.00031064598141044,0.144861087253147,0.0644564603385482
309,"s(lastRippleHPC_z):DOWN_yes",0.0233631788515787,0.000241457438145564,0.170067961473066,0.0501133929658625
310,"s(lastRippleHPC_z):DOWN_yes",0.0806648074199545,0.000460110053433212,0.28305035670823,0.106700213377744
311,"s(lastRippleHPC_z):DOWN_yes",0.0119125737583134,0.00012362348983337,0.120815453534444,0.0355800896365093
312,"s(lastRippleHPC_z):DOWN_yes",0.0608408279839781,0.000505711415102099,0.295200406330168,0.0938165591690563
313,"s(lastRippleHPC_z):DOWN_yes",0.114615179142313,0.00121097832523395,0.384627636972873,0.113271370490878
314,"s(lastRippleHPC_z):DOWN_yes",0.0127519245573327,0.000145847955454285,0.124041112325951,0.11111789854473
315,"s(lastRippleHPC_z):DOWN_yes",0.044790352814422,0.000374440875769574,0.248095521953387,0.0811722448409581
316,"s(lastRippleHPC_z):DOWN_yes",0.0248170484819452,0.000255228876036048,0.176874274572415,0.0520930493103307
317,"s(lastRippleHPC_z):DOWN_yes",0.0729406811863447,0.000764800308652653,0.303189995023581,0.0892927813261615
318,"s(lastRippleHPC_z):DOWN_yes",0.10171683682848,0.00105324458549934,0.358858694313334,0.105706473332866
319,"s(lastRippleHPC_z):DOWN_yes",0.090601394674902,0.000904491919644146,0.327659761619579,0.11046807958394
320,"s(lastRippleHPC_z):DOWN_yes",0.0123691434485291,0.000122170326372272,0.121218507200141,0.0357073061348019
321,"s(lastRippleHPC_z):DOWN_yes",0.0548141380527518,0.000556017852574346,0.257774163430944,0.0759207458533889
322,"s(lastRippleHPC_z):DOWN_yes",0.0521400487951338,0.000273125683365003,0.194240976379221,0.111341490504844
323,"s(lastRippleHPC_z):DOWN_yes",0.0431326963948884,0.000450332470501104,0.235698859602914,0.0694156598184133
324,"s(lastRippleHPC_z):DOWN_yes",0.0404813214420612,0.000414354809125749,0.227753621229044,0.067078874019303
325,"s(lastRippleHPC_z):DOWN_yes",0.114424042402613,0.00119062742884008,0.385079809698399,0.11340839898159
326,"s(lastRippleHPC_z):DOWN_yes",0.0403365603666899,0.000185174565123807,0.178001128294776,0.110560995013774
327,"s(lastRippleHPC_z):DOWN_yes",0.0648504514568851,0.000681084567001166,0.290387084457164,0.0855261953550503
328,"s(lastRippleHPC_z):DOWN_yes",0.0508188198696802,0.000546186506799249,0.255261751388313,0.0811131517409298
329,"s(lastRippleHPC_z):DOWN_yes",0.0337668542722751,0.000228914326191603,0.212453206876602,0.0722324148047605
330,"s(lastRippleHPC_z):DOWN_yes",0.0346147429183929,0.00028823833739543,0.145044258213471,0.0510587922493571
331,"s(lastRippleHPC_z):DOWN_yes",0.0699522957020022,0.000150043904764823,0.291106961074693,0.0862191018469943
332,"s(lastRippleHPC_z):DOWN_yes",0.0726278092857964,0.000734776309465071,0.297497536049149,0.0876513124155472
333,"s(lastRippleHPC_z):DOWN_yes",0.0357342163574836,0.000377526081998412,0.21082544719987,0.0620995100541161
334,"s(lastRippleHPC_z):DOWN_yes",0.0218832778474329,0.000226210148364902,0.167084788870022,0.0492242370934162
335,"s(lastRippleHPC_z):DOWN_yes",0.0468529866240237,0.000490380811318988,0.245183437443608,0.072690192922755
336,"s(lastRippleHPC_z):DOWN_yes",0.0871842528489015,0.00087761544599945,0.333699184277092,0.112660573628074
337,"s(lastRippleHPC_z):DOWN_yes",0.0383955414757926,0.000400993999216322,0.22706472869626,0.0668892415037521
338,"s(lastRippleHPC_z):DOWN_yes",0.0106845536427302,0.00011020633534375,0.11833812463789,0.0348537820924831
339,"s(lastRippleHPC_z):DOWN_yes",0.0968839190648385,0.000999826863614774,0.343157226902563,0.101064576028844
340,"s(lastRippleHPC_z):DOWN_yes",0.0656232447338034,0.000689683022679791,0.285868659658684,0.0914933772643512
341,"s(lastRippleHPC_z):DOWN_yes",0.040249792064742,0.000421365167060391,0.225582584722752,0.0664355467218282
342,"s(lastRippleHPC_z):DOWN_yes",0.106773950890195,0.00083000686455163,0.281946635245344,0.136341415549338
343,"s(lastRippleHPC_z):DOWN_yes",0.0382465710762308,0.000399960141899462,0.218538063871445,0.0643804725898044
344,"s(lastRippleHPC_z):DOWN_yes",0.129201967326047,0.0013598500224897,0.403962318400265,0.11899102134861
345,"s(lastRippleHPC_z):DOWN_yes",0.032094410654727,0.000252953976723808,0.192139805442421,0.063511510042932
346,"s(lastRippleHPC_z):DOWN_yes",0.0575062263148158,0.00061085117267361,0.268966577451795,0.0958571083453316
347,"s(lastRippleHPC_z):DOWN_yes",0.0926488637041061,0.000942217666429707,0.339272097851342,0.102572963828714
348,"s(lastRippleHPC_z):DOWN_yes",0.0447027246607625,0.000830728031092884,0.241605254870926,0.441584374345147
349,"s(lastRippleHPC_z):DOWN_yes",0.0655788869034817,0.000684944833172012,0.288126373105605,0.084860505177345
350,"s(lastRippleHPC_z):DOWN_yes",0.029100168568859,0.000301697624302324,0.187269924975346,0.0551719529142213
351,"s(lastRippleHPC_z):DOWN_yes",0.0578660798074075,0.000532493535730547,0.251001715473643,0.11277020450344
352,"s(lastRippleHPC_z):DOWN_yes",0.0360443723346977,0.000373049809104823,0.210978912971176,0.0621352259434047
353,"s(lastRippleHPC_z):DOWN_yes",0.0773659478298656,0.000639412180200896,0.210615588459126,0.0770265095089854
354,"s(lastRippleHPC_z):DOWN_yes",0.0591290970065446,0.000619494988966664,0.274574357956998,0.0873961197334374
355,"s(lastRippleHPC_z):DOWN_yes",0.041952809090696,0.000433027187339704,0.229576005255618,0.0676132989069323
356,"s(lastRippleHPC_z):DOWN_yes",0.0471330541044486,0.000478892235691697,0.237851119606736,0.0737804168956007
357,"s(lastRippleHPC_z):DOWN_yes",0.0471105404141055,0.000485982314078846,0.245642167896543,0.0723796122627661
358,"s(lastRippleHPC_z):DOWN_yes",0.0376696764243167,0.000384894210306161,0.216299582790386,0.06370501376647
359,"s(lastRippleHPC_z):DOWN_yes",0.0206243638168671,0.000215154563778278,0.161227006269541,0.0474847504283014
360,"s(lastRippleHPC_z):DOWN_yes",0.130023339672279,0.00102770516405796,0.613359483551465,0.20373594183483
361,"s(lastRippleHPC_z):DOWN_yes",0.0286927038097335,0.000303864906884242,0.191814710723702,0.0566663523735893
362,"s(lastRippleHPC_z):DOWN_yes",0.00706091511748941,7.18344945097679e-05,0.093544890582217,0.0275628942755225
363,"s(lastRippleHPC_z):DOWN_yes",0.109513845748787,0.00114757371967167,0.380158268803933,0.111969739460577
364,"s(lastRippleHPC_z):DOWN_yes",0.0235648220511502,2.59355059576736e-05,0.173224131968965,0.0512242640641573
365,"s(lastRippleHPC_z):DOWN_yes",0.0780980043884121,0.000681695280682506,0.278875954850679,0.388367687640861
366,"s(lastRippleHPC_z):DOWN_yes",0.0379386525493564,0.000395781112487071,0.222208203641389,0.0654434969495439
367,"s(lastRippleHPC_z):DOWN_yes",0.0420832504868995,0.000364067822061583,0.185458866351662,0.0669340061192903
368,"s(lastRippleHPC_z):DOWN_yes",0.0164861572731665,5.02690594449373e-05,0.13691125344047,0.0405103165790968
369,"s(lastRippleHPC_z):DOWN_yes",0.0369358210772148,0.000388565204573811,0.216730434560242,0.063842797938021
370,"s(lastRippleHPC_z):DOWN_yes",0.0151322966174474,0.000164381008915964,0.142363790889206,0.0419359817054623
371,"s(lastRippleHPC_z):DOWN_yes",0.147884968369262,0.000737475329929104,0.423304011649533,0.125912719677694
372,"s(lastRippleHPC_z):DOWN_yes",0.00210026701460642,2.02271533171907e-05,0.049708741065332,0.0146407819086268
373,"s(lastRippleHPC_z):DOWN_yes",0.0494408005599212,0.000511914464471171,0.248330170384864,0.0731389073676608
374,"s(lastRippleHPC_z):DOWN_yes",0.0681572734433091,0.000712588485913788,0.297740901663045,0.0876909339409883
375,"s(lastRippleHPC_z):DOWN_yes",0.0489884836585786,0.000515023037335304,0.251633054760816,0.0741086178097481
376,"s(lastRippleHPC_z):DOWN_yes",0.103943089577006,0.000690239430077218,0.285843367279034,0.138722943141793
377,"s(lastRippleHPC_z):DOWN_yes",0.116896291020122,0.00122105822069712,0.383171235568313,0.112848770592892
378,"s(lastRippleHPC_z):DOWN_yes",0.0720052661395485,0.000750868201783759,0.303522362335534,0.0893905885406561
379,"s(lastRippleHPC_z):DOWN_yes",0.0372853041725634,7.1092592616061e-05,0.212688275288028,0.0630430754289523
380,"s(lastRippleHPC_z):DOWN_yes",0.0287620635797703,8.05906196888614e-05,0.189943054399312,0.0557446118800265
381,"s(lastRippleHPC_z):DOWN_yes",0.0588940108283218,0.000616369822298516,0.275395958769226,0.0811082461900915
382,"s(lastRippleHPC_z):DOWN_yes",0.0773738866500215,0.000804689752756456,0.310361370256512,0.0913998477240478
383,"s(lastRippleHPC_z):DOWN_yes",0.125677072847608,0.0010805527183647,0.385509722520345,0.116984212832094
384,"s(lastRippleHPC_z):DOWN_yes",0.0235692399348411,0.000269051800045973,0.174149327337637,0.115269057759796
385,"s(lastRippleHPC_z):DOWN_yes",0.0673749542217559,0.000490085152745405,0.118734402809177,0.0475444370700466
386,"s(lastRippleHPC_z):DOWN_yes",0.0659345320121441,0.00055696808586093,0.365646944277335,0.112191061544672
387,"s(lastRippleHPC_z):DOWN_yes",0.0605628756517049,0.000635535001055744,0.276220522566369,0.0824314442573339
388,"s(lastRippleHPC_z):DOWN_yes",0.0595893514821677,0.000646877220218633,0.268418985085664,0.112562512957307
389,"s(lastRippleHPC_z):DOWN_yes",0.0393271838422198,0.000394049833263475,0.219459607470787,0.0646348522161174
390,"s(lastRippleHPC_z):DOWN_yes",0.0526269297011908,0.00055482070912148,0.266365534216243,0.0784487724136783
391,"s(lastRippleHPC_z):DOWN_yes",0.056577954901293,0.000591966308586224,0.267702665676412,0.0788485417616806
392,"s(lastRippleHPC_z):DOWN_yes",0.109056634416849,0.000931084781985363,0.161101533208903,0.0619848072983266
393,"s(lastRippleHPC_z):DOWN_yes",0.0905920973591252,0.000824466888802829,0.300513460301223,0.124622075097726
394,"s(lastRippleHPC_z):DOWN_yes",0.0654573269045313,0.000255506728336135,0.279233282806996,0.0832992848103006
395,"s(lastRippleHPC_z):DOWN_yes",0.104052069680625,0.000851993096605895,0.179794450664221,0.216998431350171
396,"s(lastRippleHPC_z):DOWN_yes",0.0656377647661843,0.000683812665685467,0.288758620586483,0.086244024086638
397,"s(lastRippleHPC_z):DOWN_yes",0.0158440162892743,7.64728292026217e-05,0.0933956718722375,0.0376959540786666
398,"s(lastRippleHPC_z):DOWN_yes",0.0502195788517472,0.000341175372951176,0.234819861089122,0.0713745682968377
399,"s(lastRippleHPC_z):DOWN_yes",0.0358663712833769,0.000370564875858775,0.216226939017912,0.0636823912681276
400,"s(lastRippleHPC_z):DOWN_yes",0.0892714838327944,0.000630247478815218,0.443672667870239,0.117983381657478
401,"s(lastRippleHPC_z):DOWN_yes",0.067650397184039,0.000706929993193921,0.294111714002564,0.0866223078854402
402,"s(lastRippleHPC_z):DOWN_yes",0.0327368517522881,0.000348586473472921,0.202614930370488,0.0643381917103824
403,"s(lastRippleHPC_z):DOWN_yes",0.0574319251594755,6.02964101398229e-05,0.268894456514409,0.0793669012493963
404,"s(lastRippleHPC_z):DOWN_yes",0.0989742599164494,0.000835995707655361,0.28420314330549,0.0954494338140311
405,"s(lastRippleHPC_z):DOWN_yes",0.0194057071212592,0.000154715034464552,0.0936802788554277,0.033322393607024
406,"s(lastRippleHPC_z):DOWN_yes",0.0731174297541815,0.00076902082337309,0.313599834978931,0.0923904140720386
407,"s(lastRippleHPC_z):DOWN_yes",0.0291814190633923,0.000307596715935888,0.192189497420292,0.0591653364919613
408,"s(lastRippleHPC_z):DOWN_yes",0.0826528363338941,0.000556611193762466,0.150138452914492,0.08930271079989
409,"s(lastRippleHPC_z):DOWN_yes",0.0522963392833891,0.000631575471678074,0.259071488653526,0.189338543390009
410,"s(lastRippleHPC_z):DOWN_yes",0.0482910041597187,0.00020723807032301,0.243360592943372,0.0737947978112108
411,"s(lastRippleHPC_z):DOWN_yes",0.0691376032430346,0.000713967259843811,0.29421545447563,0.0866528033292643
412,"s(lastRippleHPC_z):DOWN_yes",0.0271078580090398,0.000272339146644915,0.180565271219956,0.0531810830972011
413,"s(lastRippleHPC_z):DOWN_yes",0.0410429433411084,0.000424246266841621,0.227464102730259,0.0669890204267612
414,"s(lastRippleHPC_z):DOWN_yes",0.0334283772222577,0.000349452122597219,0.208692026687102,0.0614657735543046
415,"s(lastRippleHPC_z):DOWN_yes",0.0419990994431085,0.000446938595580155,0.227247124415132,0.072502114763765
416,"s(lastRippleHPC_z):DOWN_yes",0.042814163637666,0.000432972740205932,0.232132647147112,0.0683644724085809
417,"s(lastRippleHPC_z):DOWN_yes",0.0620368558846875,0.000637908339160568,0.279202260806252,0.0822276501867951
418,"s(lastRippleHPC_z):DOWN_yes",0.0704457655682438,0.000727782121612588,0.29270537406344,0.0862095472054441
419,"s(lastRippleHPC_z):DOWN_yes",0.0776547419665032,0.000809796307342077,0.314155294919635,0.0925339073251815
420,"s(lastRippleHPC_z):DOWN_yes",0.0554970606824909,0.000407832624941103,0.244957027665136,0.0748028633154432
421,"s(lastRippleHPC_z):DOWN_yes",0.0571696541236877,0.000601436600057433,0.268092924176412,0.0789605523427513
422,"s(lastRippleHPC_z):DOWN_yes",0.0824988887425304,0.000847502659167323,0.31419568044439,0.0925410843189884
423,"s(lastRippleHPC_z):DOWN_yes",0.0422251938409621,0.000449770222647924,0.234113798594166,0.0724611478060789
424,"s(lastRippleHPC_z):DOWN_yes",0.0314125804473546,0.000328599915706098,0.201270132153611,0.0598774131786545
425,"s(lastRippleHPC_z):DOWN_yes",0.0877351323895592,0.000738860762587522,0.250280384615388,0.0975481992044611
426,"s(lastRippleHPC_z):DOWN_yes",0.0914515492700136,0.000751795889950253,0.365870362870682,0.249301458432471
427,"s(lastRippleHPC_z):DOWN_yes",0.034770392842554,0.000354865200693102,0.210954386491904,0.0621214456513028
428,"s(lastRippleHPC_z):DOWN_yes",0.0258657090789329,0.000267807752676004,0.179046327372399,0.0527316790013606
429,"s(lastRippleHPC_z):DOWN_yes",0.0581907856366675,0.000608712671019899,0.271181297061091,0.0798662461605271
430,"s(lastRippleHPC_z):DOWN_yes",0.0524414347060942,0.000565954430011497,0.259375280461266,0.101063267904823
431,"s(lastRippleHPC_z):DOWN_yes",0.0495703520892894,0.000516332284214818,0.251307432035724,0.0740062569298916
432,"s(lastRippleHPC_z):DOWN_yes",0.0486895585663563,0.000468751029771212,0.183053494945265,0.178589076509172
433,"s(lastRippleHPC_z):DOWN_yes",0.0533056592055985,0.000554153478906175,0.263335148707926,0.0775864009779697
434,"s(lastRippleHPC_z):DOWN_yes",0.0518248142983033,0.000278631466833198,0.233761308410483,0.111788164367449
435,"s(lastRippleHPC_z):DOWN_yes",0.0469228472602445,0.000143623443772344,0.237304267842944,0.0707036382999885
436,"s(lastRippleHPC_z):DOWN_yes",0.130598043129061,0.0012940660620878,0.393474319357627,0.115905767585526
437,"s(lastRippleHPC_z):DOWN_yes",0.0788757050230133,0.000832205831866819,0.317410135252067,0.0934793562569198
438,"s(lastRippleHPC_z):DOWN_yes",0.0757125967654835,0.000553981725156197,0.298618142333172,0.092786814042237
439,"s(lastRippleHPC_z):DOWN_yes",0.0624008500797508,0.000514186817866136,0.238820587172989,0.101260125282016
440,"s(lastRippleHPC_z):DOWN_yes",0.0456449250608699,0.000475179651119357,0.235275058204642,0.0692954863655404
441,"s(lastRippleHPC_z):DOWN_yes",0.100032740372779,0.00084619994825491,0.294736598636035,0.363850160586397
442,"s(lastRippleHPC_z):DOWN_yes",0.0718293237623797,0.000750210422111459,0.302145753737317,0.0889926704440343
443,"s(lastRippleHPC_z):DOWN_yes",0.0689610291226561,0.000717167893912614,0.296894555753903,0.0874648742212852
444,"s(lastRippleHPC_z):DOWN_yes",0.0291724736081562,0.000298088985326357,0.190558045053881,0.0561214220250439
445,"s(lastRippleHPC_z):DOWN_yes",0.0271611435967314,0.000292078076453583,0.190423959297199,0.0628092242527344
446,"s(lastRippleHPC_z):DOWN_yes",0.0608161788996933,0.000634226826206936,0.275753108398958,0.0812215895727993
447,"s(lastRippleHPC_z):DOWN_yes",0.0686710782209232,0.000708218929056662,0.296510637717257,0.0873315662182885
448,"s(lastRippleHPC_z):DOWN_yes",0.126224678402637,0.00132372152592573,0.404810303409755,0.119940462308425
449,"s(lastRippleHPC_z):DOWN_yes",0.0967104014843709,0.00050184850830858,0.335723406827014,0.101021975919807
450,"s(lastRippleHPC_z):DOWN_yes",0.0746933359180897,0.000532854506230687,0.275784730334232,0.28510044813981
451,"s(lastRippleHPC_z):DOWN_yes",0.0700975872298182,0.000734712258440974,0.300961252580837,0.0886472494538946
452,"s(lastRippleHPC_z):DOWN_yes",0.0324131157633962,0.000337426492568481,0.20165441582554,0.0593933109927173
453,"s(lastRippleHPC_z):DOWN_yes",0.0527575328053533,0.000538002606906449,0.262383704758673,0.0772645123388275
454,"s(lastRippleHPC_z):DOWN_yes",0.0836701508019253,0.00069497250747072,0.355550572081089,0.106067891967942
455,"s(lastRippleHPC_z):DOWN_yes",0.0872304351924535,0.000651491122777949,0.210846296551483,0.067104592323569
456,"s(lastRippleHPC_z):DOWN_yes",0.063157618653066,0.000658826679034821,0.288219341036755,0.0849050611054453
457,"s(lastRippleHPC_z):DOWN_yes",0.0254915189121041,0.000263949735900088,0.178914389366509,0.0526949092980892
458,"s(lastRippleHPC_z):DOWN_yes",0.0265133844836649,0.000275437590600647,0.183303312039447,0.0539879108535926
459,"s(lastRippleHPC_z):DOWN_yes",0.0684274569403938,0.00070134563257435,0.289279445574139,0.0851986776554912
460,"s(lastRippleHPC_z):DOWN_yes",0.0219068387962915,0.00022241260628566,0.1628642943325,0.0675177865908005
461,"s(lastRippleHPC_z):DOWN_yes",0.0624122680989547,0.000650664662442924,0.282362559597626,0.0831629889998336
462,"s(lastRippleHPC_z):DOWN_yes",0.047669184405529,0.000493206759279867,0.243550502753162,0.0717373994644603
463,"s(lastRippleHPC_z):DOWN_yes",0.0140097673270274,0.000142752101860301,0.133537755272243,0.0393284116470854
464,"s(lastRippleHPC_z):DOWN_yes",0.129866699676588,0.00120289022708188,0.378509429724398,0.113043780059383
465,"s(lastRippleHPC_z):DOWN_yes",0.0716151221180263,0.000751569479455803,0.304591175486643,0.0897058184194083
466,"s(lastRippleHPC_z):DOWN_yes",0.0396765400861749,0.000246406046844831,0.21210936219023,0.0658471718666427
467,"s(lastRippleHPC_z):DOWN_yes",0.0802944534671761,0.000708048952436088,0.339210059410098,0.500752011947684
468,"s(lastRippleHPC_z):DOWN_yes",0.0787046336103456,0.000574925148414561,0.155462565307276,0.10329735338576
469,"s(lastRippleHPC_z):DOWN_yes",0.041450576866346,0.000433820879281657,0.230663959017147,0.0679325183250027
470,"s(lastRippleHPC_z):DOWN_yes",0.0815725885462166,0.000733898078200591,0.287764598550666,0.125167886659585
471,"s(lastRippleHPC_z):DOWN_yes",0.0601198151444287,0.000534919034664539,0.262938061439059,0.079970180758232
472,"s(lastRippleHPC_z):DOWN_yes",0.0142756973062781,0.000143653923091198,0.13337996527478,0.039281363313017
473,"s(lastRippleHPC_z):DOWN_yes",0.0996361254590088,0.00103512096563234,0.357870006793996,0.105405949174495
474,"s(lastRippleHPC_z):DOWN_yes",0.0352279676312639,0.000295757774347064,0.133984770676392,0.0458495741829742
475,"s(lastRippleHPC_z):DOWN_yes",0.0821931352571461,0.000477797860575472,0.263470495207019,0.121176498486995
476,"s(lastRippleHPC_z):DOWN_yes",0.0818864904238392,0.000713696790689176,0.308450128571957,0.0936819354952241
477,"s(lastRippleHPC_z):DOWN_yes",0.00461231563809061,1.47339100201623e-05,0.0591610213983159,0.0195807331325725
478,"s(lastRippleHPC_z):DOWN_yes",0.0713041561436061,0.000444880694047693,0.233513474524947,0.132138541895775
479,"s(lastRippleHPC_z):DOWN_yes",0.028903130864971,0.000304110667361377,0.190254130251232,0.0560311289342822
480,"s(lastRippleHPC_z):DOWN_yes",0.0894786734079265,0.000493725031286308,0.347292171509501,0.101036891840207
481,"s(lastRippleHPC_z):DOWN_yes",0.0751715301857336,0.000614640326501851,0.369641369906208,0.100045770375885
482,"s(lastRippleHPC_z):DOWN_yes",0.016276453711451,0.000167614747779151,0.145982322482238,0.0429966528236843
483,"s(lastRippleHPC_z):DOWN_yes",0.0365762928276103,0.000381520986424315,0.219498469955811,0.0646476127853566
484,"s(lastRippleHPC_z):DOWN_yes",0.0680509721854072,0.000444138652788977,0.215522384893658,0.0780020510058287
485,"s(lastRippleHPC_z):DOWN_yes",0.0200642752377904,0.000158266670321596,0.131836778674964,0.0517376628323078
486,"s(lastRippleHPC_z):DOWN_yes",0.109636340737648,0.00105638362682552,0.308234995803209,0.121302210604014
487,"s(lastRippleHPC_z):DOWN_yes",0.0501939500246751,0.000517385577316837,0.253409078516793,0.0746362295472827
488,"s(lastRippleHPC_z):DOWN_yes",0.0290103107111035,0.000309006278912657,0.191749747858424,0.0733182145483091
489,"s(lastRippleHPC_z):DOWN_yes",0.0571587740664565,0.000588452762971082,0.271927101358085,0.0800850678664792
490,"s(lastRippleHPC_z):DOWN_yes",0.0554726460184458,0.00057518017704355,0.268910915029306,0.0792062770188477
491,"s(lastRippleHPC_z):DOWN_yes",0.0373613266130475,0.000386397220168006,0.211038260781173,0.0621564347812258
492,"s(lastRippleHPC_z):DOWN_yes",0.0606059081088892,0.000612131188364785,0.276183609290504,0.0813416205204283
493,"s(lastRippleHPC_z):DOWN_yes",0.04844479605792,0.000487006706459408,0.240695028876081,0.0708875822482913
494,"s(lastRippleHPC_z):DOWN_yes",0.0522497052774806,0.000302383745020203,0.223350191825242,0.0819005041522815
495,"s(lastRippleHPC_z):DOWN_yes",0.058726459701683,0.000396315562761251,0.206759097961919,0.158540801709005
496,"s(lastRippleHPC_z):DOWN_yes",0.0259012304276629,0.000271292538506596,0.184238266757105,0.0542614693547731
497,"s(lastRippleHPC_z):DOWN_yes",0.00786323566057323,8.05158105964116e-05,0.0991243270908431,0.0291902101955697
498,"s(lastRippleHPC_z):DOWN_yes",0.0555519350014118,0.000581237223367913,0.264347861536755,0.0783222703415855
499,"s(lastRippleHPC_z):DOWN_yes",0.103960618728436,0.00110178250320031,0.374392013880213,0.110282378148304
500,"s(lastRippleHPC_z):DOWN_yes",0.0368524884159669,0.000141431220067404,0.207614193124699,0.0626912290343786
501,"s(lastRippleHPC_z):DOWN_yes",0.0951039236683755,0.000734466462597053,0.511633230037227,0.132186922974321
502,"s(lastRippleHPC_z):DOWN_yes",0.0873354083791735,0.000913076182684585,0.332166207737221,0.0983858975919311
503,"s(lastRippleHPC_z):DOWN_yes",0.0201555947083252,0.000206937631994525,0.159819892966903,0.0470689497076871
504,"s(lastRippleHPC_z):DOWN_yes",0.0576978621012261,0.00060731467865156,0.270487991123918,0.0796898193367695
505,"s(lastRippleHPC_z):DOWN_yes",0.0318389660294702,0.000367649647582378,0.199940996075561,0.126027026660063
506,"s(lastRippleHPC_z):DOWN_yes",0.0363707342756729,0.000375364526837313,0.216196308136373,0.0636717901370766
507,"s(lastRippleHPC_z):DOWN_yes",0.047110139617593,0.000493669505525865,0.245144374347034,0.0721934747738627
508,"s(lastRippleHPC_z):DOWN_yes",0.0235101263800113,0.000248745921626539,0.174065816823596,0.0554051499352536
509,"s(lastRippleHPC_z):DOWN_yes",0.0251855665807943,6.39313584634641e-05,0.159810179569446,0.0482126106120533
510,"s(lastRippleHPC_z):DOWN_yes",0.0658651059591975,0.000691696892574623,0.292714064466249,0.0862197017659129
511,"s(lastRippleHPC_z):DOWN_yes",0.0383622889895427,0.000366304156308686,0.211230435117135,0.072425845362028
512,"s(lastRippleHPC_z):DOWN_yes",0.00569397826751761,1.09695540641276e-05,0.0772141684102565,0.0227976410295733
513,"s(lastRippleHPC_z):DOWN_yes",0.0494210043886731,0.00051188829239039,0.252323834132027,0.074311842279866
514,"s(lastRippleHPC_z):DOWN_yes",0.103397354462121,0.00108349644233043,0.369707791406742,0.108882726402082
515,"s(lastRippleHPC_z):DOWN_yes",0.0506355917016554,5.57422853317629e-05,0.247228375869671,0.0730348376610035
516,"s(lastRippleHPC_z):DOWN_yes",0.0776972781970748,0.000801327036728267,0.314254067724946,0.0926227883672372
517,"s(lastRippleHPC_z):DOWN_yes",0.0418809481679299,0.000419332798089161,0.225245578338702,0.0663410390538889
518,"s(lastRippleHPC_z):DOWN_yes",0.0424397321307781,0.00035580109711298,0.153807741897618,0.0796470024914556
519,"s(lastRippleHPC_z):DOWN_yes",0.0242051690543406,0.000198956368157875,0.133533225551492,0.0498317256927133
520,"s(lastRippleHPC_z):DOWN_yes",0.0439197455380658,0.000457183787500813,0.233637251663406,0.0755154063186513
521,"s(lastRippleHPC_z):DOWN_yes",0.0198710801888291,0.000303504831924168,0.162711001043228,0.25511346897052
522,"s(lastRippleHPC_z):DOWN_yes",0.0725064456982629,0.000371478042775974,0.290976866806486,0.0891977755768985
523,"s(lastRippleHPC_z):DOWN_yes",0.021000175668572,0.000220212249737301,0.164065735725382,0.048318985032504
524,"s(lastRippleHPC_z):DOWN_yes",0.0453801775210856,0.000457282893233695,0.237939846471066,0.0700947752138958
525,"s(lastRippleHPC_z):DOWN_yes",0.0961836186882072,0.000763267097113155,0.323523019577322,0.101354810000965
526,"s(lastRippleHPC_z):DOWN_yes",0.10136425329089,0.000980810841978603,0.356672490910673,0.105084292915394
527,"s(lastRippleHPC_z):DOWN_yes",0.0927245156510885,0.000986701417827341,0.346799849540409,0.107397215216136
528,"s(lastRippleHPC_z):DOWN_yes",0.0702285550818038,0.00061278016112569,0.296761110577818,0.107840950306808
529,"s(lastRippleHPC_z):DOWN_yes",0.0714211581341901,0.000759976967626707,0.305993529795364,0.0901396343205433
530,"s(lastRippleHPC_z):DOWN_yes",0.0487329041841065,0.000504480778831688,0.250610238368186,0.0738064423703437
531,"s(lastRippleHPC_z):DOWN_yes",0.00643589274807521,6.90575130652048e-05,0.0900721673073479,0.0306918677973205
532,"s(lastRippleHPC_z):DOWN_yes",0.0430712025238655,0.000446758197667335,0.234173128184727,0.069007183979826
533,"s(lastRippleHPC_z):DOWN_yes",0.0743004742180124,0.000790653585248515,0.313685921079666,0.0923830055761479
534,"s(lastRippleHPC_z):DOWN_yes",0.0706368682598706,0.000743196373155949,0.300897845069341,0.0886162633997467
535,"s(lastRippleHPC_z):DOWN_yes",0.0292329952660442,0.000291230646964177,0.187781701345375,0.0553036473633053
536,"s(lastRippleHPC_z):DOWN_yes",0.0363453599354546,0.000377383577838015,0.213072580296121,0.0627713713344107
537,"s(lastRippleHPC_z):DOWN_yes",0.016605225643187,0.000174696077055592,0.147657895170216,0.0434872494947407
538,"s(lastRippleHPC_z):DOWN_yes",0.0329535080450221,0.000344352305507577,0.207672720122053,0.0611614666077165
539,"s(lastRippleHPC_z):DOWN_yes",0.0779935020754934,0.000622021843463056,0.367408291687552,0.103084087440073
540,"s(lastRippleHPC_z):DOWN_yes",0.0798455495614689,0.000833619348453027,0.312449775833234,0.0920229285127842
541,"s(lastRippleHPC_z):DOWN_yes",0.0124130328685927,7.66364954366922e-05,0.121015539677403,0.0481801324763392
542,"s(lastRippleHPC_z):DOWN_yes",0.0671685409353246,0.000698261585607039,0.290538965065268,0.0855699977054647
543,"s(lastRippleHPC_z):DOWN_yes",0.0351240608015946,0.000365187923211303,0.210324450760671,0.061976818404572
544,"s(lastRippleHPC_z):DOWN_yes",0.0330430832615765,0.000358345732982008,0.205790401367262,0.0685040059527755
545,"s(lastRippleHPC_z):DOWN_yes",0.0638650003539825,0.000146999657423622,0.280976760847389,0.0828981803721994
546,"s(lastRippleHPC_z):DOWN_yes",0.140662368792706,0.00120404811558538,0.186541166620524,0.146854475965942
547,"s(lastRippleHPC_z):DOWN_yes",0.0722907704014855,0.000434550973863654,0.357415923941618,0.13491653574316
548,"s(lastRippleHPC_z):DOWN_yes",0.0344376167136149,0.00028327370960601,0.205074119693213,0.077048793270252
549,"s(lastRippleHPC_z):DOWN_yes",0.105830674950926,0.000941600003328749,0.313103811399794,0.108309372945123
550,"s(lastRippleHPC_z):DOWN_yes",0.00178343287912863,1.73738210611477e-05,0.0464130920488391,0.0136683467466978
551,"s(lastRippleHPC_z):DOWN_yes",0.0719529981022244,0.000745786858529631,0.301649163116447,0.09035628464089
552,"s(lastRippleHPC_z):DOWN_yes",0.100295287302798,0.000807596054610846,0.207978632818274,0.0926820034597111
553,"s(lastRippleHPC_z):DOWN_yes",0.0477766020518606,0.0004928739879388,0.247751891835788,0.0729723979307267
554,"s(lastRippleHPC_z):DOWN_yes",0.0190251309529339,7.83695596531227e-05,0.14462223265517,0.0439598446267557
555,"s(lastRippleHPC_z):DOWN_yes",0.0535198879876013,0.000569795467877178,0.266181402201133,0.0786091078092454
556,"s(lastRippleHPC_z):DOWN_yes",0.0374445489603916,0.000384214633411343,0.216433531624835,0.0637425965166614
557,"s(lastRippleHPC_z):DOWN_yes",0.0427673466778211,0.000448128445027829,0.230256130998868,0.0678319453259341
558,"s(lastRippleHPC_z):DOWN_yes",0.0478855079117482,0.000491258081995373,0.248992441694485,0.0733323960881847
559,"s(lastRippleHPC_z):DOWN_yes",0.00800311124458553,8.28136714703595e-05,0.102024895963768,0.0300558322117448
560,"s(lastRippleHPC_z):DOWN_yes",0.0868346543257452,0.000767390340564767,0.13094215751698,0.10007196132553
561,"s(lastRippleHPC_z):DOWN_yes",0.0847905995270528,0.000926682765362804,0.330976981589334,0.13295466965748
562,"s(lastRippleHPC_z):DOWN_yes",0.0241509037977163,0.000250731743706021,0.175734489395204,0.0517607081017615
563,"s(lastRippleHPC_z):DOWN_yes",0.0597275772002774,0.000372289759530223,0.260824995279443,0.0787629834901867
564,"s(lastRippleHPC_z):DOWN_yes",0.0382236490946779,0.00038398745252816,0.218192095110138,0.0642589142482657
565,"s(lastRippleHPC_z):DOWN_yes",0.0210470910887182,0.000217002276185327,0.161330364293131,0.0475135133980487
566,"s(lastRippleHPC_z):DOWN_yes",0.196740066377353,0.00207480973708165,0.507629823130506,0.149504609050457
567,"s(lastRippleHPC_z):DOWN_yes",0.058814349616112,0.000609650457345358,0.273630171239658,0.0805907838887571
568,"s(lastRippleHPC_z):DOWN_yes",0.101925262809031,0.00117093824446684,0.363951984131974,0.210923636188893
569,"s(lastRippleHPC_z):DOWN_yes",0.0779932198358075,0.000855660721474971,0.314332735357068,0.100888050949411
570,"s(lastRippleHPC_z):DOWN_yes",0.133997764526661,0.00148346595781488,0.427380206151748,0.125872034615885
571,"s(lastRippleHPC_z):DOWN_yes",0.119127139249759,0.00120880557464584,0.379999020124491,0.111929759779497
572,"s(lastRippleHPC_z):DOWN_yes",0.0742828099871105,0.000647194953462095,0.280328402805815,0.0978825400228346
573,"s(lastRippleHPC_z):DOWN_yes",0.0537623634831821,0.000554061040068505,0.259606218971557,0.0764581786844421
574,"s(lastRippleHPC_z):DOWN_yes",0.0637137709350721,0.000662884218767391,0.280785774103229,0.0826947835662654
575,"s(lastRippleHPC_z):DOWN_yes",0.0223758742578699,0.0002465801980415,0.171560237088505,0.0578596432960389
576,"s(lastRippleHPC_z):DOWN_yes",0.0542314375920103,0.000320068649123204,0.226340346698612,0.139662280494841
577,"s(lastRippleHPC_z):DOWN_yes",0.0758794065616604,0.000689796514733185,0.278500328953804,0.110276175718767
578,"s(lastRippleHPC_z):DOWN_yes",0.14640844320483,0.000997202779564914,0.312976400186802,0.133803056998428
579,"s(lastRippleHPC_z):DOWN_yes",0.0548317956192284,0.000572072261546846,0.263223136794935,0.0775352608702694
580,"s(lastRippleHPC_z):DOWN_yes",0.047204829474194,0.00047464857738588,0.243624729051082,0.0717498697867193
581,"s(lastRippleHPC_z):DOWN_yes",0.0355490978628827,0.000365690234546638,0.210021015499884,0.0618685782105165
582,"s(lastRippleHPC_z):DOWN_yes",0.0481231443022745,0.000521231163713767,0.250775824237692,0.0742815405822042
583,"s(lastRippleHPC_z):DOWN_yes",0.0971272848307079,0.00101453123679657,0.348383341457781,0.102610340612744
584,"s(lastRippleHPC_z):DOWN_yes",0.0289694442177071,0.000292473877762222,0.189507902135072,0.0558255164365183
585,"s(lastRippleHPC_z):DOWN_yes",0.0639658214671179,0.000664658828375521,0.285903383101447,0.0842023644439003
586,"s(lastRippleHPC_z):DOWN_yes",0.0658385464147422,0.000691287271988385,0.287822942287543,0.0847655456419555
587,"s(lastRippleHPC_z):DOWN_yes",0.056587640405243,0.000430891708488313,0.181227073700924,0.0698976458883119
588,"s(lastRippleHPC_z):DOWN_yes",0.064789652254178,0.000689019656723316,0.289380447692665,0.123126118342417
589,"s(lastRippleHPC_z):DOWN_yes",0.0529477984893472,0.000557173170183006,0.259779228353034,0.0765070776406975
590,"s(lastRippleHPC_z):DOWN_yes",0.0307115733675269,0.000315152480026614,0.190519864753054,0.0567200984480944
591,"s(lastRippleHPC_z):DOWN_yes",0.102036903237734,0.00106512588597967,0.36459670117259,0.107396897529611
592,"s(lastRippleHPC_z):DOWN_yes",0.0370296533569858,0.000405710832838315,0.213060291416785,0.107611603963286
593,"s(lastRippleHPC_z):DOWN_yes",0.0344882045384889,0.000233362788355583,0.0789366022281732,0.048954581483337
594,"s(lastRippleHPC_z):DOWN_yes",0.0428880716350077,0.000258215409706507,0.210839282219193,0.0667054429800623
595,"s(lastRippleHPC_z):DOWN_yes",0.0570036976970529,0.000328959497025429,0.100575594067239,0.0767541210073823
596,"s(lastRippleHPC_z):DOWN_yes",0.0560349020590909,0.000329688111387377,0.269291423669801,0.0800175180621849
597,"s(lastRippleHPC_z):DOWN_yes",0.0849491615138351,0.000106736754925099,0.32015687651789,0.0947409514268068
598,"s(lastRippleHPC_z):DOWN_yes",0.0316997919525219,0.000329602809306203,0.201252505125287,0.0592733193984568
599,"s(lastRippleHPC_z):DOWN_yes",0.0428619024886521,0.000451362898763209,0.235219775508871,0.0692704410688416
600,"s(lastRippleHPC_z):DOWN_yes",0.101167081017524,0.00105671564942351,0.364382504264856,0.107314914224233
601,"s(lastRippleHPC_z):DOWN_yes",0.0184515559432477,0.000192266549769185,0.152895882905481,0.0450298277137402
602,"s(lastRippleHPC_z):DOWN_yes",0.08754071556673,0.000905612410147691,0.330573107057515,0.0973595327880299
603,"s(lastRippleHPC_z):DOWN_yes",0.0463994658534475,0.000485675725917741,0.248328768203013,0.0731363761072859
604,"s(lastRippleHPC_z):DOWN_yes",0.0576700120760041,0.000597952404307382,0.272041715797648,0.0801206802621995
605,"s(lastRippleHPC_z):DOWN_yes",0.0558177227405343,0.000106345874146871,0.264204188842234,0.0778376898983426
606,"s(lastRippleHPC_z):DOWN_yes",0.0609850161345475,0.000651556875645794,0.278039028315529,0.0858174869614226
607,"s(lastRippleHPC_z):DOWN_yes",0.0924531607445616,0.000783971862927408,0.380250391148192,0.120626200317523
608,"s(lastRippleHPC_z):DOWN_yes",0.0355723806451298,0.000271162623175172,0.206101142831884,0.0744728234281061
609,"s(lastRippleHPC_z):DOWN_yes",0.0326882469554768,0.000177025956570091,0.176060868750642,0.0576471950540097
610,"s(lastRippleHPC_z):DOWN_yes",0.0813619569117749,0.000850110965059764,0.322624770938141,0.095023781791091
611,"s(lastRippleHPC_z):DOWN_yes",0.0604929111581507,0.000650472620230575,0.271407663593306,0.110801327765737
612,"s(lastRippleHPC_z):DOWN_yes",0.0070101022863529,9.39723466432767e-05,0.0919915607448348,0.0771090372474374
613,"s(lastRippleHPC_z):DOWN_yes",0.0615554463960697,0.000496496338698502,0.271925585494482,0.12397114224055
614,"s(lastRippleHPC_z):DOWN_yes",0.0671676734506628,0.000591613890034649,0.265205220062901,0.0781147595994628
615,"s(lastRippleHPC_z):DOWN_yes",0.0480165340456873,0.000178456548568971,0.234438468507568,0.0694195027781532
616,"s(lastRippleHPC_z):DOWN_yes",0.102633873560114,0.0010704383330158,0.3603505645054,0.106132866739625
617,"s(lastRippleHPC_z):DOWN_yes",0.0379219144013216,0.000403826392089068,0.218017862149167,0.0711496493776733
618,"s(lastRippleHPC_z):DOWN_yes",0.105207511088211,0.00100035692821688,0.381938437627649,0.14972560613031
619,"s(lastRippleHPC_z):DOWN_yes",0.0563978355934136,0.000594544380306591,0.271043553871747,0.0798242847637103
620,"s(lastRippleHPC_z):DOWN_yes",0.0352329915883631,0.000367106362734207,0.210056916036934,0.0618687404890715
621,"s(lastRippleHPC_z):DOWN_yes",0.0796017715505055,0.000817397776455489,0.313392706246586,0.0923660781578377
622,"s(lastRippleHPC_z):DOWN_yes",0.0746616630648331,0.000803036156283034,0.311294124481576,0.103463117067179
623,"s(lastRippleHPC_z):DOWN_yes",0.0171447724596279,0.000172148670302674,0.145460053393712,0.042839696827586
624,"s(lastRippleHPC_z):DOWN_yes",0.0334277005238528,0.000351920963716176,0.205927324436142,0.0640337772723977
625,"s(lastRippleHPC_z):DOWN_yes",0.0353720575644694,0.000382688596579233,0.210569394272795,0.0729543790895392
626,"s(lastRippleHPC_z):DOWN_yes",0.100120133043998,0.000884965435005911,0.270525159264827,0.117234982235243
627,"s(lastRippleHPC_z):DOWN_yes",0.0267068493422391,0.000280909191158156,0.184217082961937,0.0562273109488229
628,"s(lastRippleHPC_z):DOWN_yes",0.0964898885871381,0.00105389502886713,0.361553777570132,0.118586215950609
629,"s(lastRippleHPC_z):DOWN_yes",0.0452187609797594,0.000374157853968741,0.18524842836499,0.0675156262641985
630,"s(lastRippleHPC_z):DOWN_yes",0.0211855780790318,0.000221157364820955,0.162477696955756,0.0478644929698055
631,"s(lastRippleHPC_z):DOWN_yes",0.0738676046012881,0.000515929970023134,0.230300032438922,0.166768898240952
632,"s(lastRippleHPC_z):DOWN_yes",0.0516557327823941,0.000266824407343362,0.188889636020875,0.070926354206443
633,"s(lastRippleHPC_z):DOWN_yes",0.0405448223236178,0.000421546807768641,0.225845652780019,0.0665151330804116
634,"s(lastRippleHPC_z):DOWN_yes",0.0383538771162568,0.000392581104891044,0.217227860390759,0.063975362153564
635,"s(lastRippleHPC_z):DOWN_yes",0.0499661977877466,0.000367507451367853,0.242455196202536,0.0867582981626056
636,"s(lastRippleHPC_z):DOWN_yes",0.057983422172323,0.000624057668962306,0.262640002472104,0.0876618372421546
637,"s(lastRippleHPC_z):DOWN_yes",0.0808384110608804,0.000538823109620531,0.250602718795577,0.24617383908393
638,"s(lastRippleHPC_z):DOWN_yes",0.124258128027332,0.00130946739480198,0.402999562805413,0.120994132762921
639,"s(lastRippleHPC_z):DOWN_yes",0.0696898974987441,0.000714083066911043,0.290240436409879,0.0863945025457102
640,"s(lastRippleHPC_z):DOWN_yes",0.0522659067545446,0.000323417801837939,0.207907646942898,0.0728380422810153
641,"s(lastRippleHPC_z):DOWN_yes",0.0758040076093689,0.000405841870373817,0.26822479870766,0.112895898345322
642,"s(lastRippleHPC_z):DOWN_yes",0.0420377064253934,0.000432050612479764,0.227661640417063,0.0813674312563992
643,"s(lastRippleHPC_z):DOWN_yes",0.0558204591457336,0.000585000834891781,0.26911400105881,0.0792587665476712
644,"s(lastRippleHPC_z):DOWN_yes",0.0469148526050267,0.000353922631990844,0.100292070703494,0.0806992714155281
645,"s(lastRippleHPC_z):DOWN_yes",0.0315906857200519,0.000331436141570318,0.201650454947102,0.0594194713462161
646,"s(lastRippleHPC_z):DOWN_yes",0.0456987382824252,0.000476841644557422,0.238812389210794,0.0703359995769
647,"s(lastRippleHPC_z):DOWN_yes",0.0919384324131016,0.000503303785466887,0.353825372810903,0.103359066052551
648,"s(lastRippleHPC_z):DOWN_yes",0.0411122635554078,0.000425370480779199,0.229380624638654,0.0675492422490337
649,"s(lastRippleHPC_z):DOWN_yes",0.0655103990872687,0.000383404187926232,0.286583485649822,0.0842638167480411
650,"s(lastRippleHPC_z):DOWN_yes",0.0352480673951998,0.000369051128193261,0.208536260041444,0.0688727961734118
651,"s(lastRippleHPC_z):DOWN_yes",0.0749703990021962,0.000787656540768947,0.310770010239191,0.0915368003401725
652,"s(lastRippleHPC_z):DOWN_yes",0.0468631819098206,0.000489929544754236,0.248777583030184,0.0732683738302603
653,"s(lastRippleHPC_z):DOWN_yes",0.0313052920194998,0.00033035515514726,0.195634505037269,0.059104465565508
654,"s(lastRippleHPC_z):DOWN_yes",0.056280906151569,0.000494804993239767,0.268707923788158,0.0915063253450052
655,"s(lastRippleHPC_z):DOWN_yes",0.182102564928504,0.00162711744326837,0.406879924044948,0.532294224837098
656,"s(lastRippleHPC_z):DOWN_yes",0.0859521817238278,0.000572177847763989,0.25659229082741,0.0883556734379187
657,"s(lastRippleHPC_z):DOWN_yes",0.0610893959538359,0.000635697641699155,0.281942673518373,0.0830340244495238
658,"s(lastRippleHPC_z):DOWN_yes",0.0514822281599638,0.000344090223543485,0.291870177368482,0.0833322090243322
659,"s(lastRippleHPC_z):DOWN_yes",0.0544408365357389,0.0005611423195496,0.267278670618032,0.15482267105009
660,"s(lastRippleHPC_z):DOWN_yes",0.0704909714846735,0.000741781541251357,0.300682233926116,0.0885639114354606
661,"s(lastRippleHPC_z):DOWN_yes",0.0240319644765021,0.000251668107952768,0.169791192337796,0.0542112852375924
662,"s(lastRippleHPC_z):DOWN_yes",0.012761123336392,0.000132366430878899,0.128017973711688,0.0377040891662994
663,"s(lastRippleHPC_z):DOWN_yes",0.0504738994956737,0.000415775663789914,0.168296508812868,0.0580214481621209
664,"s(lastRippleHPC_z):DOWN_yes",0.0512916177976424,0.000541674446010538,0.261314640799202,0.0769645035112255
665,"s(lastRippleHPC_z):DOWN_yes",0.108035341478121,0.000980005838551629,0.295510910855869,0.130280820292472
666,"s(lastRippleHPC_z):DOWN_yes",0.0989872374804692,0.00101583543664994,0.349275487649235,0.102884681088676
667,"s(lastRippleHPC_z):DOWN_yes",0.0478709240728161,0.000321104010273116,0.239277657942187,0.0736416061568321
668,"s(lastRippleHPC_z):DOWN_yes",0.0651061923344187,0.000671669381706771,0.293361570275047,0.086401990531569
669,"s(lastRippleHPC_z):DOWN_yes",0.122454049788928,0.00128111528359875,0.395772410761175,0.116579151477238
670,"s(lastRippleHPC_z):DOWN_yes",0.0314933785735985,0.000235428810589207,0.162490123107274,0.0544961473799186
671,"s(lastRippleHPC_z):DOWN_yes",0.0430872633847539,0.000446829067220003,0.233843876595932,0.0688723068266449
672,"s(lastRippleHPC_z):DOWN_yes",0.0737692062006037,0.000777280694776026,0.302172601555059,0.0913331006257048
673,"s(lastRippleHPC_z):DOWN_yes",0.02132625197686,0.000252928222975468,0.165968005392592,0.0662365847190711
674,"s(lastRippleHPC_z):DOWN_yes",0.0759229648839916,0.00047648915481233,0.274163156993,0.101858716495033
675,"s(lastRippleHPC_z):DOWN_yes",0.0329865791128485,0.000355804954745991,0.20571303890861,0.0669863397070922
676,"s(lastRippleHPC_z):DOWN_yes",0.0836598121156253,0.000885866421490669,0.317651629627421,0.108553397577407
677,"s(lastRippleHPC_z):DOWN_yes",0.0480068550785901,0.000502719618515635,0.248874190679598,0.0733385261100218
678,"s(lastRippleHPC_z):DOWN_yes",0.0511150676285874,0.000532514926758612,0.25201981172648,0.0742333871088534
679,"s(lastRippleHPC_z):DOWN_yes",0.0632724500096833,0.000754498858936014,0.28569804592407,0.0955759614073899
680,"s(lastRippleHPC_z):DOWN_yes",0.0476042125976006,0.000470728659575751,0.23724317390542,0.0698806248355405
681,"s(lastRippleHPC_z):DOWN_yes",0.0478659989190371,0.000517653655267507,0.243898124544273,0.134972233379664
682,"s(lastRippleHPC_z):DOWN_yes",0.164544745669739,0.00136864016391584,0.327027450617233,0.153421155480833
683,"s(lastRippleHPC_z):DOWN_yes",0.121788283521229,0.00093011570191052,0.296600615989212,0.14114112996167
684,"s(lastRippleHPC_z):DOWN_yes",0.0211992367833851,0.000218544669774629,0.16430896120489,0.0483946739944394
685,"s(lastRippleHPC_z):DOWN_yes",0.0594209387842648,0.000503310933271353,0.260953172151712,0.0789822713027649
686,"s(lastRippleHPC_z):DOWN_yes",0.0257066701860591,0.000315393313182801,0.179793929148152,0.125577637388848
687,"s(lastRippleHPC_z):DOWN_yes",0.10995251475078,0.0011543680944846,0.377234187895579,0.111100803840307
688,"s(lastRippleHPC_z):DOWN_yes",0.0449771220443482,0.000460899547045769,0.244109220729272,0.0718928147830737
689,"s(lastRippleHPC_z):DOWN_yes",0.0211366736141461,0.000140043130673593,0.143777742498242,0.0527197188881064
690,"s(lastRippleHPC_z):DOWN_yes",0.0836315350091184,0.0005894789522321,0.17658301192362,0.12122422734279
691,"s(lastRippleHPC_z):DOWN_yes",0.0799365713193882,0.000837893993206616,0.323393799230025,0.0952444793913542
692,"s(lastRippleHPC_z):DOWN_yes",0.03096386508936,0.000309338859205729,0.195345689670774,0.0575303387766079
693,"s(lastRippleHPC_z):DOWN_yes",0.0791450778857969,0.000833079266580777,0.318653298341062,0.0938545866003244
694,"s(lastRippleHPC_z):DOWN_yes",0.0459845752897641,0.000219750289680983,0.197297444236598,0.106007453086204
695,"s(lastRippleHPC_z):DOWN_yes",0.0427783252836944,0.000275237293194894,0.240433103067696,0.14893099159048
696,"s(lastRippleHPC_z):DOWN_yes",0.0871460710628877,0.000605919916144154,0.189312728324667,0.0793747991643356
697,"s(lastRippleHPC_z):DOWN_yes",0.051215931109688,0.000537295141262129,0.254234176604916,0.0785474191999902
698,"s(lastRippleHPC_z):DOWN_yes",0.0450977210160284,0.000488910943172476,0.241410741045398,0.0889388736718173
699,"s(lastRippleHPC_z):DOWN_yes",0.095642658026093,0.0010059147095981,0.350760014398281,0.11195554303293
700,"s(lastRippleHPC_z):DOWN_yes",0.0343742693108808,0.000352770417709262,0.206432059502265,0.0608074869969069
701,"s(lastRippleHPC_z):DOWN_yes",0.105172326882072,0.000875473158374047,0.354023649164708,0.107983264676983
702,"s(lastRippleHPC_z):DOWN_yes",0.0585390946417599,0.000609939723803364,0.269864903382648,0.0794761216366346
703,"s(lastRippleHPC_z):DOWN_yes",0.0590831525258873,0.000513877631712246,0.26640240430995,0.0843965637022704
704,"s(lastRippleHPC_z):DOWN_yes",0.119792672567234,0.00125086597028721,0.393687222276803,0.115944851718172
705,"s(lastRippleHPC_z):DOWN_yes",0.131411845243165,0.00134352747083889,0.408778118249643,0.120393544278137
706,"s(lastRippleHPC_z):DOWN_yes",0.0334449528097718,0.000348697305105371,0.204651237168229,0.0637143250692961
707,"s(lastRippleHPC_z):DOWN_yes",0.0287437230153582,0.000297838663505665,0.190877383093598,0.056212068742425
708,"s(lastRippleHPC_z):DOWN_yes",0.0217572032584625,0.000224508007356169,0.162732749593534,0.0479271927804888
709,"s(lastRippleHPC_z):DOWN_yes",0.0847917626372814,0.000892499257490748,0.328630226683318,0.0967854836871882
710,"s(lastRippleHPC_z):DOWN_yes",0.0778696208524643,0.000656952951454471,0.290536735004526,0.0958697917948635
711,"s(lastRippleHPC_z):DOWN_yes",0.0318341022380197,0.00026502445498571,0.144686913297575,0.0473849574119122
712,"s(lastRippleHPC_z):DOWN_yes",0.0312368430785339,0.000319702087779464,0.196727369382644,0.0579414187948425
713,"s(lastRippleHPC_z):DOWN_yes",0.0513744073500568,0.000510953295525381,0.247971039142227,0.0730358780432156
714,"s(lastRippleHPC_z):DOWN_yes",0.038509568468867,0.000267802145226465,0.299082386242991,0.220802489499251
715,"s(lastRippleHPC_z):DOWN_yes",0.0378445729179377,0.000407209598334203,0.218829692089132,0.0772790722512944
716,"s(lastRippleHPC_z):DOWN_yes",0.0584523244678028,0.00061470185903714,0.280982789406599,0.082760665628684
717,"s(lastRippleHPC_z):DOWN_yes",0.0342144382827376,0.000340986854927307,0.20523436971232,0.0712497524332919
718,"s(lastRippleHPC_z):DOWN_yes",0.122646578419816,0.00127861914444231,0.394633136732352,0.116224762165515
719,"s(lastRippleHPC_z):DOWN_yes",0.0967678045506331,0.000348423970496472,0.342764193036141,0.101768945257377
720,"s(lastRippleHPC_z):DOWN_yes",0.0159660323347213,0.000162519922267961,0.140802874463878,0.0414887120864551
721,"s(lastRippleHPC_z):DOWN_yes",0.11660907365014,0.00122266188971692,0.382218381241322,0.112585767542313
722,"s(lastRippleHPC_z):DOWN_yes",0.0618451894155125,0.000639372597975315,0.280756838068048,0.0826500337471214
723,"s(lastRippleHPC_z):DOWN_yes",0.0329273206149558,0.000340134176527166,0.200486084164212,0.0590525511205499
724,"s(lastRippleHPC_z):DOWN_yes",0.0729844186565609,0.000770039660296766,0.311269103824053,0.0924668873636794
725,"s(lastRippleHPC_z):DOWN_yes",0.0524607936813046,0.000574719568947273,0.261030780330816,0.0876566129099923
726,"s(lastRippleHPC_z):DOWN_yes",0.0515495387925577,0.000574401241955904,0.25972446314111,0.109904101036757
727,"s(lastRippleHPC_z):DOWN_yes",0.00903015414390751,9.11653202349392e-05,0.105997972368446,0.0312155893885287
728,"s(lastRippleHPC_z):DOWN_yes",0.169585733691997,0.00150027890545619,0.42641799630385,0.134835258057745
729,"s(lastRippleHPC_z):DOWN_yes",0.049909210192383,0.000518331952021748,0.252261738953409,0.0742932663746771
730,"s(lastRippleHPC_z):DOWN_yes",0.0644559885660172,0.00051261212909757,0.265853287056237,0.100606119410253
731,"s(lastRippleHPC_z):DOWN_yes",0.0946525600188615,0.000786434894249584,0.426135845534272,0.41671522441872
732,"s(lastRippleHPC_z):DOWN_yes",0.0857446814154601,0.000900530284361731,0.330538891388313,0.097348836381774
733,"s(lastRippleHPC_z):DOWN_yes",0.0554843685345068,0.000272661772367945,0.244850383597233,0.0756834165855778
734,"s(lastRippleHPC_z):DOWN_yes",0.0656415088890734,0.000340057418250387,0.221473892002238,0.1071226806275
735,"s(lastRippleHPC_z):DOWN_yes",0.0505968176296534,0.000519968687841249,0.24947838382872,0.0734733135292929
736,"s(lastRippleHPC_z):DOWN_yes",0.0726129608084269,0.000641484916278008,0.28832563206191,0.0878945452798987
737,"s(lastRippleHPC_z):DOWN_yes",0.0695059094619666,0.000577565639249323,0.295601111694105,0.0891873293785466
738,"s(lastRippleHPC_z):DOWN_yes",0.0512652531527591,0.000526668979440936,0.250761150397633,0.0738517127794752
739,"s(lastRippleHPC_z):DOWN_yes",0.0225481962214449,0.000235893765535863,0.172746055734922,0.0508748567062237
740,"s(lastRippleHPC_z):DOWN_yes",0.0500249831794992,0.000312695247761776,0.246926866356516,0.0814659803555839
741,"s(lastRippleHPC_z):DOWN_yes",0.0528993540149694,0.000557079227848362,0.260288488887035,0.0766613474550428
742,"s(lastRippleHPC_z):DOWN_yes",0.122718346927663,0.0012914940110262,0.396922722831815,0.118603353066575
743,"s(lastRippleHPC_z):DOWN_yes",0.0227194229625205,8.50022258965931e-05,0.153447493294578,0.0781517902235283
744,"s(lastRippleHPC_z):DOWN_yes",0.0257895836360964,0.000264144437100844,0.179550991006965,0.0528859219461379
745,"s(lastRippleHPC_z):DOWN_yes",0.044712495777973,0.000154362248862847,0.232254948985876,0.0695972119619898
746,"s(lastRippleHPC_z):DOWN_yes",0.0146356561110412,9.42822138041505e-05,0.0877552251739756,0.0775680736444752
747,"s(lastRippleHPC_z):DOWN_yes",0.151705826004696,0.00158699547561142,0.430823543436302,0.126886899629626
748,"s(lastRippleHPC_z):DOWN_yes",0.053058461875386,0.000423195967261039,0.232747579144932,0.0927088556241644
749,"s(lastRippleHPC_z):DOWN_yes",0.0125441840673277,1.27008437585468e-05,0.123192646496436,0.0366078538281726
750,"s(lastRippleHPC_z):DOWN_yes",0.0522720159738084,0.000297193927009401,0.238464531377082,0.072993887616152
751,"s(lastRippleHPC_z):DOWN_yes",0.0769155807596063,0.000799376367418824,0.313159919893372,0.0943247766077538
752,"s(lastRippleHPC_z):DOWN_yes",0.071975171710795,0.000164775555347512,0.298871731426803,0.0878431654139
753,"s(lastRippleHPC_z):DOWN_yes",0.0401216512411331,0.000500139674175411,0.22442255601836,0.191674315529364
754,"s(lastRippleHPC_z):DOWN_yes",0.0331646001587584,0.000268353912818864,0.198524558039051,0.0813882233402887
755,"s(lastRippleHPC_z):DOWN_yes",0.0226080673075337,0.000237683201697353,0.169535304623548,0.0499425980578474
756,"s(lastRippleHPC_z):DOWN_yes",0.110074942741981,0.00113465440305867,0.371446965293273,0.109709391523583
757,"s(lastRippleHPC_z):DOWN_yes",0.0150857678341279,0.000147380118459531,0.132670902526415,0.039085370285968
758,"s(lastRippleHPC_z):DOWN_yes",0.0213945145250092,0.000220472370515755,0.162231292454616,0.0477782894296589
759,"s(lastRippleHPC_z):DOWN_yes",0.0872312774495656,0.000915737304833671,0.329689646616722,0.0970971922128748
760,"s(lastRippleHPC_z):DOWN_yes",0.0747191332271662,0.00076577297079865,0.305967060603934,0.0935205386146118
761,"s(lastRippleHPC_z):DOWN_yes",0.0102172300628496,0.000112662825490798,0.113988348643037,0.0414873798283519
762,"s(lastRippleHPC_z):DOWN_yes",0.0639579117677833,0.000556428116268545,0.297206456417982,0.0962695648149601
763,"s(lastRippleHPC_z):DOWN_yes",0.0647366461543069,0.000588494124301856,0.304223561193195,0.0902794669951441
764,"s(lastRippleHPC_z):DOWN_yes",0.0738649115673748,0.00054205040706408,0.240407843793062,0.156986892064478
765,"s(lastRippleHPC_z):DOWN_yes",0.0123507040949411,0.000127058882521282,0.128489983707954,0.0378432064566563
766,"s(lastRippleHPC_z):DOWN_yes",0.134893705168529,0.000879407450253321,0.310857683453689,0.114072689552439
767,"s(lastRippleHPC_z):DOWN_yes",0.0645744717321834,0.000674431088455725,0.292552903373939,0.0861591229304309
768,"s(lastRippleHPC_z):DOWN_yes",0.08120925333498,0.00067044979409932,0.29247181901239,0.352373864602444
769,"s(lastRippleHPC_z):DOWN_yes",0.044801143549793,0.000465081406853431,0.237866147157329,0.0700559396408371
770,"s(lastRippleHPC_z):DOWN_yes",0.0130366036255634,5.10544727512106e-05,0.0986618898472992,0.0425985919128188
771,"s(lastRippleHPC_z):DOWN_yes",0.0714033472650293,0.000783706303486359,0.309129974857484,0.11709225438003
772,"s(lastRippleHPC_z):DOWN_yes",0.102022133888957,0.000900956403035664,0.210343162658238,0.194430833358417
773,"s(lastRippleHPC_z):DOWN_yes",0.0839405034311564,0.000895130380854662,0.332526590994747,0.105387928763665
774,"s(lastRippleHPC_z):DOWN_yes",0.0587752502990648,0.000598212680233532,0.265855206791765,0.129927803926204
775,"s(lastRippleHPC_z):DOWN_yes",0.0767244379444607,0.000614028053724272,0.265667862967051,0.0978007198911947
776,"s(lastRippleHPC_z):DOWN_yes",0.0332372945675017,0.000350431181321885,0.20541245357982,0.0605020541560443
777,"s(lastRippleHPC_z):DOWN_yes",0.0939867358429796,0.000764943216173099,0.318950236317445,0.140664441106762
778,"s(lastRippleHPC_z):DOWN_yes",0.111779277055795,0.00117708350239344,0.37726982796874,0.111110333093017
779,"s(lastRippleHPC_z):DOWN_yes",0.0929541232881368,0.000976483115487929,0.347580082932802,0.102365788241496
780,"s(lastRippleHPC_z):DOWN_yes",0.0257385353317927,0.000267802836408322,0.180689358232798,0.0532168147312438
781,"s(lastRippleHPC_z):DOWN_yes",0.082132585970327,0.000617533050594946,0.134536614371038,0.10431092979123
782,"s(lastRippleHPC_z):DOWN_yes",0.0634529103360633,0.000560558444809045,0.30648785743548,0.0876805272995524
783,"s(lastRippleHPC_z):DOWN_yes",0.0516737156704723,0.00049555018463277,0.229031383876644,0.0706639420413246
784,"s(lastRippleHPC_z):DOWN_yes",0.0751358351696272,0.000792768510142765,0.305710317332872,0.0923256054712399
785,"s(lastRippleHPC_z):DOWN_yes",0.0107386391500119,4.86981550768604e-05,0.100638514828704,0.0337121564097117
786,"s(lastRippleHPC_z):DOWN_yes",0.0309629140952357,0.000259992571787719,0.150660939356051,0.0492953699426172
787,"s(lastRippleHPC_z):DOWN_yes",0.0797337422854181,0.000834211449619055,0.315887528078791,0.0930452292136989
788,"s(lastRippleHPC_z):DOWN_yes",0.043238734765211,0.000453278046976737,0.237749587387166,0.0714603332057105
789,"s(lastRippleHPC_z):DOWN_yes",0.143539787471444,0.00133416001461755,0.412018829829502,0.14077236267702
790,"s(lastRippleHPC_z):DOWN_yes",0.0538754417866594,0.000565901602321251,0.266207805142719,0.0819279572067799
791,"s(lastRippleHPC_z):DOWN_yes",0.00966012400684768,2.99565847797096e-05,0.0747197022849487,0.0308604967534054
792,"s(lastRippleHPC_z):DOWN_yes",0.0738709037222396,0.000763627092706947,0.300504327781429,0.0885062424289738
793,"s(lastRippleHPC_z):DOWN_yes",0.0993927103565824,0.00103845099180523,0.357678243794481,0.105339219041208
794,"s(lastRippleHPC_z):DOWN_yes",0.0130193719254947,0.000132386615502362,0.12776640792887,0.0376282255543362
795,"s(lastRippleHPC_z):DOWN_yes",0.0561891362389177,0.000577791791266176,0.266098268400994,0.0783683291633077
796,"s(lastRippleHPC_z):DOWN_yes",0.122123924157726,0.00114692785451099,0.328295008534091,0.134007855726132
797,"s(lastRippleHPC_z):DOWN_yes",0.0334660881332995,0.000346571458959931,0.205452435666583,0.0605257251785739
798,"s(lastRippleHPC_z):DOWN_yes",0.13191025041269,0.00142987634658338,0.415093179982921,0.15520622266907
799,"s(lastRippleHPC_z):DOWN_yes",0.0500751625281302,0.000270673516018584,0.176966063699247,0.0670854767642081
800,"s(lastRippleHPC_z):DOWN_yes",0.0632786159467331,0.000681345131272451,0.289477622672,0.0852540884792616
801,"s(lastRippleHPC_z):DOWN_yes",0.0651664280217208,0.000170313604115076,0.281443898615363,0.0835500488679532
802,"s(lastRippleHPC_z):DOWN_yes",0.030594525961269,0.000311430299453685,0.194524312592821,0.0572928543510233
803,"s(lastRippleHPC_z):DOWN_yes",0.0836751241937757,0.000871959069234394,0.328226859834311,0.09666506290143
804,"s(lastRippleHPC_z):DOWN_yes",0.0134742545295152,0.000140005203201252,0.131973394124958,0.0388716263215451
805,"s(lastRippleHPC_z):DOWN_yes",0.0912112355578554,0.000679929118012621,0.449746970431133,0.142772179348867
806,"s(lastRippleHPC_z):DOWN_yes",0.0405261386477598,0.000424223569965007,0.228057755104407,0.0671725498092666
807,"s(lastRippleHPC_z):DOWN_yes",0.0268085770678823,0.000260242126296695,0.0661895116824837,0.116068181048583
808,"s(lastRippleHPC_z):DOWN_yes",0.14463663965735,0.00151250600610514,0.432588125738773,0.127402221708499
809,"s(lastRippleHPC_z):DOWN_yes",0.0829576988620326,0.000604725355388112,0.291899735848007,0.0886872087120673
810,"s(lastRippleHPC_z):DOWN_yes",0.0798313927578205,0.000837675661817998,0.320865437092689,0.0945084393176048
811,"s(lastRippleHPC_z):DOWN_yes",0.0555998714387664,0.000262069418762375,0.249230458070075,0.075244382058115
812,"s(lastRippleHPC_z):DOWN_yes",0.0849409718598535,0.000890685716278153,0.335397680855684,0.0987813702742385
813,"s(lastRippleHPC_z):DOWN_yes",0.0787758264844118,0.000818891475907876,0.317143838045713,0.0934033111611783
814,"s(lastRippleHPC_z):DOWN_yes",0.017095157730048,0.000120473175451369,0.0987115454732247,0.04028175871576
815,"s(lastRippleHPC_z):DOWN_yes",0.011279100327334,0.000118721907738383,0.118989120943774,0.0350436040498932
816,"s(lastRippleHPC_z):DOWN_yes",0.0446976225026958,0.000460164213075806,0.237906390117185,0.0700638750230276
817,"s(lastRippleHPC_z):DOWN_yes",0.0690531901221849,0.000506198585036296,0.27908187721267,0.0888070580977809
818,"s(lastRippleHPC_z):DOWN_yes",0.0954162162590606,0.00100336321624454,0.34477975524649,0.1015463758741
819,"s(lastRippleHPC_z):DOWN_yes",0.0995388952816469,0.00104084010402111,0.354437496151225,0.104388376962131
820,"s(lastRippleHPC_z):DOWN_yes",0.0365465170141857,0.000105119475338264,0.257524867300125,0.0681831644642917
821,"s(lastRippleHPC_z):DOWN_yes",0.072526051554167,0.000752730384630743,0.306820916499034,0.0903651992372651
822,"s(lastRippleHPC_z):DOWN_yes",0.0361562858102609,0.000375393211643071,0.221844978968236,0.0653393825802662
823,"s(lastRippleHPC_z):DOWN_yes",0.0355942689040702,0.000374031566909033,0.213009839959976,0.0627350313281945
824,"s(lastRippleHPC_z):DOWN_yes",0.0406698458461285,0.000288887441891835,0.192204724665748,0.0646255805106647
825,"s(lastRippleHPC_z):DOWN_yes",0.0940348566247806,0.000973193201571442,0.344750781198479,0.101533895318216
826,"s(lastRippleHPC_z):DOWN_yes",0.0674581829112286,0.000717576212390874,0.297167268910411,0.114250602180686
827,"s(lastRippleHPC_z):DOWN_yes",0.077265332465922,0.000784406323466507,0.306612487144325,0.0903185969028675
828,"s(lastRippleHPC_z):DOWN_yes",0.0945078184345762,0.000843656604948663,0.380509854773716,0.151337966746744
829,"s(lastRippleHPC_z):DOWN_yes",0.0500668272979627,0.000509685905396766,0.248969590322473,0.0733234039114002
830,"s(lastRippleHPC_z):DOWN_yes",0.013656477030568,0.000161657042519557,0.131415929278231,0.0555971965206903
831,"s(lastRippleHPC_z):DOWN_yes",0.077212462915381,0.000717366539229604,0.2838259118122,0.0994083934397129
832,"s(lastRippleHPC_z):DOWN_yes",0.0262413845111205,0.000155871390531405,0.152177948882442,0.0503480201246728
833,"s(lastRippleHPC_z):DOWN_yes",0.017377558719911,0.000111540091823485,0.101650187488028,0.0514465696094774
834,"s(lastRippleHPC_z):DOWN_yes",0.0199333914147619,0.000208596875106663,0.160069369796842,0.047144294957018
835,"s(lastRippleHPC_z):DOWN_yes",0.0644009414646005,0.000369799283134082,0.273131736341008,0.0818631791444804
836,"s(lastRippleHPC_z):DOWN_yes",0.0525018262477639,0.000546962529792997,0.255394846262913,0.0752223644357373
837,"s(lastRippleHPC_z):DOWN_yes",0.0392581122426252,0.000403563727446607,0.221361885054201,0.0651958010326975
838,"s(lastRippleHPC_z):DOWN_yes",0.0743895911609913,0.000780992459151575,0.306724783010453,0.0903422541295552
839,"s(lastRippleHPC_z):DOWN_yes",0.0592787562481778,0.000504175704343149,0.388229431543883,0.104484512753752
840,"s(lastRippleHPC_z):DOWN_yes",0.0364004423406623,0.000378290457334193,0.216192395129354,0.0636722262614438
841,"s(lastRippleHPC_z):DOWN_yes",0.116772694281817,0.00122042324032622,0.381418637348686,0.112336680198729
842,"s(lastRippleHPC_z):DOWN_yes",0.041062512179451,0.000343746071619407,0.175803413188067,0.0767135347744217
843,"s(lastRippleHPC_z):DOWN_yes",0.100974238205381,0.0010464467114993,0.360308507558111,0.10612284163375
844,"s(lastRippleHPC_z):DOWN_yes",0.0534735535009476,0.000553400741681963,0.261515307698827,0.0770221610733613
845,"s(lastRippleHPC_z):DOWN_yes",0.0349647243619104,0.000139712772362213,0.207187843949964,0.0619365812462373
846,"s(lastRippleHPC_z):DOWN_yes",0.0953707189193027,0.000549444665489533,0.319634432739864,0.113158772681205
847,"s(lastRippleHPC_z):DOWN_yes",0.0263523580884195,0.000195010603800899,0.104039347504116,0.0338928789201385
848,"s(lastRippleHPC_z):DOWN_yes",0.0672493475891338,0.000701474279948055,0.293928906080304,0.0865712250540011
849,"s(lastRippleHPC_z):DOWN_yes",0.101861416514433,0.00104917905829206,0.361542701364009,0.10654257868045
850,"s(lastRippleHPC_z):DOWN_yes",0.064890577509698,0.00066949579316571,0.286062550504706,0.0842573010591042
851,"s(lastRippleHPC_z):DOWN_yes",0.0564565315894709,0.000572086817884299,0.269117249865275,0.0792557540289424
852,"s(lastRippleHPC_z):DOWN_yes",0.0409739256480606,0.000425678144004457,0.230598169124047,0.0679142015166872
853,"s(lastRippleHPC_z):DOWN_yes",0.010385436840175,0.00010563873227731,0.11418253739419,0.0336343308085039
854,"s(lastRippleHPC_z):DOWN_yes",0.0230211963021461,0.00024899155393824,0.173582963547316,0.0625700700109814
855,"s(lastRippleHPC_z):DOWN_yes",0.0930705700297345,0.000977513731921527,0.346105485778359,0.101945484008891
856,"s(lastRippleHPC_z):DOWN_yes",0.0626522470330899,0.000639332232887834,0.280965000261566,0.0827543733315383
857,"s(lastRippleHPC_z):DOWN_yes",0.0254262893167585,0.00019291827751884,0.16428003438724,0.0546011797482895
858,"s(lastRippleHPC_z):DOWN_yes",0.0195494598910253,3.23704917106326e-05,0.154159830763832,0.0453028759009769
859,"s(lastRippleHPC_z):DOWN_yes",0.0274647655751004,0.000273715309231037,0.182457948173848,0.0537475458310042
860,"s(lastRippleHPC_z):DOWN_yes",0.0133320063399402,0.000138497701517544,0.131652597373448,0.0387722902863748
861,"s(lastRippleHPC_z):DOWN_yes",0.168170918433423,0.00176353272264595,0.468016699084433,0.137851419197236
862,"s(lastRippleHPC_z):DOWN_yes",0.0979721432105132,0.00101442035056889,0.349914211691543,0.103052192353804
863,"s(lastRippleHPC_z):DOWN_yes",0.0405407576768404,0.000368076482775154,0.219227062844254,0.0671828740918299
864,"s(lastRippleHPC_z):DOWN_yes",0.0862887833257222,0.000538037374994468,0.292371246828555,0.253826416763476
865,"s(lastRippleHPC_z):DOWN_yes",0.084384089736691,0.00087859773531414,0.325132423403278,0.0957659960073246
866,"s(lastRippleHPC_z):DOWN_yes",0.0354216994203567,0.000206279062986692,0.179302731680764,0.0552092768204914
867,"s(lastRippleHPC_z):DOWN_yes",0.0536335421605596,0.000299982960904686,0.301208771368401,0.127359640862149
868,"s(lastRippleHPC_z):DOWN_yes",0.0304944234165303,0.000340281136956684,0.199441784525597,0.0708787293118776
869,"s(lastRippleHPC_z):DOWN_yes",0.106380402870552,0.000991326795474385,0.357202671420674,0.124760542566692
870,"s(lastRippleHPC_z):DOWN_yes",0.0133091667645182,0.000145911182614686,0.12822647397005,0.0628791797081957
871,"s(lastRippleHPC_z):DOWN_yes",0.0831806495782104,0.000880078791942421,0.31987140753769,0.0975846674794856
872,"s(lastRippleHPC_z):DOWN_yes",0.115713096124741,0.0012359905710787,0.383174147138083,0.116726506441752
873,"s(lastRippleHPC_z):DOWN_yes",0.0277167800540106,0.000290328964829874,0.183020280737411,0.0539062311214302
874,"s(lastRippleHPC_z):DOWN_yes",0.0632279752449296,0.000315719025739707,0.258509294842339,0.100554166253216
875,"s(lastRippleHPC_z):DOWN_yes",0.0442330657040007,0.000328746317842012,0.224502412702149,0.0805259764395686
876,"s(lastRippleHPC_z):DOWN_yes",0.0974134497499239,0.000838860776777239,0.379067035900137,0.107281500526825
877,"s(lastRippleHPC_z):DOWN_yes",0.0758154543282323,0.000398676577772124,0.256652740700351,0.106262610082106
878,"s(lastRippleHPC_z):DOWN_yes",0.0326265432199353,0.000341201710083911,0.201460917073974,0.0593351228941519
879,"s(lastRippleHPC_z):DOWN_yes",0.0527166573033409,0.00055094072962444,0.264645316920851,0.0785404700761465
880,"s(lastRippleHPC_z):DOWN_yes",0.0408886825910297,0.000426423837539643,0.221900352677146,0.0653582372892263
881,"s(lastRippleHPC_z):DOWN_yes",0.0598329670611619,0.000631440556090676,0.275293969206712,0.081613316805296
882,"s(lastRippleHPC_z):DOWN_yes",0.0438004476549576,0.0003922052520157,0.198421827088946,0.12385997497676
883,"s(lastRippleHPC_z):DOWN_yes",0.118401864284627,0.00123892216452171,0.393182904230482,0.115806575945604
884,"s(lastRippleHPC_z):DOWN_yes",0.0833621075781599,0.000870520026443068,0.330187812825533,0.0972454953857024
885,"s(lastRippleHPC_z):DOWN_yes",0.0528106749423998,0.00044395617127601,0.238753708201173,0.0857916096038365
886,"s(lastRippleHPC_z):DOWN_yes",0.0517372817096824,0.000541061064008961,0.257971504006429,0.084668430171843
887,"s(lastRippleHPC_z):DOWN_yes",0.0611477358080936,0.000355309516988028,0.458119819384974,0.114760096934481
888,"s(lastRippleHPC_z):DOWN_yes",0.0385620930547752,0.000163241242243384,0.217840620491056,0.0998440698946796
889,"s(lastRippleHPC_z):DOWN_yes",0.0732023347084709,0.0006359490665189,0.313656476406933,0.0993561671810712
890,"s(lastRippleHPC_z):DOWN_yes",0.0952357276857363,0.00088843787644945,0.29493658330778,0.105668715017796
891,"s(lastRippleHPC_z):DOWN_yes",0.0555979629084087,0.00037084732298775,0.257697087887467,0.303735261117221
892,"s(lastRippleHPC_z):DOWN_yes",0.0473830529384873,0.000376184946178334,0.108445004434557,0.0605989813963835
893,"s(lastRippleHPC_z):DOWN_yes",0.123000377072649,0.00117305483016106,0.394495980308156,0.117553201641871
894,"s(lastRippleHPC_z):DOWN_yes",0.046108247360916,0.000380469708663982,0.235730252779983,0.0755878933175987
895,"s(lastRippleHPC_z):DOWN_yes",0.0188257282370135,6.91098413292199e-05,0.144625052809311,0.044067053667591
896,"s(lastRippleHPC_z):DOWN_yes",0.0308660881550828,0.00013034262812323,0.176477867736139,0.0565020999973561
897,"s(lastRippleHPC_z):DOWN_yes",0.0557253507350319,0.000639275289276963,0.268255780470016,0.149695523915356
898,"s(lastRippleHPC_z):DOWN_yes",0.0529692328045313,0.000304870753351334,0.271002645758616,0.0984304345343393
899,"s(lastRippleHPC_z):DOWN_yes",0.0217904727450327,0.000228916356281769,0.167467322373343,0.0493252301346611
900,"s(lastRippleHPC_z):DOWN_yes",0.0410576717199564,0.000164897865778291,0.210009191003875,0.0808098300175145
901,"s(lastRippleHPC_z):DOWN_yes",0.0305741897479681,0.000316723014225444,0.19565152038335,0.0576315637818589
902,"s(lastRippleHPC_z):DOWN_yes",0.0577754048377406,0.000609406329568417,0.269942267155516,0.0823188523455351
903,"s(lastRippleHPC_z):DOWN_yes",0.0294726924359727,0.000300971809826089,0.194275244516788,0.0573693995373672
904,"s(lastRippleHPC_z):DOWN_yes",0.171447812076609,0.0017843661542162,0.466459768494508,0.137426932261815
905,"s(lastRippleHPC_z):DOWN_yes",0.0449094992172352,0.000469035618931765,0.242741520079714,0.0714837716408503
906,"s(lastRippleHPC_z):DOWN_yes",0.0839030632954856,0.000887087899056053,0.329329165547787,0.110485976634063
907,"s(lastRippleHPC_z):DOWN_yes",0.0651802490471489,0.000375276843260479,0.289960590524446,0.08560380255107
908,"s(lastRippleHPC_z):DOWN_yes",0.0490664047518843,0.000510313472358074,0.247846242962897,0.0729920951771694
909,"s(lastRippleHPC_z):DOWN_yes",0.0708219262925107,0.000735216239335038,0.299303083732062,0.0881530711776088
910,"s(lastRippleHPC_z):DOWN_yes",0.0403423154625084,0.000411325425476618,0.22532967913648,0.0663653037979356
911,"s(lastRippleHPC_z):DOWN_yes",0.0704434656666297,0.000783748849844891,0.305506984110232,0.0909098451728473
912,"s(lastRippleHPC_z):DOWN_yes",0.0806221777650888,0.000842391453766752,0.313647700337821,0.0923790013668923
913,"s(lastRippleHPC_z):DOWN_yes",0.0494966429306709,0.000241212729737463,0.140746567486777,0.0767520313311114
914,"s(lastRippleHPC_z):DOWN_yes",0.112696942933012,0.00117913623296707,0.381985141900276,0.112499536895724
915,"s(lastRippleHPC_z):DOWN_yes",0.045916488134174,0.000265943420622671,0.145626192286351,0.0882926528059908
916,"s(lastRippleHPC_z):DOWN_yes",0.0406627039923579,0.000413125267725375,0.230663108987758,0.0679315906702648
917,"s(lastRippleHPC_z):DOWN_yes",0.0661833365051425,0.000467061025204325,0.281328165940266,0.0888313712361996
918,"s(lastRippleHPC_z):DOWN_yes",0.0993859530148091,0.000889212685964088,0.360108509528269,0.111296557664482
919,"s(lastRippleHPC_z):DOWN_yes",0.0804467929134516,0.000470808340097329,0.332117748417539,0.0984121141585309
920,"s(lastRippleHPC_z):DOWN_yes",0.0411738224123352,0.000270950468365435,0.234885126669004,0.0691868006574259
921,"s(lastRippleHPC_z):DOWN_yes",0.085382713643444,0.000894070243497099,0.329864967538735,0.097158383067563
922,"s(lastRippleHPC_z):DOWN_yes",0.0220356418512209,0.000255740274859611,0.163928991638778,0.136269206236663
923,"s(lastRippleHPC_z):DOWN_yes",0.198198201102076,0.00187749593550389,0.627097230401784,0.705159155104609
924,"s(lastRippleHPC_z):DOWN_yes",0.0481035737849229,0.000501641307433665,0.248217780981809,0.0731155641236241
925,"s(lastRippleHPC_z):DOWN_yes",0.0244829548062064,0.000250437455519403,0.174440557634742,0.0513796950163944
926,"s(lastRippleHPC_z):DOWN_yes",0.0526797924727349,0.000525969313768886,0.25411073548914,0.0748380773090904
927,"s(lastRippleHPC_z):DOWN_yes",0.033163390538272,0.00033875815437306,0.200412552208497,0.0590270490743688
928,"s(lastRippleHPC_z):DOWN_yes",0.06413244223533,0.000675185027524633,0.295787253032267,0.0871128264343762
929,"s(lastRippleHPC_z):DOWN_yes",0.0629055548021675,0.000654617646161128,0.280829621447075,0.0827091683164399
930,"s(lastRippleHPC_z):DOWN_yes",0.048238823103893,8.44862094440892e-05,0.243919234440085,0.0719444599304991
931,"s(lastRippleHPC_z):DOWN_yes",0.0386533882036026,0.000305774521318413,0.172529851562669,0.06964019538958
932,"s(lastRippleHPC_z):DOWN_yes",0.0966110784322307,0.00103610949802553,0.35314246604836,0.110543326855131
933,"s(lastRippleHPC_z):DOWN_yes",0.0336493281843397,0.000347840260812966,0.202164637459121,0.0595470810731695
934,"s(lastRippleHPC_z):DOWN_yes",0.0267826605037724,0.000128721918207225,0.169695458033355,0.0541449529116372
935,"s(lastRippleHPC_z):DOWN_yes",0.0687379713960743,0.000716938527587856,0.300662197408138,0.0885581742246128
936,"s(lastRippleHPC_z):DOWN_yes",0.0193731222332723,0.000229719265145163,0.155317466267241,0.0916641018841002
937,"s(lastRippleHPC_z):DOWN_yes",0.0648866752293031,0.000703111454724705,0.281529648065939,0.131005763575759
938,"s(lastRippleHPC_z):DOWN_yes",0.0684456548345693,0.000577503856898061,0.307575514704473,0.100681757491464
939,"s(lastRippleHPC_z):DOWN_yes",0.0290818119463658,0.000297574065465206,0.188581890762373,0.0555471931713027
940,"s(lastRippleHPC_z):DOWN_yes",0.0525988716581089,0.000565618201926168,0.256106653164736,0.0807682900239417
941,"s(lastRippleHPC_z):DOWN_yes",0.0452909992675536,0.000431330471190967,0.208783242733719,0.0922140789999413
942,"s(lastRippleHPC_z):DOWN_yes",0.042184747415237,0.000440775490382617,0.233470816368194,0.0728580736350401
943,"s(lastRippleHPC_z):DOWN_yes",0.0824311949332222,0.00069775525275719,0.208718465893385,0.172241583675617
944,"s(lastRippleHPC_z):DOWN_yes",0.0576692731809514,0.000599217095975885,0.272486525868253,0.08025350173496
945,"s(lastRippleHPC_z):DOWN_yes",0.0520752569786476,0.000529914097586248,0.252655022793562,0.0744113623230101
946,"s(lastRippleHPC_z):DOWN_yes",0.0523083085731786,0.000549240262135182,0.255398737427264,0.0752178177320797
947,"s(lastRippleHPC_z):DOWN_yes",0.0318339600753568,0.000263506753553191,0.150117546072358,0.0674796617103262
948,"s(lastRippleHPC_z):DOWN_yes",0.0698416239869495,0.000513905390559059,0.249814361184489,0.193088860728091
949,"s(lastRippleHPC_z):DOWN_yes",0.0961917856765586,0.00101129995718306,0.350482113980553,0.103221946252064
950,"s(lastRippleHPC_z):DOWN_yes",0.0505475596515401,0.000536713533092422,0.25546166626426,0.0780729417521577
951,"s(lastRippleHPC_z):DOWN_yes",0.00975438471142098,0.00011025958232957,0.109754277980702,0.0522254914999872
952,"s(lastRippleHPC_z):DOWN_yes",0.0468806157060051,0.000470516553881114,0.24728305430469,0.0895112514809723
953,"s(lastRippleHPC_z):DOWN_yes",0.0879541240687969,0.000902334439864572,0.335979934218984,0.0989495596852512
954,"s(lastRippleHPC_z):DOWN_yes",0.179694040204993,0.00187610237978883,0.476297757996462,0.140275651343528
955,"s(lastRippleHPC_z):DOWN_yes",0.0138943695539666,0.000147288097152348,0.131746915154529,0.0388013772557069
956,"s(lastRippleHPC_z):DOWN_yes",0.140901373723388,0.00146014977562307,0.41906616207009,0.123407826429344
957,"s(lastRippleHPC_z):DOWN_yes",0.0154157307081713,0.000157181755555418,0.139409958930331,0.0410607540280393
958,"s(lastRippleHPC_z):DOWN_yes",0.0594003363576183,0.000615128900436156,0.278430557953744,0.0820028478247613
959,"s(lastRippleHPC_z):DOWN_yes",0.0244291624961814,0.000247183673076105,0.1739096287662,0.0512192406969028
960,"s(lastRippleHPC_z):DOWN_yes",0.092498421828191,0.000959883256037048,0.344005459661027,0.101313215977603
961,"s(lastRippleHPC_z):DOWN_yes",0.0936539149704361,0.000738729683122569,0.271711316111973,0.143320403807648
962,"s(lastRippleHPC_z):DOWN_yes",0.0642040871806824,0.000532932899134836,0.253619173922228,0.0810161950975833
963,"s(lastRippleHPC_z):DOWN_yes",0.0562196384104938,0.000574362401544702,0.267778016551315,0.078862857694457
964,"s(lastRippleHPC_z):DOWN_yes",0.0333313703582832,0.000349483419811806,0.204446887183233,0.0602163540991604
965,"s(lastRippleHPC_z):DOWN_yes",0.0961893072418629,0.000541072466501404,0.27439785097267,0.11021257620375
966,"s(lastRippleHPC_z):DOWN_yes",0.0807868802752054,0.000699699141204751,0.302678228313773,0.0920987494522926
967,"s(lastRippleHPC_z):DOWN_yes",0.129765503490773,0.00136795198171412,0.412863798969696,0.121593700612403
968,"s(lastRippleHPC_z):DOWN_yes",0.0113837988122034,0.000117193853734861,0.12011556835186,0.0353751559754712
969,"s(lastRippleHPC_z):DOWN_yes",0.0116334419305009,0.000182964710511037,0.119293293674292,0.132654416680087
970,"s(lastRippleHPC_z):DOWN_yes",0.0946247620113949,0.00098113304647315,0.348347320251278,0.102598136579158
971,"s(lastRippleHPC_z):DOWN_yes",0.0295869701260276,0.000303844945599315,0.192087265671258,0.0565732186575104
972,"s(lastRippleHPC_z):DOWN_yes",0.0311207730991603,0.00031321725806031,0.195481527447612,0.0575725666770222
973,"s(lastRippleHPC_z):DOWN_yes",0.0975940562831967,0.00100448934770682,0.354036440294793,0.104272087452459
974,"s(lastRippleHPC_z):DOWN_yes",0.0427905105845623,0.000443451585244312,0.232792184271988,0.0685656505972243
975,"s(lastRippleHPC_z):DOWN_yes",0.141651418590921,0.000915128192719128,0.414099293362958,0.124689807813751
976,"s(lastRippleHPC_z):DOWN_yes",0.0516906150341674,0.00029511141046409,0.192008076007618,0.0758388080530346
977,"s(lastRippleHPC_z):DOWN_yes",0.0743983316286236,0.000845372920871517,0.310279905674443,0.133735644226817
978,"s(lastRippleHPC_z):DOWN_yes",0.0744324249404906,0.000409218363227865,0.267596210072365,0.131614922310238
979,"s(lastRippleHPC_z):DOWN_yes",0.085390679274342,0.000908115731483695,0.337024701181699,0.0992557412248372
980,"s(lastRippleHPC_z):DOWN_yes",0.017219034523186,0.000175513788813863,0.145361591792368,0.0428111299009512
981,"s(lastRippleHPC_z):DOWN_yes",0.0619213643419156,0.000624852607960341,0.27780825246468,0.0818215648677609
982,"s(lastRippleHPC_z):DOWN_yes",0.0822762905980214,0.000866311960623718,0.324771680116842,0.0957737788394995
983,"s(lastRippleHPC_z):DOWN_yes",0.0990387541406736,0.00104255924618939,0.359542732981783,0.105891570969536
984,"s(lastRippleHPC_z):DOWN_yes",0.0514338710128666,0.000282673880715824,0.243695357835774,0.148097983991463
985,"s(lastRippleHPC_z):DOWN_yes",0.0392041926170181,0.000403544066143098,0.221059337579104,0.0651098498616639
986,"s(lastRippleHPC_z):DOWN_yes",0.0855680628411619,0.000895970362249243,0.324797231973169,0.0956711934791263
987,"s(lastRippleHPC_z):DOWN_yes",0.114217428541484,0.0011991734961696,0.381255845236395,0.112283516410479
988,"s(lastRippleHPC_z):DOWN_yes",0.0383842990627059,0.000401474344699754,0.22386490481814,0.0659317102458133
989,"s(lastRippleHPC_z):DOWN_yes",0.0382229249739456,0.000391399170935741,0.217148347382361,0.0639558202250694
990,"s(lastRippleHPC_z):DOWN_yes",0.117365544727326,0.000844744532257108,0.370314535478809,0.113264807643511
991,"s(lastRippleHPC_z):DOWN_yes",0.0564594340163103,0.000276637249696033,0.184362921454703,0.0701565571057376
992,"s(lastRippleHPC_z):DOWN_yes",0.0636101913862612,0.000335326581068045,0.208633584741594,0.096019785341854
993,"s(lastRippleHPC_z):DOWN_yes",0.0767706496970471,0.000811771821672594,0.314713732858634,0.0951592094971597
994,"s(lastRippleHPC_z):DOWN_yes",0.0225073001367591,0.000234012424864352,0.166794954803563,0.0491240466796059
995,"s(lastRippleHPC_z):DOWN_yes",0.0538667748905493,0.000317081055850322,0.222886666654315,0.0942713514728281
996,"s(lastRippleHPC_z):DOWN_yes",0.078671513544097,0.000827077229826061,0.324003593490305,0.0954214637363673
997,"s(lastRippleHPC_z):DOWN_yes",0.0695229703162576,0.000722696165780701,0.295969566209944,0.0871720166462838
998,"s(lastRippleHPC_z):DOWN_yes",0.0371252052957951,0.000300091582718941,0.196456646908211,0.0764028569251012
999,"s(lastRippleHPC_z):DOWN_yes",0.0788426618714224,0.000860447929620128,0.319198569886102,0.126883039517659
1000,"s(lastRippleHPC_z):DOWN_yes",0.0559871977029562,9.44942348747099e-05,0.262387491007739,0.0772133556596388
1,"s(lastRippleV1PRE_z):DOWN_no",0.00712351188129556,4.99661406739298e-05,0.0521851185044417,0.0654901952245323
2,"s(lastRippleV1PRE_z):DOWN_no",0.0146800140395529,0.000162809720012605,0.109399041331213,0.0460956078489511
3,"s(lastRippleV1PRE_z):DOWN_no",0.0154813198938033,1.67768823436314e-05,0.110940292529325,0.0329144569812137
4,"s(lastRippleV1PRE_z):DOWN_no",0.0714974095818572,0.00050967266110225,0.238967491101327,0.0759477707138344
5,"s(lastRippleV1PRE_z):DOWN_no",0.0866547331472507,0.000443467705645577,0.266777996102506,0.0788247401156188
6,"s(lastRippleV1PRE_z):DOWN_no",0.0479570252674488,0.000502671087817341,0.201223310349676,0.0592787057028597
7,"s(lastRippleV1PRE_z):DOWN_no",0.0129578676330793,7.2300656891524e-05,0.0838596967502567,0.0288711413852496
8,"s(lastRippleV1PRE_z):DOWN_no",0.052706977459394,0.000401172484612536,0.160464079673211,0.210284575167691
9,"s(lastRippleV1PRE_z):DOWN_no",0.132495932525988,0.00115082126515091,0.213152895046342,0.0896952118121152
10,"s(lastRippleV1PRE_z):DOWN_no",0.0636670285686822,0.000669438287624758,0.227983139268263,0.0671515111970361
11,"s(lastRippleV1PRE_z):DOWN_no",0.0181786426121242,0.00019840930500353,0.123786334656973,0.0403039457231129
12,"s(lastRippleV1PRE_z):DOWN_no",0.0476818704392707,0.000316545604611194,0.162900295173131,0.0819069490752657
13,"s(lastRippleV1PRE_z):DOWN_no",0.0259502286907374,0.000279301978551771,0.145723013895266,0.0444039615128692
14,"s(lastRippleV1PRE_z):DOWN_no",0.0250399612458283,0.000280414826380222,0.142187483003831,0.065286116405842
15,"s(lastRippleV1PRE_z):DOWN_no",0.0397876471102441,0.000432302245169049,0.181837500296953,0.0651210513663487
16,"s(lastRippleV1PRE_z):DOWN_no",0.0599194612304732,0.000591583493713454,0.195532134864073,0.0717940764465302
17,"s(lastRippleV1PRE_z):DOWN_no",0.0167324529396495,0.000176830248759945,0.115212104752286,0.0339329637413357
18,"s(lastRippleV1PRE_z):DOWN_no",0.0797688435564794,0.00084885121159726,0.256175533405745,0.0754694601917762
19,"s(lastRippleV1PRE_z):DOWN_no",0.0705667237833163,0.000744504170270725,0.243829395539358,0.0718176774298509
20,"s(lastRippleV1PRE_z):DOWN_no",0.0233758701922016,0.000267982456504715,0.143588018466887,0.0423108868450055
21,"s(lastRippleV1PRE_z):DOWN_no",0.0707327922307277,0.00054904192713528,0.138611098118817,0.0620963233567962
22,"s(lastRippleV1PRE_z):DOWN_no",0.0297605908910921,0.000318261864015503,0.1570661749047,0.0462810553286691
23,"s(lastRippleV1PRE_z):DOWN_no",0.0403740072806222,0.000430529454993552,0.181433845644574,0.0592835916372628
24,"s(lastRippleV1PRE_z):DOWN_no",0.00455609599579354,6.53947153511872e-05,0.0609466274012446,0.0418337388860386
25,"s(lastRippleV1PRE_z):DOWN_no",0.0764078868626035,0.000835519169695064,0.252630465837674,0.0837225434880305
26,"s(lastRippleV1PRE_z):DOWN_no",0.0795531615187643,0.000850560275601779,0.256621697573452,0.0755909131182758
27,"s(lastRippleV1PRE_z):DOWN_no",0.0607193322049415,0.000462909678478008,0.0960438125384116,0.0457217604253275
28,"s(lastRippleV1PRE_z):DOWN_no",0.0807505113281781,0.000463272254279164,0.246514173432735,0.107195226896043
29,"s(lastRippleV1PRE_z):DOWN_no",0.0593345731516397,0.000659504379263634,0.219249199600236,0.0970989710947928
30,"s(lastRippleV1PRE_z):DOWN_no",0.0481578249114953,0.000281627089820806,0.100331489781465,0.0685245335732126
31,"s(lastRippleV1PRE_z):DOWN_no",0.0103275142051897,0.00011379214335535,0.0932985311880591,0.0274784629069848
32,"s(lastRippleV1PRE_z):DOWN_no",0.0659772612741145,0.000707613044907432,0.231326659557755,0.0758843035564083
33,"s(lastRippleV1PRE_z):DOWN_no",0.111086484527963,0.00117068877057513,0.303385021068829,0.0893505195520879
34,"s(lastRippleV1PRE_z):DOWN_no",0.0292266432452273,0.000370598374392791,0.157410180015197,0.115810607465539
35,"s(lastRippleV1PRE_z):DOWN_no",0.0393780994824668,0.000273863900150263,0.161648680280033,0.0529684193620799
36,"s(lastRippleV1PRE_z):DOWN_no",0.0752679664103972,0.000585179918490984,0.119763696971867,0.0377433050233675
37,"s(lastRippleV1PRE_z):DOWN_no",0.0410926125370592,0.000450457091434147,0.186770664896901,0.0550066565630531
38,"s(lastRippleV1PRE_z):DOWN_no",0.0614265319508176,0.000654491546414392,0.222903421066134,0.0723966158704555
39,"s(lastRippleV1PRE_z):DOWN_no",0.0875781605464194,0.00093799309768094,0.263919047688982,0.0777325278608591
40,"s(lastRippleV1PRE_z):DOWN_no",0.0297906440105287,0.000312397859969308,0.156403438408379,0.0460996098748429
41,"s(lastRippleV1PRE_z):DOWN_no",0.0591865589741802,0.000522521546420074,0.130155221162066,0.0483458215379783
42,"s(lastRippleV1PRE_z):DOWN_no",0.026603328499534,0.000288213146259899,0.148993047508143,0.0438804320814089
43,"s(lastRippleV1PRE_z):DOWN_no",0.0244968754316774,0.000253595268833805,0.123288706568762,0.0493341150047423
44,"s(lastRippleV1PRE_z):DOWN_no",0.0171181339521915,0.000188652093904038,0.118542395089181,0.0418052620175906
45,"s(lastRippleV1PRE_z):DOWN_no",0.0396865105253745,0.000321969599067908,0.158830508938852,0.0563862984078022
46,"s(lastRippleV1PRE_z):DOWN_no",0.0394666784126398,0.000456739708463968,0.186760634760215,0.0748569955546577
47,"s(lastRippleV1PRE_z):DOWN_no",0.0369670139468123,0.000139328510358154,0.171352418476089,0.050527192323002
48,"s(lastRippleV1PRE_z):DOWN_no",0.0498116484421436,0.000305795021552744,0.14651158611087,0.128019555082334
49,"s(lastRippleV1PRE_z):DOWN_no",0.0764834994862778,0.000557863581384873,0.141131141974632,0.11884733637097
50,"s(lastRippleV1PRE_z):DOWN_no",0.0351827009238956,0.000372166260734928,0.167898191269118,0.0494559396412414
51,"s(lastRippleV1PRE_z):DOWN_no",0.0382192446420975,0.000413354250149532,0.175517759090485,0.0599164081450795
52,"s(lastRippleV1PRE_z):DOWN_no",0.0866953959122441,0.000923160590328011,0.268270747168437,0.0796521752315283
53,"s(lastRippleV1PRE_z):DOWN_no",0.0440348133366619,0.000348375714057558,0.136695566871264,0.0474250208007625
54,"s(lastRippleV1PRE_z):DOWN_no",0.0095134366928793,0.000102586072104738,0.0887818328291949,0.0261476206101597
55,"s(lastRippleV1PRE_z):DOWN_no",0.0425209556168964,0.000148487405544728,0.176054534558572,0.0532108992271706
56,"s(lastRippleV1PRE_z):DOWN_no",0.0421968342234385,0.000455509684236022,0.185473530206539,0.054624009370912
57,"s(lastRippleV1PRE_z):DOWN_no",0.0497956244009066,0.000336737750412051,0.183580825296882,0.0558279162016834
58,"s(lastRippleV1PRE_z):DOWN_no",0.0492041411858155,0.000528540656521604,0.202779964648556,0.0597229388091834
59,"s(lastRippleV1PRE_z):DOWN_no",0.0796405628564933,0.000488679305639269,0.166666156149954,0.0536551822563087
60,"s(lastRippleV1PRE_z):DOWN_no",0.0626824882158763,0.000457541172365281,0.187340313488009,0.0905885679347252
61,"s(lastRippleV1PRE_z):DOWN_no",0.0529893673357602,0.000302543217037821,0.182010632450552,0.0586250234384958
62,"s(lastRippleV1PRE_z):DOWN_no",0.0650399492349161,0.000509870961801507,0.237007372889173,0.343097902758528
63,"s(lastRippleV1PRE_z):DOWN_no",0.11640890145335,0.000840365152269193,0.14004301316093,0.0598104818431174
64,"s(lastRippleV1PRE_z):DOWN_no",0.0255866380600498,0.000277965409091282,0.147920064358685,0.0435888843327588
65,"s(lastRippleV1PRE_z):DOWN_no",0.0508891801038134,0.000441744642324731,0.147627386366511,0.0564310877526837
66,"s(lastRippleV1PRE_z):DOWN_no",0.0207774124791253,0.000218889151796985,0.129840253153395,0.0382482961476174
67,"s(lastRippleV1PRE_z):DOWN_no",0.0593362498600696,0.00036494939493417,0.141264388989623,0.0542201410384878
68,"s(lastRippleV1PRE_z):DOWN_no",0.020063708231417,2.87778350809018e-05,0.124349107554482,0.0368191183822475
69,"s(lastRippleV1PRE_z):DOWN_no",0.0715007781830135,0.000757484662467118,0.241762976440991,0.0712080684095688
70,"s(lastRippleV1PRE_z):DOWN_no",0.0696262269180323,0.000335620166818358,0.224331211066695,0.0673763667947605
71,"s(lastRippleV1PRE_z):DOWN_no",0.0316839946684064,0.000341785998718278,0.160331240034271,0.0537991454452303
72,"s(lastRippleV1PRE_z):DOWN_no",0.0495566491450026,0.000394474272103112,0.147772319918402,0.0511873478333705
73,"s(lastRippleV1PRE_z):DOWN_no",0.0118820306708649,0.000127385835281573,0.0982719584794711,0.0289623930089823
74,"s(lastRippleV1PRE_z):DOWN_no",0.0461247640539613,0.000515393580688717,0.19764001640075,0.0987074439715783
75,"s(lastRippleV1PRE_z):DOWN_no",0.121974889488766,0.00129342892879206,0.31595457219506,0.0930560608080146
76,"s(lastRippleV1PRE_z):DOWN_no",0.0137398079819553,0.000145542825837507,0.105937996574125,0.0312189314198571
77,"s(lastRippleV1PRE_z):DOWN_no",0.0559334046488651,0.000591648162582659,0.209351322922408,0.0616582380439119
78,"s(lastRippleV1PRE_z):DOWN_no",0.0608238230017122,0.00042742969447288,0.110054139005036,0.127144101512065
79,"s(lastRippleV1PRE_z):DOWN_no",0.0890735047786633,0.000723322924099841,0.112211121484416,0.104578433818256
80,"s(lastRippleV1PRE_z):DOWN_no",0.0470242839155555,0.000331602483163145,0.169034504920634,0.0534508119427312
81,"s(lastRippleV1PRE_z):DOWN_no",0.0416786279652168,0.00024982509790435,0.124961852410477,0.0771221842270736
82,"s(lastRippleV1PRE_z):DOWN_no",0.0469085629782917,0.000497956372817167,0.195801332408989,0.0576661203807985
83,"s(lastRippleV1PRE_z):DOWN_no",0.0543454253588429,0.000596433371251145,0.210260884527222,0.0733180851997035
84,"s(lastRippleV1PRE_z):DOWN_no",0.117520089449567,0.0012399971308544,0.302462190380007,0.0890803055703745
85,"s(lastRippleV1PRE_z):DOWN_no",0.0613527924855841,0.000651085585498036,0.227030625692486,0.0668730321557947
86,"s(lastRippleV1PRE_z):DOWN_no",0.0490649410698936,0.000549137185583647,0.199192766560269,0.0780701663251347
87,"s(lastRippleV1PRE_z):DOWN_no",0.017945780969316,0.000194281944713431,0.121391181469558,0.0412335537875717
88,"s(lastRippleV1PRE_z):DOWN_no",0.0285740290471201,0.000229935510319717,0.104254506267266,0.0473260646233261
89,"s(lastRippleV1PRE_z):DOWN_no",0.0830167485713789,0.000881409306458281,0.263161041176802,0.083109554665914
90,"s(lastRippleV1PRE_z):DOWN_no",0.0579971819263125,0.000251165993010218,0.207883236796082,0.0613725690998829
91,"s(lastRippleV1PRE_z):DOWN_no",0.115248014102002,0.00102018044434434,0.279206169798815,0.0862169316774076
92,"s(lastRippleV1PRE_z):DOWN_no",0.0493521301182831,0.000417106740349265,0.121219629629249,0.0478838320758139
93,"s(lastRippleV1PRE_z):DOWN_no",0.0223181103221854,0.000238346513007638,0.135040251940984,0.0397714754767819
94,"s(lastRippleV1PRE_z):DOWN_no",0.0452151564594949,0.000478840620741182,0.193618876571084,0.0570364934847899
95,"s(lastRippleV1PRE_z):DOWN_no",0.0359362380173938,0.000388886047688797,0.172864312696812,0.063991605118362
96,"s(lastRippleV1PRE_z):DOWN_no",0.0289941680924155,0.000226972515994642,0.145596064902406,0.0445528612426431
97,"s(lastRippleV1PRE_z):DOWN_no",0.0870905430962914,0.000580366251726018,0.211211357319178,0.0757159997526825
98,"s(lastRippleV1PRE_z):DOWN_no",0.0238480755445689,0.000250144510869098,0.140231053751099,0.0412995440916652
99,"s(lastRippleV1PRE_z):DOWN_no",0.0245620272405231,0.000261263854143408,0.14055154534584,0.0414005434646533
100,"s(lastRippleV1PRE_z):DOWN_no",0.0467923739704341,0.000513196801405206,0.194512105319971,0.0713531721310168
101,"s(lastRippleV1PRE_z):DOWN_no",0.0266659776346048,0.000279893761889575,0.144564164909267,0.0425826547932788
102,"s(lastRippleV1PRE_z):DOWN_no",0.0101906462519015,0.000106667558749768,0.0906739799513731,0.0267093481983507
103,"s(lastRippleV1PRE_z):DOWN_no",0.0863723708777231,0.000727602161440611,0.116936058041468,0.0738237104899016
104,"s(lastRippleV1PRE_z):DOWN_no",0.0218996670595724,0.000227145921799705,0.133936996844093,0.0394492971993563
105,"s(lastRippleV1PRE_z):DOWN_no",0.0347924660839256,0.00036727192209824,0.17107214820762,0.0503832859320851
106,"s(lastRippleV1PRE_z):DOWN_no",0.0869600617489024,0.000751836757463733,0.258500364148365,0.077292863284395
107,"s(lastRippleV1PRE_z):DOWN_no",0.0414848561249759,0.000449814715652584,0.187954854600611,0.062030014175059
108,"s(lastRippleV1PRE_z):DOWN_no",0.0725316002527014,0.000771063760472342,0.241241474512131,0.0713235967267396
109,"s(lastRippleV1PRE_z):DOWN_no",0.0645276435412399,0.000604964070462232,0.210239174447339,0.0628064857283011
110,"s(lastRippleV1PRE_z):DOWN_no",0.0103172858985499,0.000120080824831639,0.0913323577478208,0.0409037048581938
111,"s(lastRippleV1PRE_z):DOWN_no",0.0548179352359197,0.000582597317211973,0.213255308826736,0.0641322784606188
112,"s(lastRippleV1PRE_z):DOWN_no",0.0560210558132921,0.000590126569904469,0.21476603938583,0.063252863306877
113,"s(lastRippleV1PRE_z):DOWN_no",0.0320238354218239,0.000338681942631489,0.161993149071511,0.0477167526048964
114,"s(lastRippleV1PRE_z):DOWN_no",0.0192700989421732,0.000147076214549268,0.0473553507594524,0.0510000016589474
115,"s(lastRippleV1PRE_z):DOWN_no",0.0143138062599855,0.000153151431968866,0.10880916145692,0.0320467591239773
116,"s(lastRippleV1PRE_z):DOWN_no",0.0454884742214166,0.000481231282775242,0.190004446260604,0.0559590610332286
117,"s(lastRippleV1PRE_z):DOWN_no",0.0228430535225081,0.000261571236413517,0.13744302887954,0.0622990066454167
118,"s(lastRippleV1PRE_z):DOWN_no",0.0350091868030997,0.000171853627175547,0.155605868229804,0.0476104741796912
119,"s(lastRippleV1PRE_z):DOWN_no",0.0421711699906488,0.000448012647896802,0.186350757712024,0.0548812254160312
120,"s(lastRippleV1PRE_z):DOWN_no",0.0201955609795679,0.000212046044040785,0.125971889506189,0.0371168302636036
121,"s(lastRippleV1PRE_z):DOWN_no",0.0412357905626948,0.000376441785446258,0.168868249840612,0.0527202688494985
122,"s(lastRippleV1PRE_z):DOWN_no",0.00842867791442981,2.86311325589326e-05,0.0636150003995896,0.0210351664125758
123,"s(lastRippleV1PRE_z):DOWN_no",0.0444075421752173,0.000408895814566149,0.169090527580717,0.0758391909467364
124,"s(lastRippleV1PRE_z):DOWN_no",0.034297577091257,0.000519350400518687,0.167087233578071,0.240112334342012
125,"s(lastRippleV1PRE_z):DOWN_no",0.0418747163936883,0.000480372828003739,0.185839078023576,0.0979894869325194
126,"s(lastRippleV1PRE_z):DOWN_no",0.0548423176835868,0.00063745810419968,0.209864174953751,0.117719246507541
127,"s(lastRippleV1PRE_z):DOWN_no",0.0414462970805767,0.000196293449981659,0.0690519053762687,0.023334240374462
128,"s(lastRippleV1PRE_z):DOWN_no",0.0606317529038645,0.000645341006182823,0.220980259749765,0.0650860394043097
129,"s(lastRippleV1PRE_z):DOWN_no",0.00461140765486245,5.3149006363588e-05,0.0642552745181631,0.0189254488582358
130,"s(lastRippleV1PRE_z):DOWN_no",0.0544144594088696,0.000320579202933997,0.100423708291142,0.0909991108460986
131,"s(lastRippleV1PRE_z):DOWN_no",0.103013085198083,0.00109948091135794,0.289247209388743,0.085189089044827
132,"s(lastRippleV1PRE_z):DOWN_no",0.0027020273113525,3.6108584697757e-05,0.0470217432894289,0.0344556761753944
133,"s(lastRippleV1PRE_z):DOWN_no",0.0344151294910251,0.000372522120021806,0.171241865328861,0.0505134737753527
134,"s(lastRippleV1PRE_z):DOWN_no",0.0676114297604382,0.000717821552658899,0.238560714751759,0.0702593769790914
135,"s(lastRippleV1PRE_z):DOWN_no",0.0453147671342711,0.000479592669564147,0.194389509739853,0.0572541376774417
136,"s(lastRippleV1PRE_z):DOWN_no",0.0742465974543949,0.00052773266946747,0.113970030076842,0.138838301789644
137,"s(lastRippleV1PRE_z):DOWN_no",0.0187522414945258,7.15117777811522e-05,0.114142857925399,0.0318464517713301
138,"s(lastRippleV1PRE_z):DOWN_no",0.0635628725628008,0.000683717472558543,0.22499622249587,0.0706923843188827
139,"s(lastRippleV1PRE_z):DOWN_no",0.0706447224700861,0.000614076117195562,0.167179789999247,0.0737314643535233
140,"s(lastRippleV1PRE_z):DOWN_no",0.102416282329142,0.00108909662689254,0.287005957571519,0.0845364588373385
141,"s(lastRippleV1PRE_z):DOWN_no",0.0094949661651702,0.000101607486953344,0.0882739776067497,0.0259983659064036
142,"s(lastRippleV1PRE_z):DOWN_no",0.0312367722405096,0.000148038238430234,0.131209475609927,0.0441474918064937
143,"s(lastRippleV1PRE_z):DOWN_no",0.0626635948825349,0.000331289470468487,0.104830170592556,0.0539548656841302
144,"s(lastRippleV1PRE_z):DOWN_no",0.123857034689261,0.00100375950268273,0.139342442791995,0.0594030886801852
145,"s(lastRippleV1PRE_z):DOWN_no",0.024447133853319,0.000268499176691666,0.14219030998122,0.0482290708734885
146,"s(lastRippleV1PRE_z):DOWN_no",0.0242540370823354,0.000254151411723674,0.139452804517785,0.0410806117368136
147,"s(lastRippleV1PRE_z):DOWN_no",0.061979721980145,0.000658668252686622,0.231037196001034,0.0680572024047159
148,"s(lastRippleV1PRE_z):DOWN_no",0.045179328566153,0.000494143449037418,0.192342490438009,0.0653337777070171
149,"s(lastRippleV1PRE_z):DOWN_no",0.0970716165718297,0.000815392828671299,0.141380736382714,0.0518509586688974
150,"s(lastRippleV1PRE_z):DOWN_no",0.0754781250975283,0.000803488145816148,0.249467013624786,0.0734753204306335
151,"s(lastRippleV1PRE_z):DOWN_no",0.00221670035474464,3.11497646396391e-05,0.0441563198152199,0.0390250650056244
152,"s(lastRippleV1PRE_z):DOWN_no",0.104879695962228,0.00111154872663622,0.292499461111443,0.0861583610796062
153,"s(lastRippleV1PRE_z):DOWN_no",0.0406579312810464,0.000431738123540353,0.180945078854042,0.0534768579457892
154,"s(lastRippleV1PRE_z):DOWN_no",0.0870362598091843,0.000679018710541978,0.121850141916271,0.125661779099391
155,"s(lastRippleV1PRE_z):DOWN_no",0.133265079147467,0.00121806017004596,0.320382649244786,0.414981206059651
156,"s(lastRippleV1PRE_z):DOWN_no",0.0538075369255022,0.000569574067780677,0.211111731309627,0.0621813464414827
157,"s(lastRippleV1PRE_z):DOWN_no",0.0218647800938223,0.000229885225106712,0.132208672904844,0.038937249393571
158,"s(lastRippleV1PRE_z):DOWN_no",0.0896138024317432,0.000951001002320085,0.273720055445625,0.0806192130897945
159,"s(lastRippleV1PRE_z):DOWN_no",0.0627595802105931,0.000400045087000582,0.0887662633519874,0.0534715837631859
160,"s(lastRippleV1PRE_z):DOWN_no",0.0312271805229472,0.00033612949692366,0.161957602575356,0.0477066431781965
161,"s(lastRippleV1PRE_z):DOWN_no",0.0598151775058966,0.000453554511505885,0.224956782423759,0.0674794794530755
162,"s(lastRippleV1PRE_z):DOWN_no",0.0764474124606584,0.00084249307794104,0.249352333638715,0.110509227210471
163,"s(lastRippleV1PRE_z):DOWN_no",0.06400486214502,0.000838132110010353,0.225923494595228,0.271300953014449
164,"s(lastRippleV1PRE_z):DOWN_no",0.0483197102491264,0.000424867621740737,0.153478521859271,0.0381183972982184
165,"s(lastRippleV1PRE_z):DOWN_no",0.0605297565163117,0.000637142842347075,0.221740616039326,0.0653058007951141
166,"s(lastRippleV1PRE_z):DOWN_no",0.06916680499676,0.000447982566293969,0.102742568197533,0.0496929551482599
167,"s(lastRippleV1PRE_z):DOWN_no",0.0513256212623938,0.000550019357994368,0.205391787839013,0.0661110485790594
168,"s(lastRippleV1PRE_z):DOWN_no",0.0309716188701206,0.000335606634745363,0.158518690705777,0.0536578828423247
169,"s(lastRippleV1PRE_z):DOWN_no",0.0626336321595007,0.000599724906650417,0.1948942756414,0.134785224139124
170,"s(lastRippleV1PRE_z):DOWN_no",0.0377354602144857,0.000136758886397199,0.13536749894075,0.0820041894544237
171,"s(lastRippleV1PRE_z):DOWN_no",0.0371349237790106,0.000397082114601514,0.175410888317302,0.0516612039185451
172,"s(lastRippleV1PRE_z):DOWN_no",0.0257863277490475,0.000274763950713797,0.14597129683764,0.0429919102287048
173,"s(lastRippleV1PRE_z):DOWN_no",0.0919470954308697,0.000792664982080745,0.109892537737317,0.0369678513904561
174,"s(lastRippleV1PRE_z):DOWN_no",0.0410396681417007,0.000427703465410706,0.183545892729536,0.0540645510225898
175,"s(lastRippleV1PRE_z):DOWN_no",0.0382125071743973,0.000407546478935421,0.175911367031804,0.05181046397941
176,"s(lastRippleV1PRE_z):DOWN_no",0.0284567890577963,0.000304939060866057,0.15442281645198,0.0481855102854205
177,"s(lastRippleV1PRE_z):DOWN_no",0.0760195439493714,0.00012535826372831,0.249697572222439,0.0733761397593396
178,"s(lastRippleV1PRE_z):DOWN_no",0.0524308725908229,0.000361054443876259,0.149911384788116,0.0918729008850069
179,"s(lastRippleV1PRE_z):DOWN_no",0.0964967135196888,0.00075587931877054,0.178019466138917,0.0528522600979987
180,"s(lastRippleV1PRE_z):DOWN_no",0.0746163072819623,0.000790698127714174,0.251846134712463,0.0741747487538992
181,"s(lastRippleV1PRE_z):DOWN_no",0.0772287505979632,0.000597705173863848,0.166776309807943,0.0648320645886493
182,"s(lastRippleV1PRE_z):DOWN_no",0.0389578950337341,4.34780999260264e-05,0.173667837659544,0.0514373991426515
183,"s(lastRippleV1PRE_z):DOWN_no",0.0665093285500777,0.000550301765584865,0.209766812279065,0.0641157072717757
184,"s(lastRippleV1PRE_z):DOWN_no",0.0117233635307326,0.000125565698786548,0.0903646642568007,0.034000764318006
185,"s(lastRippleV1PRE_z):DOWN_no",0.0545895127714555,0.000476560085149899,0.18613658939964,0.0975300213599458
186,"s(lastRippleV1PRE_z):DOWN_no",0.0779777687836578,0.000831884635819679,0.253616217613597,0.0747037565320215
187,"s(lastRippleV1PRE_z):DOWN_no",0.0242213777571099,0.000257231552884774,0.141067703766507,0.0415466125248021
188,"s(lastRippleV1PRE_z):DOWN_no",0.0465840499156078,0.000496720699626383,0.193056141643423,0.0568845299613179
189,"s(lastRippleV1PRE_z):DOWN_no",0.0727975772172371,0.000555426316525299,0.215134873068533,0.0689953406407946
190,"s(lastRippleV1PRE_z):DOWN_no",0.028350541423281,0.000302435221121256,0.150248201536162,0.0442658536729494
191,"s(lastRippleV1PRE_z):DOWN_no",0.00893679593997998,0.000308809523328093,0.140222015300975,0.054330788572518
192,"s(lastRippleV1PRE_z):DOWN_no",0.0220891678099351,0.000118432247346767,0.105884824850606,0.0368582617673879
193,"s(lastRippleV1PRE_z):DOWN_no",0.0495665733503747,0.000525110602041409,0.200341607925033,0.0590080421385844
194,"s(lastRippleV1PRE_z):DOWN_no",0.0172391523508333,0.000177710242574734,0.116822245522125,0.0344063230354259
195,"s(lastRippleV1PRE_z):DOWN_no",0.0641994448475645,0.000683997383104805,0.229416998463073,0.067565283006156
196,"s(lastRippleV1PRE_z):DOWN_no",0.0231413379565781,0.000245627273714447,0.135208078754185,0.0398205996535522
197,"s(lastRippleV1PRE_z):DOWN_no",0.00636813404024128,3.10631715694239e-05,0.0447566497855725,0.0209023914870168
198,"s(lastRippleV1PRE_z):DOWN_no",0.0519356139281761,0.000552227885251132,0.204903917550228,0.0603523821912324
199,"s(lastRippleV1PRE_z):DOWN_no",0.0443557459439248,0.00046986819396414,0.192863136149249,0.056814860258265
200,"s(lastRippleV1PRE_z):DOWN_no",0.0925769427067831,0.00031232817682642,0.274891981555109,0.0811186413270802
201,"s(lastRippleV1PRE_z):DOWN_no",0.0796049028601278,0.000659802659534439,0.114325929524448,0.0945445295703025
202,"s(lastRippleV1PRE_z):DOWN_no",0.0292280144966002,0.000320496505083394,0.157107481873824,0.0502579631013343
203,"s(lastRippleV1PRE_z):DOWN_no",0.0424180066651694,0.000477474601028836,0.187780510626078,0.099096303675751
204,"s(lastRippleV1PRE_z):DOWN_no",0.0855377794555929,0.000707643852763224,0.182005261245862,0.067056053720897
205,"s(lastRippleV1PRE_z):DOWN_no",0.102617783593388,0.000806543660101316,0.190740234898889,0.0540735307953787
206,"s(lastRippleV1PRE_z):DOWN_no",0.0766921484041179,0.000807881426433499,0.250418261571683,0.0737523918451
207,"s(lastRippleV1PRE_z):DOWN_no",0.018525279109368,0.000197081517749852,0.124902406287947,0.0368128698300077
208,"s(lastRippleV1PRE_z):DOWN_no",0.0378140310238608,0.000272861200904446,0.143072175344401,0.0455034302185381
209,"s(lastRippleV1PRE_z):DOWN_no",0.0979380067785431,0.00104520554712544,0.282034357205725,0.0830632805373614
210,"s(lastRippleV1PRE_z):DOWN_no",0.0297207841283509,0.000145906783958665,0.0812982629567763,0.0433987788747275
211,"s(lastRippleV1PRE_z):DOWN_no",0.0485843082946662,0.0003812628868174,0.178195243086011,0.0572670252290847
212,"s(lastRippleV1PRE_z):DOWN_no",0.0439010333878542,0.000474140073670321,0.191199212730405,0.0575786043794546
213,"s(lastRippleV1PRE_z):DOWN_no",0.0915943669680139,0.000638260017401736,0.182165218163978,0.172112163320589
214,"s(lastRippleV1PRE_z):DOWN_no",0.06183614541757,0.000562599337369445,0.142098410096914,0.0591959308908743
215,"s(lastRippleV1PRE_z):DOWN_no",0.065166886293837,0.000530564944688587,0.0980669090748097,0.0533461211106125
216,"s(lastRippleV1PRE_z):DOWN_no",0.0487551297920774,0.00041013302669811,0.161638392394343,0.0670568888181353
217,"s(lastRippleV1PRE_z):DOWN_no",0.100192860952792,0.000797654940182977,0.234187624291618,0.0647334301016084
218,"s(lastRippleV1PRE_z):DOWN_no",0.0500628437309789,0.000376607515201683,0.136346969379641,0.045171106362093
219,"s(lastRippleV1PRE_z):DOWN_no",0.0376545878371095,0.000398238314765534,0.175133631488856,0.0515844990626608
220,"s(lastRippleV1PRE_z):DOWN_no",0.102276706449929,0.000642815056318653,0.240512912375272,0.0796290496493835
221,"s(lastRippleV1PRE_z):DOWN_no",0.049775998676032,0.00052545811503194,0.197472249953606,0.0581594647441778
222,"s(lastRippleV1PRE_z):DOWN_no",0.0245316838084246,0.000261166844546233,0.144162938248504,0.042465224032007
223,"s(lastRippleV1PRE_z):DOWN_no",0.0130253170438168,0.000134714311276751,0.102764688788394,0.0302690024797487
224,"s(lastRippleV1PRE_z):DOWN_no",0.0176802180146396,0.000143551050664318,0.085773811897332,0.0781618813446287
225,"s(lastRippleV1PRE_z):DOWN_no",0.0188156466053453,0.000200035682163581,0.125636043694869,0.0370012160860994
226,"s(lastRippleV1PRE_z):DOWN_no",0.076955703458812,0.000814536030030564,0.250431539057662,0.073754760631999
227,"s(lastRippleV1PRE_z):DOWN_no",0.0818597780222943,0.000721329017072885,0.178722020706912,0.0923601550990499
228,"s(lastRippleV1PRE_z):DOWN_no",0.0601036305898264,0.000621173628629542,0.219004442123953,0.0645014023148604
229,"s(lastRippleV1PRE_z):DOWN_no",0.0316341815424979,0.000358948478026077,0.159616609802539,0.0616385942676682
230,"s(lastRippleV1PRE_z):DOWN_no",0.0280218931649241,0.000297385259572712,0.15290312044718,0.045047118928891
231,"s(lastRippleV1PRE_z):DOWN_no",0.0434288554171385,0.000347528124295041,0.141487151820802,0.0470142175373919
232,"s(lastRippleV1PRE_z):DOWN_no",0.03284356729029,0.000276956841510893,0.131769666314729,0.0468611740496687
233,"s(lastRippleV1PRE_z):DOWN_no",0.0839465142588072,0.000686510421519459,0.192401367133829,0.0642283058480686
234,"s(lastRippleV1PRE_z):DOWN_no",0.0868021469493057,0.000691815083407124,0.421848282985637,0.233788328783987
235,"s(lastRippleV1PRE_z):DOWN_no",0.0343046600533645,0.000260364566537713,0.141544035821529,0.048522756614422
236,"s(lastRippleV1PRE_z):DOWN_no",0.0283457240201725,0.000298787976719951,0.14940760791953,0.0440019955877803
237,"s(lastRippleV1PRE_z):DOWN_no",0.0377621143533569,0.00040010011229142,0.17776570773431,0.0523911544900901
238,"s(lastRippleV1PRE_z):DOWN_no",0.00993539703415269,0.000107451392283584,0.0920920218598273,0.0315476709614831
239,"s(lastRippleV1PRE_z):DOWN_no",0.0170500109894096,0.000103632336326351,0.117081306582628,0.0345592966404891
240,"s(lastRippleV1PRE_z):DOWN_no",0.0378569131132993,0.000414448999392918,0.174899913918679,0.0602925214031952
241,"s(lastRippleV1PRE_z):DOWN_no",0.0419985974932215,0.000447056917083037,0.183049066048791,0.05391287135121
242,"s(lastRippleV1PRE_z):DOWN_no",0.0964883659637774,0.000870474427193911,0.220433880065548,0.0859002131988369
243,"s(lastRippleV1PRE_z):DOWN_no",0.0730282550279515,0.000597271513089971,0.219163486037018,0.0675911259987208
244,"s(lastRippleV1PRE_z):DOWN_no",0.0314855969096737,0.000332136811691431,0.160466158458801,0.0472596082032403
245,"s(lastRippleV1PRE_z):DOWN_no",0.0309305990564068,0.000190335065904057,0.137637643395767,0.0481342511692322
246,"s(lastRippleV1PRE_z):DOWN_no",0.0942293787087713,0.000992959227018396,0.278784261030856,0.0821317277335561
247,"s(lastRippleV1PRE_z):DOWN_no",0.0562430731379111,0.000391113798337266,0.196499501668687,0.0633787863724476
248,"s(lastRippleV1PRE_z):DOWN_no",0.0725388284051602,0.000489879554786165,0.209219819805896,0.205890183596795
249,"s(lastRippleV1PRE_z):DOWN_no",0.0747091140823297,0.000561563236773414,0.105888236322092,0.0622474999898026
250,"s(lastRippleV1PRE_z):DOWN_no",0.0415173823694293,0.000358316441380166,0.136972250680379,0.0652310585375942
251,"s(lastRippleV1PRE_z):DOWN_no",0.0211125483704704,0.000221317258877874,0.132401662937152,0.0390083902380915
252,"s(lastRippleV1PRE_z):DOWN_no",0.0316244571484816,0.000335742176220168,0.160768979799628,0.0473600306103834
253,"s(lastRippleV1PRE_z):DOWN_no",0.011822497137989,0.00012545867729275,0.098786294079782,0.0290956082672632
254,"s(lastRippleV1PRE_z):DOWN_no",0.111276082341082,0.00084405404544582,0.185986734299979,0.219745335457275
255,"s(lastRippleV1PRE_z):DOWN_no",0.0798979977242436,0.000859181279513359,0.255293935584998,0.0924839008121859
256,"s(lastRippleV1PRE_z):DOWN_no",0.0819013988197979,0.000874724236071071,0.2601763863654,0.0766327546945847
257,"s(lastRippleV1PRE_z):DOWN_no",0.0631917079573938,0.000487600279915148,0.0942062987846023,0.033308411521299
258,"s(lastRippleV1PRE_z):DOWN_no",0.0381975360461571,0.000410015409382412,0.178641544488925,0.0555165111564247
259,"s(lastRippleV1PRE_z):DOWN_no",0.16824019793413,0.00148176089840384,0.315809408895663,0.10324688133303
260,"s(lastRippleV1PRE_z):DOWN_no",0.108376517739449,0.000900836381905,0.12964522699951,0.0918259852523563
261,"s(lastRippleV1PRE_z):DOWN_no",0.0670652398158227,0.000563778503777212,0.102012276271004,0.0377391923819368
262,"s(lastRippleV1PRE_z):DOWN_no",0.0210639498280658,0.000287469090091182,0.130986787613863,0.112747625118737
263,"s(lastRippleV1PRE_z):DOWN_no",0.0839148653210495,0.00078307479369485,0.222155088873359,0.11435087917785
264,"s(lastRippleV1PRE_z):DOWN_no",0.0174523653976957,0.000201975258467433,0.118462436782732,0.0630524235969767
265,"s(lastRippleV1PRE_z):DOWN_no",0.015132428999717,0.000157599314295582,0.110938703779832,0.0326750357521577
266,"s(lastRippleV1PRE_z):DOWN_no",0.062001142495169,0.000659384486045651,0.220881125155609,0.0651639269869392
267,"s(lastRippleV1PRE_z):DOWN_no",0.0902723263256879,0.00096073012529035,0.272605541309048,0.0802851938944788
268,"s(lastRippleV1PRE_z):DOWN_no",0.0346967918216121,0.000374935587362906,0.171387216172162,0.0504845796650063
269,"s(lastRippleV1PRE_z):DOWN_no",0.0249835057718251,0.000263349826636864,0.143270354891786,0.042203272407779
270,"s(lastRippleV1PRE_z):DOWN_no",0.0451058913906133,0.000313604620218275,0.167954386713395,0.05391071567967
271,"s(lastRippleV1PRE_z):DOWN_no",0.0297917337520115,0.000314994188900191,0.155105893967275,0.0456805207882912
272,"s(lastRippleV1PRE_z):DOWN_no",0.0420268526633105,0.000446361635120271,0.185578532260647,0.0557115518988373
273,"s(lastRippleV1PRE_z):DOWN_no",0.0461881065095708,0.000321912320238526,0.242376528735505,0.228373921654192
274,"s(lastRippleV1PRE_z):DOWN_no",0.0259808615521067,0.000106195331220914,0.10850383492664,0.0420069514784734
275,"s(lastRippleV1PRE_z):DOWN_no",0.0411624380612006,0.000325629185492144,0.14754659389155,0.0664469037114743
276,"s(lastRippleV1PRE_z):DOWN_no",0.0892181148089879,0.000782944278237577,0.224385214628368,0.290093821145425
277,"s(lastRippleV1PRE_z):DOWN_no",0.0618355106972217,0.000492098404849146,0.114405858549092,0.0492461439130948
278,"s(lastRippleV1PRE_z):DOWN_no",0.00614161486003706,6.93422171514574e-05,0.0732394493177397,0.0215698884144601
279,"s(lastRippleV1PRE_z):DOWN_no",0.0991178989084673,0.000843791813845467,0.193037799483326,0.110125347280884
280,"s(lastRippleV1PRE_z):DOWN_no",0.0645211450956982,0.000726267629186157,0.231151426849297,0.102990531007511
281,"s(lastRippleV1PRE_z):DOWN_no",0.0618205695708536,0.000660649560363401,0.223014593995645,0.0685522920994456
282,"s(lastRippleV1PRE_z):DOWN_no",0.00889027266160891,2.27538677500758e-05,0.0694908636808636,0.0224268833260593
283,"s(lastRippleV1PRE_z):DOWN_no",0.0192182829303835,0.000197218498981094,0.123464733302241,0.0363662617759296
284,"s(lastRippleV1PRE_z):DOWN_no",0.0549953882178551,0.00058650091796948,0.213823811302161,0.0629743687699033
285,"s(lastRippleV1PRE_z):DOWN_no",0.0671500201665767,0.000693789976807706,0.213826986478683,0.156577304214814
286,"s(lastRippleV1PRE_z):DOWN_no",0.0961581117246801,0.00101370561933762,0.282170455464751,0.0831049868888253
287,"s(lastRippleV1PRE_z):DOWN_no",0.0522129838195777,0.000561476588041988,0.209216692142795,0.0616220644770017
288,"s(lastRippleV1PRE_z):DOWN_no",0.0451746780538187,0.000356375233368339,0.0953752565459861,0.0444525329661394
289,"s(lastRippleV1PRE_z):DOWN_no",0.0175967360254567,0.000195420969076578,0.122004748659775,0.03593154554972
290,"s(lastRippleV1PRE_z):DOWN_no",0.104030223593864,0.000986148477585984,0.273804177090454,0.0882364963501708
291,"s(lastRippleV1PRE_z):DOWN_no",0.0156241695475234,0.000120210429473483,0.101800523528806,0.0373338783559037
292,"s(lastRippleV1PRE_z):DOWN_no",0.00295441699595234,3.16496221553845e-05,0.0489971893034847,0.014430586039384
293,"s(lastRippleV1PRE_z):DOWN_no",0.0806972380960218,0.000592454679265891,0.192237134670089,0.0538169227615724
294,"s(lastRippleV1PRE_z):DOWN_no",0.135504619368527,0.00144161569370425,0.334401342170791,0.102337033669624
295,"s(lastRippleV1PRE_z):DOWN_no",0.0450286974091849,0.000476320270627917,0.192656819039672,0.0567502868308468
296,"s(lastRippleV1PRE_z):DOWN_no",0.0496699853904987,0.000528130383460796,0.203202263882331,0.059863415679483
297,"s(lastRippleV1PRE_z):DOWN_no",0.0511103638122288,0.000329624184849375,0.192950858692825,0.0636496266277912
298,"s(lastRippleV1PRE_z):DOWN_no",0.0890047811848618,0.000946783223403884,0.272847560847622,0.0803732634700803
299,"s(lastRippleV1PRE_z):DOWN_no",0.0328122958740638,0.000345116492265242,0.163406681803242,0.048159546089026
300,"s(lastRippleV1PRE_z):DOWN_no",0.0417501521263945,0.000233213936968375,0.0693748101994958,0.0415287996075716
301,"s(lastRippleV1PRE_z):DOWN_no",0.0737024599503222,0.000679532256104365,0.123581237663099,0.177402075151196
302,"s(lastRippleV1PRE_z):DOWN_no",0.0691094463765296,0.000750400636650062,0.239959741597464,0.0706706230276018
303,"s(lastRippleV1PRE_z):DOWN_no",0.056431526405742,0.000622851878573982,0.21548501586563,0.0999870786641649
304,"s(lastRippleV1PRE_z):DOWN_no",0.0653248113118075,0.000709593911273214,0.233056553838911,0.0778509364803693
305,"s(lastRippleV1PRE_z):DOWN_no",0.0917330001173422,0.000805198121755112,0.161926247241094,0.105966399982887
306,"s(lastRippleV1PRE_z):DOWN_no",0.0546866939686508,0.000566602756915938,0.201722830630686,0.0632316541224261
307,"s(lastRippleV1PRE_z):DOWN_no",0.0153152915729438,0.000159805488053123,0.112580864659969,0.0331633694061873
308,"s(lastRippleV1PRE_z):DOWN_no",0.125533119405496,0.00096766664224619,0.180303768571494,0.131165396911322
309,"s(lastRippleV1PRE_z):DOWN_no",0.0767554916376394,0.000540375069154146,0.226211018549514,0.0701408427103014
310,"s(lastRippleV1PRE_z):DOWN_no",0.0730002594830435,0.000770145789627419,0.243803044831183,0.0747354730899297
311,"s(lastRippleV1PRE_z):DOWN_no",0.139792848432313,0.00120652321575895,0.209199113185094,0.0938925250086433
312,"s(lastRippleV1PRE_z):DOWN_no",0.072628938152107,0.000769747770408855,0.249698834291641,0.0735463375602536
313,"s(lastRippleV1PRE_z):DOWN_no",0.0414498056136789,0.000442260386235022,0.186347119639553,0.0558132222805761
314,"s(lastRippleV1PRE_z):DOWN_no",0.0250177696752765,0.000119339981339617,0.0936970874979811,0.0543801673362465
315,"s(lastRippleV1PRE_z):DOWN_no",0.036849463849812,0.000382493054741102,0.172425888375972,0.0507867555122605
316,"s(lastRippleV1PRE_z):DOWN_no",0.0644276072088363,0.000682409709294938,0.228034913930273,0.067161428824223
317,"s(lastRippleV1PRE_z):DOWN_no",0.0594951085977469,0.00064239732627724,0.223031469156749,0.0656884449548601
318,"s(lastRippleV1PRE_z):DOWN_no",0.0569140527285414,0.000599733194692759,0.218711673734608,0.0644275298067753
319,"s(lastRippleV1PRE_z):DOWN_no",0.0203750922795187,0.000217262474092426,0.128383212640147,0.037808856846315
320,"s(lastRippleV1PRE_z):DOWN_no",0.0353660769591153,0.000377942969166042,0.168022233341585,0.0535618373529982
321,"s(lastRippleV1PRE_z):DOWN_no",0.0320110118732275,0.000280645801066077,0.129887434802973,0.064724574770216
322,"s(lastRippleV1PRE_z):DOWN_no",0.0212037673036622,0.000226094917880062,0.131990194899256,0.0388832614472377
323,"s(lastRippleV1PRE_z):DOWN_no",0.0458110417937503,0.000462156127197346,0.181015998951725,0.134052806365246
324,"s(lastRippleV1PRE_z):DOWN_no",0.0249138626112,0.00052898061683147,0.144338070766534,0.330065653629669
325,"s(lastRippleV1PRE_z):DOWN_no",0.0836872779332101,0.000721440734713266,0.257662258289742,0.114439670475748
326,"s(lastRippleV1PRE_z):DOWN_no",0.0944468893793315,0.000410015964441458,0.270991223812142,0.0813210773242983
327,"s(lastRippleV1PRE_z):DOWN_no",0.0496419531623591,7.18803782467416e-05,0.200152731364178,0.0589783113369322
328,"s(lastRippleV1PRE_z):DOWN_no",0.0557192422758614,0.000290941604816132,0.154289608624724,0.0702250875472525
329,"s(lastRippleV1PRE_z):DOWN_no",0.056442813029661,0.000434285204592528,0.0971688778217244,0.0479902865398069
330,"s(lastRippleV1PRE_z):DOWN_no",0.0239571201062008,0.000245043263361779,0.138985362255697,0.0410023828287123
331,"s(lastRippleV1PRE_z):DOWN_no",0.0906193397047153,0.000789800451752989,0.284732854171106,0.0940785839178087
332,"s(lastRippleV1PRE_z):DOWN_no",0.0295273419589002,0.0001442635971256,0.115191262849958,0.0509375717999077
333,"s(lastRippleV1PRE_z):DOWN_no",0.0453179428597288,0.000363182729964006,0.110033275888642,0.0641013020790814
334,"s(lastRippleV1PRE_z):DOWN_no",0.0184202269034452,0.00019193669590966,0.122133977881568,0.0359715011498827
335,"s(lastRippleV1PRE_z):DOWN_no",0.0338569462770577,0.000362231831250676,0.167876986334101,0.0494504339802138
336,"s(lastRippleV1PRE_z):DOWN_no",0.11038021253883,0.00100482199780877,0.350181925003844,0.506990120833296
337,"s(lastRippleV1PRE_z):DOWN_no",0.0456131765507557,0.000374842750050306,0.115232898922773,0.0485801572093137
338,"s(lastRippleV1PRE_z):DOWN_no",0.0481678540793036,0.000367954271005239,0.0800956668927048,0.0638614104610412
339,"s(lastRippleV1PRE_z):DOWN_no",0.0187182691957517,0.000203109985541738,0.122935800901071,0.0385117776724043
340,"s(lastRippleV1PRE_z):DOWN_no",0.0488606036364514,0.000266396376870876,0.176454247520013,0.0540675815660324
341,"s(lastRippleV1PRE_z):DOWN_no",0.021501297590933,7.65112043705868e-05,0.129931964672892,0.0412599202035749
342,"s(lastRippleV1PRE_z):DOWN_no",0.0162269112144653,0.000190595595754219,0.117341938685786,0.0607119468840701
343,"s(lastRippleV1PRE_z):DOWN_no",0.0768946302918962,0.000682173066840462,0.202107162218951,0.0663681092199835
344,"s(lastRippleV1PRE_z):DOWN_no",0.0771235647719095,0.000819022516364901,0.249738116508102,0.0735534010858224
345,"s(lastRippleV1PRE_z):DOWN_no",0.0690939942394246,0.000765292692558869,0.240839944397376,0.102168512670134
346,"s(lastRippleV1PRE_z):DOWN_no",0.072995958106155,0.000768857761894545,0.242263136816508,0.0713487926855857
347,"s(lastRippleV1PRE_z):DOWN_no",0.0888354212868538,0.000762223635392986,0.266192225730411,0.079568433448764
348,"s(lastRippleV1PRE_z):DOWN_no",0.120780460711002,0.00106360158857435,0.292995908352621,0.407188699533176
349,"s(lastRippleV1PRE_z):DOWN_no",0.0746207851266316,0.000799510128511198,0.248968592943302,0.0733240567810372
350,"s(lastRippleV1PRE_z):DOWN_no",0.0440336903781899,0.000396204685128267,0.178684007084193,0.0885207283828136
351,"s(lastRippleV1PRE_z):DOWN_no",0.0518652749653654,0.000463960184248163,0.139229663914655,0.0581117718362745
352,"s(lastRippleV1PRE_z):DOWN_no",0.0973706677945199,0.00103683500148107,0.280966026683355,0.0827529937457799
353,"s(lastRippleV1PRE_z):DOWN_no",0.0463161209112766,0.000489211639822863,0.194036437043693,0.0571689933718876
354,"s(lastRippleV1PRE_z):DOWN_no",0.0477866457116187,0.000420653648407922,0.138677723094423,0.0502910648815839
355,"s(lastRippleV1PRE_z):DOWN_no",0.0264287388870716,0.000166286078608652,0.0566571228930876,0.0200415305493087
356,"s(lastRippleV1PRE_z):DOWN_no",0.0212970689033813,8.07886308922104e-05,0.125282788607033,0.0375461487696248
357,"s(lastRippleV1PRE_z):DOWN_no",0.0178041244488636,0.000190255944056368,0.121836612465859,0.0358819335223373
358,"s(lastRippleV1PRE_z):DOWN_no",0.0321496431470258,0.00023781493057649,0.130718662148379,0.0474524331421773
359,"s(lastRippleV1PRE_z):DOWN_no",0.0236499841495981,0.000252382520572775,0.138579150081013,0.0432680541450762
360,"s(lastRippleV1PRE_z):DOWN_no",0.0466800570894987,0.000263215305032449,0.0807582349491747,0.0394544382209171
361,"s(lastRippleV1PRE_z):DOWN_no",0.107653917331319,0.00114903172725676,0.295348145005728,0.086983219474076
362,"s(lastRippleV1PRE_z):DOWN_no",0.0446020726887255,0.000504669241557246,0.189522056030157,0.0992243961733436
363,"s(lastRippleV1PRE_z):DOWN_no",0.0218633286026453,0.000247196025857102,0.139516784421548,0.0455979349673401
364,"s(lastRippleV1PRE_z):DOWN_no",0.0091239836877941,9.97796408157173e-05,0.0861424360190394,0.0297726542694533
365,"s(lastRippleV1PRE_z):DOWN_no",0.092019204183905,0.000693458658427208,0.13510535901987,0.0591982476775722
366,"s(lastRippleV1PRE_z):DOWN_no",0.0218044226098932,0.000233965132401741,0.137326863243175,0.0404618364674074
367,"s(lastRippleV1PRE_z):DOWN_no",0.0728574140325167,0.000446366244551937,0.151498564676363,0.0471590391729469
368,"s(lastRippleV1PRE_z):DOWN_no",0.0701804091030835,0.000757833177565218,0.236059100106974,0.0784864052692388
369,"s(lastRippleV1PRE_z):DOWN_no",0.0642554902835792,0.000679073300765131,0.226861499852951,0.0668159312947863
370,"s(lastRippleV1PRE_z):DOWN_no",0.0395780142722142,0.000308049110717236,0.147308309878868,0.0524146962823894
371,"s(lastRippleV1PRE_z):DOWN_no",0.0272169147778198,0.000296731190188703,0.149047719986628,0.0488215905155409
372,"s(lastRippleV1PRE_z):DOWN_no",0.0383490318750495,0.00039079467155322,0.177658262447409,0.0523570805260451
373,"s(lastRippleV1PRE_z):DOWN_no",0.0561827146473561,0.000598324354412899,0.215767425935397,0.0635455129920457
374,"s(lastRippleV1PRE_z):DOWN_no",0.142041343152829,0.00126267778571884,0.159528291338806,0.0945395046101232
375,"s(lastRippleV1PRE_z):DOWN_no",0.121133913457565,0.000917059660506528,0.164367673944193,0.0681121286466268
376,"s(lastRippleV1PRE_z):DOWN_no",0.0518237144042084,0.00030585517989046,0.077886185965588,0.031018536346021
377,"s(lastRippleV1PRE_z):DOWN_no",0.0879184789328233,0.000781999946821466,0.24276178887503,0.328935188631287
378,"s(lastRippleV1PRE_z):DOWN_no",0.0558461710933997,0.000383431103877663,0.163704302263019,0.179248574726914
379,"s(lastRippleV1PRE_z):DOWN_no",0.0303854196916085,0.000324459732729229,0.157737844519912,0.0464591954668535
380,"s(lastRippleV1PRE_z):DOWN_no",0.120974895073946,0.00128789979393782,0.313045630579192,0.0921978522480146
381,"s(lastRippleV1PRE_z):DOWN_no",0.0332831746030466,0.000365684207577362,0.163815863673424,0.0732091903347488
382,"s(lastRippleV1PRE_z):DOWN_no",0.0396743977276808,0.000335332939132865,0.113096932661729,0.0583182363812488
383,"s(lastRippleV1PRE_z):DOWN_no",0.0375652844203023,0.000420334441438224,0.179747704720356,0.0544119511393372
384,"s(lastRippleV1PRE_z):DOWN_no",0.056973393422167,0.000293139163481919,0.161096900790899,0.0727713468075356
385,"s(lastRippleV1PRE_z):DOWN_no",0.0443594731383579,0.000479826256221348,0.192916076474205,0.0568170987122726
386,"s(lastRippleV1PRE_z):DOWN_no",0.0393820706326435,0.000413535428424514,0.179274444985572,0.0528020900703152
387,"s(lastRippleV1PRE_z):DOWN_no",0.0815188467991783,0.000863763245785344,0.256406624531006,0.0766256737468115
388,"s(lastRippleV1PRE_z):DOWN_no",0.0602820703098779,0.000477381919703836,0.103924548541724,0.0965707860638895
389,"s(lastRippleV1PRE_z):DOWN_no",0.0766825398940751,0.000810912788841713,0.25101621312322,0.0739409182459274
390,"s(lastRippleV1PRE_z):DOWN_no",0.091543589347423,0.000981094698300045,0.275248683289342,0.0851377856297689
391,"s(lastRippleV1PRE_z):DOWN_no",0.0421057495754003,0.000380160019985216,0.144881449290211,0.0685287386078621
392,"s(lastRippleV1PRE_z):DOWN_no",0.019778592929554,0.000212484698576764,0.127236672852084,0.0374724381407768
393,"s(lastRippleV1PRE_z):DOWN_no",0.0493621368905792,0.000525101334618476,0.199267568939732,0.0586862401591998
394,"s(lastRippleV1PRE_z):DOWN_no",0.0697003722366327,0.000747586765657586,0.23654923549232,0.0696661050161791
395,"s(lastRippleV1PRE_z):DOWN_no",0.0413179584760996,0.000443949645726496,0.18059026740595,0.0531869508512141
396,"s(lastRippleV1PRE_z):DOWN_no",0.0746369866176542,0.000542751879848081,0.111825645208664,0.0847072518561171
397,"s(lastRippleV1PRE_z):DOWN_no",0.00973671627172124,0.000105623640613547,0.090339727758256,0.0266055120905064
398,"s(lastRippleV1PRE_z):DOWN_no",0.035924605009507,0.000324250267793995,0.128239995663338,0.0405098611418554
399,"s(lastRippleV1PRE_z):DOWN_no",0.0286932365230328,0.000299819809782197,0.154076531882332,0.0453802582423028
400,"s(lastRippleV1PRE_z):DOWN_no",0.0341156120652277,0.000366594324228862,0.171854166926748,0.0506188422611518
401,"s(lastRippleV1PRE_z):DOWN_no",0.0274140188211254,0.000290990692571975,0.150382870568082,0.0467322865394483
402,"s(lastRippleV1PRE_z):DOWN_no",0.0792254136436918,0.000838794799961397,0.252715394555455,0.0744277566144908
403,"s(lastRippleV1PRE_z):DOWN_no",0.0493306309422108,0.000303360504471144,0.181256031522517,0.0551754716046946
404,"s(lastRippleV1PRE_z):DOWN_no",0.0244711989471762,0.000260431895075354,0.141630114060919,0.0417137869782047
405,"s(lastRippleV1PRE_z):DOWN_no",0.052617898577501,0.00056300928511726,0.207283895186785,0.0610523334711538
406,"s(lastRippleV1PRE_z):DOWN_no",0.036514667181712,0.000391457272768049,0.175469040579272,0.0557986209292635
407,"s(lastRippleV1PRE_z):DOWN_no",0.039596920866364,0.000423996547041364,0.183882544978017,0.0541811085275127
408,"s(lastRippleV1PRE_z):DOWN_no",0.0879967141221041,0.000772155812647851,0.217857499961367,0.0922984315243247
409,"s(lastRippleV1PRE_z):DOWN_no",0.127234253448675,0.00109028637159951,0.241071368043085,0.0785202259517549
410,"s(lastRippleV1PRE_z):DOWN_no",0.0493465666237025,0.000349258800740113,0.190367138862808,0.0586110324919389
411,"s(lastRippleV1PRE_z):DOWN_no",0.0434975048874717,0.000459395246366861,0.184747982115977,0.0544289604381403
412,"s(lastRippleV1PRE_z):DOWN_no",0.0438607688602106,0.000470597860472487,0.191566784019227,0.0564185597118091
413,"s(lastRippleV1PRE_z):DOWN_no",0.076526318516013,0.000512659680405441,0.358781066624902,0.095843555682924
414,"s(lastRippleV1PRE_z):DOWN_no",0.0358660401869884,0.000312346465300492,0.126879082327972,0.0590163858666516
415,"s(lastRippleV1PRE_z):DOWN_no",0.0574566231852103,0.000434471644222087,0.0914515333788812,0.0398032638419908
416,"s(lastRippleV1PRE_z):DOWN_no",0.0778041831767347,0.000822960170603245,0.25084209788421,0.0738817423665295
417,"s(lastRippleV1PRE_z):DOWN_no",0.0731647393648505,0.000778371207802657,0.24506090757328,0.0721756035431343
418,"s(lastRippleV1PRE_z):DOWN_no",0.0265319467789711,0.000280057727147374,0.146075936431283,0.0430361491397374
419,"s(lastRippleV1PRE_z):DOWN_no",0.045476740772199,0.000485927886990062,0.193208621342991,0.0569023970238356
420,"s(lastRippleV1PRE_z):DOWN_no",0.0736881004991448,0.000777407631155193,0.244697110476181,0.0720662305004684
421,"s(lastRippleV1PRE_z):DOWN_no",0.0378553887836723,0.00042905941453755,0.174145378342176,0.0882496760987104
422,"s(lastRippleV1PRE_z):DOWN_no",0.0340166151301542,0.000264997246076832,0.143161635064056,0.0590971851745449
423,"s(lastRippleV1PRE_z):DOWN_no",0.0707379454170098,0.000582661475162204,0.221997168455032,0.0674239261559472
424,"s(lastRippleV1PRE_z):DOWN_no",0.0654378136223768,0.000562248238634717,0.162812594714026,0.0559344262785247
425,"s(lastRippleV1PRE_z):DOWN_no",0.0378463733693932,0.000152106553629064,0.165180655163556,0.0496454614719246
426,"s(lastRippleV1PRE_z):DOWN_no",0.0536492448612851,0.000319738699211738,0.136537388876694,0.0648754806529257
427,"s(lastRippleV1PRE_z):DOWN_no",0.0162753970062841,0.000173609555517623,0.115726166999809,0.0340854454212989
428,"s(lastRippleV1PRE_z):DOWN_no",0.110646805190666,0.00118208767826027,0.300731513022953,0.0885990129905782
429,"s(lastRippleV1PRE_z):DOWN_no",0.0343123897511157,0.000364996203028321,0.167647054028459,0.049393858938101
430,"s(lastRippleV1PRE_z):DOWN_no",0.033527526466683,0.000355267711399125,0.166014420645945,0.0488935076701788
431,"s(lastRippleV1PRE_z):DOWN_no",0.0264105708755498,0.000282265131650173,0.146026720198231,0.0430078148956516
432,"s(lastRippleV1PRE_z):DOWN_no",0.022610710751457,0.000242093260948641,0.136395633070943,0.0401667910049844
433,"s(lastRippleV1PRE_z):DOWN_no",0.0443032442663078,0.000472246040254554,0.191656869710628,0.0629058210868214
434,"s(lastRippleV1PRE_z):DOWN_no",0.0554260014238332,0.000481329791321425,0.15848118563895,0.0539317645238109
435,"s(lastRippleV1PRE_z):DOWN_no",0.0180581362717636,0.000101798773181297,0.0526540108860085,0.0253158982950229
436,"s(lastRippleV1PRE_z):DOWN_no",0.055802501902952,0.000583811374575742,0.212399846195564,0.0625533327172399
437,"s(lastRippleV1PRE_z):DOWN_no",0.103881444954339,0.00110681459976708,0.293456682201323,0.0864372900590197
438,"s(lastRippleV1PRE_z):DOWN_no",0.0934047475924595,0.00100649856410386,0.277615457922234,0.0986907999497971
439,"s(lastRippleV1PRE_z):DOWN_no",0.0523321732155972,0.000202918734691281,0.201557326674143,0.0602480276734296
440,"s(lastRippleV1PRE_z):DOWN_no",0.0310525758473448,0.00032296635302772,0.157029117102771,0.0462495122675661
441,"s(lastRippleV1PRE_z):DOWN_no",0.0483611740125518,0.000423206389349035,0.159404810531305,0.0568158687881704
442,"s(lastRippleV1PRE_z):DOWN_no",0.037408832994215,0.000397504321397376,0.172714755588472,0.0508693452966565
443,"s(lastRippleV1PRE_z):DOWN_no",0.0666296714478847,0.000744239543786116,0.232961548178594,0.0995055757408737
444,"s(lastRippleV1PRE_z):DOWN_no",0.059179459647356,0.000627547693622598,0.218193195898218,0.064290771415825
445,"s(lastRippleV1PRE_z):DOWN_no",0.137578316822004,0.001466610867203,0.34195293036366,0.102549500089692
446,"s(lastRippleV1PRE_z):DOWN_no",0.0252979796996655,0.000262909824375048,0.141776156141692,0.0417626367561595
447,"s(lastRippleV1PRE_z):DOWN_no",0.038116861872866,0.000222654816837252,0.160846207960079,0.0493607667659152
448,"s(lastRippleV1PRE_z):DOWN_no",0.0167773603051034,0.000177703405586825,0.117207513274019,0.0345192352118998
449,"s(lastRippleV1PRE_z):DOWN_no",0.0175135318917592,0.000139492692922444,0.082993028950597,0.0277237763946806
450,"s(lastRippleV1PRE_z):DOWN_no",0.0175749458461505,0.000181235727364703,0.117860047343547,0.0347223165614427
451,"s(lastRippleV1PRE_z):DOWN_no",0.0497374553223482,0.000481439494948385,0.10070960787598,0.147116074726803
452,"s(lastRippleV1PRE_z):DOWN_no",0.0671209503902155,0.00071523970594366,0.234649897232458,0.0691075536894577
453,"s(lastRippleV1PRE_z):DOWN_no",0.0604571934630833,0.000645571485822631,0.221862135551266,0.0653436725879043
454,"s(lastRippleV1PRE_z):DOWN_no",0.0617906054221455,0.000660906698988673,0.223550342688707,0.067534917123247
455,"s(lastRippleV1PRE_z):DOWN_no",0.00725191189347729,0.000153804580638816,0.0553704967325699,0.19212197939442
456,"s(lastRippleV1PRE_z):DOWN_no",0.0450809982574842,0.000488666284945834,0.197257476688276,0.0581087965613015
457,"s(lastRippleV1PRE_z):DOWN_no",0.0597069177058946,0.000631118204860884,0.217461963314239,0.0640524401645143
458,"s(lastRippleV1PRE_z):DOWN_no",0.0583817672236115,0.000437652520669667,0.0841463412251801,0.0774279829249787
459,"s(lastRippleV1PRE_z):DOWN_no",0.0395940625953424,0.000418684595359034,0.179467165526369,0.0528661311311787
460,"s(lastRippleV1PRE_z):DOWN_no",0.0516787961335776,0.00040999086179849,0.175321812681584,0.13109080904288
461,"s(lastRippleV1PRE_z):DOWN_no",0.0673781546088357,0.000821982808254911,0.226928611094016,0.239756301698034
462,"s(lastRippleV1PRE_z):DOWN_no",0.0195232886332297,0.000207325262374966,0.126660417120419,0.0373064240997524
463,"s(lastRippleV1PRE_z):DOWN_no",0.0557794453956282,0.000483753905672237,0.180543878522691,0.0638935718638361
464,"s(lastRippleV1PRE_z):DOWN_no",0.0554675126466755,0.000545624390681193,0.199645819632377,0.0670605596240693
465,"s(lastRippleV1PRE_z):DOWN_no",0.0498994144388858,0.000530851772489745,0.202178374995035,0.0595440940809862
466,"s(lastRippleV1PRE_z):DOWN_no",0.0489316624606255,0.000522089661738323,0.198984971260894,0.0594428680456524
467,"s(lastRippleV1PRE_z):DOWN_no",0.0595200398880573,0.000423704687638687,0.138764834558538,0.145522907298845
468,"s(lastRippleV1PRE_z):DOWN_no",0.101967938471387,0.00108250477860778,0.288585726423389,0.0850279261113928
469,"s(lastRippleV1PRE_z):DOWN_no",0.0713202049284467,0.00075466206556593,0.241286873339914,0.07107697969136
470,"s(lastRippleV1PRE_z):DOWN_no",0.0601587327529511,0.000505655493037911,0.104313111661323,0.0459872895496887
471,"s(lastRippleV1PRE_z):DOWN_no",0.0381423962890279,7.7775851480225e-05,0.177169257792359,0.0522154335917842
472,"s(lastRippleV1PRE_z):DOWN_no",0.0979553580562396,0.00103802248161772,0.281385807283782,0.0828762624278579
473,"s(lastRippleV1PRE_z):DOWN_no",0.0927956620816968,0.000394700125888712,0.276726805023031,0.0807756996592536
474,"s(lastRippleV1PRE_z):DOWN_no",0.0539776632928284,0.000574205557315867,0.209108226248131,0.0615917940625733
475,"s(lastRippleV1PRE_z):DOWN_no",0.0747558584788202,0.000589550375608143,0.156145911821696,0.0678769088479384
476,"s(lastRippleV1PRE_z):DOWN_no",0.0814700947528779,0.000912387196822517,0.260271283186215,0.119263419788583
477,"s(lastRippleV1PRE_z):DOWN_no",0.05359883179006,0.000541713618679269,0.207442365586472,0.061176112319265
478,"s(lastRippleV1PRE_z):DOWN_no",0.0456402583000912,0.000485090906010014,0.193875045387951,0.0594572860988865
479,"s(lastRippleV1PRE_z):DOWN_no",0.0397232123794806,0.000228665327267106,0.133551846172815,0.0889179947730857
480,"s(lastRippleV1PRE_z):DOWN_no",0.0308256284298558,0.00033048974760204,0.160258660119037,0.0472002973039225
481,"s(lastRippleV1PRE_z):DOWN_no",0.0504027980043338,0.00053642438686598,0.205127504850408,0.0604270172517179
482,"s(lastRippleV1PRE_z):DOWN_no",0.0487896940242445,0.000520754154928128,0.19896779644263,0.058616157868826
483,"s(lastRippleV1PRE_z):DOWN_no",0.0377178302510091,0.000401638275713263,0.175105799009648,0.0515805995895995
484,"s(lastRippleV1PRE_z):DOWN_no",0.0496505381868415,0.000421723781079648,0.108354456858465,0.0752068559684718
485,"s(lastRippleV1PRE_z):DOWN_no",0.0680899169715925,0.000726617514870295,0.233253686502094,0.068717806394023
486,"s(lastRippleV1PRE_z):DOWN_no",0.0675970706968725,0.000213908569820557,0.224167624289108,0.0667819760142342
487,"s(lastRippleV1PRE_z):DOWN_no",0.0539016276161082,0.000445733648174848,0.167269041567153,0.0546126917363615
488,"s(lastRippleV1PRE_z):DOWN_no",0.0814500534467992,0.000711854057644884,0.189949355571015,0.272015805898052
489,"s(lastRippleV1PRE_z):DOWN_no",0.0339371495128802,0.000364565458135302,0.166382672534983,0.0621677491657684
490,"s(lastRippleV1PRE_z):DOWN_no",0.0205534501472213,0.000221313506642896,0.132750258008799,0.0390969512046656
491,"s(lastRippleV1PRE_z):DOWN_no",0.0277162806463753,0.000357602096650777,0.144212976780793,0.133163030994602
492,"s(lastRippleV1PRE_z):DOWN_no",0.0497203546432381,0.000518171522071312,0.200544120677282,0.059067589747675
493,"s(lastRippleV1PRE_z):DOWN_no",0.0270274436286302,0.000238246496635,0.11937153826199,0.0602665051954822
494,"s(lastRippleV1PRE_z):DOWN_no",0.0857269773597036,0.000928041494952789,0.2602078582751,0.0872226199275788
495,"s(lastRippleV1PRE_z):DOWN_no",0.0206653230414799,0.000231875547235881,0.132026108604538,0.0489197927116864
496,"s(lastRippleV1PRE_z):DOWN_no",0.0413931162670442,0.000451395130472949,0.183101014810341,0.061710553180267
497,"s(lastRippleV1PRE_z):DOWN_no",0.0738953849098705,0.000551100010582362,0.245527929858968,0.0737753601339965
498,"s(lastRippleV1PRE_z):DOWN_no",0.00113707115179462,1.25289071663139e-05,0.0310184800526455,0.00913536511824639
499,"s(lastRippleV1PRE_z):DOWN_no",0.0187294808246694,6.63038012258459e-05,0.106537358695372,0.0346539036699935
500,"s(lastRippleV1PRE_z):DOWN_no",0.0579311809104501,0.000626429197885379,0.21594806441108,0.0704444853045866
501,"s(lastRippleV1PRE_z):DOWN_no",0.0321457670076368,0.000350601550540105,0.16369444765456,0.0619853505804074
502,"s(lastRippleV1PRE_z):DOWN_no",0.0441408661311913,0.00046389876398703,0.185986951148985,0.0547720998302372
503,"s(lastRippleV1PRE_z):DOWN_no",0.137402552870685,0.00145749021637769,0.334893598771567,0.0986373571589023
504,"s(lastRippleV1PRE_z):DOWN_no",0.026681568338109,0.000284669057979764,0.148253339354937,0.0436668484091818
505,"s(lastRippleV1PRE_z):DOWN_no",0.0905960298555399,0.000682394148674527,0.123595800248688,0.104658180490452
506,"s(lastRippleV1PRE_z):DOWN_no",0.0508558812415467,0.000309249856672285,0.0956046372694429,0.060250253899725
507,"s(lastRippleV1PRE_z):DOWN_no",0.0674847331553758,0.000711466552812491,0.230927640734363,0.0680128251957095
508,"s(lastRippleV1PRE_z):DOWN_no",0.0825760327824465,0.000661705541261578,0.107707731899863,0.0994552504676074
509,"s(lastRippleV1PRE_z):DOWN_no",0.0999715663051441,0.000885150118201277,0.27506561968994,0.100523745822187
510,"s(lastRippleV1PRE_z):DOWN_no",0.0623845704732693,0.000471566583294477,0.102033250854519,0.0520939259679872
511,"s(lastRippleV1PRE_z):DOWN_no",0.100955030995938,0.000633382364966464,0.13055712410966,0.0415403139356807
512,"s(lastRippleV1PRE_z):DOWN_no",0.049976437083731,0.000534251074215094,0.201574024616129,0.0617435282134926
513,"s(lastRippleV1PRE_z):DOWN_no",0.0769648257060442,0.000816835209204956,0.25472219803104,0.0753901112491145
514,"s(lastRippleV1PRE_z):DOWN_no",0.0203918791403401,0.000213132576328822,0.128426875667211,0.0378241752400443
515,"s(lastRippleV1PRE_z):DOWN_no",0.0264865283053286,0.000277289643257772,0.147374116132157,0.0434164478764825
516,"s(lastRippleV1PRE_z):DOWN_no",0.0140009085036787,0.000135199407474603,0.0741848984437635,0.0475674117352526
517,"s(lastRippleV1PRE_z):DOWN_no",0.127003875869376,0.00113828296182892,0.158037038356589,0.192053030935929
518,"s(lastRippleV1PRE_z):DOWN_no",0.0437081728045925,0.000463759395489985,0.190362515119645,0.0560632191904905
519,"s(lastRippleV1PRE_z):DOWN_no",0.0460697171826538,0.000333830068229444,0.0762410195098577,0.0284180995353243
520,"s(lastRippleV1PRE_z):DOWN_no",0.0249167410370648,0.00026753940831014,0.142146536317335,0.0418668250001219
521,"s(lastRippleV1PRE_z):DOWN_no",0.0811212488233251,0.000843256619036987,0.254614225059607,0.0749877100392767
522,"s(lastRippleV1PRE_z):DOWN_no",0.0185799892054916,0.000197572896284432,0.123408459680435,0.0363457688706475
523,"s(lastRippleV1PRE_z):DOWN_no",0.0257144201507273,0.000273867342668567,0.144352454222273,0.0425202903749306
524,"s(lastRippleV1PRE_z):DOWN_no",0.0236599201841914,0.00025228000706221,0.141857786458837,0.0417856491719637
525,"s(lastRippleV1PRE_z):DOWN_no",0.0694819775338447,0.000478368367207776,0.218411993641536,0.0667796541227887
526,"s(lastRippleV1PRE_z):DOWN_no",0.0360627429850755,0.000189332626986961,0.0615087421882251,0.0216265890636528
527,"s(lastRippleV1PRE_z):DOWN_no",0.0364142394942588,0.00039292672251499,0.173510112052614,0.0687222414707098
528,"s(lastRippleV1PRE_z):DOWN_no",0.0261465722118563,0.000279282305727919,0.14609666634803,0.0430277903953519
529,"s(lastRippleV1PRE_z):DOWN_no",0.129398255104689,0.0011647515900451,0.269263059694002,0.130506339886212
530,"s(lastRippleV1PRE_z):DOWN_no",0.0552623575842244,0.000591776830333469,0.212088338490135,0.0699615576837854
531,"s(lastRippleV1PRE_z):DOWN_no",0.0827122946358916,0.000641922261751069,0.162016856792875,0.142158260878887
532,"s(lastRippleV1PRE_z):DOWN_no",0.148669902169894,0.00125713830282141,0.362161726704781,0.100108604145412
533,"s(lastRippleV1PRE_z):DOWN_no",0.11406804659595,0.000926450829086491,0.144610575156321,0.0540437289397081
534,"s(lastRippleV1PRE_z):DOWN_no",0.0254533827398546,0.00026961681037681,0.144961378428628,0.0431216761284966
535,"s(lastRippleV1PRE_z):DOWN_no",0.00959215117462442,9.82326904389479e-05,0.0875866406785057,0.0257957691631941
536,"s(lastRippleV1PRE_z):DOWN_no",0.0863203943152797,0.00070006495063684,0.140165970881946,0.0602078934146323
537,"s(lastRippleV1PRE_z):DOWN_no",0.0238692019271705,0.000195057521696885,0.130163231746919,0.0389201396012076
538,"s(lastRippleV1PRE_z):DOWN_no",0.0720552888178911,0.000386200892951471,0.194211822252374,0.0842127981846338
539,"s(lastRippleV1PRE_z):DOWN_no",0.00584225668937766,6.14878555898437e-05,0.0689727797410069,0.0203194591392384
540,"s(lastRippleV1PRE_z):DOWN_no",0.0643029645926054,0.000680338189659641,0.232081650239033,0.0683506887695347
541,"s(lastRippleV1PRE_z):DOWN_no",0.104727434940696,0.00111128979676078,0.287899872578434,0.0847957988256974
542,"s(lastRippleV1PRE_z):DOWN_no",0.0554228802772521,0.000309301210766181,0.181864784420602,0.101467501883163
543,"s(lastRippleV1PRE_z):DOWN_no",0.0761216083446206,0.000666747503919085,0.236871063672009,0.074371312326589
544,"s(lastRippleV1PRE_z):DOWN_no",0.0527872122358657,0.000144894905900541,0.20153005585968,0.0604494400401414
545,"s(lastRippleV1PRE_z):DOWN_no",0.0947172982533528,0.000486700062553191,0.281166245592965,0.0831307366426445
546,"s(lastRippleV1PRE_z):DOWN_no",0.0139450657708426,0.000148540411744193,0.107416234700422,0.0316403878502787
547,"s(lastRippleV1PRE_z):DOWN_no",0.0845647990724494,0.000689283765374619,0.22950447283877,0.193907479583655
548,"s(lastRippleV1PRE_z):DOWN_no",0.0520593637959514,0.000437196234630168,0.19144565190747,0.0588246337118971
549,"s(lastRippleV1PRE_z):DOWN_no",0.0729234582735394,0.000768775111951544,0.242502569018113,0.0714261929110729
550,"s(lastRippleV1PRE_z):DOWN_no",0.11454857208436,0.00122011339851952,0.308120489951353,0.090744399455647
551,"s(lastRippleV1PRE_z):DOWN_no",0.0306116037969968,0.000408619907080142,0.159917954231389,0.152251063103899
552,"s(lastRippleV1PRE_z):DOWN_no",0.0170345631540858,0.000191302105264412,0.116925199753408,0.0443551673780383
553,"s(lastRippleV1PRE_z):DOWN_no",0.139727267341708,0.000916324917085494,0.342728584668893,0.118730542987794
554,"s(lastRippleV1PRE_z):DOWN_no",0.0383535145506952,0.000175018025823083,0.160517356964657,0.0507216908613799
555,"s(lastRippleV1PRE_z):DOWN_no",0.0135830997604902,0.00014457226180749,0.106579964653348,0.0314035483135456
556,"s(lastRippleV1PRE_z):DOWN_no",0.0215460243616707,0.000229364722507915,0.134198411766514,0.039529278205491
557,"s(lastRippleV1PRE_z):DOWN_no",0.0330888210565314,0.000343732935724491,0.159280027105611,0.0480112691589317
558,"s(lastRippleV1PRE_z):DOWN_no",0.0626708902827957,0.000475411279597667,0.113481481007748,0.0387715055140189
559,"s(lastRippleV1PRE_z):DOWN_no",0.0887309976595416,0.00072201067259032,0.273225117419459,0.0818910070429833
560,"s(lastRippleV1PRE_z):DOWN_no",0.0326480631675254,0.00016433970172155,0.151612441466244,0.0464859146442395
561,"s(lastRippleV1PRE_z):DOWN_no",0.0832539507215184,0.000694344999404976,0.119097774154719,0.0470203117084994
562,"s(lastRippleV1PRE_z):DOWN_no",0.11117801886828,0.00090180990492019,0.139353511507641,0.0541029891538696
563,"s(lastRippleV1PRE_z):DOWN_no",0.0459634848331474,0.000486883966819434,0.191821855165491,0.0564983622841927
564,"s(lastRippleV1PRE_z):DOWN_no",0.0728333560830716,0.000650746004153894,0.169013082469323,0.0617474157119517
565,"s(lastRippleV1PRE_z):DOWN_no",0.097489738822035,0.000789626670303382,0.158514394278861,0.168526734580241
566,"s(lastRippleV1PRE_z):DOWN_no",0.056550799969604,0.000452318777562826,0.199003558762501,0.0694704115795788
567,"s(lastRippleV1PRE_z):DOWN_no",0.0240837275570387,0.000252472836166544,0.139986443308061,0.0412303693341937
568,"s(lastRippleV1PRE_z):DOWN_no",0.104766816852079,0.000923280785960531,0.218271928532221,0.221685449266392
569,"s(lastRippleV1PRE_z):DOWN_no",0.0290397725592761,0.000310791553924232,0.154318581415678,0.045450734149616
570,"s(lastRippleV1PRE_z):DOWN_no",0.0208002378221934,0.000224290127873955,0.131324693646978,0.0477025247224383
571,"s(lastRippleV1PRE_z):DOWN_no",0.0619608721669005,0.000498317317259712,0.207770287807957,0.0631349935215639
572,"s(lastRippleV1PRE_z):DOWN_no",0.0651973663326313,0.000671229587749694,0.23149211151759,0.0681777555928052
573,"s(lastRippleV1PRE_z):DOWN_no",0.0658819552563763,0.000609866355502347,0.203605536120635,0.0638376008655029
574,"s(lastRippleV1PRE_z):DOWN_no",0.0461146775190757,0.000478219490973993,0.184921528374986,0.0657910156541343
575,"s(lastRippleV1PRE_z):DOWN_no",0.0163911817406968,0.000173860932076597,0.115031453941746,0.0338773566262209
576,"s(lastRippleV1PRE_z):DOWN_no",0.01728813071019,0.000177665014105327,0.118020993637803,0.0393211439994902
577,"s(lastRippleV1PRE_z):DOWN_no",0.0161447323949675,0.00017286815272183,0.113736726724502,0.033498195534321
578,"s(lastRippleV1PRE_z):DOWN_no",0.0380026577089456,0.000421226949394735,0.17383091347025,0.0644183300368845
579,"s(lastRippleV1PRE_z):DOWN_no",0.0288877977628514,0.000312476889860135,0.156637455289325,0.0461749967565879
580,"s(lastRippleV1PRE_z):DOWN_no",0.0578636003994459,0.00061617713632037,0.217905169437987,0.0641815965533062
581,"s(lastRippleV1PRE_z):DOWN_no",0.0610060320484882,0.000651878346420298,0.221646030000059,0.0652773134448904
582,"s(lastRippleV1PRE_z):DOWN_no",0.0525221735456292,0.000565123654182651,0.208068558300749,0.0612911844937939
583,"s(lastRippleV1PRE_z):DOWN_no",0.0483001866006427,0.000566498571360269,0.197685310171133,0.120744879311028
584,"s(lastRippleV1PRE_z):DOWN_no",0.0478946551325139,0.000514477564701747,0.198778364066807,0.0619516261763407
585,"s(lastRippleV1PRE_z):DOWN_no",0.0160382646812982,0.000183229262231284,0.111207682046197,0.0531879253338218
586,"s(lastRippleV1PRE_z):DOWN_no",0.0654446396881818,0.000705190303521199,0.23103786508416,0.0727241314985727
587,"s(lastRippleV1PRE_z):DOWN_no",0.0728126750824023,0.000773501565160236,0.246982431730632,0.0727874143998518
588,"s(lastRippleV1PRE_z):DOWN_no",0.106508562380059,0.00113086245739904,0.296735415435599,0.0874256529356946
589,"s(lastRippleV1PRE_z):DOWN_no",0.0589430074780362,0.000431717540344118,0.112051455296631,0.0492223470208371
590,"s(lastRippleV1PRE_z):DOWN_no",0.0339115455376788,2.57867760462049e-05,0.163434263986577,0.0484210945841544
591,"s(lastRippleV1PRE_z):DOWN_no",0.0490921244073608,0.000525538479000517,0.200659926795446,0.0590964221174477
592,"s(lastRippleV1PRE_z):DOWN_no",0.0252964040210779,0.000268084102957328,0.143809012630384,0.0423538739491778
593,"s(lastRippleV1PRE_z):DOWN_no",0.0569406215699226,0.000432804795871548,0.1658817994505,0.0920654049704706
594,"s(lastRippleV1PRE_z):DOWN_no",0.0699024203672094,0.000390560246827623,0.210411023151095,0.0637719073989037
595,"s(lastRippleV1PRE_z):DOWN_no",0.0461956394917227,0.000509070520338135,0.195525985814858,0.0759162093713728
596,"s(lastRippleV1PRE_z):DOWN_no",0.0986243412526751,0.000892419948502652,0.195545126788884,0.0923887797324463
597,"s(lastRippleV1PRE_z):DOWN_no",0.0762917564316359,0.000867643523412935,0.235326146174561,0.222332733872054
598,"s(lastRippleV1PRE_z):DOWN_no",0.00709504112094095,7.56672158988422e-05,0.0761163630858908,0.0264083258672477
599,"s(lastRippleV1PRE_z):DOWN_no",0.0879023025992121,0.000934414142320092,0.27512593872561,0.0810311731212555
600,"s(lastRippleV1PRE_z):DOWN_no",0.0768717765928315,0.000646537196351755,0.210459824836863,0.0682173879908061
601,"s(lastRippleV1PRE_z):DOWN_no",0.0128087411025728,4.66092402358459e-05,0.081640082237122,0.0287684817182803
602,"s(lastRippleV1PRE_z):DOWN_no",0.0364856382223451,0.000398069381163,0.171798483940205,0.0693122595234218
603,"s(lastRippleV1PRE_z):DOWN_no",0.0349247890994029,0.000372909501660935,0.168942977584625,0.049756528435262
604,"s(lastRippleV1PRE_z):DOWN_no",0.0460518578062024,0.00049040930112676,0.194226224903272,0.0572017028714936
605,"s(lastRippleV1PRE_z):DOWN_no",0.0496542864945049,0.000529578870356039,0.200260096106875,0.0589816567400406
606,"s(lastRippleV1PRE_z):DOWN_no",0.0947956814392432,0.000690626016255637,0.115820064916404,0.0422027721474449
607,"s(lastRippleV1PRE_z):DOWN_no",0.0645918600416246,0.000687756310464973,0.231470952134686,0.0729563012460833
608,"s(lastRippleV1PRE_z):DOWN_no",0.0917632753179243,0.000822229252089963,0.239268293075375,0.130675411593298
609,"s(lastRippleV1PRE_z):DOWN_no",0.0405501623997049,0.000431744871480059,0.182094942182024,0.0536360720213398
610,"s(lastRippleV1PRE_z):DOWN_no",0.119709926510211,0.00123357220397917,0.305286697712781,0.0899153087719872
611,"s(lastRippleV1PRE_z):DOWN_no",0.0783794840318564,0.000842698848066063,0.255479414558079,0.0757970071536517
612,"s(lastRippleV1PRE_z):DOWN_no",0.0616885125901598,0.000549076088104618,0.170645623112048,0.103529008851708
613,"s(lastRippleV1PRE_z):DOWN_no",0.0511775108424306,0.0005508749864033,0.210734577508902,0.0620657827572862
614,"s(lastRippleV1PRE_z):DOWN_no",0.0319342753289593,0.000344810451961284,0.162613080213678,0.0496262574351781
615,"s(lastRippleV1PRE_z):DOWN_no",0.0350608511149622,7.63120132132898e-05,0.166988863489998,0.049210327607163
616,"s(lastRippleV1PRE_z):DOWN_no",0.0298556087754474,0.000259095397784432,0.135642115025925,0.0403723518227
617,"s(lastRippleV1PRE_z):DOWN_no",0.0663553275868534,0.00051379168582808,0.13805088299753,0.0595803305634549
618,"s(lastRippleV1PRE_z):DOWN_no",0.0205663337964097,0.000181613424314186,0.0814386291871332,0.0785885382791801
619,"s(lastRippleV1PRE_z):DOWN_no",0.0427656397599119,0.000316308446074684,0.0942807629510587,0.033321258628404
620,"s(lastRippleV1PRE_z):DOWN_no",0.0785347227233686,0.000465315872536859,0.229836978542534,0.0862433927269982
621,"s(lastRippleV1PRE_z):DOWN_no",0.0650805011914128,0.000145580864693496,0.230375169730971,0.0678766293902743
622,"s(lastRippleV1PRE_z):DOWN_no",0.039074773586897,0.000434228942893494,0.177645247816252,0.0769140084266831
623,"s(lastRippleV1PRE_z):DOWN_no",0.0936118706957112,0.000984516008979592,0.273621778633005,0.0805859923680536
624,"s(lastRippleV1PRE_z):DOWN_no",0.00295594792760134,8.2742520535063e-05,0.0503479901215314,0.110227470475632
625,"s(lastRippleV1PRE_z):DOWN_no",0.0154406448862456,0.00016027111292896,0.109306555658005,0.0418430034625085
626,"s(lastRippleV1PRE_z):DOWN_no",0.0564789858022445,0.000348316314144411,0.0978077688311093,0.0561638587640141
627,"s(lastRippleV1PRE_z):DOWN_no",0.0484504845591891,0.000397796806553986,0.120157372985367,0.0535066847423443
628,"s(lastRippleV1PRE_z):DOWN_no",0.0582732744040086,0.000619686521077041,0.219147239837001,0.0645411513597651
629,"s(lastRippleV1PRE_z):DOWN_no",0.0346715828171202,0.000369825277846763,0.166758020061733,0.049113673301152
630,"s(lastRippleV1PRE_z):DOWN_no",0.0319095586377856,0.000346788736920964,0.161800420618925,0.0476508781933584
631,"s(lastRippleV1PRE_z):DOWN_no",0.0395332076221848,0.000415764989099634,0.178589264619381,0.0525968823569336
632,"s(lastRippleV1PRE_z):DOWN_no",0.0256819492004592,9.13961515179339e-05,0.054530134542204,0.0218454908327551
633,"s(lastRippleV1PRE_z):DOWN_no",0.0343150109174886,0.000403735780169095,0.160685100236516,0.108957488596937
634,"s(lastRippleV1PRE_z):DOWN_no",0.0781028198612876,0.000813719909383299,0.24923886702876,0.07340388473217
635,"s(lastRippleV1PRE_z):DOWN_no",0.0189507647441109,0.000201789615712633,0.124416594976411,0.036817143924106
636,"s(lastRippleV1PRE_z):DOWN_no",0.0639080111958927,0.00069542796254846,0.227976258024155,0.0754190093114724
637,"s(lastRippleV1PRE_z):DOWN_no",0.0317444267119384,0.000248182859563126,0.0912836498112389,0.0299517160611052
638,"s(lastRippleV1PRE_z):DOWN_no",0.0803246468085135,0.000878556450874666,0.256790371955196,0.0934475375454587
639,"s(lastRippleV1PRE_z):DOWN_no",0.0412176285464616,0.000434540668822636,0.182298894853105,0.053690897586534
640,"s(lastRippleV1PRE_z):DOWN_no",0.0738994894442815,0.000631024288514488,0.237373825459801,0.0827885774506927
641,"s(lastRippleV1PRE_z):DOWN_no",0.0482528518496403,0.000405671453139836,0.139557074098516,0.0844116423966318
642,"s(lastRippleV1PRE_z):DOWN_no",0.0357071291026747,0.000290251227396248,0.165030227524618,0.0494783596731592
643,"s(lastRippleV1PRE_z):DOWN_no",0.0349293332178009,0.000294279281415258,0.0796215829993999,0.0447828321886221
644,"s(lastRippleV1PRE_z):DOWN_no",0.0848002195057971,0.000901363405465454,0.262819231505542,0.0774052364994018
645,"s(lastRippleV1PRE_z):DOWN_no",0.0405439943680195,0.000268838015851703,0.152825816246967,0.0483544864545669
646,"s(lastRippleV1PRE_z):DOWN_no",0.00761571831664742,7.86063639583148e-05,0.077730496815024,0.0228923855057662
647,"s(lastRippleV1PRE_z):DOWN_no",0.0287344287679518,0.00030813246919056,0.154602687077913,0.0455384104307344
648,"s(lastRippleV1PRE_z):DOWN_no",0.0385315630039837,0.000414413819808312,0.176919404409791,0.0688949732606665
649,"s(lastRippleV1PRE_z):DOWN_no",0.0462073367332492,0.000419822758315543,0.143876455336474,0.0634972603483088
650,"s(lastRippleV1PRE_z):DOWN_no",0.10447587648783,0.00083153916139198,0.177544628573409,0.0781148095440576
651,"s(lastRippleV1PRE_z):DOWN_no",0.0479799891507975,0.0003148179457402,0.168417620191868,0.120897851102768
652,"s(lastRippleV1PRE_z):DOWN_no",0.0242509028277382,0.000253212848306894,0.139948259817247,0.0412225361482588
653,"s(lastRippleV1PRE_z):DOWN_no",0.0603178682386023,0.000638514851380396,0.222348727462771,0.0654895260260074
654,"s(lastRippleV1PRE_z):DOWN_no",0.0606077930097992,0.000623499949341532,0.218054454751574,0.0684945185180708
655,"s(lastRippleV1PRE_z):DOWN_no",0.00760262438580117,1.64388829901452e-05,0.07272119267863,0.0217868080383951
656,"s(lastRippleV1PRE_z):DOWN_no",0.0465428359760223,0.00057161429751542,0.184626456285946,0.184008470327797
657,"s(lastRippleV1PRE_z):DOWN_no",0.0385033497628111,0.000203688730152247,0.112716457835498,0.0664627869884396
658,"s(lastRippleV1PRE_z):DOWN_no",0.0364373972112428,0.000379314337694365,0.166814950017437,0.0491347822248992
659,"s(lastRippleV1PRE_z):DOWN_no",0.0921792870345408,0.000979932204899741,0.271687910891285,0.0800238001639411
660,"s(lastRippleV1PRE_z):DOWN_no",0.0544597492378278,0.000579720208074966,0.2124003654985,0.06255712621224
661,"s(lastRippleV1PRE_z):DOWN_no",0.0776606440884313,0.000497940611452729,0.24903659305878,0.0731068206907207
662,"s(lastRippleV1PRE_z):DOWN_no",0.0420507456935439,0.000447675874285997,0.188453199716047,0.0555020397727997
663,"s(lastRippleV1PRE_z):DOWN_no",0.0631110376169257,0.000451729813463033,0.148795662081711,0.0624335222017052
664,"s(lastRippleV1PRE_z):DOWN_no",0.0423699954284507,0.000354201717539986,0.153781883022547,0.0488215681243902
665,"s(lastRippleV1PRE_z):DOWN_no",0.0542402494711238,0.000569753144956867,0.207109535051441,0.0632459425068181
666,"s(lastRippleV1PRE_z):DOWN_no",0.076135790193276,0.000803377656269772,0.253088621592627,0.0748321399816317
667,"s(lastRippleV1PRE_z):DOWN_no",0.0821214143673537,0.000864537838618848,0.256757007465576,0.0756208885834813
668,"s(lastRippleV1PRE_z):DOWN_no",0.0336822465482207,0.000358002118159346,0.16674887817224,0.0491093504087154
669,"s(lastRippleV1PRE_z):DOWN_no",0.0291230818184474,0.000309347739156838,0.15279854265956,0.0450035624228205
670,"s(lastRippleV1PRE_z):DOWN_no",0.031166612388752,0.000326275409482128,0.157396661015515,0.0463552200296164
671,"s(lastRippleV1PRE_z):DOWN_no",0.00599965969869931,1.54780891128182e-05,0.0601421872096551,0.0184634644978505
672,"s(lastRippleV1PRE_z):DOWN_no",0.0176985858806145,0.000181021318688418,0.117950154593579,0.034746918265073
673,"s(lastRippleV1PRE_z):DOWN_no",0.0936074759689278,0.000686504129145667,0.144632723180632,0.0607718818207213
674,"s(lastRippleV1PRE_z):DOWN_no",0.0517021243076261,0.000327229637350138,0.175304951082096,0.0568328100465989
675,"s(lastRippleV1PRE_z):DOWN_no",0.0710073394393662,0.000902822794071953,0.235169333833711,0.256027557045899
676,"s(lastRippleV1PRE_z):DOWN_no",0.0522039308502018,0.000386520672029446,0.0801803448986682,0.0449393432829016
677,"s(lastRippleV1PRE_z):DOWN_no",0.0796031576657343,0.000851848187705604,0.254272976109962,0.0803939876440732
678,"s(lastRippleV1PRE_z):DOWN_no",0.0616113092391224,0.000658425623569782,0.226183315673844,0.070558286667896
679,"s(lastRippleV1PRE_z):DOWN_no",0.0466373698475211,0.000495749304593876,0.194209077734394,0.0571981241359197
680,"s(lastRippleV1PRE_z):DOWN_no",0.0605382173271209,0.000412166812000823,0.103458694695563,0.13438479640205
681,"s(lastRippleV1PRE_z):DOWN_no",0.0628102109209534,0.000661200570372595,0.224976328567401,0.066898217496847
682,"s(lastRippleV1PRE_z):DOWN_no",0.0583015630674062,0.000602671028437588,0.214822551034008,0.0632690172709717
683,"s(lastRippleV1PRE_z):DOWN_no",0.0450534122522859,0.000474439061269025,0.196110481758726,0.0577743964969631
684,"s(lastRippleV1PRE_z):DOWN_no",0.0402954452593551,0.000426731281504395,0.181547148255142,0.0534689876873677
685,"s(lastRippleV1PRE_z):DOWN_no",0.0669310862061465,0.000717003745340235,0.233877617560895,0.0702758810388667
686,"s(lastRippleV1PRE_z):DOWN_no",0.0969063295644403,0.00103159019019271,0.27913520233359,0.0875707345063342
687,"s(lastRippleV1PRE_z):DOWN_no",0.0475178541575083,0.000507430947694697,0.198076568791118,0.0598283516656218
688,"s(lastRippleV1PRE_z):DOWN_no",0.0257245472763268,0.000274554270613592,0.147591028995887,0.0434702305530885
689,"s(lastRippleV1PRE_z):DOWN_no",0.0587353668911907,0.000455795467072584,0.0900086024106383,0.0437266053806736
690,"s(lastRippleV1PRE_z):DOWN_no",0.0851836074909738,0.000760381895413638,0.275011060951159,0.0891685334343866
691,"s(lastRippleV1PRE_z):DOWN_no",0.0362541540146299,0.000384947327248496,0.172512230656113,0.0508126513221091
692,"s(lastRippleV1PRE_z):DOWN_no",0.0126654957130468,0.000151297790485731,0.104555716517134,0.0632381008839032
693,"s(lastRippleV1PRE_z):DOWN_no",0.0224074120811339,0.000143239405410761,0.128373344922232,0.041015187906762
694,"s(lastRippleV1PRE_z):DOWN_no",0.0873541215728677,0.000523155710868699,0.182257984755872,0.0716595287024203
695,"s(lastRippleV1PRE_z):DOWN_no",0.0982388831357701,0.000675012133212899,0.231691773017211,0.0880375048872751
696,"s(lastRippleV1PRE_z):DOWN_no",0.102647572784901,0.00089519742409728,0.252778419191233,0.0849068024942969
697,"s(lastRippleV1PRE_z):DOWN_no",0.0274018738997643,0.000291671053826437,0.145484205296942,0.0428672472632646
698,"s(lastRippleV1PRE_z):DOWN_no",0.0460707266771641,0.000488314966610423,0.192086092052653,0.0565722710286869
699,"s(lastRippleV1PRE_z):DOWN_no",0.0633540340079044,0.000431866885779195,0.0939173105473373,0.0361336759392822
700,"s(lastRippleV1PRE_z):DOWN_no",0.0206106648276903,0.000165806658967574,0.0494084769401096,0.0943284964001195
701,"s(lastRippleV1PRE_z):DOWN_no",0.0528598487545731,0.000561477404996791,0.207312594020638,0.0744272606315543
702,"s(lastRippleV1PRE_z):DOWN_no",0.0517738719537322,0.000300163580160019,0.0787613558998664,0.0275252183058945
703,"s(lastRippleV1PRE_z):DOWN_no",0.0545804169597117,0.000403563140847889,0.0878444905886778,0.0630336521290432
704,"s(lastRippleV1PRE_z):DOWN_no",0.0451156672806059,0.000486442915272908,0.193233248362046,0.0569138985087481
705,"s(lastRippleV1PRE_z):DOWN_no",0.0606212398147363,0.000461700741813457,0.0952529867692098,0.0459974138028588
706,"s(lastRippleV1PRE_z):DOWN_no",0.00559476050182095,6.16359367845903e-05,0.0694887927241762,0.0204650308410025
707,"s(lastRippleV1PRE_z):DOWN_no",0.014029138246519,0.00014658218718178,0.105081265419931,0.0309520909792723
708,"s(lastRippleV1PRE_z):DOWN_no",0.0598533161135739,0.000474296259689179,0.0887799705440221,0.0360238276614437
709,"s(lastRippleV1PRE_z):DOWN_no",0.0357584597561038,0.00038011425377961,0.172639912752535,0.0508490864600617
710,"s(lastRippleV1PRE_z):DOWN_no",0.0150402810743451,6.93266036611315e-05,0.101281465057065,0.0314767584014124
711,"s(lastRippleV1PRE_z):DOWN_no",0.0317992766013218,0.000231590985799164,0.0720956977858235,0.0277670603920381
712,"s(lastRippleV1PRE_z):DOWN_no",0.0397162205819059,0.000417624620334016,0.178014722451905,0.0524275378860751
713,"s(lastRippleV1PRE_z):DOWN_no",0.0498318441034664,0.000522087556632505,0.200233809285901,0.0589859321114101
714,"s(lastRippleV1PRE_z):DOWN_no",0.0549721111427948,0.000581237480223843,0.211881729407,0.0624045026908265
715,"s(lastRippleV1PRE_z):DOWN_no",0.0610664683206581,0.000651385827360875,0.22380563687357,0.068548870292468
716,"s(lastRippleV1PRE_z):DOWN_no",0.0303171254400487,0.000231877533544401,0.126406719109476,0.0416867180204339
717,"s(lastRippleV1PRE_z):DOWN_no",0.0299607631699974,0.000253035919266602,0.108816024545,0.0456766181541408
718,"s(lastRippleV1PRE_z):DOWN_no",0.00619095828463667,7.08852187404799e-05,0.0717013223783691,0.0323422520508053
719,"s(lastRippleV1PRE_z):DOWN_no",0.0637561493447167,0.000526912930162745,0.167687896179721,0.0785984728186424
720,"s(lastRippleV1PRE_z):DOWN_no",0.0460699138100855,0.000489524843089036,0.193181656904925,0.0568956419454727
721,"s(lastRippleV1PRE_z):DOWN_no",0.036600241178073,0.000388922308041917,0.173209648990114,0.0510190118274858
722,"s(lastRippleV1PRE_z):DOWN_no",0.0813565521091126,0.000724405758144153,0.209039285656844,0.0767686108525998
723,"s(lastRippleV1PRE_z):DOWN_no",0.105014703904192,0.000724572982187746,0.290296158006306,0.104105722870346
724,"s(lastRippleV1PRE_z):DOWN_no",0.125423412018424,0.00102138281353006,0.135942719997827,0.062220195858209
725,"s(lastRippleV1PRE_z):DOWN_no",0.0935790904025948,0.000991440071076816,0.276266075020279,0.0813862649718422
726,"s(lastRippleV1PRE_z):DOWN_no",0.0367953812229551,0.000373852569494639,0.172596130627309,0.0508553264167582
727,"s(lastRippleV1PRE_z):DOWN_no",0.0820695259645348,0.000513154711981549,0.139091923491951,0.0860465453372696
728,"s(lastRippleV1PRE_z):DOWN_no",0.14615936006643,0.00121238414074771,0.230331769635782,0.0961546222187784
729,"s(lastRippleV1PRE_z):DOWN_no",0.0970780544711323,0.00102926726395922,0.284309849059611,0.0837329968866874
730,"s(lastRippleV1PRE_z):DOWN_no",0.0976776514431821,0.000722302060592543,0.188878073177766,0.0485120735529659
731,"s(lastRippleV1PRE_z):DOWN_no",0.0774020506073319,0.000464683491749098,0.222579809727516,0.10397397198222
732,"s(lastRippleV1PRE_z):DOWN_no",0.0436030825305505,0.000385484314644361,0.141908804363511,0.0732324049459012
733,"s(lastRippleV1PRE_z):DOWN_no",0.00115593502459976,3.01902419799954e-05,0.0316718973617938,0.0457223815757613
734,"s(lastRippleV1PRE_z):DOWN_no",0.106787771255905,0.00114661560988676,0.298435509433847,0.0878974995805666
735,"s(lastRippleV1PRE_z):DOWN_no",0.105181600661402,0.000840258320933388,0.130715563312195,0.0506096796434685
736,"s(lastRippleV1PRE_z):DOWN_no",0.0713839768807016,0.000601584845164289,0.16493086379528,0.0893105527555818
737,"s(lastRippleV1PRE_z):DOWN_no",0.106825501224011,0.000851615226033309,0.269133697576017,0.0838664067877534
738,"s(lastRippleV1PRE_z):DOWN_no",0.0458471151608046,0.000417290867286343,0.286329145520371,0.129555078797605
739,"s(lastRippleV1PRE_z):DOWN_no",0.146722387699521,0.00179152575977098,0.346219011535657,0.34501523198277
740,"s(lastRippleV1PRE_z):DOWN_no",0.0321537639183562,0.000218511071378738,0.0706070559353823,0.0830050303354519
741,"s(lastRippleV1PRE_z):DOWN_no",0.0994893239344146,0.000899643590333322,0.276519088838197,0.0846662166493418
742,"s(lastRippleV1PRE_z):DOWN_no",0.0335287821521577,0.000189302607082469,0.16474639165879,0.0517383252979748
743,"s(lastRippleV1PRE_z):DOWN_no",0.102073609997469,0.00104907960822981,0.290725222635777,0.0880295650010117
744,"s(lastRippleV1PRE_z):DOWN_no",0.0658534519445544,0.000699066417291688,0.232688105862382,0.0685367519523681
745,"s(lastRippleV1PRE_z):DOWN_no",0.112899216726889,0.000997815908696508,0.192283040858781,0.102862494434864
746,"s(lastRippleV1PRE_z):DOWN_no",0.0900853494161096,0.000775300114297739,0.227841896320981,0.05739424504905
747,"s(lastRippleV1PRE_z):DOWN_no",0.050437069432741,0.000378045392012763,0.193285744212499,0.0600066129059368
748,"s(lastRippleV1PRE_z):DOWN_no",0.014415328315228,0.000161503373013882,0.111008904849525,0.0517372844841419
749,"s(lastRippleV1PRE_z):DOWN_no",0.0265400881609201,0.00031873804370182,0.147121182401066,0.0791042790798726
750,"s(lastRippleV1PRE_z):DOWN_no",0.0311388201624254,0.000333296892686963,0.161957048294599,0.0477194739152115
751,"s(lastRippleV1PRE_z):DOWN_no",0.045582629088643,0.000482828997289486,0.193325806398269,0.0569376226620238
752,"s(lastRippleV1PRE_z):DOWN_no",0.0489785822101032,0.00050398905097895,0.198205114487053,0.0644346101755847
753,"s(lastRippleV1PRE_z):DOWN_no",0.0401476791258339,0.000253950393279837,0.0976538275784988,0.0662957090540585
754,"s(lastRippleV1PRE_z):DOWN_no",0.0212376328030359,0.000203235880350856,0.101311826210141,0.0577101074440661
755,"s(lastRippleV1PRE_z):DOWN_no",0.0150672830983281,0.000159029696438641,0.109836611346556,0.0323502044276952
756,"s(lastRippleV1PRE_z):DOWN_no",0.0305763888428423,0.000314616550517195,0.15617074247363,0.0459957356028959
757,"s(lastRippleV1PRE_z):DOWN_no",0.0636982797641856,0.000673177575453445,0.227386822322578,0.0669729245042707
758,"s(lastRippleV1PRE_z):DOWN_no",0.0219095783124867,0.000233842796095,0.134229080388729,0.0395328920570518
759,"s(lastRippleV1PRE_z):DOWN_no",0.0255588618068936,0.000267956354499328,0.141931408016115,0.0418110907806947
760,"s(lastRippleV1PRE_z):DOWN_no",0.0604894378610963,0.000652455983402789,0.220127721498914,0.0756844577469953
761,"s(lastRippleV1PRE_z):DOWN_no",0.0445703371986914,0.000472870907351537,0.18937769670489,0.0590318621605018
762,"s(lastRippleV1PRE_z):DOWN_no",0.0939694270389575,0.000693026603338542,0.271305294023529,0.0819458012379174
763,"s(lastRippleV1PRE_z):DOWN_no",0.0696325904037867,0.000497045842285657,0.117501479481773,0.061613711889249
764,"s(lastRippleV1PRE_z):DOWN_no",0.0186385363085728,0.000164170186524436,0.115995344955055,0.056097385438193
765,"s(lastRippleV1PRE_z):DOWN_no",0.0467817456535089,0.000516539919089649,0.198144830729139,0.0855125294951352
766,"s(lastRippleV1PRE_z):DOWN_no",0.111243422540237,0.000832338012595227,0.246185009993725,0.148529221249776
767,"s(lastRippleV1PRE_z):DOWN_no",0.0980020000390462,0.00104112316150987,0.28171485980209,0.08981417203643
768,"s(lastRippleV1PRE_z):DOWN_no",0.0422548216687373,0.000448668088044099,0.185952327094614,0.054767896337361
769,"s(lastRippleV1PRE_z):DOWN_no",0.0228576519467376,0.000185683964106441,0.100340849854289,0.0669857093785555
770,"s(lastRippleV1PRE_z):DOWN_no",0.0607941612372933,0.000137155482589321,0.214943615146738,0.0637915138579906
771,"s(lastRippleV1PRE_z):DOWN_no",0.0246858998564532,6.00366173467335e-05,0.132359285956361,0.0399066845240746
772,"s(lastRippleV1PRE_z):DOWN_no",0.0440358635032361,0.000508715199245279,0.189893706943063,0.098503818042882
773,"s(lastRippleV1PRE_z):DOWN_no",0.0307507896552375,0.000323111430999936,0.157297752205431,0.0463268057156232
774,"s(lastRippleV1PRE_z):DOWN_no",0.0452491848778598,0.000212084350389897,0.155961704231087,0.0709063298311064
775,"s(lastRippleV1PRE_z):DOWN_no",0.0766953323440616,0.000628605759785783,0.117211688108343,0.0423216002992552
776,"s(lastRippleV1PRE_z):DOWN_no",0.0146861018138935,3.59605401041619e-05,0.0744740461138208,0.0426472510578456
777,"s(lastRippleV1PRE_z):DOWN_no",0.126356956835779,0.00111266982102989,0.384791451198322,0.330640135445709
778,"s(lastRippleV1PRE_z):DOWN_no",0.0309462084415912,0.000209087383053339,0.117608111173081,0.0462100268735188
779,"s(lastRippleV1PRE_z):DOWN_no",0.0875319905102643,0.000772825913830937,0.174639886651478,0.171617601374372
780,"s(lastRippleV1PRE_z):DOWN_no",0.0866497537838944,0.000918848577497584,0.268244091708808,0.0799895986506523
781,"s(lastRippleV1PRE_z):DOWN_no",0.0911396760606991,0.000970880649292571,0.277570984977782,0.0817513772142684
782,"s(lastRippleV1PRE_z):DOWN_no",0.0414971726450606,0.000434452537192815,0.184924111070847,0.054468285966562
783,"s(lastRippleV1PRE_z):DOWN_no",0.0394392121556644,0.000418513224603003,0.179776806551039,0.0529502754406245
784,"s(lastRippleV1PRE_z):DOWN_no",0.0470995930493983,0.000622325415302672,0.195532152703189,0.196141319769652
785,"s(lastRippleV1PRE_z):DOWN_no",0.0242012294842473,0.00025404278318123,0.140644798391548,0.0414285517615309
786,"s(lastRippleV1PRE_z):DOWN_no",0.0313437617145764,0.000334498992046048,0.162993488321523,0.0480038436301545
787,"s(lastRippleV1PRE_z):DOWN_no",0.0388760892803202,0.000432866798745626,0.177748769746053,0.0651391735904248
788,"s(lastRippleV1PRE_z):DOWN_no",0.0766011078203608,0.000480142915191462,0.156005587449488,0.135024256305118
789,"s(lastRippleV1PRE_z):DOWN_no",0.0993723965395894,0.00105822549341533,0.282584911440848,0.0832302159332659
790,"s(lastRippleV1PRE_z):DOWN_no",0.000305764268292208,7.03665909774608e-06,0.0160797453201083,0.0199933511935881
791,"s(lastRippleV1PRE_z):DOWN_no",0.0438136313032764,0.000396643961247064,0.15108146466992,0.0524059238407439
792,"s(lastRippleV1PRE_z):DOWN_no",0.0330070297623735,0.000353686645245751,0.160755034572171,0.0520099131574228
793,"s(lastRippleV1PRE_z):DOWN_no",0.0817230892937069,0.00073509779667967,0.246406758889824,0.0840862197005456
794,"s(lastRippleV1PRE_z):DOWN_no",0.103803912523385,0.00109528940392461,0.292975175809372,0.0862906319248098
795,"s(lastRippleV1PRE_z):DOWN_no",0.0810325204653601,0.000856775196585997,0.2556381437624,0.0774556464732895
796,"s(lastRippleV1PRE_z):DOWN_no",0.0434425379670556,0.000502209750164542,0.189321911355187,0.10970715539639
797,"s(lastRippleV1PRE_z):DOWN_no",0.0411637176367101,0.000441725392944163,0.186124714024721,0.0548203967852355
798,"s(lastRippleV1PRE_z):DOWN_no",0.0380367775883004,0.000393845848422131,0.173760112822187,0.0513300354593742
799,"s(lastRippleV1PRE_z):DOWN_no",0.0584974527732154,0.000379576985885935,0.156994583617207,0.0465748977411452
800,"s(lastRippleV1PRE_z):DOWN_no",0.0191875131133923,0.000202615107246731,0.125007041842656,0.0368260948175634
801,"s(lastRippleV1PRE_z):DOWN_no",0.0862179028518941,0.000792408820375931,0.333747496228684,0.119534458222703
802,"s(lastRippleV1PRE_z):DOWN_no",0.0538085062463871,0.00045869391130457,0.19574666324374,0.0716493164995173
803,"s(lastRippleV1PRE_z):DOWN_no",0.00211269102308087,2.88489798762773e-05,0.03985173772634,0.0291781038254629
804,"s(lastRippleV1PRE_z):DOWN_no",0.0502917811016479,0.000615336394545961,0.20228770733412,0.158070594722426
805,"s(lastRippleV1PRE_z):DOWN_no",0.0260672856747721,0.000278339347382615,0.14575180510005,0.0440051248178544
806,"s(lastRippleV1PRE_z):DOWN_no",0.0581301336519067,0.000612934448257957,0.217710392338981,0.0641489726517445
807,"s(lastRippleV1PRE_z):DOWN_no",0.0846950692539306,0.000696858744991602,0.184701807880554,0.0727301182927256
808,"s(lastRippleV1PRE_z):DOWN_no",0.0481416061543847,0.000342504187313083,0.190442304760963,0.0593005431866255
809,"s(lastRippleV1PRE_z):DOWN_no",0.0258916698726628,0.000274659149333395,0.147551395215905,0.0483364701502273
810,"s(lastRippleV1PRE_z):DOWN_no",0.0471853148821291,0.00050252528609606,0.198527315421143,0.0584761604158129
811,"s(lastRippleV1PRE_z):DOWN_no",0.0637675112205276,0.000677606682708338,0.230531168065716,0.0679249895586996
812,"s(lastRippleV1PRE_z):DOWN_no",0.00423745981360035,4.77899175857824e-05,0.0583830491458216,0.0340291057660648
813,"s(lastRippleV1PRE_z):DOWN_no",0.0064091233347261,6.77685003536113e-05,0.0733548972283147,0.0216043465027253
814,"s(lastRippleV1PRE_z):DOWN_no",0.0734789462677972,0.000637868255924634,0.146908365444536,0.054435281418868
815,"s(lastRippleV1PRE_z):DOWN_no",0.0535414388415996,0.000569366689446567,0.206516055549547,0.0803881631419391
816,"s(lastRippleV1PRE_z):DOWN_no",0.041634292227732,0.000437125733484139,0.184990863135418,0.0544862921863837
817,"s(lastRippleV1PRE_z):DOWN_no",0.0551213998449729,0.000585737899250852,0.213422458757365,0.0628594781381668
818,"s(lastRippleV1PRE_z):DOWN_no",0.0528923477567327,0.000433411597486169,0.197743218306578,0.0921692651987881
819,"s(lastRippleV1PRE_z):DOWN_no",0.0742234687410122,0.00079202742788908,0.248341002828262,0.0731378474737269
820,"s(lastRippleV1PRE_z):DOWN_no",0.0724499281007658,0.000428633116309593,0.145549699139158,0.129272134756574
821,"s(lastRippleV1PRE_z):DOWN_no",0.0368600556929417,0.000450232285224225,0.173596890433179,0.115270711051008
822,"s(lastRippleV1PRE_z):DOWN_no",0.0649287677766095,0.000696196951773051,0.231345424892936,0.0681336317616641
823,"s(lastRippleV1PRE_z):DOWN_no",0.0549433377147555,0.000581953737209269,0.20561715144226,0.0659983157651685
824,"s(lastRippleV1PRE_z):DOWN_no",0.0897066662562223,0.00058815011734228,0.221618308045282,0.177996894584366
825,"s(lastRippleV1PRE_z):DOWN_no",0.0269738821213679,0.000286089930519937,0.149644673658025,0.0440766479936601
826,"s(lastRippleV1PRE_z):DOWN_no",0.0107616799003667,0.000119981444738282,0.0921386409389296,0.0504598068104319
827,"s(lastRippleV1PRE_z):DOWN_no",0.110718694593378,0.000918804791195803,0.282247996962032,0.140627714844217
828,"s(lastRippleV1PRE_z):DOWN_no",0.0159411729309253,0.000171690699324674,0.11503144684839,0.0338849624588477
829,"s(lastRippleV1PRE_z):DOWN_no",0.0621426820786724,0.000526940044186326,0.0983424146627896,0.0519700577204851
830,"s(lastRippleV1PRE_z):DOWN_no",0.0191699986413454,0.000200843238606708,0.126356538115176,0.0372214494792181
831,"s(lastRippleV1PRE_z):DOWN_no",0.0487573612729282,0.000511016612903435,0.198984961775467,0.058602766176382
832,"s(lastRippleV1PRE_z):DOWN_no",0.0711420632367412,0.000775783062424228,0.241923311298874,0.0712490647244
833,"s(lastRippleV1PRE_z):DOWN_no",0.0366038549348557,0.000382841082689106,0.169344201203271,0.0498732222308673
834,"s(lastRippleV1PRE_z):DOWN_no",0.0178843889083415,0.000192272219772279,0.122698520276928,0.0379851820916562
835,"s(lastRippleV1PRE_z):DOWN_no",0.0865326268162931,0.00062044221019844,0.162510308517024,0.11139214056143
836,"s(lastRippleV1PRE_z):DOWN_no",0.0526919211606636,0.000558545769261874,0.204978793974984,0.0603719231303483
837,"s(lastRippleV1PRE_z):DOWN_no",0.0717211130069382,0.000497117974256615,0.102764192980249,0.0525219717822462
838,"s(lastRippleV1PRE_z):DOWN_no",0.0231088642628903,0.000110468544661533,0.0946514851925627,0.0815334837334192
839,"s(lastRippleV1PRE_z):DOWN_no",0.0273919822762778,0.000293035579835397,0.149456526691243,0.0440221112919973
840,"s(lastRippleV1PRE_z):DOWN_no",0.0362935386229948,0.000377398875487923,0.173476592435257,0.0510919655098959
841,"s(lastRippleV1PRE_z):DOWN_no",0.0483573050290405,0.000520829192729048,0.202536249426621,0.0596508628261806
842,"s(lastRippleV1PRE_z):DOWN_no",0.0480150231940693,0.000510782286094147,0.203217137260142,0.0598485628075045
843,"s(lastRippleV1PRE_z):DOWN_no",0.125514247838851,0.00110025530820166,0.139821767831471,0.0638570971683036
844,"s(lastRippleV1PRE_z):DOWN_no",0.0664081427204835,0.0008486391866019,0.229803077017747,0.250147682115042
845,"s(lastRippleV1PRE_z):DOWN_no",0.0232589935178584,0.000455817205053867,0.135837346477055,0.286406202422047
846,"s(lastRippleV1PRE_z):DOWN_no",0.0613421935560847,0.00065319947793635,0.220314798637704,0.0648864071950875
847,"s(lastRippleV1PRE_z):DOWN_no",0.0687259938893892,0.000730301842718985,0.238319480893129,0.07018727744452
848,"s(lastRippleV1PRE_z):DOWN_no",0.0664963196982216,0.000636586454656564,0.186796734903689,0.0655752868426586
849,"s(lastRippleV1PRE_z):DOWN_no",0.0516192560562896,0.000433125925449129,0.160998485561415,0.0541600847069417
850,"s(lastRippleV1PRE_z):DOWN_no",0.0379112151904559,0.000295988419981291,0.123235447027543,0.0441527948159946
851,"s(lastRippleV1PRE_z):DOWN_no",0.0208168965657878,0.000236011657865723,0.131224045238445,0.0707040292766605
852,"s(lastRippleV1PRE_z):DOWN_no",0.0614288088369781,0.000653068458680431,0.22506714465282,0.07111791092443
853,"s(lastRippleV1PRE_z):DOWN_no",0.0833031754041702,0.000687948181816112,0.150914872963052,0.061016802077225
854,"s(lastRippleV1PRE_z):DOWN_no",0.0620172030085113,0.000657308788001084,0.228554310360484,0.067339108464683
855,"s(lastRippleV1PRE_z):DOWN_no",0.060565317739421,0.000740972928381643,0.223000125769617,0.214066310423897
856,"s(lastRippleV1PRE_z):DOWN_no",0.0745808261544312,0.000538984608898598,0.116675448072275,0.101440323716894
857,"s(lastRippleV1PRE_z):DOWN_no",0.0360284493860386,0.000382731800805029,0.171601284461349,0.0505508988537138
858,"s(lastRippleV1PRE_z):DOWN_no",0.0117528299392005,0.000127004774527942,0.0972551858000426,0.0286438094297162
859,"s(lastRippleV1PRE_z):DOWN_no",0.0250790716038862,0.000268031052044617,0.144147633425792,0.0424556729280469
860,"s(lastRippleV1PRE_z):DOWN_no",0.0608335373481017,0.000642425301073414,0.219519516536814,0.0646509430296726
861,"s(lastRippleV1PRE_z):DOWN_no",0.0166175355423857,0.000176772933579906,0.116931327384776,0.0344460001902792
862,"s(lastRippleV1PRE_z):DOWN_no",0.0679410382722088,0.000607593303391551,0.161708269018902,0.0597308916476246
863,"s(lastRippleV1PRE_z):DOWN_no",0.0406790678110642,0.000266527222300897,0.16591755274633,0.0523647970393971
864,"s(lastRippleV1PRE_z):DOWN_no",0.0434186691438772,0.000465846685094378,0.19031751340963,0.062225754833368
865,"s(lastRippleV1PRE_z):DOWN_no",0.0800107402681327,0.000847657617594397,0.25475144659548,0.0865907015472503
866,"s(lastRippleV1PRE_z):DOWN_no",0.0138686221798761,0.00015332525547359,0.106290931143917,0.0369900611195003
867,"s(lastRippleV1PRE_z):DOWN_no",0.0822558759525753,0.000727879054445989,0.232700867820909,0.0719115321394457
868,"s(lastRippleV1PRE_z):DOWN_no",0.050695286123168,0.000532221545845078,0.199453932414583,0.063890955970414
869,"s(lastRippleV1PRE_z):DOWN_no",0.0905674736055158,0.000958440468592456,0.272438332528468,0.0802727546535025
870,"s(lastRippleV1PRE_z):DOWN_no",0.0226446418761004,0.000243532426940627,0.136195306204383,0.042839121434052
871,"s(lastRippleV1PRE_z):DOWN_no",0.0509682168021932,0.000367266331687256,0.114016998998659,0.0583283129956389
872,"s(lastRippleV1PRE_z):DOWN_no",0.0747339195979047,0.000798949642685568,0.248715123097482,0.0732520068394743
873,"s(lastRippleV1PRE_z):DOWN_no",0.0651937224376731,0.000691738832465522,0.230109239869967,0.0682145550967994
874,"s(lastRippleV1PRE_z):DOWN_no",0.0124709752669734,0.000139348946536388,0.100909772705847,0.0414140245610415
875,"s(lastRippleV1PRE_z):DOWN_no",0.109253454880988,0.000972090363358367,0.268131629380526,0.377999516926723
876,"s(lastRippleV1PRE_z):DOWN_no",0.0746648380808139,0.000790556041142421,0.24648825334242,0.0726018375538859
877,"s(lastRippleV1PRE_z):DOWN_no",0.0560995618714903,0.000619000366852373,0.218230008979344,0.072039024271205
878,"s(lastRippleV1PRE_z):DOWN_no",0.0507156232000545,0.000536129593669798,0.201745606060271,0.0594165753058762
879,"s(lastRippleV1PRE_z):DOWN_no",0.0332927547492901,0.000354831301495665,0.167031207238673,0.0492055240842925
880,"s(lastRippleV1PRE_z):DOWN_no",0.048748255577487,0.000506814176505709,0.196589538254418,0.0579282955252361
881,"s(lastRippleV1PRE_z):DOWN_no",0.0561517121533006,0.000598688740368419,0.215833382961686,0.0635716535314196
882,"s(lastRippleV1PRE_z):DOWN_no",0.046345393321892,0.000496582147750728,0.19590622011722,0.0577151139081908
883,"s(lastRippleV1PRE_z):DOWN_no",0.0709762697551994,0.000494971792814573,0.119848094457528,0.0500955312646904
884,"s(lastRippleV1PRE_z):DOWN_no",0.0251196825786257,0.000292843651511358,0.146574478172493,0.0959603084727105
885,"s(lastRippleV1PRE_z):DOWN_no",0.0831674214597831,0.000889498605677232,0.260071119252884,0.0801310847965006
886,"s(lastRippleV1PRE_z):DOWN_no",0.0429717489618691,0.000480897696324994,0.182403338679405,0.0799561887495013
887,"s(lastRippleV1PRE_z):DOWN_no",0.0554396232180965,0.000587811721376323,0.211669240209551,0.0623403939801309
888,"s(lastRippleV1PRE_z):DOWN_no",0.0738434778499917,0.000779235800548484,0.247096801803893,0.0727938735078726
889,"s(lastRippleV1PRE_z):DOWN_no",0.075615942464391,0.00052865832665483,0.114032545719254,0.0555155664214083
890,"s(lastRippleV1PRE_z):DOWN_no",0.0231955205447969,0.000239902033936947,0.135629763507776,0.0399441808778267
891,"s(lastRippleV1PRE_z):DOWN_no",0.00341507876510949,3.73184652806864e-05,0.0530138187653121,0.0156171715716432
892,"s(lastRippleV1PRE_z):DOWN_no",0.0264092605428194,0.000215815168948298,0.09508936281204,0.0425542411565449
893,"s(lastRippleV1PRE_z):DOWN_no",0.000295610258490342,3.41815373938747e-06,0.0158786505946234,0.00468454629490107
894,"s(lastRippleV1PRE_z):DOWN_no",0.0270364437478987,0.000105678369322359,0.101048823643483,0.0740324922998103
895,"s(lastRippleV1PRE_z):DOWN_no",0.0354392118329709,0.000379247620767732,0.170448108233051,0.0502006920877958
896,"s(lastRippleV1PRE_z):DOWN_no",0.0398482843514794,0.000209709828268023,0.0789317096955378,0.0490953440944788
897,"s(lastRippleV1PRE_z):DOWN_no",0.0747545200564952,0.000803019713719335,0.247611056704526,0.0729342447909139
898,"s(lastRippleV1PRE_z):DOWN_no",0.127758028475556,0.00134917502608293,0.323531014831959,0.0952850760344054
899,"s(lastRippleV1PRE_z):DOWN_no",0.043956209912615,0.000470336737917543,0.185569299880875,0.0553230026540469
900,"s(lastRippleV1PRE_z):DOWN_no",0.0449845465028602,0.00047802235988712,0.19186711891975,0.0587516242333749
901,"s(lastRippleV1PRE_z):DOWN_no",0.0831316255155912,0.000707659709415141,0.11436188785791,0.0521209633798133
902,"s(lastRippleV1PRE_z):DOWN_no",0.132457704433717,0.00140342362751598,0.328076404588377,0.0966260142407273
903,"s(lastRippleV1PRE_z):DOWN_no",0.0589588540682344,0.000633026508728067,0.223226117124414,0.0657443865114511
904,"s(lastRippleV1PRE_z):DOWN_no",0.0628930520859532,0.000684719364441244,0.228782388769365,0.0822527445637267
905,"s(lastRippleV1PRE_z):DOWN_no",0.046972077093038,0.000496143300703412,0.194949622780022,0.0574272246779904
906,"s(lastRippleV1PRE_z):DOWN_no",0.101065711594408,0.000827704585081705,0.14764697013778,0.183398566239889
907,"s(lastRippleV1PRE_z):DOWN_no",0.0329515543907135,0.000336850677216432,0.159191332688805,0.051437809434418
908,"s(lastRippleV1PRE_z):DOWN_no",0.0285361721778932,0.000313075482304849,0.150479344428459,0.0626355575430916
909,"s(lastRippleV1PRE_z):DOWN_no",0.0314157750126851,0.000337269324120783,0.158577171466816,0.0492814033201942
910,"s(lastRippleV1PRE_z):DOWN_no",0.0376230173961565,0.000275408226931616,0.117874763505259,0.0449551339047442
911,"s(lastRippleV1PRE_z):DOWN_no",0.120890508808413,0.0012799094972809,0.311447989190661,0.09172506715935
912,"s(lastRippleV1PRE_z):DOWN_no",0.0422926234621119,2.53558221544261e-05,0.183359082552346,0.0542103653121941
913,"s(lastRippleV1PRE_z):DOWN_no",0.0511342013661285,0.000531463877090077,0.20084770714172,0.0591650067435752
914,"s(lastRippleV1PRE_z):DOWN_no",0.0328941651101182,0.000352250671956621,0.163787279618714,0.0516318154425179
915,"s(lastRippleV1PRE_z):DOWN_no",0.113381215844629,0.000940603105231737,0.250766281218812,0.0639615807331743
916,"s(lastRippleV1PRE_z):DOWN_no",0.0317373937568499,0.000283919057552339,0.109123559738611,0.0403941774999029
917,"s(lastRippleV1PRE_z):DOWN_no",0.100386477824972,0.000850596878633542,0.444912221096516,0.273815974987365
918,"s(lastRippleV1PRE_z):DOWN_no",0.130438848316419,0.00138071302063917,0.326388518928537,0.0961246921574315
919,"s(lastRippleV1PRE_z):DOWN_no",0.0492698480746263,0.000293948319087664,0.103580349420644,0.0447103314563905
920,"s(lastRippleV1PRE_z):DOWN_no",0.15757926123426,0.00167549901726275,0.354414242830628,0.104380415817514
921,"s(lastRippleV1PRE_z):DOWN_no",0.0157757172519082,0.000166848412410897,0.114221148886053,0.0336449803110505
922,"s(lastRippleV1PRE_z):DOWN_no",0.0273610585173918,0.00029778855451203,0.150381585391517,0.0442889855676084
923,"s(lastRippleV1PRE_z):DOWN_no",0.0487572800409177,0.00051717324924634,0.200396352038102,0.0590189110587773
924,"s(lastRippleV1PRE_z):DOWN_no",0.0543462144181968,0.000371100995994647,0.212411382995601,0.0654265943132687
925,"s(lastRippleV1PRE_z):DOWN_no",0.0644300760108276,0.000527489587223417,0.137980051297168,0.0504526891934199
926,"s(lastRippleV1PRE_z):DOWN_no",0.0391713047982822,0.00041455259072764,0.179423595767195,0.0528531330781527
927,"s(lastRippleV1PRE_z):DOWN_no",0.0869521324102012,0.000647054015283697,0.106577267465599,0.102370785959113
928,"s(lastRippleV1PRE_z):DOWN_no",0.0496163890108958,0.000530389113534625,0.201215336412,0.0592600107525357
929,"s(lastRippleV1PRE_z):DOWN_no",0.0251111252270571,0.00027150038367971,0.143687771549195,0.0538264402180076
930,"s(lastRippleV1PRE_z):DOWN_no",0.0688071858450732,0.000520114459719516,0.0932695988545854,0.0451675996741361
931,"s(lastRippleV1PRE_z):DOWN_no",0.0640527153613188,0.000711961463133038,0.228791549294078,0.112195587721883
932,"s(lastRippleV1PRE_z):DOWN_no",0.0915151288023281,0.000983620116888437,0.273833436279048,0.0905973798175726
933,"s(lastRippleV1PRE_z):DOWN_no",0.0740274144710504,0.000788448047692475,0.245480345298894,0.0723295083414723
934,"s(lastRippleV1PRE_z):DOWN_no",0.0253747285687727,0.000273128202998321,0.144751936398086,0.0472938397121001
935,"s(lastRippleV1PRE_z):DOWN_no",0.0226788930562796,0.000115971600062365,0.122178402810757,0.0372511675853701
936,"s(lastRippleV1PRE_z):DOWN_no",0.0631083795085381,0.000666210924589891,0.226516726712315,0.0667225954036512
937,"s(lastRippleV1PRE_z):DOWN_no",0.0843010754072919,0.000567736557847692,0.116805202456601,0.0776191141991462
938,"s(lastRippleV1PRE_z):DOWN_no",0.0406881013971079,0.00026908331536965,0.104422165731155,0.103250467873478
939,"s(lastRippleV1PRE_z):DOWN_no",0.0961579062873348,0.00101654478785743,0.278880744156427,0.0821407171069226
940,"s(lastRippleV1PRE_z):DOWN_no",0.0638777380097109,0.000679181418911814,0.225077612881566,0.068788386832884
941,"s(lastRippleV1PRE_z):DOWN_no",0.0206728672387566,0.000225621593492737,0.133152736294719,0.0392195404207828
942,"s(lastRippleV1PRE_z):DOWN_no",0.0244317402911847,0.000260776275556655,0.140097078743805,0.0412638452964338
943,"s(lastRippleV1PRE_z):DOWN_no",0.037229783290579,0.000411672160766658,0.178231528278798,0.0703094934657341
944,"s(lastRippleV1PRE_z):DOWN_no",0.055827293794291,0.000592807745814741,0.212826681642346,0.0626815336167788
945,"s(lastRippleV1PRE_z):DOWN_no",0.0233534410955389,0.000254902656267647,0.137627132620263,0.0525683243924978
946,"s(lastRippleV1PRE_z):DOWN_no",0.0137098409690948,0.000187780933020003,0.105643442529816,0.0975581987795626
947,"s(lastRippleV1PRE_z):DOWN_no",0.0211197721260188,0.000149034088772161,0.0800227308379895,0.0455191062686302
948,"s(lastRippleV1PRE_z):DOWN_no",0.0694318611953406,0.000482695726037668,0.148324388929164,0.131330880743283
949,"s(lastRippleV1PRE_z):DOWN_no",0.0577666981394875,0.000609040058188907,0.218535557991324,0.0643613224593588
950,"s(lastRippleV1PRE_z):DOWN_no",0.0852349306574469,0.000904785587826513,0.265296949691505,0.0781568167434424
951,"s(lastRippleV1PRE_z):DOWN_no",0.0793783590739556,0.000629121218674744,0.134703527135512,0.0528805128086518
952,"s(lastRippleV1PRE_z):DOWN_no",0.054289410728841,0.000529626920307684,0.206889935155225,0.0822336540896708
953,"s(lastRippleV1PRE_z):DOWN_no",0.0475181686951975,0.000507504580505262,0.198349132169846,0.0584209610341965
954,"s(lastRippleV1PRE_z):DOWN_no",0.0114774661770207,0.000125350278669042,0.0972430550859126,0.0324479714399742
955,"s(lastRippleV1PRE_z):DOWN_no",0.0672646801210632,0.000423055687111898,0.131979521794671,0.105843936721886
956,"s(lastRippleV1PRE_z):DOWN_no",0.0580525649375101,0.000490880837595454,0.08640369475627,0.123207597143124
957,"s(lastRippleV1PRE_z):DOWN_no",0.0749281637900259,0.000641649025494489,0.330321884504658,0.273787420023403
958,"s(lastRippleV1PRE_z):DOWN_no",0.0305311350604063,0.000323920156201393,0.16119403061397,0.0474798900565897
959,"s(lastRippleV1PRE_z):DOWN_no",0.106068199140962,0.000921154993235111,0.278250735113278,0.0888173741070942
960,"s(lastRippleV1PRE_z):DOWN_no",0.0469378819868291,0.000499193325393847,0.197407202154793,0.0607353562544766
961,"s(lastRippleV1PRE_z):DOWN_no",0.0467246070673442,0.000344451628970801,0.113139727583407,0.0373069588121682
962,"s(lastRippleV1PRE_z):DOWN_no",0.0542220663836437,0.000385525323102203,0.0888835067368458,0.0514708259406716
963,"s(lastRippleV1PRE_z):DOWN_no",0.0183842793179272,0.000190327483654106,0.122609831342991,0.0361130713055071
964,"s(lastRippleV1PRE_z):DOWN_no",0.0420637672684236,0.00044816406391599,0.1837731842706,0.0560548596821451
965,"s(lastRippleV1PRE_z):DOWN_no",0.0398587948818081,0.000429864357877311,0.182803684413134,0.0538441926487475
966,"s(lastRippleV1PRE_z):DOWN_no",0.0855697156344668,0.00072784809657305,0.160651101072281,0.0615659825465403
967,"s(lastRippleV1PRE_z):DOWN_no",0.0571841391285384,0.000607407979727312,0.216367800681627,0.063728182220322
968,"s(lastRippleV1PRE_z):DOWN_no",0.0706772607763968,0.000561508418710343,0.161506283122228,0.0891189749122338
969,"s(lastRippleV1PRE_z):DOWN_no",0.0531600496548954,0.000350838174084703,0.257087688361129,0.144664747515823
970,"s(lastRippleV1PRE_z):DOWN_no",0.00850834772097198,7.62866310537527e-05,0.0514390082549286,0.0345979060782272
971,"s(lastRippleV1PRE_z):DOWN_no",0.0198436315805157,0.00022142521915129,0.126940075347567,0.0471531832144226
972,"s(lastRippleV1PRE_z):DOWN_no",0.0170149848342653,0.000180605798955468,0.117990873227383,0.034751681003698
973,"s(lastRippleV1PRE_z):DOWN_no",0.0592166073216296,0.00047459395528872,0.192510897749236,0.0623167528241618
974,"s(lastRippleV1PRE_z):DOWN_no",0.0445256002102283,0.000322163776178661,0.171737378536121,0.0596698461132223
975,"s(lastRippleV1PRE_z):DOWN_no",0.0259722237802897,0.000272503042741382,0.147383235381395,0.0434226445495817
976,"s(lastRippleV1PRE_z):DOWN_no",0.0562549558156045,0.000599950378770841,0.212353217391716,0.0625415348262528
977,"s(lastRippleV1PRE_z):DOWN_no",0.0750622705288775,0.000798036407029418,0.245369431717927,0.0723409210087137
978,"s(lastRippleV1PRE_z):DOWN_no",0.0643347038881954,0.00068306395134912,0.232343661933513,0.0684275301426031
979,"s(lastRippleV1PRE_z):DOWN_no",0.0362638490096465,0.000151117619182432,0.167463615951867,0.075029843079306
980,"s(lastRippleV1PRE_z):DOWN_no",0.0998568219907083,0.000790112095981245,0.196074649579756,0.178074596650761
981,"s(lastRippleV1PRE_z):DOWN_no",0.0306686244542735,0.000326394945549918,0.15733991495732,0.0463428933670802
982,"s(lastRippleV1PRE_z):DOWN_no",0.088555807038623,0.000947511329251825,0.269556817865747,0.0821209381549383
983,"s(lastRippleV1PRE_z):DOWN_no",0.0795583431615725,0.000328426747988419,0.257903457506855,0.0759772026568872
984,"s(lastRippleV1PRE_z):DOWN_no",0.0498209503846523,0.000526752801759188,0.198494951733373,0.0584591831045831
985,"s(lastRippleV1PRE_z):DOWN_no",0.129163650748407,0.00102130912862062,0.321433525498496,0.103139642574426
986,"s(lastRippleV1PRE_z):DOWN_no",0.0722674287846177,0.00057537491051177,0.106872858860906,0.0401268654160876
987,"s(lastRippleV1PRE_z):DOWN_no",0.025299817091792,0.0002725908319529,0.144034464700774,0.0424218628533456
988,"s(lastRippleV1PRE_z):DOWN_no",0.0379106147526667,0.000401825987123873,0.17848118539078,0.0525914784993989
989,"s(lastRippleV1PRE_z):DOWN_no",0.0634653177533044,0.000682955732968749,0.230414868425925,0.0678611276750681
990,"s(lastRippleV1PRE_z):DOWN_no",0.0415342233649962,0.000437580201283324,0.185614887585004,0.0546696790645675
991,"s(lastRippleV1PRE_z):DOWN_no",0.0860716133152684,0.00094670469351234,0.263981827697594,0.102950033229525
992,"s(lastRippleV1PRE_z):DOWN_no",0.0364713109862969,0.00039285479899776,0.17510419735324,0.057032707880767
993,"s(lastRippleV1PRE_z):DOWN_no",0.108906051769107,0.000901540522853199,0.203021602452253,0.254265388464366
994,"s(lastRippleV1PRE_z):DOWN_no",0.0665685520314296,0.000462597932580159,0.210064368346953,0.0801462669742143
995,"s(lastRippleV1PRE_z):DOWN_no",0.0582513319167983,0.000616717038530599,0.219695841868595,0.0647085620347221
996,"s(lastRippleV1PRE_z):DOWN_no",0.0982240025229535,0.00110494424682487,0.285421647808713,0.142898420215966
997,"s(lastRippleV1PRE_z):DOWN_no",0.0569096340306521,0.000596900477859707,0.212953680493996,0.0627316174663911
998,"s(lastRippleV1PRE_z):DOWN_no",0.0286439397511788,0.000312332011216656,0.147447600700155,0.0581749377411737
999,"s(lastRippleV1PRE_z):DOWN_no",0.0756153412140463,0.000636485227969461,0.203966742755058,0.0667130232918447
1000,"s(lastRippleV1PRE_z):DOWN_no",0.0393785920420431,0.000424543481666088,0.182316833479973,0.0537014080282076
1,"s(lastRippleV1PRE_z):DOWN_yes",0.200623609254802,0.00190294004083889,0.544237291495151,0.179740039161824
2,"s(lastRippleV1PRE_z):DOWN_yes",0.0834629042437705,0.000873166032537198,0.361169988672078,0.106368062332918
3,"s(lastRippleV1PRE_z):DOWN_yes",0.0590019515280362,0.000422617913968735,0.256970536083872,0.184926584449774
4,"s(lastRippleV1PRE_z):DOWN_yes",0.159333127534699,0.00112673805952035,0.441376560822694,0.15566490537523
5,"s(lastRippleV1PRE_z):DOWN_yes",0.190148247234817,0.00173048109323187,0.478182465107911,0.153308803994708
6,"s(lastRippleV1PRE_z):DOWN_yes",0.0902881961842743,0.000957550377171069,0.384056645219573,0.113139831952457
7,"s(lastRippleV1PRE_z):DOWN_yes",0.134846889039943,0.000900916864470197,0.432735306374386,0.156788597797033
8,"s(lastRippleV1PRE_z):DOWN_yes",0.107778834077686,0.000559289190720102,0.404568359403733,0.122153574971056
9,"s(lastRippleV1PRE_z):DOWN_yes",0.154653591795769,0.00142837055547139,0.502054042917377,0.148064261363672
10,"s(lastRippleV1PRE_z):DOWN_yes",0.0937947594445072,0.000990390905439446,0.396587736834882,0.116816731828096
11,"s(lastRippleV1PRE_z):DOWN_yes",0.167378200171155,0.000986102231421474,0.507686946927225,0.151816986929623
12,"s(lastRippleV1PRE_z):DOWN_yes",0.0808172807150163,0.000850146883613129,0.362632253088188,0.106802023154063
13,"s(lastRippleV1PRE_z):DOWN_yes",0.061878642291699,0.000659481432711844,0.321796698863815,0.0947749093245552
14,"s(lastRippleV1PRE_z):DOWN_yes",0.209091193879643,0.00221593245923138,0.578643809565711,0.17043713260582
15,"s(lastRippleV1PRE_z):DOWN_yes",0.120095135155196,0.000764189785870006,0.458736043423362,0.155654217634069
16,"s(lastRippleV1PRE_z):DOWN_yes",0.19720839413675,0.000752447563647501,0.5609331526942,0.166535635858525
17,"s(lastRippleV1PRE_z):DOWN_yes",0.14973980484913,0.00106937801668925,0.45294593687211,0.153931148034422
18,"s(lastRippleV1PRE_z):DOWN_yes",0.197862562077568,0.00179457812193988,0.331902662542612,0.126919415714997
19,"s(lastRippleV1PRE_z):DOWN_yes",0.105062593006777,0.000602123744690658,0.394775796898025,0.119092472207318
20,"s(lastRippleV1PRE_z):DOWN_yes",0.205012209986903,0.0018782134572893,0.554841320661186,0.172156672419233
21,"s(lastRippleV1PRE_z):DOWN_yes",0.0875404276193112,0.000605338944538808,0.34238590666853,0.128378231315116
22,"s(lastRippleV1PRE_z):DOWN_yes",0.196759515293466,0.00137411645141318,0.548591543016224,0.207750496913541
23,"s(lastRippleV1PRE_z):DOWN_yes",0.105225799444822,0.00111716534504043,0.411116569326765,0.121081364012715
24,"s(lastRippleV1PRE_z):DOWN_yes",0.0737309319121797,0.00075603358020246,0.34874319358352,0.102796971497822
25,"s(lastRippleV1PRE_z):DOWN_yes",0.16915529046303,0.00178985778986476,0.524770506215377,0.15455026936356
26,"s(lastRippleV1PRE_z):DOWN_yes",0.159175580141087,0.00168307664121505,0.516881483809446,0.154175239899125
27,"s(lastRippleV1PRE_z):DOWN_yes",0.154474084285386,0.00102001706013645,0.478764121745072,0.179856559875543
28,"s(lastRippleV1PRE_z):DOWN_yes",0.13229612220514,0.000123749572943297,0.469695993493331,0.1384091441341
29,"s(lastRippleV1PRE_z):DOWN_yes",0.0716379640713907,0.000763227199609763,0.341340204276839,0.100533903818217
30,"s(lastRippleV1PRE_z):DOWN_yes",0.0901646421725371,0.00064189236099655,0.351182992307405,0.111670235170906
31,"s(lastRippleV1PRE_z):DOWN_yes",0.197660793173381,0.00163205889937605,0.423232906596903,0.28544775334822
32,"s(lastRippleV1PRE_z):DOWN_yes",0.149363821984454,0.00117148087038953,0.267108177352834,0.104877968101416
33,"s(lastRippleV1PRE_z):DOWN_yes",0.18061168416215,0.00164218464809048,0.32677034326184,0.126832608185337
34,"s(lastRippleV1PRE_z):DOWN_yes",0.205244276658669,0.00164858594347697,0.357974562830038,0.174050488918828
35,"s(lastRippleV1PRE_z):DOWN_yes",0.126458949372959,0.000970928443515925,0.248853236906625,0.0970538287654423
36,"s(lastRippleV1PRE_z):DOWN_yes",0.146481095104884,0.00131699405937582,0.452876187247986,0.13830287666899
37,"s(lastRippleV1PRE_z):DOWN_yes",0.204031542195936,0.00161279610671749,0.377956023372506,0.148635137064654
38,"s(lastRippleV1PRE_z):DOWN_yes",0.123458966390373,0.000827603387555856,0.332439315049888,0.129066824832203
39,"s(lastRippleV1PRE_z):DOWN_yes",0.17307067250302,0.00184401807631809,0.522771573381786,0.153974447353884
40,"s(lastRippleV1PRE_z):DOWN_yes",0.110048484696282,0.00125874956105835,0.428480794316064,0.129096175231718
41,"s(lastRippleV1PRE_z):DOWN_yes",0.13743424629194,0.000978462251436226,0.451074476724768,0.144497901538682
42,"s(lastRippleV1PRE_z):DOWN_yes",0.243745358781907,0.00215962727888168,0.554928339105624,0.181760964849206
43,"s(lastRippleV1PRE_z):DOWN_yes",0.146009565575365,0.00096234531237305,0.435293755324768,0.145187721527865
44,"s(lastRippleV1PRE_z):DOWN_yes",0.144301167163605,0.0015216261539358,0.485876079492413,0.143099319971887
45,"s(lastRippleV1PRE_z):DOWN_yes",0.177254037466788,0.00135861973372403,0.414200969097575,0.175037149586272
46,"s(lastRippleV1PRE_z):DOWN_yes",0.199319108995504,0.00151492704022884,0.26089164628466,0.107376745931281
47,"s(lastRippleV1PRE_z):DOWN_yes",0.100716200881796,0.00106135255640561,0.413730486234183,0.121927496820528
48,"s(lastRippleV1PRE_z):DOWN_yes",0.245770032196142,0.00202522985228577,0.400678826065318,0.199356174266224
49,"s(lastRippleV1PRE_z):DOWN_yes",0.105723746313428,0.000283021782037569,0.408838170500829,0.121042836410544
50,"s(lastRippleV1PRE_z):DOWN_yes",0.169589208748651,0.00179171406135912,0.527474863447053,0.155369453894917
51,"s(lastRippleV1PRE_z):DOWN_yes",0.124680478170616,0.00132585839070255,0.448371810509786,0.132057631341434
52,"s(lastRippleV1PRE_z):DOWN_yes",0.229770809784585,0.00241970405049289,0.611391786861053,0.180140591765887
53,"s(lastRippleV1PRE_z):DOWN_yes",0.139573793917148,0.0014871160185492,0.488615453045944,0.145042658121601
54,"s(lastRippleV1PRE_z):DOWN_yes",0.10383975011151,0.0011040340890506,0.415161833766817,0.122268946031479
55,"s(lastRippleV1PRE_z):DOWN_yes",0.163743021492917,0.00149145504846916,0.520926296765661,0.158100213019921
56,"s(lastRippleV1PRE_z):DOWN_yes",0.187155701044524,0.00199910183796168,0.551785455863223,0.162519765392492
57,"s(lastRippleV1PRE_z):DOWN_yes",0.0776566509503809,0.000830691405696391,0.360086575865411,0.106058460037894
58,"s(lastRippleV1PRE_z):DOWN_yes",0.110295816455306,0.00121392956533316,0.427205144622538,0.165180271103358
59,"s(lastRippleV1PRE_z):DOWN_yes",0.144424347006009,0.00153001430739822,0.487813451212063,0.143670609937349
60,"s(lastRippleV1PRE_z):DOWN_yes",0.220873896912066,0.00162098033043637,0.449116504326485,0.15479135715832
61,"s(lastRippleV1PRE_z):DOWN_yes",0.100696502143664,0.000608796577188592,0.392383604228725,0.145449142298
62,"s(lastRippleV1PRE_z):DOWN_yes",0.173302375689386,0.00116889361177054,0.524620265606805,0.159945542125097
63,"s(lastRippleV1PRE_z):DOWN_yes",0.258266249084814,0.00220158401890047,0.57229960077881,0.222470996569449
64,"s(lastRippleV1PRE_z):DOWN_yes",0.146725078804169,0.000888813025735032,0.486183252674462,0.146468504359614
65,"s(lastRippleV1PRE_z):DOWN_yes",0.277248418400596,0.00290520137446831,0.666756784133307,0.196411912767158
66,"s(lastRippleV1PRE_z):DOWN_yes",0.115704589571118,0.000870453764811049,0.235596615625712,0.0928726470533956
67,"s(lastRippleV1PRE_z):DOWN_yes",0.140640573704478,0.00110336069268773,0.5365216215147,0.149823658002796
68,"s(lastRippleV1PRE_z):DOWN_yes",0.100038968085557,0.0010628946379194,0.40142673808406,0.118276727388493
69,"s(lastRippleV1PRE_z):DOWN_yes",0.122929607308082,0.0012947107560139,0.452258076723582,0.133201719568602
70,"s(lastRippleV1PRE_z):DOWN_yes",0.104668401558323,0.00110815653903027,0.414855499211756,0.122265711721852
71,"s(lastRippleV1PRE_z):DOWN_yes",0.073916677277392,0.000781505698056107,0.351290491578361,0.103484841910008
72,"s(lastRippleV1PRE_z):DOWN_yes",0.108439512755206,0.000721695208228393,0.391273418176321,0.144658473267926
73,"s(lastRippleV1PRE_z):DOWN_yes",0.112106944863407,0.000993933437396402,0.288014069468483,0.0993957344604841
74,"s(lastRippleV1PRE_z):DOWN_yes",0.161972906216081,0.00128339591242064,0.378295943166584,0.169248685788194
75,"s(lastRippleV1PRE_z):DOWN_yes",0.100522023712267,0.000809564741002731,0.230155949538849,0.262025006584642
76,"s(lastRippleV1PRE_z):DOWN_yes",0.114895268989593,0.0012164060349296,0.428623234630358,0.126246152494652
77,"s(lastRippleV1PRE_z):DOWN_yes",0.13080631326681,0.00116021897893867,0.436720193082297,0.131324341442475
78,"s(lastRippleV1PRE_z):DOWN_yes",0.046022016524204,0.000210673356429387,0.243947863930603,0.108254037269385
79,"s(lastRippleV1PRE_z):DOWN_yes",0.10527771312507,0.0011764355893208,0.421323629339363,0.169502807653366
80,"s(lastRippleV1PRE_z):DOWN_yes",0.115552219285234,0.000346381355684073,0.428082365076434,0.126456694067519
81,"s(lastRippleV1PRE_z):DOWN_yes",0.135243925150157,0.00104187475101654,0.429435810726744,0.137063353907976
82,"s(lastRippleV1PRE_z):DOWN_yes",0.198749089252327,0.00165712604958577,0.498539620970908,0.245630428143811
83,"s(lastRippleV1PRE_z):DOWN_yes",0.159053889820166,0.00168252549182694,0.508344652815426,0.149716565937014
84,"s(lastRippleV1PRE_z):DOWN_yes",0.20130095488956,0.00165555605982545,0.440387930657673,0.177852173488752
85,"s(lastRippleV1PRE_z):DOWN_yes",0.0851204250424766,0.000230111132230172,0.378019439377959,0.112303041694202
86,"s(lastRippleV1PRE_z):DOWN_yes",0.128430204733275,0.00115263460268092,0.402527886774792,0.133952320087108
87,"s(lastRippleV1PRE_z):DOWN_yes",0.0973450359238015,0.000367260047775996,0.403207996699211,0.11947893975646
88,"s(lastRippleV1PRE_z):DOWN_yes",0.103115114630227,0.00108959968130854,0.415367792031379,0.122345742092928
89,"s(lastRippleV1PRE_z):DOWN_yes",0.104513429438494,0.000459591393312165,0.407485284671094,0.121758807157382
90,"s(lastRippleV1PRE_z):DOWN_yes",0.145796324399311,0.00101469905310861,0.243032069056505,0.117774902196284
91,"s(lastRippleV1PRE_z):DOWN_yes",0.221676114195327,0.00235970827552232,0.602128149590021,0.177343846698752
92,"s(lastRippleV1PRE_z):DOWN_yes",0.141246530142619,0.00117698035585863,0.454657456984758,0.127230371298576
93,"s(lastRippleV1PRE_z):DOWN_yes",0.171814202070617,0.00187360798515298,0.537513573037538,0.166959395264748
94,"s(lastRippleV1PRE_z):DOWN_yes",0.10482205697087,0.00111326965322553,0.416669710681182,0.122740973843693
95,"s(lastRippleV1PRE_z):DOWN_yes",0.193364676843967,0.00205500989243017,0.556723271846019,0.164003434719804
96,"s(lastRippleV1PRE_z):DOWN_yes",0.132652746093557,0.00142115666228649,0.476510380366093,0.141128900006031
97,"s(lastRippleV1PRE_z):DOWN_yes",0.232862461304071,0.00200748553676316,0.258403768413279,0.104874397124628
98,"s(lastRippleV1PRE_z):DOWN_yes",0.110550295014703,0.00116964484300469,0.431231759017897,0.127315689932032
99,"s(lastRippleV1PRE_z):DOWN_yes",0.095875407829741,0.000487409699417634,0.393281596369384,0.117222013748837
100,"s(lastRippleV1PRE_z):DOWN_yes",0.193842218322069,0.00132547317868094,0.522199648154898,0.156324188682353
101,"s(lastRippleV1PRE_z):DOWN_yes",0.157707605646468,0.0011554538849261,0.238276820322111,0.11338709262723
102,"s(lastRippleV1PRE_z):DOWN_yes",0.240662245154454,0.00211588699961563,0.53005450110452,0.170722380194273
103,"s(lastRippleV1PRE_z):DOWN_yes",0.172388165721719,0.00132787565833467,0.234639215413717,0.1109260168751
104,"s(lastRippleV1PRE_z):DOWN_yes",0.143404504283299,0.000971349734513998,0.370125499830867,0.125816092339953
105,"s(lastRippleV1PRE_z):DOWN_yes",0.204120866705736,0.00159109323404604,0.390452953628522,0.215219635011637
106,"s(lastRippleV1PRE_z):DOWN_yes",0.10345479805337,0.00110561364682107,0.41890566301208,0.123386767532283
107,"s(lastRippleV1PRE_z):DOWN_yes",0.133266813302094,0.00141062874693602,0.4762139970251,0.140250393062004
108,"s(lastRippleV1PRE_z):DOWN_yes",0.193004225310843,0.00206766496019356,0.560885754435335,0.165201727868646
109,"s(lastRippleV1PRE_z):DOWN_yes",0.131264025024103,0.00139042724121324,0.464234060901005,0.136721896346549
110,"s(lastRippleV1PRE_z):DOWN_yes",0.109063636246721,0.000711536819404844,0.304940613456141,0.11943365901041
111,"s(lastRippleV1PRE_z):DOWN_yes",0.231428261758672,0.00171010603563438,0.464916436581902,0.175023596741874
112,"s(lastRippleV1PRE_z):DOWN_yes",0.0717256677327125,0.000730557900061788,0.336545180660019,0.104300349504678
113,"s(lastRippleV1PRE_z):DOWN_yes",0.0873974302009435,0.000410572281822943,0.365479428441366,0.109494732293566
114,"s(lastRippleV1PRE_z):DOWN_yes",0.143964250807228,0.00131071123324448,0.478986067510642,0.143245177256577
115,"s(lastRippleV1PRE_z):DOWN_yes",0.0652401055353051,0.000696640844546547,0.325297481261149,0.0958032749420994
116,"s(lastRippleV1PRE_z):DOWN_yes",0.255816077690723,0.00275518451828835,0.646792761048869,0.190493561876524
117,"s(lastRippleV1PRE_z):DOWN_yes",0.0775965578020603,0.00064250546663485,0.331292332110536,0.101360338434611
118,"s(lastRippleV1PRE_z):DOWN_yes",0.0970652476716376,0.000825469174736379,0.339938303008691,0.113772647604275
119,"s(lastRippleV1PRE_z):DOWN_yes",0.159760990701476,0.00114460692596919,0.414382862685219,0.160513175347518
120,"s(lastRippleV1PRE_z):DOWN_yes",0.164639897301251,0.00123797331619342,0.353762069354125,0.144557557710592
121,"s(lastRippleV1PRE_z):DOWN_yes",0.0752479233319985,0.000794218783027753,0.34616161110552,0.10194737192497
122,"s(lastRippleV1PRE_z):DOWN_yes",0.135153747072059,0.00144427350278355,0.472508734027079,0.139827658772422
123,"s(lastRippleV1PRE_z):DOWN_yes",0.160577124695283,0.00107196112059097,0.507358652653507,0.161210189177328
124,"s(lastRippleV1PRE_z):DOWN_yes",0.0903498764763802,0.000957995865067776,0.38830883435709,0.114362479459514
125,"s(lastRippleV1PRE_z):DOWN_yes",0.203254118207681,0.0021444763070814,0.580266530960817,0.17092330615886
126,"s(lastRippleV1PRE_z):DOWN_yes",0.148423453171801,0.00101885325802557,0.39416316808275,0.13825477642385
127,"s(lastRippleV1PRE_z):DOWN_yes",0.196756749617508,0.00129282720410258,0.546762628942245,0.182359605941106
128,"s(lastRippleV1PRE_z):DOWN_yes",0.1848970649591,0.00131816936094557,0.432114486846823,0.13913719953616
129,"s(lastRippleV1PRE_z):DOWN_yes",0.235416930625849,0.00168811382740587,0.631890394912184,0.192007993897839
130,"s(lastRippleV1PRE_z):DOWN_yes",0.169739618238324,0.00134694272453417,0.247978063212933,0.13400221898549
131,"s(lastRippleV1PRE_z):DOWN_yes",0.214132468096174,0.00181656263195812,0.608204593061315,0.234150843176709
132,"s(lastRippleV1PRE_z):DOWN_yes",0.243344417530215,0.00201440442666019,0.291617220869162,0.116753296648156
133,"s(lastRippleV1PRE_z):DOWN_yes",0.116895150539727,0.00123831780767322,0.436957509190366,0.128752702028131
134,"s(lastRippleV1PRE_z):DOWN_yes",0.23410201176184,0.00107062972063388,0.620012206996497,0.182499175972079
135,"s(lastRippleV1PRE_z):DOWN_yes",0.194741409818861,0.00130130505734127,0.553444150046694,0.1895719106827
136,"s(lastRippleV1PRE_z):DOWN_yes",0.161860890234154,0.00171584686709442,0.518785768790972,0.161464926773079
137,"s(lastRippleV1PRE_z):DOWN_yes",0.0958440332860464,0.00101702201953252,0.394983269895276,0.116326453518522
138,"s(lastRippleV1PRE_z):DOWN_yes",0.227965384363066,0.00202577524981336,0.488525503124191,0.163628178919369
139,"s(lastRippleV1PRE_z):DOWN_yes",0.123665799565314,0.0010723120905354,0.226271444036186,0.087379751402024
140,"s(lastRippleV1PRE_z):DOWN_yes",0.13341427899949,0.000874228472657758,0.380052824398702,0.157411338432296
141,"s(lastRippleV1PRE_z):DOWN_yes",0.136486477359885,0.00094348819796431,0.340090283289624,0.138867398098857
142,"s(lastRippleV1PRE_z):DOWN_yes",0.145854128109974,0.00129871747537074,0.431985101724292,0.133200382016454
143,"s(lastRippleV1PRE_z):DOWN_yes",0.146275814217543,0.0015442990152159,0.486639311252679,0.143318806134424
144,"s(lastRippleV1PRE_z):DOWN_yes",0.108003424031583,0.000929328205141943,0.368598956840426,0.121019068775757
145,"s(lastRippleV1PRE_z):DOWN_yes",0.0847328860160452,0.000909148799452013,0.375788185181642,0.115128593586389
146,"s(lastRippleV1PRE_z):DOWN_yes",0.170898807564496,0.00135359879703784,0.310401756358865,0.120933052373791
147,"s(lastRippleV1PRE_z):DOWN_yes",0.211009472135392,0.00185687805571008,0.515741353781802,0.161019740660347
148,"s(lastRippleV1PRE_z):DOWN_yes",0.118243125745161,0.000995745500226724,0.425811229512597,0.129360565997348
149,"s(lastRippleV1PRE_z):DOWN_yes",0.100181643914093,0.000685373223350312,0.368269533698965,0.120262862135774
150,"s(lastRippleV1PRE_z):DOWN_yes",0.11114322745173,0.00117710835704184,0.432722597510009,0.127448176253465
151,"s(lastRippleV1PRE_z):DOWN_yes",0.12568718422522,0.00132847562549292,0.453570262646101,0.133977026651442
152,"s(lastRippleV1PRE_z):DOWN_yes",0.198407175440179,0.00147455004549048,0.291316362414329,0.154737055011179
153,"s(lastRippleV1PRE_z):DOWN_yes",0.113807117681553,0.000805145964391657,0.344224110796104,0.170242283046767
154,"s(lastRippleV1PRE_z):DOWN_yes",0.116838050384234,0.000714856223772197,0.360136248624526,0.12672018136983
155,"s(lastRippleV1PRE_z):DOWN_yes",0.106798450878598,0.00113040529620427,0.420059168546605,0.123711166568871
156,"s(lastRippleV1PRE_z):DOWN_yes",0.0723995272567901,0.000762966885507119,0.347551664907729,0.102364190612561
157,"s(lastRippleV1PRE_z):DOWN_yes",0.0712353833657966,0.000661650084596195,0.268548464038108,0.124322380866466
158,"s(lastRippleV1PRE_z):DOWN_yes",0.103126278948638,0.00109872120594296,0.419710355912972,0.123614911786386
159,"s(lastRippleV1PRE_z):DOWN_yes",0.134377171430732,0.00115984220526808,0.36453712295372,0.120183065371328
160,"s(lastRippleV1PRE_z):DOWN_yes",0.115146470376247,0.000974803305940388,0.349205073580109,0.107763860752273
161,"s(lastRippleV1PRE_z):DOWN_yes",0.153185157517467,0.00161292570972329,0.489561422048292,0.144180194385152
162,"s(lastRippleV1PRE_z):DOWN_yes",0.109648822830156,0.00118704436836284,0.431091460701069,0.128727873136987
163,"s(lastRippleV1PRE_z):DOWN_yes",0.139269096207892,0.0012644283183651,0.475038654270687,0.140234721304312
164,"s(lastRippleV1PRE_z):DOWN_yes",0.144569086068594,0.00151596433375828,0.483019747134838,0.142282356877963
165,"s(lastRippleV1PRE_z):DOWN_yes",0.0561068085588001,0.000597556690862269,0.303801256601491,0.089471465295528
166,"s(lastRippleV1PRE_z):DOWN_yes",0.129137174423257,0.00135856625136641,0.458591034677128,0.141744878944127
167,"s(lastRippleV1PRE_z):DOWN_yes",0.16162291712918,0.00170648085062051,0.514708673974019,0.151600537229707
168,"s(lastRippleV1PRE_z):DOWN_yes",0.0676915107425105,0.000393086906372539,0.284417867423738,0.131299611117197
169,"s(lastRippleV1PRE_z):DOWN_yes",0.117994152413338,0.000238642022958655,0.443117195597281,0.131416787554221
170,"s(lastRippleV1PRE_z):DOWN_yes",0.190187686458537,0.00180872154498854,0.301953271204945,0.138177607863119
171,"s(lastRippleV1PRE_z):DOWN_yes",0.268537184446872,0.00229369585059839,0.351382641157458,0.147336377826151
172,"s(lastRippleV1PRE_z):DOWN_yes",0.316341063789231,0.00117641671774116,0.735558916999318,0.216254955952706
173,"s(lastRippleV1PRE_z):DOWN_yes",0.159243354224055,0.00142053947691688,0.249277055806889,0.0959866621038307
174,"s(lastRippleV1PRE_z):DOWN_yes",0.122303711304011,0.00128573149869011,0.445443440434402,0.13118978544602
175,"s(lastRippleV1PRE_z):DOWN_yes",0.202905554595636,0.00215352898153133,0.570424407899608,0.16802885955863
176,"s(lastRippleV1PRE_z):DOWN_yes",0.14275625844213,0.00116244680389205,0.437541773246564,0.251286550899229
177,"s(lastRippleV1PRE_z):DOWN_yes",0.105367853033816,0.000912913189520247,0.456224952647604,0.134387207829876
178,"s(lastRippleV1PRE_z):DOWN_yes",0.0816962745722831,0.000872290172773458,0.361773886438124,0.111959983886195
179,"s(lastRippleV1PRE_z):DOWN_yes",0.149216759460594,0.00129429579754608,0.439043165130328,0.137689161682865
180,"s(lastRippleV1PRE_z):DOWN_yes",0.0752468616770789,0.000809085282875244,0.356621975482557,0.112906350080345
181,"s(lastRippleV1PRE_z):DOWN_yes",0.120709525369133,0.00128147326804166,0.448357731274319,0.132047458857448
182,"s(lastRippleV1PRE_z):DOWN_yes",0.183182350375844,0.00155832036595138,0.3456617032514,0.133290314532041
183,"s(lastRippleV1PRE_z):DOWN_yes",0.0790750509786973,0.000835548717732916,0.355025634289246,0.104564265909647
184,"s(lastRippleV1PRE_z):DOWN_yes",0.14529766131033,0.0015192772216977,0.498264118852454,0.146772553977216
185,"s(lastRippleV1PRE_z):DOWN_yes",0.159172942212499,0.00169258352785585,0.516094193206761,0.151995121282082
186,"s(lastRippleV1PRE_z):DOWN_yes",0.130972980650101,0.00100788490189295,0.251619003449323,0.098957253677618
187,"s(lastRippleV1PRE_z):DOWN_yes",0.101273845521369,0.00107110338561337,0.404246341632288,0.119058115724801
188,"s(lastRippleV1PRE_z):DOWN_yes",0.115064059083574,0.0012148291824395,0.438367341869624,0.12910341339749
189,"s(lastRippleV1PRE_z):DOWN_yes",0.1281006571671,0.00135422812620162,0.45957604546167,0.135357608180526
190,"s(lastRippleV1PRE_z):DOWN_yes",0.105815442706275,0.00112721696026667,0.41629542004812,0.124259212290056
191,"s(lastRippleV1PRE_z):DOWN_yes",0.170184345524016,0.00146328023074588,0.503256068188434,0.151345325461185
192,"s(lastRippleV1PRE_z):DOWN_yes",0.0804891534094416,0.000856177162266906,0.369042881599674,0.108692391667523
193,"s(lastRippleV1PRE_z):DOWN_yes",0.13438633093703,0.000995827277045517,0.247580453055325,0.143472178032297
194,"s(lastRippleV1PRE_z):DOWN_yes",0.266490564270041,0.00196409010814161,0.662604267131228,0.206145056925467
195,"s(lastRippleV1PRE_z):DOWN_yes",0.169510740452181,0.00149172322583045,0.53873518596107,0.184174193474845
196,"s(lastRippleV1PRE_z):DOWN_yes",0.104097727114699,0.000883137324135546,0.172182716632651,0.0775105760089645
197,"s(lastRippleV1PRE_z):DOWN_yes",0.138437886488395,0.00114021173703879,0.434250981507856,0.160406986763728
198,"s(lastRippleV1PRE_z):DOWN_yes",0.0736189614635299,0.000541437000644804,0.249157302058789,0.143813460306868
199,"s(lastRippleV1PRE_z):DOWN_yes",0.0661173228196965,0.000714337926611828,0.332048562856175,0.10320382592522
200,"s(lastRippleV1PRE_z):DOWN_yes",0.178107269176077,0.00142610305423448,0.353665201686086,0.127497790120309
201,"s(lastRippleV1PRE_z):DOWN_yes",0.0896754088175991,0.000956837568913769,0.387136255796231,0.114064835587083
202,"s(lastRippleV1PRE_z):DOWN_yes",0.115331398693725,0.00122361642709369,0.430015361719603,0.126653681723301
203,"s(lastRippleV1PRE_z):DOWN_yes",0.151937527479991,0.00160690235317598,0.515285940056902,0.151778612864747
204,"s(lastRippleV1PRE_z):DOWN_yes",0.11494233628718,0.00120898173365383,0.440090822213533,0.129611302598187
205,"s(lastRippleV1PRE_z):DOWN_yes",0.088191307462484,0.000626848863688721,0.362341440256422,0.11323016463192
206,"s(lastRippleV1PRE_z):DOWN_yes",0.101108329328655,0.000859718182866123,0.404505974390906,0.120078961675034
207,"s(lastRippleV1PRE_z):DOWN_yes",0.0974494531492169,0.0010315657821905,0.407848435333031,0.120203638968992
208,"s(lastRippleV1PRE_z):DOWN_yes",0.205271428563901,0.00159819982673572,0.375631397235153,0.145235115034721
209,"s(lastRippleV1PRE_z):DOWN_yes",0.126009374888379,0.000968544002704693,0.262456037667302,0.202602067329649
210,"s(lastRippleV1PRE_z):DOWN_yes",0.123742485844315,0.000887596789522732,0.398528380839108,0.175964695541665
211,"s(lastRippleV1PRE_z):DOWN_yes",0.160499015456544,0.00124564425813317,0.340930772092162,0.138808177809227
212,"s(lastRippleV1PRE_z):DOWN_yes",0.113092664199522,0.000952871960093157,0.311675608777613,0.107037068787835
213,"s(lastRippleV1PRE_z):DOWN_yes",0.141997935865525,0.00127837248482953,0.373244658425155,0.211111277590405
214,"s(lastRippleV1PRE_z):DOWN_yes",0.148095708277042,0.000981544832741569,0.40095300067031,0.14701443131594
215,"s(lastRippleV1PRE_z):DOWN_yes",0.0807884692437089,0.000853259405982978,0.379068748648686,0.111645641417161
216,"s(lastRippleV1PRE_z):DOWN_yes",0.117977706937049,0.00101498978583939,0.189737462478756,0.127395500406318
217,"s(lastRippleV1PRE_z):DOWN_yes",0.151317878718338,0.00159803903616007,0.49759422920679,0.146546228945653
218,"s(lastRippleV1PRE_z):DOWN_yes",0.0601440557750497,0.000646921081257516,0.307411038525258,0.0923416293166275
219,"s(lastRippleV1PRE_z):DOWN_yes",0.167073647507985,0.00107653687682535,0.476500488743794,0.152660354625947
220,"s(lastRippleV1PRE_z):DOWN_yes",0.342008960227948,0.00310251704252929,0.539663625802956,0.188050960245754
221,"s(lastRippleV1PRE_z):DOWN_yes",0.0515956810170346,0.000201480378385422,0.286052603828428,0.086448866309361
222,"s(lastRippleV1PRE_z):DOWN_yes",0.145924077855351,0.0015562314030464,0.497336203589028,0.14650109056813
223,"s(lastRippleV1PRE_z):DOWN_yes",0.213404510747146,0.00186457661718546,0.521529767362866,0.168691900194667
224,"s(lastRippleV1PRE_z):DOWN_yes",0.24212463530121,0.0019654013979398,0.510124461029563,0.251865771321
225,"s(lastRippleV1PRE_z):DOWN_yes",0.18036709395649,0.00161369960694894,0.445397200109226,0.146191949184189
226,"s(lastRippleV1PRE_z):DOWN_yes",0.0996515011756429,0.00106906855136176,0.400430472845989,0.117931363795364
227,"s(lastRippleV1PRE_z):DOWN_yes",0.146309072396297,0.0011934240229266,0.250851724726306,0.121163035399174
228,"s(lastRippleV1PRE_z):DOWN_yes",0.336967766400314,0.00305840997786136,0.584533439546305,0.210431872970778
229,"s(lastRippleV1PRE_z):DOWN_yes",0.0545394289160175,0.00056158743804514,0.298757332441103,0.0879834625705546
230,"s(lastRippleV1PRE_z):DOWN_yes",0.188618114283589,0.00169723736711311,0.547989419031518,0.165828977141884
231,"s(lastRippleV1PRE_z):DOWN_yes",0.248871610145693,0.00264336571659289,0.639215514717565,0.188258120346767
232,"s(lastRippleV1PRE_z):DOWN_yes",0.162554728098097,0.00121626189743214,0.217440066146388,0.0838159651064631
233,"s(lastRippleV1PRE_z):DOWN_yes",0.137293304974825,0.00146888281979982,0.48321125973336,0.146207721529489
234,"s(lastRippleV1PRE_z):DOWN_yes",0.0294978081690198,0.000386113049563327,0.172774263430691,0.210413430413474
235,"s(lastRippleV1PRE_z):DOWN_yes",0.131875833881866,0.00122936226403034,0.459855646449789,0.138301099606913
236,"s(lastRippleV1PRE_z):DOWN_yes",0.136547349412939,0.000941479790718239,0.355957722320514,0.119436435613893
237,"s(lastRippleV1PRE_z):DOWN_yes",0.0797158014553476,0.000846525139719654,0.359325394419585,0.106006895454286
238,"s(lastRippleV1PRE_z):DOWN_yes",0.189593627477821,0.00144517511892139,0.501866698460723,0.157238622408616
239,"s(lastRippleV1PRE_z):DOWN_yes",0.0592994644737725,0.000390045726813871,0.130461733853727,0.0519633907758673
240,"s(lastRippleV1PRE_z):DOWN_yes",0.147229927360358,0.00106712575544036,0.27779564386449,0.231268296904762
241,"s(lastRippleV1PRE_z):DOWN_yes",0.0625465471606281,0.000664280265538366,0.320220379947195,0.0943141300596684
242,"s(lastRippleV1PRE_z):DOWN_yes",0.0637111258935272,0.000553977076500582,0.340081213950803,0.102654950998422
243,"s(lastRippleV1PRE_z):DOWN_yes",0.242307870045407,0.00227652374069189,0.282807669661349,0.106173418742816
244,"s(lastRippleV1PRE_z):DOWN_yes",0.112028457465055,0.000254700644933946,0.412426387071808,0.12209856594474
245,"s(lastRippleV1PRE_z):DOWN_yes",0.225179471139719,0.00202377923172611,0.427920179677516,0.151397522017972
246,"s(lastRippleV1PRE_z):DOWN_yes",0.109091614153013,0.000659796286124477,0.436485927953644,0.128777492106688
247,"s(lastRippleV1PRE_z):DOWN_yes",0.141638805664245,0.00151113044764611,0.489601636135335,0.144212713593339
248,"s(lastRippleV1PRE_z):DOWN_yes",0.0840436566981042,0.000475995172760219,0.29226923815265,0.122991275445351
249,"s(lastRippleV1PRE_z):DOWN_yes",0.230744795709431,0.00184778470758925,0.585553312014041,0.181436814083948
250,"s(lastRippleV1PRE_z):DOWN_yes",0.129540426570808,0.000976197036149716,0.431177576850274,0.132779304098854
251,"s(lastRippleV1PRE_z):DOWN_yes",0.12427594388895,0.00130814210292918,0.452471613607476,0.133289960338068
252,"s(lastRippleV1PRE_z):DOWN_yes",0.143837871621336,0.0011735772456563,0.421355267142233,0.201920684380915
253,"s(lastRippleV1PRE_z):DOWN_yes",0.182919160029701,0.00127572750315584,0.466166887747636,0.159495495281359
254,"s(lastRippleV1PRE_z):DOWN_yes",0.191397251653448,0.000671109854747101,0.546582951898581,0.162013807899967
255,"s(lastRippleV1PRE_z):DOWN_yes",0.155925874546813,0.001303569763322,0.460622548800081,0.157838241691725
256,"s(lastRippleV1PRE_z):DOWN_yes",0.110018735888756,0.00100769746479517,0.312776974362533,0.104614448038433
257,"s(lastRippleV1PRE_z):DOWN_yes",0.175463732054561,0.00127275927580434,0.45905446200946,0.152350076755577
258,"s(lastRippleV1PRE_z):DOWN_yes",0.159523459332603,0.00118402590776268,0.475308509526195,0.151905799779778
259,"s(lastRippleV1PRE_z):DOWN_yes",0.152511583350049,0.00113402522147909,0.261303218206625,0.125482131990564
260,"s(lastRippleV1PRE_z):DOWN_yes",0.12719596541829,0.0013445466275022,0.455237278958727,0.134077707195783
261,"s(lastRippleV1PRE_z):DOWN_yes",0.151730237704522,0.0016154458057505,0.502104800309257,0.147899652843325
262,"s(lastRippleV1PRE_z):DOWN_yes",0.148054491961986,0.00156358414673783,0.490980970453971,0.144605382490058
263,"s(lastRippleV1PRE_z):DOWN_yes",0.149232287589117,0.000999246635071396,0.386074534975391,0.127546987723404
264,"s(lastRippleV1PRE_z):DOWN_yes",0.234217398679823,0.00188812512253294,0.431060638286707,0.393489619171827
265,"s(lastRippleV1PRE_z):DOWN_yes",0.206322854986268,0.0016741884378425,0.272769573527511,0.151448486112723
266,"s(lastRippleV1PRE_z):DOWN_yes",0.12702427990737,0.00134367453609686,0.449564021410181,0.132411273871984
267,"s(lastRippleV1PRE_z):DOWN_yes",0.172547251895029,0.0015016458030576,0.437641179202992,0.140257554625122
268,"s(lastRippleV1PRE_z):DOWN_yes",0.226258681428368,0.00240076275479171,0.627787090596939,0.186678928243202
269,"s(lastRippleV1PRE_z):DOWN_yes",0.0991925177241164,0.00105605311596485,0.402440875840775,0.121099061002195
270,"s(lastRippleV1PRE_z):DOWN_yes",0.191072515003147,0.00152464811157885,0.432147938866139,0.191683475840699
271,"s(lastRippleV1PRE_z):DOWN_yes",0.0981705348359627,0.000768331052639417,0.331273249711749,0.404514586369477
272,"s(lastRippleV1PRE_z):DOWN_yes",0.14581172275418,0.00153539147329514,0.489469071931563,0.144171242311117
273,"s(lastRippleV1PRE_z):DOWN_yes",0.140769234190571,0.00102120360950825,0.455838936176961,0.148447827475357
274,"s(lastRippleV1PRE_z):DOWN_yes",0.237476834170835,0.00251247953116928,0.632339848695347,0.186273056632066
275,"s(lastRippleV1PRE_z):DOWN_yes",0.100875025351566,0.00105727978569838,0.40550114798092,0.119435845389194
276,"s(lastRippleV1PRE_z):DOWN_yes",0.140147347690403,0.00118550852055976,0.260122095800358,0.0714734767363974
277,"s(lastRippleV1PRE_z):DOWN_yes",0.172869901190102,0.00183811318632845,0.530136158244605,0.156145321322653
278,"s(lastRippleV1PRE_z):DOWN_yes",0.208609149381921,0.00221583779710373,0.578227910345008,0.17054738900244
279,"s(lastRippleV1PRE_z):DOWN_yes",0.140582952177069,0.00130282808969437,0.199293905474596,0.0762514897140852
280,"s(lastRippleV1PRE_z):DOWN_yes",0.0980069708790952,0.00105281411289117,0.4030662734794,0.118735422495675
281,"s(lastRippleV1PRE_z):DOWN_yes",0.119003793170097,0.000766726697842474,0.337590792505898,0.118444557853779
282,"s(lastRippleV1PRE_z):DOWN_yes",0.309845360160614,0.00257969372867368,0.517092791693763,0.198080751828878
283,"s(lastRippleV1PRE_z):DOWN_yes",0.0788995636534269,0.000862673575301134,0.36538039787066,0.107615893241692
284,"s(lastRippleV1PRE_z):DOWN_yes",0.0610720307049339,0.000643607382111985,0.32133080402202,0.0946363665993302
285,"s(lastRippleV1PRE_z):DOWN_yes",0.190399974406606,0.00200208151974586,0.550647314454862,0.162173925475602
286,"s(lastRippleV1PRE_z):DOWN_yes",0.0930037442806295,0.000795351602305486,0.329579736459418,0.101553167798531
287,"s(lastRippleV1PRE_z):DOWN_yes",0.12120956667017,0.000953250989772474,0.387943364357861,0.234943939326667
288,"s(lastRippleV1PRE_z):DOWN_yes",0.0939621025430641,0.000577690978748154,0.255534327486733,0.0970842534733132
289,"s(lastRippleV1PRE_z):DOWN_yes",0.127765529749402,0.000988637939168776,0.197609272540666,0.066049074704453
290,"s(lastRippleV1PRE_z):DOWN_yes",0.109301634252589,0.001150874066565,0.433732025933804,0.128716241645003
291,"s(lastRippleV1PRE_z):DOWN_yes",0.130658288227391,0.00137847822481202,0.451329979989303,0.1329206943736
292,"s(lastRippleV1PRE_z):DOWN_yes",0.180399803473232,0.00127203990037792,0.508361850507759,0.216840285457703
293,"s(lastRippleV1PRE_z):DOWN_yes",0.204477313106093,0.00214008501701006,0.569431818059639,0.167706846672471
294,"s(lastRippleV1PRE_z):DOWN_yes",0.076632453810519,0.000814536677021351,0.359157855531846,0.105783871269159
295,"s(lastRippleV1PRE_z):DOWN_yes",0.0805267505211242,0.000848392231535808,0.358206967037892,0.10550187290707
296,"s(lastRippleV1PRE_z):DOWN_yes",0.0898719885764043,0.000692135112305641,0.294016553097742,0.144415472968117
297,"s(lastRippleV1PRE_z):DOWN_yes",0.0877413536410856,0.000395873236965187,0.365928561406023,0.110382676985136
298,"s(lastRippleV1PRE_z):DOWN_yes",0.217038339499426,0.00194300660822452,0.399391111355122,0.143579841355877
299,"s(lastRippleV1PRE_z):DOWN_yes",0.135540340752799,0.00144235188522612,0.466774435321645,0.138135598098409
300,"s(lastRippleV1PRE_z):DOWN_yes",0.129487840423893,0.00138701515815785,0.469190017902224,0.139049127030193
301,"s(lastRippleV1PRE_z):DOWN_yes",0.0917048060073951,0.000571521761070921,0.275314462108287,0.0932553241834128
302,"s(lastRippleV1PRE_z):DOWN_yes",0.184076719509875,0.00134174060156408,0.477795630119528,0.152676409751544
303,"s(lastRippleV1PRE_z):DOWN_yes",0.150593667852145,0.00134577097441589,0.384899899810297,0.146090963679925
304,"s(lastRippleV1PRE_z):DOWN_yes",0.173089008944152,0.00182630881613772,0.536850001447807,0.158116830713682
305,"s(lastRippleV1PRE_z):DOWN_yes",0.102646200571774,0.00108578087872538,0.411232842565665,0.121144736163109
306,"s(lastRippleV1PRE_z):DOWN_yes",0.113307010301691,0.000844501169565245,0.200172749038525,0.0847140736846457
307,"s(lastRippleV1PRE_z):DOWN_yes",0.076890916710461,0.000819949665331614,0.355080422088557,0.108040514709076
308,"s(lastRippleV1PRE_z):DOWN_yes",0.0656382346435196,0.00069786628636012,0.328513814986477,0.0967642074048714
309,"s(lastRippleV1PRE_z):DOWN_yes",0.160999885634199,0.00171570744416079,0.515978265407152,0.153019000917236
310,"s(lastRippleV1PRE_z):DOWN_yes",0.152048507360872,0.00161146865402288,0.503879349133021,0.148401253077485
311,"s(lastRippleV1PRE_z):DOWN_yes",0.166356639032985,0.00176080766279462,0.515525458986375,0.153517961930702
312,"s(lastRippleV1PRE_z):DOWN_yes",0.0885536886024427,0.000953398577677812,0.387026574826217,0.113996888909
313,"s(lastRippleV1PRE_z):DOWN_yes",0.135187334174006,0.00143360505221217,0.475345727404085,0.140026029939505
314,"s(lastRippleV1PRE_z):DOWN_yes",0.130699707764297,0.000996053532344646,0.191998874064923,0.1475770705742
315,"s(lastRippleV1PRE_z):DOWN_yes",0.102326796843751,0.00107749214770963,0.408602120559826,0.120349725487643
316,"s(lastRippleV1PRE_z):DOWN_yes",0.144051270925172,0.00118687439980345,0.439054783920053,0.214408272011341
317,"s(lastRippleV1PRE_z):DOWN_yes",0.14956908951465,0.00157854882177826,0.491564523713735,0.145006899657929
318,"s(lastRippleV1PRE_z):DOWN_yes",0.131024350185725,0.000450265074229656,0.452175953319668,0.134897148167657
319,"s(lastRippleV1PRE_z):DOWN_yes",0.12897031224632,0.000890657949637523,0.443990176777739,0.149928462846631
320,"s(lastRippleV1PRE_z):DOWN_yes",0.182525250417975,0.00166238449214146,0.289036821044931,0.108017175637625
321,"s(lastRippleV1PRE_z):DOWN_yes",0.170618468025228,0.00129036414357831,0.495502212407404,0.150726435804656
322,"s(lastRippleV1PRE_z):DOWN_yes",0.10080950748145,0.00107046450167354,0.410900652230274,0.121038437114417
323,"s(lastRippleV1PRE_z):DOWN_yes",0.0539569764218211,0.000571823898650878,0.296976050027057,0.087464911582872
324,"s(lastRippleV1PRE_z):DOWN_yes",0.109603138777505,0.000965311042104076,0.222105090892641,0.0804313912428319
325,"s(lastRippleV1PRE_z):DOWN_yes",0.18214551741691,0.00157640077145532,0.537288706804422,0.159494329469021
326,"s(lastRippleV1PRE_z):DOWN_yes",0.179579723136435,0.00135796270287766,0.252767390838765,0.107640093183641
327,"s(lastRippleV1PRE_z):DOWN_yes",0.10515393022618,0.00110985789008904,0.409421836398371,0.12060074280407
328,"s(lastRippleV1PRE_z):DOWN_yes",0.152977187088062,0.00162857647952932,0.506735813612166,0.149253927371918
329,"s(lastRippleV1PRE_z):DOWN_yes",0.142722838635351,0.00152712888147435,0.479052535863382,0.141083566066929
330,"s(lastRippleV1PRE_z):DOWN_yes",0.163222149551648,0.000162264677584592,0.509506120769043,0.150389272198423
331,"s(lastRippleV1PRE_z):DOWN_yes",0.130039753164835,0.000610157603193761,0.448449332024316,0.134599889956273
332,"s(lastRippleV1PRE_z):DOWN_yes",0.167576073263381,0.00130025290202063,0.3633560025644,0.173943592142774
333,"s(lastRippleV1PRE_z):DOWN_yes",0.133916816029219,0.00141860481758166,0.464531577887589,0.136816913288143
334,"s(lastRippleV1PRE_z):DOWN_yes",0.277219264968538,0.00261628886626032,0.595641859361165,0.203934950722556
335,"s(lastRippleV1PRE_z):DOWN_yes",0.0941479960623486,0.000992322583515056,0.397136248452193,0.116994767416467
336,"s(lastRippleV1PRE_z):DOWN_yes",0.203781538840391,0.00141654686930947,0.473958954467031,0.168900112747512
337,"s(lastRippleV1PRE_z):DOWN_yes",0.131906729825915,0.000703110948749596,0.46035273199922,0.138951387117042
338,"s(lastRippleV1PRE_z):DOWN_yes",0.22731854564746,0.00217150700920742,0.620458978204828,0.183683891665331
339,"s(lastRippleV1PRE_z):DOWN_yes",0.159115474390599,0.00117676804882473,0.346745270729403,0.138456385906256
340,"s(lastRippleV1PRE_z):DOWN_yes",0.0893974250413034,0.000939858587312987,0.374825849937548,0.110400577947427
341,"s(lastRippleV1PRE_z):DOWN_yes",0.0918598157020014,0.000975442096231414,0.389458823978748,0.11470667498494
342,"s(lastRippleV1PRE_z):DOWN_yes",0.143429851883683,0.00152593026454387,0.491000549252718,0.144611708645541
343,"s(lastRippleV1PRE_z):DOWN_yes",0.100032411247656,0.00106149725599198,0.403586741785484,0.118874926025172
344,"s(lastRippleV1PRE_z):DOWN_yes",0.070069680178487,0.000744951809942449,0.340053030129107,0.100154784410183
345,"s(lastRippleV1PRE_z):DOWN_yes",0.14677004143079,0.00129490038008146,0.459225343446698,0.142265701826076
346,"s(lastRippleV1PRE_z):DOWN_yes",0.157824851763687,0.00102809519130858,0.532354736866997,0.168834611134181
347,"s(lastRippleV1PRE_z):DOWN_yes",0.0883619427796862,0.000614787527526363,0.176816614644709,0.0748485304288489
348,"s(lastRippleV1PRE_z):DOWN_yes",0.219143741136546,0.00191070196837479,0.518888935567153,0.179189071581827
349,"s(lastRippleV1PRE_z):DOWN_yes",0.165919720104732,0.00125866634757891,0.252379080986629,0.101306138839084
350,"s(lastRippleV1PRE_z):DOWN_yes",0.167328934702821,0.00109194243656432,0.461961910856796,0.152732137764774
351,"s(lastRippleV1PRE_z):DOWN_yes",0.122411285069578,0.000931780970240418,0.240580197247625,0.154696425470622
352,"s(lastRippleV1PRE_z):DOWN_yes",0.294033264077005,0.0026499064964325,0.553113974827071,0.190156358987799
353,"s(lastRippleV1PRE_z):DOWN_yes",0.105947035810706,0.000657025130002862,0.457672099425749,0.159295557596635
354,"s(lastRippleV1PRE_z):DOWN_yes",0.136661907166897,0.000998102589894006,0.415171648663767,0.131116486615578
355,"s(lastRippleV1PRE_z):DOWN_yes",0.145912654466803,0.00128106093613028,0.468374001957963,0.147717443295708
356,"s(lastRippleV1PRE_z):DOWN_yes",0.203016393237771,0.00140951462821167,0.481842655477662,0.155200320991728
357,"s(lastRippleV1PRE_z):DOWN_yes",0.166271625477497,0.00143291578718337,0.528857533807693,0.157786429601039
358,"s(lastRippleV1PRE_z):DOWN_yes",0.165408699058868,0.00112407594056422,0.483662235828389,0.159021699390955
359,"s(lastRippleV1PRE_z):DOWN_yes",0.160953080985219,0.00112621100867774,0.535089163566275,0.161380852799304
360,"s(lastRippleV1PRE_z):DOWN_yes",0.0892890039820173,0.000763550649563216,0.231714613090969,0.0911677167879617
361,"s(lastRippleV1PRE_z):DOWN_yes",0.0935114762355251,0.000992904524509694,0.393465038827197,0.115879324495851
362,"s(lastRippleV1PRE_z):DOWN_yes",0.0614033405001022,0.000648177708376403,0.317471410939458,0.0935131102698649
363,"s(lastRippleV1PRE_z):DOWN_yes",0.129947985943985,0.00137432733034837,0.459392782135755,0.135295787845428
364,"s(lastRippleV1PRE_z):DOWN_yes",0.257948984799929,0.00223311679050365,0.591443324646775,0.182911532603706
365,"s(lastRippleV1PRE_z):DOWN_yes",0.0685032475654959,0.000732948884420403,0.343394658785016,0.101147939812088
366,"s(lastRippleV1PRE_z):DOWN_yes",0.102083470068339,0.00103920424217004,0.421770330895443,0.124352499937329
367,"s(lastRippleV1PRE_z):DOWN_yes",0.153304249383985,0.0016214471671534,0.488470792591927,0.143897727755832
368,"s(lastRippleV1PRE_z):DOWN_yes",0.139811115736309,0.000969978311756832,0.483867712254855,0.150174754158307
369,"s(lastRippleV1PRE_z):DOWN_yes",0.173258075555061,0.00186341320014111,0.528436586622628,0.156479180517226
370,"s(lastRippleV1PRE_z):DOWN_yes",0.103889320403628,0.000897814452308477,0.395810558802617,0.293776312850299
371,"s(lastRippleV1PRE_z):DOWN_yes",0.19776545804918,0.00154268104062219,0.403006910432522,0.161223903176028
372,"s(lastRippleV1PRE_z):DOWN_yes",0.126356777682537,0.000840047997153568,0.431680642477185,0.134725618284828
373,"s(lastRippleV1PRE_z):DOWN_yes",0.254203378804893,0.00202192664394599,0.336505251896877,0.132666742604165
374,"s(lastRippleV1PRE_z):DOWN_yes",0.139086985997349,0.000862174925571948,0.439382322320109,0.158098371108006
375,"s(lastRippleV1PRE_z):DOWN_yes",0.169226628600122,0.00180285992143609,0.525960179804675,0.157217555216887
376,"s(lastRippleV1PRE_z):DOWN_yes",0.181544409651297,0.00195918604181422,0.552050360850259,0.185495165269018
377,"s(lastRippleV1PRE_z):DOWN_yes",0.216561049512491,0.00256602370031646,0.593798805715111,0.382716461845771
378,"s(lastRippleV1PRE_z):DOWN_yes",0.114078762838569,0.000784074698561556,0.434929983612131,0.130406108383392
379,"s(lastRippleV1PRE_z):DOWN_yes",0.137447073903752,0.000857680506638841,0.401644263360418,0.134520675960305
380,"s(lastRippleV1PRE_z):DOWN_yes",0.113189321916672,0.00121702829522558,0.43560173576075,0.129164869965066
381,"s(lastRippleV1PRE_z):DOWN_yes",0.21600292533492,0.00227650068555848,0.592261677874619,0.174456528763035
382,"s(lastRippleV1PRE_z):DOWN_yes",0.292454516149923,0.00235071198741023,0.483436770580267,0.22080594273458
383,"s(lastRippleV1PRE_z):DOWN_yes",0.187522630670646,0.00149296554426049,0.291230220995408,0.119234126228052
384,"s(lastRippleV1PRE_z):DOWN_yes",0.234774782691855,0.00189658773331745,0.48119188242382,0.249109185640197
385,"s(lastRippleV1PRE_z):DOWN_yes",0.10288711095839,0.00108176520428605,0.411307802574414,0.121139877000615
386,"s(lastRippleV1PRE_z):DOWN_yes",0.152607691847911,0.00163365278483138,0.503735362432797,0.148366872239254
387,"s(lastRippleV1PRE_z):DOWN_yes",0.0845179419430204,0.000895254231202853,0.369989150747071,0.10896455475316
388,"s(lastRippleV1PRE_z):DOWN_yes",0.221687132973607,0.00152145913304946,0.558149052691667,0.190499659510704
389,"s(lastRippleV1PRE_z):DOWN_yes",0.130502903589383,0.00107864164901112,0.378012557584146,0.120264496611016
390,"s(lastRippleV1PRE_z):DOWN_yes",0.184196883566274,0.00194509570681561,0.562463602139141,0.165689671539091
391,"s(lastRippleV1PRE_z):DOWN_yes",0.103808278599971,0.00109799406092414,0.411447364042928,0.12120441511269
392,"s(lastRippleV1PRE_z):DOWN_yes",0.0839303491284031,0.000885204756952027,0.368202020182593,0.108440193238135
393,"s(lastRippleV1PRE_z):DOWN_yes",0.189085330432601,0.00198526220378106,0.53387571518518,0.157231115954094
394,"s(lastRippleV1PRE_z):DOWN_yes",0.165784816094056,0.00145309092595939,0.431119597014733,0.144307456151943
395,"s(lastRippleV1PRE_z):DOWN_yes",0.0809977219708395,0.000867654428548635,0.359529904209927,0.105891430010304
396,"s(lastRippleV1PRE_z):DOWN_yes",0.0794750010457923,0.000837531058297487,0.358051217691086,0.105453904391906
397,"s(lastRippleV1PRE_z):DOWN_yes",0.133862064600991,0.00143376351665011,0.47415109899712,0.142086875369431
398,"s(lastRippleV1PRE_z):DOWN_yes",0.126864250708169,0.000905855656723343,0.239864648556949,0.136924839330217
399,"s(lastRippleV1PRE_z):DOWN_yes",0.197652914608889,0.00174403385644279,0.381939934947668,0.132136643289717
400,"s(lastRippleV1PRE_z):DOWN_yes",0.189288800178869,0.00163459374826539,0.547722658841717,0.16259533283424
401,"s(lastRippleV1PRE_z):DOWN_yes",0.0877983014689807,0.000932257817072067,0.380481930046734,0.114023552092618
402,"s(lastRippleV1PRE_z):DOWN_yes",0.169886216609787,0.00179449138732383,0.516405518610266,0.152085714395836
403,"s(lastRippleV1PRE_z):DOWN_yes",0.101391439616492,0.00108206429660549,0.407232355445702,0.119945894361575
404,"s(lastRippleV1PRE_z):DOWN_yes",0.142866572226379,0.00109705151996701,0.242769977053245,0.111908001986305
405,"s(lastRippleV1PRE_z):DOWN_yes",0.14474672795297,0.00149594578817096,0.493346278938936,0.145309177636177
406,"s(lastRippleV1PRE_z):DOWN_yes",0.268917685586237,0.00284136324831421,0.669715690463594,0.197284984297489
407,"s(lastRippleV1PRE_z):DOWN_yes",0.0730225999885299,0.000777382653265783,0.345433338067318,0.101739520988113
408,"s(lastRippleV1PRE_z):DOWN_yes",0.299073096473808,0.00313961028462366,0.693418358907191,0.204299178019037
409,"s(lastRippleV1PRE_z):DOWN_yes",0.0778917842101245,0.000656426858919873,0.326373208722365,0.289622306948954
410,"s(lastRippleV1PRE_z):DOWN_yes",0.204713214028583,0.00154256360039143,0.519016356043894,0.166130934079175
411,"s(lastRippleV1PRE_z):DOWN_yes",0.0920116627681944,0.000569237734189591,0.301248336087638,0.134189265298679
412,"s(lastRippleV1PRE_z):DOWN_yes",0.151132011996223,0.00132232917143303,0.482651502407638,0.143597347564205
413,"s(lastRippleV1PRE_z):DOWN_yes",0.191446467086879,0.0020237243919122,0.562801837055987,0.166948936184903
414,"s(lastRippleV1PRE_z):DOWN_yes",0.0920044440344743,0.00097365831869346,0.393054819189637,0.115768821340721
415,"s(lastRippleV1PRE_z):DOWN_yes",0.0918407538365447,0.000973512262374345,0.388433746309874,0.11439986515433
416,"s(lastRippleV1PRE_z):DOWN_yes",0.121316901114404,0.00108511749498531,0.383660564415276,0.121218462501635
417,"s(lastRippleV1PRE_z):DOWN_yes",0.104774807700659,0.000696437569165208,0.28610575152609,0.1247359784258
418,"s(lastRippleV1PRE_z):DOWN_yes",0.281351811988278,0.00251597105828554,0.478619753558649,0.408237544126304
419,"s(lastRippleV1PRE_z):DOWN_yes",0.0597621516115288,0.0005901982923364,0.296288924613868,0.0893463787462638
420,"s(lastRippleV1PRE_z):DOWN_yes",0.122074983036419,0.00135940742196211,0.443787018893306,0.174470747286433
421,"s(lastRippleV1PRE_z):DOWN_yes",0.197884342443738,0.0016069022777665,0.448881803618362,0.334835787790145
422,"s(lastRippleV1PRE_z):DOWN_yes",0.0964668892371527,0.000638165705670623,0.381022600301284,0.114420172519886
423,"s(lastRippleV1PRE_z):DOWN_yes",0.144767718943339,0.000568498626959993,0.493142286416542,0.146475436495596
424,"s(lastRippleV1PRE_z):DOWN_yes",0.0333822360274265,6.45038495103376e-05,0.229673122178612,0.0679053487871019
425,"s(lastRippleV1PRE_z):DOWN_yes",0.197556931489606,0.00130564108020606,0.47378111073837,0.159814443359327
426,"s(lastRippleV1PRE_z):DOWN_yes",0.152994369026144,0.00106169006831019,0.380599724575783,0.140682630763025
427,"s(lastRippleV1PRE_z):DOWN_yes",0.233329917044097,0.0019281551973263,0.267164383333452,0.112143681171411
428,"s(lastRippleV1PRE_z):DOWN_yes",0.231828278527892,0.0021087775250104,0.64186932791583,0.18609269399648
429,"s(lastRippleV1PRE_z):DOWN_yes",0.101737130268173,0.000703782138668827,0.164488166576345,0.128105282096414
430,"s(lastRippleV1PRE_z):DOWN_yes",0.140170446131362,0.0010632457121466,0.450740699386247,0.142183116441921
431,"s(lastRippleV1PRE_z):DOWN_yes",0.0678901026598417,0.000567815640484174,0.280051498737973,0.0905149785115767
432,"s(lastRippleV1PRE_z):DOWN_yes",0.120766015121791,0.000914995571770073,0.345007343743796,0.250955662541116
433,"s(lastRippleV1PRE_z):DOWN_yes",0.0536297024386565,0.000569895303374325,0.300379080633876,0.0884700219628264
434,"s(lastRippleV1PRE_z):DOWN_yes",0.0787536512706302,0.000658895123042426,0.345091704384539,0.123719273249695
435,"s(lastRippleV1PRE_z):DOWN_yes",0.106982801540623,0.00111952802037151,0.423672078405029,0.124782401142907
436,"s(lastRippleV1PRE_z):DOWN_yes",0.339356882971406,0.00266356683234197,0.610892981894742,0.197620695791164
437,"s(lastRippleV1PRE_z):DOWN_yes",0.244972729622295,0.00184073089573637,0.614935099299232,0.184117097244687
438,"s(lastRippleV1PRE_z):DOWN_yes",0.166402692868039,0.0013501897924784,0.465060437591584,0.28338262683175
439,"s(lastRippleV1PRE_z):DOWN_yes",0.193609550077952,0.0014005346356358,0.426884597008895,0.164919841782186
440,"s(lastRippleV1PRE_z):DOWN_yes",0.164150700740132,0.00113649575741681,0.470822636188915,0.170335627895222
441,"s(lastRippleV1PRE_z):DOWN_yes",0.129468962512175,0.00138013181612381,0.464871102884722,0.136978023260788
442,"s(lastRippleV1PRE_z):DOWN_yes",0.16565932502481,0.0017671439498522,0.524665833709446,0.158189464972763
443,"s(lastRippleV1PRE_z):DOWN_yes",0.128553716215699,0.000795990508695427,0.45162680647851,0.134270600683289
444,"s(lastRippleV1PRE_z):DOWN_yes",0.191321466291958,0.00203727148130295,0.551309724008738,0.162846406634517
445,"s(lastRippleV1PRE_z):DOWN_yes",0.0518982997275907,0.000554700636861073,0.295704000399056,0.0870871567517678
446,"s(lastRippleV1PRE_z):DOWN_yes",0.0406910581519337,0.000431185556995108,0.256783945086665,0.0758472203075026
447,"s(lastRippleV1PRE_z):DOWN_yes",0.141362384525903,0.00149214469128305,0.479182322287795,0.142131683231629
448,"s(lastRippleV1PRE_z):DOWN_yes",0.0841906193816504,0.00034161616365194,0.362819943857119,0.107714498667179
449,"s(lastRippleV1PRE_z):DOWN_yes",0.095796408675918,0.000840972789317004,0.383529653221044,0.113918129435995
450,"s(lastRippleV1PRE_z):DOWN_yes",0.195164365348416,0.00203513455381317,0.577437108713581,0.170152377970796
451,"s(lastRippleV1PRE_z):DOWN_yes",0.113048122016181,0.00119803285798806,0.429875095154384,0.126602884418487
452,"s(lastRippleV1PRE_z):DOWN_yes",0.0716825890512913,0.000768814248530485,0.338826855786023,0.104954770688203
453,"s(lastRippleV1PRE_z):DOWN_yes",0.165335884121305,0.00144509214622635,0.307932039799039,0.105995853610543
454,"s(lastRippleV1PRE_z):DOWN_yes",0.127547355808165,0.000850379634832021,0.332503024667737,0.138799423885895
455,"s(lastRippleV1PRE_z):DOWN_yes",0.0883919317659361,0.000636689309313533,0.157849640719856,0.103442792525199
456,"s(lastRippleV1PRE_z):DOWN_yes",0.174848558512346,0.00121661040542259,0.513720294390888,0.172284259258855
457,"s(lastRippleV1PRE_z):DOWN_yes",0.111811409650122,0.000920651231138652,0.433683606495256,0.147032959708868
458,"s(lastRippleV1PRE_z):DOWN_yes",0.121977357737847,0.00129593819880946,0.449575039591561,0.132412838253926
459,"s(lastRippleV1PRE_z):DOWN_yes",0.256278169047135,0.00226519244563274,0.511960508734998,0.169137717134789
460,"s(lastRippleV1PRE_z):DOWN_yes",0.176590980641134,0.0012937795132079,0.454302432204542,0.147349093622318
461,"s(lastRippleV1PRE_z):DOWN_yes",0.05115023157457,0.000549987863374609,0.284278217985129,0.0873970947549293
462,"s(lastRippleV1PRE_z):DOWN_yes",0.186667343813031,0.00142678463896538,0.510182499125342,0.158899553315002
463,"s(lastRippleV1PRE_z):DOWN_yes",0.264754192776583,0.00200858063106795,0.558561062115267,0.216467563608593
464,"s(lastRippleV1PRE_z):DOWN_yes",0.20018047139938,0.0015473584469024,0.362095537019792,0.174088136469796
465,"s(lastRippleV1PRE_z):DOWN_yes",0.216699114404075,0.00229690805293694,0.594669458911097,0.17513397197767
466,"s(lastRippleV1PRE_z):DOWN_yes",0.0932166620089321,0.000980907361520258,0.388260993279837,0.114355668522134
467,"s(lastRippleV1PRE_z):DOWN_yes",0.0522641766035772,0.000848293200694867,0.29400789209501,0.443850328939458
468,"s(lastRippleV1PRE_z):DOWN_yes",0.133656902444152,0.000894410918315902,0.438471024935783,0.136318511508243
469,"s(lastRippleV1PRE_z):DOWN_yes",0.131394747957224,0.00139420024126359,0.4591642117862,0.135257679522975
470,"s(lastRippleV1PRE_z):DOWN_yes",0.126546069623561,0.000986303431664476,0.392717848460683,0.188966067511083
471,"s(lastRippleV1PRE_z):DOWN_yes",0.154985068277606,0.0016316011359144,0.505754030865983,0.14895007141604
472,"s(lastRippleV1PRE_z):DOWN_yes",0.12842604127549,0.00126480149740641,0.440075243730141,0.204861900302392
473,"s(lastRippleV1PRE_z):DOWN_yes",0.10111150545197,0.000423919624386792,0.39583354988922,0.119359717954326
474,"s(lastRippleV1PRE_z):DOWN_yes",0.0397810477219736,0.000409521189422867,0.257422373916312,0.0758214815643631
475,"s(lastRippleV1PRE_z):DOWN_yes",0.0981599368580683,0.000863468781834274,0.346397175793194,0.158269303140084
476,"s(lastRippleV1PRE_z):DOWN_yes",0.119421330831355,0.000771568153688288,0.426302399293991,0.131300508987082
477,"s(lastRippleV1PRE_z):DOWN_yes",0.120812995061112,0.00127177798014787,0.454967988357872,0.134011930602517
478,"s(lastRippleV1PRE_z):DOWN_yes",0.0846236683843902,0.000905191068978573,0.377630690330077,0.111258572160619
479,"s(lastRippleV1PRE_z):DOWN_yes",0.202402783175661,0.00141899862352111,0.461949610478259,0.170634472374819
480,"s(lastRippleV1PRE_z):DOWN_yes",0.104356814229869,0.000563074130839005,0.403719532825387,0.120016813028822
481,"s(lastRippleV1PRE_z):DOWN_yes",0.182513078421933,0.00129247615714987,0.55024954604079,0.165869131178295
482,"s(lastRippleV1PRE_z):DOWN_yes",0.170271812025539,0.00123365847918857,0.470473692643623,0.209257390793658
483,"s(lastRippleV1PRE_z):DOWN_yes",0.18274898980382,0.00197034862991703,0.555477931689264,0.169116297644968
484,"s(lastRippleV1PRE_z):DOWN_yes",0.114948014995207,0.00121656868329808,0.437996482779465,0.128994404631372
485,"s(lastRippleV1PRE_z):DOWN_yes",0.125572076542356,0.000952054210904686,0.417443840644222,0.131979673547354
486,"s(lastRippleV1PRE_z):DOWN_yes",0.0877650773173251,0.000937550166978456,0.369095463201321,0.108709256497029
487,"s(lastRippleV1PRE_z):DOWN_yes",0.253753397044222,0.00210512113522602,0.37933582727705,0.147635356606557
488,"s(lastRippleV1PRE_z):DOWN_yes",0.035056724248685,0.000197034441659646,0.205189905009749,0.07456025028361
489,"s(lastRippleV1PRE_z):DOWN_yes",0.169832638654061,0.00152789770824378,0.5299116346532,0.616668706761082
490,"s(lastRippleV1PRE_z):DOWN_yes",0.220015846725895,0.00192213892823954,0.596492566147013,0.178999465300841
491,"s(lastRippleV1PRE_z):DOWN_yes",0.069846537262702,0.000444110188643523,0.14715341039225,0.0934756182365599
492,"s(lastRippleV1PRE_z):DOWN_yes",0.19477106199668,0.00167396514121875,0.425888550731705,0.127400325539702
493,"s(lastRippleV1PRE_z):DOWN_yes",0.156096140437779,0.00117314485974703,0.230944581153037,0.0918522306196828
494,"s(lastRippleV1PRE_z):DOWN_yes",0.119185484848589,0.000819769373163551,0.284481914826256,0.114477941856698
495,"s(lastRippleV1PRE_z):DOWN_yes",0.168081081882884,0.00185948272132271,0.540309875043086,0.186121527061349
496,"s(lastRippleV1PRE_z):DOWN_yes",0.107564474213787,0.000165877115739134,0.41369253805605,0.122428718810025
497,"s(lastRippleV1PRE_z):DOWN_yes",0.127355408339246,0.0011284109911128,0.281537759270442,0.0947911985691969
498,"s(lastRippleV1PRE_z):DOWN_yes",0.101765542537627,0.0010779851776592,0.409114602875525,0.12049179103447
499,"s(lastRippleV1PRE_z):DOWN_yes",0.134671543644429,0.00143569477243995,0.474967826117575,0.139922042083382
500,"s(lastRippleV1PRE_z):DOWN_yes",0.111398008648427,0.000753458863361841,0.326322181787795,0.112750076145474
501,"s(lastRippleV1PRE_z):DOWN_yes",0.169049929215265,0.00179500550814087,0.526219209603641,0.154985579015944
502,"s(lastRippleV1PRE_z):DOWN_yes",0.147429969157666,0.00155524173206721,0.491614685457412,0.144784459412546
503,"s(lastRippleV1PRE_z):DOWN_yes",0.197167318364285,0.00173730660350067,0.47345555916467,0.153160751148854
504,"s(lastRippleV1PRE_z):DOWN_yes",0.232116216601091,0.00247113713278872,0.624760362459406,0.18416369774049
505,"s(lastRippleV1PRE_z):DOWN_yes",0.206913078366302,0.00219114447297205,0.577148515081572,0.169988182493773
506,"s(lastRippleV1PRE_z):DOWN_yes",0.141106649552881,0.00126079619095171,0.467474456735534,0.221858445804678
507,"s(lastRippleV1PRE_z):DOWN_yes",0.147551829941031,0.00120734357482938,0.360392560973825,0.130497192817356
508,"s(lastRippleV1PRE_z):DOWN_yes",0.114859362574716,0.00101751274961001,0.368912865523747,0.124657290807924
509,"s(lastRippleV1PRE_z):DOWN_yes",0.17965737866027,0.0013785975708909,0.393586992559653,0.157424714261602
510,"s(lastRippleV1PRE_z):DOWN_yes",0.0599838505175114,0.000637743946066869,0.310604667618372,0.0914788430860635
511,"s(lastRippleV1PRE_z):DOWN_yes",0.208256500521362,0.0015385885860835,0.490973642108888,0.155417731418826
512,"s(lastRippleV1PRE_z):DOWN_yes",0.150742451456014,0.00102051012008516,0.385566146527613,0.14455423334511
513,"s(lastRippleV1PRE_z):DOWN_yes",0.169037848383084,0.00132540942683511,0.526456030950122,0.161451859068294
514,"s(lastRippleV1PRE_z):DOWN_yes",0.137539258148492,0.00145799544609957,0.479433348887633,0.141198959353015
515,"s(lastRippleV1PRE_z):DOWN_yes",0.177302679370359,0.00150540630158179,0.571042686458542,0.414568461898746
516,"s(lastRippleV1PRE_z):DOWN_yes",0.107893632315634,0.00114276013034779,0.425374342696257,0.125288835934892
517,"s(lastRippleV1PRE_z):DOWN_yes",0.0415478839940677,0.000113239069706233,0.255884980214935,0.0767636252156378
518,"s(lastRippleV1PRE_z):DOWN_yes",0.152296680326744,0.00154080329005559,0.496927249433817,0.155615081586862
519,"s(lastRippleV1PRE_z):DOWN_yes",0.128066962110998,0.000848954403531936,0.325054299011492,0.12127907071741
520,"s(lastRippleV1PRE_z):DOWN_yes",0.110988926587536,0.000775684650822204,0.347265634179753,0.114842310165054
521,"s(lastRippleV1PRE_z):DOWN_yes",0.134053249570742,0.00108322527636869,0.355474705627484,0.381202660589484
522,"s(lastRippleV1PRE_z):DOWN_yes",0.112809448410624,0.00113875529103216,0.414469978236548,0.123089563304984
523,"s(lastRippleV1PRE_z):DOWN_yes",0.104329774305003,0.000756781075826429,0.308909366098311,0.126235190259299
524,"s(lastRippleV1PRE_z):DOWN_yes",0.229743331071347,0.00149386690814203,0.590657658205807,0.1789528666379
525,"s(lastRippleV1PRE_z):DOWN_yes",0.101325494933624,0.0010581009190679,0.402427959862439,0.11854197840959
526,"s(lastRippleV1PRE_z):DOWN_yes",0.141007851208093,0.00126930933874356,0.229635812587896,0.0959840372391934
527,"s(lastRippleV1PRE_z):DOWN_yes",0.11360136272917,0.00120525303137326,0.440308130112588,0.129685745622684
528,"s(lastRippleV1PRE_z):DOWN_yes",0.150323016872914,0.000981814102000183,0.482292949402962,0.174603190032464
529,"s(lastRippleV1PRE_z):DOWN_yes",0.190127340488322,0.00171077076781236,0.592845687850425,0.169993249069166
530,"s(lastRippleV1PRE_z):DOWN_yes",0.178415691098371,0.00131691633508864,0.509726908995861,0.16356655542002
531,"s(lastRippleV1PRE_z):DOWN_yes",0.182095236923008,0.00193317973035273,0.544909273943545,0.160517722231284
532,"s(lastRippleV1PRE_z):DOWN_yes",0.101109993642329,0.00106872134612993,0.411818358700849,0.12143725290515
533,"s(lastRippleV1PRE_z):DOWN_yes",0.134440951426924,0.000163842007720045,0.468089313092502,0.138100810380858
534,"s(lastRippleV1PRE_z):DOWN_yes",0.181087223598102,0.00192086145504518,0.54248579247769,0.162445779026795
535,"s(lastRippleV1PRE_z):DOWN_yes",0.214089108624849,0.00195250704412595,0.555926684637568,0.180217498264889
536,"s(lastRippleV1PRE_z):DOWN_yes",0.119266978191634,0.0012559682322342,0.441533231676884,0.13004399819891
537,"s(lastRippleV1PRE_z):DOWN_yes",0.10244288300341,0.00108741170250175,0.408769226296628,0.120555804724054
538,"s(lastRippleV1PRE_z):DOWN_yes",0.114182448605549,0.000638825486953823,0.425648199878616,0.128349606844436
539,"s(lastRippleV1PRE_z):DOWN_yes",0.10221436718027,0.0010802211926532,0.416485658204282,0.122690604778567
540,"s(lastRippleV1PRE_z):DOWN_yes",0.108047833804345,0.0011466981881645,0.422574120287541,0.126792254081847
541,"s(lastRippleV1PRE_z):DOWN_yes",0.133713982741418,0.00140541631986861,0.468103103985672,0.137864394318205
542,"s(lastRippleV1PRE_z):DOWN_yes",0.0949296282610472,0.000998182414529515,0.389000794655946,0.114572873945695
543,"s(lastRippleV1PRE_z):DOWN_yes",0.184610197353572,0.00143699642222798,0.343059861398905,0.145295522812824
544,"s(lastRippleV1PRE_z):DOWN_yes",0.214903479469595,0.00227074767476103,0.599753723910793,0.176702373861059
545,"s(lastRippleV1PRE_z):DOWN_yes",0.136957757151406,0.00120145091645192,0.421229119696115,0.130682776545857
546,"s(lastRippleV1PRE_z):DOWN_yes",0.168893422238346,0.00131819702325489,0.367290810174775,0.213903251605089
547,"s(lastRippleV1PRE_z):DOWN_yes",0.234764472416871,0.00212709753124515,0.439287298944017,0.173950199391245
548,"s(lastRippleV1PRE_z):DOWN_yes",0.181604011184792,0.00141498436751096,0.283724725932405,0.113794018669655
549,"s(lastRippleV1PRE_z):DOWN_yes",0.163302442995709,0.00172021084016889,0.516238666928035,0.152049876386048
550,"s(lastRippleV1PRE_z):DOWN_yes",0.109815012570116,0.00116239494269802,0.426568319162619,0.125628843981363
551,"s(lastRippleV1PRE_z):DOWN_yes",0.244465631545838,0.00147328007263218,0.610711689209756,0.181663366181133
552,"s(lastRippleV1PRE_z):DOWN_yes",0.122612006137236,0.00129528547851449,0.447571404888609,0.131819074283908
553,"s(lastRippleV1PRE_z):DOWN_yes",0.158775359497534,0.00105699987018144,0.428878425202409,0.178303466070092
554,"s(lastRippleV1PRE_z):DOWN_yes",0.159267439692355,0.00151502980349612,0.216337641350123,0.0724553799491784
555,"s(lastRippleV1PRE_z):DOWN_yes",0.208204925276536,0.00219047735819557,0.590616523835894,0.173979905538839
556,"s(lastRippleV1PRE_z):DOWN_yes",0.0851833069213059,0.000688735697467208,0.275802045042018,0.0915679524328646
557,"s(lastRippleV1PRE_z):DOWN_yes",0.109402868486743,0.00116421847463665,0.427192346222476,0.125872077233734
558,"s(lastRippleV1PRE_z):DOWN_yes",0.133346433125257,0.000526093839672314,0.459713699882268,0.136718848699816
559,"s(lastRippleV1PRE_z):DOWN_yes",0.196763154931899,0.00175872213191371,0.573410675633717,0.169633679448236
560,"s(lastRippleV1PRE_z):DOWN_yes",0.169447619713893,0.00111785290480164,0.499497800962081,0.190030207231003
561,"s(lastRippleV1PRE_z):DOWN_yes",0.194946397121575,0.00131352187527761,0.564785465943956,0.198034830010288
562,"s(lastRippleV1PRE_z):DOWN_yes",0.0941588855891426,0.00099764453416614,0.386076987407488,0.113724848340548
563,"s(lastRippleV1PRE_z):DOWN_yes",0.0861637928637933,0.000912813714535048,0.38226830056507,0.114003207570197
564,"s(lastRippleV1PRE_z):DOWN_yes",0.156904842232458,0.0012068646789622,0.279749325897044,0.113311558689217
565,"s(lastRippleV1PRE_z):DOWN_yes",0.0759604851097064,0.000806917436247462,0.356491958143058,0.105012648651812
566,"s(lastRippleV1PRE_z):DOWN_yes",0.173547064009001,0.00184993829088491,0.544260959303147,0.160349794373976
567,"s(lastRippleV1PRE_z):DOWN_yes",0.101762580059968,0.00108181442520116,0.405092596765684,0.121103834859974
568,"s(lastRippleV1PRE_z):DOWN_yes",0.0640362134839307,0.000387336646273669,0.293422255402992,0.0922534893242553
569,"s(lastRippleV1PRE_z):DOWN_yes",0.133517607322458,0.00111466630919352,0.463336911170033,0.136610416098921
570,"s(lastRippleV1PRE_z):DOWN_yes",0.136827696197805,0.0011425062006608,0.453885746005111,0.135399101812968
571,"s(lastRippleV1PRE_z):DOWN_yes",0.107241862802214,0.000852824412742885,0.338156955223621,0.287708400956433
572,"s(lastRippleV1PRE_z):DOWN_yes",0.118124764349457,0.0012474277250164,0.440119693635006,0.137513197788154
573,"s(lastRippleV1PRE_z):DOWN_yes",0.125089025664746,0.000920354548814874,0.24127652128077,0.104485562392695
574,"s(lastRippleV1PRE_z):DOWN_yes",0.121442580157479,0.00127887950212565,0.43428944874319,0.127917477102094
575,"s(lastRippleV1PRE_z):DOWN_yes",0.183176902306641,0.000543969832810279,0.538425819861497,0.159525252939965
576,"s(lastRippleV1PRE_z):DOWN_yes",0.171784023493801,0.00181996228380871,0.536386864555462,0.160932477175761
577,"s(lastRippleV1PRE_z):DOWN_yes",0.252722232609286,0.00132010253638736,0.61758103259692,0.185161864035997
578,"s(lastRippleV1PRE_z):DOWN_yes",0.269284332024637,0.00224551195840427,0.533418757527617,0.207367707212306
579,"s(lastRippleV1PRE_z):DOWN_yes",0.160275538998782,0.00129809758656483,0.39474378142041,0.165112792803529
580,"s(lastRippleV1PRE_z):DOWN_yes",0.0914368940802603,0.00068789810781094,0.206650568806337,0.0837738073239355
581,"s(lastRippleV1PRE_z):DOWN_yes",0.185101634686232,0.00139157328992808,0.507415606332347,0.164120193059192
582,"s(lastRippleV1PRE_z):DOWN_yes",0.120817301459033,0.000941203533936684,0.56819803174252,0.149594166996989
583,"s(lastRippleV1PRE_z):DOWN_yes",0.184929889906184,0.00154237923992101,0.266297987854064,0.118154587568622
584,"s(lastRippleV1PRE_z):DOWN_yes",0.229532653355071,0.00169626724113432,0.488858605561988,0.174012710959619
585,"s(lastRippleV1PRE_z):DOWN_yes",0.175882614644736,0.00185738555245807,0.528756883817983,0.155723936768954
586,"s(lastRippleV1PRE_z):DOWN_yes",0.199574603361193,0.00180734045831572,0.570546540661601,0.167954093824217
587,"s(lastRippleV1PRE_z):DOWN_yes",0.0931480465785475,0.000992941129974387,0.388669673921976,0.114491822886237
588,"s(lastRippleV1PRE_z):DOWN_yes",0.150862521756009,0.00111761176317514,0.250701554964606,0.136015696166347
589,"s(lastRippleV1PRE_z):DOWN_yes",0.139989136473229,0.00148457429318262,0.485657187903113,0.143067558653451
590,"s(lastRippleV1PRE_z):DOWN_yes",0.147208959365412,0.00156179603188995,0.500287087772767,0.14734772524271
591,"s(lastRippleV1PRE_z):DOWN_yes",0.135362881895239,0.00117876730461837,0.345361138077469,0.114595028480869
592,"s(lastRippleV1PRE_z):DOWN_yes",0.180810231034701,0.0012789899380208,0.424997448058071,0.166854884658282
593,"s(lastRippleV1PRE_z):DOWN_yes",0.1368860942787,0.00144992386571745,0.483328812908941,0.142346588928653
594,"s(lastRippleV1PRE_z):DOWN_yes",0.172787508951629,0.00150429239854548,0.326080534566745,0.127244723934901
595,"s(lastRippleV1PRE_z):DOWN_yes",0.174481302032779,0.00163729823958874,0.446091587804891,0.195320526800105
596,"s(lastRippleV1PRE_z):DOWN_yes",0.188573443018049,0.0016497350120152,0.387306982608507,0.126588356265686
597,"s(lastRippleV1PRE_z):DOWN_yes",0.136575137175379,0.00096504910546089,0.33149047602823,0.134022342880832
598,"s(lastRippleV1PRE_z):DOWN_yes",0.127419724222801,0.00134411275511261,0.469756373067913,0.138354634821398
599,"s(lastRippleV1PRE_z):DOWN_yes",0.0593551893282473,0.000632094317547388,0.310290737010395,0.0913900699677522
600,"s(lastRippleV1PRE_z):DOWN_yes",0.0843735259886245,0.000518505629436489,0.335032726503021,0.125870332006665
601,"s(lastRippleV1PRE_z):DOWN_yes",0.14887991054328,0.00127780392794099,0.420745877434582,0.137979856149833
602,"s(lastRippleV1PRE_z):DOWN_yes",0.158566884741188,0.00132089528348507,0.420341973745286,0.168387896614667
603,"s(lastRippleV1PRE_z):DOWN_yes",0.125502159989248,0.0013205414464728,0.458835971719036,0.135159979879634
604,"s(lastRippleV1PRE_z):DOWN_yes",0.161905765295851,0.00145187977102203,0.51166084337334,0.152373938787715
605,"s(lastRippleV1PRE_z):DOWN_yes",0.120037383883142,0.00126041446055065,0.440952147297874,0.12990436218732
606,"s(lastRippleV1PRE_z):DOWN_yes",0.142970611500075,0.00152207713258093,0.476296079367057,0.140275534168123
607,"s(lastRippleV1PRE_z):DOWN_yes",0.11100793471033,0.00115550960774409,0.431076681006788,0.126996825958507
608,"s(lastRippleV1PRE_z):DOWN_yes",0.0915426775757,0.000969535353024921,0.390066182570692,0.114878692740662
609,"s(lastRippleV1PRE_z):DOWN_yes",0.120716278474416,0.00128873414805881,0.440917420223602,0.130186266389575
610,"s(lastRippleV1PRE_z):DOWN_yes",0.113817451236184,0.001081319969363,0.450718462492457,0.158256680564947
611,"s(lastRippleV1PRE_z):DOWN_yes",0.0830649723691845,0.000522812744532413,0.303091962571195,0.126435011756457
612,"s(lastRippleV1PRE_z):DOWN_yes",0.151700955079566,0.000997198571849055,0.414392411534861,0.158415317619798
613,"s(lastRippleV1PRE_z):DOWN_yes",0.183891377015624,0.00119653536817011,0.547162936840087,0.165340904782746
614,"s(lastRippleV1PRE_z):DOWN_yes",0.149932837274061,0.00129180184295921,0.363781360393298,0.122616766923654
615,"s(lastRippleV1PRE_z):DOWN_yes",0.0853439258135822,0.000905633301509903,0.374449460505481,0.112274965814586
616,"s(lastRippleV1PRE_z):DOWN_yes",0.192962159860486,0.00136658133759799,0.492333833720693,0.178945511014447
617,"s(lastRippleV1PRE_z):DOWN_yes",0.097847220598573,0.00104312030203175,0.404781031590472,0.119240530513163
618,"s(lastRippleV1PRE_z):DOWN_yes",0.122561701051443,0.000951792945001499,0.179801217105035,0.0986147075159802
619,"s(lastRippleV1PRE_z):DOWN_yes",0.0706082755709332,0.00075003143987817,0.338294194977277,0.0996434358422416
620,"s(lastRippleV1PRE_z):DOWN_yes",0.135639323455193,0.00144759881635153,0.467238362988865,0.140049697904145
621,"s(lastRippleV1PRE_z):DOWN_yes",0.235213656741892,0.00208730465587496,0.468260472534389,0.151793979132768
622,"s(lastRippleV1PRE_z):DOWN_yes",0.132878395877353,0.00140668783775561,0.476591832765437,0.140399772276334
623,"s(lastRippleV1PRE_z):DOWN_yes",0.0847581107556872,0.000530350347487125,0.29213985457671,0.123891875133302
624,"s(lastRippleV1PRE_z):DOWN_yes",0.198051199405773,0.00210595831668966,0.567394142430915,0.167109261630432
625,"s(lastRippleV1PRE_z):DOWN_yes",0.206695970726289,0.0021925867937332,0.579119237563084,0.170563852360403
626,"s(lastRippleV1PRE_z):DOWN_yes",0.166177280409238,0.00146668054574083,0.435124257566709,0.136454683002651
627,"s(lastRippleV1PRE_z):DOWN_yes",0.111578453046532,0.00117701174338025,0.434551031022611,0.127995724154132
628,"s(lastRippleV1PRE_z):DOWN_yes",0.241296314906874,0.00256491006758795,0.636625463148773,0.187494269002691
629,"s(lastRippleV1PRE_z):DOWN_yes",0.282282530836886,0.00214794933066608,0.635158944579138,0.195825745770535
630,"s(lastRippleV1PRE_z):DOWN_yes",0.197108097884314,0.0020816898806581,0.57417173703516,0.169099508320878
631,"s(lastRippleV1PRE_z):DOWN_yes",0.132661006321931,0.00140414188406988,0.461604039761532,0.135949808103401
632,"s(lastRippleV1PRE_z):DOWN_yes",0.151370765876588,0.00118079724145088,0.29591883116462,0.112774349396685
633,"s(lastRippleV1PRE_z):DOWN_yes",0.134838353749222,0.00114679938426247,0.44189674142505,0.132563695999891
634,"s(lastRippleV1PRE_z):DOWN_yes",0.177772413861943,0.00143754969169749,0.294843225040004,0.149728579278257
635,"s(lastRippleV1PRE_z):DOWN_yes",0.153661335526739,0.00165336720975763,0.509825774473828,0.150155649467754
636,"s(lastRippleV1PRE_z):DOWN_yes",0.15388959568229,0.00162544741533217,0.507873662178655,0.149607257826552
637,"s(lastRippleV1PRE_z):DOWN_yes",0.129455948994739,0.00138464794940329,0.459125647088408,0.135222482906033
638,"s(lastRippleV1PRE_z):DOWN_yes",0.0727970423137574,0.000180705182547006,0.342485470833833,0.101459798691372
639,"s(lastRippleV1PRE_z):DOWN_yes",0.190854996585643,0.00200004701664116,0.569734641663875,0.167797283023703
640,"s(lastRippleV1PRE_z):DOWN_yes",0.086433885097045,0.000500291794177361,0.313588685716393,0.107750292685349
641,"s(lastRippleV1PRE_z):DOWN_yes",0.108305391574801,0.00115356258171528,0.423002721852992,0.127704421123226
642,"s(lastRippleV1PRE_z):DOWN_yes",0.149138490058032,0.00107297226293781,0.324755521164178,0.122114668645095
643,"s(lastRippleV1PRE_z):DOWN_yes",0.114917983666099,0.00123586431498831,0.443174621456062,0.136599114765249
644,"s(lastRippleV1PRE_z):DOWN_yes",0.118661050523454,0.000835862232378631,0.315284209398427,0.130300193450215
645,"s(lastRippleV1PRE_z):DOWN_yes",0.0928809572054794,0.000813371159254997,0.437268577241361,0.128469268731206
646,"s(lastRippleV1PRE_z):DOWN_yes",0.160942673290112,0.00110776503795353,0.378172671834757,0.136221160238618
647,"s(lastRippleV1PRE_z):DOWN_yes",0.228491609368432,0.00194934717405345,0.379966889145701,0.221197369726567
648,"s(lastRippleV1PRE_z):DOWN_yes",0.235733193848432,0.00208307716898395,0.50427425327111,0.166184925139357
649,"s(lastRippleV1PRE_z):DOWN_yes",0.445053126931622,0.00471923886452315,0.841649188307001,0.250713988644196
650,"s(lastRippleV1PRE_z):DOWN_yes",0.210237691095815,0.00148387002165816,0.581055757391371,0.174661828023779
651,"s(lastRippleV1PRE_z):DOWN_yes",0.119862618819589,0.00128708141295847,0.441598825925706,0.134801245369848
652,"s(lastRippleV1PRE_z):DOWN_yes",0.0391718815407733,0.000415281179522552,0.260993900556538,0.076876982541982
653,"s(lastRippleV1PRE_z):DOWN_yes",0.135367419597389,0.00143277837922932,0.46732919923134,0.13764435447502
654,"s(lastRippleV1PRE_z):DOWN_yes",0.130265080030084,0.00137619843241116,0.461959171655047,0.136115979939746
655,"s(lastRippleV1PRE_z):DOWN_yes",0.113134960149742,0.000854723453657612,0.282523733472443,0.226627635434294
656,"s(lastRippleV1PRE_z):DOWN_yes",0.0704514888293204,0.000735634492378628,0.331530606731242,0.0980672437595028
657,"s(lastRippleV1PRE_z):DOWN_yes",0.0694773479512412,0.000742988724484698,0.333670233225827,0.102291279569259
658,"s(lastRippleV1PRE_z):DOWN_yes",0.158090830905242,0.00142702431411538,0.491288307990563,0.148124934473273
659,"s(lastRippleV1PRE_z):DOWN_yes",0.30328957587659,0.00255939224658993,0.631820023886163,0.282083814338456
660,"s(lastRippleV1PRE_z):DOWN_yes",0.141885127314794,0.00150697430356744,0.494398535838687,0.145609275236342
661,"s(lastRippleV1PRE_z):DOWN_yes",0.187372717562275,0.0019733674532585,0.536338504314391,0.157956144756262
662,"s(lastRippleV1PRE_z):DOWN_yes",0.158046204569796,0.00166616422586138,0.498907929274866,0.14712139362111
663,"s(lastRippleV1PRE_z):DOWN_yes",0.122872616444292,0.00107661484325919,0.334667123742944,0.15690656102196
664,"s(lastRippleV1PRE_z):DOWN_yes",0.185699324447466,0.00160868056080402,0.41802690107024,0.140613099229229
665,"s(lastRippleV1PRE_z):DOWN_yes",0.297712121485676,0.0026686110621039,0.485353143728633,0.16080357612633
666,"s(lastRippleV1PRE_z):DOWN_yes",0.124907992239157,0.000845450769588259,0.367371297626939,0.16436227244421
667,"s(lastRippleV1PRE_z):DOWN_yes",0.167225304243821,0.00143618720420659,0.372152266887164,0.144092123467729
668,"s(lastRippleV1PRE_z):DOWN_yes",0.104366385719758,0.000688427297622526,0.180140104542579,0.0937043782314038
669,"s(lastRippleV1PRE_z):DOWN_yes",0.0976685245717475,0.00113428770165473,0.398646485155327,0.169179943014933
670,"s(lastRippleV1PRE_z):DOWN_yes",0.0738416909603039,0.000526331032924921,0.178477832687316,0.0997699845469937
671,"s(lastRippleV1PRE_z):DOWN_yes",0.154176435222162,0.00113997170561329,0.288449904472329,0.128745128124513
672,"s(lastRippleV1PRE_z):DOWN_yes",0.105817988732506,0.00111987759846869,0.407380275635889,0.119990108599548
673,"s(lastRippleV1PRE_z):DOWN_yes",0.162783892526446,0.00171582083350726,0.511271156890893,0.150581174361113
674,"s(lastRippleV1PRE_z):DOWN_yes",0.0513775441280622,0.000554261653453602,0.298357589994559,0.0878694942632853
675,"s(lastRippleV1PRE_z):DOWN_yes",0.150226446317336,0.00159330684485004,0.495590190961543,0.145995074190749
676,"s(lastRippleV1PRE_z):DOWN_yes",0.177740552042894,0.00119834292722702,0.537368673909646,0.168582775787675
677,"s(lastRippleV1PRE_z):DOWN_yes",0.174047762930629,0.00184120967692756,0.532024869710201,0.156685964452958
678,"s(lastRippleV1PRE_z):DOWN_yes",0.163342619435059,0.00107850979932968,0.484311415679231,0.162084255609672
679,"s(lastRippleV1PRE_z):DOWN_yes",0.135722581228698,0.00060351864703678,0.484623657296426,0.143343652889133
680,"s(lastRippleV1PRE_z):DOWN_yes",0.107827607009689,0.000941318385151054,0.274029997264818,0.0916202117335995
681,"s(lastRippleV1PRE_z):DOWN_yes",0.251809928802048,0.00200975807410419,0.364898764292792,0.176429553746582
682,"s(lastRippleV1PRE_z):DOWN_yes",0.11236042156772,0.000819088278919501,0.201720151263098,0.0848125522680021
683,"s(lastRippleV1PRE_z):DOWN_yes",0.108975638719781,0.0011506261241821,0.427776262041739,0.126019532478373
684,"s(lastRippleV1PRE_z):DOWN_yes",0.0962562724934486,0.0010240451915799,0.402355966800641,0.119164930366534
685,"s(lastRippleV1PRE_z):DOWN_yes",0.17424310096443,0.000369946573700786,0.536607636031698,0.158348450763528
686,"s(lastRippleV1PRE_z):DOWN_yes",0.145015083863074,0.000983428869902113,0.39226772220408,0.167030216072046
687,"s(lastRippleV1PRE_z):DOWN_yes",0.143942679851025,0.0015238642042083,0.489789935212534,0.145862849171292
688,"s(lastRippleV1PRE_z):DOWN_yes",0.0888689397486013,0.000172707973457964,0.391842332800193,0.11572756047064
689,"s(lastRippleV1PRE_z):DOWN_yes",0.219846169813023,0.0023142042045605,0.59745768913855,0.175972970193916
690,"s(lastRippleV1PRE_z):DOWN_yes",0.0885524735224514,0.000680193395289755,0.39440165037454,0.113703050994938
691,"s(lastRippleV1PRE_z):DOWN_yes",0.123439755213569,0.00132950136649942,0.456527172962195,0.139155087514608
692,"s(lastRippleV1PRE_z):DOWN_yes",0.126493271249521,0.00108519674258378,0.259134772828169,0.0996556729744996
693,"s(lastRippleV1PRE_z):DOWN_yes",0.0671997907209425,0.000407912659841347,0.19224766180205,0.143942423683984
694,"s(lastRippleV1PRE_z):DOWN_yes",0.158287412478492,0.00117852427687777,0.285885860300122,0.160960227973685
695,"s(lastRippleV1PRE_z):DOWN_yes",0.162035526273886,0.00119526177164331,0.495329157173354,0.157676530588478
696,"s(lastRippleV1PRE_z):DOWN_yes",0.199204768794092,0.00174193066712572,0.556663744931919,0.165073513898368
697,"s(lastRippleV1PRE_z):DOWN_yes",0.0987915123416734,0.000732873826906128,0.367196194946437,0.11247781148353
698,"s(lastRippleV1PRE_z):DOWN_yes",0.144028518921251,0.00108989353003646,0.451216767559971,0.140261780448251
699,"s(lastRippleV1PRE_z):DOWN_yes",0.189439065563208,0.00127724016124521,0.516893272480431,0.170960618246126
700,"s(lastRippleV1PRE_z):DOWN_yes",0.138029665097106,0.000823811542446493,0.465018745917816,0.137840096320413
701,"s(lastRippleV1PRE_z):DOWN_yes",0.0784730095046555,0.000839514642346119,0.354187218683382,0.104330372914862
702,"s(lastRippleV1PRE_z):DOWN_yes",0.150285868759111,0.000976649836629482,0.440139167904394,0.138596272666535
703,"s(lastRippleV1PRE_z):DOWN_yes",0.131262102273415,0.00140597334111424,0.467590483863402,0.137768934280902
704,"s(lastRippleV1PRE_z):DOWN_yes",0.0699436662593422,0.000586050602114246,0.262122589107066,0.0856557947870026
705,"s(lastRippleV1PRE_z):DOWN_yes",0.117287834710351,0.000980823695511486,0.381577069870912,0.123228331291753
706,"s(lastRippleV1PRE_z):DOWN_yes",0.050545662620701,0.000533987218997812,0.285515069780623,0.0840883264681004
707,"s(lastRippleV1PRE_z):DOWN_yes",0.150201960884901,0.00158659154123106,0.49190192282995,0.144872121513256
708,"s(lastRippleV1PRE_z):DOWN_yes",0.212719145563159,0.00194199401068571,0.576461551012283,0.170672758171955
709,"s(lastRippleV1PRE_z):DOWN_yes",0.233668632761399,0.00245278661804963,0.622489602377918,0.183352395353955
710,"s(lastRippleV1PRE_z):DOWN_yes",0.115393288275721,0.000749610592087021,0.432500512959237,0.130691701926145
711,"s(lastRippleV1PRE_z):DOWN_yes",0.224673110191064,0.00236620850975645,0.604181235220627,0.177941189036625
712,"s(lastRippleV1PRE_z):DOWN_yes",0.136896185975422,0.00124167956894495,0.459596660771838,0.13635320013293
713,"s(lastRippleV1PRE_z):DOWN_yes",0.111285199575491,0.000972648681091649,0.325890844314671,0.0974581874384946
714,"s(lastRippleV1PRE_z):DOWN_yes",0.105247148789794,0.000759483738575836,0.363378341677997,0.121786732836022
715,"s(lastRippleV1PRE_z):DOWN_yes",0.168995261996412,0.0012895346460159,0.47137511689651,0.148369876357936
716,"s(lastRippleV1PRE_z):DOWN_yes",0.0750318435405477,0.000795568492721413,0.350156791563488,0.103134330886492
717,"s(lastRippleV1PRE_z):DOWN_yes",0.0586028774587408,0.000326194481009455,0.170577601163058,0.0671506226038562
718,"s(lastRippleV1PRE_z):DOWN_yes",0.114021667545581,0.00120712769836054,0.437557761052234,0.129043892673423
719,"s(lastRippleV1PRE_z):DOWN_yes",0.135601436762031,0.00143046459915144,0.473237474051159,0.141168639021505
720,"s(lastRippleV1PRE_z):DOWN_yes",0.107523075362501,0.00113073595618522,0.418160684485782,0.123153984782894
721,"s(lastRippleV1PRE_z):DOWN_yes",0.137899735790779,0.00146910654035599,0.470601126853337,0.138605343493609
722,"s(lastRippleV1PRE_z):DOWN_yes",0.122730619911669,0.00130482750158495,0.444503345361856,0.133928089797608
723,"s(lastRippleV1PRE_z):DOWN_yes",0.15400212510753,0.00163220306215186,0.50119409447085,0.147623333293408
724,"s(lastRippleV1PRE_z):DOWN_yes",0.0776852471697991,0.000820152041332826,0.355163935840651,0.104653105855086
725,"s(lastRippleV1PRE_z):DOWN_yes",0.187203915546676,0.00197133157939805,0.561013074244362,0.165270297210287
726,"s(lastRippleV1PRE_z):DOWN_yes",0.247641087340921,0.00197027947623115,0.627889323286346,0.193686583446513
727,"s(lastRippleV1PRE_z):DOWN_yes",0.205301382473734,0.001791767367128,0.41472511307601,0.240615689916347
728,"s(lastRippleV1PRE_z):DOWN_yes",0.133919774659941,0.00140490723089887,0.465819423113449,0.137187802196861
729,"s(lastRippleV1PRE_z):DOWN_yes",0.195793877375462,0.00116200618079116,0.55983963455888,0.166999806818921
730,"s(lastRippleV1PRE_z):DOWN_yes",0.120970922106731,0.000974514220160573,0.55847423840714,0.167520482687491
731,"s(lastRippleV1PRE_z):DOWN_yes",0.144720598488917,0.00111895660240642,0.345547653993424,0.157994174018061
732,"s(lastRippleV1PRE_z):DOWN_yes",0.0913370103705917,0.000971792018757376,0.38094728662361,0.112220424397529
733,"s(lastRippleV1PRE_z):DOWN_yes",0.188711408348865,0.00198893518663401,0.544634751121087,0.160412831537798
734,"s(lastRippleV1PRE_z):DOWN_yes",0.117564552737911,0.000799382145836579,0.328887017270844,0.150207038234872
735,"s(lastRippleV1PRE_z):DOWN_yes",0.180639691879933,0.00145658739874708,0.35372312056472,0.195910412746276
736,"s(lastRippleV1PRE_z):DOWN_yes",0.0741481132304012,0.000782714695676828,0.348266261857937,0.102579447017056
737,"s(lastRippleV1PRE_z):DOWN_yes",0.137478695307225,0.001454900117641,0.47546187312432,0.140027666459767
738,"s(lastRippleV1PRE_z):DOWN_yes",0.233148193611831,0.00213119537368129,0.490277079969461,0.152616553275182
739,"s(lastRippleV1PRE_z):DOWN_yes",0.133321687936658,0.0011523888209216,0.451121005832993,0.133592413906033
740,"s(lastRippleV1PRE_z):DOWN_yes",0.0648795251948844,0.000698434557512117,0.334743673112546,0.0986276087692629
741,"s(lastRippleV1PRE_z):DOWN_yes",0.176698384503884,0.00187342487617707,0.537483931787906,0.158339421199873
742,"s(lastRippleV1PRE_z):DOWN_yes",0.107740100001468,0.000818077290425037,0.363925910023227,0.113525826602075
743,"s(lastRippleV1PRE_z):DOWN_yes",0.0832713973232808,0.000804571078127465,0.329377560088808,0.124130824927191
744,"s(lastRippleV1PRE_z):DOWN_yes",0.143657271901428,0.000933867494635449,0.416813366888068,0.137900342841386
745,"s(lastRippleV1PRE_z):DOWN_yes",0.186741566562067,0.00133164653878147,0.433767201830503,0.165787720418939
746,"s(lastRippleV1PRE_z):DOWN_yes",0.177250553401991,0.00144213586909089,0.241585653103548,0.106708953319519
747,"s(lastRippleV1PRE_z):DOWN_yes",0.0897830014956309,0.000953207455469341,0.384732020128738,0.113469479405858
748,"s(lastRippleV1PRE_z):DOWN_yes",0.175100424126778,0.00136957246880227,0.367999684413539,0.16580567836308
749,"s(lastRippleV1PRE_z):DOWN_yes",0.107334760964219,0.00086501220502835,0.363858964685396,0.196464383956739
750,"s(lastRippleV1PRE_z):DOWN_yes",0.225541620373478,0.000784879433747643,0.584127912699344,0.173545387516837
751,"s(lastRippleV1PRE_z):DOWN_yes",0.159448485946418,0.00125818373095715,0.214982345407137,0.0762703172034552
752,"s(lastRippleV1PRE_z):DOWN_yes",0.161233172727965,0.00122603462057481,0.463242121085759,0.145231622129558
753,"s(lastRippleV1PRE_z):DOWN_yes",0.233199439758525,0.00194569308422836,0.55255226066262,0.265942966685158
754,"s(lastRippleV1PRE_z):DOWN_yes",0.190957597856436,0.00169203847992466,0.542647577979016,0.173882417343005
755,"s(lastRippleV1PRE_z):DOWN_yes",0.0936746940730391,0.000793257519174855,0.31470899890692,0.102275934848225
756,"s(lastRippleV1PRE_z):DOWN_yes",0.107950050066299,0.000320483350951783,0.409841193459427,0.121294851602264
757,"s(lastRippleV1PRE_z):DOWN_yes",0.263440972028975,0.00211073857695129,0.384091092010536,0.152280830108175
758,"s(lastRippleV1PRE_z):DOWN_yes",0.074124757174701,0.000783724233806475,0.353423899789057,0.104091034911374
759,"s(lastRippleV1PRE_z):DOWN_yes",0.132931962371576,0.00141397552227458,0.469354245857997,0.139884651040368
760,"s(lastRippleV1PRE_z):DOWN_yes",0.187860046518292,0.00146735035798384,0.270098398340314,0.110332343810717
761,"s(lastRippleV1PRE_z):DOWN_yes",0.137842263420225,0.0014507017998681,0.479030807183266,0.14109204015249
762,"s(lastRippleV1PRE_z):DOWN_yes",0.150776908424024,0.00158853567256229,0.496362667336722,0.146220291885154
763,"s(lastRippleV1PRE_z):DOWN_yes",0.160992010778203,0.00113592845968957,0.464099093926854,0.142586909735656
764,"s(lastRippleV1PRE_z):DOWN_yes",0.200019031651531,0.000338644598904163,0.582740410321079,0.172155353035184
765,"s(lastRippleV1PRE_z):DOWN_yes",0.155923185150494,0.00165107006004803,0.50889291660121,0.149873474386215
766,"s(lastRippleV1PRE_z):DOWN_yes",0.103825953537706,0.000640578645012514,0.389120383354299,0.142554175832538
767,"s(lastRippleV1PRE_z):DOWN_yes",0.125170192703309,0.00132816323739815,0.464708556994235,0.137474076518808
768,"s(lastRippleV1PRE_z):DOWN_yes",0.123208892454363,0.000997052293195163,0.347971444537417,0.323633769476478
769,"s(lastRippleV1PRE_z):DOWN_yes",0.174324603129096,0.00182591180062159,0.543838497137017,0.161249596366978
770,"s(lastRippleV1PRE_z):DOWN_yes",0.15470133112997,0.00136363552693619,0.444590609211037,0.139237031039232
771,"s(lastRippleV1PRE_z):DOWN_yes",0.129269043918707,0.000857849592681529,0.393816457899959,0.1391437874432
772,"s(lastRippleV1PRE_z):DOWN_yes",0.0933515375863614,0.00100625485740434,0.390849695101271,0.115110904900569
773,"s(lastRippleV1PRE_z):DOWN_yes",0.0675150157339095,0.000712992892382374,0.339147326013565,0.0998824272130414
774,"s(lastRippleV1PRE_z):DOWN_yes",0.0721808821093868,0.000487186476002442,0.162466436423919,0.148857133799389
775,"s(lastRippleV1PRE_z):DOWN_yes",0.176349491284705,0.000862734546568292,0.545648473341172,0.162328800598482
776,"s(lastRippleV1PRE_z):DOWN_yes",0.133392908420061,0.00141740753922426,0.470950146446147,0.138764546634634
777,"s(lastRippleV1PRE_z):DOWN_yes",0.120914964194268,0.000898034039701089,0.349261730004628,0.174337468043364
778,"s(lastRippleV1PRE_z):DOWN_yes",0.192690984992383,0.00205228943780659,0.568922942208694,0.167570092458309
779,"s(lastRippleV1PRE_z):DOWN_yes",0.132834045770241,0.0015145385679545,0.460243542621799,0.232557636690863
780,"s(lastRippleV1PRE_z):DOWN_yes",0.202831436653618,0.00214889658670959,0.581319070584237,0.17124487832943
781,"s(lastRippleV1PRE_z):DOWN_yes",0.120625561443024,0.00129992101223017,0.456947281234695,0.13458096976691
782,"s(lastRippleV1PRE_z):DOWN_yes",0.135147978664513,0.000997626378034957,0.243569796460401,0.097803817912802
783,"s(lastRippleV1PRE_z):DOWN_yes",0.111676765100714,0.00119907736806151,0.43472698964245,0.128038864287348
784,"s(lastRippleV1PRE_z):DOWN_yes",0.0759809122184105,0.000801806464395376,0.355263341341392,0.104634953618414
785,"s(lastRippleV1PRE_z):DOWN_yes",0.131020009268939,0.00138816214956246,0.457376609536407,0.134707942885101
786,"s(lastRippleV1PRE_z):DOWN_yes",0.0970230209702523,0.00103717919758156,0.398272208808899,0.117296220582473
787,"s(lastRippleV1PRE_z):DOWN_yes",0.135949023070395,0.0014346058050069,0.46267792489313,0.136278886023282
788,"s(lastRippleV1PRE_z):DOWN_yes",0.165331439289061,0.00131734397016953,0.414539299180653,0.23404432817366
789,"s(lastRippleV1PRE_z):DOWN_yes",0.124194180737668,0.00100493227377139,0.203919076617864,0.108308036817271
790,"s(lastRippleV1PRE_z):DOWN_yes",0.168718701401149,0.00177306502425022,0.53126373597152,0.156466776071348
791,"s(lastRippleV1PRE_z):DOWN_yes",0.0910232201856118,0.000992154958449796,0.396146618141939,0.116683605414219
792,"s(lastRippleV1PRE_z):DOWN_yes",0.134807301904783,0.00126364867294085,0.378677520332999,0.148555337312923
793,"s(lastRippleV1PRE_z):DOWN_yes",0.0821247030480885,0.000874082587795516,0.370535446646524,0.110524219778073
794,"s(lastRippleV1PRE_z):DOWN_yes",0.190495350317282,0.00124985762643668,0.523210832325377,0.174266873094159
795,"s(lastRippleV1PRE_z):DOWN_yes",0.15918816858276,0.00124825266216514,0.283668415979759,0.112074017190295
796,"s(lastRippleV1PRE_z):DOWN_yes",0.130643531113928,0.000841117886629514,0.45398223219616,0.13639261960472
797,"s(lastRippleV1PRE_z):DOWN_yes",0.0991342798082062,0.000579834506270614,0.362946568232268,0.136033719624182
798,"s(lastRippleV1PRE_z):DOWN_yes",0.198591401608835,0.00134246825551305,0.568754620351131,0.177337650675945
799,"s(lastRippleV1PRE_z):DOWN_yes",0.18115669545819,0.00127428004891715,0.493123912298698,0.207828059540918
800,"s(lastRippleV1PRE_z):DOWN_yes",0.106596742599113,0.000205805119766991,0.413768527697964,0.122318708414514
801,"s(lastRippleV1PRE_z):DOWN_yes",0.146809888321038,0.00155867591388038,0.496504538744621,0.146231660484078
802,"s(lastRippleV1PRE_z):DOWN_yes",0.187988341243678,0.00136075642952955,0.422932881825539,0.163240066128134
803,"s(lastRippleV1PRE_z):DOWN_yes",0.173305543447014,0.00120054916083767,0.434261804559748,0.179003261582232
804,"s(lastRippleV1PRE_z):DOWN_yes",0.111843476767291,0.001191978385617,0.422681998333237,0.124499861142578
805,"s(lastRippleV1PRE_z):DOWN_yes",0.121767911417366,0.00082000771564706,0.328965069252357,0.111490756292317
806,"s(lastRippleV1PRE_z):DOWN_yes",0.195895458488994,0.00209836940579187,0.580659091433721,0.175001255398411
807,"s(lastRippleV1PRE_z):DOWN_yes",0.121928277709001,0.000732850170836048,0.353191827967645,0.1592367896419
808,"s(lastRippleV1PRE_z):DOWN_yes",0.139510121362192,0.000278643068482527,0.473131872728613,0.139801875966615
809,"s(lastRippleV1PRE_z):DOWN_yes",0.123496087010882,0.00130750057577766,0.444708916197853,0.130972361656478
810,"s(lastRippleV1PRE_z):DOWN_yes",0.127191345693052,0.00134993213660378,0.455642069909813,0.135060957289705
811,"s(lastRippleV1PRE_z):DOWN_yes",0.07663780864541,0.000812637390147503,0.354919561442638,0.104789157641787
812,"s(lastRippleV1PRE_z):DOWN_yes",0.150698885253323,0.00159486444887889,0.502136665418641,0.147938024119248
813,"s(lastRippleV1PRE_z):DOWN_yes",0.153375788536539,0.00160268022083234,0.511848601819391,0.1507403183466
814,"s(lastRippleV1PRE_z):DOWN_yes",0.0554878547399476,0.000158793874645107,0.288122773660209,0.0863056990848032
815,"s(lastRippleV1PRE_z):DOWN_yes",0.185615658413572,0.00143871836004476,0.250287633334431,0.128292493836917
816,"s(lastRippleV1PRE_z):DOWN_yes",0.159228129606634,0.00136440118607874,0.622141409650079,0.178793238440573
817,"s(lastRippleV1PRE_z):DOWN_yes",0.138809813781816,0.00125190606037864,0.458405453539161,0.139581046108607
818,"s(lastRippleV1PRE_z):DOWN_yes",0.128080980531699,0.00136648389497526,0.465780425982381,0.137179624408982
819,"s(lastRippleV1PRE_z):DOWN_yes",0.0803969665694479,0.000661038373247294,0.259242936370966,0.0885278741064141
820,"s(lastRippleV1PRE_z):DOWN_yes",0.154223425181417,0.00164138538131276,0.496123286211933,0.146172005327253
821,"s(lastRippleV1PRE_z):DOWN_yes",0.189252764170563,0.00169508864944117,0.528350525803784,0.159896393816421
822,"s(lastRippleV1PRE_z):DOWN_yes",0.0877044381583625,0.000958446439526714,0.384399797956567,0.121702108705652
823,"s(lastRippleV1PRE_z):DOWN_yes",0.119187462936055,0.00126755321319278,0.438601889972518,0.131337602703022
824,"s(lastRippleV1PRE_z):DOWN_yes",0.115587521812495,0.00127993516186407,0.436454735383925,0.193740472923967
825,"s(lastRippleV1PRE_z):DOWN_yes",0.128878754143363,0.00112131168945836,0.18162882804387,0.0602474177861361
826,"s(lastRippleV1PRE_z):DOWN_yes",0.176084094262535,0.00118319026930379,0.58275978273386,0.189248511364713
827,"s(lastRippleV1PRE_z):DOWN_yes",0.185779855651377,0.00130497190648574,0.462704741789556,0.145333307767687
828,"s(lastRippleV1PRE_z):DOWN_yes",0.0792990152294841,0.000969045108098099,0.392516700553047,0.115625591150612
829,"s(lastRippleV1PRE_z):DOWN_yes",0.231588089275504,0.0018811669570589,0.437075280291761,0.182638896397039
830,"s(lastRippleV1PRE_z):DOWN_yes",0.123298134147756,0.00130009003122978,0.456833917458851,0.134571575287175
831,"s(lastRippleV1PRE_z):DOWN_yes",0.162947649713908,0.00113548908611122,0.460689958220056,0.157943309567967
832,"s(lastRippleV1PRE_z):DOWN_yes",0.103425081676353,0.00106537290681301,0.410669843887674,0.120949536260409
833,"s(lastRippleV1PRE_z):DOWN_yes",0.149859524640632,0.00160183518932754,0.503224491825092,0.155866109112752
834,"s(lastRippleV1PRE_z):DOWN_yes",0.199934704630429,0.00149347952537317,0.563408752211155,0.168507582652626
835,"s(lastRippleV1PRE_z):DOWN_yes",0.257658030366989,0.00234206551032445,0.300341974057939,0.128962844813368
836,"s(lastRippleV1PRE_z):DOWN_yes",0.177835078289794,0.00188396763514686,0.536811633016621,0.160040408187198
837,"s(lastRippleV1PRE_z):DOWN_yes",0.104560817714626,0.000714297133854573,0.217736351481682,0.106390012927481
838,"s(lastRippleV1PRE_z):DOWN_yes",0.119997054079111,0.00128041447208563,0.441293705639008,0.129980322913088
839,"s(lastRippleV1PRE_z):DOWN_yes",0.192941545370711,0.00145494650038112,0.406162942700301,0.161792217149281
840,"s(lastRippleV1PRE_z):DOWN_yes",0.137610301657047,0.00125934568484875,0.341506804284085,0.118951113549407
841,"s(lastRippleV1PRE_z):DOWN_yes",0.200775841592098,0.00173271528568069,0.286853712537148,0.288831264811574
842,"s(lastRippleV1PRE_z):DOWN_yes",0.150626390466249,0.00119346905917603,0.412758078153762,0.228083360539723
843,"s(lastRippleV1PRE_z):DOWN_yes",0.255536417147234,0.00210164711215397,0.481793008417157,0.197754250366432
844,"s(lastRippleV1PRE_z):DOWN_yes",0.120308500614146,0.000868587387769261,0.389320065152321,0.130005310401727
845,"s(lastRippleV1PRE_z):DOWN_yes",0.152287522648971,0.00161265742643462,0.50355081155358,0.148305099910211
846,"s(lastRippleV1PRE_z):DOWN_yes",0.218975060462808,0.001437286713662,0.57500441605064,0.173276705017845
847,"s(lastRippleV1PRE_z):DOWN_yes",0.15127529540569,0.00121495258389005,0.284940057623845,0.229575098899061
848,"s(lastRippleV1PRE_z):DOWN_yes",0.106661840914344,0.00112505420501823,0.416655887720451,0.122709370487672
849,"s(lastRippleV1PRE_z):DOWN_yes",0.0867485115897377,0.000381355480728745,0.375438251068948,0.11385430434497
850,"s(lastRippleV1PRE_z):DOWN_yes",0.19558002723793,0.00156314696071449,0.385591344450104,0.154102858158982
851,"s(lastRippleV1PRE_z):DOWN_yes",0.13368418559228,0.000990344885252021,0.213780577167097,0.135929541324268
852,"s(lastRippleV1PRE_z):DOWN_yes",0.134969724123137,0.00142050086957189,0.477986082985318,0.140777248312211
853,"s(lastRippleV1PRE_z):DOWN_yes",0.178181144415086,0.00146582794824408,0.223988554945904,0.0767747371493564
854,"s(lastRippleV1PRE_z):DOWN_yes",0.201359764549598,0.00139865097050495,0.554920460145782,0.18094616525577
855,"s(lastRippleV1PRE_z):DOWN_yes",0.120152291400045,0.00127075736176541,0.433492521971395,0.127700757834554
856,"s(lastRippleV1PRE_z):DOWN_yes",0.168197409673183,0.00148561497141049,0.336598970698813,0.118867940834859
857,"s(lastRippleV1PRE_z):DOWN_yes",0.140008710405624,0.00123631285161266,0.406955353577842,0.130525560453661
858,"s(lastRippleV1PRE_z):DOWN_yes",0.157153117813933,0.00111409958142856,0.39998228304541,0.128856600345646
859,"s(lastRippleV1PRE_z):DOWN_yes",0.211862102151917,0.00201927891450938,0.591955834943223,0.17494724605127
860,"s(lastRippleV1PRE_z):DOWN_yes",0.15584340244436,0.00165054413783511,0.508420353547079,0.149734422468462
861,"s(lastRippleV1PRE_z):DOWN_yes",0.100407157948061,0.00106826208123842,0.407330183696555,0.119996002527468
862,"s(lastRippleV1PRE_z):DOWN_yes",0.0914182568117932,0.000563405338001769,0.347587165613024,0.115885225502133
863,"s(lastRippleV1PRE_z):DOWN_yes",0.155301555515845,0.00163831719057598,0.504949574087523,0.148714090115099
864,"s(lastRippleV1PRE_z):DOWN_yes",0.210416102944958,0.00222923239319937,0.587496368756879,0.17306803990878
865,"s(lastRippleV1PRE_z):DOWN_yes",0.0772629006974386,0.000593473268884014,0.333704926009469,0.108598461034635
866,"s(lastRippleV1PRE_z):DOWN_yes",0.110966594365975,0.000978958238641582,0.230732143981307,0.0903688520371931
867,"s(lastRippleV1PRE_z):DOWN_yes",0.19982942206205,0.00165749771374861,0.430597241075066,0.346801645862174
868,"s(lastRippleV1PRE_z):DOWN_yes",0.0890029375270389,0.000941456832570618,0.395370106980212,0.116474791041546
869,"s(lastRippleV1PRE_z):DOWN_yes",0.147023944260385,0.00155689683380706,0.495601487828441,0.14620346435242
870,"s(lastRippleV1PRE_z):DOWN_yes",0.0905240070939364,0.000570289192586915,0.249871216447022,0.100504761940346
871,"s(lastRippleV1PRE_z):DOWN_yes",0.125230730584348,0.00132473120077359,0.451081354077545,0.132847591279131
872,"s(lastRippleV1PRE_z):DOWN_yes",0.174461818597509,0.00111115590904306,0.51236189976359,0.154542728205858
873,"s(lastRippleV1PRE_z):DOWN_yes",0.145641683882945,0.00153914206418417,0.488540935150927,0.144349142566242
874,"s(lastRippleV1PRE_z):DOWN_yes",0.186923461193536,0.00197159752460411,0.552377038171507,0.162701854215922
875,"s(lastRippleV1PRE_z):DOWN_yes",0.133933439809823,0.00198883476513343,0.475618962685958,0.670163870353615
876,"s(lastRippleV1PRE_z):DOWN_yes",0.0960889469032935,0.00107147870654307,0.401872785006788,0.118363776855644
877,"s(lastRippleV1PRE_z):DOWN_yes",0.115240556881613,0.00120527291588845,0.438946452778736,0.12931787312209
878,"s(lastRippleV1PRE_z):DOWN_yes",0.0853273549802624,0.000905119541294445,0.370205778990767,0.109029226358415
879,"s(lastRippleV1PRE_z):DOWN_yes",0.104514733592644,0.0011028026762667,0.422686498448014,0.124512481398458
880,"s(lastRippleV1PRE_z):DOWN_yes",0.10478735667094,0.00113540613402558,0.4075632139444,0.12080091085683
881,"s(lastRippleV1PRE_z):DOWN_yes",0.0562872816187037,0.000600046218491252,0.301762956374506,0.088883193923943
882,"s(lastRippleV1PRE_z):DOWN_yes",0.103983780513079,0.000628208195671811,0.313682847918461,0.123351929365125
883,"s(lastRippleV1PRE_z):DOWN_yes",0.089304036758258,0.000493427208174881,0.32473844290848,0.121652605047761
884,"s(lastRippleV1PRE_z):DOWN_yes",0.0962268430798137,0.00102484515917645,0.395060045408072,0.119201423166387
885,"s(lastRippleV1PRE_z):DOWN_yes",0.0814850255861357,0.000872068943080158,0.370566521552789,0.115229789038979
886,"s(lastRippleV1PRE_z):DOWN_yes",0.0868764781070697,0.000297882065947659,0.363050677908691,0.108380632575594
887,"s(lastRippleV1PRE_z):DOWN_yes",0.211036789631882,0.0015751251402968,0.580203336619434,0.180203322849221
888,"s(lastRippleV1PRE_z):DOWN_yes",0.0841644589316912,0.00073066847071761,0.354839522984114,0.109943893818047
889,"s(lastRippleV1PRE_z):DOWN_yes",0.167257674603447,0.00147288187294913,0.507038365520885,0.154765024077332
890,"s(lastRippleV1PRE_z):DOWN_yes",0.131609350190183,0.00102781024895035,0.427882330910579,0.132112515852757
891,"s(lastRippleV1PRE_z):DOWN_yes",0.132533316940306,0.00143892700974162,0.459901194419625,0.135444958946378
892,"s(lastRippleV1PRE_z):DOWN_yes",0.151960080332684,0.00131565210780873,0.412940202974895,0.151574579433815
893,"s(lastRippleV1PRE_z):DOWN_yes",0.123059018396905,0.000894317090525794,0.377124675843494,0.121396861014695
894,"s(lastRippleV1PRE_z):DOWN_yes",0.242366624506673,0.00197859019638915,0.507737205789322,0.248278899560087
895,"s(lastRippleV1PRE_z):DOWN_yes",0.0995281722281343,0.00104274086619444,0.404334888118809,0.119086264073766
896,"s(lastRippleV1PRE_z):DOWN_yes",0.10629993453487,0.000762728509256055,0.386558452745374,0.119434766996826
897,"s(lastRippleV1PRE_z):DOWN_yes",0.146433426720146,0.00123595051006506,0.536586988160249,0.247315038345282
898,"s(lastRippleV1PRE_z):DOWN_yes",0.041637466205148,0.000467946455055149,0.262942260931924,0.0860850514236597
899,"s(lastRippleV1PRE_z):DOWN_yes",0.143302323182738,0.00152328594177531,0.49438142726928,0.145600877211337
900,"s(lastRippleV1PRE_z):DOWN_yes",0.079775187644433,0.000408576207387928,0.341460893490069,0.10478008229462
901,"s(lastRippleV1PRE_z):DOWN_yes",0.106256412388595,0.000896076069240664,0.334768689550935,0.109569479685549
902,"s(lastRippleV1PRE_z):DOWN_yes",0.128425133416592,0.00136518226969192,0.45356726207839,0.133582414002917
903,"s(lastRippleV1PRE_z):DOWN_yes",0.0692474927138216,0.00039775842239184,0.240529319317479,0.116295137402783
904,"s(lastRippleV1PRE_z):DOWN_yes",0.142242781622339,0.00120076830829468,0.278212665524701,0.105425796351614
905,"s(lastRippleV1PRE_z):DOWN_yes",0.12963678205223,0.00137469226486018,0.45902797112525,0.135760617569203
906,"s(lastRippleV1PRE_z):DOWN_yes",0.163164549713334,0.00124863438345161,0.38524674104434,0.15729878947294
907,"s(lastRippleV1PRE_z):DOWN_yes",0.161268314708418,0.00169995505306256,0.493255243630031,0.145269281644781
908,"s(lastRippleV1PRE_z):DOWN_yes",0.110485858916268,0.000741279266035487,0.452963794294691,0.134066751676081
909,"s(lastRippleV1PRE_z):DOWN_yes",0.19993299343262,0.00162998266116396,0.467537338733199,0.226960867671792
910,"s(lastRippleV1PRE_z):DOWN_yes",0.162593523512297,0.00151812506342795,0.450190067970165,0.150374828629594
911,"s(lastRippleV1PRE_z):DOWN_yes",0.0328364250520607,0.000349544633260829,0.234746028367686,0.0691368113652387
912,"s(lastRippleV1PRE_z):DOWN_yes",0.153527790282493,0.00122012055157242,0.201993689952293,0.136552529956694
913,"s(lastRippleV1PRE_z):DOWN_yes",0.112834352564665,0.00119795251933505,0.423745560092526,0.124822298143191
914,"s(lastRippleV1PRE_z):DOWN_yes",0.0968546069025091,0.00102881793227136,0.399237194294148,0.120647594471323
915,"s(lastRippleV1PRE_z):DOWN_yes",0.0980544507358898,0.00103756415477002,0.405956620821246,0.119560046901556
916,"s(lastRippleV1PRE_z):DOWN_yes",0.133245242988837,0.000971209994293096,0.414295062557527,0.140839110815715
917,"s(lastRippleV1PRE_z):DOWN_yes",0.152728429170431,0.00175525315884328,0.508389033495647,0.263990812316036
918,"s(lastRippleV1PRE_z):DOWN_yes",0.0434870312065252,0.000455851010621121,0.266874043203068,0.0785967536789201
919,"s(lastRippleV1PRE_z):DOWN_yes",0.100209978296584,0.00107049354529593,0.40686800560918,0.119820027805779
920,"s(lastRippleV1PRE_z):DOWN_yes",0.299600594522294,0.00274250370324489,0.494926212169195,0.170938594839932
921,"s(lastRippleV1PRE_z):DOWN_yes",0.0722446006353623,0.000769939369285324,0.35270758893535,0.103892328952077
922,"s(lastRippleV1PRE_z):DOWN_yes",0.175311287147222,0.00131226995482515,0.287646448034472,0.158733111934854
923,"s(lastRippleV1PRE_z):DOWN_yes",0.153828830489194,0.00163095788969258,0.502536608207862,0.148014802081609
924,"s(lastRippleV1PRE_z):DOWN_yes",0.194869392774171,0.00145673585525577,0.414709131562858,0.167882879661442
925,"s(lastRippleV1PRE_z):DOWN_yes",0.118761038506742,0.00123066385288355,0.440612043927464,0.13053021380468
926,"s(lastRippleV1PRE_z):DOWN_yes",0.101591012320524,0.000684176026806154,0.31495953220532,0.115542390064411
927,"s(lastRippleV1PRE_z):DOWN_yes",0.0939385819530631,0.000664264764979569,0.334564663945361,0.110177279629981
928,"s(lastRippleV1PRE_z):DOWN_yes",0.216042894254294,0.00228879608781418,0.60137645385202,0.177109715847554
929,"s(lastRippleV1PRE_z):DOWN_yes",0.21761410206412,0.00192865893266449,0.409815414420136,0.136818501038393
930,"s(lastRippleV1PRE_z):DOWN_yes",0.138760942243281,0.00145115371721754,0.4647901049302,0.136885874663159
931,"s(lastRippleV1PRE_z):DOWN_yes",0.0773372127756291,0.000709600494257676,0.307023559771722,0.0978527539432283
932,"s(lastRippleV1PRE_z):DOWN_yes",0.110907382968237,0.00118520791677837,0.425791405027551,0.125439604695995
933,"s(lastRippleV1PRE_z):DOWN_yes",0.143736553172531,0.00127134974452154,0.217629490295712,0.12222965298059
934,"s(lastRippleV1PRE_z):DOWN_yes",0.0955709510488587,0.000644801531542075,0.366148135192535,0.113216970707295
935,"s(lastRippleV1PRE_z):DOWN_yes",0.137147287463137,0.0010191068468666,0.483217298196019,0.145456745337231
936,"s(lastRippleV1PRE_z):DOWN_yes",0.0918527948673171,0.000543846385294364,0.315189692887161,0.136440372068491
937,"s(lastRippleV1PRE_z):DOWN_yes",0.0949924911676696,0.000583079990962448,0.390579511990406,0.115191408383058
938,"s(lastRippleV1PRE_z):DOWN_yes",0.174412763027165,0.00155515838113391,0.41126346361552,0.139117433625034
939,"s(lastRippleV1PRE_z):DOWN_yes",0.154184674112909,0.00131613514184736,0.393798964936043,0.130216468726753
940,"s(lastRippleV1PRE_z):DOWN_yes",0.183390306184826,0.00193501079167841,0.547203880059302,0.161313592047252
941,"s(lastRippleV1PRE_z):DOWN_yes",0.121992614041219,0.000909023093121921,0.412652438181846,0.151416128518874
942,"s(lastRippleV1PRE_z):DOWN_yes",0.136014081926476,0.000919152691632878,0.434638166896888,0.145188841881862
943,"s(lastRippleV1PRE_z):DOWN_yes",0.0914844044847261,0.000948706152987489,0.384798880266188,0.113370941081371
944,"s(lastRippleV1PRE_z):DOWN_yes",0.217965462283926,0.00188744821262074,0.595344371567888,0.177063016467132
945,"s(lastRippleV1PRE_z):DOWN_yes",0.234132241421451,0.00021659696567715,0.608794854548165,0.179372585619053
946,"s(lastRippleV1PRE_z):DOWN_yes",0.154039203361251,0.00118659389010322,0.224605907121562,0.114314490295435
947,"s(lastRippleV1PRE_z):DOWN_yes",0.210300120669598,0.00220594630228735,0.570661914760261,0.168085714679427
948,"s(lastRippleV1PRE_z):DOWN_yes",0.155400606768603,0.00117259309659911,0.346141775960387,0.123906372694954
949,"s(lastRippleV1PRE_z):DOWN_yes",0.301706147109916,0.00317621626919878,0.694680983343538,0.204587265037526
950,"s(lastRippleV1PRE_z):DOWN_yes",0.15359268612071,0.00163431569876844,0.511842214467527,0.150792668296307
951,"s(lastRippleV1PRE_z):DOWN_yes",0.101611684314808,0.00107077464956548,0.405588523786235,0.11945514787374
952,"s(lastRippleV1PRE_z):DOWN_yes",0.194269362554968,0.00135198449333424,0.508398727348197,0.170194025580429
953,"s(lastRippleV1PRE_z):DOWN_yes",0.133329247509733,0.000889956607819072,0.445452165160821,0.135731766996916
954,"s(lastRippleV1PRE_z):DOWN_yes",0.106374552603003,0.00112486458987553,0.430070267353723,0.126666664406701
955,"s(lastRippleV1PRE_z):DOWN_yes",0.14083589944832,0.00125355178020892,0.48777906079112,0.144335786705821
956,"s(lastRippleV1PRE_z):DOWN_yes",0.123459923555275,0.000716980727126511,0.428595524753522,0.129901447024394
957,"s(lastRippleV1PRE_z):DOWN_yes",0.0716447078318732,0.000527588447759754,0.323603137621335,0.101061941611772
958,"s(lastRippleV1PRE_z):DOWN_yes",0.143445447526988,0.00116167720832758,0.212111095944661,0.0789069175254714
959,"s(lastRippleV1PRE_z):DOWN_yes",0.158303449448424,0.00141800603071914,0.388947435882495,0.13561409337627
960,"s(lastRippleV1PRE_z):DOWN_yes",0.0567252634070323,0.000602484757650271,0.305896469087264,0.0917664142427624
961,"s(lastRippleV1PRE_z):DOWN_yes",0.157912537697159,0.00119317161216434,0.369271750513128,0.158551633432312
962,"s(lastRippleV1PRE_z):DOWN_yes",0.1552512776571,0.00151882793898668,0.311650252753643,0.1780473068118
963,"s(lastRippleV1PRE_z):DOWN_yes",0.105717254438163,0.000661065791816014,0.284924165529468,0.109829144425768
964,"s(lastRippleV1PRE_z):DOWN_yes",0.222178896976424,0.00208550889148297,0.623274518198249,0.18893887606825
965,"s(lastRippleV1PRE_z):DOWN_yes",0.223349621446094,0.00162862436771467,0.588905573989258,0.178221743238005
966,"s(lastRippleV1PRE_z):DOWN_yes",0.155660704279533,0.00118789481709614,0.303639808113678,0.129166901819874
967,"s(lastRippleV1PRE_z):DOWN_yes",0.105510543322473,0.00111858143181927,0.416819864138284,0.122761372226229
968,"s(lastRippleV1PRE_z):DOWN_yes",0.181785109747496,0.00191986410020672,0.550867737576979,0.163350887514938
969,"s(lastRippleV1PRE_z):DOWN_yes",0.138699694455644,0.00146303312727115,0.482702518339551,0.142160671898486
970,"s(lastRippleV1PRE_z):DOWN_yes",0.146454523023053,0.000982083339313011,0.439474538466654,0.151920258505161
971,"s(lastRippleV1PRE_z):DOWN_yes",0.168102824670952,0.00116503409014204,0.490306532706006,0.154058711032015
972,"s(lastRippleV1PRE_z):DOWN_yes",0.164088840790312,0.00127050864238957,0.318703304359912,0.129202321696386
973,"s(lastRippleV1PRE_z):DOWN_yes",0.11130548500499,0.000934657828368699,0.294254073681674,0.0941473758234584
974,"s(lastRippleV1PRE_z):DOWN_yes",0.101733177698423,0.000672335998624067,0.408567283974276,0.137736438857636
975,"s(lastRippleV1PRE_z):DOWN_yes",0.107369217848799,0.000782854084957843,0.324603034105967,0.208735402129648
976,"s(lastRippleV1PRE_z):DOWN_yes",0.0353271781451294,0.000377187988465415,0.241078044505591,0.0710007895382976
977,"s(lastRippleV1PRE_z):DOWN_yes",0.173971411451759,0.000872087175357746,0.505001194665479,0.151126888685416
978,"s(lastRippleV1PRE_z):DOWN_yes",0.159185547133364,0.00102631762816457,0.469313457424566,0.165575118340536
979,"s(lastRippleV1PRE_z):DOWN_yes",0.154226904640678,0.00164729007999835,0.506570944209865,0.149188553715259
980,"s(lastRippleV1PRE_z):DOWN_yes",0.176404799938911,0.0011408719381587,0.492675330617413,0.158222697340723
981,"s(lastRippleV1PRE_z):DOWN_yes",0.177493907141441,0.00127676541724641,0.366230921009789,0.136779684694117
982,"s(lastRippleV1PRE_z):DOWN_yes",0.0990184413083552,0.00105479856177455,0.404489029435521,0.119125280781545
983,"s(lastRippleV1PRE_z):DOWN_yes",0.115756875046501,0.00125226086536779,0.440204419550206,0.136684229360161
984,"s(lastRippleV1PRE_z):DOWN_yes",0.211628936623121,0.0016436202194363,0.270266975089164,0.11388239377174
985,"s(lastRippleV1PRE_z):DOWN_yes",0.129924098524122,0.000844993983973142,0.380628297755383,0.162312453829249
986,"s(lastRippleV1PRE_z):DOWN_yes",0.159881168185088,0.00106455243502056,0.414008966883183,0.16543375046469
987,"s(lastRippleV1PRE_z):DOWN_yes",0.151116902564747,0.00115748967973251,0.253950008043135,0.102864116591753
988,"s(lastRippleV1PRE_z):DOWN_yes",0.0872507572608985,0.000927544261301905,0.387915996080061,0.115104970355411
989,"s(lastRippleV1PRE_z):DOWN_yes",0.104586639045248,0.000752889436332609,0.360140828068446,0.116990924701759
990,"s(lastRippleV1PRE_z):DOWN_yes",0.193011099201992,0.00130084906519513,0.559853930279345,0.182238944200032
991,"s(lastRippleV1PRE_z):DOWN_yes",0.0837407145085445,0.000889452104170865,0.371926947140588,0.109547670273729
992,"s(lastRippleV1PRE_z):DOWN_yes",0.137953742019636,0.00103978915330814,0.257383676409849,0.0994226219950595
993,"s(lastRippleV1PRE_z):DOWN_yes",0.0662271462903803,0.000705724170413172,0.334582187902744,0.0985659978906739
994,"s(lastRippleV1PRE_z):DOWN_yes",0.15688138631702,0.00168821715755352,0.517341455970274,0.15876772211754
995,"s(lastRippleV1PRE_z):DOWN_yes",0.215713675295484,0.00227620865761041,0.599991847908469,0.17670943924358
996,"s(lastRippleV1PRE_z):DOWN_yes",0.0939906996955253,0.000999731664002604,0.399086771990071,0.118450097719455
997,"s(lastRippleV1PRE_z):DOWN_yes",0.0791018343862913,0.000559307664378017,0.225057915210067,0.106545115933571
998,"s(lastRippleV1PRE_z):DOWN_yes",0.116363535469103,0.000831137065105782,0.392242911133752,0.11985897762885
999,"s(lastRippleV1PRE_z):DOWN_yes",0.205384127670921,0.00156432161886294,0.487232224734237,0.188825210766697
1000,"s(lastRippleV1PRE_z):DOWN_yes",0.12536008011089,0.000946676935334831,0.3235153180813,0.18208707808352
