"Replicate","Term","Deviance_Value","Eta_Sq_Value","Amplitude_Value","RMS_Value"
1,"s(HC_post_z)",0.0987817986442501,0.000840760755789424,0.206734430103376,0.0610838854855836
2,"s(HC_post_z)",0.0447193525417511,0.000500099924921995,0.141123439045334,0.0415753118017895
3,"s(HC_post_z)",0.116108836080135,0.00093645736991082,0.260283035409165,0.072825749610194
4,"s(HC_post_z)",0.0683710673582762,0.000656685146383122,0.171933815176454,0.0505855945992144
5,"s(HC_post_z)",0.0503482582039965,0.000525178516902228,0.14637011416317,0.0428637898167035
6,"s(HC_post_z)",0.0859364337421411,0.000717440879914569,0.16079636050172,0.0512710029833626
7,"s(HC_post_z)",0.0286761154936084,0.000278857524116416,0.109791093767338,0.0322883747874599
8,"s(HC_post_z)",0.0557514620649879,0.000607482272487078,0.1541324542345,0.0454157401666708
9,"s(HC_post_z)",0.106938948972045,0.00109746562076631,0.207380054565937,0.0610790452437472
10,"s(HC_post_z)",0.0722776243879952,0.000547873888576055,0.187069350376521,0.0539166073985692
11,"s(HC_post_z)",0.137387076178141,0.00147530749184433,0.24009818205463,0.0707596250201474
12,"s(HC_post_z)",0.038138573386659,0.000419456923498995,0.129461937281083,0.0381362720182429
13,"s(HC_post_z)",0.10533254901868,0.000934698267008385,0.336568075890154,0.0840383482181937
14,"s(HC_post_z)",0.0888314148714375,0.000969085323052299,0.196281753186684,0.0578108847248066
15,"s(HC_post_z)",0.155633150829663,0.00152420220669081,0.260035966613868,0.076622143700626
16,"s(HC_post_z)",0.0508446178348176,0.00035991390894135,0.15333527215341,0.0436261437465109
17,"s(HC_post_z)",0.0754322965863192,0.000818548246243698,0.17884859745444,0.0526953202552059
18,"s(HC_post_z)",0.105121717761072,0.0011584116584614,0.215762886889654,0.0635578611616468
19,"s(HC_post_z)",0.12788630894717,0.0010589891385225,0.257853014179168,0.0733048137026608
20,"s(HC_post_z)",0.0710914955445627,0.000587196128797858,0.178221056352355,0.0516506825238921
21,"s(HC_post_z)",0.0777809560630001,0.000835208659875349,0.181620358431055,0.0535175338298317
22,"s(HC_post_z)",0.0574041126822333,0.000488675700975871,0.14863077018491,0.0443967294889005
23,"s(HC_post_z)",0.0754472296813873,0.000802253925942424,0.179541862512002,0.0528906470959452
24,"s(HC_post_z)",0.0417425529006756,0.00044464569786325,0.132760956546874,0.0391033923936167
25,"s(HC_post_z)",0.0788139362529634,0.00062085937645931,0.21561076445066,0.0599786687970235
26,"s(HC_post_z)",0.0539763711038006,0.000552263220676599,0.155321492303486,0.0456274957580326
27,"s(HC_post_z)",0.117503627714035,0.00102905383153475,0.204552210768954,0.0625855448740342
28,"s(HC_post_z)",0.0694672451874059,0.000737526907370079,0.171629486364955,0.0505450040378599
29,"s(HC_post_z)",0.015293666356472,0.0001588142761278,0.0804394479101938,0.0236981618393418
30,"s(HC_post_z)",0.082190890870919,0.000896182072711966,0.18696282731399,0.055074877017374
31,"s(HC_post_z)",0.0978329557242645,0.000871505216411109,0.203525706626952,0.0598528168193623
32,"s(HC_post_z)",0.0671527721088072,0.000733685839675994,0.171107795307419,0.0504264780383276
33,"s(HC_post_z)",0.111158499180945,0.000948628411066489,0.216876477679826,0.0652473983464399
34,"s(HC_post_z)",0.0794435123882185,0.000579067606267146,0.213930476296852,0.0589889949727723
35,"s(HC_post_z)",0.0638816228792045,0.000680465349964847,0.162884436034921,0.0479921123729879
36,"s(HC_post_z)",0.0682487310780182,0.000611279057652691,0.125774782223081,0.0405545025706111
37,"s(HC_post_z)",0.0635488638277089,0.000549714442426988,0.165977362995011,0.0487715511954028
38,"s(HC_post_z)",0.071464736853736,0.000522003856276673,0.212514089162953,0.0574810004191976
39,"s(HC_post_z)",0.134604009905919,0.00108406994978254,0.24719245899083,0.0714895216219158
40,"s(HC_post_z)",0.0653562590312404,0.000721102029422769,0.168723143757179,0.0497479485954983
41,"s(HC_post_z)",0.0860091547603297,0.000651301644679536,0.215681630842871,0.0600140437987596
42,"s(HC_post_z)",0.0645239718044497,0.000696960076088683,0.167074261473476,0.0492259551816959
43,"s(HC_post_z)",0.0453522681994514,0.000337597697428657,0.146580012942047,0.0423328255878855
44,"s(HC_post_z)",0.0649496677119252,0.000567347939458929,0.151285798472946,0.0462004696062766
45,"s(HC_post_z)",0.0332206376130184,0.000364304611680058,0.119412514271182,0.0351840930904415
46,"s(HC_post_z)",0.0513754946658587,0.000534640199257889,0.144884655147287,0.0426979641808818
47,"s(HC_post_z)",0.0912012566448848,0.0010017022770925,0.199022374819267,0.058628725775551
48,"s(HC_post_z)",0.0508115176435524,0.00055697540746426,0.149495205246944,0.0440457944511413
49,"s(HC_post_z)",0.103765434398589,0.00113730354067988,0.213613350000545,0.0629464528530041
50,"s(HC_post_z)",0.0636646611433118,0.000700088548530219,0.168588896275925,0.0496578951280834
51,"s(HC_post_z)",0.0544411212383213,0.00043483220199772,0.154162341979645,0.0449105931866634
52,"s(HC_post_z)",0.108613187760138,0.00103044164428241,0.299497818064029,0.0800585553606806
53,"s(HC_post_z)",0.0836975776410469,0.000923065268542323,0.190775506945799,0.0562294025126772
54,"s(HC_post_z)",0.0487476459473726,0.000521519057715945,0.145115362919301,0.0427695348480982
55,"s(HC_post_z)",0.0786293498230375,0.000841893303719264,0.183612287426324,0.0540849165707102
56,"s(HC_post_z)",0.082440760341715,0.000902037002447805,0.187148340395088,0.0551333689654872
57,"s(HC_post_z)",0.0763885213299726,0.000561038699152639,0.17271752461562,0.0518660971164113
58,"s(HC_post_z)",0.0829168928789841,0.00089509940021855,0.191683851161893,0.0564811899295996
59,"s(HC_post_z)",0.0790980491665909,0.000652864644136187,0.18710128133383,0.0546809840108416
60,"s(HC_post_z)",0.0921725285689252,0.00100834472058397,0.202150471029296,0.0595837856445992
61,"s(HC_post_z)",0.0562536404416729,0.000616121301245726,0.156501395076084,0.0461315805225414
62,"s(HC_post_z)",0.0362673409792542,0.000385236989857442,0.123968094473281,0.0365383539601026
63,"s(HC_post_z)",0.0592545133046265,0.000540634369889095,0.119073171554902,0.0396490023202358
64,"s(HC_post_z)",0.0824671658191694,0.000709580591997658,0.294596224190734,0.0752435522179927
65,"s(HC_post_z)",0.101505064777568,0.00112461691996092,0.209154894286343,0.0616003582463441
66,"s(HC_post_z)",0.0702169741440386,0.000598526516239478,0.157499577009919,0.0487046221141611
67,"s(HC_post_z)",0.085322184169069,0.000921883406289226,0.192018170322029,0.0565674440630759
68,"s(HC_post_z)",0.0899002083541873,0.000982360008207569,0.197670134611812,0.0582361334792673
69,"s(HC_post_z)",0.0625686342899101,0.000674335462883161,0.163948062407123,0.0482938240443303
70,"s(HC_post_z)",0.0640593813253147,0.000632167369277501,0.168820427762152,0.0493625987937821
71,"s(HC_post_z)",0.107652856181344,0.00119664901113656,0.216683972946484,0.0638725462668006
72,"s(HC_post_z)",0.0550008710276781,0.000439834936172699,0.152002740229282,0.0448808558186989
73,"s(HC_post_z)",0.0846809522769068,0.000650579215276311,0.201312177918316,0.0573087881384937
74,"s(HC_post_z)",0.0346796084843479,0.000352746753671563,0.118985787810834,0.035047928548903
75,"s(HC_post_z)",0.0560519924412279,0.000598640059365635,0.154111956263016,0.0454121639986758
76,"s(HC_post_z)",0.0496685511183568,0.000543114793406024,0.147111235238538,0.0433444694076704
77,"s(HC_post_z)",0.0538111940651191,0.000581509254140033,0.153598247673105,0.0452805170760999
78,"s(HC_post_z)",0.0838000798021561,0.00074581407854159,0.355909913716329,0.0838620339693668
79,"s(HC_post_z)",0.108009611322938,0.0011494988961916,0.213583489039606,0.0629490813126461
80,"s(HC_post_z)",0.0757949208281801,0.000846605619461376,0.183142988245193,0.0539401309152456
81,"s(HC_post_z)",0.0605386854575425,0.000669672178685538,0.163834597497226,0.048292575769231
82,"s(HC_post_z)",0.0181482814267522,0.000200627468437142,0.0896392794269812,0.0264022749324771
83,"s(HC_post_z)",0.106602371509581,0.00117233310476334,0.215670860315869,0.0635645626049976
84,"s(HC_post_z)",0.106699261408554,0.000943832973066933,0.208932088759308,0.0625524881142413
85,"s(HC_post_z)",0.0636373229457892,0.000666982831902465,0.161567740919505,0.0476206221680943
86,"s(HC_post_z)",0.0803626746783088,0.000874754372537749,0.185671436165011,0.0546979646214985
87,"s(HC_post_z)",0.0430817520041469,0.000470094301638987,0.137146660107505,0.0404108715191082
88,"s(HC_post_z)",0.0796039403819666,0.000751819510360543,0.182407570059636,0.0539664087775488
89,"s(HC_post_z)",0.069131266112322,0.000551150761022204,0.202636271018757,0.0568903207014158
90,"s(HC_post_z)",0.0883611207053612,0.000958839604690168,0.195712444202363,0.0576888071271441
91,"s(HC_post_z)",0.0981854786729066,0.000852034558747867,0.206600550062882,0.0603671133669198
92,"s(HC_post_z)",0.0773617153223132,0.000845382686877016,0.182041740969589,0.0536455965140813
93,"s(HC_post_z)",0.0678392891098323,0.000748469068567395,0.172566655893335,0.0508550084569483
94,"s(HC_post_z)",0.0668740085554287,0.000524210110245922,0.178695001519701,0.0518288188371816
95,"s(HC_post_z)",0.0819432926255317,0.000897701890362058,0.189109657976062,0.0557496786674521
96,"s(HC_post_z)",0.129673218301475,0.00114571586125422,0.213544648061562,0.0657139292649608
97,"s(HC_post_z)",0.0366942721847003,0.000346336284676522,0.122740350421423,0.0361383145805544
98,"s(HC_post_z)",0.046028832370256,0.000493614134579751,0.140270685455374,0.0413265158360077
99,"s(HC_post_z)",0.0881112141460161,0.000771544594551282,0.20934296810722,0.0619036675930739
100,"s(HC_post_z)",0.115651284345313,0.00126662813638968,0.223799592902286,0.0659442043641792
101,"s(HC_post_z)",0.136264574343409,0.00114938603053627,0.231161719592678,0.0685956522627133
102,"s(HC_post_z)",0.137408916679234,0.00123322620417436,0.250822774736213,0.0725883071196818
103,"s(HC_post_z)",0.0654147784508083,0.000675143336210342,0.162184943855574,0.0477840718566512
104,"s(HC_post_z)",0.043757704272485,0.000483780483490453,0.138609995306878,0.0408385697577663
105,"s(HC_post_z)",0.0747725355200579,0.000813999613229181,0.178904508427724,0.0527177010601769
106,"s(HC_post_z)",0.101272922286208,0.0010940551951392,0.210358393444876,0.0620027391343012
107,"s(HC_post_z)",0.0618864490802604,0.000669447020958288,0.164118761832981,0.0483399224093147
108,"s(HC_post_z)",0.0693663338997634,0.000735600988159651,0.169185371560482,0.0498671764425331
109,"s(HC_post_z)",0.0491459266639804,0.000419730998567708,0.135175244143229,0.040421891353802
110,"s(HC_post_z)",0.0766511231550506,0.000816463918069466,0.179822663434027,0.0529908137039598
111,"s(HC_post_z)",0.0481741461879697,0.000521325149032716,0.142876028803134,0.0420846743430283
112,"s(HC_post_z)",0.159940977853928,0.00174629837136395,0.263927117504129,0.077780579514248
113,"s(HC_post_z)",0.0599127985621362,0.000628652249384213,0.158062494030234,0.0465616944184794
114,"s(HC_post_z)",0.160676800018583,0.00175612199035508,0.264042105281186,0.0777982773005246
115,"s(HC_post_z)",0.0699652531245967,0.000726789913642751,0.170880571703408,0.0503549701255762
116,"s(HC_post_z)",0.0725735809358579,0.000541804758261958,0.197399484755343,0.0550102656519698
117,"s(HC_post_z)",0.0493917276534521,0.000386861223079627,0.137544374803182,0.0394901970000391
118,"s(HC_post_z)",0.0721368073662294,0.000585560474342991,0.224947162264186,0.059490304170399
119,"s(HC_post_z)",0.0713017292615081,0.000752049273394583,0.17355882708185,0.0511419857436514
120,"s(HC_post_z)",0.0740197680071066,0.000611567539011078,0.169312353652171,0.0503048997104063
121,"s(HC_post_z)",0.0715700424930024,0.000780738300403973,0.176287413263197,0.0519204919331177
122,"s(HC_post_z)",0.0736746081073729,0.000790185075445387,0.177020182990377,0.0521904988571205
123,"s(HC_post_z)",0.0659224688712587,0.000605561461103969,0.16783691436248,0.0492124073085856
124,"s(HC_post_z)",0.0975243644124326,0.000822576644403833,0.196537467642562,0.0588208206211552
125,"s(HC_post_z)",0.0677279699633999,0.000724122044951433,0.171018561068485,0.0503890456015801
126,"s(HC_post_z)",0.061040212287697,0.00067168470982313,0.162375060007262,0.0478397401215789
127,"s(HC_post_z)",0.061664491819144,0.000662038762788914,0.163315059842871,0.0481516070348909
128,"s(HC_post_z)",0.0512548490231932,0.00054013780841313,0.146320845978277,0.0430986941513264
129,"s(HC_post_z)",0.0617706542270966,0.000651802048088608,0.15969786178886,0.0470555786858819
130,"s(HC_post_z)",0.082451894611637,0.000880959324257184,0.187775059255034,0.0553398700877426
131,"s(HC_post_z)",0.084966568466486,0.000915347123008876,0.190480833199818,0.0561195065562955
132,"s(HC_post_z)",0.0792573095127462,0.000810231000224872,0.184325671740616,0.0541991665982529
133,"s(HC_post_z)",0.0707704296771965,0.000685043783346872,0.174037801590843,0.0508717076763129
134,"s(HC_post_z)",0.0727500466428133,0.000597168652023146,0.170184993194012,0.0499967715518389
135,"s(HC_post_z)",0.0402902206310678,0.000442041556992304,0.13334166243457,0.0392953629624762
136,"s(HC_post_z)",0.065514644976572,0.0006492147193025,0.169148998729727,0.0496001494797516
137,"s(HC_post_z)",0.08159647530203,0.000878779211042367,0.187347591278995,0.0551805214666848
138,"s(HC_post_z)",0.0388303965568344,0.000246704295859016,0.122362140882844,0.0365395146001115
139,"s(HC_post_z)",0.0701218115035243,0.00074721230464351,0.17195152704539,0.0506535217221618
140,"s(HC_post_z)",0.0721248313450342,0.000766362575117358,0.175809712034335,0.0517816238393357
141,"s(HC_post_z)",0.0523394336242902,0.000558510942058167,0.1486814787532,0.0437885986647811
142,"s(HC_post_z)",0.0530977764127822,0.000571791179502437,0.150629044809512,0.0443796764292518
143,"s(HC_post_z)",0.0325748646013064,0.000365596938771625,0.119695383252938,0.035267027112886
144,"s(HC_post_z)",0.089070283480595,0.000970355559849978,0.196838866445002,0.0579935825678777
145,"s(HC_post_z)",0.0969283875023841,0.000790790990832954,0.207402671849597,0.0608437034978376
146,"s(HC_post_z)",0.0386457806539369,0.000398731959630117,0.125544471532005,0.0370114726331912
147,"s(HC_post_z)",0.0797092919193556,0.00086074469766741,0.186685456890673,0.0549883486956597
148,"s(HC_post_z)",0.066399650467039,0.000598051254340797,0.170853931757899,0.0500706329927385
149,"s(HC_post_z)",0.101569769940459,0.000899536646264777,0.353518765878456,0.0862886003827306
150,"s(HC_post_z)",0.067736840100558,0.000555516178870005,0.170780791772203,0.0497087500609136
151,"s(HC_post_z)",0.0681374808272306,0.000708558552998455,0.166259804978028,0.0489759139908545
152,"s(HC_post_z)",0.065835515123176,0.000687476244603913,0.164794176146484,0.0485893963616727
153,"s(HC_post_z)",0.0905223297565652,0.000970844279839008,0.196589831898098,0.05790437862139
154,"s(HC_post_z)",0.0466746339415351,0.000495630706375771,0.140366232969736,0.0413423413652228
155,"s(HC_post_z)",0.0767855138108366,0.000839078337405293,0.180770800134304,0.0532879598543894
156,"s(HC_post_z)",0.0706165233997691,0.000764783573258298,0.175563857185745,0.0517048282370627
157,"s(HC_post_z)",0.0642905643352982,0.000710074662460058,0.166930246076216,0.0491894503092155
158,"s(HC_post_z)",0.0583210292016059,0.000633498678512967,0.158638701893036,0.046763570220543
159,"s(HC_post_z)",0.0454857012888947,0.000488219822922111,0.141256186677441,0.0415685157883464
160,"s(HC_post_z)",0.0406662774803568,0.000433309615755199,0.130844225124546,0.0385627066395028
161,"s(HC_post_z)",0.0752380179546837,0.000636846341693277,0.247307864307885,0.0635477225743414
162,"s(HC_post_z)",0.0453287920885916,0.000334328167114758,0.156475857648571,0.0442134561057226
163,"s(HC_post_z)",0.081867820720726,0.000915348828420454,0.189042387105816,0.055693728559473
164,"s(HC_post_z)",0.0785948912747987,0.000885199045034744,0.188606388853422,0.055569986848696
165,"s(HC_post_z)",0.0347157284228086,0.000376544395062939,0.121772457292652,0.0358809490914729
166,"s(HC_post_z)",0.0899477558024433,0.000949244119347211,0.193426609101811,0.0569913209479065
167,"s(HC_post_z)",0.0942657446720041,0.00101846315952042,0.200505174604205,0.0590737376270035
168,"s(HC_post_z)",0.040837206411215,0.000427733430172974,0.130257956832605,0.0383913665493444
169,"s(HC_post_z)",0.0387230041017155,0.000406790796948253,0.126592129472844,0.0372877837789422
170,"s(HC_post_z)",0.0352688077083112,0.000384645507301041,0.123034107582673,0.0362695458063459
171,"s(HC_post_z)",0.0496880275071572,0.000533558558360682,0.146177966944882,0.0430662742368845
172,"s(HC_post_z)",0.0588441339983508,0.000504626659502564,0.143088058636015,0.0442641355575807
173,"s(HC_post_z)",0.0562981509356373,0.000594194563639321,0.152900012132208,0.0450332006436821
174,"s(HC_post_z)",0.057583882776699,0.000492383421260046,0.224981778775716,0.057012235340408
175,"s(HC_post_z)",0.0808449963948714,0.000879429314250299,0.188413631511003,0.0555050381568373
176,"s(HC_post_z)",0.0476137795016207,0.000505599224131026,0.142510124110026,0.0419937775315767
177,"s(HC_post_z)",0.0954277267002901,0.00103901192226927,0.203927028008368,0.0601164117466109
178,"s(HC_post_z)",0.0438021188870579,0.000474360478036309,0.135335758397688,0.0398778353462573
179,"s(HC_post_z)",0.0791122067508354,0.000644219957985488,0.184029510718089,0.0548122518164143
180,"s(HC_post_z)",0.0328406104881811,0.000327117067510491,0.114167171375927,0.0336252262443963
181,"s(HC_post_z)",0.0767522532328169,0.000813326267626263,0.18124819728261,0.053402539174679
182,"s(HC_post_z)",0.0815073404683524,0.000876763570492495,0.186380747723654,0.0549120918165944
183,"s(HC_post_z)",0.0675894911273804,0.000730624236714047,0.171614892411809,0.050584572712604
184,"s(HC_post_z)",0.0525158340476892,0.000568492014228891,0.150013212873039,0.0441835215056895
185,"s(HC_post_z)",0.0558082485844906,0.00056059938632437,0.157035930430908,0.0462338062487254
186,"s(HC_post_z)",0.0564465666864216,0.000606548191568198,0.153624109653034,0.0452603690068934
187,"s(HC_post_z)",0.0894731868638328,0.000689790349280124,0.254277536684452,0.0673767614266487
188,"s(HC_post_z)",0.0505172403434493,0.00054238159811193,0.148736467866757,0.0438167239484903
189,"s(HC_post_z)",0.0490609644440934,0.000363021686065189,0.152861464208249,0.043688280478415
190,"s(HC_post_z)",0.0915992850303269,0.000780832699135949,0.198366042714951,0.0586025860020275
191,"s(HC_post_z)",0.0738561985594419,0.000785143848724028,0.175012293821151,0.0515529907839731
192,"s(HC_post_z)",0.0969445857994593,0.00105362327563704,0.203051176291425,0.0598181871511905
193,"s(HC_post_z)",0.0898296947461006,0.00082770576103381,0.194125478572719,0.0573576180103527
194,"s(HC_post_z)",0.104266691228128,0.00112316513031096,0.210059794566708,0.0618860515091169
195,"s(HC_post_z)",0.0763680909219318,0.000825775549480924,0.181632309026646,0.0534913427119291
196,"s(HC_post_z)",0.0951441113476061,0.000869865712969384,0.178607513500208,0.0559497844875808
197,"s(HC_post_z)",0.0934255338395946,0.00102679305645146,0.205228841594113,0.0604475923999798
198,"s(HC_post_z)",0.0827375088659767,0.000895560085806696,0.187566202424377,0.0552852390677125
199,"s(HC_post_z)",0.0957099038881761,0.000996572533238396,0.199248776232247,0.0586980362807846
200,"s(HC_post_z)",0.0919863062314992,0.000990013364072977,0.19891339463603,0.0586161320431018
201,"s(HC_post_z)",0.0530473616630456,0.000447119006614176,0.118938139346112,0.0360100126695213
202,"s(HC_post_z)",0.0798261249859422,0.000845047900536904,0.183579952721745,0.0540658757122438
203,"s(HC_post_z)",0.0729646332165199,0.000750109414999496,0.16874173224007,0.0503559151301846
204,"s(HC_post_z)",0.119142989808418,0.00130506150723371,0.227427624368034,0.0670053967001353
205,"s(HC_post_z)",0.0948488236679381,0.000834846838872766,0.128315838949118,0.0428147985107511
206,"s(HC_post_z)",0.04932344413597,0.000524645456747584,0.14433693899977,0.0425215115181136
207,"s(HC_post_z)",0.0969419845298063,0.00107309593419357,0.207224404622425,0.0610572622945127
208,"s(HC_post_z)",0.033430703088742,0.000304952163357496,0.1091517069687,0.0332266267125325
209,"s(HC_post_z)",0.0599106178637463,0.000642246969378636,0.160112419184281,0.047167316792997
210,"s(HC_post_z)",0.0401715067103385,0.000424397714952636,0.130554743285449,0.0384534594343064
211,"s(HC_post_z)",0.115331680504015,0.00101204939262201,0.233706695418019,0.0680573244302917
212,"s(HC_post_z)",0.090128911922184,0.000727192740930008,0.203165755619136,0.0592342395956195
213,"s(HC_post_z)",0.118227483891069,0.00131073841633799,0.22773717523975,0.067081076727255
214,"s(HC_post_z)",0.0572253361668604,0.000516442158662834,0.1646627804724,0.0473871070031795
215,"s(HC_post_z)",0.146115564924498,0.00159905074132304,0.249480711669575,0.0735062834944386
216,"s(HC_post_z)",0.0177196165949578,0.000100733816269631,0.126953356138086,0.0308795473859438
217,"s(HC_post_z)",0.0586905420760786,0.000624435401179163,0.156260510832084,0.0460414188001105
218,"s(HC_post_z)",0.0573860282093577,0.00061524220710894,0.158609940396418,0.046695182688444
219,"s(HC_post_z)",0.0483973038821741,0.00039296875082758,0.142843609440653,0.0425920706976078
220,"s(HC_post_z)",0.0765786935518005,0.000582225702038965,0.21414845366836,0.0585769914967764
221,"s(HC_post_z)",0.103939726221196,0.000938176468721465,0.379398671417432,0.0903631321647342
222,"s(HC_post_z)",0.0802993835316048,0.000666899459423247,0.24789842962483,0.0648822743077918
223,"s(HC_post_z)",0.0360713308771228,0.000291061307577512,0.065204660745226,0.0240671238907161
224,"s(HC_post_z)",0.0888609255326465,0.000803115505704907,0.163291778635972,0.0517116453362173
225,"s(HC_post_z)",0.0597960748820228,0.000495343265826304,0.15200173656625,0.0456401582441934
226,"s(HC_post_z)",0.0394565335349792,0.000375713443225496,0.130274534665075,0.0382863719760698
227,"s(HC_post_z)",0.0270605130617589,0.000233809344521625,0.0995830756352541,0.0298942516453856
228,"s(HC_post_z)",0.0516981203209639,0.000443710108758965,0.237037871408517,0.0581235983531828
229,"s(HC_post_z)",0.0593321002904972,0.000527299744603403,0.288878360673511,0.0685802531139444
230,"s(HC_post_z)",0.0864430359782435,0.000929733615357655,0.191303070538411,0.056365468445167
231,"s(HC_post_z)",0.0723400668528722,0.000634424408139394,0.176289565760595,0.0521037490394398
232,"s(HC_post_z)",0.0654764292556766,0.00068402127147855,0.162540255354039,0.0478817591747027
233,"s(HC_post_z)",0.0811808362671602,0.000634559771766469,0.213158768430272,0.0600546232805906
234,"s(HC_post_z)",0.0577661943786616,0.000510996208429497,0.262001840980316,0.0633824053350727
235,"s(HC_post_z)",0.0860304535711318,0.000933712007429896,0.194336543864122,0.0572548345549699
236,"s(HC_post_z)",0.0986863480483908,0.00102253150423786,0.202372638374987,0.0596203907482575
237,"s(HC_post_z)",0.125578133974461,0.00123049992577209,0.346858508851968,0.0864825734208545
238,"s(HC_post_z)",0.0876154011784287,0.000942449224059298,0.190982862629778,0.0563081312969177
239,"s(HC_post_z)",0.0439587188567572,0.000471691179978332,0.135611219455949,0.0399406346260713
240,"s(HC_post_z)",0.0558915373488187,0.000587827564455264,0.153886230719874,0.0453478918573944
241,"s(HC_post_z)",0.0744437320722184,0.000799984087522019,0.178242807898212,0.0525411543587328
242,"s(HC_post_z)",0.0443573010444442,0.00037876778981293,0.154641748278605,0.0445087155407528
243,"s(HC_post_z)",0.0625884622786526,0.000672870464085729,0.163990486702337,0.0483056556907695
244,"s(HC_post_z)",0.0385869073942988,0.000286006521686868,0.128058551490715,0.0378749557449481
245,"s(HC_post_z)",0.0424270618740312,0.000401845879339608,0.131210680769672,0.0387424568933722
246,"s(HC_post_z)",0.0543927014754466,0.000577656621601088,0.151152018164031,0.0445160860379228
247,"s(HC_post_z)",0.0683180652034778,0.000672310828942445,0.171168189410627,0.0501805328272373
248,"s(HC_post_z)",0.11794750562864,0.00120264300613258,0.223341648203431,0.0660606901714406
249,"s(HC_post_z)",0.0656883084006576,0.000607753941711536,0.169984243296745,0.0497519977508974
250,"s(HC_post_z)",0.0443804212140027,0.000457912238196853,0.136494155352314,0.0402182277206976
251,"s(HC_post_z)",0.0682506032190382,0.000761446702760512,0.175904889553783,0.0518380204399331
252,"s(HC_post_z)",0.0757807682121001,0.000663032967012803,0.162095792876812,0.049941275559701
253,"s(HC_post_z)",0.0458623561155242,0.000472579565054161,0.136578435488195,0.040256477883318
254,"s(HC_post_z)",0.0481684382979175,0.000515662096113613,0.14321956260546,0.0422044018243898
255,"s(HC_post_z)",0.0957811594049911,0.000808964333834721,0.211314189182179,0.0620957245510965
256,"s(HC_post_z)",0.112038056911148,0.00100498374152159,0.209631522235209,0.0628705007602493
257,"s(HC_post_z)",0.0789191729819247,0.000687484416985636,0.169341904223215,0.0523718820819534
258,"s(HC_post_z)",0.027508838402273,0.000286897292678122,0.105691222765702,0.0311353674512991
259,"s(HC_post_z)",0.0620834734996123,0.000495835841779299,0.186292602100528,0.0526256340328754
260,"s(HC_post_z)",0.0690114423508152,0.0005263644144181,0.193235168801252,0.053971285932836
261,"s(HC_post_z)",0.0956477848640773,0.000835683896932236,0.180357827630088,0.0483337508403291
262,"s(HC_post_z)",0.0601964811359608,0.000643543817405271,0.161353708318539,0.0475565419727712
263,"s(HC_post_z)",0.0335141291878003,0.000366849321467134,0.120297125966456,0.0354737108862618
264,"s(HC_post_z)",0.0566001032312275,0.000590532044645127,0.152479593127042,0.0449547687006209
265,"s(HC_post_z)",0.0376673436698045,0.00029447492597945,0.11209928057833,0.0345161104156415
266,"s(HC_post_z)",0.0652355965886429,0.000546698420178364,0.157248404585965,0.04721990937751
267,"s(HC_post_z)",0.103192244052305,0.00108246846872083,0.209980910634245,0.0618517692651506
268,"s(HC_post_z)",0.104061850667767,0.000918730071553681,0.361432351124011,0.0877574931549119
269,"s(HC_post_z)",0.0829638983950911,0.000869433934503222,0.18503446562123,0.0545176773162762
270,"s(HC_post_z)",0.0444413747220818,0.000482121843344497,0.137427823260302,0.0405017276036827
271,"s(HC_post_z)",0.0881110306590411,0.00096271416443739,0.196922766615899,0.0580044782713116
272,"s(HC_post_z)",0.0790009240279126,0.00082983841103628,0.185040664100221,0.0542306539796966
273,"s(HC_post_z)",0.0542061399353049,0.000471742102367377,0.137856356642971,0.0426771605553882
274,"s(HC_post_z)",0.0644163011523577,0.000526526136769377,0.174199005424972,0.0501954423652924
275,"s(HC_post_z)",0.091736732362703,0.00102802413583409,0.204278862919058,0.0601953053577316
276,"s(HC_post_z)",0.109163293384299,0.00118812900045024,0.218294524793166,0.0643045965053209
277,"s(HC_post_z)",0.0588280354734945,0.000577479251284667,0.159256334623154,0.0468202521713503
278,"s(HC_post_z)",0.0428105958698648,0.000413458422357114,0.130356912174399,0.0381468881193004
279,"s(HC_post_z)",0.101975036136229,0.000849701796320598,0.202491403207187,0.0614502188095623
280,"s(HC_post_z)",0.0444044701291002,0.000467215999087404,0.136856212008618,0.0403221261328405
281,"s(HC_post_z)",0.0811350772289821,0.000689689539594961,0.270120423325377,0.0686087180836262
282,"s(HC_post_z)",0.12135032342691,0.00108703455453382,0.209528894043433,0.0648378761720256
283,"s(HC_post_z)",0.051659428406106,0.000549203016496071,0.148997063482897,0.043889964045499
284,"s(HC_post_z)",0.067250294595393,0.000727958923372484,0.167619234619093,0.0494012170857232
285,"s(HC_post_z)",0.0772094588646972,0.000808092033674508,0.179131540863696,0.0527915429606768
286,"s(HC_post_z)",0.0644719220952314,0.000679798516112936,0.165481524932539,0.0487418041313355
287,"s(HC_post_z)",0.0470418140793747,0.000484741351292582,0.137862850466543,0.0406490614760119
288,"s(HC_post_z)",0.0732025813810253,0.000805225623232562,0.178462113213752,0.052571234471257
289,"s(HC_post_z)",0.0820691617788167,0.000886292698283329,0.186478006766645,0.0549465218100547
290,"s(HC_post_z)",0.0509781460916567,0.000423505694910098,0.13718037870848,0.0421798524278594
291,"s(HC_post_z)",0.0503210293692025,0.000532355338251101,0.146614435362971,0.0431803653305069
292,"s(HC_post_z)",0.0735824130751332,0.000779009980173572,0.175655599763617,0.0517383710561172
293,"s(HC_post_z)",0.109114016949272,0.000854199454932305,0.221195845275027,0.0645674411346432
294,"s(HC_post_z)",0.0868691918265529,0.000762249819787517,0.238271540148822,0.065326772140259
295,"s(HC_post_z)",0.0922595135340156,0.000721568669890761,0.201779508277796,0.0591603972423058
296,"s(HC_post_z)",0.0615049693321748,0.000542382583761416,0.276631804503007,0.0665302614770227
297,"s(HC_post_z)",0.0978885209888016,0.000945837922665272,0.207413246580948,0.0609746271962704
298,"s(HC_post_z)",0.0571385997843485,0.000455588146221644,0.155454437277826,0.0457987751673978
299,"s(HC_post_z)",0.0647481315787228,0.000710374202141717,0.167216891755966,0.0492566871657433
300,"s(HC_post_z)",0.0921671607389385,0.000774221147772063,0.196905241750575,0.0582805229727928
301,"s(HC_post_z)",0.087682944501573,0.000949874816846293,0.193916537494519,0.0571320450430845
302,"s(HC_post_z)",0.0731339939622586,0.000609902586446722,0.179505728909937,0.0534013048264838
303,"s(HC_post_z)",0.0507259211611704,0.000403330063055908,0.173074223788582,0.0497058142464303
304,"s(HC_post_z)",0.100383428636793,0.00100585114898971,0.205981059975777,0.0606474873087187
305,"s(HC_post_z)",0.128298625021289,0.00120980593452011,0.283855137940177,0.0732815518478335
306,"s(HC_post_z)",0.0417016448559302,0.00031414815248067,0.142985493386175,0.0407400758802269
307,"s(HC_post_z)",0.0335722231852209,0.000354839277844553,0.118057528898811,0.0347633441425348
308,"s(HC_post_z)",0.0629501598971451,0.000682512730779536,0.164040654804703,0.0483255483485959
309,"s(HC_post_z)",0.0722983482799364,0.000756789069715116,0.174654757153648,0.0514757227376214
310,"s(HC_post_z)",0.0629512215758297,0.000701745400136489,0.167972650068223,0.0494821009132925
311,"s(HC_post_z)",0.0707950193226434,0.000753217354218395,0.173827037107832,0.0512069256435701
312,"s(HC_post_z)",0.0835966290720513,0.000834888640364035,0.19044729483184,0.0559195326885031
313,"s(HC_post_z)",0.0381062207815184,0.000408404796583507,0.128364575475539,0.0378070984496049
314,"s(HC_post_z)",0.0745427623885995,0.000801082565422287,0.179155146583881,0.0527861293832231
315,"s(HC_post_z)",0.0829052341097896,0.000901955840961662,0.189365321387234,0.055778109347901
316,"s(HC_post_z)",0.0867150927055373,0.00096598929069944,0.196261890918924,0.0578371285878522
317,"s(HC_post_z)",0.0820100640727848,0.000915610752896936,0.191262732829528,0.0563525667240001
318,"s(HC_post_z)",0.0501215433144218,0.000407350025720137,0.148264451642338,0.0433691705845048
319,"s(HC_post_z)",0.0697810146953923,0.00062068618251644,0.181375667758067,0.0522822227735006
320,"s(HC_post_z)",0.0757406850343614,0.000807951334966167,0.178882149281311,0.0527549384185088
321,"s(HC_post_z)",0.0644939536244102,0.000710344312824489,0.168042413136129,0.0495220901619796
322,"s(HC_post_z)",0.0367787925113419,0.00040247224953016,0.126994717075293,0.0374189021476956
323,"s(HC_post_z)",0.0397794466197539,0.000324702071497009,0.199245471857297,0.050785387366129
324,"s(HC_post_z)",0.0424662703566092,0.000317413481245025,0.139849873458291,0.0411546996739088
325,"s(HC_post_z)",0.058986151197443,0.000510361558792413,0.156134185577922,0.0461796441995228
326,"s(HC_post_z)",0.0732739684318471,0.000638346772091941,0.238187877085009,0.0625153330314196
327,"s(HC_post_z)",0.0886465338201337,0.000956641157058477,0.196300027720625,0.0578174453951745
328,"s(HC_post_z)",0.074309297086085,0.000648307360565577,0.245000724509966,0.0635977330752004
329,"s(HC_post_z)",0.086250111334186,0.000929981946621816,0.191513758151674,0.056427262254117
330,"s(HC_post_z)",0.0558627845132591,0.000573737147255401,0.151890154515181,0.044847202011458
331,"s(HC_post_z)",0.0441827609604815,0.000462462790340632,0.136138796339505,0.0401234081297261
332,"s(HC_post_z)",0.0753376133366803,0.000648069761131926,0.230613319794908,0.0626520596527304
333,"s(HC_post_z)",0.0974763866251465,0.000841051115311022,0.255224860465426,0.0691362008725628
334,"s(HC_post_z)",0.0634946571827104,0.000522058787843101,0.167479310799247,0.0490988198295461
335,"s(HC_post_z)",0.0526563749900664,0.000557348713743657,0.149805132719359,0.044153683064794
336,"s(HC_post_z)",0.0679985818405662,0.000733471312487729,0.170645305786427,0.0502671511554671
337,"s(HC_post_z)",0.0561957998228308,0.000436305886480547,0.15001095204214,0.0446555555176094
338,"s(HC_post_z)",0.0244717942814638,0.000255182531052053,0.101798440569614,0.0299901779695559
339,"s(HC_post_z)",0.0778214490734932,0.000852341591782759,0.184580216511564,0.0543636968674025
340,"s(HC_post_z)",0.0460382028404442,0.000468429172483097,0.136045266839872,0.0400839419360138
341,"s(HC_post_z)",0.0788548950982086,0.000615141254192126,0.203239733579641,0.0574562837043971
342,"s(HC_post_z)",0.0659251524135058,0.000500042739207943,0.182027366792686,0.0516144090259396
343,"s(HC_post_z)",0.070294973619168,0.000775812550973888,0.175115638752446,0.0515936975729201
344,"s(HC_post_z)",0.0629814058228089,0.000670986925696998,0.162462342607284,0.0478679197748185
345,"s(HC_post_z)",0.0661882561169378,0.000542804783970635,0.169282539271736,0.0498398880395849
346,"s(HC_post_z)",0.0292962208410348,0.000242655945457255,0.0951337201248441,0.0298770542894976
347,"s(HC_post_z)",0.0625587526437137,0.000549879155074869,0.276542641645569,0.0668592452003064
348,"s(HC_post_z)",0.118418670075087,0.000994260111923085,0.254055402950776,0.0724442619210386
349,"s(HC_post_z)",0.0573464903926979,0.000631452349127782,0.159556308097163,0.0470012081050341
350,"s(HC_post_z)",0.0819562818807142,0.000879678570617383,0.186586711673061,0.0549932904779235
351,"s(HC_post_z)",0.0571752786027044,0.000437933168843452,0.165177064397029,0.0475258145121985
352,"s(HC_post_z)",0.0483483986500577,0.000388855733966263,0.140655135351084,0.0430550740275789
353,"s(HC_post_z)",0.0645491971173513,0.000500403489164592,0.185595455852958,0.0509203051532994
354,"s(HC_post_z)",0.0675872810545037,0.000623304553577547,0.110329423205679,0.0394670313838072
355,"s(HC_post_z)",0.0642382726037418,0.000540614260321511,0.159678273064835,0.0482849667850361
356,"s(HC_post_z)",0.0602673854019464,0.000635358550855602,0.159718001446396,0.0470625474292082
357,"s(HC_post_z)",0.104844712950095,0.00112302613685257,0.212014207381638,0.0624884882116643
358,"s(HC_post_z)",0.0458207614993729,0.000499255206679548,0.141787985501606,0.0417782380715022
359,"s(HC_post_z)",0.076709021223385,0.000708603200170979,0.180318492753471,0.0529013781025001
360,"s(HC_post_z)",0.0500634266820743,0.000542997960221695,0.14590387884674,0.0429758268177491
361,"s(HC_post_z)",0.0563685690913811,0.000489133848439973,0.236037026380013,0.0587833479431679
362,"s(HC_post_z)",0.112413713560448,0.000994916271008933,0.236028696802829,0.0658233171383227
363,"s(HC_post_z)",0.0562852403653071,0.000457021110524557,0.162515081857704,0.0471691610133938
364,"s(HC_post_z)",0.105729950388497,0.00115374629005122,0.212267224990319,0.0625523898914446
365,"s(HC_post_z)",0.0646826711644373,0.00069868454758981,0.166198213818247,0.0489581503835355
366,"s(HC_post_z)",0.0329911490569277,0.0003489233428725,0.118586610133823,0.0349293031447736
367,"s(HC_post_z)",0.0493971944230314,0.00054046599367174,0.146757522633694,0.0432218421241328
368,"s(HC_post_z)",0.0800313245525306,0.000878542444614638,0.187233142706672,0.0551572480188448
369,"s(HC_post_z)",0.0730796063362344,0.000775342363529876,0.173859521190671,0.051228508244316
370,"s(HC_post_z)",0.0778511750576687,0.000669756103689933,0.250661615285792,0.065694127577455
371,"s(HC_post_z)",0.0552688950147946,0.000434730008903812,0.159089250412447,0.0460585995296156
372,"s(HC_post_z)",0.05173955851029,0.000411247481892358,0.146170967914696,0.0431388991771977
373,"s(HC_post_z)",0.0707499464146917,0.000765498482761807,0.17271039647665,0.0508878691108263
374,"s(HC_post_z)",0.0335525524165341,0.00035690373150708,0.119433709805081,0.0351841257604406
375,"s(HC_post_z)",0.0649801662033411,0.000720553975788969,0.16959471883907,0.0499711824546085
376,"s(HC_post_z)",0.0404544320769329,0.000425913209290956,0.131051739561734,0.0386007863055464
377,"s(HC_post_z)",0.0667646798281822,0.000717374530755857,0.168880137652771,0.0497537568920314
378,"s(HC_post_z)",0.10934211596471,0.000862203120881402,0.252337318926254,0.0698212058577974
379,"s(HC_post_z)",0.0741201375383458,0.000573792000143968,0.190443166426131,0.0542695017702023
380,"s(HC_post_z)",0.0572277234880119,0.000628975804060235,0.157925637656002,0.0465467658962266
381,"s(HC_post_z)",0.107912326005096,0.00121058327642766,0.220854125168398,0.0650672457263927
382,"s(HC_post_z)",0.0318836305642041,0.000332461517414191,0.114282560780133,0.0336695614610965
383,"s(HC_post_z)",0.0329489225706077,0.000361293083089328,0.119928287741418,0.0353226046733475
384,"s(HC_post_z)",0.041728095296099,0.000457090554784716,0.13445814802065,0.0396091814821092
385,"s(HC_post_z)",0.123471198221239,0.00103806493088251,0.232814506986351,0.0679626224406167
386,"s(HC_post_z)",0.0744270584210938,0.000819803979167909,0.179766336352532,0.0529560376940566
387,"s(HC_post_z)",0.044516008981125,0.000469088994816864,0.135647656744714,0.039974351045952
388,"s(HC_post_z)",0.0273353411388229,0.000266802261672195,0.107206090574573,0.0315069254367324
389,"s(HC_post_z)",0.058162331752726,0.000439015145562287,0.178704759765652,0.0502037582240308
390,"s(HC_post_z)",0.0373958671042818,0.000389616982727601,0.123339783315489,0.0363383583993635
391,"s(HC_post_z)",0.0565596646693507,0.000551405426158848,0.15678654632799,0.046320726381864
392,"s(HC_post_z)",0.0688988178507923,0.000636274079397165,0.17021322348946,0.0501897695202802
393,"s(HC_post_z)",0.0993098782119741,0.000794330712117107,0.241111120875028,0.0671043173117369
394,"s(HC_post_z)",0.0806623456548454,0.000868228518480868,0.18588664652912,0.0547800018287187
395,"s(HC_post_z)",0.0792734345357893,0.000866719237000267,0.187185806564825,0.0551756802099544
396,"s(HC_post_z)",0.0595152443435438,0.000628673483195075,0.158719968351708,0.0467831534648052
397,"s(HC_post_z)",0.0571879961166175,0.000473239079236066,0.154021362478921,0.0454079036335823
398,"s(HC_post_z)",0.0556523019326498,0.000582300190407567,0.151081064684924,0.0445573486814287
399,"s(HC_post_z)",0.0505188923054032,0.000331899991772479,0.188594373679788,0.0494252291509121
400,"s(HC_post_z)",0.0542373275245218,0.000517416541781946,0.14702597584761,0.0436750295735778
401,"s(HC_post_z)",0.0868319520187342,0.000763590590005641,0.169363268356253,0.0532825128525764
402,"s(HC_post_z)",0.0696573244722654,0.000583839948707698,0.160731376120521,0.0485440853091578
403,"s(HC_post_z)",0.114294395466917,0.00126829470040191,0.225141175695513,0.0663322046046617
404,"s(HC_post_z)",0.0529526608080992,0.000554123994760924,0.148061958302147,0.0436278304101062
405,"s(HC_post_z)",0.0456526976076805,0.000503149387462358,0.141639088157922,0.0417328691550706
406,"s(HC_post_z)",0.0659709262545327,0.000722156070817808,0.170191828139677,0.0501541027350897
407,"s(HC_post_z)",0.11754548729008,0.0012560770923244,0.223864697980012,0.0659700857626673
408,"s(HC_post_z)",0.0612182134768329,0.000641053019310582,0.159297156994291,0.0469604729954247
409,"s(HC_post_z)",0.121991749368163,0.00119312638973532,0.227645562635293,0.0670823477526212
410,"s(HC_post_z)",0.0755542167818195,0.000642712961410387,0.173000517011628,0.0518288132957994
411,"s(HC_post_z)",0.053526596526142,0.000489230605889616,0.153192584695032,0.0448043473437178
412,"s(HC_post_z)",0.0944324495529987,0.000678007022632758,0.225506893426038,0.0625359436877739
413,"s(HC_post_z)",0.114987081957381,0.00103484158363001,0.194401295102919,0.0613684131356013
414,"s(HC_post_z)",0.0675566056846293,0.000592843011318858,0.257915874120209,0.0642629022838731
415,"s(HC_post_z)",0.0919389250250262,0.000820561069467543,0.218772697809545,0.059102252130563
416,"s(HC_post_z)",0.0338193535132323,0.000339900725665608,0.116031692717503,0.0341819239543645
417,"s(HC_post_z)",0.0639330902769046,0.000693329761700374,0.163865448812987,0.0483118540269282
418,"s(HC_post_z)",0.0525855417737144,0.000581178139864892,0.151139449561202,0.0445243859411093
419,"s(HC_post_z)",0.0507969893783144,0.000531999007293806,0.145353203976529,0.0428065326711095
420,"s(HC_post_z)",0.091841624430911,0.000728221893083467,0.25776960517152,0.0683126030959862
421,"s(HC_post_z)",0.0791767325740498,0.000694011242168882,0.180254831199438,0.0534301129809141
422,"s(HC_post_z)",0.0807804343866518,0.000684778086076072,0.191053785232334,0.0561335624043771
423,"s(HC_post_z)",0.11656487257415,0.00124959041435414,0.222421732141524,0.0655496698602251
424,"s(HC_post_z)",0.0787566383555944,0.000863739827626074,0.183722025387719,0.0541408844598316
425,"s(HC_post_z)",0.0725856127956579,0.000775462355353502,0.173922838718464,0.0512558372604651
426,"s(HC_post_z)",0.051189350883158,0.000530804376265245,0.144560457839452,0.0425819257165082
427,"s(HC_post_z)",0.0337204729835499,0.000359762192078867,0.119440212078425,0.0351904307444256
428,"s(HC_post_z)",0.0737922554529735,0.000637407001997273,0.169840852832673,0.0509121919152412
429,"s(HC_post_z)",0.112484113621639,0.00102918598035469,0.301098695628713,0.0814124075100678
430,"s(HC_post_z)",0.0432553981302881,0.000354668843977774,0.14498418204337,0.0416315056691541
431,"s(HC_post_z)",0.0605036913762635,0.000648970490153625,0.160362786410996,0.0472345213781191
432,"s(HC_post_z)",0.0610205974850953,0.000626987497926756,0.163603735656549,0.0478845016074703
433,"s(HC_post_z)",0.127064931534751,0.00136114984865359,0.232456027383315,0.0684683439213929
434,"s(HC_post_z)",0.0342044846396039,0.00027835030265971,0.145526048304734,0.0412988125444753
435,"s(HC_post_z)",0.0815706723124876,0.000887775454437281,0.188146982800853,0.0554573305767678
436,"s(HC_post_z)",0.0614644728102132,0.000468570053954278,0.20428719862394,0.0544394985421769
437,"s(HC_post_z)",0.0581877545839227,0.000458712838776219,0.156040038282133,0.0455079222748508
438,"s(HC_post_z)",0.0354790928647279,0.000295760015923853,0.123086347661988,0.0360515181115096
439,"s(HC_post_z)",0.0769689631978778,0.000662459829432238,0.163953235784903,0.0518103601291196
440,"s(HC_post_z)",0.0461600743717643,0.000360225010352273,0.13999384205475,0.0406702613845546
441,"s(HC_post_z)",0.0603914576589659,0.000620206448645452,0.157721321512035,0.0464787424384331
442,"s(HC_post_z)",0.07781017942518,0.000819943309274336,0.180192908725588,0.0530727009835784
443,"s(HC_post_z)",0.127942630556459,0.00138883851986274,0.23642806304645,0.0696631575956296
444,"s(HC_post_z)",0.052723382393653,0.000576826555185798,0.151419657082645,0.0446457279245267
445,"s(HC_post_z)",0.0578609882074126,0.000616171298967218,0.15751181260306,0.046411647922853
446,"s(HC_post_z)",0.0567197929805641,0.000619820052177327,0.156562976340205,0.0461285772894639
447,"s(HC_post_z)",0.0948683945862197,0.000990047895022576,0.197932509900667,0.0583339868613314
448,"s(HC_post_z)",0.0484765961887508,0.000356133425967272,0.162561817880357,0.0450975550515871
449,"s(HC_post_z)",0.0562115627395645,0.000605645066240499,0.152909599272571,0.0450489031919223
450,"s(HC_post_z)",0.0758541091301783,0.000671962542128387,0.268421776079542,0.0704236423985818
451,"s(HC_post_z)",0.088704042002469,0.000941267916794178,0.191683306203415,0.0564708349077494
452,"s(HC_post_z)",0.0474235169026116,0.000498945393577767,0.140887124118952,0.041537170151247
453,"s(HC_post_z)",0.0541908190111879,0.000584202648053125,0.151143594649668,0.0445216949490328
454,"s(HC_post_z)",0.107796615957538,0.000932878354695293,0.24933850698515,0.0712096610956772
455,"s(HC_post_z)",0.0720049099787055,0.000535911210930934,0.194616456996738,0.0544075366773533
456,"s(HC_post_z)",0.0820968431948437,0.000856187050392748,0.185146547040798,0.0545510877085559
457,"s(HC_post_z)",0.0539460879524913,0.000598338218603242,0.152547041153914,0.0449511853079778
458,"s(HC_post_z)",0.0817925238248272,0.000901014414583122,0.187091483742579,0.0551147668253328
459,"s(HC_post_z)",0.0705291770964553,0.000616387909241689,0.175035341760879,0.0513668745413332
460,"s(HC_post_z)",0.0918122166960931,0.000989582534393797,0.198554351300551,0.0585304735735465
461,"s(HC_post_z)",0.109056296036217,0.00118407214938656,0.21792498605923,0.0641868418296613
462,"s(HC_post_z)",0.0397308876562921,0.000418242282011145,0.128374627116059,0.0378112016073251
463,"s(HC_post_z)",0.106093247263486,0.000936122910789651,0.269260648167618,0.073355141643713
464,"s(HC_post_z)",0.0870853638014992,0.00096746224278166,0.195687091045435,0.0576511844557553
465,"s(HC_post_z)",0.0676618820055719,0.000733110039773501,0.171218387803481,0.0504508888136082
466,"s(HC_post_z)",0.0846064961123272,0.000729339854365548,0.194356117771791,0.0569271334612611
467,"s(HC_post_z)",0.0866169811168849,0.000814588198904168,0.270071780676137,0.0724674524745345
468,"s(HC_post_z)",0.0728797796725917,0.000791446673108479,0.181845939502076,0.0533526004321915
469,"s(HC_post_z)",0.0605314827559766,0.000654367103745685,0.16002699293419,0.0471440567075292
470,"s(HC_post_z)",0.0631497794217424,0.000700524046343913,0.165703732517367,0.0488298162796534
471,"s(HC_post_z)",0.097001630798653,0.00105984500476684,0.206261203494578,0.0607735188703697
472,"s(HC_post_z)",0.0772494643186601,0.000817683838636977,0.180519398679385,0.0531800954850085
473,"s(HC_post_z)",0.130891275649903,0.00145684806285737,0.242652738875521,0.0714735595663575
474,"s(HC_post_z)",0.111798516473517,0.00124349215511977,0.222382506352041,0.0655130379870284
475,"s(HC_post_z)",0.065560735267395,0.000693603666535764,0.164883127695762,0.048577411460306
476,"s(HC_post_z)",0.0411874425309442,0.000316697657993071,0.145757027248533,0.0411109919252729
477,"s(HC_post_z)",0.0717234962383966,0.000620777215895707,0.204439077081163,0.0597010584276137
478,"s(HC_post_z)",0.0608509926648058,0.000460552726516949,0.191990732016296,0.0512303788241636
479,"s(HC_post_z)",0.098910583779201,0.000866824441196625,0.333254106006558,0.0820136710296582
480,"s(HC_post_z)",0.0371231042384874,0.000404693913263202,0.126486323171304,0.0372720422660818
481,"s(HC_post_z)",0.082745072319943,0.000708367173851998,0.173219327361171,0.0524991020634219
482,"s(HC_post_z)",0.0564972366851553,0.000468168060250141,0.14265487560163,0.0434732489548706
483,"s(HC_post_z)",0.0281436772709984,0.000294002059713545,0.108770492976457,0.0320634974267565
484,"s(HC_post_z)",0.0700556963783505,0.00063213318011066,0.166516919954974,0.049953235871604
485,"s(HC_post_z)",0.0605384875569683,0.000670013896618199,0.162841614642812,0.0480005418552359
486,"s(HC_post_z)",0.0499422219904435,0.000511439844640361,0.141986021687888,0.0418401613239335
487,"s(HC_post_z)",0.0877535593387933,0.000970395504883998,0.196766004509973,0.0580003998406861
488,"s(HC_post_z)",0.0376258391634963,0.000408899014771732,0.125415862751601,0.0369467356117577
489,"s(HC_post_z)",0.0275318630254233,0.000290391287035387,0.106637558050328,0.0314098111558621
490,"s(HC_post_z)",0.0604989192647061,0.000638056706676724,0.158695395219775,0.0467518098793368
491,"s(HC_post_z)",0.047336406523927,0.00050596057781699,0.140730816510705,0.0414582127875908
492,"s(HC_post_z)",0.0524340839041404,0.000562950222985401,0.149429978015594,0.0440118298621499
493,"s(HC_post_z)",0.0646972551107758,0.000639231723391445,0.168531876555687,0.049458465497909
494,"s(HC_post_z)",0.0975225461424003,0.000791391139068759,0.217052367829886,0.0627913723719624
495,"s(HC_post_z)",0.075142853940287,0.00062801195082638,0.181192839166701,0.0528814887338825
496,"s(HC_post_z)",0.0418285144821358,0.000446473287797861,0.132901592584803,0.0391525146548166
497,"s(HC_post_z)",0.0954740014209765,0.000870616114981919,0.167297302078137,0.0545952392174121
498,"s(HC_post_z)",0.0761428598709522,0.000817363012383547,0.180809617825,0.0532517700786056
499,"s(HC_post_z)",0.0611615230108029,0.000442659232799596,0.151639161418545,0.045723836445635
500,"s(HC_post_z)",0.0984886423620495,0.00106792634289825,0.207252176615872,0.0610544203504111
501,"s(HC_post_z)",0.097765720912756,0.00103514891386398,0.203484415107886,0.0599332433994832
502,"s(HC_post_z)",0.043192970364327,0.000460254977064827,0.135207419704062,0.0398246284067792
503,"s(HC_post_z)",0.0954981128981895,0.000824037000478054,0.194045709289081,0.0590346877618131
504,"s(HC_post_z)",0.108270987133707,0.00104622340893995,0.319434348391019,0.0858464326145939
505,"s(HC_post_z)",0.0535248062720122,0.000589467823595116,0.15250684971807,0.0449309822803605
506,"s(HC_post_z)",0.0455629355851546,0.000472389016186044,0.137375111070768,0.040470582631754
507,"s(HC_post_z)",0.0468120538636487,0.000504198052643159,0.141173920877566,0.0415911236740383
508,"s(HC_post_z)",0.0945405369267789,0.00102765146417126,0.199488960683055,0.0587552939045814
509,"s(HC_post_z)",0.0597539479067706,0.000648620983752448,0.159043807434305,0.0468697755911068
510,"s(HC_post_z)",0.0586003655717189,0.000449407256904355,0.169766121412775,0.0490424913638164
511,"s(HC_post_z)",0.0806307932637189,0.000625119251726937,0.190737369317788,0.0549478588566373
512,"s(HC_post_z)",0.0837770177515011,0.000731532858875391,0.249873703523669,0.0663968893378733
513,"s(HC_post_z)",0.074959219313719,0.000815067013714304,0.180595974259605,0.0532042385396087
514,"s(HC_post_z)",0.130090337552994,0.00141063538684056,0.236042530457095,0.0696096739918981
515,"s(HC_post_z)",0.0543220337124719,0.000572418416883307,0.152089350402465,0.0448161743990221
516,"s(HC_post_z)",0.0947171061093197,0.00102901303754244,0.203509800565609,0.0599539831311843
517,"s(HC_post_z)",0.0568724146523056,0.000479502708372771,0.150749378474319,0.0449366697134193
518,"s(HC_post_z)",0.079926942226404,0.000881066222806442,0.185771289298014,0.0547416620785547
519,"s(HC_post_z)",0.0530887558747715,0.000595899676519456,0.155609228950995,0.0458342236976872
520,"s(HC_post_z)",0.0612100678642165,0.000627032394598599,0.159936608680362,0.0471344256383213
521,"s(HC_post_z)",0.0594656125615423,0.000389827442323395,0.151578949805135,0.0450434888973042
522,"s(HC_post_z)",0.0676335652502011,0.000708867136120514,0.169527115088388,0.0499322088923805
523,"s(HC_post_z)",0.106996879471058,0.00120619740321887,0.218901671050966,0.0644999080205503
524,"s(HC_post_z)",0.0558148232763873,0.000446673584375245,0.150361666425247,0.0444212379106818
525,"s(HC_post_z)",0.0432236598890317,0.000442387777362125,0.138860339137848,0.0403923423890602
526,"s(HC_post_z)",0.0510560315611368,0.000469138817956331,0.149467912518983,0.0435860697361742
527,"s(HC_post_z)",0.0642283938252639,0.000703436163624827,0.166431186501512,0.0490274167686036
528,"s(HC_post_z)",0.0785742780777383,0.000667770150528777,0.18420407721619,0.0541188568547311
529,"s(HC_post_z)",0.0364693393581845,0.000242610210524772,0.162610965351803,0.0428648107157947
530,"s(HC_post_z)",0.0717016431428412,0.000598166471547367,0.182234376321769,0.0526529773418003
531,"s(HC_post_z)",0.0856328120869119,0.000734676955506105,0.236420911935051,0.0665448421820935
532,"s(HC_post_z)",0.0634425183730833,0.000669487608952053,0.163111478131121,0.0480863094987525
533,"s(HC_post_z)",0.0588097148561602,0.000589732598912079,0.155575813491667,0.0461997514970019
534,"s(HC_post_z)",0.0610137918184908,0.000535253135220086,0.156417412448604,0.0464226389262261
535,"s(HC_post_z)",0.105931332282923,0.000894767076374942,0.190998405650244,0.0599190623401869
536,"s(HC_post_z)",0.0672715493456817,0.0005714124497515,0.157099431534021,0.0481086275833001
537,"s(HC_post_z)",0.0410809883001022,0.000438903556634045,0.13183635744594,0.0388279660486303
538,"s(HC_post_z)",0.0536883886141091,0.000566951658554385,0.151532831840387,0.044624207506511
539,"s(HC_post_z)",0.0733171772034069,0.000799862904207298,0.176714497013974,0.0520562216499467
540,"s(HC_post_z)",0.0614800175811805,0.000430622086490498,0.18847327322674,0.0516548303008354
541,"s(HC_post_z)",0.0786096295344372,0.000668743690214811,0.166010206329831,0.0521159524828166
542,"s(HC_post_z)",0.0689026499482885,0.000760145550712872,0.173873396565235,0.0512272808026215
543,"s(HC_post_z)",0.0638263350740456,0.000693450628791661,0.165311835100895,0.0487104471935995
544,"s(HC_post_z)",0.0892095212855875,0.000775576287830006,0.14576354159301,0.0467346344357198
545,"s(HC_post_z)",0.0806758066887596,0.000874606892012009,0.187578519894867,0.0552896790048857
546,"s(HC_post_z)",0.0678676791859569,0.000734324811838553,0.171720441404967,0.0505952159502241
547,"s(HC_post_z)",0.0473979118621362,0.000374913726450242,0.169006903613034,0.0467636937110413
548,"s(HC_post_z)",0.103362945071279,0.000879718840319184,0.207446359180487,0.0619976558293047
549,"s(HC_post_z)",0.0693326810442194,0.000513743768394089,0.192657628840346,0.0536586601946213
550,"s(HC_post_z)",0.0886276873027256,0.000976839268334545,0.196896992776175,0.0580032838108197
551,"s(HC_post_z)",0.101802614521517,0.000933559553356405,0.308321283140209,0.0807363854508656
552,"s(HC_post_z)",0.0784945058306938,0.000863677582633539,0.18549931945914,0.0546667883902652
553,"s(HC_post_z)",0.0465606579470919,0.000519986918068706,0.142982055654847,0.0421144753124785
554,"s(HC_post_z)",0.0311648312967936,0.000341148738967647,0.116559164084072,0.0343299706969877
555,"s(HC_post_z)",0.123023549877317,0.00102783417585145,0.227540469368504,0.0666015905890032
556,"s(HC_post_z)",0.062208916987565,0.000645717335612826,0.163875882628347,0.0481844525966882
557,"s(HC_post_z)",0.0569533377902012,0.000611525453884815,0.153100158638756,0.0451018591518451
558,"s(HC_post_z)",0.0849533901883124,0.000921610377894053,0.190557853858083,0.0561528888477882
559,"s(HC_post_z)",0.0796970348877917,0.000745762430245772,0.184402358459379,0.0542379806110313
560,"s(HC_post_z)",0.086196907041554,0.00092777885897535,0.19322673395614,0.056933648465712
561,"s(HC_post_z)",0.0757812127247224,0.000574757382399455,0.181065893338876,0.052946606288869
562,"s(HC_post_z)",0.0636596404765566,0.000698957867965197,0.167819348911167,0.0494318401363629
563,"s(HC_post_z)",0.0608533715996682,0.000645062383255727,0.159240855113059,0.0469087725962719
564,"s(HC_post_z)",0.0766359640156846,0.000636641229747537,0.173189180942349,0.0517208345217792
565,"s(HC_post_z)",0.112042805447842,0.00110457037418093,0.339229495158836,0.0859103929566939
566,"s(HC_post_z)",0.0833270397673544,0.000906697960101406,0.188876162072877,0.0556729571212215
567,"s(HC_post_z)",0.0789359543152397,0.000665297175370707,0.30878179046314,0.0750068961199138
568,"s(HC_post_z)",0.107428818788808,0.000943799386571831,0.212955582738663,0.0623526156862212
569,"s(HC_post_z)",0.0796502737012528,0.000644500828249568,0.182962472878454,0.054558234730686
570,"s(HC_post_z)",0.0539040475225825,0.000577850557622502,0.151341551009681,0.0445777077321119
571,"s(HC_post_z)",0.0885448281977297,0.00096162800662562,0.196520476644614,0.0579121387996144
572,"s(HC_post_z)",0.0460551020895412,0.000348247696605487,0.171171708670223,0.0458299287334484
573,"s(HC_post_z)",0.0690450641976224,0.000728436629220379,0.175934569132834,0.0519998447049131
574,"s(HC_post_z)",0.0549110450462376,0.000519084001832344,0.154397304463511,0.0452675485534096
575,"s(HC_post_z)",0.092741618898712,0.000989183301703121,0.201376006125976,0.0593141212526592
576,"s(HC_post_z)",0.0825776662177162,0.000796949570446312,0.191092545103501,0.0560589735943081
577,"s(HC_post_z)",0.109096443208461,0.00118126657640273,0.215634625221426,0.0635137861628998
578,"s(HC_post_z)",0.0796316721715549,0.000617160464385445,0.195959958979613,0.0562335293864092
579,"s(HC_post_z)",0.0698980662027395,0.000767808771762445,0.174943870140277,0.0515895337872518
580,"s(HC_post_z)",0.0743728776781527,0.000790561887863916,0.178325218888734,0.0525436710064722
581,"s(HC_post_z)",0.0464716081985284,0.000492130237799166,0.140926739778861,0.0415038551371482
582,"s(HC_post_z)",0.0825583169349695,0.000705220434889657,0.18029897592688,0.0538753489359631
583,"s(HC_post_z)",0.0433620774866839,0.00047026153435325,0.13608428064117,0.0400883612108971
584,"s(HC_post_z)",0.0807767509406396,0.000642742091991486,0.184722509754786,0.0546574494034113
585,"s(HC_post_z)",0.101528010021546,0.000841141406848584,0.211118363218154,0.062192085357007
586,"s(HC_post_z)",0.131013569944438,0.00143510937672623,0.239512984214477,0.0705592942989721
587,"s(HC_post_z)",0.0729932174436367,0.000580346369670498,0.196845649372768,0.0559404552738003
588,"s(HC_post_z)",0.0824395579379154,0.000884828083450971,0.188466561687949,0.0555178157533699
589,"s(HC_post_z)",0.0685602312600651,0.000523625794899753,0.182005458581215,0.0518227940194067
590,"s(HC_post_z)",0.0819337568213765,0.000713746183911684,0.166403298819014,0.0530105914949287
591,"s(HC_post_z)",0.0687599369904195,0.000737786539356763,0.172488922970684,0.0508151923095872
592,"s(HC_post_z)",0.0558764953992075,0.000614184947868669,0.156953702473184,0.0462452544058728
593,"s(HC_post_z)",0.0380227368288821,0.000404745282568745,0.125939767824411,0.0371021712765733
594,"s(HC_post_z)",0.0623941809245903,0.000655399125439551,0.162321740165734,0.047825582995267
595,"s(HC_post_z)",0.134818669817061,0.00119351744925504,0.322458739630173,0.0854225037532005
596,"s(HC_post_z)",0.0340165771620775,0.000374313951468735,0.121639939542073,0.0358477231512404
597,"s(HC_post_z)",0.0979951908868486,0.00096976775481262,0.203291034420118,0.0603888041794232
598,"s(HC_post_z)",0.14381012322988,0.00128486746234325,0.347247369921016,0.0904666936549541
599,"s(HC_post_z)",0.0667672331230289,0.000718607045446567,0.169213122411044,0.0498465428228469
600,"s(HC_post_z)",0.0641710397708479,0.000642317929585893,0.15981157551853,0.0471376430994572
601,"s(HC_post_z)",0.0556290399596691,0.000618116156473579,0.156255497838365,0.0460408153385838
602,"s(HC_post_z)",0.0318325580738357,0.000290935631693845,0.116730994132692,0.034041192168657
603,"s(HC_post_z)",0.0936477673832883,0.000801650038907298,0.197999153596641,0.0587160394455294
604,"s(HC_post_z)",0.0506638034233635,0.000525563244582601,0.144872481898643,0.0427000086059802
605,"s(HC_post_z)",0.058878238243727,0.000642090567833351,0.160116527379947,0.0471903168793614
606,"s(HC_post_z)",0.0682891952574742,0.000538024993449835,0.170439217042131,0.049669559147831
607,"s(HC_post_z)",0.0428718381339017,0.000462897135416931,0.136025824278785,0.0400918190731801
608,"s(HC_post_z)",0.0767957960121546,0.000575576604837297,0.198603375034326,0.0559768017500042
609,"s(HC_post_z)",0.0590682748783813,0.000617452555296321,0.161987394585408,0.047463213269344
610,"s(HC_post_z)",0.0567372568917435,0.000445390070249797,0.164290417000826,0.0470376744014305
611,"s(HC_post_z)",0.049110589363325,0.000400400597930876,0.131920888438102,0.0404709530713314
612,"s(HC_post_z)",0.0245688964166852,0.000259157571881681,0.100350939638571,0.0295601474558643
613,"s(HC_post_z)",0.0737449455631438,0.0007423123288523,0.178681837578476,0.0519159621339712
614,"s(HC_post_z)",0.0950906793122162,0.000819131708281069,0.184461420111874,0.0569442358304449
615,"s(HC_post_z)",0.0517644033126459,0.000557317958292042,0.149005743540876,0.0438962644003827
616,"s(HC_post_z)",0.0848501140708606,0.000797920338118065,0.334574824282852,0.080459805656457
617,"s(HC_post_z)",0.0723260325849875,0.000598200510943088,0.180224866393285,0.0525852352019296
618,"s(HC_post_z)",0.0701612238466023,0.000775738135725664,0.176741880133359,0.0520762268768223
619,"s(HC_post_z)",0.0657289070276832,0.000509239463897019,0.224216159375215,0.0588641577061823
620,"s(HC_post_z)",0.0493188552202231,0.000442484218069675,0.127217918296729,0.0397579015108407
621,"s(HC_post_z)",0.0362311281048679,0.000368262909353858,0.123385454365059,0.0363895703777298
622,"s(HC_post_z)",0.132080685448859,0.00106790706564353,0.263265145784952,0.0738415785701464
623,"s(HC_post_z)",0.0618817083545817,0.000650706194756302,0.161109898557933,0.0474597315647293
624,"s(HC_post_z)",0.0221664744727388,0.000233385228628982,0.096357600608635,0.0283747975149338
625,"s(HC_post_z)",0.0460001019397307,0.00049087559889262,0.139451597817201,0.0410938108361656
626,"s(HC_post_z)",0.0325050279810206,0.000255367851280483,0.116768340926676,0.0342836065022579
627,"s(HC_post_z)",0.0826418637604895,0.00072427887621974,0.171339960033002,0.0525183040170171
628,"s(HC_post_z)",0.0420827764795408,0.000355834729608911,0.22787132407083,0.0547853486517507
629,"s(HC_post_z)",0.0770744703956883,0.000833182036891135,0.181591570935268,0.0535109973290279
630,"s(HC_post_z)",0.0457239697186385,0.000396457494501936,0.121041693926176,0.0377584962817851
631,"s(HC_post_z)",0.107784044678342,0.000935653022631104,0.214765487907649,0.0634070061299562
632,"s(HC_post_z)",0.0514877606577819,0.000421327628822582,0.126417567686857,0.0403731461677504
633,"s(HC_post_z)",0.0664764443143326,0.000749183586875135,0.171512609121263,0.0505297681385881
634,"s(HC_post_z)",0.0907270173693107,0.000992101169082155,0.199429070940356,0.0587453771646301
635,"s(HC_post_z)",0.10828110653339,0.000894359025387919,0.25020983840431,0.0697175726625269
636,"s(HC_post_z)",0.0683908395813937,0.000519562052022778,0.192562008482664,0.0540718107772141
637,"s(HC_post_z)",0.0366860008528658,0.000398221722512047,0.125894232024783,0.0370883868959505
638,"s(HC_post_z)",0.0684100856144152,0.000765246305246085,0.173286576280679,0.0510681233675441
639,"s(HC_post_z)",0.0596424622861367,0.000663154411954085,0.161792258507156,0.0476561952939571
640,"s(HC_post_z)",0.0667962116049967,0.000699694162368163,0.167765495657937,0.0494479671210396
641,"s(HC_post_z)",0.112116954377106,0.000982938555208637,0.210777019137741,0.0632238635721421
642,"s(HC_post_z)",0.0794060755992998,0.000768909589350093,0.32547058994942,0.079102674717617
643,"s(HC_post_z)",0.0334666476672769,0.000277848930191055,0.125059705483816,0.0355853649868635
644,"s(HC_post_z)",0.0823302463476008,0.000897731026035277,0.188987957143415,0.05567666327469
645,"s(HC_post_z)",0.0488596707547444,0.000522305945933604,0.144844140245688,0.0426873098410947
646,"s(HC_post_z)",0.0558792423193619,0.000610901146799952,0.155976842804115,0.0459714228670928
647,"s(HC_post_z)",0.0968690896092586,0.00103284091423597,0.201028425520021,0.0592565779112833
648,"s(HC_post_z)",0.0966161915036849,0.00108115341816197,0.20851081346675,0.0614182497627922
649,"s(HC_post_z)",0.0915924674297006,0.00100421815070004,0.200170409431056,0.0589558717689519
650,"s(HC_post_z)",0.0587425620802779,0.000622938096290576,0.157823700092152,0.046500254314559
651,"s(HC_post_z)",0.106205091765421,0.00112319319429383,0.210456432507995,0.0620050757345372
652,"s(HC_post_z)",0.0569125353945363,0.000600089739253227,0.15418940675985,0.0454474114566562
653,"s(HC_post_z)",0.0974788401763114,0.000850308752629781,0.329354727338783,0.0813108843498116
654,"s(HC_post_z)",0.0524693459964478,0.000565244176695555,0.150108085052338,0.0442260480671395
655,"s(HC_post_z)",0.0670430084290707,0.000538462437959441,0.210011732277497,0.0576104698224267
656,"s(HC_post_z)",0.0473423378026343,0.000421159016641911,0.140340156687308,0.0411882905734248
657,"s(HC_post_z)",0.109650774381977,0.00120280122560294,0.217358265821654,0.0640681820915701
658,"s(HC_post_z)",0.0559885602213299,0.000615033289979516,0.15617500831382,0.0460147302665772
659,"s(HC_post_z)",0.0687538851056075,0.000512661881190001,0.205572245722675,0.0559379441264966
660,"s(HC_post_z)",0.0922606100109942,0.000816854991414155,0.165085002864013,0.0530883694880865
661,"s(HC_post_z)",0.0565075106767754,0.000607098417942578,0.1558178972139,0.0458946257450112
662,"s(HC_post_z)",0.0987500115501021,0.000881746473271451,0.321573579649941,0.0805980674345632
663,"s(HC_post_z)",0.072551370688215,0.000610846769814343,0.184403210158514,0.0533209480597733
664,"s(HC_post_z)",0.0687970366086077,0.000571469088052584,0.220229021251403,0.0584619898936951
665,"s(HC_post_z)",0.0811457312377097,0.000899548909630649,0.18851040310576,0.0555345627149436
666,"s(HC_post_z)",0.0441819266555932,0.000389183145897553,0.133570365952948,0.0393364572095856
667,"s(HC_post_z)",0.0612042071082364,0.000483593868114426,0.171873686240736,0.0487490878395152
668,"s(HC_post_z)",0.03721968798612,0.000287331241392788,0.126167109783804,0.0367212932176596
669,"s(HC_post_z)",0.0858191915135773,0.000750104564848003,0.280430277344857,0.0727898156654596
670,"s(HC_post_z)",0.0751998057476566,0.000825469626110073,0.18007688421005,0.0530834904878525
671,"s(HC_post_z)",0.0922569995696705,0.00072751019869768,0.219476482649411,0.0621660778701664
672,"s(HC_post_z)",0.0416641847784067,0.000445738847803687,0.131999804736628,0.0388791891142918
673,"s(HC_post_z)",0.0828455612943984,0.000906123181744249,0.189373305462073,0.0557832019044622
674,"s(HC_post_z)",0.0752561688852698,0.000839225012888406,0.182892311488542,0.0538975596130136
675,"s(HC_post_z)",0.0401137269410548,0.000323407241383749,0.188211503183538,0.048134372817722
676,"s(HC_post_z)",0.0615351950385943,0.000664563041724923,0.161893073728713,0.047694704545874
677,"s(HC_post_z)",0.0423321253744806,0.000461327961482889,0.134346884720451,0.0395741075288678
678,"s(HC_post_z)",0.0622951434236132,0.000549926466285736,0.160791180695103,0.0472150271456951
679,"s(HC_post_z)",0.0534779265044545,0.000472400616031097,0.147031307172068,0.0435764068212684
680,"s(HC_post_z)",0.0877273401221146,0.00076590681099474,0.187917816812176,0.0562038499410354
681,"s(HC_post_z)",0.0871404157976272,0.000961839757792781,0.195127936681105,0.0574745273274473
682,"s(HC_post_z)",0.0389219388443607,0.000401910657882416,0.125495854140638,0.0369678754532706
683,"s(HC_post_z)",0.0415375174403785,0.00043228171919883,0.129936271989108,0.0382929158740512
684,"s(HC_post_z)",0.0749793907611647,0.000812726908055042,0.179207480878054,0.052786691814676
685,"s(HC_post_z)",0.0477044618828888,0.000522111654678315,0.144385577612792,0.0425255576982112
686,"s(HC_post_z)",0.0543425185807198,0.000600842926071841,0.155284719291919,0.045744114589401
687,"s(HC_post_z)",0.0386034536248854,0.000408358822960872,0.127546014039422,0.0375829073626332
688,"s(HC_post_z)",0.101155037046935,0.00102825566742568,0.209302510598819,0.0615276732942146
689,"s(HC_post_z)",0.0422125008256664,0.00034275066836822,0.140843813584902,0.0405261957891894
690,"s(HC_post_z)",0.0867553650395809,0.000938990437487007,0.193212240463438,0.0569376502570416
691,"s(HC_post_z)",0.0301311891938916,0.000312319710479847,0.110667407796358,0.0326038012857858
692,"s(HC_post_z)",0.0600927394736566,0.000656987703356339,0.161106870270207,0.0474621525098153
693,"s(HC_post_z)",0.0568800878395752,0.000621441464708774,0.15662900672049,0.046157758000107
694,"s(HC_post_z)",0.113895175724322,0.00097083596894423,0.227772827192438,0.0661451332436945
695,"s(HC_post_z)",0.0843783040494692,0.00078183187242393,0.189333140910849,0.0557111231363984
696,"s(HC_post_z)",0.106254979379367,0.000929182225891562,0.315898748389674,0.0807228066164962
697,"s(HC_post_z)",0.0488980695020498,0.000380746409057853,0.152215468007584,0.0438131559422475
698,"s(HC_post_z)",0.093422365119892,0.000940954721951414,0.198812056499142,0.058592686598656
699,"s(HC_post_z)",0.0635576443756687,0.000491766402671705,0.27638392326342,0.0670141791016238
700,"s(HC_post_z)",0.0827488823889198,0.000896944359340203,0.190433768708109,0.056114677972866
701,"s(HC_post_z)",0.0475589059534265,0.000528479631326787,0.143769444656396,0.0423583370590162
702,"s(HC_post_z)",0.0144420179164886,0.000150866911771955,0.0767888207294345,0.0226350214159093
703,"s(HC_post_z)",0.0495137440762132,0.000536929060679682,0.146109084877451,0.0430415297276774
704,"s(HC_post_z)",0.106781172196461,0.00117843449797497,0.217725554447987,0.0641847812872954
705,"s(HC_post_z)",0.0663792915497954,0.000726888187722539,0.170288943645938,0.0501584767916575
706,"s(HC_post_z)",0.0561120267467636,0.000623857348736294,0.158435381957379,0.0466881029873967
707,"s(HC_post_z)",0.0598256830825719,0.000473675513863789,0.167896154822258,0.0484568866215839
708,"s(HC_post_z)",0.0916845104811301,0.000966567759201576,0.194963110585304,0.0574682767484116
709,"s(HC_post_z)",0.0876352756017589,0.000989499175150309,0.198368166897131,0.0584579781777519
710,"s(HC_post_z)",0.0426066040224384,0.000454593988085662,0.134345453073977,0.039573686689871
711,"s(HC_post_z)",0.0435953954212014,0.000321892644601317,0.136213491724967,0.0396148045101715
712,"s(HC_post_z)",0.0727008747184179,0.00080091680683052,0.17781741827003,0.0523961724586905
713,"s(HC_post_z)",0.0452648954586188,0.000368977609511832,0.145256610596151,0.0420446121529925
714,"s(HC_post_z)",0.0551834668900426,0.000576530124018881,0.153676989889323,0.0452659945442176
715,"s(HC_post_z)",0.0604243810455181,0.000637202544569631,0.157402507250482,0.0464162688925879
716,"s(HC_post_z)",0.0580706118471674,0.000610582777625233,0.150331909310678,0.0448123259347566
717,"s(HC_post_z)",0.0466489725820498,0.000477176426717744,0.143600302583996,0.0422025567313123
718,"s(HC_post_z)",0.0574541403847331,0.000550839977677465,0.153277413801532,0.045098074528555
719,"s(HC_post_z)",0.0595711730816877,0.000647332485322005,0.160844838304409,0.0473989693112294
720,"s(HC_post_z)",0.092476849891554,0.000766108948598817,0.20439988461783,0.0596993871945688
721,"s(HC_post_z)",0.0235276330935488,0.000255931869546501,0.100493648659474,0.0295994428898366
722,"s(HC_post_z)",0.0499660762972489,0.00053131676246207,0.146143415187206,0.0430452266467543
723,"s(HC_post_z)",0.0552622656719901,0.000357145259473996,0.161702442752058,0.0469044579248802
724,"s(HC_post_z)",0.0701347902983951,0.000751282117750623,0.173660892244565,0.0511659400206563
725,"s(HC_post_z)",0.0646225203103796,0.000708962587103359,0.167828514512449,0.0494912240752076
726,"s(HC_post_z)",0.0673003226888653,0.000580711460648806,0.284050383993336,0.0692499268880086
727,"s(HC_post_z)",0.0470885168516144,0.0005092339691311,0.143065076425823,0.0421391727804513
728,"s(HC_post_z)",0.0353170700577863,0.000384642944681997,0.123652914479823,0.0364167184851616
729,"s(HC_post_z)",0.0455434750645338,0.000492265157656057,0.137992777851236,0.0406415248340121
730,"s(HC_post_z)",0.0599446601363258,0.000623044424373287,0.157760276380663,0.0464800904909913
731,"s(HC_post_z)",0.0712854652162562,0.000766443802483428,0.174007571847007,0.0512804563194254
732,"s(HC_post_z)",0.0403514690845928,0.000294544064020919,0.17045686720205,0.0450358687269063
733,"s(HC_post_z)",0.0700164668906673,0.000583075929175633,0.203007214182105,0.0560511152053988
734,"s(HC_post_z)",0.0588036600825816,0.000625717542222837,0.157278311513405,0.0462013117881871
735,"s(HC_post_z)",0.0436474106731417,0.000473371473015436,0.137908525781189,0.0406667164483491
736,"s(HC_post_z)",0.047493670706908,0.000523000779061543,0.144839090046443,0.0426641190844595
737,"s(HC_post_z)",0.049500466509814,0.000519228676263055,0.145674779769923,0.0428691267928792
738,"s(HC_post_z)",0.0460248715159626,0.000482929456103711,0.138468151206399,0.0408195218561624
739,"s(HC_post_z)",0.0973409617780501,0.00105344978458772,0.205281940223151,0.0604994683764412
740,"s(HC_post_z)",0.101424191663572,0.000872157381024477,0.294540951243955,0.0756442286279317
741,"s(HC_post_z)",0.0937987571949677,0.00103538362862022,0.203751383905984,0.060018821838273
742,"s(HC_post_z)",0.0579338562384244,0.000494723596960924,0.152729450126913,0.0457363311630653
743,"s(HC_post_z)",0.037660441497648,0.000383193313024054,0.123132655735979,0.0362769224635161
744,"s(HC_post_z)",0.0787435543510657,0.000688464538652313,0.154906510993634,0.0500060979149631
745,"s(HC_post_z)",0.0548506424713917,0.000442556100581251,0.150810849435265,0.0458403357500012
746,"s(HC_post_z)",0.0794246311571065,0.000663710255120076,0.196552226038643,0.056313710124421
747,"s(HC_post_z)",0.0307851958837642,0.000254673371044216,0.191905150545168,0.0466080719418689
748,"s(HC_post_z)",0.0755413318508005,0.000661632953340581,0.186844243321307,0.0541028976735599
749,"s(HC_post_z)",0.0913031049526207,0.000968232725073836,0.19496249493769,0.0574285064203112
750,"s(HC_post_z)",0.114527638035273,0.000949656003100203,0.228719386968793,0.0666843353602205
751,"s(HC_post_z)",0.0940038167769046,0.000747020993380622,0.198942558561586,0.0586109823343803
752,"s(HC_post_z)",0.0841482175726291,0.000935003572649758,0.193368360681146,0.0569605519694106
753,"s(HC_post_z)",0.113719318459893,0.00103946205920562,0.249792148263188,0.0734259489684123
754,"s(HC_post_z)",0.0539649040622106,0.000575637473546178,0.152296835550737,0.0448299424135295
755,"s(HC_post_z)",0.112585125800653,0.000945447376748663,0.22387144022102,0.0654301247792891
756,"s(HC_post_z)",0.0682072092237487,0.000733741271916302,0.172226737338547,0.050727745613913
757,"s(HC_post_z)",0.0836418197786202,0.000911578704452578,0.190304778049091,0.0560561375110095
758,"s(HC_post_z)",0.0183942412455966,0.00019112079592009,0.0864823308075551,0.0254724273004532
759,"s(HC_post_z)",0.0390099944330018,0.000284509550522871,0.141760354104629,0.0399152818671341
760,"s(HC_post_z)",0.0645001843363584,0.00049675956473801,0.17530552336687,0.0509957033389554
761,"s(HC_post_z)",0.073511223487742,0.000809108269743446,0.179236464058172,0.0528118497981943
762,"s(HC_post_z)",0.0924717741203605,0.000773659430501152,0.196847828700986,0.0581839787655888
763,"s(HC_post_z)",0.134944764066372,0.00114812744089706,0.245819864261959,0.0715313763451372
764,"s(HC_post_z)",0.081911457918352,0.000742643968018025,0.165196115354858,0.0519045673220229
765,"s(HC_post_z)",0.0739185903961879,0.000803704317029978,0.177730143206367,0.0523500949132134
766,"s(HC_post_z)",0.065085432889477,0.000512171102219567,0.172090979253744,0.0500555464843572
767,"s(HC_post_z)",0.0514396470678431,0.000558033379458207,0.14943934796746,0.0440147351065894
768,"s(HC_post_z)",0.0708497373066201,0.000750121619488924,0.171589097348152,0.0505483429711489
769,"s(HC_post_z)",0.0846007650153506,0.000902717553124296,0.190340788609117,0.0560665351029436
770,"s(HC_post_z)",0.0656310139534551,0.000542799070277042,0.167086832277084,0.0488358819538097
771,"s(HC_post_z)",0.0885993388151789,0.000713551824418214,0.206253435130324,0.0598097189612077
772,"s(HC_post_z)",0.0448413821673395,0.000455393116893448,0.139652336939495,0.0411183644191616
773,"s(HC_post_z)",0.0718031798903009,0.000809040910633665,0.17903004593161,0.0527632759097489
774,"s(HC_post_z)",0.0771397251581973,0.00069177110738467,0.294112334919806,0.0733723308711093
775,"s(HC_post_z)",0.0900322230507236,0.000761092165781924,0.199090330221096,0.0585710481598103
776,"s(HC_post_z)",0.0362474405379665,0.000405886700163001,0.127310691762115,0.0375063319528722
777,"s(HC_post_z)",0.0943297213960523,0.000803284781171304,0.299029026249899,0.0757584882388508
778,"s(HC_post_z)",0.0574030472547129,0.000610216252782123,0.15564612560618,0.0458431350631873
779,"s(HC_post_z)",0.108981572360006,0.00116426151056773,0.215939733149238,0.0636155775785617
780,"s(HC_post_z)",0.0304918419935607,0.000336928476526976,0.114949836360838,0.0338720509988106
781,"s(HC_post_z)",0.116098532192353,0.00125336935002988,0.223430644039301,0.0658738721459711
782,"s(HC_post_z)",0.118044869561912,0.00100745562469712,0.222602728590457,0.0659508804335059
783,"s(HC_post_z)",0.0780301537777781,0.000844212727225845,0.182041172637211,0.0536485350004384
784,"s(HC_post_z)",0.05152802904718,0.000440371692392951,0.145567380018378,0.0429937802437006
785,"s(HC_post_z)",0.0959613723725337,0.000814375980039845,0.201497529765579,0.0602014298295941
786,"s(HC_post_z)",0.101763021485921,0.00111701867595301,0.210294080197165,0.0619429171175053
787,"s(HC_post_z)",0.096262200776275,0.000798967641196284,0.20278659947007,0.0598461040686305
788,"s(HC_post_z)",0.1319097948882,0.00142772246174568,0.238472137055853,0.0702771899900544
789,"s(HC_post_z)",0.0640907131295059,0.000696057675603176,0.167802207861138,0.0494568635080831
790,"s(HC_post_z)",0.0490674511778,0.000527667522519353,0.144541300263442,0.0425828366757998
791,"s(HC_post_z)",0.06220958221631,0.000673409861211024,0.161882668095418,0.0476896268034707
792,"s(HC_post_z)",0.0844848631230164,0.000673330523016638,0.202335653781117,0.0577041957026495
793,"s(HC_post_z)",0.0619130972784507,0.000458338784550259,0.217647308331589,0.0560438960497024
794,"s(HC_post_z)",0.0783740181150137,0.000670231835109909,0.243694115868909,0.0648749123604302
795,"s(HC_post_z)",0.0820249136545197,0.000869245837847786,0.190180860805978,0.0560703904360925
796,"s(HC_post_z)",0.103670081842292,0.00108504840730202,0.207080421673075,0.0610588943949553
797,"s(HC_post_z)",0.0674737676130235,0.000572373886706925,0.172833841016082,0.050725810219167
798,"s(HC_post_z)",0.0472575714549652,0.000516660094200051,0.14380919096408,0.0423663058876285
799,"s(HC_post_z)",0.0505323135268156,0.000398693132560471,0.111842460206185,0.0366377064982295
800,"s(HC_post_z)",0.114166800304091,0.000939830090976979,0.228296909058098,0.0667604613156107
801,"s(HC_post_z)",0.109359869477069,0.00120231740139881,0.218635710949343,0.0644173007160765
802,"s(HC_post_z)",0.0397631420972786,0.000435044246910684,0.131245211895652,0.0386564820933938
803,"s(HC_post_z)",0.0816121879932794,0.00071302216906032,0.188087145435522,0.0551928852615404
804,"s(HC_post_z)",0.0778345876244977,0.00083878889144535,0.183012196213109,0.0539109882289855
805,"s(HC_post_z)",0.0682957157750597,0.000607334951218793,0.16975256449555,0.0500660295598375
806,"s(HC_post_z)",0.0354556400466652,0.000394437010249468,0.124608531670836,0.0367121189040529
807,"s(HC_post_z)",0.0635180833857234,0.000674167822287661,0.160301626494916,0.0472226560776097
808,"s(HC_post_z)",0.0702834359627751,0.000560333595237894,0.218210044564861,0.059009926407786
809,"s(HC_post_z)",0.0706042783271421,0.000767785369426603,0.177138812265113,0.0521809173317086
810,"s(HC_post_z)",0.0652532858943839,0.000538560464073644,0.249757279687338,0.0627613874012829
811,"s(HC_post_z)",0.0833552343554853,0.000915720317613295,0.190748081493068,0.0562044456580489
812,"s(HC_post_z)",0.115325532416838,0.000974406519025908,0.212220312911808,0.064720814599309
813,"s(HC_post_z)",0.0849451204071148,0.000962283795864587,0.195740480643342,0.057707704121867
814,"s(HC_post_z)",0.0870882169762961,0.000921320516935686,0.192570135089481,0.056777283912029
815,"s(HC_post_z)",0.0984466347020874,0.000862742386911794,0.301678086552992,0.0763695112660796
816,"s(HC_post_z)",0.151339859400929,0.00167285855653888,0.255077359211012,0.0751695174776818
817,"s(HC_post_z)",0.0794628068014198,0.000749975457018031,0.320306313486634,0.0789772893559708
818,"s(HC_post_z)",0.0601778426078976,0.000653316118353604,0.15870601890646,0.0467480171006154
819,"s(HC_post_z)",0.114410843756417,0.00102596168675233,0.196339901836089,0.0619954243177699
820,"s(HC_post_z)",0.0780014698144402,0.000616992817122833,0.18238517967109,0.0538879126629854
821,"s(HC_post_z)",0.0539288536211764,0.000402595626927183,0.179890602519104,0.0498921862876844
822,"s(HC_post_z)",0.0580038155128513,0.000625508085531167,0.158739312202591,0.0468016907219513
823,"s(HC_post_z)",0.0957330391678077,0.0007605085223079,0.202556218779816,0.0590616367916644
824,"s(HC_post_z)",0.0462281031831004,0.000441673253389335,0.141324352393735,0.0414984624335826
825,"s(HC_post_z)",0.112632568119498,0.000972196744252818,0.189620378972391,0.0600092119080544
826,"s(HC_post_z)",0.083121673495258,0.000756943640656512,0.267069571127371,0.0693010640899684
827,"s(HC_post_z)",0.0624607430604076,0.000659536160081635,0.161328982056136,0.047530180864608
828,"s(HC_post_z)",0.104777103974353,0.00115278089651746,0.217313248945175,0.0640075380311638
829,"s(HC_post_z)",0.0488078739237512,0.000488612729285384,0.140717165729996,0.0414892476823438
830,"s(HC_post_z)",0.10803088729612,0.00118499517483927,0.218306926759482,0.0643095012890325
831,"s(HC_post_z)",0.0493364404792782,0.000510661531693696,0.143442965444984,0.0422573240946107
832,"s(HC_post_z)",0.0969397787329456,0.000862053233855795,0.18146540812091,0.0566376901397986
833,"s(HC_post_z)",0.0701548362809206,0.000750215793233202,0.172821725149717,0.0509139718097209
834,"s(HC_post_z)",0.0498026883546849,0.00054587529401358,0.146290721750892,0.0430913051642504
835,"s(HC_post_z)",0.03697252823412,0.00039262448330428,0.125388526250347,0.0369801959319882
836,"s(HC_post_z)",0.0325243192975062,0.000327138586573663,0.113222975805272,0.0333859065179047
837,"s(HC_post_z)",0.0541676590334621,0.000450770142185819,0.158030100755286,0.0454916428326532
838,"s(HC_post_z)",0.0700744546073988,0.000596844798610056,0.177196972039243,0.0512271204210629
839,"s(HC_post_z)",0.0504608123414467,0.000460949161300498,0.145576236157383,0.043123232827258
840,"s(HC_post_z)",0.116955724258,0.000978844495475888,0.237023406096696,0.0683870367235465
841,"s(HC_post_z)",0.0461814917970447,0.000484508538344597,0.13766941348279,0.0405967198503008
842,"s(HC_post_z)",0.0413898345999897,0.000460477341043334,0.136591735572088,0.0402382716080896
843,"s(HC_post_z)",0.0518017295599922,0.000577609915667587,0.151720004309124,0.0446935206976247
844,"s(HC_post_z)",0.0231011300699073,0.000239451603076826,0.0986128906612912,0.0290740992327106
845,"s(HC_post_z)",0.0398800806369231,0.000327030499835208,0.130049538707329,0.0383722106108586
846,"s(HC_post_z)",0.111387134980388,0.00120583281553157,0.220594548171604,0.064993807660163
847,"s(HC_post_z)",0.0636263279712033,0.00067738428027577,0.163574031317558,0.0481896048668812
848,"s(HC_post_z)",0.0268927703330082,0.000223235475704626,0.0883754987290969,0.027950380083727
849,"s(HC_post_z)",0.0768439734327444,0.000824862888303273,0.182693044592951,0.0538285786254399
850,"s(HC_post_z)",0.0929602155119014,0.000986805025149186,0.19826160084511,0.058394212221342
851,"s(HC_post_z)",0.0582121623340459,0.00065539667814999,0.160781159211869,0.0473832246394777
852,"s(HC_post_z)",0.0881429822262003,0.000729564384097683,0.192756219027705,0.0571673104748487
853,"s(HC_post_z)",0.059201934850428,0.000633970240287614,0.158986988801496,0.0468421697418272
854,"s(HC_post_z)",0.0573933372867437,0.000479146874198151,0.157437447492499,0.0456974736619947
855,"s(HC_post_z)",0.0398835196923688,0.0004484006915772,0.132550993792896,0.039058457925863
856,"s(HC_post_z)",0.0603894510705079,0.000644805951806854,0.159600717101649,0.0470293493397049
857,"s(HC_post_z)",0.0695321718445285,0.000516531723694745,0.197612801521969,0.055206174805452
858,"s(HC_post_z)",0.0804309515824428,0.000882385117368216,0.189004794219506,0.0556731542845963
859,"s(HC_post_z)",0.0834202167863367,0.000881285561598592,0.188700712602632,0.0556147073870344
860,"s(HC_post_z)",0.0597522093999814,0.000428183548727881,0.191121309023499,0.0516504998019637
861,"s(HC_post_z)",0.0699408457387634,0.000760512776945857,0.175791808631752,0.0517915400221373
862,"s(HC_post_z)",0.0615182350210404,0.0005005119472567,0.148651270201609,0.0452895570286423
863,"s(HC_post_z)",0.0264749974689522,0.000280390950029784,0.106429511979343,0.0313704216255307
864,"s(HC_post_z)",0.0414397413239715,0.000455776523837968,0.135247102636865,0.0398526474179967
865,"s(HC_post_z)",0.0466165842151227,0.000508051371366795,0.142657904919754,0.0420245426756446
866,"s(HC_post_z)",0.057127758533305,0.000599513888995255,0.152853334779084,0.0450269297499763
867,"s(HC_post_z)",0.0745087397071824,0.000819746596342394,0.17814621106409,0.0524895851159787
868,"s(HC_post_z)",0.0519378692879489,0.000399601995749787,0.201515166319856,0.052178513706186
869,"s(HC_post_z)",0.0485902034683683,0.00053186664339486,0.145334701076175,0.0428108328014255
870,"s(HC_post_z)",0.0564708671937435,0.000571929590349068,0.154178137595776,0.0455700970703
871,"s(HC_post_z)",0.0693357329783524,0.000578496620152147,0.145976850228231,0.0462050425788141
872,"s(HC_post_z)",0.0533027600918441,0.000556617033011419,0.147667143096552,0.0435342013876407
873,"s(HC_post_z)",0.0627209022105912,0.000544288106306293,0.144812271933092,0.0445410784058545
874,"s(HC_post_z)",0.109877927980667,0.000901739145593524,0.211101890140778,0.0624217748903261
875,"s(HC_post_z)",0.0988765179455253,0.000881589180176551,0.172768291448449,0.0563324310540655
876,"s(HC_post_z)",0.0958779996217576,0.00105713637776847,0.206463517105466,0.0608240953596473
877,"s(HC_post_z)",0.0863102863748964,0.000755265925440031,0.330268904553312,0.0817517470660102
878,"s(HC_post_z)",0.0259610111313009,0.000233670022365051,0.101747037858242,0.0299285163488086
879,"s(HC_post_z)",0.0752814590106663,0.000806135771341109,0.180766718247147,0.0532557001800963
880,"s(HC_post_z)",0.0705449609420992,0.000626226734996372,0.258449360679407,0.0650395022552769
881,"s(HC_post_z)",0.0572973272812973,0.00061937927416379,0.155599320246798,0.0458521425416039
882,"s(HC_post_z)",0.089894489049902,0.000784261212359975,0.285674276751336,0.0730056713739656
883,"s(HC_post_z)",0.0711242082272108,0.000764216771931011,0.172666085365555,0.0508651673228051
884,"s(HC_post_z)",0.0710111821684567,0.000786409631795571,0.177090277932102,0.0522017257793066
885,"s(HC_post_z)",0.0995603217410821,0.00109518495134726,0.20732418947859,0.0610824074227763
886,"s(HC_post_z)",0.0840221242343837,0.000651129797168243,0.207709743680263,0.0591020752256824
887,"s(HC_post_z)",0.0431971046201642,0.000472863707928941,0.136668269183789,0.0402509174200831
888,"s(HC_post_z)",0.0785880135494335,0.000679943944930576,0.256454407256352,0.0668887612857581
889,"s(HC_post_z)",0.0711704249789733,0.000770601616984117,0.172131036474273,0.0507335197276551
890,"s(HC_post_z)",0.0764665511631808,0.000838508149684075,0.181344087219662,0.0534152606647582
891,"s(HC_post_z)",0.0642002555190366,0.000563444551904265,0.255591464131292,0.0634453710238957
892,"s(HC_post_z)",0.0591177239522658,0.000642138896813973,0.159100853038012,0.0468723963234485
893,"s(HC_post_z)",0.0378015045525704,0.000337695350315197,0.100589690139925,0.0326960119433489
894,"s(HC_post_z)",0.0334824872490103,0.000371061017311425,0.122292224534115,0.0360269615669132
895,"s(HC_post_z)",0.0846192633765082,0.000699905568594083,0.188027065598127,0.0559728604327258
896,"s(HC_post_z)",0.084744292614392,0.000902795958330713,0.188643993274254,0.0555640857905803
897,"s(HC_post_z)",0.0619091758407606,0.000658358660959908,0.161237287745874,0.0475228350111381
898,"s(HC_post_z)",0.0907212881061383,0.00077024238690559,0.206469128784509,0.0598803500558071
899,"s(HC_post_z)",0.0634485389132138,0.00068571803335601,0.164527443150802,0.0484845333477508
900,"s(HC_post_z)",0.0609286333144485,0.000652854550857773,0.159577734703475,0.0470011396722185
901,"s(HC_post_z)",0.0723156596622871,0.000779912110627004,0.175903984581142,0.0518310053651409
902,"s(HC_post_z)",0.0510028053540115,0.000544086885312156,0.147368953356973,0.0434251615546898
903,"s(HC_post_z)",0.0467595960104674,0.000520500199052703,0.143892354861263,0.0424476936985515
904,"s(HC_post_z)",0.0668188872609026,0.00071561321353545,0.168090293381081,0.0495232029020543
905,"s(HC_post_z)",0.0759367059500828,0.000687110651137453,0.148260085893985,0.0469358868805195
906,"s(HC_post_z)",0.082111037656885,0.000698834760494363,0.180534851789818,0.0539742322219041
907,"s(HC_post_z)",0.0902324033426662,0.000779850551588548,0.187091263285983,0.0560566937343382
908,"s(HC_post_z)",0.0646416208267109,0.000699422472867881,0.166415563338876,0.049026625154462
909,"s(HC_post_z)",0.0763144048381044,0.000832853481690741,0.181966335280813,0.0536213872984761
910,"s(HC_post_z)",0.0695603363730566,0.000596445290828611,0.179249545777474,0.0517571306289791
911,"s(HC_post_z)",0.0500050423562381,0.000405158545662446,0.142361515769251,0.043337327956837
912,"s(HC_post_z)",0.0629575747993343,0.000685558961644026,0.164300518545161,0.0484267869047184
913,"s(HC_post_z)",0.0799315727372907,0.000839994941429716,0.183570790756624,0.0541195395768639
914,"s(HC_post_z)",0.0601676739593877,0.000673964007315632,0.164126502408523,0.0483682473501027
915,"s(HC_post_z)",0.0373789127489506,0.00041226239357437,0.130048380745205,0.0383133779062029
916,"s(HC_post_z)",0.0392532095191118,0.000271083634736159,0.139518656717544,0.0391382650381248
917,"s(HC_post_z)",0.0991256041078028,0.00108316974622998,0.208692282705046,0.0614696129235886
918,"s(HC_post_z)",0.0766410849861909,0.000582176120380539,0.198470459540539,0.0556627264127235
919,"s(HC_post_z)",0.0950006422381389,0.000848721896965057,0.237370044469848,0.0600406203973362
920,"s(HC_post_z)",0.0760686267585235,0.000827252239100812,0.179769505446284,0.0529571283959195
921,"s(HC_post_z)",0.0844371264532899,0.000818053066082001,0.187644582488588,0.0552753063332611
922,"s(HC_post_z)",0.0831501016906397,0.000905600060145283,0.189368133050653,0.0558222827706067
923,"s(HC_post_z)",0.063459863656437,0.000526095761547967,0.227388788159296,0.0590907639281824
924,"s(HC_post_z)",0.0381566703624028,0.000426647737289721,0.130995529428274,0.038583066962914
925,"s(HC_post_z)",0.0619160525821396,0.000673532448211441,0.1640644158731,0.0483306056920333
926,"s(HC_post_z)",0.0677100732808587,0.000513903365432184,0.17400856161165,0.0504310633536644
927,"s(HC_post_z)",0.0375641240575302,0.000418939419020692,0.127496079081142,0.037557022016438
928,"s(HC_post_z)",0.0705943060209275,0.000645845711523517,0.269695681703479,0.0688777015059703
929,"s(HC_post_z)",0.0560369039844648,0.000482834807338317,0.227405081246225,0.0578474468225883
930,"s(HC_post_z)",0.0961292627905639,0.00104850311983113,0.205423666315583,0.0605002428634793
931,"s(HC_post_z)",0.114852124569071,0.00125643656772663,0.222375311466256,0.0654846691943034
932,"s(HC_post_z)",0.0777990831323052,0.000840624906516279,0.180675291096995,0.0532134371951083
933,"s(HC_post_z)",0.0587451635660052,0.000610975476452434,0.15480995806871,0.0456356376210608
934,"s(HC_post_z)",0.0762741577538311,0.000815006469538051,0.179834764429285,0.0530044590801875
935,"s(HC_post_z)",0.0694024293767672,0.000775188046913821,0.174310342180862,0.0513565318934934
936,"s(HC_post_z)",0.0665294632445121,0.000585870293349942,0.154990191729243,0.0469428400599971
937,"s(HC_post_z)",0.0654459397888711,0.000497481962238945,0.1883429120777,0.0522450371024766
938,"s(HC_post_z)",0.0438283886978539,0.000473694013615643,0.135687801740394,0.0399644373840266
939,"s(HC_post_z)",0.0643265434086082,0.000499145173173228,0.169662169860539,0.0496251418694977
940,"s(HC_post_z)",0.0601377869097686,0.000555337002287994,0.158237034790156,0.0465910794450298
941,"s(HC_post_z)",0.0459842137863866,0.000461352042019942,0.135546144095823,0.039923839926215
942,"s(HC_post_z)",0.11816464876976,0.00131299893559328,0.229513794229299,0.0676420470488043
943,"s(HC_post_z)",0.0683732784270497,0.000541002453340808,0.198215323328621,0.0548837284630485
944,"s(HC_post_z)",0.0447803706687377,0.00039470967543404,0.14122063718568,0.0409605096546062
945,"s(HC_post_z)",0.106425793282087,0.000889146232247194,0.222282838862613,0.0643909821446632
946,"s(HC_post_z)",0.118292336631136,0.00107861789504343,0.194181205289698,0.0609515162471556
947,"s(HC_post_z)",0.0755698368767721,0.000806783914614092,0.179436757133058,0.0528712255080111
948,"s(HC_post_z)",0.0590675794915949,0.000633362306221784,0.158341093301625,0.0466429621159825
949,"s(HC_post_z)",0.0235264298473261,0.000255403755905767,0.100687212461763,0.0296648104855213
950,"s(HC_post_z)",0.0509392232916905,0.000460799205678658,0.147294303971794,0.0433371933353347
951,"s(HC_post_z)",0.0528069644231319,0.000458320883586186,0.129312004133933,0.040460269039415
952,"s(HC_post_z)",0.0931426426841906,0.00102280329063829,0.199114852746042,0.058697202730581
953,"s(HC_post_z)",0.0697789825150181,0.000747985015240288,0.170735739144243,0.0503004896611521
954,"s(HC_post_z)",0.0252936858160346,0.000165608081805314,0.115235874073965,0.0318745564628346
955,"s(HC_post_z)",0.089827102330041,0.000781147847145125,0.19498209235601,0.0576635140490906
956,"s(HC_post_z)",0.0452400170990135,0.000483759003201075,0.138782905351779,0.0409012852950865
957,"s(HC_post_z)",0.0679341140749781,0.000556232459070182,0.249086661395689,0.0633101462407206
958,"s(HC_post_z)",0.064388832122285,0.000700621629182416,0.166348091470154,0.0490531976203254
959,"s(HC_post_z)",0.0827041489351625,0.000714527379949983,0.299363379637306,0.0739300479168392
960,"s(HC_post_z)",0.057993477608159,0.000639190643127499,0.158636211508773,0.046742724630883
961,"s(HC_post_z)",0.0722966131428517,0.000572495876004035,0.176773247361967,0.0512368264679078
962,"s(HC_post_z)",0.0656001655930449,0.000695743857531955,0.166805711292631,0.0491431758214612
963,"s(HC_post_z)",0.119381414719431,0.00103147690340895,0.217169104618357,0.0651945345079115
964,"s(HC_post_z)",0.0786695723515312,0.000867916948990532,0.186838407852218,0.0550813170488987
965,"s(HC_post_z)",0.108976207886229,0.000891846358938864,0.219968705065754,0.0638970437089675
966,"s(HC_post_z)",0.0425828576496716,0.000412966158337561,0.133242245741217,0.0393688079141323
967,"s(HC_post_z)",0.062865769942464,0.000676550491333597,0.165155376060848,0.0486689645283361
968,"s(HC_post_z)",0.0742561551320637,0.00081007054676955,0.179608192996444,0.0529460384087931
969,"s(HC_post_z)",0.0926758026672285,0.00099437268279814,0.199343657412485,0.0587280080689071
970,"s(HC_post_z)",0.0407974465995284,0.00030774054230936,0.128228718604897,0.0383992120910289
971,"s(HC_post_z)",0.0666916223184781,0.000707671649451614,0.167922759355123,0.0494760395752683
972,"s(HC_post_z)",0.111529956510287,0.00101341955765836,0.218235047947486,0.0644811560066492
973,"s(HC_post_z)",0.169230515289984,0.00157164708844887,0.386553909902891,0.100120507247681
974,"s(HC_post_z)",0.0809851079418245,0.000630196006991148,0.200958630779003,0.0567789528430708
975,"s(HC_post_z)",0.0861580921332123,0.00094278647153415,0.193385330740198,0.0569982808591623
976,"s(HC_post_z)",0.0659157514560462,0.000463637357371153,0.215992804992699,0.0570581092222378
977,"s(HC_post_z)",0.0690702831393626,0.00060794335639302,0.150841490321137,0.046642245896875
978,"s(HC_post_z)",0.0550303685056885,0.000393947599429927,0.172003041034108,0.04785518266999
979,"s(HC_post_z)",0.079132467193924,0.000860044037797432,0.184043145784471,0.0542308257436989
980,"s(HC_post_z)",0.0778540423268748,0.000615656569500578,0.202939533124282,0.0576658117865656
981,"s(HC_post_z)",0.0908832977930505,0.000984398183303068,0.199591100318987,0.0587784800038718
982,"s(HC_post_z)",0.0691565829302583,0.000554405839308332,0.16416245746286,0.0488928253929289
983,"s(HC_post_z)",0.0719624547098814,0.000802977649178273,0.1795014463114,0.0529033128327576
984,"s(HC_post_z)",0.0814256082188027,0.000727737989951801,0.18860445662606,0.0553167059921379
985,"s(HC_post_z)",0.0367908811270308,0.000390088773992406,0.124236221608694,0.0366015342795583
986,"s(HC_post_z)",0.0490499417079207,0.000526613033187131,0.143142850215063,0.0421591872749219
987,"s(HC_post_z)",0.062220801922086,0.000481887614090138,0.173561890673253,0.0501507489026593
988,"s(HC_post_z)",0.0810922852155169,0.000882204451241247,0.187651371110633,0.0552885755377794
989,"s(HC_post_z)",0.0982284661165522,0.00108768438857146,0.210915740020371,0.0621542355943598
990,"s(HC_post_z)",0.115794060178704,0.00123906728692621,0.22246039699525,0.0655181264345374
991,"s(HC_post_z)",0.0993554683849371,0.00106326370977559,0.206357608557969,0.0608009745829529
992,"s(HC_post_z)",0.0655414780444854,0.000703909475490128,0.167004465848997,0.0492036568853929
993,"s(HC_post_z)",0.0611395778553678,0.000447706100733875,0.183413162956399,0.051074800638505
994,"s(HC_post_z)",0.0432847715728908,0.00044059052453516,0.131700332328624,0.0388031629464799
995,"s(HC_post_z)",0.0608798904467243,0.000656346086745163,0.161602109263477,0.047626778776304
996,"s(HC_post_z)",0.0641203508711623,0.000705200218018551,0.167884128335584,0.0494841522642422
997,"s(HC_post_z)",0.0990378252699831,0.000840663388944559,0.216103256606236,0.0628991693909689
998,"s(HC_post_z)",0.063677438379715,0.000506266739227022,0.167541569293083,0.0494316764767244
999,"s(HC_post_z)",0.0841122491776751,0.000670019163214838,0.205641807813128,0.0582432375163628
1000,"s(HC_post_z)",0.120761635969739,0.00105463080190777,0.215304116581337,0.0642977544619282
1,"s(V1_pre_z)",9.81183496051591,0.0894754720471465,1.96841864753386,0.611177033055066
2,"s(V1_pre_z)",10.5582439388891,0.0913999362279572,2.19371055726078,0.658324137089366
3,"s(V1_pre_z)",9.73830286393492,0.0873539481891163,1.99663297127508,0.612393772013268
4,"s(V1_pre_z)",10.1777286250817,0.0901374093573303,2.08650711254645,0.635060237938816
5,"s(V1_pre_z)",9.84713844898043,0.0873317205405478,2.0524784385615,0.62307892937599
6,"s(V1_pre_z)",9.32757505864018,0.0819438988669103,1.99925392901167,0.605950247030524
7,"s(V1_pre_z)",9.81644932408778,0.0879450005647127,2.00350841232376,0.614824562992456
8,"s(V1_pre_z)",10.2157753798216,0.0868318674731736,2.16219638899258,0.646118211642747
9,"s(V1_pre_z)",9.96420421176383,0.0861645602092501,2.12190494102148,0.637036235166109
10,"s(V1_pre_z)",9.67432511622836,0.0884726357627436,1.9582697155817,0.60573660089776
11,"s(V1_pre_z)",9.86912219618575,0.0876760519644202,2.03883114204631,0.620466657793388
12,"s(V1_pre_z)",10.0907989642883,0.0939951267526705,1.93723127759905,0.606003042904003
13,"s(V1_pre_z)",9.71452314501782,0.0916408752743392,1.86856411124362,0.594106934436077
14,"s(V1_pre_z)",9.62037094934088,0.0856978796553173,2.07602835928076,0.628343970689888
15,"s(V1_pre_z)",9.78488151988564,0.0830871603059298,2.11707206398206,0.630508940392143
16,"s(V1_pre_z)",10.0408402787797,0.0936066714989778,1.94497962703964,0.610907227757046
17,"s(V1_pre_z)",9.51665878947182,0.0869882812905614,1.94847835156376,0.600648850536725
18,"s(V1_pre_z)",9.78258003398045,0.0985010272450099,2.20842731944631,0.650411208587044
19,"s(V1_pre_z)",9.75960013874028,0.0932049416656569,1.88335081931203,0.596651807234649
20,"s(V1_pre_z)",9.93905514849019,0.0932030191410065,1.90031361591669,0.599884926121651
21,"s(V1_pre_z)",9.55236873055154,0.0900220521161658,1.93205685474886,0.6006685155655
22,"s(V1_pre_z)",9.86612951628117,0.0897529873089142,1.96210177365366,0.606398596723185
23,"s(V1_pre_z)",9.58194165053943,0.0838026473127857,2.05735805357871,0.620242150354099
24,"s(V1_pre_z)",9.77474052728005,0.0856847303034761,2.06259030952603,0.625022438549348
25,"s(V1_pre_z)",10.0669424287449,0.0961860296110055,1.82418040431537,0.589143925057633
26,"s(V1_pre_z)",10.063934954404,0.090306344581599,2.03449969296923,0.623807976367824
27,"s(V1_pre_z)",9.77385802475621,0.089858747694861,1.96105664276307,0.608781587932161
28,"s(V1_pre_z)",9.68641902486607,0.089213601607743,1.98617610101418,0.609758287119304
29,"s(V1_pre_z)",10.2906619954049,0.0912370393481213,2.12483617818621,0.644038256648437
30,"s(V1_pre_z)",9.76221448958208,0.0898811166948914,1.91007370562677,0.596094320530061
31,"s(V1_pre_z)",10.7158588935708,0.0849281869118585,2.27277709782482,0.670876863916081
32,"s(V1_pre_z)",9.58477256779105,0.09129895333631,1.85834553150701,0.588509207153921
33,"s(V1_pre_z)",9.99875786559783,0.0938869103069596,1.96336828864264,0.612358210752234
34,"s(V1_pre_z)",10.0990833895384,0.091800874759736,2.01804144847683,0.623126320724139
35,"s(V1_pre_z)",9.4757656881221,0.0879373838911462,1.87933560529205,0.587715666447006
36,"s(V1_pre_z)",10.0026795069434,0.0915123464572206,2.00286635048803,0.615014455789355
37,"s(V1_pre_z)",9.8457710913734,0.0949209826298869,1.82658559026998,0.587195325142692
38,"s(V1_pre_z)",9.61808228126022,0.0884083688041747,1.93576456789546,0.599717532832167
39,"s(V1_pre_z)",9.85538454374515,0.0838977896994337,2.17899862990984,0.646808184687162
40,"s(V1_pre_z)",10.6638274461036,0.0968389385570059,2.09029024998244,0.641262673267476
41,"s(V1_pre_z)",9.69779313535971,0.0850388482968566,2.12200846627891,0.632992584510921
42,"s(V1_pre_z)",10.0316152548048,0.0907743590553194,2.08617704788268,0.633776498258671
43,"s(V1_pre_z)",10.1775655164129,0.0925301203437899,2.04178462776725,0.627199887314338
44,"s(V1_pre_z)",10.1352719751831,0.0929886642387109,1.97434696470515,0.613348659915301
45,"s(V1_pre_z)",9.69794342207463,0.0836536805590796,2.06985912224823,0.623567316156349
46,"s(V1_pre_z)",9.4722964326253,0.0878362677875176,1.84651240525567,0.581293077507183
47,"s(V1_pre_z)",10.0541630507755,0.0897738448270181,2.04545256914773,0.625933395945663
48,"s(V1_pre_z)",10.0386078277461,0.0911032491488168,2.05080968114649,0.625692863158897
49,"s(V1_pre_z)",9.62651240220561,0.0907646891141537,1.85879843169376,0.590710142933446
50,"s(V1_pre_z)",10.2110128652932,0.0965601580126894,1.91127303235228,0.60576876931351
51,"s(V1_pre_z)",9.58389699757486,0.0862669832889381,1.99509573741173,0.610858538116451
52,"s(V1_pre_z)",10.2952912157759,0.0983342153915905,1.95529504107452,0.61450347647132
53,"s(V1_pre_z)",9.49039430427571,0.0925141654078122,1.80663867122572,0.576241691821685
54,"s(V1_pre_z)",10.2905201867158,0.0923170011878674,2.08229412818166,0.636055870515464
55,"s(V1_pre_z)",9.59706284848219,0.0860943321909473,1.97606993902306,0.606255039760336
56,"s(V1_pre_z)",10.1339132370721,0.0945777234739649,1.93663477832648,0.609566902784874
57,"s(V1_pre_z)",10.0574165644272,0.0913421720391976,2.08725779433634,0.633808510632171
58,"s(V1_pre_z)",10.2743248343661,0.0957515418648506,1.97148440999583,0.619065946620645
59,"s(V1_pre_z)",9.7468866525835,0.0922828443905377,1.83631235564169,0.58576884261526
60,"s(V1_pre_z)",9.8568848041306,0.087281689818917,2.04823501724269,0.624374353721503
61,"s(V1_pre_z)",10.1142059123457,0.0910773687447046,2.06238642881683,0.631692991558676
62,"s(V1_pre_z)",9.71722103296804,0.0888132327250604,1.98425870238125,0.610353907433594
63,"s(V1_pre_z)",9.67012694432118,0.0850717419122736,2.04660337147068,0.620005899794239
64,"s(V1_pre_z)",9.86384588943234,0.0899720336441914,1.98700260159732,0.615543220733323
65,"s(V1_pre_z)",10.1761441781615,0.097115142092989,1.86162019126154,0.593400418810312
66,"s(V1_pre_z)",10.0425325892175,0.0975272740787315,1.8191922282526,0.588603902961409
67,"s(V1_pre_z)",9.96940717022025,0.0920037927599915,1.97949499027067,0.61414878090919
68,"s(V1_pre_z)",9.9125913529699,0.0891024256722183,2.02929659984329,0.621615688670807
69,"s(V1_pre_z)",9.40319644963115,0.0852550232128805,1.96059347301879,0.600834650163313
70,"s(V1_pre_z)",9.9432917859319,0.0882544906749926,2.10362628054676,0.634548859548426
71,"s(V1_pre_z)",10.4486220409273,0.092054799280394,2.12026632813647,0.640644269386625
72,"s(V1_pre_z)",10.0708794300619,0.0840582960426232,2.19445063105594,0.648927264092918
73,"s(V1_pre_z)",9.93896082257548,0.0906238997878254,1.99795568630598,0.617640938855993
74,"s(V1_pre_z)",10.4499563134273,0.105195228693683,2.28000245897888,0.671569662731682
75,"s(V1_pre_z)",9.81178448084034,0.0897655108584013,1.9567811793127,0.607031190883339
76,"s(V1_pre_z)",10.5996397696419,0.106863763576321,2.27799558416489,0.67093791656564
77,"s(V1_pre_z)",10.3074033245178,0.0937002660546112,2.02129291002171,0.623992790022351
78,"s(V1_pre_z)",9.60400212120393,0.0900082015847586,1.8487438220303,0.586513533707971
79,"s(V1_pre_z)",10.1334748748662,0.0958366345109437,1.88934387066698,0.601624254581033
80,"s(V1_pre_z)",10.0978110307534,0.0933259934321724,2.00703327417808,0.617991015605965
81,"s(V1_pre_z)",9.8302324590944,0.0994089338069774,2.20044828406744,0.648053849604444
82,"s(V1_pre_z)",10.0482332260875,0.0959922240810585,1.81261597838715,0.585827586193067
83,"s(V1_pre_z)",9.63343878216792,0.090562235922738,1.91960332647831,0.597384383353208
84,"s(V1_pre_z)",10.0190793818497,0.0868875940342749,2.14515619986241,0.644644236960958
85,"s(V1_pre_z)",9.70370126041869,0.0898998467795208,1.89512570146419,0.59273483066712
86,"s(V1_pre_z)",9.75387059691187,0.0872339630097458,2.02688420172634,0.621077272904282
87,"s(V1_pre_z)",10.022932929083,0.0923196519311929,1.97649668417103,0.612525459153678
88,"s(V1_pre_z)",9.7162397274207,0.0887793102351447,1.95388207093719,0.605684520261055
89,"s(V1_pre_z)",9.70051250546465,0.0897477328463428,1.93225781216389,0.603943035294574
90,"s(V1_pre_z)",10.1116457159215,0.102175195192047,2.2375456971424,0.658998212337016
91,"s(V1_pre_z)",9.29272404769904,0.0889676129441135,1.72721257543928,0.56256684265625
92,"s(V1_pre_z)",9.96041876071838,0.0870647704073419,2.09066705102286,0.632507690620819
93,"s(V1_pre_z)",9.38969979975688,0.0853348270712326,1.92672944946447,0.594966180989356
94,"s(V1_pre_z)",10.200471324832,0.0953567148516885,1.97171115480833,0.615870952312297
95,"s(V1_pre_z)",10.1433210614331,0.094568826897039,1.96503037405411,0.615127937477278
96,"s(V1_pre_z)",10.1493814882065,0.0950076638638173,2.00552969729171,0.618601853294316
97,"s(V1_pre_z)",9.72418043742857,0.0845962246654579,2.08252281993124,0.629522485436885
98,"s(V1_pre_z)",9.98309203093023,0.0845224324816042,2.17540585884998,0.646467758916663
99,"s(V1_pre_z)",10.0763881093276,0.0880776105272981,2.0979959607612,0.634873077953049
100,"s(V1_pre_z)",9.79873054793878,0.0848830078650325,2.09652669472375,0.631267982270381
101,"s(V1_pre_z)",9.33420284513656,0.0858324915206044,2.01333075358545,0.606755035730809
102,"s(V1_pre_z)",10.0907076477426,0.0924538179069403,2.03264131586206,0.623235711929788
103,"s(V1_pre_z)",9.8702785952992,0.09296271770068,1.86935287159167,0.594273844519635
104,"s(V1_pre_z)",10.1333403222082,0.0945342218199795,1.95718855845597,0.611551568639052
105,"s(V1_pre_z)",10.062751752061,0.0925458111967791,1.97816166933284,0.614210833445043
106,"s(V1_pre_z)",9.38626539272596,0.0860943185333784,1.90313016848739,0.592430252487384
107,"s(V1_pre_z)",10.3584057681685,0.0984441022030323,1.94426242567585,0.614398572944619
108,"s(V1_pre_z)",9.46067496307907,0.0874423525469988,1.95192760359652,0.602394059487548
109,"s(V1_pre_z)",9.52887848381133,0.0865750074411476,1.94118911802329,0.598681647512014
110,"s(V1_pre_z)",10.2837359772923,0.0927483032125048,2.05787575883315,0.630997506042666
111,"s(V1_pre_z)",10.0839418968394,0.0932595547498431,1.9572922848674,0.611174378618186
112,"s(V1_pre_z)",9.64569561019326,0.0852614269019792,2.0321609874858,0.619311757723591
113,"s(V1_pre_z)",9.89438983594032,0.0937851389517617,1.90529739972024,0.599882336026128
114,"s(V1_pre_z)",9.70437083349988,0.0857685263585655,2.0420246124809,0.619242309345492
115,"s(V1_pre_z)",9.81615521146008,0.0914211623130455,1.91445802244457,0.60160908199928
116,"s(V1_pre_z)",10.0578555539704,0.0909297871917766,2.03053252842317,0.625285616961836
117,"s(V1_pre_z)",9.94209890096933,0.0901077221226323,2.05128979523418,0.62370085629911
118,"s(V1_pre_z)",9.86798672880378,0.087944438387636,2.01172910439389,0.615296697794898
119,"s(V1_pre_z)",9.88695580705505,0.0907155707657634,2.09080011375718,0.632576468584253
120,"s(V1_pre_z)",10.1467290663056,0.093578503231106,1.97072664894629,0.612981619175304
121,"s(V1_pre_z)",9.57734726298579,0.0911942487475881,1.85893683430294,0.587007953533134
122,"s(V1_pre_z)",9.7110359482346,0.0827762996920213,2.10228231907011,0.629605374401999
123,"s(V1_pre_z)",9.80993348606492,0.0914964281150096,1.97586601959881,0.611011708832284
124,"s(V1_pre_z)",9.99677416553894,0.0877278797501655,2.07063629072851,0.626579444575887
125,"s(V1_pre_z)",9.26713389537508,0.0868737199635293,1.80901913704507,0.573129786726176
126,"s(V1_pre_z)",10.2421246442894,0.0930269831520299,2.02894219745053,0.625568902240175
127,"s(V1_pre_z)",10.2960959972746,0.0891947203668409,2.16747910345826,0.652033700006065
128,"s(V1_pre_z)",10.1638609873194,0.0934084564527862,1.96605816600965,0.612037245492178
129,"s(V1_pre_z)",9.75974990790941,0.0900796962299501,1.9065436229673,0.596576819607405
130,"s(V1_pre_z)",9.47825187317797,0.0821955162288213,2.06563751140613,0.619231707406416
131,"s(V1_pre_z)",9.73262209322605,0.0880949717531359,1.98436694280955,0.608744061584802
132,"s(V1_pre_z)",9.85274882681482,0.0898559406852064,2.01368930403092,0.61840301036609
133,"s(V1_pre_z)",10.2910401330147,0.104061636910631,2.24618556619922,0.661536319257091
134,"s(V1_pre_z)",10.4406087596158,0.105605818478672,2.25608217879652,0.664448097152605
135,"s(V1_pre_z)",9.97751729212548,0.0952403094879847,1.9184412332247,0.605692096155181
136,"s(V1_pre_z)",10.0926692242093,0.0920337888607655,1.999395676882,0.618327745752297
137,"s(V1_pre_z)",9.6629115879544,0.0893518981697558,1.91139860731386,0.598511357430708
138,"s(V1_pre_z)",10.0424828423813,0.0877190409992987,2.10621275612545,0.635466998133848
139,"s(V1_pre_z)",9.93680754756462,0.0873510732420239,2.08421915071307,0.631856082400017
140,"s(V1_pre_z)",9.60987385196548,0.0896726403026379,1.91138866187272,0.59687149311371
141,"s(V1_pre_z)",10.1392314769713,0.0878750556338065,2.19869972752246,0.654782181386628
142,"s(V1_pre_z)",10.241340621986,0.0924359460904639,2.0526052981286,0.630007868326556
143,"s(V1_pre_z)",9.71471969923189,0.0876892206050606,1.98977860685108,0.609272731289204
144,"s(V1_pre_z)",9.65565326049395,0.0883432910443757,1.93755582574881,0.601074754009843
145,"s(V1_pre_z)",9.80488565001968,0.0918601181956466,1.87577627054905,0.593919539610076
146,"s(V1_pre_z)",9.55536309821497,0.0965345324478717,2.18589770151617,0.643795016605124
147,"s(V1_pre_z)",9.94715518640554,0.0877581161163782,2.0756768649473,0.630808362222318
148,"s(V1_pre_z)",9.62024891108032,0.0826838679134991,2.12761153574051,0.635242975630717
149,"s(V1_pre_z)",9.90116814392571,0.0882189684412001,2.05700039125697,0.624630996958246
150,"s(V1_pre_z)",9.44118628380765,0.0844651558279882,1.99274919041528,0.608026916458941
151,"s(V1_pre_z)",9.75496008576481,0.0928777215284283,1.81501028622467,0.581521159094723
152,"s(V1_pre_z)",9.94069077632823,0.0888794537779381,2.03644913581594,0.622149740555311
153,"s(V1_pre_z)",10.2648700144777,0.0912391080484567,2.09574442462303,0.637157728412146
154,"s(V1_pre_z)",10.0092135846205,0.0903038327120939,2.05366992412416,0.625850604023681
155,"s(V1_pre_z)",9.9320949654135,0.0923158709496694,2.00482105122255,0.613641897465116
156,"s(V1_pre_z)",9.86529429428333,0.0862662921445827,2.08479788192942,0.62938633410282
157,"s(V1_pre_z)",9.97067239142872,0.0894241355665035,2.01787674356721,0.619323170518458
158,"s(V1_pre_z)",10.0592924550946,0.0917041759145306,2.02388163621246,0.624209288866203
159,"s(V1_pre_z)",9.49988558952369,0.0849399258760954,2.01961683378221,0.613815164338163
160,"s(V1_pre_z)",10.3582928426214,0.0988049208659214,1.94640502356607,0.613915289723987
161,"s(V1_pre_z)",9.88054948294621,0.0907754267840737,1.96996521053424,0.611474497721506
162,"s(V1_pre_z)",9.76303028652518,0.0862001282760269,2.07201162116166,0.628348189781652
163,"s(V1_pre_z)",10.3920980667484,0.0961119799939658,2.04250603491809,0.633357562516928
164,"s(V1_pre_z)",10.0073917968404,0.09453658428213,1.88876039542145,0.598431444565402
165,"s(V1_pre_z)",10.3064689055572,0.0956173123070833,2.04004557218656,0.626811383024062
166,"s(V1_pre_z)",10.0394053250352,0.091593568624036,1.99675646847815,0.617812789361523
167,"s(V1_pre_z)",10.0179074682738,0.0921314522252103,1.9983460068278,0.616224891026766
168,"s(V1_pre_z)",9.97013996157601,0.0915138388740811,1.98236945211633,0.613166882101739
169,"s(V1_pre_z)",9.6267284361842,0.0877907591117294,1.9312126782765,0.598106624488165
170,"s(V1_pre_z)",9.88740824999829,0.0867311022637926,2.09024106302566,0.630679430087217
171,"s(V1_pre_z)",9.16921675514584,0.0799156308570427,1.98215396378815,0.601041102358566
172,"s(V1_pre_z)",10.1245285509607,0.0925648702860613,2.02851392116769,0.623557068220373
173,"s(V1_pre_z)",9.56164144062283,0.0887284179951884,1.89042804118012,0.591653730939274
174,"s(V1_pre_z)",9.64833227331379,0.0818494359320994,2.12627673943771,0.63165282322515
175,"s(V1_pre_z)",9.88367150791196,0.0825875089045185,2.17392601358891,0.643313112360121
176,"s(V1_pre_z)",9.7284012240843,0.0931364383699857,1.75772252083513,0.571274829353492
177,"s(V1_pre_z)",9.43458994897539,0.0836042983303498,2.01693920123356,0.613528924145571
178,"s(V1_pre_z)",10.3924991873504,0.0974339231440349,1.98034756532205,0.617812046042294
179,"s(V1_pre_z)",9.9331044235127,0.0914322673842696,1.9424112956754,0.605349969885704
180,"s(V1_pre_z)",10.0105857007824,0.0906714753779372,2.02160802252638,0.621846805135245
181,"s(V1_pre_z)",10.228945918271,0.0907527239320316,2.08887713954062,0.635604787727076
182,"s(V1_pre_z)",9.39787481710809,0.0840837430025197,1.98575997168695,0.60752868841548
183,"s(V1_pre_z)",9.59742447013692,0.0913672672733322,1.77925701098354,0.57359737377119
184,"s(V1_pre_z)",9.65659791614322,0.0888568590361274,1.92076587220531,0.598510897356196
185,"s(V1_pre_z)",9.36363592373768,0.0789572974971424,2.08765882687158,0.620441725975717
186,"s(V1_pre_z)",9.85706602052135,0.0859705984774032,2.12651932254249,0.633925557123423
187,"s(V1_pre_z)",9.85571581555112,0.0882971213516229,2.0608023591271,0.625467168680056
188,"s(V1_pre_z)",9.58419565800451,0.088867488165774,1.93937998433758,0.604528012176664
189,"s(V1_pre_z)",8.93232467118843,0.082638284215306,1.83168648182013,0.573395853197787
190,"s(V1_pre_z)",9.80355453956783,0.0843485542086204,2.11681337871032,0.633984158823229
191,"s(V1_pre_z)",10.6213809541743,0.0966894524436229,2.08318204276189,0.639093239845334
192,"s(V1_pre_z)",10.2662076183024,0.0971825503615851,2.03684394888768,0.628644446538354
193,"s(V1_pre_z)",9.88238562155905,0.0857891699496983,2.11514810242097,0.634544468845381
194,"s(V1_pre_z)",10.0064025663622,0.0883645663879493,2.06079348636436,0.627119563143129
195,"s(V1_pre_z)",9.44537416231612,0.0885212552942244,1.82907313850055,0.579239729304099
196,"s(V1_pre_z)",10.313607174445,0.0926856186047522,2.06831888755526,0.630894924789855
197,"s(V1_pre_z)",9.60948961764848,0.0886669600696206,1.94031458276833,0.602091892629095
198,"s(V1_pre_z)",10.1053720203791,0.09301445795845,2.00594539705902,0.619482822646987
199,"s(V1_pre_z)",9.18991294227425,0.0848786094087159,1.86824224370702,0.58496396593142
200,"s(V1_pre_z)",9.70498618639268,0.0905686365864012,1.91199533859259,0.598703793889393
201,"s(V1_pre_z)",9.43670139061757,0.0877098182016788,1.88856041964518,0.592053171029362
202,"s(V1_pre_z)",9.75627514033836,0.0929056605383522,1.79143746357528,0.577753831142012
203,"s(V1_pre_z)",9.4288130559851,0.082843091287716,2.04272699850763,0.615571143973481
204,"s(V1_pre_z)",10.0659246055552,0.0853845668606239,2.19164120738645,0.652049425802634
205,"s(V1_pre_z)",9.52070259147318,0.087399360192105,1.9079337494526,0.595046231125225
206,"s(V1_pre_z)",9.33195364910012,0.0795998742414912,2.04445303341858,0.613595120847646
207,"s(V1_pre_z)",9.78721474011525,0.0880566055760111,1.98340764822534,0.610331160964932
208,"s(V1_pre_z)",10.0148292055091,0.0883073123654745,2.06510725732934,0.626756729229602
209,"s(V1_pre_z)",9.4468307135438,0.0872044205691225,1.87833226404638,0.587105245571323
210,"s(V1_pre_z)",9.30858889051901,0.0844475754167962,1.96330265983394,0.600269279838369
211,"s(V1_pre_z)",9.52710270350712,0.0812429354592329,2.09373706251361,0.628030831788669
212,"s(V1_pre_z)",9.79518542280743,0.0887280657726154,1.98149886420966,0.609583728919154
213,"s(V1_pre_z)",9.9947977321046,0.0891391941820443,2.05718751645108,0.628035283222358
214,"s(V1_pre_z)",9.57129132022518,0.084740935961629,2.01926273412136,0.611656886707297
215,"s(V1_pre_z)",10.2050552072498,0.0921558027359778,2.04422812525895,0.625426470959281
216,"s(V1_pre_z)",9.6394273552062,0.0880961470407033,1.94882479236395,0.603222747726797
217,"s(V1_pre_z)",9.8251934392105,0.0881654825036854,2.01335710286797,0.616163310648933
218,"s(V1_pre_z)",10.2166954835959,0.0951658489569636,1.95016617379069,0.612616846444595
219,"s(V1_pre_z)",9.57004757359395,0.0845414109348517,2.05257200931388,0.622295537309197
220,"s(V1_pre_z)",10.1725705141192,0.0884027067712491,2.14193741513014,0.644000914132254
221,"s(V1_pre_z)",9.16868302342509,0.0926169259102622,2.13499946865521,0.628798275706903
222,"s(V1_pre_z)",10.1661273459471,0.0931416589128538,2.14324754738977,0.643245852773561
223,"s(V1_pre_z)",9.98581112995236,0.0896175590158441,2.14468159502512,0.641652730730993
224,"s(V1_pre_z)",10.1697550453558,0.0958129703934795,1.87541648320768,0.59723970882907
225,"s(V1_pre_z)",9.92676564735767,0.0875642506620525,2.05407577229251,0.622750835726813
226,"s(V1_pre_z)",10.3868208314359,0.0911345688609526,2.11182704196938,0.640251665498469
227,"s(V1_pre_z)",9.54479736611558,0.0888467520429631,1.91065825748318,0.596121275175416
228,"s(V1_pre_z)",10.1048137497515,0.0913724864825804,2.05379354348968,0.62805697138738
229,"s(V1_pre_z)",10.2180634343542,0.0903962818739824,2.08456034908589,0.635056041937543
230,"s(V1_pre_z)",10.1151577498857,0.0891079478570123,2.09591649775227,0.635199043902228
231,"s(V1_pre_z)",9.82791754558239,0.0858800828641229,2.0526396397666,0.621293097749061
232,"s(V1_pre_z)",10.2837803663197,0.093616397286931,2.01081650897813,0.621442360607507
233,"s(V1_pre_z)",10.8348715634022,0.102953492532283,1.94919386908604,0.622937490554833
234,"s(V1_pre_z)",9.88562727711755,0.0906702117718891,1.96888943499602,0.609799093770036
235,"s(V1_pre_z)",10.2036917132458,0.0916094982542463,2.04777400707398,0.628362641996316
236,"s(V1_pre_z)",9.74799341974018,0.0909570866226966,1.92193501709635,0.601792582592393
237,"s(V1_pre_z)",9.92820843962299,0.0902697158168962,2.03101657453853,0.619359606499804
238,"s(V1_pre_z)",10.0786214617223,0.0952669691423841,1.85246493407306,0.591334133341206
239,"s(V1_pre_z)",9.81354935339155,0.0990086563451661,2.19116456484781,0.645317383985851
240,"s(V1_pre_z)",9.18600276057314,0.083870479668739,1.89303204427013,0.588586833595241
241,"s(V1_pre_z)",10.0191828037249,0.0877178305560676,2.08304630137365,0.63129111970693
242,"s(V1_pre_z)",10.3031534490967,0.0901540580067398,2.13624350714162,0.646980931634476
243,"s(V1_pre_z)",9.5511298520526,0.0854483506957712,1.98695677917245,0.609168234836142
244,"s(V1_pre_z)",10.0042648659172,0.0900237959649841,2.0190713826673,0.618902752291266
245,"s(V1_pre_z)",9.79522661337664,0.0942084225538851,1.7883306410571,0.581325536191365
246,"s(V1_pre_z)",10.0507008145566,0.0854112625838752,2.18520414342112,0.650205837989876
247,"s(V1_pre_z)",10.0205761626449,0.0833152840219863,2.19925510463578,0.649710281551687
248,"s(V1_pre_z)",9.98552888526739,0.0886990525648391,2.0638341557783,0.625727237464127
249,"s(V1_pre_z)",10.2446108925704,0.0923337523006563,2.04602414667589,0.627239315014816
250,"s(V1_pre_z)",10.2667202838616,0.0909477821541126,2.1091549109848,0.640650168734147
251,"s(V1_pre_z)",10.1713068802553,0.102956187428283,2.24895190429749,0.66234846267477
252,"s(V1_pre_z)",9.75407098750739,0.0847520484985799,2.10908540814777,0.632835422060812
253,"s(V1_pre_z)",9.45401715857769,0.0881204822354026,1.8894114827913,0.589737411555307
254,"s(V1_pre_z)",9.76293549573608,0.0874977847847505,2.05079718864519,0.625590337424279
255,"s(V1_pre_z)",9.5555394972521,0.0882750561125894,1.89146928603239,0.591771254834475
256,"s(V1_pre_z)",9.90549126698061,0.0915491006808701,1.92668957069454,0.602649406554149
257,"s(V1_pre_z)",10.126157632343,0.0908356282588726,2.05257330980564,0.624269577259398
258,"s(V1_pre_z)",9.09772425785697,0.0840684115415146,1.81338751159603,0.568766554411538
259,"s(V1_pre_z)",10.3331754333233,0.0934144974916538,2.06432987136748,0.633720056597389
260,"s(V1_pre_z)",9.76689002613948,0.0848144155794465,2.0932277620546,0.628744724159298
261,"s(V1_pre_z)",10.0333902685322,0.0945523868723886,1.87576464315588,0.59800843435718
262,"s(V1_pre_z)",9.82959155203606,0.0891000683628603,2.01376173913714,0.618944033040721
263,"s(V1_pre_z)",9.84952326346565,0.0896042441616304,1.97729397370113,0.610823666034664
264,"s(V1_pre_z)",9.64652724786489,0.0891648947148484,1.94757298761225,0.602349831106788
265,"s(V1_pre_z)",10.2902471433999,0.0962724165353402,2.01435349396505,0.62136520273952
266,"s(V1_pre_z)",9.47445309873908,0.0870711860799352,1.91136141706499,0.593917671988382
267,"s(V1_pre_z)",9.54049115549676,0.0863240915554431,1.99087359595167,0.60801787099602
268,"s(V1_pre_z)",9.60585431576193,0.0849602695976601,2.00682370267092,0.612925222018538
269,"s(V1_pre_z)",9.64221246307648,0.0888785084246031,1.90143927985604,0.59567035789127
270,"s(V1_pre_z)",9.78081054176053,0.0840615702753718,2.11041175448998,0.632739121945157
271,"s(V1_pre_z)",10.1244076033014,0.0863533829182878,2.15882113058628,0.644606499856623
272,"s(V1_pre_z)",9.62012725327227,0.0912581348863568,1.80968883180462,0.581936479363645
273,"s(V1_pre_z)",10.0237218212771,0.0901938402265921,2.04124379559753,0.625866896075532
274,"s(V1_pre_z)",9.78296224850519,0.0901066354318562,1.92041186266263,0.599267440421158
275,"s(V1_pre_z)",10.5100659548967,0.0958868955295809,2.09000272918234,0.640796373388042
276,"s(V1_pre_z)",10.0894757513813,0.0934724673206448,1.94783282409002,0.608798718322694
277,"s(V1_pre_z)",10.2373618106432,0.0970499490289542,1.96703920327742,0.614916747163116
278,"s(V1_pre_z)",9.77277336018801,0.0894553662669819,2.00211023936375,0.616042019753913
279,"s(V1_pre_z)",9.96466538425774,0.093042408165986,1.89653778040315,0.598256606171949
280,"s(V1_pre_z)",9.50287393659016,0.0907484176291763,1.87690739667493,0.592785998243363
281,"s(V1_pre_z)",9.89691789529413,0.0902797689318748,1.97919089236998,0.611782135269385
282,"s(V1_pre_z)",10.2537357576202,0.0934519209472341,2.02495107905737,0.625802908429263
283,"s(V1_pre_z)",8.83192745870474,0.07800549454464,1.96839879299246,0.595971509890721
284,"s(V1_pre_z)",10.229364574555,0.0932067733619098,1.98301764686241,0.613847792553279
285,"s(V1_pre_z)",9.73604225701914,0.0898512825984346,1.91679749647525,0.598521853257391
286,"s(V1_pre_z)",9.40594628170119,0.0825187621007766,2.01486258868435,0.610605727638035
287,"s(V1_pre_z)",10.5809691112349,0.0897556637156974,2.22541141844527,0.663271320990075
288,"s(V1_pre_z)",10.3986256389514,0.0891703628405209,2.17532910893118,0.65227881156053
289,"s(V1_pre_z)",9.61434192912155,0.0874651300264242,1.94453627497608,0.600675360964899
290,"s(V1_pre_z)",10.1570274570084,0.091332550271322,2.08278149291303,0.633163443449942
291,"s(V1_pre_z)",9.93822121587288,0.090402138480633,2.12307663399636,0.639920668560217
292,"s(V1_pre_z)",10.0177681039243,0.093047834226222,1.98713569905424,0.617370391061362
293,"s(V1_pre_z)",9.13019902403706,0.0841078213916297,1.87350912902709,0.584493530718102
294,"s(V1_pre_z)",10.1035863893295,0.0889098211003179,2.10182756020487,0.634777598245065
295,"s(V1_pre_z)",9.61191489600559,0.0872708747797067,1.9659238991724,0.606200392772577
296,"s(V1_pre_z)",9.70441773224404,0.0859741399575498,2.02785241638324,0.616404958640777
297,"s(V1_pre_z)",9.4303721646101,0.0842080114054464,1.98304459838571,0.607877678234616
298,"s(V1_pre_z)",9.52365837167642,0.079878882158872,2.13965757413619,0.634004002487632
299,"s(V1_pre_z)",10.2700021171916,0.0922368602926199,2.04212946642702,0.626623026755464
300,"s(V1_pre_z)",9.99479398484114,0.0946562887526312,1.84570331990627,0.589310351390687
301,"s(V1_pre_z)",9.91084324154726,0.0899500437830121,1.99398551914197,0.615482752200389
302,"s(V1_pre_z)",9.838590901524,0.0924998981174539,1.92918694854661,0.606175211807642
303,"s(V1_pre_z)",10.2043530660086,0.098277613331608,1.84159004074058,0.594685497723835
304,"s(V1_pre_z)",9.48688435040683,0.0864201675426958,1.92493007082903,0.597258080702298
305,"s(V1_pre_z)",9.41714934778117,0.0859122970342073,1.90637762072664,0.593722524688562
306,"s(V1_pre_z)",10.3851862000903,0.089012645879996,2.1725808254166,0.65114496815482
307,"s(V1_pre_z)",9.73562385977656,0.085549894256728,2.05598316376578,0.62216631916314
308,"s(V1_pre_z)",10.1231514059382,0.0920903342494998,2.01449830766077,0.620315226194785
309,"s(V1_pre_z)",9.89269477667175,0.0925826183813524,1.91566165356458,0.603036918277835
310,"s(V1_pre_z)",9.97170287129528,0.0848299248861872,2.14283407054073,0.641202001880406
311,"s(V1_pre_z)",9.44828884087059,0.0869889284148067,1.91374013688324,0.596793132267108
312,"s(V1_pre_z)",10.1843335647715,0.0950859995163614,1.97125799859362,0.611852343008452
313,"s(V1_pre_z)",9.37853122527664,0.084793558690834,1.99267779148114,0.609481686551938
314,"s(V1_pre_z)",10.4493432079912,0.0953591653675353,2.07796768477767,0.638605193745346
315,"s(V1_pre_z)",9.98409836772497,0.100936609361966,2.21468197548112,0.652393656166109
316,"s(V1_pre_z)",10.0796268001621,0.0897692260319732,2.11217389544897,0.636431485552469
317,"s(V1_pre_z)",10.3317158164369,0.0890663462715174,2.23842627882048,0.66258630664555
318,"s(V1_pre_z)",9.85710856121259,0.0894466115031196,2.01982751485993,0.622322922029503
319,"s(V1_pre_z)",10.0912040801652,0.0934793505646433,1.93530776330652,0.606850386318469
320,"s(V1_pre_z)",10.182985366248,0.102724933388526,2.24217166939538,0.660364583982983
321,"s(V1_pre_z)",10.0815050931565,0.0946222570826557,1.90274761974899,0.601794882051674
322,"s(V1_pre_z)",10.4149684776884,0.0919293222727576,2.14583885674114,0.648539096247844
323,"s(V1_pre_z)",9.43041373081973,0.0887480556513213,1.80425004178413,0.577104880604543
324,"s(V1_pre_z)",10.1347761708599,0.096986385478492,1.86128796737038,0.597613161180629
325,"s(V1_pre_z)",9.29234258889717,0.0815218721206588,1.98156015134026,0.601055229005586
326,"s(V1_pre_z)",10.4040371095065,0.0949276877998157,2.03129981271117,0.626516459828238
327,"s(V1_pre_z)",9.94006013061496,0.0892312687871015,2.05149411568148,0.626537336553895
328,"s(V1_pre_z)",9.7588687782226,0.0871153355804541,2.02291060899188,0.617141242666701
329,"s(V1_pre_z)",9.70865802866726,0.0846098340530647,2.08198778611399,0.626799270438622
330,"s(V1_pre_z)",9.61499464149431,0.0890062716906065,1.90387134814085,0.594538140972018
331,"s(V1_pre_z)",10.4888942059128,0.0906057638320683,2.16626764092173,0.651995717702634
332,"s(V1_pre_z)",10.1909303081698,0.0864511685829214,2.17497455469856,0.646557053960252
333,"s(V1_pre_z)",10.3195484485041,0.0960098144787384,1.97524087443898,0.618708800998768
334,"s(V1_pre_z)",10.1230091550149,0.086248346236634,2.13637551313281,0.639586465969572
335,"s(V1_pre_z)",10.0897569531957,0.0943654891721894,1.99570506564073,0.620366729867323
336,"s(V1_pre_z)",9.14044671864314,0.0812998126049977,1.96700739379379,0.597502379073755
337,"s(V1_pre_z)",9.0334118396551,0.0812448706566907,1.92039696015826,0.587113707284935
338,"s(V1_pre_z)",9.4728022118388,0.0850022173509106,2.01702775275937,0.614787629934323
339,"s(V1_pre_z)",9.74906987115017,0.0816901600068702,2.1664034610367,0.640463223529954
340,"s(V1_pre_z)",9.9889646034327,0.0889100743098923,2.08126930500777,0.629489658710489
341,"s(V1_pre_z)",10.0132146152424,0.0892475182828169,2.04838676193577,0.62593196505262
342,"s(V1_pre_z)",9.74603789639634,0.0888435555791847,1.96131102091536,0.607303372935966
343,"s(V1_pre_z)",10.4462042877225,0.0964098814474924,2.02419544945459,0.628417510244392
344,"s(V1_pre_z)",9.93657012079806,0.0839790668895255,2.18005033235912,0.647881252360321
345,"s(V1_pre_z)",9.80892337679267,0.0891518888061796,2.00844623698807,0.615724038770896
346,"s(V1_pre_z)",10.0233695827996,0.0744108335182221,2.20196501684892,0.649542790558705
347,"s(V1_pre_z)",10.2311324934637,0.0928454441067288,2.00332315492664,0.617123785337385
348,"s(V1_pre_z)",10.1943295059965,0.0880253289013316,2.13091280550113,0.639556019869471
349,"s(V1_pre_z)",9.68426347042631,0.0857579713805156,2.03072186952082,0.617375754214989
350,"s(V1_pre_z)",9.83374121490558,0.0876318825882761,2.0468533205037,0.619606853804947
351,"s(V1_pre_z)",9.91724205394809,0.0906159793336375,1.95480249688657,0.605450588022092
352,"s(V1_pre_z)",9.49128874092526,0.0865119291132542,1.93003894004185,0.596976354830198
353,"s(V1_pre_z)",9.95954841574959,0.089574750104176,2.03626833092293,0.621590111162172
354,"s(V1_pre_z)",9.56929447439551,0.093166586568761,1.72283209255586,0.567552454478807
355,"s(V1_pre_z)",9.98824180300786,0.0846806145282992,2.15475489769752,0.643051404162384
356,"s(V1_pre_z)",9.88499962954261,0.0861524377061366,2.12333272851608,0.636844769387312
357,"s(V1_pre_z)",9.89114438638077,0.0920709905375597,1.9880596988395,0.614744885375015
358,"s(V1_pre_z)",9.68526930821256,0.0867464713905244,1.995671722284,0.611292489553024
359,"s(V1_pre_z)",10.0982162295147,0.0945945236716002,2.05026959979197,0.629897992505086
360,"s(V1_pre_z)",10.2860576041227,0.0967653049346721,1.94128074830342,0.610213685437528
361,"s(V1_pre_z)",10.1472509838682,0.0954632670283761,1.97021272488413,0.614219329170671
362,"s(V1_pre_z)",10.1185387379753,0.0949427103318443,1.98934718624744,0.615418459312452
363,"s(V1_pre_z)",10.6381840373916,0.0954355602330906,2.10628688856624,0.643929748599034
364,"s(V1_pre_z)",9.92699182529664,0.0891076891616693,2.0181195636068,0.617604331998196
365,"s(V1_pre_z)",9.99034479707912,0.0927453966611422,1.96420533698176,0.607681451439108
366,"s(V1_pre_z)",9.05056003948288,0.0857125505810341,1.76905863216704,0.566275044558813
367,"s(V1_pre_z)",9.96247974347762,0.092252289309581,1.97561278576789,0.613779653095416
368,"s(V1_pre_z)",9.46191434456132,0.0865341881033085,1.91811896509124,0.59500891246143
369,"s(V1_pre_z)",9.81371887739374,0.0867695469757186,2.04711120251528,0.620287983654222
370,"s(V1_pre_z)",9.35551232244237,0.0875625297015871,1.90899166142674,0.591266375763506
371,"s(V1_pre_z)",9.82313168460361,0.0895034005472887,1.96914164991588,0.609434319502118
372,"s(V1_pre_z)",9.1890288079978,0.0889765602184967,1.66943988424176,0.549677965280431
373,"s(V1_pre_z)",10.204180965301,0.088322932718675,2.13168213556624,0.638333530627945
374,"s(V1_pre_z)",10.2232478648016,0.09386622070423,2.01201743296956,0.622375007204038
375,"s(V1_pre_z)",9.82823933724014,0.0909791211964622,1.95496818945762,0.608724780544747
376,"s(V1_pre_z)",9.98234777639733,0.0914003695968063,2.00802495747703,0.618927788810415
377,"s(V1_pre_z)",9.63114050453118,0.0865397707279836,2.00474332649677,0.610872914798068
378,"s(V1_pre_z)",9.71283460063075,0.0856855805135145,2.03357522560236,0.616962329901075
379,"s(V1_pre_z)",8.69169623324298,0.0757531263452248,1.94656676958651,0.589464639318097
380,"s(V1_pre_z)",10.3067090002148,0.0920635083664704,2.07969052531249,0.634703194608909
381,"s(V1_pre_z)",9.99043514459448,0.0940562303194235,1.89420272737099,0.600457972467954
382,"s(V1_pre_z)",9.94125699613499,0.0912252910330998,1.95622300852456,0.606501732036179
383,"s(V1_pre_z)",9.80185534086319,0.0899382110704598,1.95164431308433,0.606668180027582
384,"s(V1_pre_z)",9.85734169903401,0.0879955402454081,2.01818271775322,0.61688030237917
385,"s(V1_pre_z)",9.20001638372294,0.0844570079610501,1.91086980398734,0.589901973627917
386,"s(V1_pre_z)",9.84301714309159,0.0886304283009701,1.99140808417891,0.611954843913712
387,"s(V1_pre_z)",9.74106086804411,0.088440879924828,2.02872592428143,0.618415951441053
388,"s(V1_pre_z)",9.58019296009465,0.0838060748183422,2.08113461203063,0.626245150411315
389,"s(V1_pre_z)",9.24636882617741,0.0839934669281801,1.96611478361121,0.603435543929155
390,"s(V1_pre_z)",9.85590660704139,0.0740840978746208,2.17668795088399,0.642594137365884
391,"s(V1_pre_z)",9.87210248820291,0.0954689767685534,2.21960192624767,0.653943360611778
392,"s(V1_pre_z)",9.87948582737918,0.0857122638947707,2.10132985487339,0.632859360498599
393,"s(V1_pre_z)",9.95533229718385,0.0941890496714241,1.88015674717537,0.598959436042472
394,"s(V1_pre_z)",10.3452895399172,0.0954603228027618,2.00087809743953,0.620934401907799
395,"s(V1_pre_z)",9.87406657995392,0.0899903850927293,2.01573319693383,0.618831095188735
396,"s(V1_pre_z)",9.94128447690865,0.0944998951314145,2.0008241919853,0.616750797709139
397,"s(V1_pre_z)",10.3520036419297,0.0889524994643018,2.19133337993316,0.653940278388893
398,"s(V1_pre_z)",9.74560284196886,0.0886499492113156,2.05321585661605,0.623048577198429
399,"s(V1_pre_z)",10.191244269084,0.094196692226134,1.96850927920851,0.615159516816458
400,"s(V1_pre_z)",9.91336222001526,0.0903580018447018,2.02899271923387,0.624149749859235
401,"s(V1_pre_z)",9.83465435278247,0.0929470429719,1.89663787291945,0.594454212652612
402,"s(V1_pre_z)",10.1117414225153,0.0956919634376409,1.8529090993918,0.591649791867709
403,"s(V1_pre_z)",9.91163507101907,0.0887519354840275,2.03625735453678,0.623928167246284
404,"s(V1_pre_z)",9.84733115903449,0.0898851339573501,1.96789912402718,0.60914797989699
405,"s(V1_pre_z)",9.50853296862722,0.0872283686256475,2.03377176855269,0.618279877357442
406,"s(V1_pre_z)",9.91347971892176,0.0999988028093708,2.20079296049825,0.648160217454346
407,"s(V1_pre_z)",9.78733082530584,0.0864813688436241,2.06337074942054,0.626765195704363
408,"s(V1_pre_z)",10.0478846320306,0.0926860811742203,2.0318590507616,0.624485729616524
409,"s(V1_pre_z)",9.73539234749113,0.0905240452444026,1.8938699905167,0.596001770928698
410,"s(V1_pre_z)",9.81067430845166,0.090159210120682,1.94029700157423,0.602563723399047
411,"s(V1_pre_z)",10.3898649392318,0.0925984380775086,2.07580323096677,0.634195907268662
412,"s(V1_pre_z)",9.78887275720952,0.0631110106821235,2.20318640030984,0.649658808181976
413,"s(V1_pre_z)",10.2198608813633,0.0902146094557808,2.07789553297347,0.632538322716967
414,"s(V1_pre_z)",9.48787726314548,0.0878960269589178,1.86804286183616,0.587619197586006
415,"s(V1_pre_z)",9.88642890391865,0.0889491703826441,2.01020049152357,0.617240660808592
416,"s(V1_pre_z)",9.05183484750777,0.078848809889724,1.9697618100809,0.597050799638386
417,"s(V1_pre_z)",10.1747568896323,0.0944223648808551,1.94249081208966,0.606029821626512
418,"s(V1_pre_z)",10.1770030839525,0.096754372884413,1.89782683897266,0.601758258400179
419,"s(V1_pre_z)",9.81819687886711,0.0838851202943931,2.14324554480517,0.638427804120548
420,"s(V1_pre_z)",9.7424807387699,0.0902446443246966,1.92485873101016,0.602588109383039
421,"s(V1_pre_z)",10.2004166397495,0.0957530459020516,1.98123566247208,0.619118117353023
422,"s(V1_pre_z)",9.88523535398667,0.0875974495830423,2.07467052780218,0.629193424178873
423,"s(V1_pre_z)",9.55187800631669,0.087525215566351,1.91075278296744,0.59423896859513
424,"s(V1_pre_z)",10.2139891611714,0.093349268118806,2.02409936971033,0.625009956323346
425,"s(V1_pre_z)",9.40336582368907,0.0870058773526535,1.98874619211312,0.605737229311188
426,"s(V1_pre_z)",9.2798658152185,0.0827179850062152,1.98917097486568,0.604206834536937
427,"s(V1_pre_z)",9.86376893865051,0.0853183610135703,2.12045822567752,0.63525838894453
428,"s(V1_pre_z)",9.38547455043648,0.085170387784168,1.9244825443601,0.594939736470788
429,"s(V1_pre_z)",9.46825275273861,0.0869223939965925,1.95737233663419,0.605431420838607
430,"s(V1_pre_z)",9.90562379806403,0.0936766323492858,1.85351307754106,0.590453572002373
431,"s(V1_pre_z)",10.0213404823299,0.0895990001635375,2.07089316540929,0.629703676685228
432,"s(V1_pre_z)",9.42098059703994,0.0845172028116082,1.94189894123235,0.596659027150014
433,"s(V1_pre_z)",9.30683356860852,0.0834862517273672,1.97542698144918,0.603679222737446
434,"s(V1_pre_z)",10.0164626488437,0.0932149900169875,1.94426228338751,0.609099724693032
435,"s(V1_pre_z)",9.67220150637008,0.0911183503256951,1.85270781032242,0.588290511043255
436,"s(V1_pre_z)",10.1736015701074,0.0911914958516799,2.08436045442142,0.629676924400412
437,"s(V1_pre_z)",9.71928091231322,0.087727806879613,1.98707219088352,0.610847441920268
438,"s(V1_pre_z)",9.70461421180015,0.0864107251157743,2.01584185463308,0.616687221327503
439,"s(V1_pre_z)",10.2202318801148,0.0878967227474973,2.19858436705557,0.656164598366126
440,"s(V1_pre_z)",10.2848765353831,0.0930377384703855,2.06006300856446,0.629667095703226
441,"s(V1_pre_z)",9.82979206526517,0.0908493113374122,1.92663353760288,0.600742531991911
442,"s(V1_pre_z)",9.50677847711508,0.0865404256478012,1.97354233715613,0.604910231633685
443,"s(V1_pre_z)",9.54777647385936,0.0832823733987224,2.06228433099373,0.622994916845718
444,"s(V1_pre_z)",10.1517495992094,0.092196203331662,2.02374753825735,0.621497442717498
445,"s(V1_pre_z)",9.94052554490085,0.0897656198059957,2.04546026754663,0.624879772162107
446,"s(V1_pre_z)",10.0364701100378,0.0925719144294128,1.98532584206964,0.615576293509329
447,"s(V1_pre_z)",10.5151445655567,0.092419232122265,2.14710653137603,0.649030185667533
448,"s(V1_pre_z)",10.3225358798784,0.0923741038086411,2.06765821235202,0.629753576317703
449,"s(V1_pre_z)",10.0018463799979,0.088728797617338,2.07815057786142,0.628968396015987
450,"s(V1_pre_z)",10.0641873356741,0.0893188889829309,2.05474305578261,0.626275390335239
451,"s(V1_pre_z)",9.61278319365601,0.0879627327689256,1.9609887610117,0.603575504911494
452,"s(V1_pre_z)",9.65794109983046,0.0890862476702342,1.91964511648503,0.59959723282291
453,"s(V1_pre_z)",9.84745360098168,0.0859271346157931,2.09474078959565,0.630491466318267
454,"s(V1_pre_z)",9.67804934780536,0.0898835850630644,1.91857834097154,0.598426324311087
455,"s(V1_pre_z)",9.796201854983,0.0899425891146539,1.9215813561004,0.598035848537867
456,"s(V1_pre_z)",9.40418623304234,0.087669342499247,1.84564303603937,0.582622639474031
457,"s(V1_pre_z)",10.6573872364231,0.0990331945259324,1.99045458746992,0.623254126475182
458,"s(V1_pre_z)",9.8837303785451,0.0848267039541105,2.11046533816164,0.633183717526532
459,"s(V1_pre_z)",10.2528010763269,0.0869671695201617,2.19708354320568,0.654006567589049
460,"s(V1_pre_z)",9.86106791422494,0.0898989793524666,2.02645779889076,0.618522451662099
461,"s(V1_pre_z)",9.7842754282005,0.0890655221378247,1.97611528372066,0.608110524955827
462,"s(V1_pre_z)",9.81018697960447,0.0875571506343028,2.03605607941145,0.62158223595219
463,"s(V1_pre_z)",10.5112708934557,0.0935901310012986,2.16708446671124,0.653526623586998
464,"s(V1_pre_z)",10.0099285559076,0.089267813587366,2.03284043222791,0.621298259626874
465,"s(V1_pre_z)",9.64542462486501,0.085443247838326,2.01933824384036,0.614661397582288
466,"s(V1_pre_z)",10.6128989236543,0.0953072517541073,2.12589752276309,0.649024108299292
467,"s(V1_pre_z)",9.79580118480979,0.092191238549425,1.87147704292263,0.592617806124569
468,"s(V1_pre_z)",9.88372610214221,0.0867085390977106,2.0542392310838,0.622743243428157
469,"s(V1_pre_z)",10.1977772006923,0.096202062240433,1.91154126285824,0.60560424262858
470,"s(V1_pre_z)",9.74465174086356,0.0842417089893264,2.10396070391562,0.631639989191966
471,"s(V1_pre_z)",9.3613412102182,0.0839479800596065,1.9617640625242,0.599642441259533
472,"s(V1_pre_z)",9.90379735549679,0.0870624243130835,2.05066817981051,0.62233386502295
473,"s(V1_pre_z)",10.504638547878,0.0918961529064811,2.16002061999273,0.650334467225989
474,"s(V1_pre_z)",10.4225964690039,0.0881859569401245,2.23124270605584,0.661866224169116
475,"s(V1_pre_z)",9.69098570845706,0.090080576837311,1.87183971633539,0.59081166697532
476,"s(V1_pre_z)",9.81120303261501,0.0834398573577192,2.11201781315746,0.63274345294065
477,"s(V1_pre_z)",10.0353083793028,0.0910934894225072,2.04148650647228,0.625117440772487
478,"s(V1_pre_z)",9.77838564956913,0.0815940854378567,2.15639916877936,0.63819685054658
479,"s(V1_pre_z)",10.1238515485817,0.0920217650496517,2.00197292043144,0.617660619376262
480,"s(V1_pre_z)",8.97670232484806,0.0760742717166457,2.04688944081368,0.610242806021205
481,"s(V1_pre_z)",10.097760277014,0.0854283221840861,2.20707403370589,0.653987625335975
482,"s(V1_pre_z)",10.0177673727495,0.0875651653848584,2.07461892915273,0.628197777925326
483,"s(V1_pre_z)",9.61367632553243,0.0826655314500363,2.09963851105,0.627337367315959
484,"s(V1_pre_z)",10.9059995227497,0.0990075841258231,2.16067589348719,0.656570414743184
485,"s(V1_pre_z)",9.65393646230692,0.0880392070483913,1.96975856499322,0.607464901236518
486,"s(V1_pre_z)",9.54108178326415,0.0915515546171267,1.83286479161833,0.586293462867874
487,"s(V1_pre_z)",10.0365004048474,0.0868494554511746,2.10727309287799,0.634828119651854
488,"s(V1_pre_z)",9.71174576821035,0.0881284888465766,2.00820193193227,0.611893125268163
489,"s(V1_pre_z)",10.01284168266,0.0851086133115101,2.12910588230519,0.637060059010422
490,"s(V1_pre_z)",10.0330030119505,0.0902789141013362,2.03332960290283,0.623644815780137
491,"s(V1_pre_z)",9.92574824552586,0.0858486501841537,2.08199519572626,0.626136174395601
492,"s(V1_pre_z)",10.0193277182354,0.0956663879628889,1.8431153051264,0.593098426974916
493,"s(V1_pre_z)",9.78041439296623,0.0901727136072216,1.94798363854731,0.606778393013433
494,"s(V1_pre_z)",10.0273224409152,0.0893770797366343,2.05219793316508,0.625607603964119
495,"s(V1_pre_z)",9.43204063041165,0.0863993179519172,1.97151075987462,0.603545631356409
496,"s(V1_pre_z)",10.2290228652823,0.0914515211294536,2.06148939542275,0.629685341606219
497,"s(V1_pre_z)",9.92921808148498,0.0856507408519055,2.14952608701322,0.643865470684378
498,"s(V1_pre_z)",9.00460170204211,0.0848935392127075,1.77458756624847,0.565507089688529
499,"s(V1_pre_z)",10.1500723082092,0.0907229656351201,2.05414543950284,0.627957749361729
500,"s(V1_pre_z)",9.44346998332595,0.0956507645711376,2.16031124172655,0.63626063714749
501,"s(V1_pre_z)",9.25808338367808,0.0837587329394301,1.9275630415935,0.594355136733156
502,"s(V1_pre_z)",9.75215105687344,0.0893066538087457,1.93614413634337,0.601144510922811
503,"s(V1_pre_z)",10.3188350878421,0.0868785206282319,2.26077149017826,0.663486641798287
504,"s(V1_pre_z)",9.61480195876937,0.0864795146076053,1.98102079321353,0.607338626619113
505,"s(V1_pre_z)",10.1564800047492,0.0935201015057948,1.9978182604563,0.619665532722439
506,"s(V1_pre_z)",10.016449624723,0.101064501829467,2.21813576673232,0.653263614872833
507,"s(V1_pre_z)",9.98424557428249,0.0913861656130401,1.99668767177219,0.616699035164053
508,"s(V1_pre_z)",10.2122664947215,0.0952383142021263,1.98795812019142,0.616701976900056
509,"s(V1_pre_z)",10.0990156852433,0.0940457517310568,1.90637678611714,0.600310168192888
510,"s(V1_pre_z)",9.94409820607188,0.0832917702943254,2.19671663515032,0.648178114699406
511,"s(V1_pre_z)",9.70761337112569,0.0819085537525622,2.12788770037153,0.632130771758519
512,"s(V1_pre_z)",9.84861237072779,0.092207326910953,2.00353555017935,0.6190687399199
513,"s(V1_pre_z)",9.77877306577602,0.0990128174512368,2.20658228013544,0.649926055067201
514,"s(V1_pre_z)",9.92310336032608,0.0949069034645133,1.8748938610964,0.595004921135031
515,"s(V1_pre_z)",10.0179903736376,0.0905438654000744,2.00737617641482,0.618041663407481
516,"s(V1_pre_z)",9.61420994247406,0.0907510280675092,1.86283820450149,0.589008263972791
517,"s(V1_pre_z)",9.92612787038543,0.08385770736721,2.14676821681124,0.639654530977314
518,"s(V1_pre_z)",9.72108456925636,0.0824318501935033,2.11346673903026,0.62897123930666
519,"s(V1_pre_z)",10.2424985135741,0.0889836322052504,2.1619776558496,0.648944220315226
520,"s(V1_pre_z)",9.57794902418591,0.0912944602872907,1.87781400948882,0.591378752440951
521,"s(V1_pre_z)",9.86095773997892,0.0848767514770305,2.08823383582228,0.62833738085335
522,"s(V1_pre_z)",9.42106951659202,0.0816744359460978,2.05462649877702,0.620255183973972
523,"s(V1_pre_z)",10.3609154973496,0.0932549311815399,2.06987747288583,0.635180456365314
524,"s(V1_pre_z)",9.55727682070319,0.0900001982057322,1.85667972569999,0.588659469768397
525,"s(V1_pre_z)",9.68143085848794,0.0895007015338864,1.96453348363145,0.60530421293401
526,"s(V1_pre_z)",9.80354373847801,0.0991100857580418,2.19294133257858,0.645863055693947
527,"s(V1_pre_z)",10.2409092447496,0.0927812077119522,2.01578715327295,0.620296029601381
528,"s(V1_pre_z)",9.89519867398523,0.0917472514915123,1.9189196513425,0.601313045344124
529,"s(V1_pre_z)",9.62533520135713,0.0886969570754359,1.92528949535917,0.600392003650119
530,"s(V1_pre_z)",9.95313256217225,0.0882827275570639,2.04251323517433,0.621611550886534
531,"s(V1_pre_z)",9.74980701168137,0.0835465699999552,2.08829409052682,0.626139298518963
532,"s(V1_pre_z)",9.84206249468844,0.091154310434153,1.93616504062447,0.606154484265537
533,"s(V1_pre_z)",10.3352254109679,0.0976406855337326,2.09113832882203,0.635597121104518
534,"s(V1_pre_z)",10.1671536133907,0.088192373548746,2.14483733715129,0.64245861690994
535,"s(V1_pre_z)",9.9611553980389,0.0891324471687047,2.04237876145574,0.625120506267862
536,"s(V1_pre_z)",10.2679646994989,0.0939813575782185,1.98678353063909,0.616084477286538
537,"s(V1_pre_z)",9.72465283855985,0.0876673331819195,1.98037851408613,0.60865532619711
538,"s(V1_pre_z)",10.287687253584,0.0901551870609381,2.13159237838985,0.6440817435881
539,"s(V1_pre_z)",9.89188974919578,0.0878816281585291,2.0247131706761,0.617008958062395
540,"s(V1_pre_z)",9.73027562534021,0.0913399798350314,1.90337401597766,0.599954224681425
541,"s(V1_pre_z)",9.74578984769981,0.0898774805780527,1.93276781314705,0.60362208569175
542,"s(V1_pre_z)",9.75338045650441,0.0905669771256354,1.9077692606221,0.59968526613581
543,"s(V1_pre_z)",9.22186195260353,0.08657651416572,1.81230127079338,0.570438831798593
544,"s(V1_pre_z)",9.93419829585431,0.0926066616854428,1.91633740516822,0.602603579658138
545,"s(V1_pre_z)",9.82759084241516,0.0863567357242883,2.09264854434668,0.631347116600599
546,"s(V1_pre_z)",9.24853759522618,0.0869448980623164,1.78188782160088,0.569308639927206
547,"s(V1_pre_z)",9.81521921911179,0.0878999666016198,1.99805605758781,0.61210019511779
548,"s(V1_pre_z)",9.83538999460009,0.0816013475469534,2.17895472816607,0.643336513219427
549,"s(V1_pre_z)",9.2442126709967,0.0866683367728048,1.81178185629231,0.575386730307917
550,"s(V1_pre_z)",10.0287714358226,0.0898001762574644,2.03837192752591,0.623500671991969
551,"s(V1_pre_z)",9.74890608465702,0.089702539558187,1.94185549481828,0.603946180527353
552,"s(V1_pre_z)",10.1828916552545,0.0877967271711062,2.14577698233174,0.644229896771491
553,"s(V1_pre_z)",10.4704101931665,0.090633896810315,2.16723672842696,0.650108936948471
554,"s(V1_pre_z)",10.22856206416,0.0906414527810617,2.10165592335586,0.638299131194885
555,"s(V1_pre_z)",10.6541843981183,0.0885257890024655,2.28287644012598,0.673137153317846
556,"s(V1_pre_z)",9.75830978550662,0.0840358213286394,2.10403418802107,0.632887876010015
557,"s(V1_pre_z)",10.6588197293576,0.0951147270615261,2.08114149999742,0.635589327630635
558,"s(V1_pre_z)",10.2817935152677,0.0928947688354114,2.09199691178687,0.63642174815118
559,"s(V1_pre_z)",10.0560482090277,0.0899489323800614,2.04697951274398,0.625839592466452
560,"s(V1_pre_z)",9.45218721769693,0.0831480957184004,1.99269863731761,0.606244011436239
561,"s(V1_pre_z)",10.1424138155051,0.094674748276444,1.92995529063492,0.607507319981805
562,"s(V1_pre_z)",9.95420012946302,0.0846979054234808,2.14437662428072,0.639145400204346
563,"s(V1_pre_z)",9.51481310263371,0.0897697002099625,1.89118395398846,0.592211975074187
564,"s(V1_pre_z)",9.65084981060993,0.091201411063281,1.81816626765645,0.580904225362458
565,"s(V1_pre_z)",9.8845887122277,0.0873140850386466,2.08792338744207,0.630445877679526
566,"s(V1_pre_z)",10.1487459837493,0.0940102591937065,1.97927981494022,0.614711695342629
567,"s(V1_pre_z)",10.071413421271,0.0885755842442729,2.08620275990596,0.631523485375426
568,"s(V1_pre_z)",9.58591569360765,0.0969992284085678,2.14751715496954,0.63254909252689
569,"s(V1_pre_z)",10.0139910090172,0.0932877093708324,1.92210688865675,0.604061808289145
570,"s(V1_pre_z)",9.83017411064435,0.0875670814875182,2.02311656535065,0.617797689962994
571,"s(V1_pre_z)",9.51769292021217,0.0908927568652197,1.75894979872483,0.571965807670917
572,"s(V1_pre_z)",9.63506540432987,0.0876343067175665,1.96818589981164,0.608683381831866
573,"s(V1_pre_z)",9.80511008948965,0.0876743082856364,2.03455293774494,0.619903606761556
574,"s(V1_pre_z)",9.96133467949223,0.0904896379458353,2.01533524239718,0.620373003681704
575,"s(V1_pre_z)",9.93368790929765,0.100510151300148,2.19129508487074,0.645357580607055
576,"s(V1_pre_z)",9.60641364101163,0.0970058674859631,2.18032112268065,0.642177265748558
577,"s(V1_pre_z)",9.65059811032781,0.0880203313664747,1.93905352093893,0.600378693057636
578,"s(V1_pre_z)",9.65745756836842,0.0876749119956398,1.96459735565941,0.605461549161704
579,"s(V1_pre_z)",9.75828926292745,0.0899978242395464,1.96299962462264,0.607648104133266
580,"s(V1_pre_z)",9.89273586168924,0.0880746966039926,2.11454201445037,0.634021902172216
581,"s(V1_pre_z)",9.44603424678845,0.0887225384322884,1.81692852170571,0.577894995705398
582,"s(V1_pre_z)",9.9432900348348,0.0946573072510943,1.84813764673075,0.590063894732646
583,"s(V1_pre_z)",9.71165333617778,0.0879027719789017,1.98327786461651,0.610112270019805
584,"s(V1_pre_z)",10.706757478294,0.101277035421635,2.0800897852771,0.645875728962253
585,"s(V1_pre_z)",9.98970609080752,0.0905977367383539,2.00116726752037,0.617424382898841
586,"s(V1_pre_z)",10.0423975932138,0.0917977716800559,2.06643920633269,0.629017961500193
587,"s(V1_pre_z)",10.1466768466346,0.0962174321527874,1.91473668823526,0.604925975201969
588,"s(V1_pre_z)",9.59877704227039,0.092450714907226,2.02909459799292,0.617198560455295
589,"s(V1_pre_z)",9.63484566523534,0.0903476029167497,1.87842455517578,0.591380996563477
590,"s(V1_pre_z)",9.21361447571151,0.0890085708472305,1.72254020959756,0.56041357781101
591,"s(V1_pre_z)",9.24214660508057,0.0868385908158778,1.77567665303375,0.565799982277474
592,"s(V1_pre_z)",9.5877964886862,0.084927892855975,2.14281989913266,0.636476118723892
593,"s(V1_pre_z)",10.0285736216268,0.0918602292430315,1.98890821497902,0.613589498454884
594,"s(V1_pre_z)",9.36811259306112,0.0846725588162891,1.9461847226393,0.599160773280545
595,"s(V1_pre_z)",9.95066808209732,0.0888133034526175,2.06070009925109,0.63017007913647
596,"s(V1_pre_z)",10.2151163556603,0.0941584141020531,1.97111040984924,0.613858218299386
597,"s(V1_pre_z)",9.46462260289226,0.0870343246465247,1.96522132390957,0.606340270133312
598,"s(V1_pre_z)",10.059561106444,0.0919464639071505,2.04465445777952,0.626907267829965
599,"s(V1_pre_z)",9.67257323636181,0.0937379089762693,1.69625851563206,0.562076408034758
600,"s(V1_pre_z)",9.68401964641187,0.0926986679472067,1.85570647402783,0.584171573638759
601,"s(V1_pre_z)",10.41278054267,0.0992722597374452,2.04659458084657,0.634073469724239
602,"s(V1_pre_z)",10.1391696014484,0.0962210325726117,2.00735854088122,0.620418377880183
603,"s(V1_pre_z)",10.2051144076088,0.0902403818869569,2.07932799366817,0.632568641173248
604,"s(V1_pre_z)",10.1513744614087,0.0944489935475473,1.97378781972661,0.616800993578015
605,"s(V1_pre_z)",9.91131288711559,0.0894149146793711,1.99619952427401,0.613231638755393
606,"s(V1_pre_z)",9.78722790048054,0.0877324583721783,2.0005336254788,0.613477459414568
607,"s(V1_pre_z)",10.1014994574558,0.0889905547873157,2.10010659129264,0.637385534936963
608,"s(V1_pre_z)",9.94056428626944,0.0875718383575946,2.06680796581965,0.62707904202958
609,"s(V1_pre_z)",9.22027827767766,0.0874744316819356,1.81703850209292,0.575946159131309
610,"s(V1_pre_z)",10.346679093695,0.0929879089181445,2.07362566051756,0.633421096774643
611,"s(V1_pre_z)",8.98812221528772,0.0834961988137992,1.79780728359839,0.568205547237613
612,"s(V1_pre_z)",10.0321975367138,0.0900104471556805,2.01854834495584,0.619161124453964
613,"s(V1_pre_z)",9.80376736593374,0.0898406493330123,1.94194593575657,0.603928462956102
614,"s(V1_pre_z)",9.51720663956199,0.0863736871568994,2.03239366136495,0.614768156397877
615,"s(V1_pre_z)",10.1794569888681,0.0882170503480098,2.17372483609389,0.651194339799881
616,"s(V1_pre_z)",10.5211642971667,0.0977426533080967,2.08908738756168,0.637763330003007
617,"s(V1_pre_z)",10.3995061300376,0.0986966561757656,1.91793008384998,0.609910423790371
618,"s(V1_pre_z)",9.99748358596762,0.0898390662841107,2.07242722222938,0.629249946621477
619,"s(V1_pre_z)",9.78104188856078,0.0888375838054373,1.97717779462721,0.608876218937108
620,"s(V1_pre_z)",9.89696171814213,0.0825849392986295,2.19161423462645,0.648128437039725
621,"s(V1_pre_z)",10.1372940067098,0.091980083730216,2.06687490392236,0.630765865926195
622,"s(V1_pre_z)",9.50951934085563,0.0815927046503998,2.07819466291314,0.624816637829902
623,"s(V1_pre_z)",9.44620358428384,0.0894034293703,1.78188102292189,0.572073820010682
624,"s(V1_pre_z)",9.90821013106454,0.0924560219650281,1.90019300891208,0.59898486148788
625,"s(V1_pre_z)",9.89820732427363,0.0858957705504668,2.10187562088358,0.63446292499623
626,"s(V1_pre_z)",9.81535858314925,0.0884754996263331,2.02569819337714,0.620152448380763
627,"s(V1_pre_z)",10.2159528376632,0.094678234437838,1.97576640496119,0.61672204732965
628,"s(V1_pre_z)",9.54239431989825,0.0833851872586771,2.10526874295963,0.629769161647548
629,"s(V1_pre_z)",10.2170174560147,0.0941825649869557,1.97576738786008,0.61471647377089
630,"s(V1_pre_z)",10.293339870141,0.0992622324043033,1.81425276101996,0.59342107102904
631,"s(V1_pre_z)",9.83663262561885,0.0911872961961716,1.9282582644446,0.603941648183157
632,"s(V1_pre_z)",9.88683297789466,0.0870893120818706,2.11797603620487,0.637457164476428
633,"s(V1_pre_z)",9.82858361136973,0.0986276644526647,2.22051747451818,0.654029013793093
634,"s(V1_pre_z)",10.0710485589719,0.0856221530339569,2.16153569907437,0.645566295314255
635,"s(V1_pre_z)",9.61953304050086,0.086805855565864,1.99395175164722,0.614098653808333
636,"s(V1_pre_z)",9.62933333480166,0.0874782417604019,1.9293253750928,0.596659175856307
637,"s(V1_pre_z)",9.69069094116785,0.0909268018284668,1.83805895478269,0.582612476700488
638,"s(V1_pre_z)",9.83831647319717,0.0856195552533391,2.10395960040931,0.631718988242018
639,"s(V1_pre_z)",10.2430044968808,0.0964326689842891,1.92601291939083,0.608481215173267
640,"s(V1_pre_z)",9.70686788873593,0.0854359678075087,2.06647385678213,0.624333044514765
641,"s(V1_pre_z)",10.2240794856838,0.0928840239606641,2.01698946357939,0.62135995312543
642,"s(V1_pre_z)",9.72358057761257,0.090759486723984,1.92447819656554,0.600077137612042
643,"s(V1_pre_z)",10.4364715734432,0.0877812667148728,2.21560793701366,0.657567638973721
644,"s(V1_pre_z)",10.4838732931579,0.0924231334813433,2.13101444969827,0.646947785815671
645,"s(V1_pre_z)",9.76397391495615,0.089964656494231,1.94748212252037,0.606558984716373
646,"s(V1_pre_z)",9.85051634217334,0.09429449601791,1.78299974119667,0.578917634853502
647,"s(V1_pre_z)",9.7199225089296,0.0924131975734661,1.78110608779106,0.574424727803546
648,"s(V1_pre_z)",10.0609699314998,0.0916607292148637,2.03839011213029,0.62580745286996
649,"s(V1_pre_z)",10.1991762263062,0.0865593433344381,2.21221995062052,0.657498295666386
650,"s(V1_pre_z)",10.1084024819606,0.0974458816005212,1.79316884758081,0.585119922834129
651,"s(V1_pre_z)",9.7712295157424,0.0828178226263505,2.12388377879443,0.63497992445299
652,"s(V1_pre_z)",9.47082863981631,0.0879337818631838,1.88437815717005,0.590499495795789
653,"s(V1_pre_z)",9.58721767401753,0.0836561603403847,2.03672236615592,0.617181049908131
654,"s(V1_pre_z)",9.72573030345683,0.0872521986102047,2.03326598496559,0.619982825133721
655,"s(V1_pre_z)",10.1181730134189,0.091259930474701,2.03267691870596,0.62421346568875
656,"s(V1_pre_z)",9.75316741462109,0.0889098706428132,1.95285691346068,0.605659765462844
657,"s(V1_pre_z)",10.5578435519297,0.0915300081967726,2.15887422910213,0.65132144225972
658,"s(V1_pre_z)",10.000887362346,0.0904736327489949,2.00732247408559,0.618324226047025
659,"s(V1_pre_z)",10.1150890729431,0.0950300499124648,1.92698038645837,0.60624055554347
660,"s(V1_pre_z)",10.0257673761148,0.0910650505518868,2.03648351605997,0.626335173105716
661,"s(V1_pre_z)",9.91053554755799,0.0937960117786013,1.98700312521821,0.612220615135262
662,"s(V1_pre_z)",9.38483660814409,0.0854894750608877,1.9224833330946,0.594160960019966
663,"s(V1_pre_z)",10.3844519768929,0.0800593456016484,2.250761907178,0.66387928390857
664,"s(V1_pre_z)",10.0049979252973,0.0860404001141997,2.14770904219227,0.641041157765247
665,"s(V1_pre_z)",10.3211771272826,0.094408553990625,2.04170036326722,0.629580809301882
666,"s(V1_pre_z)",9.64069256110927,0.0866402601998944,1.9714509277203,0.605493700000525
667,"s(V1_pre_z)",10.7351246274982,0.0970046457824392,2.12658143172153,0.646787779904182
668,"s(V1_pre_z)",9.82154353051635,0.0824905677175744,2.17616909506314,0.644406350152589
669,"s(V1_pre_z)",10.2329520181833,0.0968423060576636,1.89852594448825,0.605197843847101
670,"s(V1_pre_z)",9.38807366154004,0.0835675883961119,1.9663192861459,0.600880460663615
671,"s(V1_pre_z)",9.7822429867229,0.0850281906069771,2.08592620560549,0.628836502753864
672,"s(V1_pre_z)",10.0279148329047,0.0955764767708756,2.02844624236727,0.623652536818282
673,"s(V1_pre_z)",9.85732069119903,0.0891771931916656,2.02427604758898,0.619495619023336
674,"s(V1_pre_z)",9.24121549863931,0.0837977008457421,1.92223773814483,0.59286592303668
675,"s(V1_pre_z)",9.95677916554547,0.0958080247818568,1.89710213428495,0.600008830075498
676,"s(V1_pre_z)",10.2344537002327,0.0930381627599939,2.01675903655062,0.623375980844574
677,"s(V1_pre_z)",10.1491621112747,0.092461034528584,2.01638035540257,0.619827442270479
678,"s(V1_pre_z)",9.82039066294412,0.0891949778704159,1.98304436541362,0.609743727101106
679,"s(V1_pre_z)",10.0072468171046,0.0832958331189257,2.19292448695853,0.647646266056803
680,"s(V1_pre_z)",9.77898703036371,0.0916241784778089,1.88973798327593,0.596307164689393
681,"s(V1_pre_z)",10.1946749744755,0.0944558197970747,1.98346390725955,0.616698376763169
682,"s(V1_pre_z)",10.5450301045361,0.0892768831728955,2.26127690503932,0.670742069694624
683,"s(V1_pre_z)",9.59188030412389,0.0891091518855961,1.96660667359039,0.606344549133841
684,"s(V1_pre_z)",10.0146000358588,0.0943696126263816,1.88327150757025,0.598264601400723
685,"s(V1_pre_z)",9.90523427117516,0.0839773059040204,2.13777415942067,0.637611531619098
686,"s(V1_pre_z)",9.18967402933553,0.0806211268137023,2.01019698110188,0.609460266250103
687,"s(V1_pre_z)",9.47658281766557,0.085369892142235,1.97179758346666,0.604985840292076
688,"s(V1_pre_z)",9.72122373165826,0.0847372730978114,2.10292521987867,0.630021116170085
689,"s(V1_pre_z)",10.0485255902739,0.0871875027076743,2.11588750347456,0.636691118463602
690,"s(V1_pre_z)",9.75232748340315,0.0832363936015749,2.10090850357143,0.629541095622951
691,"s(V1_pre_z)",10.2387446434532,0.0876809102829005,2.14574733139377,0.642580977039031
692,"s(V1_pre_z)",9.95091328360542,0.0890824889514493,2.07291135932085,0.627312633536968
693,"s(V1_pre_z)",9.23226199435761,0.0799462872917311,2.08149368160663,0.618651086721371
694,"s(V1_pre_z)",9.78522725031864,0.0903142570533087,1.94519375007317,0.605018641032279
695,"s(V1_pre_z)",9.65945343650551,0.0907751019853955,1.85285212314981,0.589398443966906
696,"s(V1_pre_z)",9.29467607745125,0.0809230045924564,2.02590430334879,0.610213814983153
697,"s(V1_pre_z)",10.2515875219551,0.0951604136517129,2.03460831935717,0.62773371716468
698,"s(V1_pre_z)",9.88258747987522,0.0908584146195705,1.9363364259695,0.602593124782698
699,"s(V1_pre_z)",10.062315601459,0.0961069646526732,1.96439087203524,0.612951127027651
700,"s(V1_pre_z)",9.75288224496085,0.0938405812380747,1.79779297574474,0.581449397104231
701,"s(V1_pre_z)",10.3989437936455,0.105184969890249,2.26468762677355,0.666988364698121
702,"s(V1_pre_z)",9.45173599920814,0.0857816372561321,1.9750788401512,0.606274493812663
703,"s(V1_pre_z)",9.99353307467207,0.0894400627663786,2.05483201762676,0.628259686084777
704,"s(V1_pre_z)",9.85470805041521,0.0853081185428611,2.10762714876862,0.633189704597805
705,"s(V1_pre_z)",9.95384875378731,0.0928257596629619,1.91741690568639,0.601122681317386
706,"s(V1_pre_z)",9.93220106879827,0.0884052977531538,2.08417651932341,0.630999664855126
707,"s(V1_pre_z)",10.3589974878544,0.0938981667593298,2.1071896618545,0.640494115605916
708,"s(V1_pre_z)",9.63580376461532,0.0936631561780002,1.88015117979175,0.594035308185107
709,"s(V1_pre_z)",10.3982082710388,0.0890066889828575,2.17542741769163,0.650539188469444
710,"s(V1_pre_z)",9.82630501270754,0.0902318589060487,1.94265094879747,0.605911750067135
711,"s(V1_pre_z)",9.86250962014713,0.0868729440778102,2.06643396560498,0.626174619362181
712,"s(V1_pre_z)",9.71500253882535,0.093886732842413,1.79303729674558,0.583084168623987
713,"s(V1_pre_z)",10.0590538479709,0.0960237766827264,1.94512233651646,0.610079414369346
714,"s(V1_pre_z)",9.58192274651038,0.0911753638168357,1.823504052327,0.582753609569039
715,"s(V1_pre_z)",9.93324651308265,0.0890297156608023,2.01122141377072,0.616565793173368
716,"s(V1_pre_z)",9.42205536564051,0.0855497945693069,1.92483876006007,0.596885238010397
717,"s(V1_pre_z)",10.2341123682694,0.0965821600836702,1.89573791695045,0.603220513389827
718,"s(V1_pre_z)",10.4113200552612,0.0905002583521907,2.1420772759767,0.644603991030652
719,"s(V1_pre_z)",10.279037451268,0.0960787621164609,1.965452428366,0.616779604423431
720,"s(V1_pre_z)",9.49102022879213,0.0912754247310068,1.73261380064504,0.568177469928996
721,"s(V1_pre_z)",9.48212826944486,0.0872208773999,1.93351013176363,0.596102599802842
722,"s(V1_pre_z)",9.90133173145952,0.0890524736131385,2.06818302510577,0.62713773256587
723,"s(V1_pre_z)",9.84051875079007,0.0916054412054614,1.91712597030832,0.602397095610125
724,"s(V1_pre_z)",9.3499244880308,0.079804255223356,2.09873735282956,0.622461457466315
725,"s(V1_pre_z)",10.1999852410131,0.0903021481781245,2.08270360103505,0.63230258724251
726,"s(V1_pre_z)",9.82433039111808,0.0882438911946667,2.01067856766044,0.617150434844821
727,"s(V1_pre_z)",9.61003182759544,0.0813825899438393,2.11857091746054,0.632780726145166
728,"s(V1_pre_z)",10.2216978050405,0.0932655406692094,2.03182173364478,0.623501146832785
729,"s(V1_pre_z)",9.57906080775462,0.0878339468373412,1.92080232260116,0.596035107452755
730,"s(V1_pre_z)",9.86671475955834,0.0914345305513523,1.92530092380816,0.602679965315447
731,"s(V1_pre_z)",9.39315754595219,0.0878672164898086,1.8565107398133,0.584595677015724
732,"s(V1_pre_z)",10.1160581171129,0.0891601138913818,2.1423453191505,0.64518594881185
733,"s(V1_pre_z)",10.1835884462679,0.0923638964671405,2.00495685414711,0.61828578451096
734,"s(V1_pre_z)",10.0430384005056,0.0911075197257278,1.98356063618279,0.612133733277466
735,"s(V1_pre_z)",8.89585749058554,0.0802270406696064,1.89054342887137,0.584363698777139
736,"s(V1_pre_z)",10.2410978494158,0.091466300135322,2.08321293944944,0.635534144017251
737,"s(V1_pre_z)",9.5335590886154,0.0891823963813978,1.8801685730598,0.591233934202391
738,"s(V1_pre_z)",9.59787303928721,0.0905945962768675,1.88093773704993,0.591959896015268
739,"s(V1_pre_z)",9.74262415718701,0.0864202475147909,2.03126652069288,0.619254686648677
740,"s(V1_pre_z)",9.79034704130801,0.0893872090737438,1.96495264895298,0.608839514223828
741,"s(V1_pre_z)",9.73900747023417,0.0833947035540788,2.11425316556616,0.632891649640017
742,"s(V1_pre_z)",9.83265322934421,0.0836906650752908,2.14298988774501,0.636298883826178
743,"s(V1_pre_z)",9.7975012981369,0.0864734892130311,2.06127050248,0.625262470677365
744,"s(V1_pre_z)",9.66368756038279,0.0860251517829453,2.08479970276992,0.627056043014528
745,"s(V1_pre_z)",9.65090405917599,0.0911094058459794,1.83204379853714,0.584103685035613
746,"s(V1_pre_z)",10.0149637410452,0.0938035098848122,1.93956582766527,0.607653619519767
747,"s(V1_pre_z)",9.97600511984213,0.0929762078596507,1.89956081618948,0.597382178396924
748,"s(V1_pre_z)",9.39251580565294,0.0780341615164504,2.16668453136142,0.638257945685659
749,"s(V1_pre_z)",9.99537971603715,0.0913684964774596,1.96220663354371,0.608112649772713
750,"s(V1_pre_z)",9.93807430957006,0.0909259540661218,2.01706664899818,0.620533707609266
751,"s(V1_pre_z)",9.93146724066998,0.0870575646593689,2.08755434779695,0.63143813956842
752,"s(V1_pre_z)",9.58183367851785,0.0859684398392463,2.01008372268107,0.614782004010631
753,"s(V1_pre_z)",10.0657401455095,0.0927829169378738,1.96845347203083,0.611547103354387
754,"s(V1_pre_z)",10.4067231040286,0.0937225878110856,2.06907421328766,0.63519662515329
755,"s(V1_pre_z)",9.86024800698298,0.0904652731325632,1.98631943764379,0.61530100044586
756,"s(V1_pre_z)",9.55046513369198,0.0877573961330395,1.93356594580398,0.600744820169969
757,"s(V1_pre_z)",9.87813545897519,0.09295265325635,1.85705782465998,0.589946456973834
758,"s(V1_pre_z)",10.3540528302297,0.0915234646318628,2.11086748904916,0.640323544923821
759,"s(V1_pre_z)",10.2906402952897,0.0953744251867075,1.98268582702005,0.616605218542713
760,"s(V1_pre_z)",9.58619462604635,0.0891381391952417,1.89068890152032,0.593653844255217
761,"s(V1_pre_z)",10.087630774759,0.0953092536773327,1.91866424497835,0.605874314923975
762,"s(V1_pre_z)",9.04236468883528,0.0784995804205507,1.98399044138521,0.598279470259735
763,"s(V1_pre_z)",9.70050596526415,0.0850151751726854,2.07573614664537,0.624699198702114
764,"s(V1_pre_z)",9.46420344915923,0.0884017183367488,1.91023465802866,0.594719889307175
765,"s(V1_pre_z)",10.1748101838576,0.0950889149582276,1.96343821993937,0.612525454723052
766,"s(V1_pre_z)",9.7037090610023,0.0928130491981594,1.89539258158852,0.59576174782889
767,"s(V1_pre_z)",10.0948478456491,0.0909241163174223,2.07745806259535,0.633557558510953
768,"s(V1_pre_z)",9.83948445314205,0.0856118830331934,2.11458666895336,0.634660729044774
769,"s(V1_pre_z)",10.0510808509006,0.0906463197911258,2.04160927602265,0.624755944478997
770,"s(V1_pre_z)",9.83130897051101,0.0908427663780697,1.91353865633069,0.599975586670603
771,"s(V1_pre_z)",9.85386746912873,0.0927379698080679,1.90625099811973,0.601022972179399
772,"s(V1_pre_z)",9.51171379635216,0.0854275258470809,2.01424821405832,0.610789835739563
773,"s(V1_pre_z)",10.2448678355765,0.0966682356557103,1.92435660870473,0.608761670082336
774,"s(V1_pre_z)",9.66250724950593,0.0865777270584891,1.99492915829098,0.611166037045094
775,"s(V1_pre_z)",9.51404812787872,0.0910026960934884,1.79996189605614,0.57837178527985
776,"s(V1_pre_z)",10.1648706952763,0.0957187328919758,1.97143672511511,0.613373867725132
777,"s(V1_pre_z)",9.95445929791609,0.0963933795823631,1.83551300698248,0.594755988979603
778,"s(V1_pre_z)",9.8220792567994,0.0903400272821949,1.97162952562447,0.608493991877439
779,"s(V1_pre_z)",10.0636432163362,0.101905280050335,2.23388620611529,0.658018458593661
780,"s(V1_pre_z)",10.1790522931868,0.0915354919033491,2.03981201488288,0.625240197552091
781,"s(V1_pre_z)",9.76349467466972,0.0923372217740596,1.83609422317336,0.586000564115708
782,"s(V1_pre_z)",9.31031628139315,0.0845791919154347,2.00898880803697,0.608663096841166
783,"s(V1_pre_z)",10.3722907201048,0.0938235262688273,2.06877694483341,0.632749456664852
784,"s(V1_pre_z)",9.80323555748053,0.0869243576256775,2.05500723077002,0.624362049123655
785,"s(V1_pre_z)",10.1098065301988,0.0904963932821274,2.05358126672867,0.628881475578817
786,"s(V1_pre_z)",10.3378598546542,0.0954021069133878,2.04564543312986,0.62927841544412
787,"s(V1_pre_z)",9.82977365883958,0.0844162550477806,2.14101659657521,0.639312519236851
788,"s(V1_pre_z)",9.81074846057636,0.0873290123182633,2.03390291782189,0.61985290420758
789,"s(V1_pre_z)",10.1472660623667,0.0894380450537642,2.15568784298353,0.645945046920105
790,"s(V1_pre_z)",9.92236469870546,0.0932286272372438,1.96547633553629,0.608179974442928
791,"s(V1_pre_z)",10.4758726828528,0.0888897632212322,2.20194241259713,0.654568108978468
792,"s(V1_pre_z)",9.87986453280941,0.0866263520682085,2.13600440121241,0.638546181754882
793,"s(V1_pre_z)",9.63199028960026,0.0839712388635277,2.05171005538875,0.617788191367888
794,"s(V1_pre_z)",9.585673435754,0.0821191797318995,2.08469896786015,0.626083606198202
795,"s(V1_pre_z)",9.2897500595063,0.087047908154867,1.8190362418997,0.576785073760748
796,"s(V1_pre_z)",9.97429365918716,0.090899075122417,1.98374159204821,0.613337489907392
797,"s(V1_pre_z)",10.2759667695382,0.0913311262669462,2.13157005602579,0.641245094154547
798,"s(V1_pre_z)",9.8390041859456,0.0889568213058582,1.98562417168406,0.611790681967922
799,"s(V1_pre_z)",9.57958716746482,0.0923929144437342,1.71214651324666,0.562992525560882
800,"s(V1_pre_z)",10.1112623873454,0.0930279444079891,1.95797906811692,0.610956583583832
801,"s(V1_pre_z)",9.5482707929981,0.0877249947354133,1.92590502046285,0.598967097157111
802,"s(V1_pre_z)",10.1230273161127,0.0887064433463993,2.12274769338321,0.638414314384847
803,"s(V1_pre_z)",9.59020669268522,0.0885196633249048,1.9651500797579,0.605267185721166
804,"s(V1_pre_z)",9.67608618122546,0.089639655127272,1.95202852955683,0.603394998878203
805,"s(V1_pre_z)",10.2276891533619,0.0893362878136464,2.12105436455661,0.639330969922469
806,"s(V1_pre_z)",10.0506311962073,0.090777621989616,2.03107981708127,0.623059011261395
807,"s(V1_pre_z)",10.6139702539432,0.0959672486617771,2.06677241107012,0.63478145244916
808,"s(V1_pre_z)",10.0417885838905,0.0885324147880059,2.05060670032794,0.623612466379637
809,"s(V1_pre_z)",9.59676129060137,0.0873667619016928,1.96787379831796,0.606758737470697
810,"s(V1_pre_z)",9.75569396375695,0.0828443244490437,2.1031263710799,0.626886067677521
811,"s(V1_pre_z)",10.1021397942023,0.0931582445454287,1.98454885859559,0.617914466240214
812,"s(V1_pre_z)",10.4638817335621,0.0876974817604898,2.282711087672,0.672388974570726
813,"s(V1_pre_z)",10.377075386393,0.0957436748061743,2.06645093972018,0.635553283880702
814,"s(V1_pre_z)",9.75264023120617,0.0894168000374544,1.94844613315889,0.60562907106224
815,"s(V1_pre_z)",9.61574927468099,0.0804673298936924,2.14802454265357,0.635010394343067
816,"s(V1_pre_z)",9.9943121044441,0.0954362025895411,1.87333899241604,0.593925024864454
817,"s(V1_pre_z)",10.0451390867384,0.0919671812914518,1.99138923949455,0.617789310612323
818,"s(V1_pre_z)",9.89792832571673,0.0910478972356073,2.02319040209773,0.617719998079125
819,"s(V1_pre_z)",9.96158205749478,0.0936248670524787,1.93314790735716,0.604122789087494
820,"s(V1_pre_z)",9.75586578542108,0.0851922506072867,2.08267440625611,0.628356932428865
821,"s(V1_pre_z)",9.84378511746985,0.0881930861898677,2.08438129230869,0.627977892224302
822,"s(V1_pre_z)",9.71662243622895,0.0895785059484454,1.94110176256025,0.603444688281187
823,"s(V1_pre_z)",9.43294519586522,0.083247416964329,1.99388572320942,0.607294348336992
824,"s(V1_pre_z)",10.1886747044591,0.0929786147647149,2.01132248923944,0.62085591926763
825,"s(V1_pre_z)",9.5498586059234,0.0851923507767982,2.0096991784457,0.613058527544891
826,"s(V1_pre_z)",10.5287967234926,0.0941543452454825,2.07515223063878,0.63581090877329
827,"s(V1_pre_z)",9.55257907216653,0.0874024415857128,1.93018184049759,0.598933793759981
828,"s(V1_pre_z)",9.42807363765269,0.0879405974772559,1.83158734772853,0.579369581822019
829,"s(V1_pre_z)",9.75040547002505,0.0980332104771882,2.18369892727653,0.6431494302673
830,"s(V1_pre_z)",9.50130392148017,0.0867916925527677,1.94139982379094,0.602083485849359
831,"s(V1_pre_z)",9.42130943791694,0.084701102976771,1.95155376030312,0.601099836305167
832,"s(V1_pre_z)",9.86376816020912,0.0904666561698669,1.98086443768151,0.613601279599508
833,"s(V1_pre_z)",10.099807146815,0.090053119954288,2.19225475369225,0.652671120493648
834,"s(V1_pre_z)",9.91232729385522,0.0925709460159707,1.92110703292233,0.604648921110027
835,"s(V1_pre_z)",9.87055479775622,0.0851993666749889,2.14491663541266,0.640301678053865
836,"s(V1_pre_z)",10.3903926662081,0.0938058695234058,2.11342049577012,0.643035738183409
837,"s(V1_pre_z)",9.84826930579955,0.0922736152198738,1.92584645653923,0.604160617458184
838,"s(V1_pre_z)",9.70365529551348,0.0920824224999722,1.90292615658013,0.59886527705654
839,"s(V1_pre_z)",10.06902150418,0.0910787559711113,2.0058531134363,0.618393787090147
840,"s(V1_pre_z)",10.0311214509999,0.0906842696301604,2.08015509736561,0.631355727025797
841,"s(V1_pre_z)",9.24853853587496,0.0854704345873824,1.85680822507339,0.582691996755308
842,"s(V1_pre_z)",9.96203299737113,0.0907554240715158,2.00288076515536,0.616329212551563
843,"s(V1_pre_z)",10.1110546374527,0.0938726492582328,1.98073244439483,0.614767700733532
844,"s(V1_pre_z)",9.3463592760962,0.0852092233052082,1.94876674765537,0.60166921880726
845,"s(V1_pre_z)",9.77436832028443,0.086079771711836,2.08101071953627,0.627563352679306
846,"s(V1_pre_z)",9.78815698762301,0.0819973587296102,2.16876936564052,0.642242301185008
847,"s(V1_pre_z)",9.5944376454394,0.0967281041827607,2.16226708469998,0.636871094054923
848,"s(V1_pre_z)",9.89632665304588,0.0886781586210254,2.01526294702003,0.615909464278709
849,"s(V1_pre_z)",9.88032884137521,0.0996331902405432,2.21326642757421,0.651914252037097
850,"s(V1_pre_z)",10.0645053982437,0.0868462152576049,2.12079570734763,0.638776578544822
851,"s(V1_pre_z)",9.95180091005241,0.0864888953217083,2.11104144861561,0.633255884662157
852,"s(V1_pre_z)",9.78982823396538,0.0865655727950701,2.03039704163499,0.617348963504469
853,"s(V1_pre_z)",10.3657513515091,0.0932002956624711,2.25545331539227,0.668789082712794
854,"s(V1_pre_z)",10.2024608561061,0.0978120588358436,1.82299326568141,0.58722961462186
855,"s(V1_pre_z)",9.98929571597706,0.0878731687087102,2.07136495483689,0.627275351059433
856,"s(V1_pre_z)",9.61653879354878,0.0890711859840977,1.91714404942922,0.598144222436046
857,"s(V1_pre_z)",9.91056625760923,0.0864026660756115,2.0967951507371,0.632493259559116
858,"s(V1_pre_z)",10.0467099379543,0.0898840666326583,2.06643740507984,0.63056363921405
859,"s(V1_pre_z)",9.791290580908,0.0870816704568704,2.05572644254691,0.625534851930082
860,"s(V1_pre_z)",9.96783940522174,0.0826846407203428,2.19703394488037,0.6478932353149
861,"s(V1_pre_z)",9.99102783936006,0.0937733069574625,1.96794264887761,0.613162857585466
862,"s(V1_pre_z)",9.62723895432937,0.087837355006799,1.92576684867353,0.596236389993434
863,"s(V1_pre_z)",9.9360001715099,0.0852081257200124,2.1570551025231,0.644033423767689
864,"s(V1_pre_z)",9.75301690470076,0.0871883611859715,2.07587267698894,0.628604105926872
865,"s(V1_pre_z)",9.64741451204472,0.0832489140617676,2.05955425183477,0.619849955496549
866,"s(V1_pre_z)",10.1251933935886,0.0894192991679341,2.072452057017,0.630145982904529
867,"s(V1_pre_z)",10.1256152102367,0.092816376165589,2.01564494102228,0.620289534162003
868,"s(V1_pre_z)",9.31782362512815,0.0859945186111392,1.88170157340551,0.588036603689595
869,"s(V1_pre_z)",9.88905972675456,0.0868589229606664,2.10751224847427,0.632990683597352
870,"s(V1_pre_z)",9.61255288621155,0.0973574629203877,2.19544123246952,0.64657673700254
871,"s(V1_pre_z)",10.1510370365873,0.0922663566816574,2.01722484219651,0.622971347512444
872,"s(V1_pre_z)",9.39488543068233,0.0841478789661639,1.98240559650222,0.605443312749978
873,"s(V1_pre_z)",9.7931290960647,0.086525575069404,2.02805889243692,0.618109132026179
874,"s(V1_pre_z)",9.67070333849993,0.0866094747300925,2.04307280507183,0.621777635839379
875,"s(V1_pre_z)",9.94071767929658,0.0829175951924947,2.20376897130475,0.65189332529981
876,"s(V1_pre_z)",10.164319706655,0.0871916771273038,2.14310294766834,0.643869589294873
877,"s(V1_pre_z)",9.92298175239411,0.0939998301516792,1.84184626420456,0.589200282254144
878,"s(V1_pre_z)",9.84297167775628,0.0866502158456068,2.06505823203208,0.627042370707675
879,"s(V1_pre_z)",10.0260133855956,0.0888906662854314,2.0688347326047,0.630624051498604
880,"s(V1_pre_z)",9.74891493162393,0.0858336533730329,2.08526526598769,0.628755092095069
881,"s(V1_pre_z)",9.60958268617386,0.0909861340346573,1.80807906286295,0.577905227281061
882,"s(V1_pre_z)",9.73128283231232,0.0898681850950416,1.9142813256729,0.597088314360897
883,"s(V1_pre_z)",9.51570542103302,0.0830194216947735,2.03858760280506,0.615950381350874
884,"s(V1_pre_z)",10.1897777357386,0.0863864417803121,2.22832163255239,0.657361933808172
885,"s(V1_pre_z)",10.4721939638892,0.0890312420102502,2.22277320906788,0.66354120012114
886,"s(V1_pre_z)",10.3349494790388,0.088582403520061,2.18628530421066,0.653898387626506
887,"s(V1_pre_z)",9.70507437497588,0.0922864715931692,1.77061571390849,0.572283062980672
888,"s(V1_pre_z)",10.4173943071952,0.090668255550873,2.15547623955901,0.647332580387085
889,"s(V1_pre_z)",9.8575370976004,0.086447514413985,2.07387015217044,0.627381953829035
890,"s(V1_pre_z)",10.4854893222383,0.0917015101988624,2.12970078143792,0.643821416409431
891,"s(V1_pre_z)",10.2006179105897,0.0937559499617596,2.09605996637398,0.633415246389298
892,"s(V1_pre_z)",10.752519852936,0.0939765901632995,2.16791502674821,0.655895487964736
893,"s(V1_pre_z)",10.5974105441014,0.0956136090641935,2.08300637284202,0.639497715639848
894,"s(V1_pre_z)",10.0453818085514,0.0894241787418867,2.1113332843138,0.639477424925292
895,"s(V1_pre_z)",9.88413702022526,0.0892081112500846,2.01845348536714,0.618094166369607
896,"s(V1_pre_z)",10.2457725778112,0.0906725168997135,2.12960242882207,0.640716285695188
897,"s(V1_pre_z)",10.3022267530376,0.0962419226881807,1.93947409190077,0.611494417384862
898,"s(V1_pre_z)",9.78848848853552,0.0899355048623001,1.98328504886962,0.614858292901192
899,"s(V1_pre_z)",9.68077421383541,0.0886480730645264,1.94507133925783,0.603538920464619
900,"s(V1_pre_z)",9.85651045871003,0.0887816946995535,1.99965245443868,0.614094811449768
901,"s(V1_pre_z)",9.97269463626802,0.0911469976051178,1.96982620030663,0.611147192254462
902,"s(V1_pre_z)",9.63819925734729,0.0972743246010144,2.18890136640568,0.644661759412409
903,"s(V1_pre_z)",10.0961632594224,0.094436895210317,1.91228713574495,0.603961377116777
904,"s(V1_pre_z)",10.3011547097607,0.0888118914035408,2.14743442131567,0.645861436978339
905,"s(V1_pre_z)",10.1349084545935,0.0933645275160294,1.97576202303464,0.615181533969795
906,"s(V1_pre_z)",9.63747088855771,0.086826717367645,1.97464850803934,0.605886064375521
907,"s(V1_pre_z)",9.62085643522535,0.0885291418565469,1.90651638278625,0.596674076844745
908,"s(V1_pre_z)",8.86380557124289,0.0826921428935808,1.778782926803,0.564097586053934
909,"s(V1_pre_z)",9.47572822819734,0.0824198197954423,2.05513766885135,0.618571012231383
910,"s(V1_pre_z)",9.64050439442106,0.084135810080356,2.10927049195313,0.63185260164371
911,"s(V1_pre_z)",10.2979529273686,0.0910952571478747,2.11851658942551,0.642541566497332
912,"s(V1_pre_z)",9.90934022237455,0.0922641649537549,1.99632125617409,0.613704355162236
913,"s(V1_pre_z)",9.94600971445837,0.0866636526080035,2.10683009350053,0.63591393692133
914,"s(V1_pre_z)",10.7064177561894,0.094623958802189,2.18372236807668,0.659963076609016
915,"s(V1_pre_z)",9.82091660721543,0.0907185301212559,1.93551134844729,0.605285466353462
916,"s(V1_pre_z)",10.2105228925829,0.094649436711711,1.96663228412304,0.617020571143326
917,"s(V1_pre_z)",9.6974074240709,0.0892859158345503,1.94498679603517,0.604069505945913
918,"s(V1_pre_z)",9.6567823137856,0.0853668733345383,2.00625160833063,0.611544028665552
919,"s(V1_pre_z)",9.43984825526619,0.0795171126110667,2.12210390916806,0.629781106987457
920,"s(V1_pre_z)",9.94703643817042,0.0951265257233363,1.84411868528271,0.588380768827351
921,"s(V1_pre_z)",9.50386690122045,0.0863949589186582,1.9818868130818,0.606764916600967
922,"s(V1_pre_z)",9.88739995457053,0.0926263525004663,1.88848889523267,0.59704603901268
923,"s(V1_pre_z)",9.68249294973993,0.090143209753776,1.87582734522741,0.590330124860731
924,"s(V1_pre_z)",9.61696177423004,0.0880845077555811,1.93045601162358,0.600297766225205
925,"s(V1_pre_z)",10.4645692596509,0.0974446677503915,1.99206598530389,0.623778042945626
926,"s(V1_pre_z)",9.5695055601555,0.0881309977193262,1.88176533443194,0.588548036139259
927,"s(V1_pre_z)",9.98061509710874,0.0863008189060106,2.10783850551388,0.635478591969301
928,"s(V1_pre_z)",9.77072143882308,0.0827171236816442,2.13944320219447,0.636905789037479
929,"s(V1_pre_z)",9.81627262679799,0.0911882267929609,1.89614879778071,0.595491023171698
930,"s(V1_pre_z)",9.56053233516127,0.0876872358557573,1.93036722774225,0.601043817316469
931,"s(V1_pre_z)",9.69032581336526,0.091439993829609,1.99329644869724,0.611930251045299
932,"s(V1_pre_z)",10.4971246535321,0.0954129905271082,2.14759150682939,0.646577674520447
933,"s(V1_pre_z)",10.4176073201693,0.0908476186677337,2.14051714780866,0.645106161125681
934,"s(V1_pre_z)",9.73860750925166,0.0845103684167723,2.05719922616195,0.620445135842819
935,"s(V1_pre_z)",10.1651835006005,0.0907471799235327,2.06380640590328,0.629129843372988
936,"s(V1_pre_z)",9.90471388391409,0.0851056398116372,2.11490978859381,0.632217982461103
937,"s(V1_pre_z)",9.54143823387219,0.0890435431757098,1.84213295152379,0.581785864987086
938,"s(V1_pre_z)",10.0454158974919,0.0833466902192754,2.21180561969466,0.652749469069789
939,"s(V1_pre_z)",9.49952884326774,0.0885487882664781,1.8638451465135,0.587914730592796
940,"s(V1_pre_z)",9.59567914393454,0.090483816837794,1.9220669523626,0.601365517279467
941,"s(V1_pre_z)",10.1287943304496,0.0888781374559242,2.10023952721395,0.635671309489346
942,"s(V1_pre_z)",9.99331408253346,0.0882779962006729,2.06052472940263,0.626107934828105
943,"s(V1_pre_z)",9.44747117404028,0.0882229109155378,1.85263632764295,0.587044186892053
944,"s(V1_pre_z)",10.3471463942293,0.0903246001589677,2.12264865124792,0.640701049511392
945,"s(V1_pre_z)",9.81575752616053,0.0919346349389339,1.89832397790625,0.598612629352561
946,"s(V1_pre_z)",10.3601283009036,0.0953984772127413,2.02958476833143,0.627434676336132
947,"s(V1_pre_z)",9.80511133162955,0.0895692591900622,1.99497586268004,0.613360958403211
948,"s(V1_pre_z)",9.89844213551313,0.084103689957741,2.13437962910444,0.638468690654885
949,"s(V1_pre_z)",10.106291899798,0.0905480401084238,2.05693726023672,0.626770071456564
950,"s(V1_pre_z)",9.72791182301343,0.0885855750325874,2.05695736217845,0.620947153244947
951,"s(V1_pre_z)",10.1380456570187,0.0915886891621927,2.06625549712061,0.631625542517046
952,"s(V1_pre_z)",9.69210887894869,0.0899880235604977,1.91102228946576,0.594781293480677
953,"s(V1_pre_z)",9.47827648715819,0.0831699240844262,2.0276118940046,0.615744570336
954,"s(V1_pre_z)",9.40229435764356,0.0886732043268443,1.87410424396792,0.589013543421589
955,"s(V1_pre_z)",10.1432651652132,0.0852335355897897,2.17404567165418,0.645477338374172
956,"s(V1_pre_z)",9.73069969084479,0.0900075198510642,1.89694893236074,0.596145909003657
957,"s(V1_pre_z)",9.98146347612869,0.0923533136736459,1.92501992067256,0.604048217268144
958,"s(V1_pre_z)",10.0908144843221,0.094426388003867,1.94570902208867,0.608265397297349
959,"s(V1_pre_z)",9.61378866522118,0.0893807154490924,1.90584476315009,0.596583852541045
960,"s(V1_pre_z)",10.310100866689,0.0921628050355243,2.1118551098957,0.638068443301129
961,"s(V1_pre_z)",9.49029004705262,0.086173096659752,1.94169057894775,0.600150349830792
962,"s(V1_pre_z)",9.32143647549016,0.0851107260940678,1.89766263300452,0.587967135658541
963,"s(V1_pre_z)",9.9463244762956,0.0926316205339915,1.9335604843973,0.603069560111309
964,"s(V1_pre_z)",10.5517925857005,0.0941371333648136,2.09154887069851,0.639017857064898
965,"s(V1_pre_z)",10.3247717996735,0.0966143052839409,1.9583375628598,0.616669753306174
966,"s(V1_pre_z)",10.1945805073748,0.0814384937386842,2.21916612057642,0.653434110700924
967,"s(V1_pre_z)",10.1868886771437,0.0810312123129629,2.24470610117622,0.662423762638276
968,"s(V1_pre_z)",9.72909406452719,0.0873148702877807,1.98265921653409,0.606921270160376
969,"s(V1_pre_z)",9.99677429103616,0.0866684027728194,2.10610916727048,0.633626256690626
970,"s(V1_pre_z)",9.87796901424952,0.0850374863351741,2.12865340594714,0.6397070549753
971,"s(V1_pre_z)",9.24620849338891,0.0898731901930769,1.60266270231038,0.539750229801036
972,"s(V1_pre_z)",9.69782588044201,0.0883280010727158,1.98310613887758,0.609834296573377
973,"s(V1_pre_z)",9.64426019320773,0.0888719797596624,1.92217896123623,0.598586769033378
974,"s(V1_pre_z)",9.92789038631119,0.0921688792738566,1.93052081178316,0.604371384009008
975,"s(V1_pre_z)",9.68696096327856,0.0856204812249723,2.01592869431794,0.613127864716487
976,"s(V1_pre_z)",10.0217253002992,0.0937862712026877,1.91459661422243,0.602011731475288
977,"s(V1_pre_z)",9.53611398960968,0.0864598863075029,1.9464347629272,0.598781008440478
978,"s(V1_pre_z)",10.2241566309975,0.0851022110312255,2.2373164479654,0.66026902794793
979,"s(V1_pre_z)",9.45812146212472,0.0868295262907141,1.89456136649477,0.58966219929981
980,"s(V1_pre_z)",9.82779107936789,0.0916912445358054,1.98575862709706,0.610741505223079
981,"s(V1_pre_z)",9.72112007753107,0.0838341874700931,2.11223274713873,0.634094704256441
982,"s(V1_pre_z)",10.125953725597,0.0911407905953452,2.01924559648025,0.620037877656252
983,"s(V1_pre_z)",9.71548292257436,0.084230931937519,2.0671414075234,0.624084914038425
984,"s(V1_pre_z)",10.0583060361955,0.0920990765890721,1.98435467826722,0.614626147649624
985,"s(V1_pre_z)",9.93562383388838,0.084396688021151,2.19482866889307,0.647832701578674
986,"s(V1_pre_z)",10.0654348082896,0.0934282642628904,1.99929684691103,0.61730236844665
987,"s(V1_pre_z)",10.1374494438073,0.0935062822876923,1.97012369737297,0.610516055900248
988,"s(V1_pre_z)",9.82348750776352,0.0908318207459505,1.92794088533447,0.600642846081797
989,"s(V1_pre_z)",9.93016497198389,0.0866584245996344,2.10523260954278,0.636750886092094
990,"s(V1_pre_z)",9.35970868599081,0.0855211278180487,1.93541226216092,0.598111184805089
991,"s(V1_pre_z)",9.87221953429463,0.0894785169788064,2.00046903277222,0.614157368127458
992,"s(V1_pre_z)",9.81781689634557,0.0928743005621074,1.92822883367527,0.602603605153481
993,"s(V1_pre_z)",9.73910212602905,0.0923387313376396,1.85217386733857,0.587590316160704
994,"s(V1_pre_z)",9.83428484040841,0.0894353569759707,1.96655509423226,0.608435419164892
995,"s(V1_pre_z)",9.69653636104784,0.0891025155277234,1.92612981636012,0.600825617142174
996,"s(V1_pre_z)",10.2385550518888,0.0909711894743983,2.11080253066388,0.640004907220833
997,"s(V1_pre_z)",10.0919586317101,0.0936590652465114,1.94295000937201,0.609699501924643
998,"s(V1_pre_z)",10.0499555040046,0.0875371961283567,2.11728057506427,0.637385441772082
999,"s(V1_pre_z)",10.0303453386138,0.0882826993464216,2.06175446780375,0.626838652830565
1000,"s(V1_pre_z)",9.99455601647534,0.0891547144486777,2.042003150377,0.621843709442992
