"Replicate","Term","Deviance_Value","Eta_Sq_Value","Amplitude_Value","RMS_Value"
1,"s(HC_post_z)",0.0219438250527038,0.000224203861721008,0.0973845490341344,0.0286928479163734
2,"s(HC_post_z)",0.0338323364838988,0.000357638772190467,0.122863556323913,0.0361851033251377
3,"s(HC_post_z)",0.049409281619214,0.000538728006810768,0.149767154285507,0.0441215275146327
4,"s(HC_post_z)",0.0866574311112007,0.000928863973802568,0.196284530448703,0.0578151821432249
5,"s(HC_post_z)",0.0191669670188084,0.000211944303993139,0.0943718801129405,0.0277982034835906
6,"s(HC_post_z)",0.0551397557750661,0.000590172302846026,0.152709663010942,0.0450116082648532
7,"s(HC_post_z)",0.0425981081414033,0.000475341839080451,0.141008371024225,0.0415353684250842
8,"s(HC_post_z)",0.0165866942783808,0.000148776039780519,0.0814182392503182,0.0240736771205386
9,"s(HC_post_z)",0.0379358945003254,0.000377448911879983,0.124702712346022,0.0367678473214512
10,"s(HC_post_z)",0.037686615125434,0.000396276592178597,0.129690787002366,0.03820353279087
11,"s(HC_post_z)",0.0329431603205474,0.000343219068279696,0.125544542829703,0.036586492147952
12,"s(HC_post_z)",0.106555498723138,0.000830392232879011,0.256883403330152,0.0709139782611846
13,"s(HC_post_z)",0.128246417890562,0.00106783274067605,0.393079711212237,0.100059481643061
14,"s(HC_post_z)",0.0162102602577168,0.000165068650774114,0.0820690177075267,0.0241758802060012
15,"s(HC_post_z)",0.0371420369055588,0.000311113314581024,0.1002457895362,0.0325835061570152
16,"s(HC_post_z)",0.0821782729233984,0.000725508736095648,0.296819490783259,0.0749250726709072
17,"s(HC_post_z)",0.0333353530224443,0.000373069376017939,0.123680890037523,0.0364337249864876
18,"s(HC_post_z)",0.0398905785906809,0.000439304625850449,0.135881216294855,0.0400442561515552
19,"s(HC_post_z)",0.0101472283875292,0.000103123825120639,0.0658515488430607,0.019395211823603
20,"s(HC_post_z)",0.037226874615321,0.000399196554063683,0.12866642049439,0.0379059550395749
21,"s(HC_post_z)",0.0632197348819048,0.000605196153669582,0.162687623918033,0.047816680939868
22,"s(HC_post_z)",0.0487490139025883,0.00031993194539876,0.164584848073738,0.0449540874536384
23,"s(HC_post_z)",0.0430478422994245,0.000401535381679746,0.136922584059234,0.0405174410060507
24,"s(HC_post_z)",0.0605391433202609,0.000678485295749665,0.170262404809072,0.0501579766248527
25,"s(HC_post_z)",0.0824633472373986,0.0006455839008327,0.237750998905702,0.0637317510490178
26,"s(HC_post_z)",0.0695712188718218,0.000720413286321645,0.171763187385844,0.050591950316925
27,"s(HC_post_z)",0.0321652172151818,0.000331594424387196,0.117437979471589,0.0345953322104966
28,"s(HC_post_z)",0.0606332779621965,0.000490807439319893,0.175055447781591,0.050233716945166
29,"s(HC_post_z)",0.0245474455890022,0.000272153929766911,0.106497123027469,0.0313684808611017
30,"s(HC_post_z)",0.0569119204970061,0.000606565892026549,0.159240469459093,0.0468978952590653
31,"s(HC_post_z)",0.0212089748745274,0.00024027507740605,0.100891060456103,0.0297208228693845
32,"s(HC_post_z)",0.0375346951574986,0.000282689877523211,0.122840763407747,0.0377748165442723
33,"s(HC_post_z)",0.0491071446395104,0.000511026751014068,0.147891640321938,0.0435569972509393
34,"s(HC_post_z)",0.0392026930532268,0.000416129550913351,0.132701393130548,0.0390943859900003
35,"s(HC_post_z)",0.0835530927540962,0.0008536617276587,0.188420689705848,0.0555229474226838
36,"s(HC_post_z)",0.0453605718951238,0.000474219351399254,0.141992783839833,0.0418378218823128
37,"s(HC_post_z)",0.026029252237544,0.000281864450642327,0.108197283541012,0.0318654356015452
38,"s(HC_post_z)",0.055312861439111,0.000426748000113179,0.148155957772054,0.0465367363868708
39,"s(HC_post_z)",0.0531617250877332,0.00054779158869093,0.149987799141504,0.0441809849340583
40,"s(HC_post_z)",0.0239342591541423,0.000254079763698965,0.103443803331364,0.0304689354273299
41,"s(HC_post_z)",0.0620326428893243,0.000412254674057781,0.20495676498086,0.0546954752770923
42,"s(HC_post_z)",0.0528834453048734,0.000396115584716677,0.146592383567297,0.0441215882863153
43,"s(HC_post_z)",0.0345618496511211,0.000382018510651744,0.125181792874095,0.0368790461146387
44,"s(HC_post_z)",0.0875658487737692,0.000731880397287021,0.188009666174718,0.0569332963391468
45,"s(HC_post_z)",0.125067686662668,0.00135646657400042,0.237172997248409,0.069872180392125
46,"s(HC_post_z)",0.0589770474694031,0.000636373429017917,0.161880510234059,0.0476970917981333
47,"s(HC_post_z)",0.0942461129618888,0.00077562770900148,0.374667205184066,0.0901847251710866
48,"s(HC_post_z)",0.0495229833425466,0.000526724906997191,0.147015798185915,0.0433141586851953
49,"s(HC_post_z)",0.0288883916478397,0.00033263342394314,0.117727147535073,0.0346825917128973
50,"s(HC_post_z)",0.0525535603540312,0.000562999094269175,0.151866148753593,0.0447292259572837
51,"s(HC_post_z)",0.0181811884750065,0.000189548330668702,0.0889857350986286,0.0262203672901544
52,"s(HC_post_z)",0.138683310882902,0.00113217111824466,0.255747262746491,0.0744895940050834
53,"s(HC_post_z)",0.0702273328894751,0.000756571608352732,0.17826822127767,0.0525221738127099
54,"s(HC_post_z)",0.0429216568797433,0.000465944025595465,0.137572908495226,0.0405232616309197
55,"s(HC_post_z)",0.091015724211891,0.00100820517487711,0.206280311043232,0.0607748013194818
56,"s(HC_post_z)",0.0744332697027712,0.000662132379921029,0.131991553322887,0.0453567797452983
57,"s(HC_post_z)",0.0194655518618454,0.00021575117258486,0.0970369168566142,0.02857943438559
58,"s(HC_post_z)",0.0528648690136357,0.000575700487623084,0.155740722566905,0.0458785950004041
59,"s(HC_post_z)",0.0237569724378179,0.000258501233593861,0.104949805636368,0.0309217428870863
60,"s(HC_post_z)",0.0370206192397191,0.000392280278856872,0.127224224532634,0.0374910387990261
61,"s(HC_post_z)",0.103191527649887,0.000795809476622508,0.238095222439689,0.0672816226224717
62,"s(HC_post_z)",0.0696507083220954,0.00076812817785192,0.180191164488464,0.0530947858476522
63,"s(HC_post_z)",0.0443768445428248,0.000351992025579869,0.134746069847381,0.0403749032430433
64,"s(HC_post_z)",0.0557778919008349,0.000610525029453753,0.15992701019408,0.0471207595883983
65,"s(HC_post_z)",0.01970291485517,0.000206902535280791,0.0934425131320201,0.0275179339206905
66,"s(HC_post_z)",0.0817392335522555,0.000661253827548659,0.165205703067001,0.0526169897025776
67,"s(HC_post_z)",0.0861719406645225,0.000658459118318544,0.213869101518131,0.0611380183174278
68,"s(HC_post_z)",0.0915365337191503,0.000710146417747016,0.2775348715499,0.0729361372912882
69,"s(HC_post_z)",0.0158008150268181,0.000169938108077222,0.0843148434111919,0.0248366496908612
70,"s(HC_post_z)",0.0675203257302677,0.000730861964490286,0.175482417215793,0.051685851742455
71,"s(HC_post_z)",0.0949781168965007,0.000795831792528885,0.201177473754203,0.0601373390205312
72,"s(HC_post_z)",0.116461040049247,0.00124485331734131,0.225852240703801,0.066528623634456
73,"s(HC_post_z)",0.0502842968817347,0.000522137108969676,0.150682398927872,0.044378237644474
74,"s(HC_post_z)",0.0284754688283559,0.000277450710602813,0.1085659705837,0.0319880139393942
75,"s(HC_post_z)",0.020330090226846,0.000221758611482337,0.0960673346846642,0.0283150009569811
76,"s(HC_post_z)",0.0367614947523229,0.00040233126840505,0.130504774578688,0.0384368077132539
77,"s(HC_post_z)",0.0535248856662367,0.000584846541428167,0.154516853385137,0.0455068057244497
78,"s(HC_post_z)",0.0185901491300058,0.000180403904772691,0.0861098847312569,0.0253805040776084
79,"s(HC_post_z)",0.0630862963302672,0.000706351275824625,0.172196458287027,0.0507175034382432
80,"s(HC_post_z)",0.0437823837799822,0.000479252017509385,0.14062531204157,0.0414329879826093
81,"s(HC_post_z)",0.0364323206954147,0.000254002208774702,0.126360987355047,0.0370195863794451
82,"s(HC_post_z)",0.0504917097245308,0.000539097409263102,0.148288419571203,0.0436904519303563
83,"s(HC_post_z)",0.0446320833085565,0.000257800649609292,0.171668150445426,0.0453663843046385
84,"s(HC_post_z)",0.0578529665742593,0.000443823376871631,0.162309490565105,0.0477984860616649
85,"s(HC_post_z)",0.0835983893349965,0.000922495181788893,0.194981698570458,0.0574437618239352
86,"s(HC_post_z)",0.0641997089885162,0.000549434000859399,0.149875274968856,0.0468179688949465
87,"s(HC_post_z)",0.10816214564087,0.00114929520346327,0.219046859568568,0.0645317709780171
88,"s(HC_post_z)",0.0359024027911197,0.000374475894321882,0.125595947867524,0.0369987979206522
89,"s(HC_post_z)",0.0523655549110735,0.000597672413906132,0.160189788285119,0.0472034525983338
90,"s(HC_post_z)",0.103722806567179,0.00112070073211379,0.213573561418098,0.0629132225314448
91,"s(HC_post_z)",0.0547142912778469,0.000615684730720543,0.162810078721389,0.0479633425241379
92,"s(HC_post_z)",0.0231313232900359,0.000240355984890951,0.0995779944768049,0.0293330162248715
93,"s(HC_post_z)",0.0476671220877574,0.000384183714000965,0.237951399537105,0.0596448927735999
94,"s(HC_post_z)",0.08969019872168,0.000787274422643354,0.142838085909952,0.0475304706147482
95,"s(HC_post_z)",0.0543653823204657,0.000498380362552245,0.250348628905126,0.0627254727192369
96,"s(HC_post_z)",0.0942885592040632,0.000744102486422956,0.220905959527544,0.0635936442302842
97,"s(HC_post_z)",0.0663116941385784,0.000474859805725127,0.212122715682764,0.0574499589822798
98,"s(HC_post_z)",0.0345051843151118,0.000218602073231605,0.175484489172647,0.044647106546526
99,"s(HC_post_z)",0.0847568838384767,0.000911911609389689,0.194677287840637,0.0573586383433966
100,"s(HC_post_z)",0.0549258950255833,0.000452125425425977,0.160724960205328,0.046146815233404
101,"s(HC_post_z)",0.0375204057623559,0.000291871314766282,0.110040430914781,0.0354907198981749
102,"s(HC_post_z)",0.054358913179156,0.00058984708975741,0.157445928014061,0.0463946948909605
103,"s(HC_post_z)",0.053912476507346,0.000383710151076687,0.161127915538965,0.0467906388007828
104,"s(HC_post_z)",0.0170855331546882,0.000178388855904161,0.0860422443170401,0.0253440711417247
105,"s(HC_post_z)",0.0263977363446521,0.000238505682073098,0.104142614786674,0.0306230943374728
106,"s(HC_post_z)",0.0829815982259117,0.000743959925768848,0.164016634717024,0.0521436149225744
107,"s(HC_post_z)",0.0661620448429456,0.000697220825565505,0.170196003606632,0.0501622343162549
108,"s(HC_post_z)",0.0662722336817811,0.000743414265321151,0.174312167684057,0.0513853855953925
109,"s(HC_post_z)",0.0756839766802155,0.00069872905273677,0.176480844898467,0.0524154452822802
110,"s(HC_post_z)",0.0446730020739459,0.000501325922670286,0.14304452723888,0.0421700562226019
111,"s(HC_post_z)",0.082018303093669,0.000905536678151212,0.193202709173714,0.0569050735614173
112,"s(HC_post_z)",0.0449066198897103,0.000474040357488922,0.142107429453646,0.0418653270689033
113,"s(HC_post_z)",0.0501144558682416,0.000325385364893469,0.260949313071058,0.0596871231398998
114,"s(HC_post_z)",0.0426833324367397,0.000476887747407279,0.140226354316616,0.0413314642977872
115,"s(HC_post_z)",0.0625616504663071,0.000426869398917315,0.229070440874546,0.0594339799947539
116,"s(HC_post_z)",0.0676101332527885,0.000722876892068278,0.172516580603021,0.050852262667688
117,"s(HC_post_z)",0.0777572051520252,0.000836508812027989,0.187549949332073,0.0552475059528049
118,"s(HC_post_z)",0.0337496674362772,0.00038019038358014,0.126348055606357,0.0372170295505181
119,"s(HC_post_z)",0.0535881205667064,0.000585661445841382,0.159628840182152,0.0470204529556869
120,"s(HC_post_z)",0.133404337760524,0.00116885170719136,0.43051096224465,0.104120700503629
121,"s(HC_post_z)",0.0841172163790578,0.000797196781328121,0.198163123494482,0.0581587659421044
122,"s(HC_post_z)",0.0405805798309853,0.000449880480280398,0.136649006332067,0.0402625338084073
123,"s(HC_post_z)",0.0416236916557686,0.00043929898989886,0.137437794120537,0.0404922818732167
124,"s(HC_post_z)",0.0727811950475719,0.000773236008643738,0.180424402944544,0.0531456547394693
125,"s(HC_post_z)",0.0674443546248078,0.000737668415898367,0.173733040997486,0.0511804652199237
126,"s(HC_post_z)",0.0668052592165171,0.000722583348355932,0.171703224717281,0.0506099156748018
127,"s(HC_post_z)",0.0458309139979463,0.00041630786064745,0.147193436161341,0.0427528022018536
128,"s(HC_post_z)",0.0527199368850191,0.000515296958989108,0.155921454018194,0.0453206135231479
129,"s(HC_post_z)",0.0569930530245735,0.000612704462342055,0.16055959123203,0.0473007392233102
130,"s(HC_post_z)",0.0372179065574478,0.000394705831045513,0.128653987884154,0.0379116175219817
131,"s(HC_post_z)",0.0697104532494315,0.000766267679665329,0.179006896202279,0.0527256820956213
132,"s(HC_post_z)",0.0341066387116573,0.000377225740940627,0.126466283395359,0.0372617168199487
133,"s(HC_post_z)",0.0400066409855544,0.000429271190276033,0.134745522424613,0.039691324527772
134,"s(HC_post_z)",0.0373243867597726,0.000399811910582689,0.13018335641059,0.0383516335304961
135,"s(HC_post_z)",0.0180552758605526,0.000195412144211754,0.090396291454252,0.0266388042452704
136,"s(HC_post_z)",0.0242301593181491,0.000270274711807688,0.106690308960224,0.0314308064535994
137,"s(HC_post_z)",0.0731945206739404,0.000818991274930068,0.184885660244398,0.0544881482817742
138,"s(HC_post_z)",0.0686556039923989,0.000783635569299526,0.182157822149161,0.0536860800742759
139,"s(HC_post_z)",0.0867134673678809,0.000707955095924116,0.208434264349384,0.059921374112013
140,"s(HC_post_z)",0.0233488980220589,0.00024636395535405,0.101259960312474,0.0298276261052952
141,"s(HC_post_z)",0.0620751055316457,0.000470372992614439,0.18248556818719,0.0517736790412477
142,"s(HC_post_z)",0.0463463403818984,0.000520474486219685,0.148557333176607,0.0437805145495869
143,"s(HC_post_z)",0.026550978415143,0.000287083890185213,0.108448073230785,0.0319552384347627
144,"s(HC_post_z)",0.0345130173391759,0.000368033569361247,0.124462676260028,0.0366624874538915
145,"s(HC_post_z)",0.0441766296227257,0.000474836701142413,0.141392409248393,0.0416475788547122
146,"s(HC_post_z)",0.0661180245367152,0.000722865831936152,0.175756031249289,0.0517737684888947
147,"s(HC_post_z)",0.0602670144279926,0.000448346593336493,0.155528994537746,0.0448957259034734
148,"s(HC_post_z)",0.079905785651583,0.00064569217577453,0.329453953363034,0.0814360461263673
149,"s(HC_post_z)",0.039685817975986,0.000429864600371803,0.132251881068414,0.0389882145248342
150,"s(HC_post_z)",0.0825877758698557,0.000888409196696248,0.19324522635764,0.0569278712974299
151,"s(HC_post_z)",0.131976638890229,0.00144053768558264,0.244113042745293,0.0719259194998643
152,"s(HC_post_z)",0.0821626777991646,0.000904215957600015,0.194637685252028,0.0573268276926615
153,"s(HC_post_z)",0.0485001689953037,0.000535297997387487,0.149906925662096,0.0441893159996995
154,"s(HC_post_z)",0.0732508415852582,0.000806500450082268,0.181048141504305,0.0533203348817895
155,"s(HC_post_z)",0.033662099588355,0.000358361397015307,0.12437803426117,0.0366412318971999
156,"s(HC_post_z)",0.070476486451124,0.000568251894879835,0.183063471552811,0.0533187021374938
157,"s(HC_post_z)",0.0386931354293516,0.000433251053155886,0.134879198429528,0.0397401916475599
158,"s(HC_post_z)",0.0667156891828,0.000732716917186162,0.17370244301378,0.0511780609637361
159,"s(HC_post_z)",0.0333014974401795,0.000349035967721203,0.121189134003646,0.0356925139980277
160,"s(HC_post_z)",0.0273135341517694,0.000225638272397785,0.110488460526878,0.0319488085816455
161,"s(HC_post_z)",0.0793254199847926,0.000668603025748274,0.307760398193233,0.0752142095062027
162,"s(HC_post_z)",0.0662678675499322,0.000566395482280742,0.143546137621304,0.0465134668988126
163,"s(HC_post_z)",0.0939526372855415,0.0010061717817447,0.20677696576472,0.0609785340858534
164,"s(HC_post_z)",0.0157086165245914,0.000163386286522898,0.0831012617617018,0.0244766658039398
165,"s(HC_post_z)",0.0686151303929599,0.000756410257323598,0.17870485653535,0.0526458420860815
166,"s(HC_post_z)",0.0757016208020627,0.000819376058715228,0.187357151870889,0.0551866687530585
167,"s(HC_post_z)",0.103942601529697,0.000928502097157312,0.271739382910584,0.0661038579871314
168,"s(HC_post_z)",0.0490142413030945,0.000532122322580335,0.149689186069756,0.0440910680262652
169,"s(HC_post_z)",0.0628519704693424,0.000481174738037865,0.177211015098403,0.0507654453568202
170,"s(HC_post_z)",0.0238919002505806,0.000250653244358434,0.102221646606132,0.0301137786779369
171,"s(HC_post_z)",0.0389947229874164,0.00044994987895028,0.135538318749208,0.0399771943373213
172,"s(HC_post_z)",0.056206819745082,0.000622850651562048,0.1623385748093,0.0478264108592576
173,"s(HC_post_z)",0.0530614934164273,0.000411899532327142,0.153849151674216,0.0467670281724465
174,"s(HC_post_z)",0.0216945310250853,0.000217242283545161,0.0941975726814888,0.0277522236266123
175,"s(HC_post_z)",0.129440206708473,0.00106958301446241,0.248808443427859,0.0726914061875843
176,"s(HC_post_z)",0.0533486278100366,0.000545912863420655,0.151071134330158,0.0445046489426529
177,"s(HC_post_z)",0.055412581823548,0.000596458854967223,0.156545964523516,0.0461199886644497
178,"s(HC_post_z)",0.0631463102854006,0.0006830233190923,0.16809097909766,0.0495116644774947
179,"s(HC_post_z)",0.050423331695308,0.000367214732393609,0.159794700677188,0.0452821282107536
180,"s(HC_post_z)",0.0262056927248135,0.000259750701125639,0.102853958828236,0.0304187840925208
181,"s(HC_post_z)",0.0226077539952243,0.000253372188064657,0.102744044857535,0.0302632952237752
182,"s(HC_post_z)",0.0367822482944362,0.000269921269624839,0.129311933003856,0.0374802808672325
183,"s(HC_post_z)",0.0234756504101128,0.000251851798714913,0.102515274843974,0.0301969290666971
184,"s(HC_post_z)",0.053424529536894,0.000435217814661303,0.112442096817917,0.0344983076092645
185,"s(HC_post_z)",0.0784402006631417,0.00079540863067208,0.185372791275694,0.0542813831464086
186,"s(HC_post_z)",0.0538992036868304,0.000549805392189431,0.153136566243689,0.0451140766017266
187,"s(HC_post_z)",0.0197000179816342,0.000220675564474066,0.0954011640312433,0.0281003704282405
188,"s(HC_post_z)",0.0484073705638011,0.000522337979902418,0.149869014409381,0.0441667357835042
189,"s(HC_post_z)",0.0998350457706216,0.00111326720866041,0.214981783672874,0.063340518737605
190,"s(HC_post_z)",0.0349258034003554,0.00037125378897034,0.125355153662565,0.036924771505992
191,"s(HC_post_z)",0.0403272707697049,0.00044968956560021,0.139134708507876,0.0410047149302245
192,"s(HC_post_z)",0.0834095890541366,0.000698969520824061,0.249016244313856,0.0717401898532456
193,"s(HC_post_z)",0.0809013999512374,0.000666136609651137,0.191939104060706,0.0567033685817156
194,"s(HC_post_z)",0.0582139882347477,0.000631909428858436,0.16045316628284,0.0472573960933604
195,"s(HC_post_z)",0.0379423633854721,0.000437084424194102,0.13407999654011,0.0394880544331079
196,"s(HC_post_z)",0.0171783249768414,0.000144333309414735,0.087521840783123,0.0256013718151696
197,"s(HC_post_z)",0.0380950621078817,0.000418458490255121,0.132677013340747,0.0390776567316593
198,"s(HC_post_z)",0.0634953920956498,0.000692813902131503,0.171280045700846,0.0504479662020572
199,"s(HC_post_z)",0.069103423351617,0.000544080772732937,0.160395550701691,0.048828440501359
200,"s(HC_post_z)",0.0756914929112451,0.00084021138803284,0.187118632886254,0.0551422605008493
201,"s(HC_post_z)",0.0444982919903651,0.000298664961688459,0.175832228386799,0.0486198413291147
202,"s(HC_post_z)",0.0423620586029987,0.000439198145775512,0.134990053434712,0.0397806262382648
203,"s(HC_post_z)",0.0341146273757342,0.000352235249735637,0.121092473077488,0.0356767529877545
204,"s(HC_post_z)",0.0804930335584615,0.000890816513747013,0.196071453731831,0.0577825297293642
205,"s(HC_post_z)",0.069998899038854,0.000774445661559593,0.180379690038416,0.0531238457297047
206,"s(HC_post_z)",0.0607283206737019,0.000392001280643173,0.209122723187839,0.0550057408493888
207,"s(HC_post_z)",0.0535292071256936,0.000579539262782065,0.154429547921925,0.0454823553771325
208,"s(HC_post_z)",0.0592950368029115,0.000474850552376148,0.0846889759877163,0.0303501793090832
209,"s(HC_post_z)",0.0433717649741041,0.000466307337507061,0.139563011119142,0.0411125864514844
210,"s(HC_post_z)",0.0269108472164987,0.000265725860893648,0.11070212734634,0.0320412232714437
211,"s(HC_post_z)",0.105579202459642,0.00115001741629052,0.221738813704283,0.0653271238688513
212,"s(HC_post_z)",0.0722479790394974,0.000760561109034961,0.173876602721284,0.0520650916676145
213,"s(HC_post_z)",0.0521808876294365,0.000585120432223137,0.158112654459736,0.0465727048942273
214,"s(HC_post_z)",0.0175194296905836,0.000180892083615907,0.08779649287769,0.0258678600118373
215,"s(HC_post_z)",0.0835203550144694,0.00072892613778784,0.170128491876341,0.0533107354289573
216,"s(HC_post_z)",0.0486651525579465,0.000528489484499905,0.149438232324243,0.0440356004649154
217,"s(HC_post_z)",0.033222018009532,0.000317968582681525,0.117427615976605,0.0343177081292222
218,"s(HC_post_z)",0.00981258634992876,9.85178180750227e-05,0.0632780340499225,0.0186427429885806
219,"s(HC_post_z)",0.0522989628400445,0.000575424311710439,0.155309597155242,0.0457450543652373
220,"s(HC_post_z)",0.0564903900053988,0.000604856711297189,0.161248903402479,0.0474886861760225
221,"s(HC_post_z)",0.0469269703391184,0.0005140097377013,0.147307246183505,0.043394957472954
222,"s(HC_post_z)",0.0619644677325688,0.00064801036504661,0.165498220808662,0.0487519107629545
223,"s(HC_post_z)",0.0184587909873564,0.000202086900513275,0.0931060454340657,0.0274259527818578
224,"s(HC_post_z)",0.026914336933439,0.000286375052776135,0.110638362432025,0.032598777354553
225,"s(HC_post_z)",0.0927330272723665,0.000789962443925007,0.188000868810853,0.0573898981926543
226,"s(HC_post_z)",0.0734158398718101,0.000651845749059234,0.189989892645286,0.0550558165235638
227,"s(HC_post_z)",0.106891492888934,0.00115094147010867,0.21891641276145,0.0645443523624651
228,"s(HC_post_z)",0.0102962858046993,0.000105016168401508,0.0661992188538837,0.0195044647416927
229,"s(HC_post_z)",0.0232032404543077,0.000209998157840412,0.101814852371562,0.0294066436712226
230,"s(HC_post_z)",0.119267049391778,0.00100436944481826,0.317357286347817,0.0828378682925394
231,"s(HC_post_z)",0.0462338060451497,0.000483270565506727,0.142543214410737,0.0419884933994016
232,"s(HC_post_z)",0.0261147686354199,0.000255529323087976,0.103146392858557,0.0303809658348571
233,"s(HC_post_z)",0.0487876525362196,0.000508852945675635,0.144340356668614,0.0425313380293223
234,"s(HC_post_z)",0.0322590478219755,0.00035072219943036,0.120854906227991,0.0355906800069211
235,"s(HC_post_z)",0.0705360356488942,0.000526711677376106,0.264058567270215,0.0662852375239623
236,"s(HC_post_z)",0.0502845717933713,0.000534059263486182,0.148359409532831,0.043708580438783
237,"s(HC_post_z)",0.026802712888264,0.000214866104074452,0.103516154456227,0.0320458135049078
238,"s(HC_post_z)",0.0145146937544656,7.1608887168333e-05,0.0620311873898907,0.0197906962721533
239,"s(HC_post_z)",0.0586498771276158,0.000478818515530032,0.148541930103211,0.045994661313085
240,"s(HC_post_z)",0.0267851573481632,0.000194598980319253,0.111053649505858,0.0315799351304145
241,"s(HC_post_z)",0.0855049459338737,0.000917178098560796,0.195838012615144,0.0577023054030149
242,"s(HC_post_z)",0.0211661386155857,0.000228818168152267,0.0973841424875997,0.0286851736633275
243,"s(HC_post_z)",0.0790076217715896,0.000828159352466596,0.186066547088589,0.0548083199323277
244,"s(HC_post_z)",0.0417309745088694,0.00043783563288021,0.135628862096504,0.0399458060364846
245,"s(HC_post_z)",0.0722559789329598,0.000797780289988035,0.183227338447026,0.0539814916225277
246,"s(HC_post_z)",0.0274901070188154,0.00028032097874566,0.10859703176252,0.0320003940943199
247,"s(HC_post_z)",0.038663991034003,0.000422614148715569,0.132717833284129,0.0391030143524993
248,"s(HC_post_z)",0.0468740457235164,0.000505392283002853,0.145402883082293,0.0428350428148784
249,"s(HC_post_z)",0.112657816051353,0.00121881305270323,0.228889421309457,0.0674236047230681
250,"s(HC_post_z)",0.0472994358752548,0.00052300751701763,0.14698822879381,0.0432967085443298
251,"s(HC_post_z)",0.13360144522386,0.00120283835283476,0.133062316053781,0.0467569343598715
252,"s(HC_post_z)",0.0175535421278319,0.000185702615799016,0.0893030024890622,0.0263012837348158
253,"s(HC_post_z)",0.0442119133639256,0.000465916436237553,0.139304227248259,0.0410054573527568
254,"s(HC_post_z)",0.123364695096152,0.0012186940012975,0.230520179705396,0.0679746521540755
255,"s(HC_post_z)",0.0553523428967555,0.000499725439153434,0.105734791107374,0.0338387378483134
256,"s(HC_post_z)",0.0503311126474308,0.000562162618758828,0.152413761457149,0.0449032737150131
257,"s(HC_post_z)",0.0405880008473218,0.0004263715252942,0.132867065347552,0.039142040177878
258,"s(HC_post_z)",0.060017325115032,0.000651376842265693,0.165914083147183,0.0488879211894093
259,"s(HC_post_z)",0.0686567906652709,0.000720419021198138,0.173304377017036,0.0510482374885431
260,"s(HC_post_z)",0.052561286979973,0.000594351291648624,0.157294717097233,0.0463351052834939
261,"s(HC_post_z)",0.0464609510605936,0.00049815247625867,0.146699236380295,0.043085391820508
262,"s(HC_post_z)",0.0856643000647068,0.000668961026849062,0.111492051454131,0.0407870805175937
263,"s(HC_post_z)",0.0406601605256132,0.000374139754793001,0.13673874977451,0.0397573444658899
264,"s(HC_post_z)",0.0625840247052718,0.000675335946947349,0.168965120752339,0.0497672026792166
265,"s(HC_post_z)",0.0463184478001377,0.000424626852126247,0.146359953586464,0.0424148345229646
266,"s(HC_post_z)",0.0634103366152452,0.000484081714235503,0.260763111946545,0.0708037018701559
267,"s(HC_post_z)",0.0683611378248035,0.000737964012684044,0.179746738862655,0.0529613197811546
268,"s(HC_post_z)",0.0756787524411919,0.000805123866508575,0.183603186786433,0.0540968030777115
269,"s(HC_post_z)",0.0485335794871755,0.000523075072375102,0.145899835840497,0.0429888114089397
270,"s(HC_post_z)",0.0945845165781147,0.000744093838613302,0.224324327817909,0.063716394669462
271,"s(HC_post_z)",0.04316749295789,0.000480596842809468,0.1420199054284,0.0418275870335176
272,"s(HC_post_z)",0.0815417676778232,0.000701009368072127,0.328069794389523,0.0804599492290767
273,"s(HC_post_z)",0.0861136585267186,0.00100192023122308,0.202594486712825,0.0596771782988453
274,"s(HC_post_z)",0.108126468710454,0.00116284052358786,0.217560739134643,0.0640926049669704
275,"s(HC_post_z)",0.0657602085073403,0.000728097891335607,0.175884037306759,0.0518084791486996
276,"s(HC_post_z)",0.0358079407458227,0.000368039609484549,0.123412423582769,0.0363705461396681
277,"s(HC_post_z)",0.0806348384863025,0.000567002188614514,0.251141054722498,0.0656291234343741
278,"s(HC_post_z)",0.0600270522417308,0.000687216616617234,0.168373002937238,0.0496036247015773
279,"s(HC_post_z)",0.0602480993904937,0.000626413033899127,0.172689194167224,0.049910782472484
280,"s(HC_post_z)",0.043320195635598,0.000468348333991081,0.139832916508913,0.0411835259363559
281,"s(HC_post_z)",0.0170889306581952,0.000180085297684045,0.0869189763570128,0.0255988917870847
282,"s(HC_post_z)",0.0666478904896923,0.000739744117918135,0.17671419208357,0.0520745968729694
283,"s(HC_post_z)",0.0528390986333918,0.000367374578075554,0.183754982442708,0.0502753098237841
284,"s(HC_post_z)",0.0315390713990702,0.000254823483625279,0.0955177473145164,0.030881544230621
285,"s(HC_post_z)",0.0670674455555034,0.000719678427043037,0.17815438990735,0.051808629386867
286,"s(HC_post_z)",0.0461444710114467,0.000517815382892555,0.148088267008519,0.0436231944691373
287,"s(HC_post_z)",0.0373548179475716,0.00030442400774052,0.134056876093366,0.0387437095274593
288,"s(HC_post_z)",0.0556302276987282,0.000589948474330984,0.156746492128481,0.0461642687220324
289,"s(HC_post_z)",0.0575932159391979,0.000630939253659564,0.162350361964533,0.047817998050349
290,"s(HC_post_z)",0.0703864296113839,0.000518782157493175,0.262316396035958,0.065994243438794
291,"s(HC_post_z)",0.063743659897602,0.000673918956650311,0.166864757263892,0.0491585706613115
292,"s(HC_post_z)",0.050531291621482,0.000524594179360547,0.149572395650262,0.0440658412644837
293,"s(HC_post_z)",0.102859038222679,0.00117406261410647,0.221466922504254,0.0652402483267009
294,"s(HC_post_z)",0.10278092311666,0.000883541331645381,0.187361195414897,0.0599514210015661
295,"s(HC_post_z)",0.0290914611875657,0.000311768608717936,0.114520316579213,0.0337363403954895
296,"s(HC_post_z)",0.0428789134785319,0.000288827374096659,0.125622237266848,0.0382652451222664
297,"s(HC_post_z)",0.0596054898632463,0.000520765391859994,0.165185574866959,0.0482517586522794
298,"s(HC_post_z)",0.119158241455377,0.00127639554776527,0.229568145882528,0.0676385628164872
299,"s(HC_post_z)",0.0647912223962805,0.000702768517188589,0.174625835136732,0.0514365551849857
300,"s(HC_post_z)",0.101388508297122,0.000817691942917582,0.292975330873957,0.0754698865565834
301,"s(HC_post_z)",0.0861163871255499,0.000947170788238491,0.19813998522272,0.0583815410490348
302,"s(HC_post_z)",0.0503008389100792,0.000378560038529381,0.141367180256546,0.0416495756643529
303,"s(HC_post_z)",0.0438202460351977,0.000470175442646115,0.140588179844113,0.0414094910534154
304,"s(HC_post_z)",0.0250231026005334,0.000271849149579398,0.106606374827519,0.0314279221463998
305,"s(HC_post_z)",0.125226454864153,0.00138182792191561,0.240379256622792,0.0708715553509586
306,"s(HC_post_z)",0.0842917603559368,0.00092153430330119,0.198983145026828,0.058604175590119
307,"s(HC_post_z)",0.0697172430613442,0.000749927189901976,0.178992145114881,0.0527283205444835
308,"s(HC_post_z)",0.013416523022471,0.000156441512638506,0.0812319650470897,0.0239396666548003
309,"s(HC_post_z)",0.0299379289554853,0.000320135045852435,0.11627727719956,0.0342603812996753
310,"s(HC_post_z)",0.0538995577143737,0.000577709723818597,0.154928292974134,0.0456503541298503
311,"s(HC_post_z)",0.0637132197512802,0.000684743315411981,0.16872619025919,0.0497030027160286
312,"s(HC_post_z)",0.0717530838927036,0.00078137054480323,0.182355608398735,0.0537110326669778
313,"s(HC_post_z)",0.0560023578262516,0.000618790961844093,0.159005038702746,0.0468505157626383
314,"s(HC_post_z)",0.0383178183357078,0.000379723831525196,0.131289752149772,0.0381096016073012
315,"s(HC_post_z)",0.0759478063610484,0.000743080362673853,0.184550385037703,0.0542671618798583
316,"s(HC_post_z)",0.102508990498125,0.00111877337789156,0.216766753289237,0.0638468379872062
317,"s(HC_post_z)",0.0617504657576795,0.000668386901152981,0.16620334177692,0.0489519415581894
318,"s(HC_post_z)",0.0409089763388941,0.000343951559344943,0.245190789730959,0.0572678390916272
319,"s(HC_post_z)",0.0838508576013552,0.00070542832207023,0.287168684985672,0.0725444942756884
320,"s(HC_post_z)",0.0544757933581081,0.000594906280880471,0.15642975362321,0.0460902602129166
321,"s(HC_post_z)",0.0373672078364784,0.000397873767731251,0.128927414363432,0.0379838244959656
322,"s(HC_post_z)",0.0573345469166995,0.000555709739067675,0.152971138074407,0.045084628085053
323,"s(HC_post_z)",0.0329522448773449,0.000362794577061933,0.122350587645953,0.0360600610216444
324,"s(HC_post_z)",0.0246922120220905,0.000262232424191143,0.105633175153052,0.0311141208435607
325,"s(HC_post_z)",0.0597631322017769,0.000641179470659315,0.165338596781079,0.0487162333689102
326,"s(HC_post_z)",0.0687606250046944,0.000683223270113108,0.170999082750547,0.0505005766106574
327,"s(HC_post_z)",0.0329524835367891,0.000315140810143963,0.125556888932642,0.0359943310014329
328,"s(HC_post_z)",0.0448709527821407,0.00049096851693029,0.143698442115312,0.042320473023956
329,"s(HC_post_z)",0.0190149121089025,0.00021289607231303,0.0937218681219944,0.0276132299604374
330,"s(HC_post_z)",0.0299976503405848,0.000321791464183761,0.115729173366191,0.0341015685033195
331,"s(HC_post_z)",0.0491759414625434,0.000423862124578488,0.14809355086324,0.0432526009979408
332,"s(HC_post_z)",0.053601140394349,0.000480049104185254,0.158630201729504,0.0458855143664079
333,"s(HC_post_z)",0.0214884987202684,0.000229956894400961,0.0974296888472311,0.0286943184864636
334,"s(HC_post_z)",0.0591305926688737,0.000637377170520332,0.164176663735773,0.048374836327854
335,"s(HC_post_z)",0.073093575126185,0.000807867253908299,0.185168530602457,0.0545450862565111
336,"s(HC_post_z)",0.0576930752648988,0.000465859856091979,0.156944514116083,0.0464208799006562
337,"s(HC_post_z)",0.0326562369158712,0.000346116426425313,0.120084979638539,0.0353690650658757
338,"s(HC_post_z)",0.0749105076609808,0.000592869757584674,0.17929453782868,0.0545023752471863
339,"s(HC_post_z)",0.0972422432079441,0.00105121524394324,0.210153879745136,0.0618960129055889
340,"s(HC_post_z)",0.0563931839683711,0.000423651811533867,0.151455978001263,0.0464639044795981
341,"s(HC_post_z)",0.0213671413515257,0.000222588911087491,0.0958026696758896,0.0282256837479742
342,"s(HC_post_z)",0.0709250834537567,0.000557280663802299,0.180957510450091,0.0533988767086878
343,"s(HC_post_z)",0.0732678788080161,0.000800217983161126,0.181620402347801,0.0535046530997012
344,"s(HC_post_z)",0.0656523636813784,0.000711317790491885,0.172145985612926,0.050710226751647
345,"s(HC_post_z)",0.015944863284636,0.000168106517056667,0.0841581957228933,0.0247866355825637
346,"s(HC_post_z)",0.0356140504433817,0.000379330237663901,0.125115802592737,0.0368659136641467
347,"s(HC_post_z)",0.0571784234242667,0.000437962207080377,0.153669809455206,0.045352566387299
348,"s(HC_post_z)",0.0613066395997972,0.000511955355551677,0.159356202293237,0.0477657469298711
349,"s(HC_post_z)",0.0538350955812277,0.000583738731215549,0.157210553911115,0.0463237982124957
350,"s(HC_post_z)",0.0386776231084305,0.000426948875532898,0.137470507154669,0.0405155708518039
351,"s(HC_post_z)",0.0468408862349943,0.00053152432343765,0.148652789287263,0.0438159422103324
352,"s(HC_post_z)",0.0882619891313183,0.000782645131575978,0.196234996760668,0.0576812105870746
353,"s(HC_post_z)",0.0742619846969674,0.000752787032961645,0.179324325260247,0.0527503773750944
354,"s(HC_post_z)",0.0498828534288371,0.000380092404435864,0.231533529507957,0.0604122182303667
355,"s(HC_post_z)",0.115594873689222,0.00128526461478187,0.230531203008605,0.0678976842197313
356,"s(HC_post_z)",0.0646897657574836,0.000667265753341338,0.165708544237512,0.0488173245398218
357,"s(HC_post_z)",0.0204059421944347,0.000226239194653108,0.0971009095742799,0.0286029321730641
358,"s(HC_post_z)",0.0339165494413045,0.000369820620684437,0.124071015393668,0.0365516050220355
359,"s(HC_post_z)",0.0194382636128427,0.000213146396498214,0.0931407915437807,0.0274531048961262
360,"s(HC_post_z)",0.069761531719287,0.000746660823336254,0.176676225572207,0.0520549112321183
361,"s(HC_post_z)",0.0551942051493342,0.00045498620943872,0.253634673472361,0.0616232909798891
362,"s(HC_post_z)",0.0436337353577354,0.000454017403846718,0.141655065003758,0.0417152611393087
363,"s(HC_post_z)",0.0473153943186109,0.000511602341208413,0.144679982491272,0.0426401386536765
364,"s(HC_post_z)",0.0828009280454527,0.000858664394750071,0.189107418276039,0.0557077522799552
365,"s(HC_post_z)",0.0356707737435489,0.000336344802149847,0.118815278465507,0.0350002350667402
366,"s(HC_post_z)",0.0640460282346158,0.000552307840746993,0.345748575342375,0.0800664596309579
367,"s(HC_post_z)",0.0265986066926747,0.000290565376112769,0.111131626900872,0.032740554629937
368,"s(HC_post_z)",0.0388322906432084,0.000397815988841434,0.130472992272436,0.0384247341747609
369,"s(HC_post_z)",0.0672531606397513,0.000550721462602826,0.17415417467102,0.0513190490972763
370,"s(HC_post_z)",0.0554856958741627,0.000605794482236614,0.159331208831456,0.0469375022718366
371,"s(HC_post_z)",0.0433209014705103,0.000451480107113745,0.136710771889801,0.0402625851953207
372,"s(HC_post_z)",0.0606667589768168,0.000651180165631958,0.164407479211615,0.0484216408355562
373,"s(HC_post_z)",0.0695831879901565,0.00075166939252732,0.175594865596409,0.0517237787611617
374,"s(HC_post_z)",0.0334301424073509,0.000325588408302324,0.117100815226649,0.0344896532264078
375,"s(HC_post_z)",0.0444615530029626,0.000470072779899518,0.140862599882647,0.0415079630787566
376,"s(HC_post_z)",0.0689737360949643,0.000773124625862495,0.181690671354025,0.0535562132992058
377,"s(HC_post_z)",0.0517541980272398,0.000394255358193927,0.15910583558071,0.0459201829754865
378,"s(HC_post_z)",0.0198220851396069,0.000215310422394443,0.0959242660967259,0.0282474419349358
379,"s(HC_post_z)",0.0463666026703073,0.000463318974502131,0.139543883724612,0.0411164247512649
380,"s(HC_post_z)",0.076363327818818,0.000828188012619094,0.186382812315747,0.0549168594543945
381,"s(HC_post_z)",0.0517286138163957,0.00056494864619117,0.155132446820343,0.0457083640010847
382,"s(HC_post_z)",0.0811672591470582,0.000864414112687105,0.189341970680526,0.0557673064347883
383,"s(HC_post_z)",0.0760091903969986,0.000586028811567877,0.216251085458919,0.0594649821591882
384,"s(HC_post_z)",0.0932875857957232,0.000995223162135045,0.204500852513557,0.060238924587993
385,"s(HC_post_z)",0.0840701613934112,0.00091795214553011,0.196311594513295,0.0578179858024672
386,"s(HC_post_z)",0.0781329200954932,0.000858842184921991,0.190749748210708,0.0562095576168874
387,"s(HC_post_z)",0.103319745817048,0.00110672172195045,0.21303147107098,0.0627598170783888
388,"s(HC_post_z)",0.0369147217658288,0.000403772679144018,0.129142375438181,0.0380494788886601
389,"s(HC_post_z)",0.00879278466516276,8.78550561296356e-05,0.0606947199206114,0.017877197766074
390,"s(HC_post_z)",0.0473235919490502,0.00051327698887194,0.148922877490861,0.0438625259194171
391,"s(HC_post_z)",0.0773977367968701,0.000873262371865786,0.192690005101853,0.0567563950674904
392,"s(HC_post_z)",0.126329447254333,0.00135431783229207,0.23661977265985,0.069781729102176
393,"s(HC_post_z)",0.0509897687936682,0.000546117394083271,0.151798146050519,0.0447239627904964
394,"s(HC_post_z)",0.0769827037217805,0.000843612417731056,0.185942650982906,0.0547725140487791
395,"s(HC_post_z)",0.066443247876899,0.000530172463439194,0.282057361026877,0.0696745786082755
396,"s(HC_post_z)",0.0510543459253707,0.000556540342730415,0.154603591832054,0.0455545966608456
397,"s(HC_post_z)",0.0837935793878941,0.000731203243558059,0.185258075466617,0.055558468735826
398,"s(HC_post_z)",0.0839469712436713,0.000894398013640714,0.200920082337063,0.0584519623342901
399,"s(HC_post_z)",0.0856084562698367,0.000918338322744434,0.197849617390539,0.0582863573409164
400,"s(HC_post_z)",0.114876230630014,0.00124707046854026,0.230351257332458,0.0678517521391507
401,"s(HC_post_z)",0.0230670239520094,0.000270270120354539,0.107418203952236,0.0316421392927905
402,"s(HC_post_z)",0.0260967714192706,0.000280234076744957,0.108514789332915,0.0319633577570502
403,"s(HC_post_z)",0.0394134887685542,0.000314880965928944,0.193644087720842,0.0496184627942382
404,"s(HC_post_z)",0.0906852578787554,0.000987210541145242,0.202594411222017,0.0596734674139156
405,"s(HC_post_z)",0.0347111752193232,0.000322658527726028,0.126129317082506,0.0368718938011209
406,"s(HC_post_z)",0.0470641372629359,0.000494228159710003,0.143282329279903,0.0422118944763012
407,"s(HC_post_z)",0.0700001855672792,0.0007098753612258,0.185939097338592,0.0541453189766502
408,"s(HC_post_z)",0.0346124035596365,0.00037277319863187,0.123843108537263,0.036470663677528
409,"s(HC_post_z)",0.0419418883543994,0.000441846717219004,0.136529211205771,0.0402196795273844
410,"s(HC_post_z)",0.06299101209577,0.000674522478895786,0.170967289064986,0.0503523700452661
411,"s(HC_post_z)",0.0606705154216218,0.000510098708664039,0.258389870111948,0.0646156893631807
412,"s(HC_post_z)",0.0559062795592293,0.000614507920105065,0.16095805490946,0.0474233210469515
413,"s(HC_post_z)",0.0694494290507954,0.000572254460772274,0.172091230632354,0.0510618224892175
414,"s(HC_post_z)",0.0873647510215783,0.000978954698263635,0.202215928184867,0.05957340518369
415,"s(HC_post_z)",0.094084282734217,0.00101799943177162,0.207514675088386,0.0611145510552884
416,"s(HC_post_z)",0.0368716714089192,0.000404137374562916,0.130366328107614,0.0383940176026374
417,"s(HC_post_z)",0.0276034418027464,0.000156465497083559,0.131453631513765,0.0356295115680098
418,"s(HC_post_z)",0.0471709090299317,0.000478169529479631,0.146174495570731,0.0429421668127847
419,"s(HC_post_z)",0.0691214285460937,0.000453974874689819,0.212438378128852,0.057443655691708
420,"s(HC_post_z)",0.0273349366341566,0.000293504574631859,0.110574386483819,0.0325699422931136
421,"s(HC_post_z)",0.0583684102820321,0.000617146641668317,0.161271501568627,0.0475084059169674
422,"s(HC_post_z)",0.0756743881538267,0.00079139608038231,0.181579457521715,0.0534239227955155
423,"s(HC_post_z)",0.0358356023569382,0.000273957947309585,0.12649402281325,0.0373675874610057
424,"s(HC_post_z)",0.0618376118853678,0.000589437956165047,0.166656520582613,0.0490642837456934
425,"s(HC_post_z)",0.0500591968539172,0.000547540449165903,0.151383868723024,0.0446386911167608
426,"s(HC_post_z)",0.0795863465291227,0.000862376970909147,0.190553737256921,0.0561320570875268
427,"s(HC_post_z)",0.0254843104760436,0.000262578298452327,0.10378168226847,0.030570063361113
428,"s(HC_post_z)",0.0459050193841879,0.000516151926677113,0.148429615826706,0.04374901063563
429,"s(HC_post_z)",0.02037286649165,0.000226638850027452,0.0978924854705557,0.0288280096166066
430,"s(HC_post_z)",0.0369308045575796,0.000398082107841325,0.128310259682192,0.0378103144734812
431,"s(HC_post_z)",0.0395296787807276,0.00044041261868936,0.135996660979185,0.0400593691780258
432,"s(HC_post_z)",0.047710585884662,0.000447746606918618,0.144100597696216,0.0424219043677525
433,"s(HC_post_z)",0.0162276655971301,0.000166478298394964,0.0842665852990846,0.0246953040385824
434,"s(HC_post_z)",0.0508344682331749,0.000500928159660332,0.145895323377233,0.0428998694243374
435,"s(HC_post_z)",0.0601488595809467,0.000640312724488068,0.162660057354909,0.0479103968429943
436,"s(HC_post_z)",0.0168979954156594,0.000176305191680723,0.0864085554563976,0.0254552957557074
437,"s(HC_post_z)",0.073153387359655,0.000625784759390339,0.175340495188804,0.0514426829357688
438,"s(HC_post_z)",0.0506635101435648,0.00057959829437515,0.15353959487067,0.0452297782748159
439,"s(HC_post_z)",0.055985964721442,0.000601759221833047,0.158116838033721,0.0466095775469892
440,"s(HC_post_z)",0.0563729864917537,0.000613519427256764,0.160070604843061,0.0471561563134648
441,"s(HC_post_z)",0.0534517402765555,0.000601312940984421,0.159582165439121,0.047002918452019
442,"s(HC_post_z)",0.0287155573234887,0.000297710832679766,0.110552566466695,0.032584270429437
443,"s(HC_post_z)",0.0287593012276623,0.000305784245792549,0.11261965435758,0.0331672761387838
444,"s(HC_post_z)",0.0474597024833532,0.000384988820156728,0.154527787633768,0.0447881788589151
445,"s(HC_post_z)",0.0589606554743956,0.000642318630804105,0.162829683848454,0.0479610855630699
446,"s(HC_post_z)",0.0669460924906975,0.000738863933232327,0.175316665625771,0.0516378406421209
447,"s(HC_post_z)",0.0274591236154151,0.000298518331448709,0.110826266663268,0.0326481257512245
448,"s(HC_post_z)",0.00963182834182241,0.000103328315599117,0.0660392465366093,0.0194501690880994
449,"s(HC_post_z)",0.111974148085155,0.00122100149631209,0.225069914363085,0.0662946416598674
450,"s(HC_post_z)",0.036396258942716,0.000396276960610627,0.129981121907879,0.0383002926341554
451,"s(HC_post_z)",0.10909473763822,0.000904949880758386,0.306231580218338,0.0802867603653751
452,"s(HC_post_z)",0.0787673899403885,0.00075217165539619,0.189055401947073,0.0557470850197477
453,"s(HC_post_z)",0.0574179458034081,0.000427363256125968,0.215440526388389,0.0558953539046323
454,"s(HC_post_z)",0.155905912995133,0.00172749898490307,0.267933335873283,0.0789201305502779
455,"s(HC_post_z)",0.0835315765031925,0.000887850694824847,0.192654770532415,0.0567600201255778
456,"s(HC_post_z)",0.0456101125825761,0.00040158760748664,0.249385146740429,0.0597482597595824
457,"s(HC_post_z)",0.068056215484722,0.000639568660352585,0.186383331642713,0.0535152409451153
458,"s(HC_post_z)",0.00462310742518746,4.89677745361401e-05,0.0451114918836161,0.0132891040480596
459,"s(HC_post_z)",0.0895261863831074,0.000751067389974376,0.206897914332279,0.0603048452476925
460,"s(HC_post_z)",0.0593277939058936,0.000687576934935818,0.170161496895894,0.050146733295096
461,"s(HC_post_z)",0.0629870886371897,0.000517407682800382,0.157458471894181,0.0474107598120225
462,"s(HC_post_z)",0.0469556585365751,0.000475335782153395,0.141763245311165,0.0415088613622224
463,"s(HC_post_z)",0.0675475503711134,0.00071483161949955,0.174356602307908,0.0513746146710192
464,"s(HC_post_z)",0.035574580766168,0.000376254768457243,0.124907787712078,0.0367987856347586
465,"s(HC_post_z)",0.0539225386143656,0.000417157076555087,0.152269344241266,0.0448214409935055
466,"s(HC_post_z)",0.0700542968518629,0.000759940344366016,0.178067816909856,0.0524828821473918
467,"s(HC_post_z)",0.0681867682202739,0.000755912640826054,0.177438702579142,0.0522631757459062
468,"s(HC_post_z)",0.0273313347200883,0.000283532240062314,0.110282678987537,0.0324796349704607
469,"s(HC_post_z)",0.0523756729401423,0.000568556975444004,0.153637256355002,0.0452706440579183
470,"s(HC_post_z)",0.0384736251066577,0.000265975492836207,0.132380914486418,0.0381575964517101
471,"s(HC_post_z)",0.0553470338231747,0.000591514774593434,0.15660047539786,0.0461650933159322
472,"s(HC_post_z)",0.0460223618748099,0.000447324328861365,0.14052004164011,0.0414075096706822
473,"s(HC_post_z)",0.0795909659828702,0.000725727806157094,0.191636382302896,0.0560757133275452
474,"s(HC_post_z)",0.0913244030701037,0.000977234064911565,0.204606756924869,0.0602611138937943
475,"s(HC_post_z)",0.0520735111838917,0.00054822482587222,0.154826808284587,0.0454491223768844
476,"s(HC_post_z)",0.0721416354626712,0.000772620373225897,0.181986672769271,0.0536276479055704
477,"s(HC_post_z)",0.040129808591141,0.000437623417551468,0.133017544197145,0.0391862421968889
478,"s(HC_post_z)",0.0800067574062684,0.00085509539197421,0.189808813973641,0.0559280429534737
479,"s(HC_post_z)",0.0610080844168426,0.000454354778759455,0.173508633866679,0.0502701202521466
480,"s(HC_post_z)",0.056449988820285,0.000443703552414266,0.148650137620685,0.0450436240414832
481,"s(HC_post_z)",0.101643391553925,0.000798940828790595,0.228541060097262,0.0649195153539031
482,"s(HC_post_z)",0.0553632541169407,0.000595019702842107,0.162229341014935,0.0477722853538667
483,"s(HC_post_z)",0.049234834528626,0.000542340995390123,0.151097311159571,0.0445081160329709
484,"s(HC_post_z)",0.0890149863009899,0.000926450780252198,0.195248754882183,0.0575217309471205
485,"s(HC_post_z)",0.0715497009843684,0.000765945349267395,0.18033513000299,0.0531306946587696
486,"s(HC_post_z)",0.039714305499027,0.000436665980207195,0.134474344459373,0.0396168405794998
487,"s(HC_post_z)",0.0744189887525497,0.00059533326056132,0.15879628045644,0.0489256582888841
488,"s(HC_post_z)",0.0538760090464727,0.000609491892548982,0.15760302306976,0.0464316308777257
489,"s(HC_post_z)",0.0315913267059837,0.000348099080219341,0.119464819389279,0.0351949158335981
490,"s(HC_post_z)",0.0407540336949452,0.000232120796347449,0.181772237611673,0.0460078159998688
491,"s(HC_post_z)",0.0319146133940595,0.000323413503557352,0.115099682746963,0.0338974840010359
492,"s(HC_post_z)",0.0699909811608954,0.000752048051136607,0.180016638363599,0.0530250301174381
493,"s(HC_post_z)",0.0256172638270105,0.000268180974287412,0.105966156010002,0.0312142572872674
494,"s(HC_post_z)",0.0400009108952535,0.000324415927491411,0.114954469946835,0.0364814644947063
495,"s(HC_post_z)",0.0579911267018325,0.000622031549905372,0.161746052300673,0.0476460866195386
496,"s(HC_post_z)",0.0985981421249456,0.000810766411687931,0.321786235361154,0.0820277755166954
497,"s(HC_post_z)",0.038746141440539,0.000248223433417126,0.159608183531806,0.0437101440841353
498,"s(HC_post_z)",0.0492768782693993,0.000376650708248323,0.130011033928081,0.041071523787217
499,"s(HC_post_z)",0.0875531794923052,0.000980990540536815,0.203834013749166,0.0600302504178208
500,"s(HC_post_z)",0.0739012955133838,0.000795802945349585,0.18445656877495,0.0543313743715717
501,"s(HC_post_z)",0.029428169118221,0.000226464896378136,0.114191850433502,0.0332211675971727
502,"s(HC_post_z)",0.0537037666099902,0.000457004463773422,0.164142923998111,0.0470405515371992
503,"s(HC_post_z)",0.0183265398089016,0.000181157664059771,0.0867455099126709,0.0255562643690566
504,"s(HC_post_z)",0.0392893583765428,0.000419379838709457,0.13271623638265,0.0390927318221966
505,"s(HC_post_z)",0.0528308720083803,0.000571744839245474,0.155753549740421,0.0458748637605195
506,"s(HC_post_z)",0.0917704900407728,0.000998242836494273,0.20243052263419,0.0596367602903711
507,"s(HC_post_z)",0.0366817234875345,0.000379262848460395,0.125209922287424,0.0368918997055861
508,"s(HC_post_z)",0.0396822983359684,0.000397254856513004,0.130259252393557,0.0383902371915065
509,"s(HC_post_z)",0.0510044622983479,0.000366561096710527,0.154027385451467,0.0439515289630514
510,"s(HC_post_z)",0.0376994671377382,0.00040808437128518,0.132098515497525,0.0389111223457054
511,"s(HC_post_z)",0.0480885538856608,0.000529570827212111,0.146909347734353,0.0432806579545484
512,"s(HC_post_z)",0.0486689995775276,0.00054098586534186,0.145993593482984,0.0429968339927713
513,"s(HC_post_z)",0.0644215973284101,0.000701266059549413,0.170184657343283,0.0501555888580414
514,"s(HC_post_z)",0.0716651648525204,0.000791987484080921,0.180432007507426,0.0531682136938619
515,"s(HC_post_z)",0.0561768933879669,0.000585264520042257,0.156546853832624,0.0461345744045357
516,"s(HC_post_z)",0.0276990307021734,0.000300743890716507,0.112880293850843,0.033252215083753
517,"s(HC_post_z)",0.0303899839031896,0.000341613140514765,0.118200651089808,0.0348112272795811
518,"s(HC_post_z)",0.0426699478199239,0.000459617376265461,0.13780766758842,0.0406001360011091
519,"s(HC_post_z)",0.0510727610852868,0.000554458922638694,0.152527749377067,0.0449298191521591
520,"s(HC_post_z)",0.0533708399548853,0.000601991697456334,0.159683599032551,0.0470524929345297
521,"s(HC_post_z)",0.021564471782435,0.00021933857574852,0.0967042634822294,0.0284846976987411
522,"s(HC_post_z)",0.0784090700495934,0.000587644639277467,0.212753688332029,0.059908659461337
523,"s(HC_post_z)",0.0694481757534984,0.0007398668872442,0.176462870462878,0.0520025628503164
524,"s(HC_post_z)",0.0401397671121284,0.000430135072554609,0.134204746452205,0.039523920002499
525,"s(HC_post_z)",0.0456680981125128,0.000497090575768337,0.141795089668682,0.041773355038674
526,"s(HC_post_z)",0.0489554831701735,0.000539172033074918,0.151548112995424,0.0446678430305995
527,"s(HC_post_z)",0.0879915991460933,0.00065192258365193,0.220771775098427,0.0616722347593821
528,"s(HC_post_z)",0.0629826814290855,0.000516372910502952,0.151041143881481,0.0479768521194199
529,"s(HC_post_z)",0.0698075278032224,0.000762700570442884,0.177381641824995,0.0522709059627725
530,"s(HC_post_z)",0.0209307340830414,0.000228374933388104,0.0984358594592604,0.029008092147532
531,"s(HC_post_z)",0.0319731240795598,0.000351149439318099,0.122144381796144,0.0359777933448714
532,"s(HC_post_z)",0.0580808629628606,0.00062310388755597,0.16214067678722,0.0477691036160935
533,"s(HC_post_z)",0.0749582884686895,0.000824778524465696,0.185210528301633,0.0545643233225558
534,"s(HC_post_z)",0.0671747767870308,0.000713355176091133,0.17414113475566,0.0512903692339223
535,"s(HC_post_z)",0.0364110173671435,0.000216699593715818,0.143645407264279,0.0387785943028617
536,"s(HC_post_z)",0.0745706134546804,0.000814383678316269,0.185419759453005,0.0546422522286606
537,"s(HC_post_z)",0.0647251434226881,0.000581811036882206,0.176521498665774,0.0511015755203635
538,"s(HC_post_z)",0.0819768334099056,0.000787662768411185,0.192111002195501,0.0565237294342174
539,"s(HC_post_z)",0.0651960470224449,0.00074959528349195,0.174977983427519,0.0515372610261335
540,"s(HC_post_z)",0.0707826881763545,0.000772717983852017,0.179954941184294,0.0530021096276958
541,"s(HC_post_z)",0.0327091948269533,0.00033228998314419,0.125186961272681,0.0367025519398125
542,"s(HC_post_z)",0.0865739113654751,0.000746204138256725,0.304006087796672,0.075530264736515
543,"s(HC_post_z)",0.0281358208522686,0.000201635096873795,0.176222383652,0.0419085294109672
544,"s(HC_post_z)",0.048188770365833,0.000520849067837282,0.150047324940385,0.0442056398918399
545,"s(HC_post_z)",0.0500430557143723,0.000548587859430709,0.151422279904785,0.0446138157110585
546,"s(HC_post_z)",0.085432806491724,0.000941134116323964,0.19709997578677,0.0580543885118878
547,"s(HC_post_z)",0.0676473551725785,0.000580859266995585,0.26958980744124,0.0669618609782051
548,"s(HC_post_z)",0.0631991056747676,0.000451588478039252,0.28201471780158,0.068369896851893
549,"s(HC_post_z)",0.0525395634992041,0.000583318967951727,0.157098855407252,0.0462924930096307
550,"s(HC_post_z)",0.0422650546031669,0.00045888190885617,0.137851511520586,0.0406215409423931
551,"s(HC_post_z)",0.145633854718717,0.00162598526930178,0.258216573449966,0.076055284720495
552,"s(HC_post_z)",0.0120456998713951,0.000144897300819366,0.0782649715641549,0.0230582421465592
553,"s(HC_post_z)",0.0667310361495854,0.000716307380152144,0.173312326573393,0.0510470077285301
554,"s(HC_post_z)",0.0837745161666277,0.00067167201994775,0.276720277608856,0.0702676182247702
555,"s(HC_post_z)",0.0251557389854788,0.000270941653181865,0.106373353201046,0.0313374896347393
556,"s(HC_post_z)",0.0517831650273326,0.000348896707802645,0.138878711361306,0.0420632510081597
557,"s(HC_post_z)",0.10532545826584,0.000881827538768174,0.22903292317108,0.0664229360655949
558,"s(HC_post_z)",0.117707365793285,0.000909462668494169,0.242271510037031,0.0689684911004387
559,"s(HC_post_z)",0.0550199353134264,0.000600772050955184,0.158599235331254,0.0467422531011099
560,"s(HC_post_z)",0.0547501371576047,0.000420609347777605,0.145249683425261,0.0442044483630928
561,"s(HC_post_z)",0.0593113041492472,0.000672807309156419,0.168736042833792,0.0497168696814523
562,"s(HC_post_z)",0.033367727234717,0.000191423923245246,0.142415990979965,0.0383453865711409
563,"s(HC_post_z)",0.0827000573841392,0.00069600470315236,0.340313623466325,0.0819553242479651
564,"s(HC_post_z)",0.0600607243345639,0.000636714675880568,0.161901288925364,0.0476917612982582
565,"s(HC_post_z)",0.0942635780608541,0.00101230049264107,0.20497957169288,0.0603861601268462
566,"s(HC_post_z)",0.0356446944870576,0.000220441652350158,0.155745882122304,0.0424082432764076
567,"s(HC_post_z)",0.0551146414089807,0.00060632764652354,0.159722828458422,0.0470469180075957
568,"s(HC_post_z)",0.0813881011328839,0.000886319589174443,0.192272301917997,0.056694804139617
569,"s(HC_post_z)",0.0534993520590596,0.000620780543984675,0.161300236676145,0.0475059256134446
570,"s(HC_post_z)",0.033939639397607,0.000368192914927617,0.124977060928358,0.0368277427387853
571,"s(HC_post_z)",0.0538408119104457,0.000571921649122344,0.155087899050399,0.0456609729444971
572,"s(HC_post_z)",0.0131770752603675,0.000144184056221368,0.0777275834423069,0.0228922995262978
573,"s(HC_post_z)",0.041668970717252,0.000439866343722391,0.136512782076529,0.0402258633783673
574,"s(HC_post_z)",0.0353642615307326,0.000365112410900766,0.123713049381668,0.0364534420306571
575,"s(HC_post_z)",0.0350555634303262,0.000390655894290293,0.127012138512498,0.0374119553680665
576,"s(HC_post_z)",0.0351020492082643,0.000402622226852633,0.129881477049716,0.0382623573440216
577,"s(HC_post_z)",0.0795532265581489,0.000708397609042132,0.157058325614515,0.0502111725500493
578,"s(HC_post_z)",0.076590059485417,0.000852575916624963,0.188571497129684,0.0555361927544227
579,"s(HC_post_z)",0.0195198167024895,0.000223596095670364,0.0967561815197784,0.028498756918945
580,"s(HC_post_z)",0.0759177302573288,0.000798853809496263,0.18210499905428,0.0536571379346172
581,"s(HC_post_z)",0.0176219438073009,0.000183912774373258,0.0889673872366735,0.0262154269471284
582,"s(HC_post_z)",0.0503741479836997,0.00050191747371185,0.143563675362859,0.0422820209671838
583,"s(HC_post_z)",0.0588903231370139,0.000467495327011046,0.164287889165968,0.0478204812022042
584,"s(HC_post_z)",0.0698407760750968,0.000755573499049948,0.176059088761433,0.0518552108287646
585,"s(HC_post_z)",0.0491012582525645,0.000548397439267727,0.149757906944218,0.0441467079369756
586,"s(HC_post_z)",0.033321232311442,0.000361885289551968,0.123335694556249,0.0363367898921007
587,"s(HC_post_z)",0.0385299535261936,0.000232297141086474,0.163606471051964,0.0429077879781028
588,"s(HC_post_z)",0.0740986256498939,0.000794522457498912,0.18160096922962,0.0534801648896279
589,"s(HC_post_z)",0.0386949812014823,0.000422548031943969,0.132893771387503,0.0391489707079615
590,"s(HC_post_z)",0.0555493976413022,0.000604521306294743,0.159320211468878,0.0469583483450579
591,"s(HC_post_z)",0.107222102286277,0.00115529668489571,0.221095977864442,0.0651407714082804
592,"s(HC_post_z)",0.0398286350457493,0.000402762043442477,0.129264524338669,0.0380849863933944
593,"s(HC_post_z)",0.0233335227479703,0.000244080419959702,0.0995174531608586,0.0292626216477011
594,"s(HC_post_z)",0.0155017313714154,0.000121325362190272,0.0564643184322185,0.0189200013530253
595,"s(HC_post_z)",0.0524458678718212,0.000615960486088045,0.161239571794663,0.047499500479423
596,"s(HC_post_z)",0.0265019975693317,0.000273590586484839,0.105986427957858,0.0312193475555652
597,"s(HC_post_z)",0.0897460916587889,0.000856960161643519,0.20145638823643,0.0585898636942704
598,"s(HC_post_z)",0.128618683994604,0.00113119575697731,0.441917217215502,0.105126628868609
599,"s(HC_post_z)",0.0312830088267138,0.000314445331170101,0.113979038576567,0.0335830210906635
600,"s(HC_post_z)",0.0521183156452434,0.000557807142338962,0.154853331865905,0.0456211550413307
601,"s(HC_post_z)",0.0303397566321664,0.000341439622675031,0.119528993249761,0.0352125195846872
602,"s(HC_post_z)",0.0400538900413299,0.000424207397809519,0.135262602870491,0.0397391121656287
603,"s(HC_post_z)",0.0310326493423627,0.000300179082943335,0.112549368756815,0.0331550766696143
604,"s(HC_post_z)",0.0371133866608169,0.000238160870332742,0.167442311289254,0.0447159148412631
605,"s(HC_post_z)",0.0330521676098972,0.000344603630540748,0.120785877388632,0.0355862094073399
606,"s(HC_post_z)",0.083360701317778,0.00088736219030655,0.190724632725602,0.0561755425812634
607,"s(HC_post_z)",0.054239351053992,0.000579488544462177,0.155095126007957,0.0456910105855596
608,"s(HC_post_z)",0.0658728488010158,0.000704012024786312,0.169780933948345,0.0500151241153091
609,"s(HC_post_z)",0.0273388781989041,0.000298212227281612,0.112292095070944,0.033077526809415
610,"s(HC_post_z)",0.0502631925384946,0.000494630102149631,0.15067440062182,0.0437938821852865
611,"s(HC_post_z)",0.0584040024441119,0.000629596479960918,0.160400506226281,0.0472524561081477
612,"s(HC_post_z)",0.0377010731041523,0.00038658461356775,0.12551134813035,0.0369648115773864
613,"s(HC_post_z)",0.0360603261210954,0.000379392293126195,0.125312982719458,0.0369196865400035
614,"s(HC_post_z)",0.0866836649482661,0.000926959079872896,0.196277461871599,0.057829946394868
615,"s(HC_post_z)",0.0399828341501127,0.000327232590548021,0.111503713510988,0.0344814037094454
616,"s(HC_post_z)",0.0784021273308522,0.0008785432090939,0.190677450553405,0.0561757060975484
617,"s(HC_post_z)",0.0454615583636517,0.000504328523147231,0.144776294211921,0.0426439962847285
618,"s(HC_post_z)",0.0392614766864785,0.000420020187544179,0.133473876886107,0.0393146651726312
619,"s(HC_post_z)",0.072688001506263,0.000624994295019352,0.142572713481293,0.0465732157692859
620,"s(HC_post_z)",0.0732274727427082,0.000792043614610759,0.183479716225128,0.0540577378960514
621,"s(HC_post_z)",0.030105612877783,0.000320924097418891,0.115359977558835,0.0339866489373677
622,"s(HC_post_z)",0.0495999435577517,0.000528617375672305,0.148988098305292,0.0438909187271864
623,"s(HC_post_z)",0.077631534873646,0.000688952704985142,0.190619439719645,0.0557894275001442
624,"s(HC_post_z)",0.0995431745692237,0.000858234269034606,0.251481685610344,0.0705637785653182
625,"s(HC_post_z)",0.055121645020332,0.000593183358152074,0.158199208034068,0.0466016169425152
626,"s(HC_post_z)",0.0766953042947449,0.000854880401601539,0.190488594336888,0.0561090752438866
627,"s(HC_post_z)",0.0673865145949826,0.000525589824961981,0.16625794326269,0.0502258751853079
628,"s(HC_post_z)",0.0561868772087397,0.000402683548091246,0.171360337138689,0.0487011654935791
629,"s(HC_post_z)",0.0581006871179817,0.000643286287555425,0.16277256155183,0.0479588645824136
630,"s(HC_post_z)",0.0359914877564815,0.000363409096901708,0.12495983666933,0.0368006195756641
631,"s(HC_post_z)",0.0800256498684497,0.000850388663632397,0.191224708465698,0.0563582548483541
632,"s(HC_post_z)",0.0587853149191524,0.000628091557038955,0.162673859072882,0.0479194868208152
633,"s(HC_post_z)",0.0723282749146428,0.000575888311394354,0.184852521399501,0.0546830632642582
634,"s(HC_post_z)",0.0207439946074093,0.000237145371734568,0.0996936255826272,0.0293864349317276
635,"s(HC_post_z)",0.0573707306857596,0.000596448745794108,0.158729601751012,0.046765692259536
636,"s(HC_post_z)",0.0537790160334843,0.000594492197548584,0.157223304563637,0.0463126907154045
637,"s(HC_post_z)",0.0598088837743642,0.00065836325398138,0.163300379920099,0.0480962696631319
638,"s(HC_post_z)",0.0778801553308135,0.000849699998224215,0.188838143449525,0.0556290795881248
639,"s(HC_post_z)",0.0419941950168408,0.000434017495163579,0.133601861325889,0.0393649734230859
640,"s(HC_post_z)",0.0467373630437304,0.000497035964808993,0.143458766001209,0.0422613960638892
641,"s(HC_post_z)",0.0515316705795836,0.00047030554753419,0.137817036537593,0.0420091721754501
642,"s(HC_post_z)",0.0788480744688265,0.000862333551792371,0.189346547303527,0.0557656170282833
643,"s(HC_post_z)",0.0711987997199959,0.000678450907924152,0.177947097848948,0.0520780919054409
644,"s(HC_post_z)",0.0615309256028969,0.000483349022303237,0.179170895602661,0.05105011177055
645,"s(HC_post_z)",0.0796045521586066,0.000858640818118799,0.190618897624124,0.0561503728022717
646,"s(HC_post_z)",0.0815117092043867,0.00089904445292632,0.19419945285349,0.057224209453039
647,"s(HC_post_z)",0.0790740837856685,0.000677174688914154,0.256490882236354,0.0678485986621709
648,"s(HC_post_z)",0.0424032186261005,0.000453257379613007,0.138114156890776,0.0406880008156267
649,"s(HC_post_z)",0.0217434206641727,0.000245887473022591,0.102312100210924,0.0301367317904224
650,"s(HC_post_z)",0.0366764829848432,0.000384337766720178,0.124593642353143,0.0365284546957964
651,"s(HC_post_z)",0.0636191427826116,0.000672760968801763,0.168750408396229,0.0496515092952669
652,"s(HC_post_z)",0.024505198418316,0.00026685481076342,0.106156264201808,0.0312677510184433
653,"s(HC_post_z)",0.102139362119264,0.000849500902879217,0.227119109711971,0.0654113177689122
654,"s(HC_post_z)",0.0388721256320519,0.000406204139209245,0.129423733747083,0.03813888192388
655,"s(HC_post_z)",0.0409358658086934,0.000304955993776793,0.151444225293343,0.0442485603247782
656,"s(HC_post_z)",0.0602253738243306,0.000536883670704034,0.153424163214186,0.0458516415756856
657,"s(HC_post_z)",0.0438291502764567,0.000488244314598951,0.142886536385012,0.0420998110161377
658,"s(HC_post_z)",0.0328822935319426,0.000347180529752109,0.120027231606285,0.0353729708546272
659,"s(HC_post_z)",0.046893902747005,0.000515317367305555,0.146186515151903,0.0430554278786137
660,"s(HC_post_z)",0.0483594476503466,0.000506003473838426,0.151766725399759,0.0444029207207801
661,"s(HC_post_z)",0.0443138062761417,0.000476811543989737,0.142590881418989,0.0420079166011996
662,"s(HC_post_z)",0.0518902130510615,0.00057113448519557,0.152605238772745,0.0449539898791734
663,"s(HC_post_z)",0.0592767927064362,0.00064759993647031,0.164980183507203,0.048612154008267
664,"s(HC_post_z)",0.0535297834499495,0.000583455301393523,0.157650438425818,0.0464342909633328
665,"s(HC_post_z)",0.0384915144165685,0.000426517083447778,0.133476867728915,0.0393232424397216
666,"s(HC_post_z)",0.0686933313402474,0.000699459426154136,0.170549272937844,0.0502938012261991
667,"s(HC_post_z)",0.0981881071328274,0.00077338007354086,0.21905512119838,0.063523922048409
668,"s(HC_post_z)",0.0456254084795837,0.000474987318343047,0.141444727067974,0.0416695056896749
669,"s(HC_post_z)",0.0320915656620215,0.000349583491585581,0.120089210384033,0.0353778223336224
670,"s(HC_post_z)",0.076727274947066,0.000710172461876813,0.185398221020894,0.0545531749262942
671,"s(HC_post_z)",0.0289644633191664,0.000295552538442947,0.110857001744568,0.0326510967025494
672,"s(HC_post_z)",0.0393136163394168,0.000412951928704543,0.131180001731895,0.0386533221621377
673,"s(HC_post_z)",0.0692965177767633,0.000714596394784346,0.172223619230113,0.0507404771931323
674,"s(HC_post_z)",0.0268423527786403,0.000269224151240609,0.106560874916523,0.0314006276991791
675,"s(HC_post_z)",0.0683085987474925,0.000552519671581515,0.225093171985393,0.0601092342153056
676,"s(HC_post_z)",0.0736414485079155,0.000574867128212778,0.190081987251273,0.0549600346703407
677,"s(HC_post_z)",0.0440701134042794,0.000471922552631158,0.14138938236926,0.0416567340758591
678,"s(HC_post_z)",0.0684705009312889,0.00069858877950429,0.176572425814511,0.0520264959892282
679,"s(HC_post_z)",0.101141269948959,0.000819983638535841,0.215479430153132,0.0651471365077864
680,"s(HC_post_z)",0.0723582771628131,0.000790716097176307,0.183592684335623,0.0540929331907782
681,"s(HC_post_z)",0.0365707065769101,0.000397474705462069,0.129067590288065,0.0380124187310371
682,"s(HC_post_z)",0.0577013598523575,0.0006041268938919,0.160188860923414,0.0471860353413834
683,"s(HC_post_z)",0.0571720517728735,0.000651115325578763,0.164813659658919,0.0485431056533929
684,"s(HC_post_z)",0.0608282336257968,0.000652356434775657,0.164583400709383,0.0484958357345239
685,"s(HC_post_z)",0.0603168027005285,0.000504229698525697,0.244841668371591,0.061083402196996
686,"s(HC_post_z)",0.0652107606528354,0.000693162337765749,0.166532396975728,0.0490632393962074
687,"s(HC_post_z)",0.0794351717513422,0.000878988726267106,0.189381911612557,0.0558023730384893
688,"s(HC_post_z)",0.0351453793343453,0.000215451685634379,0.143752300046805,0.0400587383689638
689,"s(HC_post_z)",0.0255217255453868,0.000184391298684258,0.153611754447422,0.0364328207016687
690,"s(HC_post_z)",0.0144815359546335,0.000156532724127555,0.0796008209486887,0.0234601272246694
691,"s(HC_post_z)",0.0892830765439392,0.000790735646054089,0.183750571162982,0.0541053516932271
692,"s(HC_post_z)",0.0240548185298763,0.000261119177187788,0.105575291804399,0.031112530363252
693,"s(HC_post_z)",0.050245412914089,0.000523475465864324,0.149384953915221,0.0440147898321797
694,"s(HC_post_z)",0.0400636929213984,0.0004353177606879,0.134797150386114,0.0397018039381183
695,"s(HC_post_z)",0.0702975008144833,0.000780107800108601,0.18084408810022,0.0532781675912547
696,"s(HC_post_z)",0.112774859210566,0.00119232417593684,0.226352820475018,0.0666974624979628
697,"s(HC_post_z)",0.0928862055638877,0.00100978725349498,0.206941520590045,0.0609561836324206
698,"s(HC_post_z)",0.0297386201032168,0.000289055279554418,0.113211517709804,0.033202333100564
699,"s(HC_post_z)",0.111340325844642,0.00100326547155972,0.21402656233579,0.063798085996972
700,"s(HC_post_z)",0.0208626764562023,0.000219621089150361,0.0958806987912758,0.0282571343638648
701,"s(HC_post_z)",0.0403367419480354,0.000440688807895921,0.137370649795917,0.0404839375612153
702,"s(HC_post_z)",0.06500425534791,0.000426129114750553,0.198963420409001,0.0540799973670257
703,"s(HC_post_z)",0.10782512298324,0.000902794071330065,0.296648268455462,0.0778039631107552
704,"s(HC_post_z)",0.0571685914275388,0.000620919604012779,0.162385624973886,0.0478314786110957
705,"s(HC_post_z)",0.0394059827683666,0.000436269868867837,0.134865685826581,0.0397424616885255
706,"s(HC_post_z)",0.0725661647474478,0.000627300456807293,0.17286427408027,0.0512835863090702
707,"s(HC_post_z)",0.0468354883511264,0.000511476840072016,0.147235791001192,0.0433747902501077
708,"s(HC_post_z)",0.0577248484924198,0.00062634372833594,0.162139792305244,0.0477658554443931
709,"s(HC_post_z)",0.0270796541155303,0.000286662183594879,0.108762564469906,0.0320396187149911
710,"s(HC_post_z)",0.0125041166094881,0.00013083651319475,0.0738006349684917,0.0217537568661729
711,"s(HC_post_z)",0.0435384556886422,0.000459947609253525,0.139310455362002,0.0410325166384213
712,"s(HC_post_z)",0.0355542329110463,0.000403057805449263,0.128701865467612,0.0379103389642866
713,"s(HC_post_z)",0.11624816196127,0.00130479102469639,0.232969813461536,0.0686224657324955
714,"s(HC_post_z)",0.0543377611493856,0.000561009494086944,0.152646130206754,0.0449735344606426
715,"s(HC_post_z)",0.0757168140295423,0.000641559766995643,0.26462905699138,0.0677666802822447
716,"s(HC_post_z)",0.0221714436989053,0.000227609040384148,0.098841043800804,0.0291252038037699
717,"s(HC_post_z)",0.0485792683765478,0.000357771057884682,0.139447606267123,0.0428374426563773
718,"s(HC_post_z)",0.0746741953300827,0.000807631996388223,0.185746735846239,0.0547275706617494
719,"s(HC_post_z)",0.0219615001077571,0.000185631255334936,0.0983857724977066,0.0282483087721845
720,"s(HC_post_z)",0.0787593388114392,0.00083190510228808,0.188816270484118,0.0556549377970712
721,"s(HC_post_z)",0.0273669668675662,0.000301107822132018,0.113866161661362,0.0335414355462961
722,"s(HC_post_z)",0.10889620169112,0.00120250510990005,0.224099417734964,0.0660405110757077
723,"s(HC_post_z)",0.0443618426006154,0.000488166964091685,0.142005343804289,0.0418537288292426
724,"s(HC_post_z)",0.0589762626588577,0.000657400229897247,0.163832743355673,0.0482635207417466
725,"s(HC_post_z)",0.0483859423742903,0.000505925820300276,0.145101208291251,0.0427517000922495
726,"s(HC_post_z)",0.0554741897778612,0.000601853667097269,0.160867483721416,0.0473821892097374
727,"s(HC_post_z)",0.0595947916362629,0.00064499230115141,0.165100044559859,0.0486339849931777
728,"s(HC_post_z)",0.0415164516798576,0.000437073867982147,0.134426245839609,0.0396100027608896
729,"s(HC_post_z)",0.0655001615797062,0.000711279513878158,0.17080748181138,0.0503151185375701
730,"s(HC_post_z)",0.0688773622217038,0.000493150204656699,0.207384975556448,0.0568316827850074
731,"s(HC_post_z)",0.0975975506221225,0.00106670538153498,0.211475415900315,0.0623256076185689
732,"s(HC_post_z)",0.105969350197807,0.00115936840454617,0.220844011195198,0.0650719031381479
733,"s(HC_post_z)",0.049537609917035,0.000454591333391973,0.149360023731119,0.0434914768682148
734,"s(HC_post_z)",0.0328328864639609,0.000332027231902847,0.113374359422614,0.0341450187473497
735,"s(HC_post_z)",0.0517921871556801,0.000544515202376424,0.152449916062924,0.0449221944592756
736,"s(HC_post_z)",0.0413754506730779,0.00045278119020359,0.138302020299923,0.0407654806287785
737,"s(HC_post_z)",0.0302065053218268,0.00032993394393468,0.117488079367722,0.0346136693801456
738,"s(HC_post_z)",0.0476840441208868,0.000524162707826368,0.147710856496708,0.0435089131864394
739,"s(HC_post_z)",0.00568717762032556,6.36052984109317e-05,0.0515147041132479,0.0151718994414547
740,"s(HC_post_z)",0.0728679115983759,0.00050923364920548,0.236255616273871,0.0620762077075109
741,"s(HC_post_z)",0.015872939016333,0.000162301700981167,0.0807355894714861,0.0237837181806987
742,"s(HC_post_z)",0.0576321329461393,0.000477538982720632,0.168378507786292,0.0476878657460218
743,"s(HC_post_z)",0.0363465483924035,0.000389757808844006,0.128569994124757,0.0378974036284035
744,"s(HC_post_z)",0.0396168899931677,0.000234642057592344,0.150391234080229,0.0419585553366303
745,"s(HC_post_z)",0.0574072140776121,0.000383720641979979,0.265655735771164,0.0635587744810091
746,"s(HC_post_z)",0.0558202997439299,0.00061159981037039,0.160652726428213,0.0473218368928074
747,"s(HC_post_z)",0.0604305697674832,0.00066101190074444,0.166904346222767,0.0491689524186573
748,"s(HC_post_z)",0.0720009913273909,0.00055243361619534,0.182367761293921,0.0525948524607672
749,"s(HC_post_z)",0.0640174036205892,0.000690410324164057,0.169303307689481,0.0498835589583505
750,"s(HC_post_z)",0.0649458880741811,0.000541665810972123,0.27869660362037,0.068375864679693
751,"s(HC_post_z)",0.0328339083619174,0.00023492189410295,0.128600267749244,0.0361583922187693
752,"s(HC_post_z)",0.124586460586903,0.00111711562589501,0.366591771240968,0.0942790766820668
753,"s(HC_post_z)",0.0305246809538513,0.000277138789498699,0.110101407213933,0.0329945896509207
754,"s(HC_post_z)",0.0368150665294333,0.000260471657577775,0.140110723033529,0.0394241713891112
755,"s(HC_post_z)",0.0543643479852864,0.000586129719410559,0.157784165147369,0.0464935113974
756,"s(HC_post_z)",0.0760357142976353,0.000802072589999274,0.183133217682396,0.0539451563704997
757,"s(HC_post_z)",0.0687255007811824,0.000748797368724408,0.175707279213968,0.0517475215270986
758,"s(HC_post_z)",0.090198650156502,0.000976757748267103,0.200539192843425,0.059086644454497
759,"s(HC_post_z)",0.103549573928069,0.00116236851428434,0.224178095859978,0.0660266310710003
760,"s(HC_post_z)",0.0622119395676499,0.000518403216071536,0.23933993961001,0.0617609684966373
761,"s(HC_post_z)",0.0602649712546839,0.000476193644943541,0.144223822546266,0.0446556283175038
762,"s(HC_post_z)",0.0778646867981916,0.000834776633293528,0.186797050881257,0.0550283903239456
763,"s(HC_post_z)",0.0371895851369519,0.000397767248659284,0.127385730778971,0.0375284991225097
764,"s(HC_post_z)",0.0417865216985263,0.000444222849664529,0.137447874007519,0.0404874844510375
765,"s(HC_post_z)",0.0116431426182846,9.77771116636713e-05,0.0679080123605338,0.020097920521736
766,"s(HC_post_z)",0.0378301853307548,0.000401938465914362,0.128600992428095,0.0378780773122793
767,"s(HC_post_z)",0.0515831310177717,0.00055690199963135,0.153707000020047,0.0452749499034332
768,"s(HC_post_z)",0.0629595563016068,0.000645972512631715,0.166420040038096,0.0490254082526867
769,"s(HC_post_z)",0.034636057492488,0.000360944174786363,0.122249868825812,0.0360142251324947
770,"s(HC_post_z)",0.0593016964156767,0.000645716529763171,0.163791284176555,0.0482560349038087
771,"s(HC_post_z)",0.0594017559133881,0.000458771370348893,0.259902600790415,0.0633912145797702
772,"s(HC_post_z)",0.0503056331426297,0.000529804825118671,0.14876391537931,0.0438362081655067
773,"s(HC_post_z)",0.0258513209436959,0.000222228751690933,0.106205911816932,0.0309113658071289
774,"s(HC_post_z)",0.0438628539052175,0.000491437208539488,0.143211147300348,0.042194295046868
775,"s(HC_post_z)",0.0522006265981503,0.000540509559362453,0.150241326614165,0.0442616808686849
776,"s(HC_post_z)",0.126358201704429,0.00102970277597404,0.24163718013672,0.0725997525890787
777,"s(HC_post_z)",0.0637115287892325,0.000680302819706064,0.168835284557854,0.0497211488628671
778,"s(HC_post_z)",0.0581047544777196,0.000627341572326947,0.162944463851393,0.0479982688715992
779,"s(HC_post_z)",0.0594526603346299,0.000654248429175957,0.163460320938174,0.048166442308821
780,"s(HC_post_z)",0.0364455803510175,0.000452560124303849,0.25651181831085,0.0614935636727136
781,"s(HC_post_z)",0.0765674351481458,0.000642652563302572,0.245107315787929,0.0695222892851712
782,"s(HC_post_z)",0.0368084391771273,0.000330644836215727,0.0862726737607585,0.0285861332660837
783,"s(HC_post_z)",0.032774985127757,0.00035888912588746,0.125077884241004,0.0368612709332072
784,"s(HC_post_z)",0.0472514068448771,0.000516426097445424,0.145847489635824,0.042953466446202
785,"s(HC_post_z)",0.0401790377568449,0.000431241210917895,0.134445224531369,0.039602015107052
786,"s(HC_post_z)",0.0558323345127665,0.00059795677564396,0.157563464627686,0.0461310194350735
787,"s(HC_post_z)",0.0436575845141292,0.000468789310636858,0.141064817230465,0.0415516341337127
788,"s(HC_post_z)",0.0279045863745377,0.000151885138149464,0.133611275487864,0.0359189871564268
789,"s(HC_post_z)",0.0855311529995948,0.000569570114260201,0.250132963943418,0.0662956841933266
790,"s(HC_post_z)",0.0588971339198956,0.000501194305658286,0.074653109041588,0.0309457714525419
791,"s(HC_post_z)",0.0446407669231359,0.000479422738616903,0.140664521385062,0.0414439208071735
792,"s(HC_post_z)",0.0783012505686447,0.000650937184982402,0.178407117402598,0.0531266425115
793,"s(HC_post_z)",0.07149628028648,0.000560022957545848,0.19270952410336,0.0559959032320164
794,"s(HC_post_z)",0.0317880563762163,0.000335617059132329,0.11771003557219,0.0346668636164258
795,"s(HC_post_z)",0.0500534844761908,0.000544048845206148,0.151542943612503,0.044646688910083
796,"s(HC_post_z)",0.125955515966933,0.00105933643691262,0.219510441351848,0.0688317280903566
797,"s(HC_post_z)",0.0389745922416402,0.000334847551352725,0.119098040633909,0.0361025628239864
798,"s(HC_post_z)",0.0477844237322689,0.000520016745484302,0.146835573805253,0.0432630142882431
799,"s(HC_post_z)",0.0306321944407024,0.000325628868695476,0.116692141709138,0.0343742147833751
800,"s(HC_post_z)",0.0776412964168838,0.000875334452501449,0.192211476026088,0.056624000853298
801,"s(HC_post_z)",0.028857343078192,0.000203816478862715,0.120097334437713,0.0342307612222723
802,"s(HC_post_z)",0.0402783316946635,0.00045150889393676,0.137580994104317,0.0405367726745266
803,"s(HC_post_z)",0.0372810798486309,0.000239249525167674,0.17701603204386,0.0467634669387643
804,"s(HC_post_z)",0.0327523062040065,0.000335669349448267,0.11822560876982,0.0348268719486124
805,"s(HC_post_z)",0.089045627324591,0.000927544615055796,0.202126877636666,0.0595002497588918
806,"s(HC_post_z)",0.118161406668259,0.0012804920172583,0.229820680154705,0.0677013107101429
807,"s(HC_post_z)",0.0639584400101167,0.000725022150907791,0.174727601144751,0.0514739951025129
808,"s(HC_post_z)",0.0655979348438507,0.000720449334574769,0.170955294764674,0.0503722667896696
809,"s(HC_post_z)",0.0810953983282907,0.000746648946224641,0.319958434338064,0.0819516405521819
810,"s(HC_post_z)",0.05523204602801,0.000585379935438105,0.156940045830186,0.0462346134682245
811,"s(HC_post_z)",0.0369365204853764,0.000328499038243747,0.132674990284973,0.0381846611787728
812,"s(HC_post_z)",0.0741515755445157,0.000821036460571559,0.185287469425183,0.0545802919561637
813,"s(HC_post_z)",0.053089208555356,0.00041505799073054,0.167395808479328,0.0477824576578187
814,"s(HC_post_z)",0.0297833744817577,0.00030762982974634,0.112514493143014,0.0331419410078515
815,"s(HC_post_z)",0.0565536348625209,0.000471713149696758,0.153222055012173,0.0457087748524386
816,"s(HC_post_z)",0.00899655429876312,0.000103639198850134,0.0657985191870248,0.0193947484952507
817,"s(HC_post_z)",0.0878648428179911,0.000937727024771575,0.197844931392014,0.0582925683168836
818,"s(HC_post_z)",0.0586960857283767,0.000531216492069324,0.161325151436006,0.0474968591605432
819,"s(HC_post_z)",0.0320644277712638,0.000292324871511776,0.117459718674462,0.0340807211250459
820,"s(HC_post_z)",0.112008391106558,0.000824110614930254,0.262539508431747,0.0727681728865289
821,"s(HC_post_z)",0.0579065561000593,0.000642632451319681,0.163519561833558,0.0481753545679714
822,"s(HC_post_z)",0.0538062929016743,0.000621823674276394,0.160944423162721,0.0474018296704265
823,"s(HC_post_z)",0.055453384569244,0.000597120189829523,0.156609687834144,0.0461256485352363
824,"s(HC_post_z)",0.0476653821457891,0.000505128308415224,0.146325561338826,0.0431246658851567
825,"s(HC_post_z)",0.0523950619116924,0.000551309152399759,0.150326126286051,0.0442835496987
826,"s(HC_post_z)",0.0361175297903973,0.000397004162649113,0.131329877565506,0.0386958052891789
827,"s(HC_post_z)",0.103986124434361,0.000772663926554758,0.25160877858789,0.0690321731358828
828,"s(HC_post_z)",0.0428694359722872,0.000346147524525237,0.13602416444172,0.0400232128895149
829,"s(HC_post_z)",0.0248935251816551,0.000170476894903578,0.187683038925783,0.042590025196956
830,"s(HC_post_z)",0.0794277055039601,0.00072455083759749,0.175516201646974,0.0527948767212687
831,"s(HC_post_z)",0.0684859957926669,0.000775168963234861,0.181964287493529,0.0536030465433685
832,"s(HC_post_z)",0.0354938833625305,0.000383868098417673,0.127724108490488,0.0376218061635932
833,"s(HC_post_z)",0.0569679829824477,0.000388693967568459,0.196743033464183,0.053366234631396
834,"s(HC_post_z)",0.0687334813318916,0.000725513363208165,0.174385962832497,0.0513597582653856
835,"s(HC_post_z)",0.0627484573331394,0.000448882076065617,0.181974106103971,0.0510139928953247
836,"s(HC_post_z)",0.147622569722127,0.00158589425155663,0.26194434908924,0.0771924383485732
837,"s(HC_post_z)",0.0730836232023275,0.000637731943396321,0.164465560886749,0.0500100628166665
838,"s(HC_post_z)",0.0450122729300073,0.000481827631321289,0.14067354502351,0.0414342970180237
839,"s(HC_post_z)",0.0365507643066518,0.000407983269067069,0.131782511980976,0.0388205860171673
840,"s(HC_post_z)",0.0439023258006959,0.000471809568355282,0.141413537840628,0.0416583002681738
841,"s(HC_post_z)",0.0431034620988431,0.000474964644467636,0.141126817182278,0.0415645498959368
842,"s(HC_post_z)",0.0761769678622279,0.00085545670232506,0.190127316821421,0.0559935538680797
843,"s(HC_post_z)",0.132155518777807,0.00144414277012765,0.247785737842268,0.0730013118666448
844,"s(HC_post_z)",0.0727137182528512,0.000788253005224182,0.179157149081988,0.0527818891230763
845,"s(HC_post_z)",0.0477202394125111,0.000420918826354891,0.120125978316279,0.0264616795035591
846,"s(HC_post_z)",0.10601020061414,0.00088833150322987,0.220858549525775,0.0650839932341359
847,"s(HC_post_z)",0.0868704115593246,0.000949809902541496,0.201836287150938,0.0594621241004647
848,"s(HC_post_z)",0.0615009108705742,0.000653046869021103,0.163909277312453,0.048284002985501
849,"s(HC_post_z)",0.0343257598799642,0.000379500623397777,0.124539221293401,0.0366930018196817
850,"s(HC_post_z)",0.0374257824785396,0.000403027458317798,0.130492037235674,0.0384461015073247
851,"s(HC_post_z)",0.0442373868939736,0.000427990871690447,0.138457191533842,0.0406979237258423
852,"s(HC_post_z)",0.050812092543767,0.000577687736158239,0.157005102129237,0.0462453159476371
853,"s(HC_post_z)",0.0169524646472521,0.000186813736221453,0.0880910649924375,0.0259448969685447
854,"s(HC_post_z)",0.0570249776746437,0.000641535374165186,0.162329693148324,0.0478209266219924
855,"s(HC_post_z)",0.0648653467063038,0.000698464253068109,0.171225221071287,0.0504515566229037
856,"s(HC_post_z)",0.0515123542257303,0.000563531905166611,0.151932248049127,0.0447568264834583
857,"s(HC_post_z)",0.0386770582452964,0.000413572175990907,0.132387016868455,0.0389942023435112
858,"s(HC_post_z)",0.0607423848525652,0.000650929995608283,0.163896805258426,0.0482620839642773
859,"s(HC_post_z)",0.0203997992037817,0.000211122734973505,0.0945699131556458,0.0278525648801967
860,"s(HC_post_z)",0.0093987492857277,9.81266119064508e-05,0.0646188464357524,0.0190321554246587
861,"s(HC_post_z)",0.0408689401101618,0.000417691069936272,0.132618725361891,0.0390614670311342
862,"s(HC_post_z)",0.0312019540389343,0.00032207558664326,0.115467098694579,0.0340153894041684
863,"s(HC_post_z)",0.0800541726479906,0.000697726400421987,0.168603490736276,0.0521601188110364
864,"s(HC_post_z)",0.0439881084882021,0.000339982944300053,0.145120028299141,0.0420053569336695
865,"s(HC_post_z)",0.0535506245169941,0.000590738365643558,0.159126781249108,0.0468761411304
866,"s(HC_post_z)",0.104964370605879,0.000723996563469702,0.258198329217478,0.0699435944560757
867,"s(HC_post_z)",0.0365845335602035,0.000264208814456935,0.127717132205393,0.0372353431906611
868,"s(HC_post_z)",0.0584405381747288,0.000608978278579459,0.159521878125141,0.0469808579409633
869,"s(HC_post_z)",0.0549825267140864,0.000615109413324845,0.162238143874033,0.0478017815355171
870,"s(HC_post_z)",0.0325423957715198,0.000357157005752998,0.120184214654305,0.0354144896909223
871,"s(HC_post_z)",0.0589726165348416,0.000543965040406311,0.159443407703387,0.0464709236027338
872,"s(HC_post_z)",0.0518374622739337,0.000566672999305758,0.152497742168538,0.0449403706025093
873,"s(HC_post_z)",0.0230345019171754,0.000251341928286468,0.103510046428992,0.0304895741360664
874,"s(HC_post_z)",0.0782935242825236,0.000657608036403474,0.180521864582307,0.0537044265447813
875,"s(HC_post_z)",0.0467497206904763,0.000491151917935007,0.142413082159162,0.0419411293294687
876,"s(HC_post_z)",0.106325948927017,0.000784987383725196,0.257459377512028,0.0712505602056062
877,"s(HC_post_z)",0.0796621958977823,0.000882575285940532,0.193017751995552,0.0569080236345951
878,"s(HC_post_z)",0.0923079397114837,0.00100981919340643,0.204904312510384,0.0603605401729181
879,"s(HC_post_z)",0.0500386309624847,0.000382022077701071,0.163981507405442,0.0469784429055129
880,"s(HC_post_z)",0.0398850442236949,0.000408347196461011,0.130780082416664,0.0385527331291166
881,"s(HC_post_z)",0.0919681950984277,0.000673165507717113,0.252600945750372,0.0672252234673703
882,"s(HC_post_z)",0.0856871412979192,0.000805484993363001,0.105591383484753,0.0412347246131133
883,"s(HC_post_z)",0.0319165729449811,0.000349994613691727,0.119671973864986,0.0352512564901269
884,"s(HC_post_z)",0.0930221858776665,0.000768308333745103,0.260744659012311,0.0706484446964054
885,"s(HC_post_z)",0.0580592713131232,0.000660790918915165,0.165049104808209,0.0486138764678855
886,"s(HC_post_z)",0.0757322191308525,0.000780686528075934,0.178470097141238,0.0527702493063567
887,"s(HC_post_z)",0.0693520035141564,0.000760329081884972,0.176699107299405,0.0520489026023809
888,"s(HC_post_z)",0.0502614119714728,0.000371223284982925,0.187523376667524,0.0523205605609743
889,"s(HC_post_z)",0.0751955032444425,0.000849007854374529,0.186430773868392,0.054940774266742
890,"s(HC_post_z)",0.118156483134877,0.00129938281873344,0.23036863358219,0.0678621738525378
891,"s(HC_post_z)",0.0516008326384263,0.000511787832846668,0.151053063904352,0.0441365981203231
892,"s(HC_post_z)",0.0470703089326268,0.000498950935813433,0.143058789899605,0.0421667660840475
893,"s(HC_post_z)",0.0462450026767378,0.000486520979121547,0.142168317669249,0.0418803049535712
894,"s(HC_post_z)",0.0486561913272983,0.000545346074178411,0.150148973282892,0.0442248938136353
895,"s(HC_post_z)",0.0470777555662441,0.000519271430388808,0.146573252837574,0.0432209940069788
896,"s(HC_post_z)",0.0965648173696589,0.000736704787434277,0.253640827036248,0.0698893428441564
897,"s(HC_post_z)",0.0820785711586058,0.000885431894040224,0.193936443789721,0.0571546280005153
898,"s(HC_post_z)",0.0418555070674671,0.000438752453940942,0.13510029414739,0.0397941281121676
899,"s(HC_post_z)",0.012177877434409,0.000124403777800896,0.0716089187136092,0.0211033311622332
900,"s(HC_post_z)",0.0224924765520296,0.000234618396036745,0.0987784245461298,0.0292072375902088
901,"s(HC_post_z)",0.0718662271055504,0.000509939937646559,0.215034339980263,0.0586261024714364
902,"s(HC_post_z)",0.114084630289385,0.00126331571068508,0.22718983507157,0.0669601567207625
903,"s(HC_post_z)",0.0422565212520922,0.0004740479078739,0.140132646005278,0.0412700076247175
904,"s(HC_post_z)",0.0568185759609214,0.000629934684136373,0.163818379792192,0.0482674636451067
905,"s(HC_post_z)",0.0244213523810757,0.000276499129064274,0.10892656200289,0.0321168136235988
906,"s(HC_post_z)",0.0432324659301617,0.000463231182263158,0.137611301112651,0.0405414897636676
907,"s(HC_post_z)",0.0821066025333561,0.000679372312497518,0.196132930074804,0.0572197779215362
908,"s(HC_post_z)",0.0134813544119456,0.00013865470660043,0.0768746567188547,0.0226434871867445
909,"s(HC_post_z)",0.0814840650907218,0.000927208231780012,0.197243110202757,0.0581010034499505
910,"s(HC_post_z)",0.108733991896916,0.00116952749160361,0.217627226360191,0.0641111215620084
911,"s(HC_post_z)",0.041317081820802,0.000441327795949316,0.134847442073038,0.0397220538875247
912,"s(HC_post_z)",0.0746116011728475,0.000582957182979094,0.132201078488304,0.0391778841268251
913,"s(HC_post_z)",0.0203332311731685,0.000200071126557679,0.0923748444956131,0.0272091493278842
914,"s(HC_post_z)",0.0620305811923156,0.00065728631139333,0.164733267253491,0.0485392230526142
915,"s(HC_post_z)",0.0549267949663381,0.00059151766462742,0.156291306473033,0.0460667868495135
916,"s(HC_post_z)",0.0265878105400645,0.000283483636420445,0.108767841496844,0.0320703512568607
917,"s(HC_post_z)",0.0440614115673554,0.000444373213216176,0.135560938928103,0.0399498116955278
918,"s(HC_post_z)",0.0594295135162302,0.00064732777146168,0.164917489024729,0.0486068483594283
919,"s(HC_post_z)",0.102947127389053,0.00115934322690527,0.221397577641678,0.0652463643484466
920,"s(HC_post_z)",0.06837170354191,0.000764747352752676,0.17962482168167,0.052910433315655
921,"s(HC_post_z)",0.0193726111453643,0.0002222988617867,0.0955132048665792,0.0281314090360629
922,"s(HC_post_z)",0.0843749167261922,0.000631872737079875,0.21258546122776,0.0601148656450356
923,"s(HC_post_z)",0.0538834996010937,0.00040951575355292,0.151960841397387,0.0445221953157084
924,"s(HC_post_z)",0.0280493277666007,0.000272456678613737,0.105468622919497,0.0310567980930125
925,"s(HC_post_z)",0.0283068123984922,0.000209592215808292,0.112489949245277,0.0329933774798228
926,"s(HC_post_z)",0.0718692665962646,0.000616185643809576,0.282746202822396,0.0719312024063715
927,"s(HC_post_z)",0.0137820327279314,0.000154514548416126,0.08142686962265,0.0239845172059936
928,"s(HC_post_z)",0.0589872306967152,0.000450317055789872,0.16796368892865,0.0484317736093833
929,"s(HC_post_z)",0.0589287552098288,0.00050608902475924,0.171645158951716,0.0494091734022288
930,"s(HC_post_z)",0.082654699457791,0.000827748998929169,0.194607618975261,0.0573686375751999
931,"s(HC_post_z)",0.0594992763671058,0.000643241333686471,0.16608507121124,0.0489170173596088
932,"s(HC_post_z)",0.0730729290605758,0.000667576391819957,0.143328020707761,0.0474628934766741
933,"s(HC_post_z)",0.0663011764510362,0.000711158521548921,0.176498252494681,0.0520086889960078
934,"s(HC_post_z)",0.0373349200225253,0.000392978446773978,0.129736469503807,0.0382197869448854
935,"s(HC_post_z)",0.0700781682274325,0.000783263559469034,0.184423752463423,0.0543268849180976
936,"s(HC_post_z)",0.0464772179060677,0.000481087341035892,0.140485383424299,0.0414121371757634
937,"s(HC_post_z)",0.0552255531945871,0.000465945420108158,0.158364484719456,0.0459610353880404
938,"s(HC_post_z)",0.0767529421663067,0.000631926747109315,0.186421606939977,0.0544132970556316
939,"s(HC_post_z)",0.0631319089627613,0.000507688739410654,0.171095072369288,0.0501702727993297
940,"s(HC_post_z)",0.0312711744795386,0.000319986566743042,0.114344926763939,0.0337016602449489
941,"s(HC_post_z)",0.126274628507563,0.00136158137565291,0.237730051781078,0.0700320113933055
942,"s(HC_post_z)",0.0464451000837229,0.000499449730423561,0.145647232587524,0.0428937168974464
943,"s(HC_post_z)",0.0880358911099925,0.000745200211347239,0.190728654987314,0.0571553416190222
944,"s(HC_post_z)",0.0923355239015269,0.000740689867307789,0.200011876353841,0.0595466900282211
945,"s(HC_post_z)",0.0768192280084197,0.000885945070557492,0.190839706101544,0.0562184987900882
946,"s(HC_post_z)",0.0502602416210411,0.000525421347468168,0.147481405905446,0.0434363364734667
947,"s(HC_post_z)",0.0615383323255863,0.000709532238703356,0.171898381619969,0.050648259947447
948,"s(HC_post_z)",0.0793725997302097,0.000861539618277076,0.191274425907787,0.0563672964483396
949,"s(HC_post_z)",0.0533775880462759,0.000595303807431035,0.159601569574447,0.0470076690897546
950,"s(HC_post_z)",0.0269181281189379,0.000261461787957455,0.106996819534778,0.0316244942539293
951,"s(HC_post_z)",0.0429461208842792,0.00039252414792508,0.139195919408987,0.0408805464280267
952,"s(HC_post_z)",0.0875708807053091,0.000959608687268023,0.201240320584533,0.059290049074315
953,"s(HC_post_z)",0.0627809692645567,0.000684316907233382,0.169349708904058,0.0498801409728931
954,"s(HC_post_z)",0.0638681462010879,0.00058301808022229,0.168258056816167,0.0496635981364948
955,"s(HC_post_z)",0.0653529636833561,0.000698044876712317,0.174128560385694,0.0507919105327788
956,"s(HC_post_z)",0.100450061794147,0.000828254388046466,0.330289683168274,0.0877704468205323
957,"s(HC_post_z)",0.101546138587965,0.000809409960009206,0.217352610430991,0.0634730829670858
958,"s(HC_post_z)",0.0305878092091554,0.000336946697033892,0.12040892338916,0.0354649812010106
959,"s(HC_post_z)",0.071591379093535,0.000512787113698865,0.218691615897412,0.0591800820990467
960,"s(HC_post_z)",0.0558336229666949,0.000425998760100848,0.151694508658336,0.044533696890228
961,"s(HC_post_z)",0.0639464786224124,0.000448672545177566,0.201411189319243,0.0553572317921949
962,"s(HC_post_z)",0.0808953525857881,0.000667677735105977,0.199692951262815,0.0585337477249374
963,"s(HC_post_z)",0.0509585422345982,0.000560110411927666,0.151376561475593,0.0445851817558383
964,"s(HC_post_z)",0.070872084982474,0.000502171367047638,0.186355798685067,0.0528245221929569
965,"s(HC_post_z)",0.0571571616434063,0.000620888973571957,0.162137168274644,0.0477511473980366
966,"s(HC_post_z)",0.0742798855862219,0.000674535611499775,0.190539644607974,0.0550970440544825
967,"s(HC_post_z)",0.0954861583254036,0.00102404618342141,0.206397368265642,0.0607976574408053
968,"s(HC_post_z)",0.0486681312797703,0.000521891080465603,0.148114395662737,0.0436365386776179
969,"s(HC_post_z)",0.0341222898175513,0.00036825645283719,0.124026077418027,0.0365314367607015
970,"s(HC_post_z)",0.032262974822924,0.000388808595142961,0.128618517245868,0.0378978554865594
971,"s(HC_post_z)",0.0451020566690516,0.000373776140627065,0.135211620228767,0.0417586366659372
972,"s(HC_post_z)",0.0678454323160942,0.000734527190838706,0.171411693607448,0.0504964760506421
973,"s(HC_post_z)",0.0717253734776886,0.000579228104490686,0.311032401449162,0.0757529212768398
974,"s(HC_post_z)",0.105488461616885,0.000921016278284424,0.354729726489059,0.091008333102643
975,"s(HC_post_z)",0.0607669102750457,0.000468805974513755,0.132121549600982,0.0421450636111869
976,"s(HC_post_z)",0.0867907606936971,0.000930329804610894,0.197229799414788,0.0581232021818587
977,"s(HC_post_z)",0.0860005214259481,0.000998884283127956,0.204300242374766,0.0601998000266217
978,"s(HC_post_z)",0.0680746715858653,0.000762837093830815,0.1770206981379,0.05215562071222
979,"s(HC_post_z)",0.0515163519336195,0.000589192762048388,0.159737155848098,0.0470626223328633
980,"s(HC_post_z)",0.0556394815330865,0.000627117178981488,0.159383351876636,0.0469626374210424
981,"s(HC_post_z)",0.0174510933021299,0.000181911898168816,0.0868814749300077,0.0255890546717298
982,"s(HC_post_z)",0.0631359536460039,0.000677377037585559,0.169319001916168,0.0498692877119867
983,"s(HC_post_z)",0.0835429344716943,0.000894963017681477,0.192495768762574,0.0567080552382796
984,"s(HC_post_z)",0.0592517927411524,0.00064377130355383,0.162939106136653,0.0479991586373938
985,"s(HC_post_z)",0.0428766209385092,0.000478808734000475,0.138896148919671,0.0409589093756058
986,"s(HC_post_z)",0.0805592022147845,0.000898749143148872,0.192269989801571,0.0566583128537868
987,"s(HC_post_z)",0.0418423666755103,0.00046139324885632,0.138307736697572,0.0407725321946371
988,"s(HC_post_z)",0.033224191974714,0.000370154726671735,0.122535276971891,0.0360922350520299
989,"s(HC_post_z)",0.111755184677731,0.000949313161997013,0.283812154520006,0.0779399260518571
990,"s(HC_post_z)",0.0211564597640219,0.000212553386300974,0.0938130576429252,0.0276399972459394
991,"s(HC_post_z)",0.0865594621002437,0.000937343815565692,0.195481734524141,0.0576138199034658
992,"s(HC_post_z)",0.0139367143552338,0.000125048547237447,0.0807094771515505,0.023432813688041
993,"s(HC_post_z)",0.0391982642600279,0.000431062696022007,0.136019139807889,0.0401252559305532
994,"s(HC_post_z)",0.0806400253913857,0.00088589662062593,0.193321035030268,0.056954523017412
995,"s(HC_post_z)",0.0791922185501601,0.000733255003273639,0.187283825770576,0.0554271909556979
996,"s(HC_post_z)",0.0542065858257796,0.000598819948929489,0.158929431998604,0.0468158453201563
997,"s(HC_post_z)",0.10338823903194,0.000905541320025269,0.337331910397519,0.0849570411293338
998,"s(HC_post_z)",0.0651212621044301,0.000727793577400836,0.174952749269005,0.0515273412102622
999,"s(HC_post_z)",0.0729467872802694,0.000787561620523193,0.183973842026614,0.0542076544611093
1000,"s(HC_post_z)",0.0584815601913071,0.0006372926302938,0.163333633569717,0.0481521682203966
1,"s(V1_pre_z)",9.38489274181557,0.0869335421785684,1.96374578967906,0.602242338722587
2,"s(V1_pre_z)",9.31558125032757,0.0853387963605209,1.85038051446713,0.583549719558521
3,"s(V1_pre_z)",9.1356673010195,0.0835322275165317,1.88042944540367,0.582468083552184
4,"s(V1_pre_z)",10.3117180595106,0.0853344680689992,2.24263148029715,0.66064279324066
5,"s(V1_pre_z)",9.79597042917307,0.0837690630185541,2.22674970093229,0.652423852279632
6,"s(V1_pre_z)",9.87989088013502,0.0833389011463387,2.14042580043184,0.636244484597706
7,"s(V1_pre_z)",9.94145365831646,0.0953067460094085,1.74058550112181,0.57759895680332
8,"s(V1_pre_z)",10.253479802634,0.0902808037251274,2.16060794910833,0.650410665440997
9,"s(V1_pre_z)",10.0070721655287,0.088507555761075,2.01023027383128,0.616203577204923
10,"s(V1_pre_z)",9.27031712013076,0.0825066121417076,2.00637977257891,0.609708798797819
11,"s(V1_pre_z)",10.351849371208,0.0892139538972076,2.20300421398314,0.660079404320607
12,"s(V1_pre_z)",9.40130084906404,0.0820509092660329,2.09516284159929,0.626162179761809
13,"s(V1_pre_z)",9.53042309696468,0.0832123976993995,2.11371875832574,0.635253704585852
14,"s(V1_pre_z)",10.0041826142236,0.0856368021414904,2.16431907785787,0.645331853258661
15,"s(V1_pre_z)",10.4666076532803,0.0964981694455628,2.0155318466517,0.625594048197999
16,"s(V1_pre_z)",9.33109056909616,0.0830810438777459,2.03690842308611,0.61687866480075
17,"s(V1_pre_z)",9.85112016477422,0.0832710540367439,2.14134065225118,0.635938024324995
18,"s(V1_pre_z)",9.68020202737072,0.084436323219531,2.05785722207186,0.624174420387653
19,"s(V1_pre_z)",9.93043919556886,0.0838211387759793,2.24666986576287,0.660999179589445
20,"s(V1_pre_z)",9.84765677626669,0.0890408440535387,2.03671909565323,0.622888796323068
21,"s(V1_pre_z)",9.71976177750656,0.0982433289730826,2.19532711392652,0.646554555415082
22,"s(V1_pre_z)",9.69927697487432,0.0885420544062072,1.94060059359053,0.605298909971479
23,"s(V1_pre_z)",9.59783723002044,0.0852606260644698,1.99586940589971,0.610748489178243
24,"s(V1_pre_z)",9.6396678072913,0.0881752405109574,1.9109453712623,0.599618408797221
25,"s(V1_pre_z)",9.60308934801678,0.0833419709052645,2.06625324955555,0.624210290624418
26,"s(V1_pre_z)",9.90140500594214,0.0851619905928643,2.14864651558357,0.641859085442648
27,"s(V1_pre_z)",9.70947110433046,0.0857384142268651,2.01861092276235,0.615627884674808
28,"s(V1_pre_z)",10.661649049461,0.0959078436009438,2.28653611468877,0.673180790659212
29,"s(V1_pre_z)",10.0078063402072,0.0869019497909718,2.15153477993701,0.643101783377372
30,"s(V1_pre_z)",9.28468383922362,0.0843329993899703,1.87986251365631,0.586464509980032
31,"s(V1_pre_z)",10.2091611372751,0.0893032897783002,2.15534265779721,0.648138181260396
32,"s(V1_pre_z)",9.09364743890046,0.0800501762690381,1.94292087280227,0.592772720861882
33,"s(V1_pre_z)",9.70820458383108,0.0927170101539453,1.85665166976005,0.589335480446215
34,"s(V1_pre_z)",10.1002291128824,0.0863151774106171,2.19977734335325,0.652281551079756
35,"s(V1_pre_z)",9.01279065897753,0.0834308870904956,1.79375719435606,0.569401443851019
36,"s(V1_pre_z)",10.1558675617589,0.0864327493621224,2.20893762432838,0.653216819514533
37,"s(V1_pre_z)",10.1107104789165,0.0874751156522931,2.21315840725479,0.656774905305117
38,"s(V1_pre_z)",9.51553941806466,0.0822297446561703,2.0783116544403,0.627003020892988
39,"s(V1_pre_z)",9.65479456522035,0.0853840609902328,2.00446177721368,0.612366916325062
40,"s(V1_pre_z)",9.24217652684728,0.0798335392846,2.09177423779619,0.623778043852856
41,"s(V1_pre_z)",10.1088991279945,0.0861617371816793,2.16702246766684,0.646688502543751
42,"s(V1_pre_z)",9.62039852258438,0.0839375265469484,2.06006988175335,0.623469660007947
43,"s(V1_pre_z)",9.80300620065429,0.0842238243694763,2.07275619264494,0.625582106141291
44,"s(V1_pre_z)",10.0493668303063,0.0864052502576913,2.1498429151982,0.644037826664843
45,"s(V1_pre_z)",9.24576327113993,0.0783284059815881,2.09091122095075,0.622455518314708
46,"s(V1_pre_z)",9.98527364563404,0.0914844619627018,1.96694343459707,0.61244573012317
47,"s(V1_pre_z)",9.84564108109349,0.0911793876272086,1.92413309890488,0.603167283816261
48,"s(V1_pre_z)",10.1524313476223,0.0841921797970237,2.19707524784436,0.648540323370944
49,"s(V1_pre_z)",9.74372788582042,0.0879503251159625,1.94538696251014,0.602650593346621
50,"s(V1_pre_z)",9.26952702043315,0.0785508724366996,2.06078606756008,0.616179054968781
51,"s(V1_pre_z)",9.63905284057778,0.0823663719127312,2.08071124151437,0.62377765362618
52,"s(V1_pre_z)",10.1110700260963,0.088666541981973,2.1407022132591,0.642866008854092
53,"s(V1_pre_z)",9.71241443233585,0.0854635352445759,2.06802216709179,0.626462826712035
54,"s(V1_pre_z)",10.0737095328495,0.0897117671999243,2.05702944517759,0.62448880256929
55,"s(V1_pre_z)",8.88991133197421,0.0739794296227245,2.08381517641415,0.616123494595367
56,"s(V1_pre_z)",9.91072218404235,0.0882447944162594,2.09882057102224,0.633853575747092
57,"s(V1_pre_z)",9.46635202773701,0.0829111106580214,2.04111087190086,0.620237922774803
58,"s(V1_pre_z)",9.54407742885058,0.080770215545227,2.11928000762532,0.628221453588135
59,"s(V1_pre_z)",9.44109349377711,0.0829996448898642,2.05360290089672,0.620395587842765
60,"s(V1_pre_z)",9.21442521778745,0.0827990363062316,1.92257275629427,0.596056815502044
61,"s(V1_pre_z)",9.97582870391631,0.0856941023880877,2.10000385417193,0.632196553243765
62,"s(V1_pre_z)",10.1038167082615,0.090069003389197,2.23692580585535,0.663546225079646
63,"s(V1_pre_z)",9.73825893348308,0.089227893875312,1.98994596882501,0.616811230751541
64,"s(V1_pre_z)",9.99058525136362,0.0862198470387205,2.14335806581505,0.642908479765908
65,"s(V1_pre_z)",9.36759192903012,0.0841986639056523,1.93497094204517,0.598460179319343
66,"s(V1_pre_z)",9.51222454881163,0.0836086381629666,2.00598347522191,0.60834421201743
67,"s(V1_pre_z)",9.72670220770824,0.0868821888446883,2.03806193410308,0.619965967792308
68,"s(V1_pre_z)",9.26745263070138,0.0783116366948676,2.10535437848708,0.626590495498229
69,"s(V1_pre_z)",9.44112412147164,0.0833564257669354,2.04402347101415,0.616785332448364
70,"s(V1_pre_z)",9.91640409121585,0.0887735192747107,2.03652192343914,0.621280292288457
71,"s(V1_pre_z)",9.65512516460268,0.0815614673273755,2.13157298453578,0.633298352530302
72,"s(V1_pre_z)",9.14772092625181,0.0857813027150757,1.80431974678355,0.570168619524247
73,"s(V1_pre_z)",9.41978715726581,0.0829983354329095,2.14920434865815,0.638482076977162
74,"s(V1_pre_z)",10.0679534754628,0.0983453194148982,2.25788249739312,0.66568951713087
75,"s(V1_pre_z)",10.155959200575,0.0876624612996649,2.14825693233351,0.645215222155873
76,"s(V1_pre_z)",9.43868770669804,0.0812015540239255,2.12804163745298,0.631573127416519
77,"s(V1_pre_z)",9.88242512057641,0.0857542836719164,2.19786333986178,0.649954336074515
78,"s(V1_pre_z)",9.47536859235429,0.0802957122095002,2.08011256458019,0.622379153594317
79,"s(V1_pre_z)",9.28485955388266,0.0790965174363018,2.09194706037019,0.62262340817992
80,"s(V1_pre_z)",10.1944399384141,0.0925711834104479,2.04964616155452,0.628610207217511
81,"s(V1_pre_z)",10.7455581346135,0.0898154251017038,2.30077943515992,0.679967953989495
82,"s(V1_pre_z)",9.77775684465184,0.0901325351566871,1.94000059652241,0.606845495207064
83,"s(V1_pre_z)",9.45022416691134,0.0854159804025577,1.95233437676716,0.601567049494497
84,"s(V1_pre_z)",10.2441631800339,0.088884751466699,2.21672286157108,0.657189558173762
85,"s(V1_pre_z)",9.7009144355292,0.0846466450979962,2.16407246105453,0.645096408456759
86,"s(V1_pre_z)",10.0890783079757,0.0865083290153625,2.09812301129601,0.630773738369916
87,"s(V1_pre_z)",9.31733832575864,0.083782235352364,1.91161623205456,0.591137660305668
88,"s(V1_pre_z)",9.66562255772186,0.0887925281049427,1.8871059229433,0.594174075010442
89,"s(V1_pre_z)",9.85933208496365,0.0920662802259755,1.84267799741585,0.590659219970862
90,"s(V1_pre_z)",9.72152175282821,0.0899956141555665,2.05962521911233,0.624377676627824
91,"s(V1_pre_z)",9.6616770686251,0.0819619074106357,2.13684498482343,0.636268640019037
92,"s(V1_pre_z)",9.68184648361057,0.0869264251173728,2.09570842379921,0.628521158032276
93,"s(V1_pre_z)",10.1467141319183,0.0898813936554554,2.12535336655222,0.645171160352031
94,"s(V1_pre_z)",9.45068051642745,0.0955123654761415,2.13940443607602,0.630085671931095
95,"s(V1_pre_z)",9.95872854864929,0.0843377674546156,2.16568355864543,0.644116289716192
96,"s(V1_pre_z)",9.89796669853114,0.0819594629361667,2.20266336875487,0.649377112754613
97,"s(V1_pre_z)",9.89184083578428,0.0906306323706336,1.91381535532371,0.600154698178386
98,"s(V1_pre_z)",9.9011907825973,0.0917011741011186,1.92006293893386,0.603430908962384
99,"s(V1_pre_z)",9.81222822468725,0.0850486253127057,2.22332118575161,0.653739987007938
100,"s(V1_pre_z)",9.33752934313869,0.0850682998089816,1.88121955266476,0.589081459146872
101,"s(V1_pre_z)",8.98239689604828,0.0762554901321148,2.04780687750005,0.611271806413892
102,"s(V1_pre_z)",9.63439246560341,0.0801511093396216,2.16251415859003,0.638674156317872
103,"s(V1_pre_z)",9.84523513839001,0.0841624775949312,2.15265056514675,0.64287136936119
104,"s(V1_pre_z)",9.56580910019505,0.0810794541599911,2.15368637022365,0.636255497741676
105,"s(V1_pre_z)",9.79041448248796,0.0887533318876785,2.15768012747345,0.639932106971677
106,"s(V1_pre_z)",9.67032054823084,0.0873706287453574,1.9943686944582,0.616836894110041
107,"s(V1_pre_z)",9.62380285319612,0.0821536071708791,2.14752798448751,0.636759321762007
108,"s(V1_pre_z)",9.61721370793446,0.0832297316116229,2.0852226719217,0.626057164608803
109,"s(V1_pre_z)",9.30196256654442,0.0815518907707035,2.0156450701204,0.610778650022703
110,"s(V1_pre_z)",10.0701109872314,0.0880702279773981,2.06392038993742,0.627013525023602
111,"s(V1_pre_z)",10.0499094880211,0.0919799777410986,2.03720608733444,0.626111055251198
112,"s(V1_pre_z)",9.40426653433843,0.0788883153524536,2.17570335499865,0.639567750022014
113,"s(V1_pre_z)",10.0369896605246,0.101729500328876,2.22569716074881,0.655488129101446
114,"s(V1_pre_z)",9.78352607950579,0.0991920584439429,2.20456587945107,0.649282377882884
115,"s(V1_pre_z)",9.62572952219054,0.080663437867355,2.16957891345315,0.642654307036247
116,"s(V1_pre_z)",9.78546780881964,0.0822005941242942,2.14104898785702,0.635405244893639
117,"s(V1_pre_z)",9.75158316249612,0.0828579260339805,2.11904824304892,0.632299642622124
118,"s(V1_pre_z)",8.97435704859542,0.0810369723406364,1.8701366170154,0.579591662907024
119,"s(V1_pre_z)",9.47016395573773,0.0959785185177564,2.17407922978412,0.640297567506732
120,"s(V1_pre_z)",10.0312547739894,0.084886662409322,2.18073230267709,0.649062019750133
121,"s(V1_pre_z)",10.3982672302563,0.0874048362536892,2.28119804839503,0.672492551678392
122,"s(V1_pre_z)",9.37001095898378,0.0791539663025245,2.10668551348373,0.622608422719499
123,"s(V1_pre_z)",9.10500064122359,0.0818642834028256,1.90329813159665,0.588898540938012
124,"s(V1_pre_z)",9.77893462775254,0.0856702483593964,2.23406372875295,0.654016841455084
125,"s(V1_pre_z)",9.46503728285046,0.0822934297427312,2.0180364421012,0.612684008273963
126,"s(V1_pre_z)",9.66212861582114,0.0911088651163674,1.85609856841377,0.590546149809865
127,"s(V1_pre_z)",9.23017136053656,0.083451281204072,1.94439041184808,0.600409332813746
128,"s(V1_pre_z)",9.59715613701471,0.082615723866923,2.07329781326401,0.620701886235012
129,"s(V1_pre_z)",9.03258558433549,0.0799558628958206,1.99869395879375,0.608297519258727
130,"s(V1_pre_z)",9.65339581668933,0.0877577843621406,1.91282819006648,0.596384558597653
131,"s(V1_pre_z)",9.57701105833417,0.0823911894023233,2.15660084589211,0.634511850812031
132,"s(V1_pre_z)",9.30939999350867,0.0801970477298417,2.08185681096492,0.619918533647508
133,"s(V1_pre_z)",9.19673897432602,0.0862060624448258,1.7978636809979,0.576585890423148
134,"s(V1_pre_z)",9.96953264272473,0.100928543135256,2.21394845501643,0.652057760911961
135,"s(V1_pre_z)",10.1371015896505,0.0880473984422406,2.12917849701141,0.641099784865576
136,"s(V1_pre_z)",9.75126687563469,0.083803292092111,2.0593573465186,0.622437447377085
137,"s(V1_pre_z)",10.0894393372903,0.0753686425505854,2.22914101876094,0.657853896240955
138,"s(V1_pre_z)",9.42218138939693,0.0809076776016512,2.11807508117257,0.630720864171723
139,"s(V1_pre_z)",10.304701647446,0.0904557738815704,2.26526866134688,0.667563350189092
140,"s(V1_pre_z)",9.72642931164972,0.0836458703845613,2.15166789351349,0.640601743694436
141,"s(V1_pre_z)",9.93580952882246,0.0850151988539955,2.19057049486829,0.650478019428299
142,"s(V1_pre_z)",9.19745784731923,0.0781464073551337,2.05953364532153,0.615033537644646
143,"s(V1_pre_z)",9.89968452720511,0.0881432873854517,2.03354472181289,0.621577033074655
144,"s(V1_pre_z)",9.7463523322406,0.0896256611920322,1.96331348396623,0.611728969659096
145,"s(V1_pre_z)",9.53294432465059,0.079295140100541,2.17323016880141,0.64059175610199
146,"s(V1_pre_z)",9.75684435377001,0.0844249955365972,2.16336385487106,0.64223433357064
147,"s(V1_pre_z)",9.32085262416977,0.0867584335419648,1.86034435388009,0.585190684414221
148,"s(V1_pre_z)",9.68825549972758,0.082375138417384,2.08503743014739,0.625256912433375
149,"s(V1_pre_z)",9.94125253319872,0.0842107860856693,2.16834617766737,0.641272183245351
150,"s(V1_pre_z)",9.16130749776602,0.0762074010510523,2.11928570359316,0.625186415039806
151,"s(V1_pre_z)",8.99144647571429,0.0815926871814626,1.85898863841452,0.57965590314386
152,"s(V1_pre_z)",9.36318169355431,0.0791058508532833,2.11990144503189,0.630149091676062
153,"s(V1_pre_z)",9.82122433272643,0.0893348444027315,1.9865891691252,0.616471901325415
154,"s(V1_pre_z)",10.6948951443681,0.0948618052004146,2.21405190748239,0.66193287840275
155,"s(V1_pre_z)",9.40039949240268,0.0841859363195371,2.00203827771204,0.611141069554646
156,"s(V1_pre_z)",9.97244202398841,0.0919820517207944,2.21518177313552,0.652684333534065
157,"s(V1_pre_z)",10.3120709274387,0.0919685182488375,2.07162975474292,0.629491698592795
158,"s(V1_pre_z)",9.79624055418015,0.0829520613083922,2.1326935011219,0.632526713407332
159,"s(V1_pre_z)",9.69367474467012,0.084169171776105,2.24691382444423,0.654730001438572
160,"s(V1_pre_z)",10.2987475270634,0.0866277252305718,2.24759224807423,0.660824697009608
161,"s(V1_pre_z)",9.24517898892987,0.0815436303161398,1.97024449756105,0.604747225718087
162,"s(V1_pre_z)",9.53200013120203,0.0842799097321992,2.00023040749178,0.608982656071583
163,"s(V1_pre_z)",9.95987018719774,0.0905321548819355,2.00184885428711,0.61615899285641
164,"s(V1_pre_z)",9.43487689444616,0.0846123546251087,1.94455433835434,0.601620694226428
165,"s(V1_pre_z)",10.0934477681438,0.0876854635136574,2.09343358796225,0.634569161528539
166,"s(V1_pre_z)",8.95587180360246,0.0775620040390591,2.0576752385293,0.614169062951906
167,"s(V1_pre_z)",9.26502343318903,0.0805214701410479,2.00580441997164,0.608029515081629
168,"s(V1_pre_z)",9.64701809110084,0.0842359248717038,2.04700233784399,0.620251558062339
169,"s(V1_pre_z)",9.55306308562539,0.0858773280288536,2.00221745330954,0.610857735771013
170,"s(V1_pre_z)",9.80117051857836,0.0846388475137705,2.15360821759681,0.636786715997074
171,"s(V1_pre_z)",10.000549334268,0.0912933342279864,1.97197993078692,0.61182435383472
172,"s(V1_pre_z)",9.71815671182033,0.0831556553854968,2.08622874613111,0.627207842191377
173,"s(V1_pre_z)",9.50712612202809,0.0877884854055108,1.89915066164411,0.596975799507231
174,"s(V1_pre_z)",9.77104631794649,0.0834294617979275,2.14025745059085,0.634795936031619
175,"s(V1_pre_z)",10.3405151520551,0.0872052358574994,2.21929312758903,0.657074253650641
176,"s(V1_pre_z)",9.76771955965152,0.0826377491306119,2.20304126827054,0.649487961314287
177,"s(V1_pre_z)",9.90091907214123,0.100302175393521,2.19216799515746,0.645612463100236
178,"s(V1_pre_z)",10.0836940858093,0.0888241316335092,2.09987825861904,0.633566279093097
179,"s(V1_pre_z)",9.80720828795747,0.0880367365795318,1.98561272782655,0.611806956994488
180,"s(V1_pre_z)",9.7771456194139,0.0826737009580442,2.16091054009302,0.643233223997263
181,"s(V1_pre_z)",10.41000949629,0.0899375170224667,2.14801920641771,0.64770996684253
182,"s(V1_pre_z)",9.83830868632458,0.0876124163889516,2.0110084900525,0.617979529416912
183,"s(V1_pre_z)",9.42641339735401,0.0800619606720974,2.06694011754068,0.618079423518592
184,"s(V1_pre_z)",10.0788986849308,0.088176925885391,2.17157223920058,0.645723970841706
185,"s(V1_pre_z)",9.35965583794212,0.084427524528945,1.96678171874197,0.605034661270924
186,"s(V1_pre_z)",9.43403887599697,0.0822830470560497,2.04540866288128,0.619361757839286
187,"s(V1_pre_z)",10.3177491243272,0.0890848336936939,2.15258090628642,0.644909365061516
188,"s(V1_pre_z)",9.34736149752453,0.0857284095645815,1.86509583906842,0.584043623894534
189,"s(V1_pre_z)",9.46897181115879,0.0819274884997831,2.06119386354441,0.620127201734435
190,"s(V1_pre_z)",9.58310120411348,0.0820824420274957,2.19372153465222,0.646273526582962
191,"s(V1_pre_z)",9.82932852292235,0.0905893007139296,1.9601407311988,0.61478995378416
192,"s(V1_pre_z)",9.8838209139805,0.0874225342921285,2.09129229853742,0.630770318426908
193,"s(V1_pre_z)",9.59808320004074,0.085625915891132,2.0462829488626,0.621627169765097
194,"s(V1_pre_z)",9.49157371296357,0.0894270621557094,1.84934274060592,0.583534696635273
195,"s(V1_pre_z)",10.131872226403,0.0899602302599093,2.19214248300935,0.651023878911946
196,"s(V1_pre_z)",10.5594470878315,0.0928333998794845,2.11810710781211,0.643246848968766
197,"s(V1_pre_z)",10.3177666250304,0.104633119882917,2.27228223902756,0.669206656114568
198,"s(V1_pre_z)",9.63093683202643,0.0870311669120653,1.94028350111749,0.602973540125421
199,"s(V1_pre_z)",9.5394825329042,0.0851026133791266,1.96112166016984,0.60068252416256
200,"s(V1_pre_z)",9.37863000351112,0.0878203770566627,1.90094130783495,0.58915975918928
201,"s(V1_pre_z)",9.13263082631737,0.0839816393566514,1.78680266820038,0.567229131326167
202,"s(V1_pre_z)",8.87883435590692,0.0791910747396851,1.93591457888728,0.592896652630992
203,"s(V1_pre_z)",9.3015727772074,0.0785522791445586,2.08022972191496,0.619112469412937
204,"s(V1_pre_z)",9.14974743030777,0.0801549550279349,1.96704307970984,0.600528757238249
205,"s(V1_pre_z)",9.49490435493135,0.0848507056316252,1.95504336431316,0.603507176792669
206,"s(V1_pre_z)",9.83044610021956,0.0818552681474778,2.19179804497334,0.646119867818339
207,"s(V1_pre_z)",9.97565888935754,0.0847707866784054,2.19348520916673,0.6522654560194
208,"s(V1_pre_z)",9.60836916585527,0.0801684259156375,2.16534837958448,0.641269309288674
209,"s(V1_pre_z)",9.03179020452372,0.0843112889525819,1.9041389399246,0.588133252232902
210,"s(V1_pre_z)",9.6078526711527,0.0849769765397578,1.98973640845483,0.606957627026164
211,"s(V1_pre_z)",9.2392561142909,0.0843661957676517,1.8667417135145,0.585196451277067
212,"s(V1_pre_z)",9.54864306623172,0.0811143635820462,2.10601777327957,0.628630759917741
213,"s(V1_pre_z)",9.90250499562059,0.0870575598575312,2.13728799071958,0.641313220655593
214,"s(V1_pre_z)",9.60214575879354,0.0850443053717262,2.02373614949748,0.617295171589718
215,"s(V1_pre_z)",9.67799350477679,0.0819449701154113,2.15873703873543,0.641571796472312
216,"s(V1_pre_z)",9.91608594892447,0.0847599102804825,2.15016598184081,0.638058904882732
217,"s(V1_pre_z)",8.62922186626058,0.079899620083061,1.77221558698192,0.558200429976419
218,"s(V1_pre_z)",9.87579700965481,0.0887226411765925,2.01960574631319,0.619212735455579
219,"s(V1_pre_z)",9.49159850905177,0.080837848999336,2.10481192729935,0.627537688046294
220,"s(V1_pre_z)",9.2492405006501,0.0818789254307337,1.95868375357384,0.599151151591358
221,"s(V1_pre_z)",10.7100092450733,0.0924902845395706,2.20102037705903,0.661601491476356
222,"s(V1_pre_z)",9.83954971094229,0.084306040655865,2.10070700710627,0.63076541573826
223,"s(V1_pre_z)",9.6453149895613,0.0877244567498426,2.05684344929976,0.625139995254324
224,"s(V1_pre_z)",9.62426205951738,0.0806445994322736,2.18684949834396,0.643881316308052
225,"s(V1_pre_z)",9.33056019837676,0.0788626760094636,2.0944559484723,0.620673610159526
226,"s(V1_pre_z)",9.86019901482152,0.0839751657437176,2.23441194478754,0.656432110997314
227,"s(V1_pre_z)",9.49746462292709,0.0851017752941256,2.23667951587652,0.652792584376161
228,"s(V1_pre_z)",9.52441840065837,0.0837144938353111,2.04352362945008,0.618646401535087
229,"s(V1_pre_z)",10.4922761692239,0.0889241024302375,2.33862905609842,0.680783931210376
230,"s(V1_pre_z)",10.1605764595088,0.091228606078269,2.04202016878491,0.628893787548078
231,"s(V1_pre_z)",9.44492468501728,0.0845303072262449,2.03836816809758,0.617882075702739
232,"s(V1_pre_z)",9.23999868966545,0.085891753705645,2.01727148165346,0.612861660247577
233,"s(V1_pre_z)",9.7564919927891,0.0879447910857122,2.06228358859318,0.628207081861638
234,"s(V1_pre_z)",9.75060658120271,0.0848311971495511,2.05855713478836,0.622483563831073
235,"s(V1_pre_z)",9.1624854316907,0.0818769447215152,1.93047713181756,0.594564790830036
236,"s(V1_pre_z)",9.27221340958683,0.079911590292918,2.11577411334569,0.626443596575633
237,"s(V1_pre_z)",9.59949848022197,0.0831474388688449,2.09874791402355,0.629320071506111
238,"s(V1_pre_z)",9.71103317041518,0.0831572314298445,2.17178871132036,0.639457972910844
239,"s(V1_pre_z)",9.87673792715144,0.0882230643108839,2.16585552957435,0.644628646818988
240,"s(V1_pre_z)",9.54703418961679,0.0805788054315381,2.12439707020417,0.632289961871685
241,"s(V1_pre_z)",9.10345525375591,0.0808267989030312,1.96005780132886,0.5984428922051
242,"s(V1_pre_z)",9.22213378633552,0.0801012658032653,1.98112442105908,0.599798124730166
243,"s(V1_pre_z)",9.97093470278438,0.0841369202590824,2.20391537066191,0.651330429581478
244,"s(V1_pre_z)",9.41509740875697,0.081587504441073,2.02007026557517,0.609765511164831
245,"s(V1_pre_z)",9.64033541517449,0.0892921158022152,1.88737468792244,0.592221175553486
246,"s(V1_pre_z)",9.47909834000703,0.0800863322708282,2.1241867772083,0.628983957867001
247,"s(V1_pre_z)",9.64146076449686,0.0827633407085035,2.0819982161291,0.623919338284323
248,"s(V1_pre_z)",9.95157259225248,0.0872059477643054,2.08228703853958,0.627155866905844
249,"s(V1_pre_z)",9.60069449883802,0.088246196160363,1.90167368854158,0.596073390116257
250,"s(V1_pre_z)",10.1808197985325,0.0898452872410002,2.22434567940923,0.660208486278471
251,"s(V1_pre_z)",9.39191247172735,0.082405199821838,2.02795728266136,0.615516194595003
252,"s(V1_pre_z)",9.12842233008909,0.0817912622827157,1.95215209686895,0.600166459168232
253,"s(V1_pre_z)",10.1132607727586,0.0945486932988595,1.93309019686123,0.609955018083585
254,"s(V1_pre_z)",9.27381734298586,0.0785241479520252,2.12254335376382,0.626215780750076
255,"s(V1_pre_z)",9.64290736575437,0.0816600139182486,2.05913809635806,0.618249010926809
256,"s(V1_pre_z)",9.48056817073299,0.0828006501360126,2.03212954135526,0.61626066733469
257,"s(V1_pre_z)",9.37641078980018,0.0813093533990518,2.12124057891931,0.627929512838157
258,"s(V1_pre_z)",9.25499191281233,0.0800028842013414,2.06374866584257,0.61764855290635
259,"s(V1_pre_z)",9.39865188169895,0.0845995225861251,1.89519388381613,0.589404676062207
260,"s(V1_pre_z)",9.93162482938404,0.0838300869869818,2.22091829160558,0.655856314078048
261,"s(V1_pre_z)",9.14022081645135,0.0816566274578074,1.93615441511463,0.595733451964332
262,"s(V1_pre_z)",9.87120804849018,0.0876524049825705,1.99351572266225,0.612995289750163
263,"s(V1_pre_z)",9.84426677810924,0.0873069890078224,2.03193978218149,0.618620055084209
264,"s(V1_pre_z)",9.59848858401966,0.0863706449662957,1.98942799533488,0.61166813625154
265,"s(V1_pre_z)",9.63732214938803,0.0833464050502832,2.12899341364888,0.630608342164775
266,"s(V1_pre_z)",9.84463650237393,0.0898922911046661,1.99179916717584,0.617154921825197
267,"s(V1_pre_z)",9.88698626055833,0.0851684649439015,2.14917376362243,0.643507532748845
268,"s(V1_pre_z)",9.77758376942624,0.0841537313155384,2.07044565743027,0.623139491629848
269,"s(V1_pre_z)",9.78077432541852,0.0841266026909771,2.16719338934118,0.644989217854123
270,"s(V1_pre_z)",9.36174020844297,0.0832542892001157,1.95406856997346,0.601425310938768
271,"s(V1_pre_z)",10.1036327609176,0.0949203095012864,1.86244591567683,0.596685505174732
272,"s(V1_pre_z)",10.191466284682,0.0862728570204569,2.16676647230931,0.644803062378432
273,"s(V1_pre_z)",9.66196222913368,0.0805999164282971,2.15439118727581,0.636935127630721
274,"s(V1_pre_z)",9.24360948835174,0.0865495718476876,1.79667393504147,0.574433530495437
275,"s(V1_pre_z)",9.12524303017012,0.0827406329854758,1.90241907916154,0.589478978905916
276,"s(V1_pre_z)",9.58511942050691,0.084201524371188,2.05103307717786,0.620127523895026
277,"s(V1_pre_z)",9.39727186351068,0.0840234276167231,1.99975428470574,0.608705743962227
278,"s(V1_pre_z)",9.43308887176527,0.0833379224764157,2.04218412308064,0.6179661262131
279,"s(V1_pre_z)",10.2018870119431,0.0881732270760575,2.22240314796303,0.655376083109207
280,"s(V1_pre_z)",9.30142386647645,0.0832336981273766,1.90947831435857,0.58942624087142
281,"s(V1_pre_z)",9.89570675442596,0.0846556588374366,2.09581358742724,0.629485889959743
282,"s(V1_pre_z)",10.3775021879395,0.0914950810979329,2.1000720051434,0.639597966546208
283,"s(V1_pre_z)",10.2755285578402,0.0891403728838137,2.168849420265,0.649590703317863
284,"s(V1_pre_z)",9.81881512907552,0.0843333761270298,2.17376094315962,0.643222092625
285,"s(V1_pre_z)",10.0406150573124,0.0928585311181274,1.89667032799934,0.599504133348683
286,"s(V1_pre_z)",9.6767625022404,0.0822001336693,2.20717411348793,0.647800004647501
287,"s(V1_pre_z)",9.82548549191856,0.0891913453859839,1.95355233849299,0.604690527235658
288,"s(V1_pre_z)",9.4430528841502,0.0836357198588281,1.97224817082361,0.600956377962538
289,"s(V1_pre_z)",10.0422246841527,0.0881677595812008,2.04931857213457,0.623728248166444
290,"s(V1_pre_z)",9.38938935898532,0.0844573236202357,2.0159500981803,0.614493206100497
291,"s(V1_pre_z)",10.1482323466007,0.0867578663550378,2.20349641488914,0.652043084838305
292,"s(V1_pre_z)",9.44488765986686,0.0842943517154157,1.9767668597291,0.606498098966822
293,"s(V1_pre_z)",9.48589651547453,0.0836252707967287,1.9870522917611,0.609711669760274
294,"s(V1_pre_z)",9.67403172036571,0.0858845680290107,2.03637601880115,0.618612275980521
295,"s(V1_pre_z)",9.73826541474047,0.0866559668451737,2.10166283735085,0.634422861588479
296,"s(V1_pre_z)",9.55756456491314,0.0811248384920914,2.10355762132701,0.627640849114763
297,"s(V1_pre_z)",9.67994451520123,0.0839491214112071,2.08167670599217,0.62691390880313
298,"s(V1_pre_z)",10.3852307680494,0.096871512026932,2.03377881511736,0.63227120164375
299,"s(V1_pre_z)",9.89742517338148,0.08307703769143,2.19666605030795,0.648615547268619
300,"s(V1_pre_z)",9.45551631058464,0.0842640340866062,1.95720262831141,0.601141102303989
301,"s(V1_pre_z)",9.89748536920395,0.0867999493855179,2.05600094257357,0.623043335368291
302,"s(V1_pre_z)",9.31030439043603,0.0797240375544194,2.05665283593653,0.616718706622499
303,"s(V1_pre_z)",9.24496746041944,0.0851209102594385,1.91381941258958,0.594247011837012
304,"s(V1_pre_z)",9.76838371618052,0.0806132218446401,2.21963812894372,0.651826564594812
305,"s(V1_pre_z)",9.86712306770841,0.0856021594826736,2.24972646410949,0.659444052767449
306,"s(V1_pre_z)",9.99588024396638,0.0905888351909802,2.15031179306606,0.645052603248935
307,"s(V1_pre_z)",9.41524358384597,0.0788109899649685,2.20382009496974,0.646325601954246
308,"s(V1_pre_z)",9.424093487431,0.084452922869685,1.90551810377612,0.590729262041705
309,"s(V1_pre_z)",9.97433151108917,0.0846622433121191,2.15699108675431,0.644758270141102
310,"s(V1_pre_z)",9.73948287571543,0.0823499093469352,2.08164933659747,0.622872347306902
311,"s(V1_pre_z)",10.0514635249961,0.0911964601104174,2.01461628003015,0.618780067638024
312,"s(V1_pre_z)",9.65940003539819,0.0850736549846773,2.10493442873917,0.631732903804452
313,"s(V1_pre_z)",10.5665636579682,0.107040240465789,2.27692019861912,0.670571183405194
314,"s(V1_pre_z)",9.93398146355271,0.0846705130579,2.15101082292289,0.640413233775782
315,"s(V1_pre_z)",9.83121876866249,0.0852558062095117,2.12168047631275,0.636479203373455
316,"s(V1_pre_z)",10.0648299070788,0.0906990216666129,2.04562218366084,0.625716529048159
317,"s(V1_pre_z)",9.46277136720338,0.0783829570185858,2.14987014768956,0.633423985107856
318,"s(V1_pre_z)",9.93806395157394,0.0875648866720888,2.12105026337347,0.640541632797261
319,"s(V1_pre_z)",9.50131118860273,0.0861416970426259,2.01958771473343,0.611846700057241
320,"s(V1_pre_z)",9.74434615083097,0.0838992196322478,2.0697429082073,0.624676489825026
321,"s(V1_pre_z)",9.66528878787463,0.0817739244398519,2.14267327373068,0.637148968685124
322,"s(V1_pre_z)",9.41904173820389,0.0871812675790768,1.80926201890936,0.575439733911721
323,"s(V1_pre_z)",10.1691267057279,0.0857157238344445,2.23905167474116,0.660920231725413
324,"s(V1_pre_z)",9.64010768759583,0.0865325059956208,1.97438528994282,0.609324839503106
325,"s(V1_pre_z)",9.42848870924121,0.0799350065719699,2.09484891245113,0.623359188202206
326,"s(V1_pre_z)",9.39050979508808,0.0852483844815462,1.95283567570517,0.598332619905871
327,"s(V1_pre_z)",9.92792499256659,0.0838866392964061,2.16214069045034,0.64462297851885
328,"s(V1_pre_z)",9.11013487635227,0.0795713160763721,2.04955415380597,0.617195177288673
329,"s(V1_pre_z)",10.1337252056781,0.0890856442142555,2.14086707389548,0.643057808546095
330,"s(V1_pre_z)",9.5896007656643,0.0844397364436054,2.02908526143508,0.615943022437593
331,"s(V1_pre_z)",9.61981786963839,0.0850235135447538,2.03992192792221,0.618806072897153
332,"s(V1_pre_z)",9.4902336377262,0.0853513170047801,1.90810780777798,0.591073253798245
333,"s(V1_pre_z)",9.5226306905849,0.0894481843101737,1.78370278553794,0.575700827371529
334,"s(V1_pre_z)",9.55305057018018,0.0856138040633388,1.95174423136222,0.601767801553401
335,"s(V1_pre_z)",9.17114737213659,0.0836539407501098,1.88040473261788,0.586618704102629
336,"s(V1_pre_z)",9.69828801548655,0.0855417702243288,1.98476123129958,0.607292970134733
337,"s(V1_pre_z)",10.0736953580853,0.0878005119424885,2.15158639330255,0.645479049271537
338,"s(V1_pre_z)",9.0854661429973,0.0766737576357395,2.04733053648458,0.612371313937298
339,"s(V1_pre_z)",10.1925709990042,0.0887807253469527,2.14746012488776,0.645986121321374
340,"s(V1_pre_z)",9.28898501295742,0.0862196422529032,1.82751321984028,0.579093770858177
341,"s(V1_pre_z)",9.4681022774262,0.0810330792642555,2.07368206776119,0.621471501942145
342,"s(V1_pre_z)",9.22596247434971,0.0804064659612421,2.01926125637988,0.609973232071906
343,"s(V1_pre_z)",10.3379520234872,0.0893157888118583,2.19758679441878,0.652017554876805
344,"s(V1_pre_z)",10.3139071234524,0.0916162960642506,2.07918797796258,0.632770613249317
345,"s(V1_pre_z)",9.39338572716624,0.0818422633387753,2.06401587039708,0.61965853025341
346,"s(V1_pre_z)",10.3990113874017,0.0891002495408344,2.21510475276518,0.657724152539318
347,"s(V1_pre_z)",10.0341661475136,0.0713569686502402,2.20939050755316,0.651527573165303
348,"s(V1_pre_z)",9.45553085739489,0.083783273442263,2.01833884489118,0.612869847159638
349,"s(V1_pre_z)",9.565932247865,0.0795351883862511,2.15912453953784,0.638231093892725
350,"s(V1_pre_z)",9.1262267654326,0.0772752116173426,2.07815158863184,0.62141193269633
351,"s(V1_pre_z)",9.82159006848097,0.0908619510459528,1.95344911066682,0.607399582775549
352,"s(V1_pre_z)",9.57204917434349,0.0889724544559257,1.8590587210966,0.590646678903396
353,"s(V1_pre_z)",9.97219021432953,0.0908441510067255,1.99294833746531,0.615719625534509
354,"s(V1_pre_z)",9.63712474084823,0.0872073243976522,1.98023792583005,0.612071482006804
355,"s(V1_pre_z)",10.21291044993,0.0882105452526332,2.12215386072258,0.640705708457159
356,"s(V1_pre_z)",9.8195725310404,0.0844941918958984,2.16280172024876,0.642504259885337
357,"s(V1_pre_z)",9.66144310386329,0.0850224582667366,2.02931076227303,0.614547272468221
358,"s(V1_pre_z)",10.2104120395046,0.0877898642700821,2.21004737977272,0.655566819093252
359,"s(V1_pre_z)",9.46202552282968,0.0827298063036479,2.0220647166215,0.613297131375165
360,"s(V1_pre_z)",8.9615051576139,0.0756740511921613,2.07837860462265,0.616450434586992
361,"s(V1_pre_z)",9.80590394542907,0.0829489150993864,2.16004217782585,0.640083468791582
362,"s(V1_pre_z)",9.44069502702252,0.0816942249682022,2.07273882539338,0.625525216893769
363,"s(V1_pre_z)",9.32987789787272,0.094615971540569,2.13968404420073,0.630153318020456
364,"s(V1_pre_z)",9.44357941933541,0.084040579275513,1.97632709113931,0.60374041938471
365,"s(V1_pre_z)",8.69643077206901,0.0738573862061312,1.99768319031102,0.596098682265934
366,"s(V1_pre_z)",9.52436969019622,0.08142009508269,2.05974251502885,0.620009998761454
367,"s(V1_pre_z)",9.52518837786552,0.0838320198938054,1.99822084479376,0.608680044650059
368,"s(V1_pre_z)",9.87913784811675,0.0838355034642367,2.16752795207502,0.646772540199878
369,"s(V1_pre_z)",9.69237812194634,0.0832333273134133,2.08816124823845,0.627734155096174
370,"s(V1_pre_z)",10.1879426937851,0.0850520350359434,2.25642562528492,0.662519141572883
371,"s(V1_pre_z)",9.77879000206009,0.0895826771035019,1.9096152471049,0.597273282538148
372,"s(V1_pre_z)",9.95394724931361,0.0853783320751187,2.1706011219092,0.645753510663725
373,"s(V1_pre_z)",9.3318650245858,0.0825930165455195,2.01114600142378,0.609836457136196
374,"s(V1_pre_z)",10.1942686398925,0.093301532510909,2.24255379097515,0.667270897200555
375,"s(V1_pre_z)",10.2789717503563,0.0857160125811179,2.23087200862116,0.658523789113794
376,"s(V1_pre_z)",9.85829583358144,0.0850246821098488,2.19207427464344,0.649620609716265
377,"s(V1_pre_z)",9.75066797415441,0.0856243281101325,2.07345565280511,0.628398582406162
378,"s(V1_pre_z)",9.92359294223525,0.0865294497056108,2.1941212556378,0.650875123122436
379,"s(V1_pre_z)",9.92147156953678,0.0837969366459218,2.17582108863577,0.645852806946077
380,"s(V1_pre_z)",9.59144615613269,0.0811504782219039,2.13526547720895,0.633096106562145
381,"s(V1_pre_z)",9.26157330596692,0.0780023041623008,2.09737136709256,0.623192787980773
382,"s(V1_pre_z)",9.78728277315476,0.0858003369278121,2.05776035400932,0.622643309872668
383,"s(V1_pre_z)",9.71138309898017,0.0871367941255509,1.96221351974707,0.606395151103903
384,"s(V1_pre_z)",9.69822319772484,0.0874479466627787,1.97398051869656,0.609257440562503
385,"s(V1_pre_z)",9.86371896864452,0.0913893765623217,1.86908653736274,0.59247185949596
386,"s(V1_pre_z)",9.15764938410208,0.0817924399582288,1.97235177493433,0.600517376295016
387,"s(V1_pre_z)",9.83698258563267,0.0830636441788535,2.18902983091012,0.649021972788318
388,"s(V1_pre_z)",9.94307116902216,0.0835602916505058,2.16311982590257,0.642748423981168
389,"s(V1_pre_z)",9.64378873716732,0.0827002121051676,2.11372119820322,0.632926300137269
390,"s(V1_pre_z)",9.49908371440923,0.0860264949707315,2.01922696699351,0.616834623082141
391,"s(V1_pre_z)",10.0858362557237,0.0882079999705241,2.16329093279855,0.648200004888002
392,"s(V1_pre_z)",10.116414805264,0.0885590557876186,2.13031907707487,0.643884701977794
393,"s(V1_pre_z)",9.79329577708521,0.0830590199810049,2.20072556082087,0.649466303688005
394,"s(V1_pre_z)",10.4426034972076,0.0931773088123593,2.05346717013071,0.632058668335603
395,"s(V1_pre_z)",9.19297613727886,0.0804533052461119,2.01512358890624,0.607053263666739
396,"s(V1_pre_z)",9.19297487291757,0.0843687593143355,1.89614571888037,0.591529498939948
397,"s(V1_pre_z)",9.24783915882087,0.0796500235150083,2.032826621015,0.608409518780019
398,"s(V1_pre_z)",9.63009853871258,0.0877339111083705,1.98187854896848,0.609746711577618
399,"s(V1_pre_z)",9.89045538751614,0.085773644903378,2.1539583654778,0.644590420650513
400,"s(V1_pre_z)",9.4101875468475,0.0837595636935584,2.0429836774095,0.617604228599997
401,"s(V1_pre_z)",9.6381795508235,0.0814726604745433,2.13933502346844,0.636560518844393
402,"s(V1_pre_z)",9.32103120367847,0.0831847823536175,1.99543196230808,0.606445769598034
403,"s(V1_pre_z)",10.1953233142848,0.085205521962618,2.23079583698644,0.659086434745566
404,"s(V1_pre_z)",9.48232969445137,0.0852738614046869,1.94354371009699,0.600813215483835
405,"s(V1_pre_z)",9.34817946943495,0.0861839721610002,1.96845503475938,0.602052706770838
406,"s(V1_pre_z)",9.85464680544927,0.0923068371595072,2.19051335241168,0.648222740154837
407,"s(V1_pre_z)",9.50952270617531,0.0872593491914165,1.96647556431715,0.605480131401507
408,"s(V1_pre_z)",9.42015511817771,0.085658638365441,1.8603288110888,0.580966862750122
409,"s(V1_pre_z)",9.57146433791756,0.0805531111287801,2.12793690133757,0.631457000309207
410,"s(V1_pre_z)",10.1725574555504,0.0864753329625972,2.2495161337824,0.662778904202851
411,"s(V1_pre_z)",10.2634655497388,0.0902039385882599,2.10675065204933,0.639783058761038
412,"s(V1_pre_z)",10.2334593791336,0.0869395159092452,2.24138308767608,0.663507392928632
413,"s(V1_pre_z)",9.47434138744395,0.0856305680898298,2.04848087261316,0.618351764060503
414,"s(V1_pre_z)",10.1638277719286,0.091495405810507,2.0546791829393,0.630822035319176
415,"s(V1_pre_z)",9.5550652697232,0.0843611761601614,2.03541179351489,0.620693913177674
416,"s(V1_pre_z)",9.57216488436977,0.082946315494843,2.05921406004196,0.621799005081798
417,"s(V1_pre_z)",9.48151864084944,0.0814417140263111,2.0757458460191,0.623787507982193
418,"s(V1_pre_z)",9.25386426638519,0.0812631140227221,1.95560140919385,0.596304324503104
419,"s(V1_pre_z)",10.024653148132,0.0906507445090154,2.04597333829096,0.625061716618204
420,"s(V1_pre_z)",9.64393867775622,0.0864100400171245,1.9356293871629,0.598474076503339
421,"s(V1_pre_z)",8.97639171380774,0.0744757261340019,2.11794454070419,0.621608379359245
422,"s(V1_pre_z)",9.82163635414744,0.0833982102370694,2.14610117857025,0.639278962741447
423,"s(V1_pre_z)",9.92758915606256,0.0913725271558528,1.92544052404812,0.606024886563812
424,"s(V1_pre_z)",9.17575783256678,0.0776598436520741,2.08715504683682,0.621001558177012
425,"s(V1_pre_z)",9.45394116591334,0.0832373936797427,2.00787071527094,0.609628254182493
426,"s(V1_pre_z)",9.97600649417027,0.0861578698082897,2.18452992973021,0.65222303352573
427,"s(V1_pre_z)",10.1231367768723,0.0853425059639556,2.17147586543694,0.644421140033552
428,"s(V1_pre_z)",9.83845088953853,0.0886992987413812,2.0336207283693,0.622150778629729
429,"s(V1_pre_z)",9.50124345299218,0.0814993755591384,2.04577978792986,0.616002241690706
430,"s(V1_pre_z)",9.43159387806678,0.0815293202981647,2.23934972779779,0.6495044357067
431,"s(V1_pre_z)",9.17147755643823,0.0802597558997669,1.96791004107395,0.59740777960382
432,"s(V1_pre_z)",10.3189994577223,0.0904064300526923,2.17220449038913,0.6527429939977
433,"s(V1_pre_z)",9.6893044365518,0.0909970497234556,1.84111183198432,0.586990196783756
434,"s(V1_pre_z)",9.36279724901041,0.0780012020276356,2.14090274853816,0.629133026142889
435,"s(V1_pre_z)",9.25246817932813,0.0799186471446394,2.02072939651751,0.609167182016272
436,"s(V1_pre_z)",9.7336907810981,0.0833698506447602,2.16185352425512,0.643175780784512
437,"s(V1_pre_z)",9.11252014978919,0.0841913316826851,2.0655667299985,0.614714930358022
438,"s(V1_pre_z)",10.0396868543983,0.0847138595748867,2.20294258579404,0.651406176102975
439,"s(V1_pre_z)",10.1961415465018,0.0909151191716314,2.11138355598669,0.636827047111618
440,"s(V1_pre_z)",9.44585507046334,0.0859558972444037,1.92869734292302,0.59884838357236
441,"s(V1_pre_z)",9.5396062830841,0.0880900211961204,1.85619724693395,0.58596685829678
442,"s(V1_pre_z)",9.06789495630942,0.0818106110303821,1.91453358328515,0.589332479467613
443,"s(V1_pre_z)",9.69400079552715,0.0833799320299933,2.11068227877277,0.633548147263844
444,"s(V1_pre_z)",10.0985960019058,0.102229693497664,2.21512257794005,0.652436559169871
445,"s(V1_pre_z)",9.81634021171416,0.0832363723435393,2.12557442180938,0.632811375788855
446,"s(V1_pre_z)",9.29679930194603,0.084352651154938,1.95975952661785,0.603443340067976
447,"s(V1_pre_z)",9.76575663313285,0.0849453353856491,2.12832053078892,0.63540624485822
448,"s(V1_pre_z)",10.6336558855376,0.0947342564151256,2.25965911175157,0.672983967674395
449,"s(V1_pre_z)",9.67550983488645,0.0979186149362997,2.17315349180574,0.640098375950449
450,"s(V1_pre_z)",9.56168283708972,0.0819170911996413,2.17283333227644,0.640617051260775
451,"s(V1_pre_z)",9.30007722281736,0.0800038750062505,2.09403154024229,0.627071733826542
452,"s(V1_pre_z)",10.3723923945592,0.0879553542484281,2.23689520114413,0.664127622994314
453,"s(V1_pre_z)",9.81171341734077,0.0836599139009069,2.25264826898329,0.657090840114326
454,"s(V1_pre_z)",10.3962577717307,0.0943089187483481,2.00979003298147,0.623901857248406
455,"s(V1_pre_z)",9.69045331416383,0.0844912710972808,2.18155276834797,0.644150234949913
456,"s(V1_pre_z)",9.16686534817262,0.0821366248786712,1.93713167308189,0.594368686472992
457,"s(V1_pre_z)",9.50198133782095,0.0814929023348077,2.13460698722599,0.630340302601802
458,"s(V1_pre_z)",10.3184992125343,0.0910623618011628,2.12847227420291,0.642838848145032
459,"s(V1_pre_z)",9.76553936459088,0.0850640229632306,2.09375889067765,0.631955010432448
460,"s(V1_pre_z)",10.11232794848,0.0852740171088526,2.2048460773934,0.654884958973097
461,"s(V1_pre_z)",9.75590432702101,0.0882350756308614,1.99445046618157,0.616858662703942
462,"s(V1_pre_z)",10.1263771237258,0.0885209450203269,2.07883621952208,0.632483697883552
463,"s(V1_pre_z)",9.51814318219357,0.0844180646080693,1.99404946621967,0.609674038347036
464,"s(V1_pre_z)",9.8685189810816,0.0854021459235164,2.12174674536015,0.637873177006592
465,"s(V1_pre_z)",9.47804230263294,0.0819060660618395,2.01826826250378,0.610944842571132
466,"s(V1_pre_z)",8.99580796126182,0.0818599709955699,1.89289000778425,0.583550084607403
467,"s(V1_pre_z)",9.86934550270773,0.0856850140902593,2.10296406191267,0.632500273704918
468,"s(V1_pre_z)",9.80695693756542,0.0880958802206155,2.03193677029124,0.625141931710708
469,"s(V1_pre_z)",9.64327614010134,0.0848830084083039,2.00824855684743,0.611813836225912
470,"s(V1_pre_z)",10.1508999693816,0.0880628104909874,2.11678208067518,0.639625148449459
471,"s(V1_pre_z)",9.67100725774494,0.0843235213673369,2.07697594765129,0.623158997266978
472,"s(V1_pre_z)",10.8426326930924,0.0937732076534189,2.26461347413264,0.675706522960829
473,"s(V1_pre_z)",8.95569876198263,0.0908824620031386,2.08529781702333,0.614165222484037
474,"s(V1_pre_z)",9.27416624422516,0.0789306965652292,2.16614535435085,0.639074817840625
475,"s(V1_pre_z)",9.02445867536087,0.0823350013236051,1.85769442883273,0.581745846682996
476,"s(V1_pre_z)",9.8883350495577,0.0828592199541795,2.20040690361893,0.649315398796365
477,"s(V1_pre_z)",10.0599072326687,0.0883805804467074,2.06565227720376,0.626859602433649
478,"s(V1_pre_z)",10.1254027489057,0.087611436540011,2.11096397285262,0.638495465747077
479,"s(V1_pre_z)",9.91411407156219,0.086004413518052,2.14037654757098,0.638828489189786
480,"s(V1_pre_z)",9.59786964797608,0.0729748695541633,2.1547384162216,0.635709340247784
481,"s(V1_pre_z)",9.85373385978003,0.0996955711289978,2.19947214212553,0.647765172066253
482,"s(V1_pre_z)",10.0235945294301,0.0880028716023907,2.10786678824657,0.64047193923077
483,"s(V1_pre_z)",9.73982793782384,0.0837589385895569,2.11761352738047,0.632688145621036
484,"s(V1_pre_z)",9.54196756306524,0.0891655515827291,1.86383795563856,0.58815554365306
485,"s(V1_pre_z)",10.3199704476442,0.090203493512215,2.11570358247533,0.6384821405321
486,"s(V1_pre_z)",9.82624300047623,0.0856406735615432,2.07937005246741,0.6308189195167
487,"s(V1_pre_z)",9.32192060128576,0.0790106267874195,2.08029935656604,0.619396252503444
488,"s(V1_pre_z)",9.35559578753135,0.0872558784399462,1.95367623583758,0.602203702068417
489,"s(V1_pre_z)",10.3104782559627,0.0868656127114715,2.24696043083791,0.664560677433917
490,"s(V1_pre_z)",9.32647231879451,0.0802439319389538,2.07219702273902,0.617617625686129
491,"s(V1_pre_z)",9.18542873722051,0.0766690840416684,2.12139738758487,0.625958260367221
492,"s(V1_pre_z)",9.45023708425382,0.0810423990533388,2.08429369156504,0.624970855104522
493,"s(V1_pre_z)",9.80396354855266,0.0863868690993428,2.0922370883859,0.628489699828679
494,"s(V1_pre_z)",9.53546572242191,0.0847278057689893,1.96860591704155,0.604347657570851
495,"s(V1_pre_z)",9.48984353132968,0.0816817347742928,2.08049990944247,0.622499786778714
496,"s(V1_pre_z)",10.1196047288059,0.096154684030342,1.97226898943504,0.619822284385826
497,"s(V1_pre_z)",9.96448364838549,0.0894337170553724,2.03170898033014,0.622814059225916
498,"s(V1_pre_z)",9.40290709762546,0.0815020876287468,2.06194531615475,0.62033282646636
499,"s(V1_pre_z)",10.011880672154,0.101572489792447,2.203751427741,0.649055770899308
500,"s(V1_pre_z)",9.91517066517195,0.0879793960938366,2.07381565884481,0.63162077768784
501,"s(V1_pre_z)",9.11573699419113,0.0803630591753141,1.97993129848908,0.601791138717537
502,"s(V1_pre_z)",9.96311073531585,0.0840247999149423,2.1963966904999,0.648733025009182
503,"s(V1_pre_z)",9.17302001477072,0.081366880102957,1.95574732511709,0.598309720149667
504,"s(V1_pre_z)",9.44340413979786,0.0830471965457387,2.05636475981375,0.621659884753918
505,"s(V1_pre_z)",9.88537455466174,0.0896458743959551,1.93647784161693,0.605141279527413
506,"s(V1_pre_z)",10.1844255916377,0.0881007134620947,2.11248458352984,0.635964884968146
507,"s(V1_pre_z)",9.5777973869094,0.0868579263805797,1.95282315928711,0.60557567224577
508,"s(V1_pre_z)",10.1914057173608,0.0904632654830158,2.20864657759786,0.658071893133443
509,"s(V1_pre_z)",9.66371459961798,0.0856771176650852,1.99683815715618,0.613738334677168
510,"s(V1_pre_z)",9.83097225829973,0.0834413380341884,2.19568066973474,0.650205371601005
511,"s(V1_pre_z)",9.80512989378428,0.0848591236178564,2.17411512735136,0.642220257443703
512,"s(V1_pre_z)",9.72313165529082,0.0858146656004546,2.03593158093715,0.621711868273552
513,"s(V1_pre_z)",9.33175579543694,0.0821902189987189,1.98797013259425,0.604935762973878
514,"s(V1_pre_z)",10.2836678267549,0.0925169859753616,2.11469099965942,0.642564313793973
515,"s(V1_pre_z)",10.3560400680556,0.0878179283651549,2.22881198000617,0.661725555342754
516,"s(V1_pre_z)",9.18709632482352,0.0775931018198284,2.10650167123675,0.625779114523607
517,"s(V1_pre_z)",10.2013602250969,0.0865501386145403,2.13960936487033,0.640541582374801
518,"s(V1_pre_z)",9.79416705304243,0.0812556349112872,2.16691165982388,0.639560798482325
519,"s(V1_pre_z)",10.1537817011365,0.087270718096809,2.17711571860687,0.650532650805531
520,"s(V1_pre_z)",9.46165866717614,0.0869599532059113,2.14205248300388,0.639436649027675
521,"s(V1_pre_z)",10.0110613213194,0.0874714964072152,2.06096772155163,0.626879361029322
522,"s(V1_pre_z)",9.77898754024714,0.0887276359502811,2.07307568823819,0.630095029639011
523,"s(V1_pre_z)",9.99235557819742,0.08647625246253,2.16641275783707,0.645420181609363
524,"s(V1_pre_z)",9.67328249760393,0.0854687330206999,2.05429422944239,0.620639604234872
525,"s(V1_pre_z)",10.12101108545,0.090241007861508,2.05715683774693,0.627394119147836
526,"s(V1_pre_z)",10.7368161506103,0.0920138159218306,2.22221909212886,0.664253969284101
527,"s(V1_pre_z)",10.0137327927955,0.0863229292667389,2.15023319019138,0.641938497121824
528,"s(V1_pre_z)",10.0094652280806,0.0916963454249069,1.93867129040644,0.605658573772697
529,"s(V1_pre_z)",9.69763853808604,0.0867704089958626,2.08504914270326,0.631136392855632
530,"s(V1_pre_z)",10.1087495938201,0.0877986753373087,2.2145361419405,0.657926099030628
531,"s(V1_pre_z)",9.71599254083409,0.0858905009280161,2.13178918393285,0.64004343808981
532,"s(V1_pre_z)",8.60651499384174,0.0750207860604366,1.93486788133689,0.588996415173604
533,"s(V1_pre_z)",9.6691549439129,0.0879361509954941,2.00807185851032,0.616406629045274
534,"s(V1_pre_z)",9.82968240309885,0.0919837433632647,1.84270373359952,0.591040131713243
535,"s(V1_pre_z)",9.46827025620775,0.0817365913624058,2.12560412808348,0.633556707449117
536,"s(V1_pre_z)",9.77282959885842,0.0874411571553703,1.98958754590505,0.612804221669546
537,"s(V1_pre_z)",9.58560196662932,0.0810446068765313,2.16097881899062,0.639314054910515
538,"s(V1_pre_z)",9.71456967366935,0.0821597400757096,2.12763933982207,0.63226800843786
539,"s(V1_pre_z)",10.4612240865041,0.0910720214171712,2.12220730801692,0.639607431234935
540,"s(V1_pre_z)",9.87970956433099,0.0837970950605279,2.13457046615362,0.636641847333326
541,"s(V1_pre_z)",10.4119784988702,0.0926372774553209,2.15461701386045,0.651729535127415
542,"s(V1_pre_z)",9.72965665956334,0.0862495856636765,2.03240810216531,0.619208145916028
543,"s(V1_pre_z)",10.1590593970131,0.090017708266653,2.04721912485821,0.628305767738214
544,"s(V1_pre_z)",9.0257676755416,0.0815786314712841,1.87274640978,0.582632481621219
545,"s(V1_pre_z)",9.97982350760345,0.0856918900940458,2.18697528306913,0.648060800046421
546,"s(V1_pre_z)",9.1691995614726,0.0795281409236629,2.07293539662887,0.614084802413134
547,"s(V1_pre_z)",10.7490350935669,0.0986505407616771,2.13527352661507,0.65002988796976
548,"s(V1_pre_z)",9.73193771974177,0.0872827182359638,2.01717528420184,0.619645831492489
549,"s(V1_pre_z)",9.59558150807131,0.0889293029480305,1.87381337094839,0.594526445181996
550,"s(V1_pre_z)",9.36687822766241,0.0825207839031461,2.01345899813704,0.613591472949279
551,"s(V1_pre_z)",10.2225501404693,0.0912942049634719,2.05493291354407,0.62493257407468
552,"s(V1_pre_z)",9.63825350421691,0.0828690214923431,2.06344461087374,0.622306930897227
553,"s(V1_pre_z)",9.71618106266359,0.0821319582617948,2.18610964455315,0.646332995869704
554,"s(V1_pre_z)",10.0511653015186,0.0856070895133801,2.1801287138053,0.648905233147423
555,"s(V1_pre_z)",9.8374685280292,0.0849714216334347,2.14337149292581,0.637958311551689
556,"s(V1_pre_z)",9.29194933879159,0.0837722581317359,1.88316500548897,0.583874493242821
557,"s(V1_pre_z)",9.34397208871178,0.079029310154442,2.11785172432207,0.630214824084471
558,"s(V1_pre_z)",9.76720123885152,0.085908751882739,2.02729121136631,0.615346140985683
559,"s(V1_pre_z)",10.1868253654682,0.091429458266494,2.05321176176591,0.629956174810332
560,"s(V1_pre_z)",10.0367032774107,0.0938698464086364,1.97645197292458,0.614992368043088
561,"s(V1_pre_z)",10.2838911531811,0.0884443912808532,2.22110182945216,0.658648160078124
562,"s(V1_pre_z)",9.77556066546301,0.0836336089390891,2.13537445148345,0.639485172153748
563,"s(V1_pre_z)",9.03762064039658,0.0848739058954448,1.80958392632983,0.573000461800299
564,"s(V1_pre_z)",9.08099467984082,0.0768917014176902,2.04864844667417,0.612628862210726
565,"s(V1_pre_z)",10.2060526182531,0.0930491374967262,2.04770463734073,0.629301594644513
566,"s(V1_pre_z)",9.78292885144459,0.0919088529211916,1.85341772946475,0.592670400816403
567,"s(V1_pre_z)",10.6383620718725,0.0933419025500635,2.13936580624203,0.648676304726964
568,"s(V1_pre_z)",9.58644021788013,0.0827502612381633,2.10392198922255,0.630552977103826
569,"s(V1_pre_z)",10.100663464567,0.0860723684040527,2.16268160825128,0.645317350379531
570,"s(V1_pre_z)",9.04371557651277,0.0771610810073946,1.99843085108166,0.602269413475436
571,"s(V1_pre_z)",9.92376098492914,0.100574998045725,2.2425450355701,0.660451444345233
572,"s(V1_pre_z)",9.24645387719831,0.083382538472977,1.9571202806949,0.600179170308412
573,"s(V1_pre_z)",9.44065224549002,0.0837132473853006,1.99074959185789,0.60617565810949
574,"s(V1_pre_z)",9.65079000127992,0.0845833842402893,2.07462388645192,0.627189766340296
575,"s(V1_pre_z)",10.129053878329,0.0933287293630169,1.90367947606796,0.604141110067208
576,"s(V1_pre_z)",10.1971338453065,0.0901951386418168,2.05934381144045,0.630097775113344
577,"s(V1_pre_z)",10.0692203654566,0.0908133224839918,2.06437861205497,0.630340258557996
578,"s(V1_pre_z)",10.0086357787268,0.0847064589055075,2.16730690146339,0.644213824536393
579,"s(V1_pre_z)",9.7806958128933,0.0867283721200601,2.09057448693649,0.632722216401926
580,"s(V1_pre_z)",9.27110379657546,0.0794601896251459,2.06553120686296,0.617467103387026
581,"s(V1_pre_z)",9.69652834730144,0.0805994090564936,2.17077849755615,0.640483439784081
582,"s(V1_pre_z)",9.57921679971055,0.0856002272371633,1.99129654513432,0.609833867193115
583,"s(V1_pre_z)",9.36703662277272,0.0840282013491671,1.96044426546062,0.60242548156489
584,"s(V1_pre_z)",10.3346275572604,0.0880432844843819,2.24865000613866,0.663655853007008
585,"s(V1_pre_z)",10.0154950908636,0.0871303562803743,2.08853011925732,0.631451174229678
586,"s(V1_pre_z)",9.55194408012657,0.0838391374998067,2.03817973666484,0.617485451413544
587,"s(V1_pre_z)",10.108474501225,0.0862345894217512,2.19387087118105,0.65219507079672
588,"s(V1_pre_z)",9.68241868934604,0.086798982614519,2.03075197608558,0.617377686099192
589,"s(V1_pre_z)",9.83892400626583,0.0868637287088763,2.16294890804383,0.644860909718244
590,"s(V1_pre_z)",9.2110097260431,0.0787923690441193,2.03678477704033,0.61337769242068
591,"s(V1_pre_z)",8.69570571311786,0.0730132831985006,2.05308850348108,0.607110425664614
592,"s(V1_pre_z)",9.95437355916699,0.0853545239710071,2.13273035567475,0.638074599426826
593,"s(V1_pre_z)",10.0639485067159,0.089581504245099,1.99410492811953,0.61494339142047
594,"s(V1_pre_z)",9.73604678750423,0.0899908642934363,2.08851889433912,0.633054475268161
595,"s(V1_pre_z)",11.381397833562,0.100651499561302,2.2155523121724,0.670316265571574
596,"s(V1_pre_z)",10.0629761223492,0.0900099945318056,2.00807934563536,0.618523321013914
597,"s(V1_pre_z)",10.0113703686046,0.10179499935988,2.230914126147,0.657021291205368
598,"s(V1_pre_z)",9.60642657357549,0.0835919772072334,2.07727346729398,0.628383037093416
599,"s(V1_pre_z)",9.78691300508188,0.0863561863165444,2.0776567438002,0.626807537649416
600,"s(V1_pre_z)",9.98318898168507,0.0919398969164951,1.94757003523704,0.612039827422175
601,"s(V1_pre_z)",9.45714642895224,0.0858504766170995,1.93680455071004,0.597781813428721
602,"s(V1_pre_z)",9.85464581638782,0.0841922545897403,2.11682866455641,0.633754539613083
603,"s(V1_pre_z)",10.1421661275414,0.0887041143942384,2.13161792945411,0.641327957433843
604,"s(V1_pre_z)",9.86344509558062,0.0838384742874132,2.13308867340886,0.637213689671489
605,"s(V1_pre_z)",10.2033453540102,0.0906960438224723,2.04336475512648,0.625814960364608
606,"s(V1_pre_z)",10.0655806468287,0.0921240966410843,2.0673003214537,0.633440706042383
607,"s(V1_pre_z)",9.70812009022898,0.0852745841164315,2.07121601829067,0.622665051145277
608,"s(V1_pre_z)",9.14180492712937,0.0816645318882933,1.96056306721502,0.597166047887341
609,"s(V1_pre_z)",9.91568195180535,0.0866868909284236,2.09510489105488,0.633579602541028
610,"s(V1_pre_z)",9.70468401347331,0.0875146105447298,1.93384966219221,0.599026068614591
611,"s(V1_pre_z)",10.2506768674695,0.0898550904421177,2.14634968951153,0.641847133387669
612,"s(V1_pre_z)",10.1477667351871,0.0874153692752914,2.19944964165475,0.649157484593467
613,"s(V1_pre_z)",9.13622815909415,0.08092341522141,1.95911795098285,0.596254479514615
614,"s(V1_pre_z)",9.25165570487463,0.0788566369738478,2.08345858279429,0.622370017047338
615,"s(V1_pre_z)",9.72749215031064,0.0863878516890352,1.98470208112159,0.608228708470434
616,"s(V1_pre_z)",9.88159684512428,0.0879057233603304,2.01125763128662,0.616351906598303
617,"s(V1_pre_z)",10.3226054795448,0.104543576986856,2.24357571377906,0.660952331493918
618,"s(V1_pre_z)",10.2799414734148,0.0855698535769462,2.22601076111668,0.654498049168227
619,"s(V1_pre_z)",9.36642898155398,0.0860207776309229,1.85317390929629,0.581766348763854
620,"s(V1_pre_z)",10.200745677877,0.0883804791857521,2.23331879469232,0.661535195462236
621,"s(V1_pre_z)",9.3951761623766,0.0807253115115999,2.0760902923163,0.620820465841521
622,"s(V1_pre_z)",9.74698206067091,0.0855578049997564,2.04514844197724,0.619697252990867
623,"s(V1_pre_z)",10.1710527439793,0.0933418706105152,2.17875183312052,0.650394105086438
624,"s(V1_pre_z)",9.62062959556308,0.0822687380020818,2.08803409500361,0.627410067524105
625,"s(V1_pre_z)",10.0792596116238,0.0864225943047987,2.20667964729318,0.652102209031734
626,"s(V1_pre_z)",9.71998226287725,0.0844776040254696,2.13172244310083,0.636804982526265
627,"s(V1_pre_z)",9.79834355972876,0.0835727572570936,2.12791681441646,0.634110111348551
628,"s(V1_pre_z)",10.3216067410294,0.0887338722427931,2.13762553158865,0.643907203564686
629,"s(V1_pre_z)",9.99279214951061,0.0884421532043181,2.10320760673831,0.632168140398017
630,"s(V1_pre_z)",10.1480076632003,0.0871824817715283,2.16521752348802,0.649381655941017
631,"s(V1_pre_z)",9.45277075303021,0.0829169924101977,2.04860660305557,0.62021661763278
632,"s(V1_pre_z)",9.89183339713903,0.0919805477454161,2.02454017338925,0.619716057619348
633,"s(V1_pre_z)",10.4439158816536,0.0979247428913835,2.16256214704689,0.654261473692734
634,"s(V1_pre_z)",10.3741742602454,0.0964934913528113,2.01512951004455,0.626580167858257
635,"s(V1_pre_z)",9.111263484026,0.0782188412315879,1.99361615809613,0.600950721846039
636,"s(V1_pre_z)",10.1025819608055,0.0872482507969827,2.12512141532663,0.640770350953706
637,"s(V1_pre_z)",9.12350646987481,0.0801252838104883,2.01628816105417,0.606606026646176
638,"s(V1_pre_z)",9.59364654082843,0.0869443679281232,1.95500989723249,0.604884471840443
639,"s(V1_pre_z)",9.82263195665845,0.0838308012369728,2.09277349626207,0.626281208279017
640,"s(V1_pre_z)",9.53091030875723,0.0828237814451253,2.14370550374474,0.635217115171212
641,"s(V1_pre_z)",9.30793197135822,0.0841313518438261,2.12259324238563,0.62441145317032
642,"s(V1_pre_z)",9.58242022652874,0.0845401835317404,2.08636412573961,0.626109918217744
643,"s(V1_pre_z)",9.16143077523644,0.0867779483364893,2.11935791242087,0.624633184145846
644,"s(V1_pre_z)",10.0410500775951,0.101599879316212,2.22229012243723,0.654480927932595
645,"s(V1_pre_z)",9.58304261595886,0.0864521699945768,2.07707024994529,0.625817404069707
646,"s(V1_pre_z)",9.31058718125877,0.0799915234412565,2.06573799812386,0.620696758191825
647,"s(V1_pre_z)",9.96247540153965,0.0913312876493824,1.98506628924665,0.614701016528801
648,"s(V1_pre_z)",9.96813072905348,0.088392340186837,2.12165564728792,0.638780036731069
649,"s(V1_pre_z)",10.0172350206214,0.0950979812972296,1.77306668453071,0.583341267249605
650,"s(V1_pre_z)",10.0557768957948,0.0888800246760212,2.0695286744473,0.628412141070086
651,"s(V1_pre_z)",9.43102600555791,0.0833113460657805,2.0000552131281,0.606582574560136
652,"s(V1_pre_z)",9.8499893254071,0.0882437951493367,2.03268443213163,0.622188915453996
653,"s(V1_pre_z)",10.2156046519926,0.0847016288951067,2.237858348079,0.658646485002085
654,"s(V1_pre_z)",9.78680586965129,0.087470985377832,2.04717495494118,0.62331907878791
655,"s(V1_pre_z)",9.92564945359218,0.0852742679717932,2.13293450361493,0.639635677325427
656,"s(V1_pre_z)",9.67433641719641,0.0895076374173012,1.84434611178922,0.586738657720653
657,"s(V1_pre_z)",9.29699663303643,0.0784550295373833,2.11214112403894,0.626938537625143
658,"s(V1_pre_z)",9.66110663061086,0.0906228670943567,1.85551978307915,0.591857365161293
659,"s(V1_pre_z)",9.15176218810725,0.0775495355215327,2.04521771972172,0.6116130925484
660,"s(V1_pre_z)",9.47214470133667,0.081629096549284,2.13411070037154,0.634374172248481
661,"s(V1_pre_z)",9.88633512291404,0.0874080055674274,2.05536174271749,0.62526505701193
662,"s(V1_pre_z)",10.2814469476594,0.0921407237175414,2.05154123642509,0.631207497076452
663,"s(V1_pre_z)",10.2896881782042,0.0950762926392094,2.07512258352143,0.637801307251652
664,"s(V1_pre_z)",9.64328399702249,0.0839765816146093,2.11914781880004,0.634759544923584
665,"s(V1_pre_z)",9.77249410338424,0.0884643469337891,1.9429220094174,0.603824441959004
666,"s(V1_pre_z)",10.1998605539442,0.0862450846336652,2.1949326896346,0.651854871201149
667,"s(V1_pre_z)",9.46285307045209,0.0850649242338254,1.94844877423763,0.601546499475056
668,"s(V1_pre_z)",9.46546597713901,0.0818144130955497,2.09685145731749,0.625463223684776
669,"s(V1_pre_z)",9.66838909174505,0.0883526007429983,1.97510897764438,0.611590136711857
670,"s(V1_pre_z)",9.95362617794161,0.0884845432099169,2.04925497644519,0.623857568030267
671,"s(V1_pre_z)",10.1471469549354,0.0864926605826041,2.18028896378395,0.64981703136771
672,"s(V1_pre_z)",10.7374049704961,0.0944913060947841,2.30488746554336,0.678546084480511
673,"s(V1_pre_z)",9.34223813934469,0.0946283118608685,2.15571273652462,0.634971235946192
674,"s(V1_pre_z)",9.4791627095828,0.0806815263322583,2.11261247398552,0.630273838611533
675,"s(V1_pre_z)",9.98198237617741,0.0833536889166198,2.190194660547,0.648948539064146
676,"s(V1_pre_z)",10.3189405195951,0.0925863173164821,2.14006644253867,0.64638673320966
677,"s(V1_pre_z)",9.83544389787127,0.0913160379847617,1.9093333491302,0.602473109049794
678,"s(V1_pre_z)",9.28571682148613,0.0778591443745729,2.10824700424037,0.625757019207551
679,"s(V1_pre_z)",10.3626680902099,0.0936520384152359,2.14930426766247,0.65078818958328
680,"s(V1_pre_z)",9.5551162084669,0.0868095043947598,2.00181498444683,0.613864993367238
681,"s(V1_pre_z)",9.5096058359235,0.0882966128949622,1.85455809720292,0.584516868863541
682,"s(V1_pre_z)",10.0548253546743,0.0878670266769325,2.11824543227391,0.640370662839871
683,"s(V1_pre_z)",10.1507247323288,0.0889739739076743,2.179976437995,0.654165582319094
684,"s(V1_pre_z)",9.83189630881984,0.0995136191655812,2.20269536244088,0.648714180355816
685,"s(V1_pre_z)",9.7677811721179,0.0845260374469644,2.11522165125506,0.63222153563854
686,"s(V1_pre_z)",9.80481984644678,0.0856595909138327,2.20421224269175,0.646733497797729
687,"s(V1_pre_z)",10.5152058001435,0.0982224718026806,2.10198826118833,0.646153077936747
688,"s(V1_pre_z)",9.72626197410093,0.0845272528984483,2.13275154496863,0.635585783797534
689,"s(V1_pre_z)",10.1510255684074,0.0866467069548059,2.29660069029265,0.671624545800187
690,"s(V1_pre_z)",9.85272646814674,0.0899745544514673,1.98921316781499,0.614033260534217
691,"s(V1_pre_z)",8.90139658490054,0.075698807973962,1.97090835103307,0.593968580280088
692,"s(V1_pre_z)",10.1851028119338,0.088287797518292,2.1417814636097,0.643552192059498
693,"s(V1_pre_z)",9.08950135503661,0.0781588807191234,2.02978259383341,0.609260654517977
694,"s(V1_pre_z)",9.69396654302728,0.0846397268676416,2.04149909703792,0.619562090623442
695,"s(V1_pre_z)",10.3767825832499,0.0892784893185707,2.20486673960608,0.654612046188007
696,"s(V1_pre_z)",9.67499825985987,0.0846632189022537,2.04707405791708,0.623430733046291
697,"s(V1_pre_z)",9.60074782530116,0.0819099118679153,2.1675081837473,0.642349094154029
698,"s(V1_pre_z)",10.0198227592061,0.0867167108965881,2.22185488879196,0.658286426171604
699,"s(V1_pre_z)",9.43020663572125,0.0831999810178054,2.00064546386755,0.609079935288902
700,"s(V1_pre_z)",9.8799548614028,0.0889901371414884,2.09650248935308,0.633497969021967
701,"s(V1_pre_z)",9.80496518124661,0.086020773058847,2.06661400013038,0.626556978095147
702,"s(V1_pre_z)",10.1142254516431,0.091225694197703,2.07759176512364,0.630565673183168
703,"s(V1_pre_z)",9.908316140977,0.0864561684083702,2.05935795321457,0.624441387612614
704,"s(V1_pre_z)",9.66825607487737,0.0838195733381066,2.13345722708151,0.637330833347605
705,"s(V1_pre_z)",10.1239698366139,0.0893013419896218,2.14351650248906,0.647353518031839
706,"s(V1_pre_z)",9.70446774991838,0.0824675126133658,2.13029313820144,0.637312198175647
707,"s(V1_pre_z)",9.22021304447231,0.0802378018584973,2.02977773828704,0.612153667605369
708,"s(V1_pre_z)",9.82250292117764,0.0851643893091903,2.12174281595117,0.634356562270757
709,"s(V1_pre_z)",10.404083081165,0.0921581497693647,2.11308934585528,0.642649979730535
710,"s(V1_pre_z)",10.0911104314522,0.0848703673916241,2.22427631095248,0.656088245709809
711,"s(V1_pre_z)",10.0958181012502,0.0898943199789502,2.09103557097116,0.63573505501144
712,"s(V1_pre_z)",9.77689370641256,0.0849493984269183,2.11705919365039,0.631945654908019
713,"s(V1_pre_z)",9.33122454421308,0.0804355791677252,2.06716968765976,0.618293061040335
714,"s(V1_pre_z)",9.72444726711949,0.0855696231338294,2.02664558917449,0.61955227472367
715,"s(V1_pre_z)",9.16330601840759,0.0817407293656778,1.92486960018428,0.592366552188163
716,"s(V1_pre_z)",9.11025696286389,0.079932327209865,2.01402099650132,0.611037009708645
717,"s(V1_pre_z)",10.7104271727265,0.0964639522929559,2.08328634183425,0.640964478819432
718,"s(V1_pre_z)",9.01755742908831,0.0829921737495516,1.82420263743746,0.575872691170063
719,"s(V1_pre_z)",10.3515211780127,0.0927840364495713,2.10833393847647,0.640560345110711
720,"s(V1_pre_z)",10.0204840117652,0.0833067066951104,2.21721193643791,0.653510313375049
721,"s(V1_pre_z)",9.69900253635648,0.0871361602508603,1.97228952875715,0.60976191081093
722,"s(V1_pre_z)",9.8521957999694,0.0863337132718889,2.27768297703844,0.664168499548492
723,"s(V1_pre_z)",9.78059639368773,0.083240816764478,2.13359345898412,0.637035552284048
724,"s(V1_pre_z)",10.4194628631264,0.0909725082110762,2.18238327107982,0.655187959864054
725,"s(V1_pre_z)",9.96308051953066,0.0827797681198534,2.18685104244153,0.645612244256131
726,"s(V1_pre_z)",10.2147312229773,0.0902086644904609,2.07464096017945,0.633470412269803
727,"s(V1_pre_z)",9.931018067423,0.0876877570092872,2.04972326032592,0.625200873865724
728,"s(V1_pre_z)",9.12682025739158,0.080043743041732,2.0279480280913,0.610833571778017
729,"s(V1_pre_z)",9.79746406058766,0.0917564606211159,2.10807617357029,0.636250705094031
730,"s(V1_pre_z)",9.86822303881051,0.0835842722644071,2.1517235810805,0.641478062114595
731,"s(V1_pre_z)",9.45319410293444,0.0833920653279779,2.01681895681074,0.614055800664196
732,"s(V1_pre_z)",10.1974033841807,0.0890736116991884,2.08891457993053,0.633344258815836
733,"s(V1_pre_z)",10.3352760402957,0.0936656117790669,2.26492569779711,0.669277296758354
734,"s(V1_pre_z)",10.4565699597616,0.0934948070721766,2.08889033093931,0.636621455240313
735,"s(V1_pre_z)",9.22466895817746,0.0768072489415778,2.16513774087534,0.634909615894631
736,"s(V1_pre_z)",9.98629953952052,0.0940799625947738,2.03989541557168,0.625602680108749
737,"s(V1_pre_z)",9.98915262044433,0.0879583001465297,2.06949041602914,0.629647572436177
738,"s(V1_pre_z)",9.89056610555417,0.0906761617478433,1.92015789597524,0.600674343258168
739,"s(V1_pre_z)",9.43245026405507,0.0857843548866451,1.89008658486163,0.590724081144885
740,"s(V1_pre_z)",9.57766090237374,0.096811004235502,2.14492190745755,0.631700929228607
741,"s(V1_pre_z)",10.0083649699217,0.0871980653343182,2.12623003880205,0.636199832716463
742,"s(V1_pre_z)",9.20218925138756,0.0807407996697537,1.98827911904497,0.603974616891985
743,"s(V1_pre_z)",10.35968492329,0.0929038180779496,2.1564003166139,0.651848782325343
744,"s(V1_pre_z)",10.0884269115504,0.102272214636928,2.24270929404825,0.660514377294988
745,"s(V1_pre_z)",10.1895976158175,0.0852478370397159,2.20452136449043,0.651627968361551
746,"s(V1_pre_z)",9.70134996298798,0.0887855312565365,1.9371498472883,0.604139368417248
747,"s(V1_pre_z)",9.43147636630966,0.0824362126955211,2.03925837116281,0.616249430636375
748,"s(V1_pre_z)",9.17088563888836,0.0845153897770794,1.84098387388943,0.578623508467634
749,"s(V1_pre_z)",9.51894707661354,0.0841299449273978,2.04192370860059,0.617358534123271
750,"s(V1_pre_z)",9.86474265550089,0.0864706312657959,2.13837737943874,0.640860315289563
751,"s(V1_pre_z)",9.80428229441696,0.0864527054656194,2.09144937615237,0.633755300840967
752,"s(V1_pre_z)",9.93516709586688,0.0856699643264866,2.18279368980961,0.6455587428028
753,"s(V1_pre_z)",10.1542070250653,0.0918933977160145,2.03936059931524,0.623196920913742
754,"s(V1_pre_z)",9.29899063567474,0.082924079447572,1.98239984997901,0.605799211394201
755,"s(V1_pre_z)",9.13286111476757,0.0813904086300908,1.98554107950464,0.60837668860721
756,"s(V1_pre_z)",8.96797409534441,0.0758813854331504,2.06250290638015,0.614087967367488
757,"s(V1_pre_z)",8.94304303751108,0.0835738016264499,1.87863105333038,0.578716233029183
758,"s(V1_pre_z)",9.55125727475483,0.0813653741731507,2.08075069413724,0.623086434978018
759,"s(V1_pre_z)",8.88073536898099,0.0840532732682791,1.93305520650098,0.595186467177229
760,"s(V1_pre_z)",9.63385088238357,0.0975887949356953,2.19816053054201,0.647395699309404
761,"s(V1_pre_z)",9.67566815312776,0.0902178393086718,2.11817881501583,0.629466409358009
762,"s(V1_pre_z)",9.79633327313041,0.091264484800372,1.87177560209456,0.594479197120087
763,"s(V1_pre_z)",10.57830472355,0.0925853707965208,2.2107642176254,0.658908910226609
764,"s(V1_pre_z)",9.54705404776476,0.0790635999854624,2.14845830946434,0.633032255889434
765,"s(V1_pre_z)",10.1929013284819,0.0865841951996571,2.17829908968496,0.649836512989091
766,"s(V1_pre_z)",9.61079311974231,0.0831942964627815,2.1428706156042,0.636685411581209
767,"s(V1_pre_z)",9.19790875097859,0.0817398028698807,1.94368716894295,0.595232575376253
768,"s(V1_pre_z)",9.83872694304535,0.087263544344712,2.03071958700661,0.621432599435605
769,"s(V1_pre_z)",10.2600399771466,0.096527899727951,1.86960524691157,0.599755381923042
770,"s(V1_pre_z)",9.97173517953603,0.0862523309618628,2.07980593688044,0.62813763491992
771,"s(V1_pre_z)",9.55595154677799,0.0903111435712115,2.19353410325988,0.645583496792989
772,"s(V1_pre_z)",9.33820924687092,0.0835406854905959,2.01283917805678,0.613770253886425
773,"s(V1_pre_z)",9.54662330701909,0.0847799240944059,2.04007385410824,0.619963723747289
774,"s(V1_pre_z)",10.0998714855527,0.0850520392269377,2.176158897278,0.646642679398011
775,"s(V1_pre_z)",10.1738105393254,0.0876102717147646,2.24546207411254,0.660040174095329
776,"s(V1_pre_z)",9.62053064811368,0.0846417827588675,2.03424734044131,0.617558874441735
777,"s(V1_pre_z)",10.3013388791606,0.0926825653699305,2.19346310987704,0.656986369136457
778,"s(V1_pre_z)",8.72847483256561,0.0749721328687823,2.05770090873128,0.611111110838857
779,"s(V1_pre_z)",9.72550630714271,0.0831583638901982,2.12848935672145,0.633347256054683
780,"s(V1_pre_z)",9.98542450373789,0.10067242295216,2.19447928043265,0.646316698782093
781,"s(V1_pre_z)",9.42913967359107,0.0856098632621872,1.96221509526398,0.605584399663826
782,"s(V1_pre_z)",9.32445795923392,0.087414782741169,2.00146973351519,0.613848378612758
783,"s(V1_pre_z)",9.68121403754289,0.0827735976519606,2.12745339779876,0.635687126427721
784,"s(V1_pre_z)",9.35102527299022,0.084446598894744,1.99441417155971,0.605942784677328
785,"s(V1_pre_z)",9.21608812217773,0.0804099268220314,2.02838192555683,0.610931997871199
786,"s(V1_pre_z)",9.17850654780672,0.0802606074705148,2.0178137901255,0.607386493589277
787,"s(V1_pre_z)",9.89936640970866,0.0827257990815072,2.2030219442606,0.651601290548477
788,"s(V1_pre_z)",10.7437124072531,0.0912246065728608,2.27720078015219,0.675762130747965
789,"s(V1_pre_z)",9.80698973270031,0.0885070380899229,2.02924712847445,0.620677587845947
790,"s(V1_pre_z)",9.77029795914101,0.0986528989983822,2.17269931837278,0.63998415087585
791,"s(V1_pre_z)",9.08796045750472,0.0791966037318548,2.01448939339228,0.608212411064231
792,"s(V1_pre_z)",9.87619342914055,0.0847890070800367,2.16530694961484,0.640777447828494
793,"s(V1_pre_z)",9.45103498499027,0.0814149082278932,2.08661149169887,0.627338747698653
794,"s(V1_pre_z)",9.73178395198274,0.0837260339034013,2.10894032091715,0.63107597310584
795,"s(V1_pre_z)",9.85009939725291,0.0906921406718725,1.94821297416287,0.607040700974999
796,"s(V1_pre_z)",9.37368069586712,0.0813193318843518,2.04868500479545,0.616938660567282
797,"s(V1_pre_z)",9.75279393084293,0.0871641929884694,1.97298600403298,0.608704438269582
798,"s(V1_pre_z)",9.68284983603399,0.0882260022865138,1.93510677020522,0.602336234284253
799,"s(V1_pre_z)",9.77747094106815,0.085452896316944,2.03394012088954,0.618299792779808
800,"s(V1_pre_z)",9.74089695780035,0.081338940215844,2.16209402553358,0.640103502642899
801,"s(V1_pre_z)",10.490173639336,0.0873689903865056,2.25107393899742,0.664604819228532
802,"s(V1_pre_z)",8.97203193055902,0.0797551962583567,2.18749393585536,0.637421463419936
803,"s(V1_pre_z)",9.86756544017767,0.0847697469350207,2.19655328334442,0.648699773294874
804,"s(V1_pre_z)",9.84440975150581,0.0881614347467059,1.97111735584673,0.610015707621702
805,"s(V1_pre_z)",10.1425098923637,0.0882567438468065,2.14697247532055,0.647968471925173
806,"s(V1_pre_z)",9.95192642239645,0.086656142685624,2.17371243265844,0.646126866701003
807,"s(V1_pre_z)",10.4636952025814,0.0905236150250623,2.16509389404506,0.65161570156203
808,"s(V1_pre_z)",10.0375476793246,0.0890340625698869,2.14213631640999,0.641362909745572
809,"s(V1_pre_z)",9.45852253103847,0.0851653489543799,1.98132635872783,0.609356561066734
810,"s(V1_pre_z)",9.4887012903683,0.0854363160225079,1.95854380657844,0.60517890220015
811,"s(V1_pre_z)",9.38217050029594,0.0822788041201337,2.01884144784855,0.612037221611006
812,"s(V1_pre_z)",9.92143803936677,0.0838196932720227,2.18338646422431,0.648399209875434
813,"s(V1_pre_z)",10.0416506895861,0.0892992189143315,2.03698929851497,0.625324403083574
814,"s(V1_pre_z)",10.0107882228379,0.0906063288005565,2.03375981059187,0.624406526172757
815,"s(V1_pre_z)",9.88649280880272,0.0884986956875449,2.0079198786047,0.612920939130553
816,"s(V1_pre_z)",10.1225951008804,0.0926891448576862,2.01887445803292,0.621385695087211
817,"s(V1_pre_z)",9.282083175581,0.0798480203746242,2.04266971638261,0.613354597215868
818,"s(V1_pre_z)",9.55560827976638,0.0793926824935955,2.17271268800341,0.640472082733986
819,"s(V1_pre_z)",9.02515306688676,0.0811373464279649,1.86143389051785,0.578850735892571
820,"s(V1_pre_z)",9.61269301079841,0.0850078195305245,2.01268766685678,0.61246158609173
821,"s(V1_pre_z)",9.03713474094712,0.079188932477276,1.96423947797024,0.59529644836014
822,"s(V1_pre_z)",9.96871571602806,0.0854600054258737,2.13871968882775,0.637525641555063
823,"s(V1_pre_z)",9.80841813291365,0.0898160342995148,1.91020555590928,0.598737523404921
824,"s(V1_pre_z)",9.50601963131761,0.0860206319732483,1.93623906153622,0.602100958302421
825,"s(V1_pre_z)",9.5542221794725,0.0852980245203631,1.95525121380445,0.599410146730919
826,"s(V1_pre_z)",9.67393028027885,0.0818988474461746,2.1071307879452,0.632750834695852
827,"s(V1_pre_z)",9.41026812918397,0.0838559863811413,2.01372809186803,0.611986330657692
828,"s(V1_pre_z)",9.90075752737774,0.0839897788989365,2.14860929781838,0.637705454940112
829,"s(V1_pre_z)",9.89726035924472,0.0846895935141988,2.15665420065712,0.638841036502358
830,"s(V1_pre_z)",8.58922517832204,0.0766336111811763,1.87549895889025,0.578802224541225
831,"s(V1_pre_z)",9.58193962600497,0.0840583462913526,2.04137811313254,0.62082594987027
832,"s(V1_pre_z)",9.23081119042433,0.080717804575081,2.04149472526891,0.615440385255603
833,"s(V1_pre_z)",9.97137527731411,0.0848678277343485,2.12308766984594,0.634809647069434
834,"s(V1_pre_z)",10.4831989068567,0.0944387737325782,2.04732480259547,0.63147120930426
835,"s(V1_pre_z)",9.69509811533904,0.0819407402826096,2.12368048245505,0.631205648440892
836,"s(V1_pre_z)",9.26432143700221,0.0791951711806557,2.08180666935355,0.62186864747502
837,"s(V1_pre_z)",9.78994377053522,0.0858016754810191,2.07323841840035,0.622743478799705
838,"s(V1_pre_z)",9.95604894748373,0.0897310374685079,2.02616868795162,0.619294336365206
839,"s(V1_pre_z)",9.53489145499001,0.0857823237684975,2.00811556642016,0.615243992544369
840,"s(V1_pre_z)",9.73734678934015,0.0837879781531961,2.11402689149548,0.63309912598244
841,"s(V1_pre_z)",9.87162220786428,0.0870571593627738,2.0216161401573,0.617020166498815
842,"s(V1_pre_z)",9.34800036500315,0.0813627083606674,2.02884968259331,0.615982775898345
843,"s(V1_pre_z)",9.24950596061931,0.0831194763105808,2.02465913590115,0.61058583021674
844,"s(V1_pre_z)",9.38083926638863,0.0825834672133339,2.02037386849417,0.612917789655544
845,"s(V1_pre_z)",9.51295412798987,0.0823437744336912,2.05261487695509,0.617739415468118
846,"s(V1_pre_z)",9.40318241409295,0.0818949228594383,2.05674276875268,0.619850465101197
847,"s(V1_pre_z)",9.40592079394389,0.0895027493859307,1.79671973940432,0.574109630065999
848,"s(V1_pre_z)",9.25982099443073,0.0822366848618223,2.01247334337163,0.609420669637046
849,"s(V1_pre_z)",9.78150186339746,0.0826536101798205,2.15211464249535,0.637956472771769
850,"s(V1_pre_z)",9.85252697364546,0.0883707681324265,2.01590773260478,0.6209113821263
851,"s(V1_pre_z)",9.59010535837535,0.0815715563317201,2.09657181740962,0.626002766672479
852,"s(V1_pre_z)",10.3976105986894,0.0925091062194766,2.12168361762131,0.645878696139179
853,"s(V1_pre_z)",9.35636048340554,0.0831868800019004,1.9830879002179,0.606208373937549
854,"s(V1_pre_z)",9.81117644838128,0.0905395877457547,2.20600048847155,0.651728352384592
855,"s(V1_pre_z)",9.7556789562737,0.0854589875081562,2.0590580675074,0.623230486230285
856,"s(V1_pre_z)",9.31420172898827,0.0870203767170679,1.78788789995501,0.571213425240099
857,"s(V1_pre_z)",9.65210460198133,0.0829747742637179,2.09126922302173,0.628035723202416
858,"s(V1_pre_z)",10.0207712110514,0.0894944441740165,2.07004477948143,0.626088658493801
859,"s(V1_pre_z)",10.3740374005294,0.0873050056018351,2.21886089065648,0.655207517482066
860,"s(V1_pre_z)",9.33244215126591,0.080951546497897,2.14798494754902,0.633404076550431
861,"s(V1_pre_z)",9.01277880817676,0.0779863215564957,2.01075584852054,0.605275595726158
862,"s(V1_pre_z)",9.43908778081145,0.0862473626506428,1.90725474484524,0.595564112131395
863,"s(V1_pre_z)",9.3679003265801,0.0829308849860521,2.0209320672922,0.613509718919094
864,"s(V1_pre_z)",9.5624310909534,0.0805251427750492,2.15384400840782,0.63846087849374
865,"s(V1_pre_z)",9.76886668221724,0.0843818725710164,2.19836916089616,0.648643763666704
866,"s(V1_pre_z)",9.37232697288531,0.0781150621074009,2.11037218139828,0.623635436106851
867,"s(V1_pre_z)",9.76576686705103,0.0901734988338062,1.88877734137642,0.598243563602204
868,"s(V1_pre_z)",9.44738394817684,0.0824880877342303,1.99205002345102,0.603877373323458
869,"s(V1_pre_z)",8.920031482547,0.0746923875776728,2.09552307092788,0.616478743057196
870,"s(V1_pre_z)",10.3303948546471,0.0920887039899475,2.10800693206367,0.638541869268217
871,"s(V1_pre_z)",9.70206867182181,0.0840376553900152,2.14824126363156,0.640688312731857
872,"s(V1_pre_z)",9.45035368937385,0.0846265367574332,1.94762674823597,0.599224198271526
873,"s(V1_pre_z)",10.1889051669329,0.0879974700587823,2.19298345349997,0.65306210158663
874,"s(V1_pre_z)",9.84373981873988,0.0910896028900028,2.04874157983914,0.624960946151798
875,"s(V1_pre_z)",10.0064080962199,0.0744833947907141,2.21395150975492,0.652252327789394
876,"s(V1_pre_z)",10.5438855145397,0.0933384055609525,2.1480543921277,0.6540395873258
877,"s(V1_pre_z)",9.9846414409727,0.0952458945016371,1.9886889010137,0.616451323457273
878,"s(V1_pre_z)",10.163998337579,0.0882707801992804,2.15332316626069,0.646589607967507
879,"s(V1_pre_z)",8.87709374914655,0.0755333108752899,2.03529380861237,0.610244948897092
880,"s(V1_pre_z)",9.38964971876107,0.0841859426541178,2.01884541740795,0.612530804945836
881,"s(V1_pre_z)",9.93167634260058,0.0852418883551529,2.18741190704789,0.651357187507322
882,"s(V1_pre_z)",9.43097689345016,0.0806329168739155,2.07798036198929,0.622187330448444
883,"s(V1_pre_z)",9.7631439994132,0.0917705709041826,1.83222326090679,0.582390413218584
884,"s(V1_pre_z)",9.75147459025938,0.0822210881686084,2.18330680204809,0.645189415949923
885,"s(V1_pre_z)",10.2087821347815,0.0858570994799575,2.21889403555669,0.657961972722884
886,"s(V1_pre_z)",9.89742480334742,0.0861669290252281,2.15662916085689,0.642020037447301
887,"s(V1_pre_z)",9.54955683073103,0.0809284727731899,2.15260380846365,0.637053358933629
888,"s(V1_pre_z)",10.392070241711,0.0903160588272976,2.18054372890438,0.65473875966805
889,"s(V1_pre_z)",10.2858052217969,0.0885936767953754,2.177213037797,0.649311344392201
890,"s(V1_pre_z)",9.62839912471398,0.0878985273812286,2.17753367370016,0.644313781667545
891,"s(V1_pre_z)",10.2477031597817,0.0868900638489709,2.17361700993345,0.647919537470788
892,"s(V1_pre_z)",9.6468414696437,0.0828733213735004,2.1395073523963,0.636558682039854
893,"s(V1_pre_z)",9.68450165908085,0.0836816397022336,2.07794944407517,0.627783036693448
894,"s(V1_pre_z)",10.0167671680428,0.0917984106625785,1.95416126721193,0.609426461257758
895,"s(V1_pre_z)",9.8392367206201,0.0851759542498723,2.15088306511543,0.64480009117418
896,"s(V1_pre_z)",9.42163223970897,0.0820674317928301,2.05494450121295,0.621277866075556
897,"s(V1_pre_z)",9.95593424968923,0.0895911141210144,2.01784334933307,0.62099749324777
898,"s(V1_pre_z)",10.0472878329775,0.0846193272324861,2.22045510212777,0.657289986586729
899,"s(V1_pre_z)",9.33239378449141,0.0792035111669952,2.08465092111744,0.617146799720234
900,"s(V1_pre_z)",9.78397730443515,0.085297161408714,2.08273223646182,0.629634144892316
901,"s(V1_pre_z)",9.59707636832074,0.08389255910954,2.03967488439028,0.617653578190126
902,"s(V1_pre_z)",9.45045551925245,0.0825615946690015,2.00012557303687,0.607802948221752
903,"s(V1_pre_z)",10.264104986967,0.0850344893899722,2.23683813463503,0.657900180288546
904,"s(V1_pre_z)",9.8773678112497,0.0837848445819808,2.15519113496991,0.641506040221779
905,"s(V1_pre_z)",10.4788310395205,0.0907400654647707,2.1899607970958,0.654411468451608
906,"s(V1_pre_z)",10.2297457649837,0.0952495862341544,1.98410190769808,0.621799976379123
907,"s(V1_pre_z)",10.2003655112526,0.0883247654690431,2.22530516759878,0.65600292571292
908,"s(V1_pre_z)",9.80939420106795,0.0923733410020376,1.85561770048891,0.593138290124731
909,"s(V1_pre_z)",10.0250735895889,0.0916217233226388,2.10972616656375,0.63824434127467
910,"s(V1_pre_z)",9.62058737019422,0.0890635504281202,1.84613716323066,0.585748912763035
911,"s(V1_pre_z)",9.46607359110385,0.0857055548327768,1.9119576176792,0.593588498976827
912,"s(V1_pre_z)",9.60900233979544,0.0849409439800442,2.05913363493864,0.621032190850265
913,"s(V1_pre_z)",9.8187200092648,0.0883683676344583,2.06319758490853,0.62895566316744
914,"s(V1_pre_z)",9.94118099064548,0.0897350167386614,2.03308359246876,0.624477975400475
915,"s(V1_pre_z)",9.18727840100593,0.0776042208902338,2.0916084245746,0.621745322827581
916,"s(V1_pre_z)",9.5860577652542,0.0847592423954246,2.09555187524033,0.629705575735062
917,"s(V1_pre_z)",9.6481188888434,0.0851136121259584,2.07188120963241,0.623879001771839
918,"s(V1_pre_z)",9.65394232973458,0.0888859878109652,2.18533090121516,0.643718834728818
919,"s(V1_pre_z)",10.2992511926195,0.0922012890486248,2.08533387893625,0.63686035417428
920,"s(V1_pre_z)",10.3145451131138,0.0893117348571942,2.21027412201771,0.657357881742689
921,"s(V1_pre_z)",10.080137860697,0.0894892476303136,2.08617296397732,0.63193757074678
922,"s(V1_pre_z)",9.00328381997172,0.0835189321929357,1.84396222500971,0.576268715987434
923,"s(V1_pre_z)",9.75227716557131,0.0886809603873219,1.9628843068453,0.609366617405908
924,"s(V1_pre_z)",10.0752663419824,0.0907480513489159,2.05883727672004,0.624307072118593
925,"s(V1_pre_z)",8.83025963015769,0.077607805552502,2.0001122151223,0.602110598766448
926,"s(V1_pre_z)",10.163128189442,0.085111652011776,2.22643730682054,0.656088969096663
927,"s(V1_pre_z)",9.56501499106445,0.0830868132825737,2.11532358785283,0.634820501508035
928,"s(V1_pre_z)",9.28746407210382,0.0811321555006643,2.03098268333584,0.614095112613148
929,"s(V1_pre_z)",9.95800905023519,0.0853991610400047,2.19954249917522,0.655439183607834
930,"s(V1_pre_z)",9.50344629049384,0.0815672429795196,2.05717385189776,0.618533443999081
931,"s(V1_pre_z)",9.40200855912577,0.0876682705545632,1.88847594630444,0.595565535874593
932,"s(V1_pre_z)",9.80019247368739,0.0844359217715656,2.20390305751334,0.652271406144338
933,"s(V1_pre_z)",10.1702900839398,0.0897025739992951,2.15995332966825,0.652912703870135
934,"s(V1_pre_z)",9.28342605196146,0.0826036689537893,1.98186280941693,0.607923420707159
935,"s(V1_pre_z)",9.96452177878879,0.0873459292724418,2.18143660398403,0.647630672381871
936,"s(V1_pre_z)",9.67227136571002,0.0876295559751112,1.96959916719489,0.609123317740344
937,"s(V1_pre_z)",9.79390132702881,0.0876182563974819,1.99552031909355,0.610492106170741
938,"s(V1_pre_z)",9.93871480386889,0.084960970939844,2.14868914258501,0.640216392141045
939,"s(V1_pre_z)",9.2359005794225,0.0795590732403905,2.0595573182867,0.616090208237152
940,"s(V1_pre_z)",10.0691377402037,0.0874799082264857,2.25577370902691,0.660561139509492
941,"s(V1_pre_z)",9.9773502136752,0.08557017512311,2.10686845399798,0.632837242263025
942,"s(V1_pre_z)",9.61427626874526,0.0862310815644936,2.02031185546249,0.616987216733566
943,"s(V1_pre_z)",9.05205894472265,0.0814521182795423,1.95884967672661,0.598329933579782
944,"s(V1_pre_z)",9.50006107311283,0.087405223570492,1.96203763243079,0.607553279573768
945,"s(V1_pre_z)",9.476714864555,0.0804404780300623,2.13002861417573,0.631565858471008
946,"s(V1_pre_z)",9.62789056917937,0.0814384081895742,2.19793202991908,0.64709765487811
947,"s(V1_pre_z)",9.81678166375699,0.0834019277459191,2.10579105306637,0.631680495163479
948,"s(V1_pre_z)",9.69772484207046,0.082012565251197,2.18745571207709,0.645831289744305
949,"s(V1_pre_z)",9.10766510600766,0.0810147204352054,2.05644884048447,0.615320983483941
950,"s(V1_pre_z)",9.93923155322607,0.0936138702370282,2.04673781786373,0.626908621017388
951,"s(V1_pre_z)",9.44497684954176,0.086469048748802,1.99838672671827,0.608309360789844
952,"s(V1_pre_z)",10.3217688892454,0.0936551268602413,1.99870323888617,0.619949180415454
953,"s(V1_pre_z)",9.9868439682505,0.0903996459655723,2.10843624141949,0.636260836101877
954,"s(V1_pre_z)",9.67535592223984,0.0872303580630107,1.95912759123849,0.606414319496948
955,"s(V1_pre_z)",9.97827790476432,0.0858540398894837,2.18061806267212,0.64687154954257
956,"s(V1_pre_z)",9.65603141846023,0.081211339780851,2.15473583496386,0.638966460632399
957,"s(V1_pre_z)",9.05598741736373,0.0777121400002057,2.08219109384237,0.615155601081439
958,"s(V1_pre_z)",9.49784383850278,0.0801158974541193,2.11164279524715,0.626096446515796
959,"s(V1_pre_z)",9.45257244490119,0.0813025673482976,2.04623268911017,0.616171237826468
960,"s(V1_pre_z)",9.43424464750973,0.0911590771281732,2.10752062299662,0.635282636963106
961,"s(V1_pre_z)",9.33897354600574,0.0860819369868512,1.90401475937598,0.589583212652271
962,"s(V1_pre_z)",9.89010298286536,0.0851275202480392,2.14270396332247,0.64044719981548
963,"s(V1_pre_z)",10.1395755386571,0.0875132227422588,2.15440910853992,0.644381193055556
964,"s(V1_pre_z)",9.80663672962816,0.0860807407069215,2.07673415810833,0.628516435116017
965,"s(V1_pre_z)",9.40182303944169,0.0822007847977544,2.03226422058561,0.614329475998063
966,"s(V1_pre_z)",9.66314725879928,0.0880415768252056,1.99235033287844,0.613871335036209
967,"s(V1_pre_z)",10.2407820693466,0.0900955034050482,2.07691936652633,0.632068538888103
968,"s(V1_pre_z)",9.66863842209025,0.0836298857435056,2.05742510809783,0.622483675906191
969,"s(V1_pre_z)",9.9171563079644,0.0826631834784119,2.18422801103909,0.64536711986238
970,"s(V1_pre_z)",9.9147072178783,0.0862188542831027,2.13897855339162,0.640844267771337
971,"s(V1_pre_z)",9.71917566394783,0.0909257580616719,1.86100488732465,0.594712944805484
972,"s(V1_pre_z)",9.46559316747737,0.0848560668956083,1.89620838381858,0.586902860501587
973,"s(V1_pre_z)",10.2537397821786,0.0886424496972179,2.15442493715023,0.646316563627927
974,"s(V1_pre_z)",10.1973990260707,0.0858680341971058,2.27210128506234,0.668752626729856
975,"s(V1_pre_z)",9.75006558109638,0.0889703631869612,2.00796554066071,0.615035255801296
976,"s(V1_pre_z)",9.77532720728947,0.0846099657770176,2.12497824601698,0.635218445516249
977,"s(V1_pre_z)",10.7336218695855,0.0912540521351296,2.22728930758753,0.661609586330825
978,"s(V1_pre_z)",10.0186146830609,0.0889113164905206,2.01320210794749,0.615171372918083
979,"s(V1_pre_z)",9.88585713652698,0.083865100452558,2.16339595717786,0.645803678598534
980,"s(V1_pre_z)",10.612963115085,0.092071690732667,2.2015851650078,0.659333354040313
981,"s(V1_pre_z)",10.07580684412,0.08444121210427,2.20513955179696,0.652309786625799
982,"s(V1_pre_z)",9.01775925262929,0.0806194507645838,1.94009651622045,0.592822275860906
983,"s(V1_pre_z)",9.20363291136479,0.0778297335350597,2.07163208810664,0.617237566759107
984,"s(V1_pre_z)",10.0812113063434,0.087902531734877,2.13741996083773,0.640671058817897
985,"s(V1_pre_z)",9.28699928011766,0.0794718880746844,2.09904254104827,0.621144225008275
986,"s(V1_pre_z)",10.0425518339429,0.0851683777915259,2.20566838114364,0.649894618831488
987,"s(V1_pre_z)",9.5662592288439,0.0811493807603569,2.1154139504359,0.631920831542399
988,"s(V1_pre_z)",10.2320814456641,0.0888585588124603,2.13778439010896,0.643152874150815
989,"s(V1_pre_z)",10.5419072838052,0.0909326299738702,2.2322221967842,0.662193918785992
990,"s(V1_pre_z)",9.88875880325495,0.0897835528472267,1.99525907609349,0.616191277330676
991,"s(V1_pre_z)",10.2420311771445,0.0885931853543535,2.1803811936314,0.652307526734583
992,"s(V1_pre_z)",9.72907419323879,0.0821942633493145,2.128436741303,0.631187594346349
993,"s(V1_pre_z)",9.57267973385113,0.0852842671765838,2.00808999292899,0.612545969235141
994,"s(V1_pre_z)",9.58553958374364,0.0839804635818315,2.04575417030508,0.622098923637866
995,"s(V1_pre_z)",9.39569880691922,0.0830312557990907,2.01379590727076,0.612212203557459
996,"s(V1_pre_z)",9.80857477496272,0.0813829618686729,2.18304767576453,0.644170707137948
997,"s(V1_pre_z)",9.48605882318133,0.0845779585785439,1.98104359462698,0.609752748999256
998,"s(V1_pre_z)",10.0042320118385,0.0903885541366832,2.10588394785761,0.637896997872835
999,"s(V1_pre_z)",9.6264284232908,0.0839681962764831,2.0684877777256,0.626415619013272
1000,"s(V1_pre_z)",9.84042664216207,0.0889536619837451,2.01650534419468,0.621760989297201
